cell_id,zone_id,susceptibility_probability
2692,MEL_Z11,0.01318378255333882
2693,MEL_Z11,0.022547781927431714
2694,MEL_Z11,0.007330785786803874
2695,MEL_Z11,0.03674643612457404
2696,MEL_Z11,0.1446860344933294
2697,MEL_Z11,0.12318708465673396
2698,MEL_Z10,0.3975730317317005
2699,MEL_Z10,0.12929142313324943
2700,MEL_Z10,0.20077588745495523
2701,MEL_Z10,0.0905043017105149
2702,MEL_Z10,0.11937400325141603
2703,MEL_Z10,0.06800664421674965
2704,MEL_Z10,0.03833870011128185
2705,MEL_Z10,0.04095980221587542
2706,MEL_Z10,0.0017447411163604796
2707,MEL_Z10,0.0010379337510763853
2708,MEL_Z10,0.003904538090576062
2709,MEL_Z10,0.010444536040975737
2710,MEL_Z10,0.0072335733464369304
2711,MEL_Z10,0.003237604255679798
2712,MEL_Z10,0.05845907741046698
2713,MEL_Z10,0.24904126397721363
2714,MEL_Z10,0.3921861006848822
2715,MEL_Z10,0.03956747209492504
2716,MEL_Z10,0.0629954669606543
2717,MEL_Z09,0.01783622537235625
2718,MEL_Z09,0.18161306279573516
2719,MEL_Z09,0.006070881098442858
2720,MEL_Z09,0.17018253946732836
2721,MEL_Z09,0.08825967497565002
2722,MEL_Z09,0.021628169553038055
2723,MEL_Z09,0.12482746556454263
2724,MEL_Z09,0.08826973962906849
2725,MEL_Z09,0.03868116482393886
2726,MEL_Z09,0.09738079357307902
2727,MEL_Z09,0.06342177035427696
2728,MEL_Z09,0.043693517720260026
2729,MEL_Z09,0.0032001752135683765
2730,MEL_Z07,0.0169038002332391
2731,MEL_Z07,0.004630727784008487
2732,MEL_Z07,0.025262717746420537
2733,MEL_Z07,0.04907296998633015
2734,MEL_Z07,0.2998934347049499
2735,MEL_Z07,0.1522906965067965
2736,MEL_Z07,0.05427555631087414
2737,MEL_Z07,0.21829903089634956
2738,MEL_Z07,0.29652022194188793
2739,MEL_Z07,0.007182372880637288
2740,MEL_Z07,0.07495796383699951
2741,MEL_Z07,0.0040897981866611635
2742,MEL_Z07,0.008737499360466795
2743,MEL_Z07,0.018918624338872873
2744,MEL_Z07,0.016437499360466786
2745,MEL_Z07,0.0029276473999656355
2746,MEL_Z07,0.001335818714215701
2747,MEL_Z07,0.00671709728955482
2753,MEL_Z06,0.006860899741885656
2754,MEL_Z06,0.046465945035336804
2755,MEL_Z06,0.0026745559950867573
2756,MEL_Z06,0.046831613909086016
2757,MEL_Z06,0.26671325990440786
2758,MEL_Z06,0.47342051614209535
2759,MEL_Z06,0.3865293209978554
2779,MEL_Z05,0.2301099201585675
2780,MEL_Z04,0.27684605335607976
2781,MEL_Z04,0.13622788912766723
2782,MEL_Z04,0.3723756595210496
2783,MEL_Z04,0.25621104281709006
2784,MEL_Z04,0.21057584856089426
2785,MEL_Z04,0.5843429934065624
2786,MEL_Z04,0.7309144457808635
2787,MEL_Z04,0.8545491286108772
2788,MEL_Z04,0.21111904758929026
2789,MEL_Z04,0.06896561218913667
2790,MEL_Z04,0.3672265144011144
2791,MEL_Z04,0.2720268415618971
2792,MEL_Z04,0.7153800277057396
2793,MEL_Z04,0.8508479374445426
2794,MEL_Z04,0.12496229604867669
2795,MEL_Z04,0.634152757855061
2796,MEL_Z04,0.9345865452497555
2797,MEL_Z04,0.9497207266647095
2798,MEL_Z03,0.8992088309073869
2799,MEL_Z03,0.8736301018478329
2800,MEL_Z03,0.6000656492872023
2801,MEL_Z03,0.2725490843622356
2802,MEL_Z03,0.4607866820466802
2803,MEL_Z03,0.9004363218167679
2804,MEL_Z03,0.8469802676741932
2805,MEL_Z03,0.29040906604342354
2806,MEL_Z03,0.1695900478972186
2841,MEL_Z11,0.14037982541193406
2842,MEL_Z11,0.01410631584581221
2843,MEL_Z11,0.05130643346595401
2844,MEL_Z11,0.05420192993640183
2845,MEL_Z11,0.30146119969065904
2846,MEL_Z11,0.7143251185201205
2847,MEL_Z10,0.806967436564007
2848,MEL_Z10,0.21093668217717929
2849,MEL_Z10,0.11674115321977341
2850,MEL_Z10,0.02529435025109288
2851,MEL_Z10,0.018343891114490692
2852,MEL_Z10,0.003102465906139607
2853,MEL_Z10,0.006213761333718955
2854,MEL_Z10,0.022813025513095123
2855,MEL_Z10,0.00458200896436714
2856,MEL_Z10,0.11686202129485099
2857,MEL_Z10,0.044253384332254696
2858,MEL_Z10,0.012120983729184598
2859,MEL_Z10,0.014593195861379664
2860,MEL_Z10,0.009485327086843793
2861,MEL_Z10,0.011070327229470111
2862,MEL_Z10,0.08587610981484718
2863,MEL_Z10,0.4174314270241285
2864,MEL_Z10,0.04486645370640881
2865,MEL_Z10,0.014277361894532875
2866,MEL_Z09,0.011797744358967
2867,MEL_Z09,0.0366044140022052
2868,MEL_Z09,0.074170820627099
2869,MEL_Z09,0.11501906035089521
2870,MEL_Z09,0.0916447471695993
2871,MEL_Z09,0.02696712485372054
2872,MEL_Z09,0.10875394364124895
2873,MEL_Z09,0.04951796467823968
2874,MEL_Z09,0.1536317591189329
2875,MEL_Z09,0.03668475917133819
2876,MEL_Z09,0.007700370896443154
2877,MEL_Z09,0.000923284069547723
2878,MEL_Z09,0.05796153352815082
2879,MEL_Z07,0.06133015627138489
2880,MEL_Z07,0.03953293348817379
2881,MEL_Z07,0.0011898945353901107
2882,MEL_Z07,0.006321449157466788
2883,MEL_Z07,0.009464145340240435
2884,MEL_Z07,0.02750843589089383
2885,MEL_Z07,0.027624017282611837
2886,MEL_Z07,0.17319817291874817
2887,MEL_Z07,0.6875695553069675
2888,MEL_Z07,0.07240465761673005
2889,MEL_Z07,0.006090373504695745
2890,MEL_Z07,0.04863851286787527
2891,MEL_Z07,0.014771710396127935
2892,MEL_Z07,0.018453019767559344
2893,MEL_Z07,0.019864761635963298
2894,MEL_Z07,0.0012737953644471533
2895,MEL_Z07,0.02923272602021819
2896,MEL_Z07,0.08799151305591658
2897,MEL_Z07,0.3060950123951022
2898,MEL_Z07,0.0493549739144107
2899,MEL_Z07,0.06685272601478862
2900,MEL_Z07,0.14293381804768074
2901,MEL_Z06,0.005651826472715784
2902,MEL_Z06,0.030544773851123936
2903,MEL_Z06,0.0050803232161689285
2904,MEL_Z06,0.01770890569690213
2905,MEL_Z06,0.011548313246561857
2906,MEL_Z06,0.04100593948953468
2907,MEL_Z06,0.5032963132117136
2908,MEL_Z06,0.39019882534011263
2909,MEL_Z06,0.421335417413889
2910,MEL_Z06,0.5076359626936469
2927,MEL_Z05,0.2876317306137937
2928,MEL_Z05,0.20763938035502916
2929,MEL_Z04,0.06418747325386748
2930,MEL_Z04,0.053208605030540014
2931,MEL_Z04,0.18152428107021806
2932,MEL_Z04,0.13794765352261715
2933,MEL_Z04,0.9015798840031197
2934,MEL_Z04,0.8852834242495435
2935,MEL_Z04,0.6196648504287209
2936,MEL_Z04,0.7420588169452318
2937,MEL_Z04,0.12879820544164816
2938,MEL_Z04,0.16245594977305935
2939,MEL_Z04,0.8061788997092235
2940,MEL_Z04,0.703632363356012
2941,MEL_Z04,0.6394852570302864
2942,MEL_Z04,0.9000965277365748
2943,MEL_Z04,0.9419753491200831
2944,MEL_Z04,0.8690754293712204
2945,MEL_Z04,0.9221400626088605
2946,MEL_Z04,0.5575560845217997
2947,MEL_Z03,0.6676053564903566
2948,MEL_Z03,0.8632654823060583
2949,MEL_Z03,0.4707440441523751
2950,MEL_Z03,0.30069709689758534
2951,MEL_Z03,0.5306813127798221
2952,MEL_Z03,0.8836151878682755
2953,MEL_Z03,0.9420228447700998
2954,MEL_Z03,0.3158445959805887
2955,MEL_Z03,0.08199396923383215
2956,MEL_Z01,0.38232825744323806
2957,MEL_Z01,0.18306138247376025
2958,MEL_Z01,0.515803648339387
2959,MEL_Z01,0.5076280959255574
2960,MEL_Z01,0.45389594505471526
2970,MEL_Z01,0.013043998264017238
2971,MEL_Z01,0.023272248450797024
2990,MEL_Z11,0.06072850175456751
2991,MEL_Z11,0.048608569301484814
2992,MEL_Z11,0.029890993465213216
2993,MEL_Z11,0.057796178746253514
2994,MEL_Z11,0.14743246564141596
2995,MEL_Z11,0.10747995014538446
2996,MEL_Z10,0.7775353804449582
2997,MEL_Z10,0.734137634008883
2998,MEL_Z10,0.11965944633419094
2999,MEL_Z10,0.013934839169643956
3000,MEL_Z10,0.054428887601929515
3001,MEL_Z10,0.05205037979953001
3002,MEL_Z10,0.06173336907996563
3003,MEL_Z10,0.2632212618635538
3004,MEL_Z10,0.2368971308485392
3005,MEL_Z10,0.04668986522409495
3006,MEL_Z10,0.1446706548673283
3007,MEL_Z10,0.006029740115530827
3008,MEL_Z10,0.006848252805720985
3009,MEL_Z10,0.013714111785502118
3010,MEL_Z10,0.08052936231785522
3011,MEL_Z10,0.4045985642457487
3012,MEL_Z10,0.06258441931042191
3013,MEL_Z10,0.015163402293519476
3014,MEL_Z10,0.0947852254209883
3015,MEL_Z09,0.05651264117605564
3016,MEL_Z09,0.07959789516762383
3017,MEL_Z09,0.2706183954103371
3018,MEL_Z09,0.39023512936915256
3019,MEL_Z09,0.06427736527513954
3020,MEL_Z09,0.07550091112615644
3021,MEL_Z09,0.07300366659111095
3022,MEL_Z09,0.11038896778395545
3023,MEL_Z09,0.02232949824505166
3024,MEL_Z09,0.017688885922973987
3025,MEL_Z09,0.004130092445220937
3026,MEL_Z09,0.03552825748351691
3027,MEL_Z09,0.015229819044270952
3028,MEL_Z07,0.03232169968514015
3029,MEL_Z07,0.046355384490739795
3030,MEL_Z07,0.0028228337853636295
3031,MEL_Z07,0.002509753861071438
3032,MEL_Z07,0.005726669573426165
3033,MEL_Z07,0.10746088422111645
3034,MEL_Z07,0.17269075235229348
3035,MEL_Z07,0.5389400139466068
3036,MEL_Z07,0.7116796390973746
3037,MEL_Z07,0.2133144334600128
3038,MEL_Z07,0.02232698236909157
3039,MEL_Z07,0.04228847368537986
3040,MEL_Z07,0.0038525162430331434
3041,MEL_Z07,0.01732218041187402
3042,MEL_Z07,0.013531639017546563
3043,MEL_Z07,0.005428830185655426
3044,MEL_Z07,0.008259245782552993
3045,MEL_Z07,0.07418704593880539
3046,MEL_Z07,0.06951638521367605
3047,MEL_Z07,0.029973400670581747
3048,MEL_Z07,0.03236457127776469
3049,MEL_Z07,0.05913763717235102
3050,MEL_Z06,0.13891369469302087
3051,MEL_Z06,0.07400928551783047
3052,MEL_Z06,0.00042586105726080545
3053,MEL_Z06,0.03878942190913834
3054,MEL_Z06,0.4256518135645756
3055,MEL_Z06,0.22943968473301832
3056,MEL_Z06,0.23393077698319734
3057,MEL_Z06,0.844571354276383
3058,MEL_Z06,0.3896994058223472
3059,MEL_Z06,0.4059565538862439
3060,MEL_Z06,0.4552044068832285
3061,MEL_Z06,0.076103189028535
3062,MEL_Z06,0.12642999669204993
3063,MEL_Z05,0.02121060680233009
3064,MEL_Z05,0.40961104447733554
3065,MEL_Z05,0.14215261040875968
3074,MEL_Z05,0.1576336362668063
3075,MEL_Z05,0.2651764338379398
3076,MEL_Z05,0.212131141481079
3077,MEL_Z05,0.15336597147934272
3078,MEL_Z04,0.15776126430738446
3079,MEL_Z04,0.5287613367794847
3080,MEL_Z04,0.6891634681529656
3081,MEL_Z04,0.5163125906873096
3082,MEL_Z04,0.7809491941867575
3083,MEL_Z04,0.9200219393373431
3084,MEL_Z04,0.772696730953124
3085,MEL_Z04,0.1967778945842404
3086,MEL_Z04,0.15016797181732727
3087,MEL_Z04,0.5559159062487665
3088,MEL_Z04,0.9458671947026077
3089,MEL_Z04,0.30753425507440374
3090,MEL_Z04,0.9350017781195497
3091,MEL_Z04,0.8977291903501698
3092,MEL_Z04,0.5183325451950477
3093,MEL_Z04,0.24579037727168662
3094,MEL_Z04,0.6395970178360847
3095,MEL_Z03,0.7301812932312532
3096,MEL_Z03,0.714241590364843
3097,MEL_Z03,0.54907700046295
3098,MEL_Z03,0.3911205728878373
3099,MEL_Z03,0.8934177318866238
3100,MEL_Z03,0.9395466211169963
3101,MEL_Z03,0.3333790302338516
3102,MEL_Z03,0.5777023353367713
3103,MEL_Z03,0.5861243489413757
3104,MEL_Z03,0.2364307008034529
3105,MEL_Z01,0.5114494315703773
3106,MEL_Z01,0.762866172849372
3107,MEL_Z01,0.869488674386157
3108,MEL_Z01,0.4850192720252338
3109,MEL_Z01,0.5001823051876014
3116,MEL_Z01,0.0029680735930735927
3117,MEL_Z01,0.01541374458874459
3118,MEL_Z01,0.0090208211143695
3119,MEL_Z01,0.0017617243867243868
3120,MEL_Z01,0.004009346603437261
3121,MEL_Z01,0.03093132758776222
3138,MEL_Z11,0.1257028181770523
3139,MEL_Z11,0.04417492344525254
3140,MEL_Z11,0.029553412611307874
3141,MEL_Z11,0.024666652835378645
3142,MEL_Z11,0.03318274161413967
3143,MEL_Z11,0.01828871598380754
3144,MEL_Z11,0.06804995244626667
3145,MEL_Z11,0.16717115067099791
3146,MEL_Z10,0.03889664717398803
3147,MEL_Z10,0.1486193978504327
3148,MEL_Z10,0.11489959067191716
3149,MEL_Z10,0.33831821313232874
3150,MEL_Z10,0.006472031878395313
3151,MEL_Z10,0.06734693193992505
3152,MEL_Z10,0.08622545495529482
3153,MEL_Z10,0.007378287113349438
3154,MEL_Z10,0.018690923190588543
3155,MEL_Z10,0.016658651948852393
3156,MEL_Z10,0.011760947164899883
3157,MEL_Z10,0.01841469125181738
3158,MEL_Z10,0.0056517766182842925
3159,MEL_Z10,0.025697840091249008
3160,MEL_Z10,0.11132651405724872
3161,MEL_Z10,0.270650399555848
3162,MEL_Z10,0.058250308321113636
3163,MEL_Z10,0.015919494370908577
3164,MEL_Z09,0.034797440135714
3165,MEL_Z09,0.017544246356027707
3166,MEL_Z09,0.06401376905475166
3167,MEL_Z09,0.08107769826510346
3168,MEL_Z09,0.046165460239760904
3169,MEL_Z09,0.03483958665192307
3170,MEL_Z09,0.03339043209931041
3171,MEL_Z09,0.02282201528667404
3172,MEL_Z09,0.039521859769235466
3173,MEL_Z09,0.06032620615763689
3174,MEL_Z09,0.007513615230853604
3175,MEL_Z09,0.02107616317935959
3176,MEL_Z09,0.03824955536224368
3177,MEL_Z09,0.003904538090576062
3178,MEL_Z07,0.02833028080768637
3179,MEL_Z07,0.016443357723510653
3180,MEL_Z07,0.002725865702166231
3181,MEL_Z07,0.05995163327761914
3182,MEL_Z07,0.0692359474991691
3183,MEL_Z07,0.010455804443830345
3184,MEL_Z07,0.12292312150493455
3185,MEL_Z07,0.04650983767244784
3186,MEL_Z07,0.6856918269772626
3187,MEL_Z07,0.701628462305163
3188,MEL_Z07,0.15568107859286176
3189,MEL_Z07,0.03512514976539737
3190,MEL_Z07,0.05794257676039088
3191,MEL_Z07,0.003408651855954352
3192,MEL_Z07,0.0012347773380767236
3193,MEL_Z07,0.05129896780976534
3194,MEL_Z07,0.10773676821106769
3195,MEL_Z07,0.03318916734137035
3196,MEL_Z07,0.00567864496469838
3197,MEL_Z07,0.022409011159934957
3198,MEL_Z07,0.10006954992061948
3199,MEL_Z06,0.00845672834965737
3200,MEL_Z06,0.003809366551110541
3201,MEL_Z06,0.0007335068997903689
3202,MEL_Z06,0.03570414046207574
3203,MEL_Z06,0.06901334192688173
3204,MEL_Z06,0.24931077558137124
3205,MEL_Z06,0.788796430910715
3206,MEL_Z06,0.3593902988504196
3207,MEL_Z06,0.2416539609013741
3208,MEL_Z06,0.3918353320534495
3209,MEL_Z06,0.03658800398292254
3210,MEL_Z06,0.01285116119603166
3211,MEL_Z06,0.022593682630022562
3212,MEL_Z05,0.12838897155577558
3213,MEL_Z05,0.052140826541709526
3214,MEL_Z05,0.07892355270714313
3215,MEL_Z05,0.015438104702294175
3216,MEL_Z05,0.018798399103857975
3217,MEL_Z05,0.3835270663850807
3218,MEL_Z05,0.031019674454450603
3219,MEL_Z05,0.20497934476307403
3220,MEL_Z05,0.15955876236478161
3221,MEL_Z05,0.1949954767082228
3222,MEL_Z05,0.16236706841339543
3223,MEL_Z05,0.11089905082969347
3224,MEL_Z05,0.17209129831129866
3225,MEL_Z05,0.19146849542717964
3226,MEL_Z05,0.2298032264327435
3227,MEL_Z04,0.25657470839165725
3228,MEL_Z04,0.19828608662506214
3229,MEL_Z04,0.42944266624188193
3230,MEL_Z04,0.11547373122732811
3231,MEL_Z04,0.4037399102582759
3232,MEL_Z04,0.8836647314117084
3233,MEL_Z04,0.7322051672860784
3234,MEL_Z04,0.2878505412038891
3235,MEL_Z04,0.4131822731594663
3236,MEL_Z04,0.11062184352159045
3237,MEL_Z04,0.5086753207433815
3238,MEL_Z04,0.26827162890601325
3239,MEL_Z04,0.9092755961062036
3240,MEL_Z04,0.34583175710027747
3241,MEL_Z04,0.4023156873431971
3242,MEL_Z04,0.47738447761815067
3243,MEL_Z04,0.6041657349916539
3244,MEL_Z03,0.7331804426303923
3245,MEL_Z03,0.6363105137237903
3246,MEL_Z03,0.7554436473353461
3247,MEL_Z03,0.3844010777356697
3248,MEL_Z03,0.8070162039258029
3249,MEL_Z03,0.9347919372814238
3250,MEL_Z03,0.892099948510448
3251,MEL_Z03,0.7686677265598523
3252,MEL_Z03,0.6341521225048358
3253,MEL_Z03,0.6683665782323212
3254,MEL_Z01,0.6235546325957155
3255,MEL_Z01,0.7694095230640883
3256,MEL_Z01,0.7479937544798849
3257,MEL_Z01,0.6575756241406309
3258,MEL_Z01,0.540169482304471
3259,MEL_Z01,0.17110616510500085
3262,MEL_Z01,0.015284228295423741
3263,MEL_Z01,0.021659360352908743
3264,MEL_Z01,0.0375109725188106
3265,MEL_Z01,0.007621841141186215
3266,MEL_Z01,0.04235242808122681
3267,MEL_Z01,0.03130245305625178
3268,MEL_Z01,0.0057701317394768135
3269,MEL_Z01,0.04128149616368229
3270,MEL_Z01,0.240173901764323
3271,MEL_Z01,0.1690907710736739
3285,MEL_Z11,0.011316892699215781
3286,MEL_Z11,0.020052506573647842
3287,MEL_Z11,0.09407931416680909
3288,MEL_Z11,0.10400352147779333
3289,MEL_Z11,0.07949756726773145
3290,MEL_Z11,0.04934990791285561
3291,MEL_Z11,0.04606307090148166
3292,MEL_Z11,0.058796880453839594
3293,MEL_Z11,0.07810490551928204
3294,MEL_Z11,0.10763082237462074
3295,MEL_Z10,0.20541266664036184
3296,MEL_Z10,0.2780275711087964
3297,MEL_Z10,0.10676551479754282
3298,MEL_Z10,0.21075082620298008
3299,MEL_Z10,0.012828300066119258
3300,MEL_Z10,0.15527217840465862
3301,MEL_Z10,0.007448855062746491
3302,MEL_Z10,0.05933673481201398
3303,MEL_Z10,0.0959675062982849
3304,MEL_Z10,0.00981119582446189
3305,MEL_Z10,0.05565186541262949
3306,MEL_Z10,0.015885385334931185
3307,MEL_Z10,0.009762146530921978
3308,MEL_Z10,0.04131120952257948
3309,MEL_Z10,0.8173537033685045
3310,MEL_Z10,0.7026241550883245
3311,MEL_Z10,0.008638758946188508
3312,MEL_Z10,0.014184700977308963
3313,MEL_Z09,0.007042644556716472
3314,MEL_Z09,0.06639205438848579
3315,MEL_Z09,0.011010097236401301
3316,MEL_Z09,0.1104398291066098
3317,MEL_Z09,0.036035899765944596
3318,MEL_Z09,0.002237861125667867
3319,MEL_Z09,0.002133795941574365
3320,MEL_Z09,0.034045510600233246
3321,MEL_Z09,0.038592120263760306
3322,MEL_Z09,0.03344337926652968
3323,MEL_Z09,0.02756030960261461
3324,MEL_Z09,0.10845948232881589
3325,MEL_Z09,0.02145888182105322
3326,MEL_Z09,0.00673909885287771
3327,MEL_Z07,0.045960798856707605
3328,MEL_Z07,0.029032776674586203
3329,MEL_Z07,0.02241807179819317
3330,MEL_Z07,0.043153219845060285
3331,MEL_Z07,0.7027571231446234
3332,MEL_Z07,0.3091060070265467
3333,MEL_Z07,0.15474517443182353
3334,MEL_Z07,0.02658609216542955
3335,MEL_Z07,0.07735681359730093
3336,MEL_Z07,0.10830800289817155
3337,MEL_Z07,0.1111419391225906
3338,MEL_Z07,0.029278992652959024
3339,MEL_Z07,0.015126031330073581
3340,MEL_Z07,0.00338441408158177
3341,MEL_Z07,0.0019204134464190928
3342,MEL_Z07,0.07651992336212997
3343,MEL_Z07,0.07371712246891864
3344,MEL_Z07,0.028421916507620635
3345,MEL_Z07,0.005040299478002381
3346,MEL_Z07,0.006817111967066716
3347,MEL_Z07,0.0035287668775968923
3348,MEL_Z06,0.001180930954416467
3349,MEL_Z06,0.004643815402657492
3350,MEL_Z06,0.002239097670862479
3351,MEL_Z06,0.036670143037545525
3352,MEL_Z06,0.11655859430412908
3353,MEL_Z06,0.19183468951625826
3354,MEL_Z06,0.6763127445647267
3355,MEL_Z06,0.2722155090632705
3356,MEL_Z06,0.3990412922804685
3357,MEL_Z06,0.17567777744752222
3358,MEL_Z06,0.040961518440110894
3359,MEL_Z06,0.017264873648409538
3360,MEL_Z06,0.056910522890826515
3361,MEL_Z05,0.23957986432938402
3362,MEL_Z05,0.10241108100990859
3363,MEL_Z05,0.09418758735342982
3364,MEL_Z05,0.04286555780474727
3365,MEL_Z05,0.09670006910267812
3366,MEL_Z05,0.5224485836750874
3367,MEL_Z05,0.1400607877662188
3368,MEL_Z05,0.06757555218183131
3369,MEL_Z05,0.04643613000999715
3370,MEL_Z05,0.19401210663258847
3371,MEL_Z05,0.1850361976750323
3372,MEL_Z05,0.36964676721757234
3373,MEL_Z05,0.15587927381101235
3374,MEL_Z05,0.20851203104812674
3375,MEL_Z04,0.34403612326901767
3376,MEL_Z04,0.6370451631125731
3377,MEL_Z04,0.14756072333333367
3378,MEL_Z04,0.5127102924846152
3379,MEL_Z04,0.11379407985496666
3380,MEL_Z04,0.3274507792896041
3381,MEL_Z04,0.7338758197050214
3382,MEL_Z04,0.035735797750848605
3383,MEL_Z04,0.04676886174253904
3384,MEL_Z04,0.09803853770809051
3385,MEL_Z04,0.15789301091120314
3386,MEL_Z04,0.20535352246571603
3387,MEL_Z04,0.19289619509077313
3388,MEL_Z04,0.34030615836374667
3389,MEL_Z04,0.31075973134360846
3390,MEL_Z04,0.27914176985641737
3391,MEL_Z04,0.4285516077824991
3392,MEL_Z04,0.4723279169124327
3393,MEL_Z03,0.7074113234630333
3394,MEL_Z03,0.3961789217078064
3395,MEL_Z03,0.8633556811809157
3396,MEL_Z03,0.8910561553808847
3397,MEL_Z03,0.9417624367267883
3398,MEL_Z03,0.9337672257624952
3399,MEL_Z03,0.9498854095923405
3400,MEL_Z03,0.5224510126826489
3401,MEL_Z03,0.6821951059013686
3402,MEL_Z03,0.7649318017228572
3403,MEL_Z03,0.9331032840190217
3404,MEL_Z01,0.8270905471764884
3405,MEL_Z01,0.1693010313324288
3406,MEL_Z01,0.6422563456500047
3407,MEL_Z01,0.6267954396860427
3408,MEL_Z01,0.19925156439277952
3409,MEL_Z01,0.09011502264283366
3410,MEL_Z01,0.019506035631035635
3411,MEL_Z01,0.021996672157683913
3412,MEL_Z01,0.015043998264017238
3413,MEL_Z01,0.012506168831168828
3414,MEL_Z01,0.1430458816381722
3415,MEL_Z01,0.23111703887533305
3416,MEL_Z01,0.0712697877657623
3417,MEL_Z01,0.025660775414771783
3418,MEL_Z01,0.09486373149122462
3419,MEL_Z01,0.2837848207162064
3420,MEL_Z01,0.21574337664990637
3421,MEL_Z01,0.046937406417387265
3422,MEL_Z01,0.06132519064940876
3434,MEL_Z11,0.03621370777977897
3435,MEL_Z11,0.05926801605841066
3436,MEL_Z11,0.41953764186452036
3437,MEL_Z11,0.018026314737150075
3438,MEL_Z11,0.006029806580132878
3439,MEL_Z11,0.009315192723365992
3440,MEL_Z11,0.0144917335495416
3441,MEL_Z11,0.05610594274562317
3442,MEL_Z11,0.08019461007777709
3443,MEL_Z11,0.21489362621703909
3444,MEL_Z10,0.42611934129093004
3445,MEL_Z10,0.4109598874941746
3446,MEL_Z10,0.08530657760191168
3447,MEL_Z10,0.03212253037558684
3448,MEL_Z10,0.0516630950203609
3449,MEL_Z10,0.04204131301730917
3450,MEL_Z10,0.031124688285148857
3451,MEL_Z10,0.00284020111616383
3452,MEL_Z10,0.013212483186400208
3453,MEL_Z10,0.007390790726169799
3454,MEL_Z10,0.16487933965273296
3455,MEL_Z10,0.03751748350400088
3456,MEL_Z10,0.03814090044647601
3457,MEL_Z10,0.30021761416989073
3458,MEL_Z10,0.6807166556024962
3459,MEL_Z10,0.5658438517900921
3460,MEL_Z10,0.06469398400934286
3461,MEL_Z10,0.19481667783356435
3462,MEL_Z09,0.06682069837370777
3463,MEL_Z09,0.1229198694359464
3464,MEL_Z09,0.09973296898109502
3465,MEL_Z09,0.09631295790076222
3466,MEL_Z09,0.008855489292654258
3467,MEL_Z09,0.0037945543907056557
3468,MEL_Z09,0.1397876854469897
3469,MEL_Z09,0.009668543117341534
3470,MEL_Z09,0.10688282723138197
3471,MEL_Z09,0.043539079735936306
3472,MEL_Z09,0.007718961775820028
3473,MEL_Z09,0.037930413335112156
3474,MEL_Z09,0.20070041713324896
3475,MEL_Z09,0.07322317394039096
3476,MEL_Z07,0.010182385591854486
3477,MEL_Z07,0.009772669190744735
3478,MEL_Z07,0.005210898324895607
3479,MEL_Z07,0.01013417609998144
3480,MEL_Z07,0.008756320664659888
3481,MEL_Z07,0.20198325209357326
3482,MEL_Z07,0.06144328292103111
3483,MEL_Z07,0.01021149616685264
3484,MEL_Z07,0.03092326057313406
3485,MEL_Z07,0.031240743492608938
3486,MEL_Z07,0.025307019913768332
3487,MEL_Z07,0.022141268033560257
3488,MEL_Z07,0.07682501872567368
3489,MEL_Z07,0.05418065475581423
3490,MEL_Z07,0.05645217561716713
3491,MEL_Z07,0.018618338682352804
3492,MEL_Z07,0.01937754722015669
3493,MEL_Z07,0.01906014952693924
3494,MEL_Z07,0.01516358765931656
3495,MEL_Z07,0.015987082397989762
3496,MEL_Z07,0.003632184957320526
3497,MEL_Z06,0.021399769970224018
3498,MEL_Z06,0.014349260157284972
3499,MEL_Z06,0.007643936533652614
3500,MEL_Z06,0.034596839474077073
3501,MEL_Z06,0.25253856078242026
3502,MEL_Z06,0.2009449965928204
3503,MEL_Z06,0.29647593576469405
3504,MEL_Z06,0.23931760789955558
3505,MEL_Z06,0.6478734589358007
3506,MEL_Z06,0.06841903529619428
3507,MEL_Z06,0.008095656939732706
3508,MEL_Z06,0.04585404528708363
3509,MEL_Z06,0.6770793747741956
3510,MEL_Z05,0.12539339458394444
3511,MEL_Z05,0.2574801875191536
3512,MEL_Z05,0.13791580831033726
3513,MEL_Z05,0.048426723257616835
3514,MEL_Z05,0.17942336933044814
3515,MEL_Z05,0.1703665292317555
3516,MEL_Z05,0.22612882014391628
3517,MEL_Z05,0.13292142925470812
3518,MEL_Z05,0.13255198125816936
3519,MEL_Z05,0.5791673288132246
3520,MEL_Z05,0.4025164310247746
3521,MEL_Z05,0.031144148213227512
3522,MEL_Z05,0.1839506540859059
3523,MEL_Z05,0.08810636613940007
3524,MEL_Z04,0.05731972565490787
3525,MEL_Z04,0.3036615257010329
3526,MEL_Z04,0.23395064192694967
3527,MEL_Z04,0.24354597384627077
3528,MEL_Z04,0.10571057460139101
3529,MEL_Z04,0.048262824640212115
3530,MEL_Z04,0.04119883215989896
3531,MEL_Z04,0.04763753051331331
3532,MEL_Z04,0.17644003587803334
3533,MEL_Z04,0.030271797507333914
3534,MEL_Z04,0.12183953532800422
3535,MEL_Z04,0.08471660135764761
3536,MEL_Z04,0.2034279198036791
3537,MEL_Z04,0.2784345281637565
3538,MEL_Z04,0.3337376829333108
3539,MEL_Z04,0.7275717794572691
3540,MEL_Z04,0.30427777372939097
3541,MEL_Z03,0.7312149407759286
3542,MEL_Z03,0.7019905619930412
3543,MEL_Z03,0.348599570368554
3544,MEL_Z03,0.45776567819172387
3545,MEL_Z03,0.9219918310055609
3546,MEL_Z03,0.6615773949754405
3547,MEL_Z03,0.9505566157907561
3548,MEL_Z03,0.9513586109253065
3549,MEL_Z03,0.9135954104567707
3550,MEL_Z03,0.8626277863837587
3551,MEL_Z03,0.7427505258016145
3552,MEL_Z03,0.8497735288288352
3553,MEL_Z01,0.33479755197009564
3554,MEL_Z01,0.6877148919244468
3555,MEL_Z01,0.6952732290365952
3556,MEL_Z01,0.4395174272526564
3557,MEL_Z01,0.02951106439464299
3558,MEL_Z01,0.0069771250381367896
3559,MEL_Z01,0.006666868627880381
3560,MEL_Z01,0.017654789654789657
3561,MEL_Z01,0.005664183377009465
3562,MEL_Z01,0.01588596681096681
3563,MEL_Z01,0.11886143644846277
3564,MEL_Z01,0.25047242354821675
3565,MEL_Z01,0.32256528696701947
3566,MEL_Z01,0.11755132610029666
3567,MEL_Z01,0.38299633388904764
3568,MEL_Z01,0.6425468924860455
3569,MEL_Z01,0.865171333358266
3570,MEL_Z01,0.5674019854735509
3571,MEL_Z01,0.36134631884059476
3583,MEL_Z11,0.058420470757774505
3584,MEL_Z11,0.025789234760697794
3585,MEL_Z11,0.004769616466512186
3586,MEL_Z11,0.04459382696312108
3587,MEL_Z11,0.013141217869944238
3588,MEL_Z11,0.011783954250588861
3589,MEL_Z11,0.033551443817338676
3590,MEL_Z11,0.025381756496276428
3591,MEL_Z11,0.032639998722563825
3592,MEL_Z11,0.08058229266271576
3593,MEL_Z10,0.17097310334178803
3594,MEL_Z10,0.16790817405685743
3595,MEL_Z10,0.11683810383010887
3596,MEL_Z10,0.14906360052141282
3597,MEL_Z10,0.026562135576559884
3598,MEL_Z10,0.02550153877245814
3599,MEL_Z10,0.030629502593325208
3600,MEL_Z10,0.032397370702537384
3601,MEL_Z10,0.1942369330570261
3602,MEL_Z10,0.12218394729651987
3603,MEL_Z10,0.204824476615895
3604,MEL_Z10,0.019214579620869816
3605,MEL_Z10,0.02316582361264849
3606,MEL_Z10,0.18729811966667806
3607,MEL_Z10,0.1476416663323569
3608,MEL_Z10,0.1351623079922907
3609,MEL_Z10,0.055791260375237996
3610,MEL_Z10,0.08656275788894549
3611,MEL_Z09,0.007230233025672179
3612,MEL_Z09,0.05560776116622306
3613,MEL_Z09,0.10941598747674759
3614,MEL_Z09,0.14499802088549427
3615,MEL_Z09,0.012540218427799737
3616,MEL_Z09,0.10270994432754248
3617,MEL_Z09,0.017683779186219356
3618,MEL_Z09,0.13287263921924697
3619,MEL_Z09,0.009506633785481828
3620,MEL_Z09,0.003940864915173362
3621,MEL_Z09,0.007565508543947704
3622,MEL_Z09,0.0035260824052924015
3623,MEL_Z09,0.029946065014524452
3624,MEL_Z09,0.4850650112909086
3625,MEL_Z07,0.08027045191597815
3626,MEL_Z07,0.05159876340882579
3627,MEL_Z07,0.020254030752396332
3628,MEL_Z07,0.0012469624532770599
3629,MEL_Z07,0.033373341576453365
3630,MEL_Z07,0.05980067374912316
3631,MEL_Z07,0.02343232026189917
3632,MEL_Z07,0.09290771139106509
3633,MEL_Z07,0.07910763948864918
3634,MEL_Z07,0.039341419081886056
3635,MEL_Z07,0.01385341348686635
3636,MEL_Z07,0.03608486242749043
3637,MEL_Z07,0.05283805881528516
3638,MEL_Z07,0.027528654655779576
3639,MEL_Z07,0.015412434882774871
3640,MEL_Z07,0.04054291956977379
3641,MEL_Z07,0.018596779969248002
3642,MEL_Z07,0.004526017811045602
3643,MEL_Z07,0.004889065728769308
3644,MEL_Z07,0.009045976856390003
3645,MEL_Z07,0.05055146304707846
3646,MEL_Z06,0.022429281667346167
3647,MEL_Z06,0.009890563833444103
3648,MEL_Z06,0.008640320936909272
3649,MEL_Z06,0.17823984940890747
3650,MEL_Z06,0.3754775265353861
3651,MEL_Z06,0.18447181713702707
3652,MEL_Z06,0.13261360603101643
3653,MEL_Z06,0.2994844347540166
3654,MEL_Z06,0.27750879213759305
3655,MEL_Z06,0.1001558841114791
3656,MEL_Z06,0.08213184649111133
3657,MEL_Z06,0.06608808626785795
3658,MEL_Z06,0.1491214924304278
3659,MEL_Z05,0.023689982369133743
3660,MEL_Z05,0.1495044434676501
3661,MEL_Z05,0.06704788106815045
3662,MEL_Z05,0.2039623162637598
3663,MEL_Z05,0.25873114871612
3664,MEL_Z05,0.06242772708161784
3665,MEL_Z05,0.3068682576319339
3666,MEL_Z05,0.22556290821118327
3667,MEL_Z05,0.32903142402741126
3668,MEL_Z05,0.5100306915136963
3669,MEL_Z05,0.1162543076252841
3670,MEL_Z05,0.33456742073541074
3671,MEL_Z05,0.3738072480534854
3672,MEL_Z05,0.07805741580542425
3673,MEL_Z04,0.07029404506443944
3674,MEL_Z04,0.35391604695102447
3675,MEL_Z04,0.1081304133396536
3676,MEL_Z04,0.4082821399310147
3677,MEL_Z04,0.3472081775406424
3678,MEL_Z04,0.24688022601809545
3679,MEL_Z04,0.21745948840279072
3680,MEL_Z04,0.17708339570217105
3681,MEL_Z04,0.05041802549023702
3682,MEL_Z04,0.016417300935290945
3683,MEL_Z04,0.12173028954445946
3684,MEL_Z04,0.16867644730027742
3685,MEL_Z04,0.5358776147788992
3686,MEL_Z04,0.5185229397031563
3687,MEL_Z04,0.6806104504364675
3688,MEL_Z04,0.3377244588328217
3689,MEL_Z04,0.2754063248595504
3690,MEL_Z03,0.7836410675028668
3691,MEL_Z03,0.2423569487122282
3692,MEL_Z03,0.45255833068171447
3693,MEL_Z03,0.1588653736135865
3694,MEL_Z03,0.2916086477249266
3695,MEL_Z03,0.9018810433351014
3696,MEL_Z03,0.948978637029657
3697,MEL_Z03,0.8833325952862188
3698,MEL_Z03,0.20145942362520275
3699,MEL_Z03,0.6553550627618374
3700,MEL_Z03,0.20079157285049606
3701,MEL_Z03,0.2189956865842516
3702,MEL_Z01,0.4989298999016138
3703,MEL_Z01,0.6680000795421837
3704,MEL_Z01,0.7133361942608782
3705,MEL_Z01,0.4756444813976386
3706,MEL_Z01,0.03465564545126123
3707,MEL_Z01,0.00540952380952381
3708,MEL_Z01,0.008159697524697524
3709,MEL_Z01,0.009804476417302501
3710,MEL_Z01,0.004882952252297326
3711,MEL_Z01,0.012256685250233636
3712,MEL_Z01,0.0457152907842393
3713,MEL_Z01,0.3868836758263683
3714,MEL_Z01,0.6949793122901816
3715,MEL_Z01,0.7156470409010351
3716,MEL_Z01,0.7270356214354724
3717,MEL_Z01,0.8148004732201742
3718,MEL_Z01,0.7839495128069587
3719,MEL_Z01,0.6397196044368847
3720,MEL_Z01,0.3907163145612139
3721,MEL_Z01,0.15838479856365925
3722,MEL_Z01,0.0945906401776046
3731,MEL_Z11,0.0146097858967234
3732,MEL_Z11,0.02050767219220722
3733,MEL_Z11,0.01941954450506559
3734,MEL_Z11,0.004151962342553489
3735,MEL_Z11,0.011410769307597936
3736,MEL_Z11,0.03998062715385967
3737,MEL_Z11,0.03474981867867127
3738,MEL_Z11,0.021515223248333114
3739,MEL_Z11,0.016014030394552674
3740,MEL_Z11,0.1557498097822153
3741,MEL_Z11,0.08041692863345996
3742,MEL_Z10,0.14081907686151257
3743,MEL_Z10,0.1523259662795746
3744,MEL_Z10,0.1424991653637596
3745,MEL_Z10,0.09144586181963034
3746,MEL_Z10,0.07516795182440074
3747,MEL_Z10,0.009096676634082982
3748,MEL_Z10,0.003231132882774996
3749,MEL_Z10,0.07960302297010419
3750,MEL_Z10,0.029123763772554042
3751,MEL_Z10,0.49759429068354255
3752,MEL_Z10,0.5514659300895044
3753,MEL_Z10,0.024208936826387372
3754,MEL_Z10,0.40772542474975393
3755,MEL_Z10,0.3284208734630266
3756,MEL_Z10,0.6260994052653188
3757,MEL_Z10,0.2514356225912747
3758,MEL_Z10,0.07626386427578243
3759,MEL_Z09,0.03376321396544673
3760,MEL_Z09,0.0284921657056091
3761,MEL_Z09,0.008764836427868752
3762,MEL_Z09,0.07989199314508108
3763,MEL_Z09,0.029508737435776335
3764,MEL_Z09,0.010643474556204723
3765,MEL_Z09,0.009723048428891112
3766,MEL_Z09,0.059927291706545496
3767,MEL_Z09,0.009486719913523484
3768,MEL_Z09,0.0035998496648506724
3769,MEL_Z09,0.0047041368014916
3770,MEL_Z09,0.019106723787788434
3771,MEL_Z09,0.0031397023234862437
3772,MEL_Z09,0.055918031403665955
3773,MEL_Z09,0.10438592609355958
3774,MEL_Z08,0.23457225635280693
3775,MEL_Z07,0.10740503908205676
3776,MEL_Z07,0.01950471644885753
3777,MEL_Z07,0.002061668335630001
3778,MEL_Z07,0.02295134621643162
3779,MEL_Z07,0.04088359251592296
3780,MEL_Z07,0.6386426524857638
3781,MEL_Z07,0.21300970854690196
3782,MEL_Z07,0.07277040155077856
3783,MEL_Z07,0.0047083054186943555
3784,MEL_Z07,0.00966675430963458
3785,MEL_Z07,0.046108195474307306
3786,MEL_Z07,0.029381020290888682
3787,MEL_Z07,0.013548567975002807
3788,MEL_Z07,0.00878491150691859
3789,MEL_Z07,0.006753523682991224
3790,MEL_Z07,0.013140282572982467
3791,MEL_Z07,0.1593887801458077
3792,MEL_Z07,0.12389911500449019
3793,MEL_Z07,0.09079215272670058
3794,MEL_Z07,0.09337273926600448
3795,MEL_Z06,0.010884963142541396
3796,MEL_Z06,0.006090169828962625
3797,MEL_Z06,0.08559175191266018
3798,MEL_Z06,0.1769014707621874
3799,MEL_Z06,0.3030493128937623
3800,MEL_Z06,0.13462215834619756
3801,MEL_Z06,0.1571626658418911
3802,MEL_Z06,0.09197170930779128
3803,MEL_Z06,0.23001542418262216
3804,MEL_Z06,0.28801594122122903
3805,MEL_Z06,0.0681055283585673
3806,MEL_Z06,0.01935022436448826
3807,MEL_Z06,0.2597861617093741
3808,MEL_Z05,0.10033213250510828
3809,MEL_Z05,0.3064917147959749
3810,MEL_Z05,0.366554201170795
3811,MEL_Z05,0.3849392521693046
3812,MEL_Z05,0.7843735276230168
3813,MEL_Z05,0.30080866717774263
3814,MEL_Z05,0.33528823772642186
3815,MEL_Z05,0.3595765238232492
3816,MEL_Z05,0.5664268686640941
3817,MEL_Z05,0.08084477273343803
3818,MEL_Z05,0.09860015438161714
3819,MEL_Z05,0.11098471305146136
3820,MEL_Z05,0.11448823757592436
3821,MEL_Z05,0.07457365601663073
3822,MEL_Z04,0.0723406518235281
3823,MEL_Z04,0.161011761494918
3824,MEL_Z04,0.147336465652778
3825,MEL_Z04,0.03365693941680005
3826,MEL_Z04,0.24771652593666144
3827,MEL_Z04,0.2314782028121207
3828,MEL_Z04,0.26290741937577017
3829,MEL_Z04,0.2723974849743139
3830,MEL_Z04,0.01322680764669111
3831,MEL_Z04,0.06345285226750459
3832,MEL_Z04,0.26144318048281223
3833,MEL_Z04,0.337917018647641
3834,MEL_Z04,0.41442928715924277
3835,MEL_Z04,0.7620766783681154
3836,MEL_Z04,0.5691769658905359
3837,MEL_Z04,0.31825856643330724
3838,MEL_Z04,0.6327655449657789
3839,MEL_Z03,0.7321255504614332
3840,MEL_Z03,0.15087072894972184
3841,MEL_Z03,0.21643512661262476
3842,MEL_Z03,0.39242136462695487
3843,MEL_Z03,0.8907397846574768
3844,MEL_Z03,0.963933604747898
3845,MEL_Z03,0.9205071222333033
3846,MEL_Z03,0.9193578530233357
3847,MEL_Z03,0.9149549573748496
3848,MEL_Z03,0.8060775053882808
3849,MEL_Z03,0.9317597060786638
3850,MEL_Z03,0.9703038358285744
3851,MEL_Z01,0.9289939083922523
3852,MEL_Z01,0.8737357654811941
3853,MEL_Z01,0.8065404676396309
3854,MEL_Z01,0.2160473448242713
3855,MEL_Z01,0.12019232828536215
3856,MEL_Z01,0.00873444474564019
3857,MEL_Z01,0.007444516594516594
3858,MEL_Z01,0.001891883116883117
3859,MEL_Z01,0.10355892911223384
3860,MEL_Z01,0.05025171430648455
3861,MEL_Z01,0.22355664378747467
3862,MEL_Z01,0.3692168841983706
3863,MEL_Z01,0.7815123072623631
3864,MEL_Z01,0.6791209727105333
3865,MEL_Z01,0.8787841210994205
3866,MEL_Z01,0.8990923072078104
3867,MEL_Z01,0.724242498947675
3868,MEL_Z01,0.1784703273629176
3869,MEL_Z01,0.04442598022898872
3870,MEL_Z01,0.0772355493221229
3871,MEL_Z01,0.01853025040319158
3880,MEL_Z11,0.03065055963651018
3881,MEL_Z11,0.00628346446880415
3882,MEL_Z11,0.006845399249421853
3883,MEL_Z11,0.007069489786143308
3884,MEL_Z11,0.009594429034690847
3885,MEL_Z11,0.03392602287930866
3886,MEL_Z11,0.02309469044166773
3887,MEL_Z11,0.12558704948206814
3888,MEL_Z11,0.17342774606316363
3889,MEL_Z11,0.049838792093393994
3890,MEL_Z11,0.05411622395952782
3891,MEL_Z10,0.1076175007586921
3892,MEL_Z10,0.046618747986709806
3893,MEL_Z10,0.13576323219443098
3894,MEL_Z10,0.044300825147560376
3895,MEL_Z10,0.020913114943959223
3896,MEL_Z10,0.05711802547108065
3897,MEL_Z10,0.01375743931884256
3898,MEL_Z10,0.0180120867643122
3899,MEL_Z10,0.05490256040418585
3900,MEL_Z10,0.05653134898413445
3901,MEL_Z10,0.5390784097871103
3902,MEL_Z10,0.14088662523705678
3903,MEL_Z10,0.2599121071291254
3904,MEL_Z10,0.46417750950868963
3905,MEL_Z10,0.3098274026309078
3906,MEL_Z10,0.8194050987278735
3907,MEL_Z10,0.7907960662717528
3908,MEL_Z09,0.08754719228443772
3909,MEL_Z09,0.11552111219419606
3910,MEL_Z09,0.02126032141410942
3911,MEL_Z09,0.02388073794697054
3912,MEL_Z09,0.034794445833073756
3913,MEL_Z09,0.0071381158798208
3914,MEL_Z09,0.057522181184974104
3915,MEL_Z09,0.188670026732449
3916,MEL_Z09,0.009219319139720909
3917,MEL_Z09,0.02234986411457741
3918,MEL_Z09,0.011852158650789842
3919,MEL_Z09,0.030143967031371125
3920,MEL_Z09,0.03934673107858828
3921,MEL_Z09,0.017353100269971427
3922,MEL_Z09,0.12247984999132333
3923,MEL_Z08,0.019827466749550098
3924,MEL_Z08,0.0394741074106629
3925,MEL_Z07,0.009602434294480471
3926,MEL_Z07,0.007162395791646728
3927,MEL_Z07,0.01938993420097976
3928,MEL_Z07,0.010053036166892296
3929,MEL_Z07,0.011463500314066347
3930,MEL_Z07,0.14428218212032226
3931,MEL_Z07,0.3204892167198982
3932,MEL_Z07,0.13675218013764193
3933,MEL_Z07,0.02475065804112803
3934,MEL_Z07,0.012447457589549689
3935,MEL_Z07,0.00855497818295036
3936,MEL_Z07,0.0028041155343283245
3937,MEL_Z07,0.002854195279144912
3938,MEL_Z07,0.09987120181140059
3939,MEL_Z07,0.013248657503028219
3940,MEL_Z07,0.05851662884745366
3941,MEL_Z07,0.006704949195284997
3942,MEL_Z07,0.009351392379811793
3943,MEL_Z07,0.008383556160459127
3944,MEL_Z06,0.008492333746936866
3945,MEL_Z06,0.10035995142312357
3946,MEL_Z06,0.09889282519464997
3947,MEL_Z06,0.17838798316699286
3948,MEL_Z06,0.21540557118520096
3949,MEL_Z06,0.03559994449029945
3950,MEL_Z06,0.17186754967272452
3951,MEL_Z06,0.06359806502084449
3952,MEL_Z06,0.29588919488386506
3953,MEL_Z06,0.07004787314306729
3954,MEL_Z06,0.05775918636629551
3955,MEL_Z06,0.038441570383847254
3956,MEL_Z06,0.16235272069197038
3957,MEL_Z05,0.05021972094540915
3958,MEL_Z05,0.06733411284204124
3959,MEL_Z05,0.1479871458202347
3960,MEL_Z05,0.05581465097522993
3961,MEL_Z05,0.5567491830832847
3962,MEL_Z05,0.2646185944236427
3963,MEL_Z05,0.41383971365109046
3964,MEL_Z05,0.48130288698520796
3965,MEL_Z05,0.12747473780617133
3966,MEL_Z05,0.07519720334661943
3967,MEL_Z05,0.08654232489953737
3968,MEL_Z05,0.0416816049646957
3969,MEL_Z05,0.029884325044910693
3970,MEL_Z05,0.11038110184907599
3971,MEL_Z04,0.12790394408973665
3972,MEL_Z04,0.03683245120835952
3973,MEL_Z04,0.07337077351535641
3974,MEL_Z04,0.03315215599724283
3975,MEL_Z04,0.6519026508023399
3976,MEL_Z04,0.8938203765509564
3977,MEL_Z04,0.33869298897279443
3978,MEL_Z04,0.8143349190837716
3979,MEL_Z04,0.6973051314596515
3980,MEL_Z04,0.3301014887268349
3981,MEL_Z04,0.3078138457862885
3982,MEL_Z04,0.3800584387270703
3983,MEL_Z04,0.45563791427586114
3984,MEL_Z04,0.2818294581487823
3985,MEL_Z04,0.3732416206515794
3986,MEL_Z04,0.34287673885841846
3987,MEL_Z03,0.786591792309825
3988,MEL_Z03,0.4176050098094773
3989,MEL_Z03,0.36704151377664906
3990,MEL_Z03,0.6411529972126643
3991,MEL_Z03,0.6897564178087097
3992,MEL_Z03,0.912611348237332
3993,MEL_Z03,0.893733038616313
3994,MEL_Z03,0.8271226252554619
3995,MEL_Z03,0.599925241089196
3996,MEL_Z03,0.9383620747053066
3997,MEL_Z03,0.9652763370748427
3998,MEL_Z03,0.9400902365509728
3999,MEL_Z03,0.8356741441444764
4000,MEL_Z02,0.9837647672257678
4001,MEL_Z01,0.9612505663588177
4002,MEL_Z01,0.90458715724201
4003,MEL_Z01,0.06948669607275447
4004,MEL_Z01,0.07481072707955044
4005,MEL_Z01,0.012822186147186148
4006,MEL_Z01,0.042677269731112244
4007,MEL_Z01,0.0036367984061434805
4008,MEL_Z01,0.053585777465547706
4009,MEL_Z01,0.46525638195275415
4010,MEL_Z01,0.3583941046136759
4011,MEL_Z01,0.2801191962531906
4012,MEL_Z01,0.9473606610293961
4013,MEL_Z01,0.762753134144101
4014,MEL_Z01,0.7538479417126326
4015,MEL_Z01,0.7504972797677077
4016,MEL_Z01,0.5451816449985601
4017,MEL_Z01,0.02879903587288205
4018,MEL_Z01,0.002638961038961039
4019,MEL_Z01,0.00215
4020,MEL_Z01,0.006681932639084342
4021,MEL_Z01,0.007252472625413801
4028,MEL_Z11,0.010539843693866305
4029,MEL_Z11,0.02956710960520249
4030,MEL_Z11,0.012160769307597937
4031,MEL_Z11,0.011215000623138753
4032,MEL_Z11,0.01980307639412991
4033,MEL_Z11,0.0387161737070298
4034,MEL_Z11,0.0168353216489526
4035,MEL_Z11,0.04161256379134331
4036,MEL_Z11,0.3195665967189712
4037,MEL_Z11,0.1816321335935626
4038,MEL_Z11,0.054119411915745146
4039,MEL_Z11,0.05732921300716802
4040,MEL_Z11,0.02115911910807346
4041,MEL_Z10,0.04998329803567219
4042,MEL_Z10,0.33955887785254313
4043,MEL_Z10,0.06311172146409126
4044,MEL_Z10,0.139837828345822
4045,MEL_Z10,0.12616417917533035
4046,MEL_Z10,0.45536356287186414
4047,MEL_Z10,0.0970343725719211
4048,MEL_Z10,0.03482793669990831
4049,MEL_Z10,0.0661119533850016
4050,MEL_Z10,0.631258638426041
4051,MEL_Z10,0.4411938035709536
4052,MEL_Z10,0.26302065126671037
4053,MEL_Z10,0.2338088340551868
4054,MEL_Z10,0.16151229029821929
4055,MEL_Z10,0.19328373860744072
4056,MEL_Z10,0.7676479469908136
4057,MEL_Z09,0.024286274797505798
4058,MEL_Z09,0.18749857275344128
4059,MEL_Z09,0.05195251598066321
4060,MEL_Z09,0.07148493041513852
4061,MEL_Z09,0.019973882624081517
4062,MEL_Z09,0.008253028426975038
4063,MEL_Z09,0.07940656995981411
4064,MEL_Z09,0.03041978233451509
4065,MEL_Z09,0.014392351605089958
4066,MEL_Z09,0.013581560977195685
4067,MEL_Z09,0.13195760073123577
4068,MEL_Z09,0.017783651443416974
4069,MEL_Z09,0.020848237453023086
4070,MEL_Z09,0.017370523575961017
4071,MEL_Z09,0.01717698317291757
4072,MEL_Z08,0.10735384323583873
4073,MEL_Z08,0.26501778707300316
4074,MEL_Z07,0.04489164395434363
4075,MEL_Z07,0.028812576857949194
4076,MEL_Z07,0.0852625600495585
4077,MEL_Z07,0.08496136452486473
4078,MEL_Z07,0.01050756285181216
4079,MEL_Z07,0.08632771311650388
4080,MEL_Z07,0.07490913319389972
4081,MEL_Z07,0.02341477173160073
4082,MEL_Z07,0.015306168444907519
4083,MEL_Z07,0.026854101530249752
4084,MEL_Z07,0.048546373684089886
4085,MEL_Z07,0.12445162985330174
4086,MEL_Z07,0.09512499657235123
4087,MEL_Z07,0.04956793675359166
4088,MEL_Z07,0.022640960358425152
4089,MEL_Z07,0.044831537605564485
4090,MEL_Z07,0.09900219469942494
4091,MEL_Z07,0.05581895368770445
4092,MEL_Z07,0.02031825677494427
4093,MEL_Z06,0.017204851369119898
4094,MEL_Z06,0.07571398836370984
4095,MEL_Z06,0.006122962203755987
4096,MEL_Z06,0.035702360674422375
4097,MEL_Z06,0.15839696092035338
4098,MEL_Z06,0.14799026609490526
4099,MEL_Z06,0.1230923934731642
4100,MEL_Z06,0.28847649475263104
4101,MEL_Z06,0.2445817960016479
4102,MEL_Z06,0.01408248569832199
4103,MEL_Z06,0.07769198893490668
4104,MEL_Z06,0.010859282711061093
4105,MEL_Z06,0.07126268521081269
4106,MEL_Z05,0.027714655445784078
4107,MEL_Z05,0.051999598668908034
4108,MEL_Z05,0.007204949195284997
4109,MEL_Z05,0.08886671434049259
4110,MEL_Z05,0.19772736433835308
4111,MEL_Z05,0.22896881396869115
4112,MEL_Z05,0.3554227542500567
4113,MEL_Z05,0.4905172731272368
4114,MEL_Z05,0.18999138666670984
4115,MEL_Z05,0.03621059829048276
4116,MEL_Z05,0.11435426395543596
4117,MEL_Z05,0.008313866915303213
4118,MEL_Z05,0.023924072649689907
4119,MEL_Z05,0.120554499220125
4120,MEL_Z04,0.0965849732736746
4121,MEL_Z04,0.030526535488940527
4122,MEL_Z04,0.09859017597476201
4123,MEL_Z04,0.15649439625819483
4124,MEL_Z04,0.8261787464452872
4125,MEL_Z04,0.7249314237891398
4126,MEL_Z04,0.531826903203518
4127,MEL_Z04,0.553754208996435
4128,MEL_Z04,0.8038951215594768
4129,MEL_Z04,0.7640255298740173
4130,MEL_Z04,0.5797980394026039
4131,MEL_Z04,0.7351005618347278
4132,MEL_Z04,0.6004342980493541
4133,MEL_Z04,0.06076377484784828
4134,MEL_Z04,0.09543902537538099
4135,MEL_Z04,0.41280057856245617
4136,MEL_Z03,0.8197362166652639
4137,MEL_Z03,0.7643890877891583
4138,MEL_Z03,0.4863470518084218
4139,MEL_Z03,0.7099707245130273
4140,MEL_Z03,0.6850618492238352
4141,MEL_Z03,0.9289915547944433
4142,MEL_Z03,0.9060477826805963
4143,MEL_Z03,0.814439462505314
4144,MEL_Z03,0.7994163606223197
4145,MEL_Z03,0.895018546612956
4146,MEL_Z03,0.6704369329869763
4147,MEL_Z03,0.9202515680045916
4148,MEL_Z03,0.9766157278943863
4149,MEL_Z02,0.9671558056912697
4150,MEL_Z01,0.9412464374234524
4151,MEL_Z01,0.5629792542504882
4152,MEL_Z01,0.23736865064709856
4153,MEL_Z01,0.22693858673983378
4154,MEL_Z01,0.06652672786025711
4155,MEL_Z01,0.06430690602248977
4156,MEL_Z01,0.16950140132883357
4157,MEL_Z01,0.3585961313333123
4158,MEL_Z01,0.4642003533781734
4159,MEL_Z01,0.6239952393407481
4160,MEL_Z01,0.9440900584175513
4161,MEL_Z01,0.8674774447542275
4162,MEL_Z01,0.9518404801666658
4163,MEL_Z01,0.9317663771323133
4164,MEL_Z01,0.8648755340316755
4165,MEL_Z01,0.5378659054423192
4166,MEL_Z01,0.01913249982260285
4167,MEL_Z01,0.006610859728506787
4168,MEL_Z01,0.00833361576388058
4169,MEL_Z01,0.004323304473304473
4177,MEL_Z11,0.00538346446880415
4178,MEL_Z11,0.015065624831671284
4179,MEL_Z11,0.01378152660850784
4180,MEL_Z11,0.04791347913966573
4181,MEL_Z11,0.029800475609373725
4182,MEL_Z11,0.03798248871228697
4183,MEL_Z11,0.03643943798739709
4184,MEL_Z11,0.08346070679899135
4185,MEL_Z11,0.22593565423221065
4186,MEL_Z11,0.08809574917096752
4187,MEL_Z11,0.0404143793421832
4188,MEL_Z11,0.027165303073832674
4189,MEL_Z11,0.02423097264534904
4190,MEL_Z10,0.03588910397439356
4191,MEL_Z10,0.3233646373166682
4192,MEL_Z10,0.07354374282879274
4193,MEL_Z10,0.2889717211108006
4194,MEL_Z10,0.35864516685918185
4195,MEL_Z10,0.08656679806157029
4196,MEL_Z10,0.2723614867020774
4197,MEL_Z10,0.09661238115647945
4198,MEL_Z10,0.0365586544868348
4199,MEL_Z10,0.48096300620524746
4200,MEL_Z10,0.31951110017133444
4201,MEL_Z10,0.7105125234638404
4202,MEL_Z10,0.3331015984009247
4203,MEL_Z10,0.456056386143439
4204,MEL_Z10,0.26036094181832675
4205,MEL_Z10,0.15771564252276327
4206,MEL_Z09,0.00914711543688128
4207,MEL_Z09,0.007753954152089752
4208,MEL_Z09,0.09806309971488565
4209,MEL_Z09,0.14289724501283946
4210,MEL_Z09,0.01163364289795022
4211,MEL_Z09,0.010477335476617876
4212,MEL_Z09,0.15798043913165008
4213,MEL_Z09,0.22081953100766824
4214,MEL_Z09,0.2261331305428856
4215,MEL_Z09,0.07710355810377849
4216,MEL_Z09,0.04222346441160747
4217,MEL_Z09,0.11844129756009224
4218,MEL_Z09,0.09148782934021332
4219,MEL_Z09,0.4546651176319324
4220,MEL_Z09,0.06747337907764342
4221,MEL_Z08,0.04976334663201158
4222,MEL_Z08,0.04111437620665694
4223,MEL_Z08,0.02338759982219433
4224,MEL_Z07,0.007581843739988649
4225,MEL_Z07,0.059756498457106975
4226,MEL_Z07,0.2953528886970612
4227,MEL_Z07,0.020970454761906
4228,MEL_Z07,0.08295648967093627
4229,MEL_Z07,0.06431283478598773
4230,MEL_Z07,0.04458356270317386
4231,MEL_Z07,0.01215218990651118
4232,MEL_Z07,0.06519758524997091
4233,MEL_Z07,0.03992747042467364
4234,MEL_Z07,0.17514737284268123
4235,MEL_Z07,0.09548865215108873
4236,MEL_Z07,0.28348438207988774
4237,MEL_Z07,0.06617555925681676
4238,MEL_Z07,0.31012012026150326
4239,MEL_Z07,0.20416260387370166
4240,MEL_Z07,0.03796850638007056
4241,MEL_Z07,0.030872625771998598
4242,MEL_Z06,0.019407354965560564
4243,MEL_Z06,0.014195776389045879
4244,MEL_Z06,0.012728183605244105
4245,MEL_Z06,0.010345367827142926
4246,MEL_Z06,0.007867583679175321
4247,MEL_Z06,0.1841108318428571
4248,MEL_Z06,0.1368124052362111
4249,MEL_Z06,0.8384054386975347
4250,MEL_Z06,0.61845752965863
4251,MEL_Z06,0.013527502211381466
4252,MEL_Z06,0.16542262190010407
4253,MEL_Z06,0.061017599871197065
4254,MEL_Z06,0.0759747182181751
4255,MEL_Z05,0.007659788511369494
4256,MEL_Z05,0.03617112492146505
4257,MEL_Z05,0.09424095873636032
4258,MEL_Z05,0.04792264566946657
4259,MEL_Z05,0.17344948147504105
4260,MEL_Z05,0.2056035383382709
4261,MEL_Z05,0.34480507482187495
4262,MEL_Z05,0.25284341781854436
4263,MEL_Z05,0.039236545781840264
4264,MEL_Z05,0.057119369887280814
4265,MEL_Z05,0.012035385350694861
4266,MEL_Z05,0.08726520653185013
4267,MEL_Z05,0.001563755595353996
4268,MEL_Z05,0.012669352717628393
4269,MEL_Z04,0.007002697054000577
4270,MEL_Z04,0.06243015878596502
4271,MEL_Z04,0.0833153354530775
4272,MEL_Z04,0.657264298362557
4273,MEL_Z04,0.5055107090997748
4274,MEL_Z04,0.6369942081709892
4275,MEL_Z04,0.24143161334750526
4276,MEL_Z04,0.4276909570990663
4277,MEL_Z04,0.6180629488700043
4278,MEL_Z04,0.564509619259948
4279,MEL_Z04,0.2503421614513589
4280,MEL_Z04,0.8719115205252745
4281,MEL_Z04,0.8074872073809424
4282,MEL_Z04,0.6546058430784307
4283,MEL_Z04,0.6884967056520219
4284,MEL_Z04,0.930529351662072
4285,MEL_Z03,0.8864128553071079
4286,MEL_Z03,0.39944276025646847
4287,MEL_Z03,0.4797066832454062
4288,MEL_Z03,0.7433119670017138
4289,MEL_Z03,0.7856221885464647
4290,MEL_Z03,0.8653280209656343
4291,MEL_Z03,0.8344375762606877
4292,MEL_Z03,0.7686123435214905
4293,MEL_Z03,0.7759025983914626
4294,MEL_Z03,0.9390598431345528
4295,MEL_Z03,0.9897549144555204
4296,MEL_Z03,0.9799403093977656
4297,MEL_Z02,0.9796352297434595
4298,MEL_Z02,0.9732778293752083
4299,MEL_Z02,0.2710853127822838
4300,MEL_Z01,0.6652593965106375
4301,MEL_Z01,0.4363503745457117
4302,MEL_Z01,0.9159642381626224
4303,MEL_Z01,0.08385561765201267
4304,MEL_Z01,0.04112255230572999
4305,MEL_Z01,0.20436883411746196
4306,MEL_Z01,0.3846784532617497
4307,MEL_Z01,0.9164845214847988
4308,MEL_Z01,0.9312242456796431
4309,MEL_Z01,0.9788001400273704
4310,MEL_Z01,0.8063728387771262
4311,MEL_Z01,0.971033396488279
4312,MEL_Z01,0.8588058946664318
4313,MEL_Z01,0.5943281109991754
4314,MEL_Z01,0.07378259904341757
4315,MEL_Z01,0.027522423613190728
4316,MEL_Z01,0.07322026249738602
4317,MEL_Z01,0.028696911275858647
4318,MEL_Z01,0.0030980392156862743
4326,MEL_Z11,0.008680825191305147
4327,MEL_Z11,0.01060226460756797
4328,MEL_Z11,0.010001041499911333
4329,MEL_Z11,0.011826893939499497
4330,MEL_Z11,0.021783507706069422
4331,MEL_Z11,0.029541877232818675
4332,MEL_Z11,0.02179269449750338
4333,MEL_Z11,0.25168489783802434
4334,MEL_Z11,0.5578794289741256
4335,MEL_Z11,0.06287531177605736
4336,MEL_Z11,0.0731998217192369
4337,MEL_Z11,0.04072290336309923
4338,MEL_Z11,0.044707900958380314
4339,MEL_Z10,0.018863012785851955
4340,MEL_Z10,0.10442490882041529
4341,MEL_Z10,0.1649552029484969
4342,MEL_Z10,0.1173868693621325
4343,MEL_Z10,0.2673297236825622
4344,MEL_Z10,0.13459695582967007
4345,MEL_Z10,0.7518317847652406
4346,MEL_Z10,0.12840695659916854
4347,MEL_Z10,0.07494314716370783
4348,MEL_Z10,0.035055961608488284
4349,MEL_Z10,0.1774811892764448
4350,MEL_Z10,0.3195516907656187
4351,MEL_Z10,0.34867297519406376
4352,MEL_Z10,0.2866874066745696
4353,MEL_Z10,0.05511005659848302
4354,MEL_Z10,0.05606089592765546
4355,MEL_Z09,0.030366925622720593
4356,MEL_Z09,0.12329400955649544
4357,MEL_Z09,0.026065309647260438
4358,MEL_Z09,0.2706747202732905
4359,MEL_Z09,0.3256187901850573
4360,MEL_Z09,0.008553458833858555
4361,MEL_Z09,0.16060935784611766
4362,MEL_Z09,0.40907680559100795
4363,MEL_Z09,0.2465595968978999
4364,MEL_Z09,0.10263596629013139
4365,MEL_Z09,0.04559828240817335
4366,MEL_Z09,0.08992587066035634
4367,MEL_Z09,0.13712027602692228
4368,MEL_Z09,0.07594727011771588
4369,MEL_Z08,0.02933761473056413
4370,MEL_Z08,0.14992224714061841
4371,MEL_Z08,0.034528702797262376
4372,MEL_Z08,0.016249753893018026
4373,MEL_Z08,0.013006432151503185
4374,MEL_Z07,0.01962387267433893
4375,MEL_Z07,0.05893155955146531
4376,MEL_Z07,0.04327872110459479
4377,MEL_Z07,0.081226788355161
4378,MEL_Z07,0.043483786556227706
4379,MEL_Z07,0.05292162772215954
4380,MEL_Z07,0.006624009670327497
4381,MEL_Z07,0.19128374698453673
4382,MEL_Z07,0.02382775603887383
4383,MEL_Z07,0.0036621886630356214
4384,MEL_Z07,0.1404895824743571
4385,MEL_Z07,0.03157789570534446
4386,MEL_Z07,0.004796327562719018
4387,MEL_Z07,0.029642486467743194
4388,MEL_Z07,0.17010024763647255
4389,MEL_Z07,0.14643204980653343
4390,MEL_Z07,0.036780827519770805
4391,MEL_Z06,0.0122159784092479
4392,MEL_Z06,0.026639826631910484
4393,MEL_Z06,0.03649061419132451
4394,MEL_Z06,0.49646446527457677
4395,MEL_Z06,0.18988713149127073
4396,MEL_Z06,0.0398354135465715
4397,MEL_Z06,0.02764369786102911
4398,MEL_Z06,0.02148419868004708
4399,MEL_Z06,0.04814553137462244
4400,MEL_Z06,0.14345148068099856
4401,MEL_Z06,0.03359496922716428
4402,MEL_Z06,0.024842145345800155
4403,MEL_Z06,0.007392444470280486
4404,MEL_Z05,0.004234439288173573
4405,MEL_Z05,0.0008364828680812685
4406,MEL_Z05,0.011050226123973574
4407,MEL_Z05,0.02829832363102721
4408,MEL_Z05,0.412614919774808
4409,MEL_Z05,0.04765865998008918
4410,MEL_Z05,0.2941101800774566
4411,MEL_Z05,0.023278281766311425
4412,MEL_Z05,0.013768722159964367
4413,MEL_Z05,0.0020629972954423564
4414,MEL_Z05,0.026506050807430976
4415,MEL_Z05,0.046437867440794985
4416,MEL_Z05,0.024722009556929617
4417,MEL_Z05,0.004281372945324288
4418,MEL_Z04,0.008645765336584508
4419,MEL_Z04,0.13249818696702761
4420,MEL_Z04,0.2197461484342755
4421,MEL_Z04,0.03632621948915423
4422,MEL_Z04,0.03241301464976151
4423,MEL_Z04,0.16285567716381666
4424,MEL_Z04,0.8411695571652918
4425,MEL_Z04,0.6210280063493838
4426,MEL_Z04,0.6117337632846523
4427,MEL_Z04,0.5621525384799778
4428,MEL_Z04,0.16365951882139687
4429,MEL_Z04,0.24283752274333276
4430,MEL_Z04,0.13359483275975131
4431,MEL_Z04,0.6349372855102484
4432,MEL_Z04,0.22658350369361224
4433,MEL_Z04,0.6147105202482698
4434,MEL_Z03,0.3416196763124888
4435,MEL_Z03,0.4343363862169424
4436,MEL_Z03,0.5438907723079275
4437,MEL_Z03,0.26817071625759986
4438,MEL_Z03,0.9027903871242855
4439,MEL_Z03,0.8610763546073869
4440,MEL_Z03,0.9061141192316624
4441,MEL_Z03,0.9555969856843586
4442,MEL_Z03,0.991078265825817
4443,MEL_Z03,0.9893524186637002
4444,MEL_Z03,0.9906709203438134
4445,MEL_Z03,0.9847077467752204
4446,MEL_Z02,0.987046415862509
4447,MEL_Z02,0.8771771921836976
4448,MEL_Z02,0.5967041014367669
4449,MEL_Z01,0.66024927410482
4450,MEL_Z01,0.8350896231352486
4451,MEL_Z01,0.8752089083047364
4452,MEL_Z01,0.5157196786322236
4453,MEL_Z01,0.5162249246266841
4454,MEL_Z01,0.8963878181313949
4455,MEL_Z01,0.7215108699347915
4456,MEL_Z01,0.9470849770971551
4457,MEL_Z01,0.9911892355284614
4458,MEL_Z01,0.9630392157421475
4459,MEL_Z01,0.9515975152565147
4460,MEL_Z01,0.899899672865612
4461,MEL_Z01,0.17094013583595632
4462,MEL_Z01,0.0670871903822427
4463,MEL_Z01,0.053224107678106376
4464,MEL_Z01,0.6117542774125676
4465,MEL_Z01,0.18071726888020176
4466,MEL_Z01,0.03234684143947167
4467,MEL_Z01,0.007505122655122655
4468,MEL_Z01,0.017667855020796198
4475,MEL_Z11,0.032745154770653616
4476,MEL_Z11,0.012691269650630287
4477,MEL_Z11,0.01664261040528029
4478,MEL_Z11,0.0122230960531263
4479,MEL_Z11,0.031028615079332193
4480,MEL_Z11,0.13578709823603755
4481,MEL_Z11,0.014770191297085757
4482,MEL_Z11,0.040570088262941555
4483,MEL_Z11,0.07248847391124097
4484,MEL_Z11,0.08556081852542584
4485,MEL_Z11,0.0406347161358728
4486,MEL_Z11,0.012867465144575105
4487,MEL_Z11,0.0067094427189544874
4488,MEL_Z10,0.043300003824707486
4489,MEL_Z10,0.05128794930805405
4490,MEL_Z10,0.03238955883311259
4491,MEL_Z10,0.03197665508619666
4492,MEL_Z10,0.139811430863224
4493,MEL_Z10,0.15171371958116148
4494,MEL_Z10,0.5032940405450959
4495,MEL_Z10,0.16152340362237033
4496,MEL_Z10,0.03241919229812662
4497,MEL_Z10,0.054224186740070436
4498,MEL_Z10,0.23206496887353628
4499,MEL_Z10,0.160349369618678
4500,MEL_Z10,0.12368240021272031
4501,MEL_Z10,0.24551447949290114
4502,MEL_Z10,0.23539062938249164
4503,MEL_Z10,0.04724530323935134
4504,MEL_Z09,0.18109763684362742
4505,MEL_Z09,0.165674668833617
4506,MEL_Z09,0.315088937430107
4507,MEL_Z09,0.06881736415899653
4508,MEL_Z09,0.11462479554086033
4509,MEL_Z09,0.07846278642007343
4510,MEL_Z09,0.31724317059073104
4511,MEL_Z09,0.0959650588281652
4512,MEL_Z09,0.34467812199925
4513,MEL_Z09,0.8150719008344173
4514,MEL_Z09,0.795081680400746
4515,MEL_Z09,0.692146669261969
4516,MEL_Z09,0.5588744940684575
4517,MEL_Z09,0.03419957344132299
4518,MEL_Z08,0.026365084529991464
4519,MEL_Z08,0.005646683695448712
4520,MEL_Z08,0.03319529096176616
4521,MEL_Z08,0.028249874322081973
4522,MEL_Z08,0.010671333508149076
4523,MEL_Z07,0.03348311258575577
4524,MEL_Z07,0.6187317763147888
4525,MEL_Z07,0.6396711408957768
4526,MEL_Z07,0.09283271464793957
4527,MEL_Z07,0.08553785638203755
4528,MEL_Z07,0.03621404624161527
4529,MEL_Z07,0.038762656163448914
4530,MEL_Z07,0.14903926468416803
4531,MEL_Z07,0.01032118963001759
4532,MEL_Z07,0.006439733653925994
4533,MEL_Z07,0.014484499743302395
4534,MEL_Z07,0.033391120211466035
4535,MEL_Z07,0.007774413247159233
4536,MEL_Z07,0.08112588148379647
4537,MEL_Z07,0.07318569385935278
4538,MEL_Z07,0.4271705005332195
4539,MEL_Z07,0.04385312422826747
4540,MEL_Z06,0.02832476197118326
4541,MEL_Z06,0.011557176344208907
4542,MEL_Z06,0.04540845294279779
4543,MEL_Z06,0.6530533071210413
4544,MEL_Z06,0.01862045731570802
4545,MEL_Z06,0.16622796234825923
4546,MEL_Z06,0.3598904115311168
4547,MEL_Z06,0.0578099040955239
4548,MEL_Z06,0.31516474394569777
4549,MEL_Z06,0.1355363680152593
4550,MEL_Z06,0.16829344049334002
4551,MEL_Z06,0.08903752790943872
4552,MEL_Z06,0.004590170033275284
4553,MEL_Z05,0.03664320564893596
4554,MEL_Z05,0.016833784026130054
4555,MEL_Z05,0.0061761386018636235
4556,MEL_Z05,0.09128934797898541
4557,MEL_Z05,0.06913634432866293
4558,MEL_Z05,0.12606564422078362
4559,MEL_Z05,0.280394623152332
4560,MEL_Z05,0.0038976495175790733
4561,MEL_Z05,0.005212219876171217
4562,MEL_Z05,0.0015110077549590967
4563,MEL_Z05,0.012835312867685807
4564,MEL_Z05,0.08615207960182494
4565,MEL_Z05,0.16554366971346293
4566,MEL_Z05,0.0013640974756958764
4567,MEL_Z04,0.11818677467047976
4568,MEL_Z04,0.3359230214270072
4569,MEL_Z04,0.08032455953019445
4570,MEL_Z04,0.012894343763540915
4571,MEL_Z04,0.02475617329504265
4572,MEL_Z04,0.07752362802387182
4573,MEL_Z04,0.41722449393950717
4574,MEL_Z04,0.07105904505744526
4575,MEL_Z04,0.24425190802729294
4576,MEL_Z04,0.7147141960157002
4577,MEL_Z04,0.9035605067784654
4578,MEL_Z04,0.8631701944795768
4579,MEL_Z04,0.9280780439914571
4580,MEL_Z04,0.3940325239129001
4581,MEL_Z04,0.3066551104952017
4582,MEL_Z03,0.9501153074828917
4583,MEL_Z03,0.7328608056645569
4584,MEL_Z03,0.6773240550146442
4585,MEL_Z03,0.44398209246578385
4586,MEL_Z03,0.1995595365568536
4587,MEL_Z03,0.8374319755261811
4588,MEL_Z03,0.9263877532051111
4589,MEL_Z03,0.9311329355914217
4590,MEL_Z03,0.5774860874000883
4591,MEL_Z03,0.9932084105553143
4592,MEL_Z03,0.9883347173643857
4593,MEL_Z03,0.9902158710494449
4594,MEL_Z03,0.969477166747039
4595,MEL_Z02,0.768199925234219
4596,MEL_Z02,0.6488237329876511
4597,MEL_Z02,0.8980060130921099
4598,MEL_Z02,0.7934756385907035
4599,MEL_Z01,0.8636818193474461
4600,MEL_Z01,0.9668425816796334
4601,MEL_Z01,0.9033719119653331
4602,MEL_Z01,0.9733720857802155
4603,MEL_Z01,0.9620220029809979
4604,MEL_Z01,0.8807432906281157
4605,MEL_Z01,0.9064751902995758
4606,MEL_Z01,0.9774622330219863
4607,MEL_Z01,0.9928912976423497
4608,MEL_Z01,0.9551694451474311
4609,MEL_Z01,0.7740191350153267
4610,MEL_Z01,0.05603498586827676
4611,MEL_Z01,0.04437730880230879
4612,MEL_Z01,0.11803085271858334
4613,MEL_Z01,0.450673032016053
4614,MEL_Z01,0.1759976997870614
4615,MEL_Z01,0.05975421920137674
4616,MEL_Z01,0.040083324518618645
4617,MEL_Z01,0.0006666666666666666
4624,MEL_Z11,0.03353871414878812
4625,MEL_Z11,0.01992997265606209
4626,MEL_Z11,0.04006528968511668
4627,MEL_Z11,0.10508400446430356
4628,MEL_Z11,0.14369551005339024
4629,MEL_Z11,0.05934575368029506
4630,MEL_Z11,0.14275382190874977
4631,MEL_Z11,0.01269919741338169
4632,MEL_Z11,0.028104358905169914
4633,MEL_Z11,0.0460624427720158
4634,MEL_Z11,0.07785995155756914
4635,MEL_Z11,0.00811525302339939
4636,MEL_Z11,0.07007472243325574
4637,MEL_Z10,0.037304503843319355
4638,MEL_Z10,0.012836626431016592
4639,MEL_Z10,0.026647784372845856
4640,MEL_Z10,0.12018376468246252
4641,MEL_Z10,0.06524262838936722
4642,MEL_Z10,0.01650330922716823
4643,MEL_Z10,0.020862084256792562
4644,MEL_Z10,0.009907186115098998
4645,MEL_Z10,0.022302116459042478
4646,MEL_Z10,0.0229331178788583
4647,MEL_Z10,0.3214127092695447
4648,MEL_Z10,0.1674654973304837
4649,MEL_Z10,0.03244391887002178
4650,MEL_Z10,0.04453506133453802
4651,MEL_Z10,0.07122690142212303
4652,MEL_Z10,0.16426396665619564
4653,MEL_Z09,0.16928072487012602
4654,MEL_Z09,0.22602536231553352
4655,MEL_Z09,0.11363310668140904
4656,MEL_Z09,0.09465352191231852
4657,MEL_Z09,0.007665097286438539
4658,MEL_Z09,0.009250467308907268
4659,MEL_Z09,0.05547086765894931
4660,MEL_Z09,0.7665099539863944
4661,MEL_Z09,0.4602480191923355
4662,MEL_Z09,0.21017285009536046
4663,MEL_Z09,0.2138866016771198
4664,MEL_Z09,0.10718843948512817
4665,MEL_Z09,0.4578921509653341
4666,MEL_Z09,0.7043383623022474
4667,MEL_Z08,0.08806115831062607
4668,MEL_Z08,0.024089802753340175
4669,MEL_Z08,0.03755570796493248
4670,MEL_Z08,0.00598710933532827
4671,MEL_Z08,0.0055853725841012395
4672,MEL_Z08,0.0063016739698179445
4673,MEL_Z07,0.032977668139257135
4674,MEL_Z07,0.05346707247329797
4675,MEL_Z07,0.08679801511140642
4676,MEL_Z07,0.00893870561697924
4677,MEL_Z07,0.06369407346136031
4678,MEL_Z07,0.006103017009824038
4679,MEL_Z07,0.004352352548838594
4680,MEL_Z07,0.04223235304785497
4681,MEL_Z07,0.009646619160163341
4682,MEL_Z07,0.022304284602517262
4683,MEL_Z07,0.07895983871169915
4684,MEL_Z07,0.029764601286366633
4685,MEL_Z07,0.04256203094672194
4686,MEL_Z07,0.17304140062774942
4687,MEL_Z07,0.39370933032242017
4688,MEL_Z07,0.11036520475691908
4689,MEL_Z06,0.022234160630578363
4690,MEL_Z06,0.10741758733525135
4691,MEL_Z06,0.1944067376903467
4692,MEL_Z06,0.6974202599866292
4693,MEL_Z06,0.3868123671215385
4694,MEL_Z06,0.19077129344201915
4695,MEL_Z06,0.15528563922746957
4696,MEL_Z06,0.010931052984121335
4697,MEL_Z06,0.052588230274375904
4698,MEL_Z06,0.3458608630884929
4699,MEL_Z06,0.24064105301368693
4700,MEL_Z06,0.046683615052723414
4701,MEL_Z06,0.028838183616540305
4702,MEL_Z05,0.046298063245005974
4703,MEL_Z05,0.058995644405040695
4704,MEL_Z05,0.22803218408307938
4705,MEL_Z05,0.10685387944335935
4706,MEL_Z05,0.07182067100515147
4707,MEL_Z05,0.01798955613988879
4708,MEL_Z05,0.01660134411087137
4709,MEL_Z05,0.045324623082263704
4710,MEL_Z05,0.04629727561251604
4711,MEL_Z05,0.04322906564927288
4712,MEL_Z05,0.02860838490263048
4713,MEL_Z05,0.01795489111454721
4714,MEL_Z05,0.002591674268441208
4715,MEL_Z05,0.0371021909945717
4716,MEL_Z04,0.26883307541593465
4717,MEL_Z04,0.6805943800161854
4718,MEL_Z04,0.12657217917085206
4719,MEL_Z04,0.24438004438002378
4720,MEL_Z04,0.04205878177030891
4721,MEL_Z04,0.10868865390839215
4722,MEL_Z04,0.9237713135379444
4723,MEL_Z04,0.05840031056626129
4724,MEL_Z04,0.959501428550973
4725,MEL_Z04,0.9027728046159893
4726,MEL_Z04,0.22974668365038942
4727,MEL_Z04,0.9406119992965002
4728,MEL_Z04,0.9169008634264316
4729,MEL_Z04,0.32002013423044046
4730,MEL_Z04,0.2787486205040892
4731,MEL_Z03,0.9255562685931646
4732,MEL_Z03,0.8723725867983495
4733,MEL_Z03,0.8455221172886711
4734,MEL_Z03,0.3418177933649272
4735,MEL_Z03,0.298674497428454
4736,MEL_Z03,0.9344569957653364
4737,MEL_Z03,0.9850248599688193
4738,MEL_Z03,0.8969788682432265
4739,MEL_Z03,0.7520447317366391
4740,MEL_Z03,0.9700654694218558
4741,MEL_Z03,0.9895141456129585
4742,MEL_Z03,0.954554829289771
4743,MEL_Z03,0.8700330347367285
4744,MEL_Z02,0.32105098040392993
4745,MEL_Z02,0.9849318448261458
4746,MEL_Z02,0.8013784054349873
4747,MEL_Z02,0.88284249859709
4748,MEL_Z02,0.9601033767393868
4749,MEL_Z01,0.9549688827364182
4750,MEL_Z01,0.9481713703444373
4751,MEL_Z01,0.9958974106251737
4752,MEL_Z01,0.28129055735273484
4753,MEL_Z01,0.937401395804943
4754,MEL_Z01,0.9071391628919118
4755,MEL_Z01,0.89731982623799
4756,MEL_Z01,0.9972440897641588
4757,MEL_Z01,0.9920531686866488
4758,MEL_Z01,0.41274610004382406
4759,MEL_Z01,0.04830732674144437
4760,MEL_Z01,0.17314570068905985
4761,MEL_Z01,0.3777128702533228
4762,MEL_Z01,0.37658649146611956
4763,MEL_Z01,0.11559057130065485
4764,MEL_Z01,0.009468614718614718
4765,MEL_Z01,0.004491565408024488
4766,MEL_Z01,0.007823809523809523
4772,MEL_Z11,0.024178562806369003
4773,MEL_Z11,0.018890056444042944
4774,MEL_Z11,0.017715795299476676
4775,MEL_Z11,0.16868673220647906
4776,MEL_Z11,0.05662115964509743
4777,MEL_Z11,0.23214848916884323
4778,MEL_Z11,0.6528100348736606
4779,MEL_Z11,0.07712193182463954
4780,MEL_Z11,0.02256368814454833
4781,MEL_Z11,0.008024641360971689
4782,MEL_Z11,0.0045744927802607
4783,MEL_Z11,0.03234921862735631
4784,MEL_Z11,0.004412552726882595
4785,MEL_Z11,0.02405322736380461
4786,MEL_Z10,0.04976347581070912
4787,MEL_Z10,0.020914705169287697
4788,MEL_Z10,0.01161203667729064
4789,MEL_Z10,0.06955826539621815
4790,MEL_Z10,0.2532602428592932
4791,MEL_Z10,0.04992748376450816
4792,MEL_Z10,0.010971941299087806
4793,MEL_Z10,0.03653317496512573
4794,MEL_Z10,0.011710524643181914
4795,MEL_Z10,0.019762309689997967
4796,MEL_Z10,0.29664738315482414
4797,MEL_Z10,0.23646551027830512
4798,MEL_Z10,0.025818490475026917
4799,MEL_Z10,0.027712609995870715
4800,MEL_Z10,0.06423268216110876
4801,MEL_Z10,0.08507185694329242
4802,MEL_Z09,0.7517009590722412
4803,MEL_Z09,0.19492583387653226
4804,MEL_Z09,0.35262166471979395
4805,MEL_Z09,0.15859482654252402
4806,MEL_Z09,0.05023132708963164
4807,MEL_Z09,0.02894511713373856
4808,MEL_Z09,0.024195256217062547
4809,MEL_Z09,0.34907503585084376
4810,MEL_Z09,0.7517606603183036
4811,MEL_Z09,0.06332897662854402
4812,MEL_Z09,0.17629090844042314
4813,MEL_Z09,0.03573098869080677
4814,MEL_Z09,0.04924088098149987
4815,MEL_Z09,0.6193369483799145
4816,MEL_Z08,0.776223749681174
4817,MEL_Z08,0.7486981146414735
4818,MEL_Z08,0.025729164065368137
4819,MEL_Z08,0.10867505275642306
4820,MEL_Z08,0.02537136036752864
4821,MEL_Z08,0.06992130554443733
4822,MEL_Z08,0.23171080107146697
4823,MEL_Z07,0.0184053445863012
4824,MEL_Z07,0.035044972413760256
4825,MEL_Z07,0.03386683367099565
4826,MEL_Z07,0.06989762334511873
4827,MEL_Z07,0.013160624229883542
4828,MEL_Z07,0.04078598138166451
4829,MEL_Z07,0.013702866264798719
4830,MEL_Z07,0.012095365729807257
4831,MEL_Z07,0.11068028801947478
4832,MEL_Z07,0.02371539593667364
4833,MEL_Z07,0.011999620548406413
4834,MEL_Z07,0.5381364415547247
4835,MEL_Z07,0.113204503278631
4836,MEL_Z07,0.3443490904112473
4837,MEL_Z07,0.153783546690443
4838,MEL_Z06,0.15516943862219068
4839,MEL_Z06,0.15029955457782482
4840,MEL_Z06,0.052693274856423764
4841,MEL_Z06,0.1151323611796547
4842,MEL_Z06,0.05689710416708256
4843,MEL_Z06,0.01738490917852688
4844,MEL_Z06,0.014463260082198708
4845,MEL_Z06,0.005473838589915555
4846,MEL_Z06,0.013425331810664834
4847,MEL_Z06,0.12089934387174357
4848,MEL_Z06,0.6749191005571654
4849,MEL_Z06,0.306348846545946
4850,MEL_Z06,0.18155210923031154
4851,MEL_Z05,0.01571842195512228
4852,MEL_Z05,0.16415172260486108
4853,MEL_Z05,0.20302999832525892
4854,MEL_Z05,0.10627784343159345
4855,MEL_Z05,0.11237723217686073
4856,MEL_Z05,0.021240472038570143
4857,MEL_Z05,0.006808163240608301
4858,MEL_Z05,0.024886617961895615
4859,MEL_Z05,0.036948708885678215
4860,MEL_Z05,0.059238238105575755
4861,MEL_Z05,0.03784825520981331
4862,MEL_Z05,0.023966253691524792
4863,MEL_Z05,0.0632145543841198
4864,MEL_Z05,0.6139530446907454
4865,MEL_Z04,0.22962109405125683
4866,MEL_Z04,0.2977588820180192
4867,MEL_Z04,0.20277956820163373
4868,MEL_Z04,0.12896940565762557
4869,MEL_Z04,0.02493444189334273
4870,MEL_Z04,0.8704551448066137
4871,MEL_Z04,0.12492216207069176
4872,MEL_Z04,0.7955170243351587
4873,MEL_Z04,0.8120701811447185
4874,MEL_Z04,0.1089880856224734
4875,MEL_Z04,0.6261755133288618
4876,MEL_Z04,0.9240695834375976
4877,MEL_Z04,0.8056053718107364
4878,MEL_Z04,0.9570908410040653
4879,MEL_Z04,0.9664143823039175
4880,MEL_Z03,0.9691546048455552
4881,MEL_Z03,0.658104672868324
4882,MEL_Z03,0.8846981462919256
4883,MEL_Z03,0.9016085307569593
4884,MEL_Z03,0.923246969707816
4885,MEL_Z03,0.9276737951266492
4886,MEL_Z03,0.9005818903396791
4887,MEL_Z03,0.9432216967110985
4888,MEL_Z03,0.3761589976791958
4889,MEL_Z03,0.9534731901853236
4890,MEL_Z03,0.9915093206241559
4891,MEL_Z03,0.9574585401523258
4892,MEL_Z03,0.2911121564763703
4893,MEL_Z02,0.7364142213609307
4894,MEL_Z02,0.9966227222508327
4895,MEL_Z02,0.9773610484224065
4896,MEL_Z02,0.8863354455718179
4897,MEL_Z02,0.9507852745700675
4898,MEL_Z01,0.9432478219778712
4899,MEL_Z01,0.9609276600720282
4900,MEL_Z01,0.9689743357982952
4901,MEL_Z01,0.28491823974631075
4902,MEL_Z01,0.7114066658964351
4903,MEL_Z01,0.970907224561782
4904,MEL_Z01,0.9944527891960111
4905,MEL_Z01,0.994700559740866
4906,MEL_Z01,0.9828506302566087
4907,MEL_Z01,0.020054916493414236
4908,MEL_Z01,0.19323737088318113
4909,MEL_Z01,0.30487324211283146
4910,MEL_Z01,0.3866994283444462
4911,MEL_Z01,0.3672425299476773
4912,MEL_Z01,0.1412660817065907
4913,MEL_Z01,0.010885281385281387
4914,MEL_Z01,0.012125458474022814
4915,MEL_Z01,0.006938961038961039
4916,MEL_Z01,0.008509090909090909
4921,MEL_Z11,0.024546358393537217
4922,MEL_Z11,0.014032148171445878
4923,MEL_Z11,0.038363105261974124
4924,MEL_Z11,0.3111515159587848
4925,MEL_Z11,0.2539973103992656
4926,MEL_Z11,0.030527617621964636
4927,MEL_Z11,0.022493333097376614
4928,MEL_Z11,0.011301440909454978
4929,MEL_Z11,0.006948451572336346
4930,MEL_Z11,0.06455777345054521
4931,MEL_Z11,0.036929784753311753
4932,MEL_Z11,0.03314953390998495
4933,MEL_Z11,0.010515667989579374
4934,MEL_Z11,0.04853775977773412
4935,MEL_Z11,0.16596751078300695
4936,MEL_Z10,0.05320064656191261
4937,MEL_Z10,0.018021818886293683
4938,MEL_Z10,0.120668094747491
4939,MEL_Z10,0.03286639453700598
4940,MEL_Z10,0.07048982021646966
4941,MEL_Z10,0.028690796720799154
4942,MEL_Z10,0.029462001282841602
4943,MEL_Z10,0.020070937037257017
4944,MEL_Z10,0.10633143485339326
4945,MEL_Z10,0.09851614927712765
4946,MEL_Z10,0.0427061402805895
4947,MEL_Z10,0.04187078895754366
4948,MEL_Z10,0.08377588751981796
4949,MEL_Z10,0.04642227218107736
4950,MEL_Z10,0.4408567439953592
4951,MEL_Z09,0.028060927565576013
4952,MEL_Z09,0.030185205131639612
4953,MEL_Z09,0.04898580034321665
4954,MEL_Z09,0.5449421576454967
4955,MEL_Z09,0.10750199012886741
4956,MEL_Z09,0.07414361016171746
4957,MEL_Z09,0.08718977159520665
4958,MEL_Z09,0.07517173115290926
4959,MEL_Z09,0.02965852150792061
4960,MEL_Z09,0.32488447420463146
4961,MEL_Z09,0.0992006641401393
4962,MEL_Z09,0.03449329953568432
4963,MEL_Z09,0.019889384478609752
4964,MEL_Z09,0.048457842781887916
4965,MEL_Z08,0.12191232230095783
4966,MEL_Z08,0.16235777748709687
4967,MEL_Z08,0.05678740214252115
4968,MEL_Z08,0.30073131495966915
4969,MEL_Z08,0.2578487584248375
4970,MEL_Z08,0.03711631904256109
4971,MEL_Z08,0.03470676787887925
4972,MEL_Z07,0.009316057907487931
4973,MEL_Z07,0.0023593488970340085
4974,MEL_Z07,0.00331692620457403
4975,MEL_Z07,0.00840958877666306
4976,MEL_Z07,0.16395871981147023
4977,MEL_Z07,0.11569211889900494
4978,MEL_Z07,0.03774848901440016
4979,MEL_Z07,0.12601028756995425
4980,MEL_Z07,0.13204814349824776
4981,MEL_Z07,0.26453053727841963
4982,MEL_Z07,0.2088426390369953
4983,MEL_Z07,0.1314909940703654
4984,MEL_Z07,0.17587795732332762
4985,MEL_Z07,0.5520079827344248
4986,MEL_Z07,0.06241873885351886
4987,MEL_Z06,0.7435628442076668
4988,MEL_Z06,0.13536067747180128
4989,MEL_Z06,0.3941670208876089
4990,MEL_Z06,0.2863479566329089
4991,MEL_Z06,0.6121531413541802
4992,MEL_Z06,0.17144896027895173
4993,MEL_Z06,0.18086138495645054
4994,MEL_Z06,0.2606299966442633
4995,MEL_Z06,0.29584024566322364
4996,MEL_Z06,0.03149570804386556
4997,MEL_Z06,0.6963101927586188
4998,MEL_Z06,0.024509977665402947
4999,MEL_Z06,0.036014648934375046
5000,MEL_Z05,0.06416377631556688
5001,MEL_Z05,0.2236915790558578
5002,MEL_Z05,0.021764820420692062
5003,MEL_Z05,0.1554089366025205
5004,MEL_Z05,0.11352783789274681
5005,MEL_Z05,0.08960062693120953
5006,MEL_Z05,0.013774605896792927
5007,MEL_Z05,0.018228696121990406
5008,MEL_Z05,0.1773646272504502
5009,MEL_Z05,0.2191852782458623
5010,MEL_Z05,0.31856434205090106
5011,MEL_Z05,0.29274469780524903
5012,MEL_Z05,0.38220905432154056
5013,MEL_Z05,0.8749703135818577
5014,MEL_Z04,0.8599930070695652
5015,MEL_Z04,0.8393687853145971
5016,MEL_Z04,0.9474477870881107
5017,MEL_Z04,0.2518048067011191
5018,MEL_Z04,0.7550722332380158
5019,MEL_Z04,0.7909567672283224
5020,MEL_Z04,0.8116577943854977
5021,MEL_Z04,0.9811476593680053
5022,MEL_Z04,0.6231159313661518
5023,MEL_Z04,0.8533651116724231
5024,MEL_Z04,0.047021818719009026
5025,MEL_Z04,0.889895957968936
5026,MEL_Z04,0.8917054457894676
5027,MEL_Z04,0.714245295725187
5028,MEL_Z03,0.9781654705465749
5029,MEL_Z03,0.9109591188518019
5030,MEL_Z03,0.8960046882831265
5031,MEL_Z03,0.27436642631694047
5032,MEL_Z03,0.3037353186033318
5033,MEL_Z03,0.8630736684847509
5034,MEL_Z03,0.876081060654746
5035,MEL_Z03,0.5420832515340542
5036,MEL_Z03,0.38707334368941104
5037,MEL_Z03,0.7821104159639906
5038,MEL_Z03,0.988352764861615
5039,MEL_Z03,0.9885743481312248
5040,MEL_Z03,0.8983157535465008
5041,MEL_Z02,0.4097179812640908
5042,MEL_Z02,0.3983953131086827
5043,MEL_Z02,0.6016423790826136
5044,MEL_Z02,0.9483583019375363
5045,MEL_Z02,0.36995717650574517
5046,MEL_Z02,0.9469688829292522
5047,MEL_Z02,0.9835340410685802
5048,MEL_Z01,0.9075851431583081
5049,MEL_Z01,0.9858113437430108
5050,MEL_Z01,0.7691980787826984
5051,MEL_Z01,0.979925704117789
5052,MEL_Z01,0.9972665929919404
5053,MEL_Z01,0.9967511004170568
5054,MEL_Z01,0.9891430017743335
5055,MEL_Z01,0.9692201216275181
5056,MEL_Z01,0.7185543841978914
5057,MEL_Z01,0.2954701514455703
5058,MEL_Z01,0.428463371493756
5059,MEL_Z01,0.4988974293308126
5060,MEL_Z01,0.40753895628279196
5061,MEL_Z01,0.027770596924094667
5062,MEL_Z01,0.011363852813852816
5063,MEL_Z01,0.0025460317460317457
5064,MEL_Z01,0.005910263668828011
5065,MEL_Z01,0.008509090909090909
5068,MEL_Z11,0.024357699525719093
5069,MEL_Z11,0.01289336848738028
5070,MEL_Z11,0.023501431942384143
5071,MEL_Z11,0.012356900706036286
5072,MEL_Z11,0.08014201943207402
5073,MEL_Z11,0.05082481985469907
5074,MEL_Z11,0.10288807710372752
5075,MEL_Z11,0.03051260019170627
5076,MEL_Z11,0.018757963336591178
5077,MEL_Z11,0.03293939773104178
5078,MEL_Z11,0.07277625118684125
5079,MEL_Z11,0.19980560510355408
5080,MEL_Z11,0.05274591807546775
5081,MEL_Z11,0.4154134951323758
5082,MEL_Z11,0.1389264366802194
5083,MEL_Z11,0.09368029206632116
5084,MEL_Z11,0.02382177439255051
5085,MEL_Z10,0.013974129768582273
5086,MEL_Z10,0.05681434994945444
5087,MEL_Z10,0.014750452979259875
5088,MEL_Z10,0.02433257371967631
5089,MEL_Z10,0.026843825264652114
5090,MEL_Z10,0.10846248410562767
5091,MEL_Z10,0.03926920991046199
5092,MEL_Z10,0.027426724672913204
5093,MEL_Z10,0.05160190080960247
5094,MEL_Z10,0.27910323506413254
5095,MEL_Z10,0.21843152759105638
5096,MEL_Z10,0.13311369812404222
5097,MEL_Z10,0.7267474189089896
5098,MEL_Z10,0.06456635776886722
5099,MEL_Z10,0.12963984502198259
5100,MEL_Z09,0.17567631060004896
5101,MEL_Z09,0.02316564559280017
5102,MEL_Z09,0.05104708590258049
5103,MEL_Z09,0.05759453669996185
5104,MEL_Z09,0.016710608955839663
5105,MEL_Z09,0.012328536033498661
5106,MEL_Z09,0.14088325257600554
5107,MEL_Z09,0.2081541944565829
5108,MEL_Z09,0.10488459157240296
5109,MEL_Z09,0.018821255060862088
5110,MEL_Z09,0.03094777884576604
5111,MEL_Z09,0.033377496230139275
5112,MEL_Z09,0.04206541923668684
5113,MEL_Z09,0.012780330919960455
5114,MEL_Z08,0.10480188832000009
5115,MEL_Z08,0.01843109900217604
5116,MEL_Z08,0.12739132638039344
5117,MEL_Z08,0.07354512423943405
5118,MEL_Z08,0.00451933152017848
5119,MEL_Z08,0.002256887624033484
5120,MEL_Z08,0.003615711153445249
5121,MEL_Z08,0.023827377507778125
5122,MEL_Z07,0.007180380070135789
5123,MEL_Z07,0.009396406570805487
5124,MEL_Z07,0.014307587218900231
5125,MEL_Z07,0.11729474650495299
5126,MEL_Z07,0.17769816297545998
5127,MEL_Z07,0.3278076238823761
5128,MEL_Z07,0.266025507310824
5129,MEL_Z07,0.3127210745392132
5130,MEL_Z07,0.4286105458761216
5131,MEL_Z07,0.5724787425505102
5132,MEL_Z07,0.33280241289960816
5133,MEL_Z07,0.6708326631786048
5134,MEL_Z07,0.17031901407340883
5135,MEL_Z07,0.10391511971765917
5136,MEL_Z06,0.20266601419453056
5137,MEL_Z06,0.28002179957921297
5138,MEL_Z06,0.42012542536072667
5139,MEL_Z06,0.4279213754377544
5140,MEL_Z06,0.791925519427834
5141,MEL_Z06,0.361794913959061
5142,MEL_Z06,0.27280034017447824
5143,MEL_Z06,0.39037179487429685
5144,MEL_Z06,0.24862923388048427
5145,MEL_Z06,0.1392952691732134
5146,MEL_Z06,0.1809352607228539
5147,MEL_Z06,0.16810130927398703
5148,MEL_Z06,0.19074414535378262
5149,MEL_Z05,0.24022533411855151
5150,MEL_Z05,0.23838338729294115
5151,MEL_Z05,0.2609729902009162
5152,MEL_Z05,0.25333077326210046
5153,MEL_Z05,0.6692886411326102
5154,MEL_Z05,0.7313645350414048
5155,MEL_Z05,0.6181397384217152
5156,MEL_Z05,0.26757500087511904
5157,MEL_Z05,0.28447118687250167
5158,MEL_Z05,0.3212329925838466
5159,MEL_Z05,0.43389780620132823
5160,MEL_Z05,0.6435058604261735
5161,MEL_Z05,0.5039121582505229
5162,MEL_Z04,0.7882848483975078
5163,MEL_Z04,0.8765445020959259
5164,MEL_Z04,0.7766548982877052
5165,MEL_Z04,0.5277641628792976
5166,MEL_Z04,0.20806742260171088
5167,MEL_Z04,0.926317034862561
5168,MEL_Z04,0.9666342968702382
5169,MEL_Z04,0.8719801740289114
5170,MEL_Z04,0.7131622133346598
5171,MEL_Z04,0.6995240421015692
5172,MEL_Z04,0.8932096087916251
5173,MEL_Z04,0.8891864795047885
5174,MEL_Z04,0.9361201336083763
5175,MEL_Z04,0.21594743059362748
5176,MEL_Z04,0.9827779916511292
5177,MEL_Z03,0.9193022942597758
5178,MEL_Z03,0.925780560877426
5179,MEL_Z03,0.9478835437598607
5180,MEL_Z03,0.8387227635015665
5181,MEL_Z03,0.14476162638885076
5182,MEL_Z03,0.22179034707060538
5183,MEL_Z03,0.18722303927712375
5184,MEL_Z03,0.36179846941109345
5185,MEL_Z03,0.242697702646323
5186,MEL_Z03,0.907680039886205
5187,MEL_Z03,0.9700800228900585
5188,MEL_Z03,0.9571432761040686
5189,MEL_Z03,0.708270740225847
5190,MEL_Z02,0.4091102443216988
5191,MEL_Z02,0.3881524346200199
5192,MEL_Z02,0.4423859987605775
5193,MEL_Z02,0.7249800230767499
5194,MEL_Z02,0.4225816697313355
5195,MEL_Z02,0.6832860316041064
5196,MEL_Z02,0.9823091824852737
5197,MEL_Z01,0.935348975008428
5198,MEL_Z01,0.9141199002232995
5199,MEL_Z01,0.9898292846942883
5200,MEL_Z01,0.9933756929041887
5201,MEL_Z01,0.993566446873017
5202,MEL_Z01,0.9888531322815827
5203,MEL_Z01,0.9648374553371245
5204,MEL_Z01,0.6462872203598954
5205,MEL_Z01,0.4193144127615773
5206,MEL_Z01,0.44559622632776263
5207,MEL_Z01,0.6506057140712146
5208,MEL_Z01,0.37818267990967913
5209,MEL_Z01,0.1413103482157953
5210,MEL_Z01,0.03504274880709233
5211,MEL_Z01,0.023595423838846556
5212,MEL_Z01,0.0005793650793650793
5213,MEL_Z01,0.011382852191416534
5217,MEL_Z11,0.020573343889503097
5218,MEL_Z11,0.03950430027980921
5219,MEL_Z11,0.04032820991136833
5220,MEL_Z11,0.023344157816973927
5221,MEL_Z11,0.010695594264435539
5222,MEL_Z11,0.07012235115313604
5223,MEL_Z11,0.03303620412394518
5224,MEL_Z11,0.007112720021879225
5225,MEL_Z11,0.017934546917574342
5226,MEL_Z11,0.042416545646855104
5227,MEL_Z11,0.04167656759852891
5228,MEL_Z11,0.20329880845492404
5229,MEL_Z11,0.08443646731741822
5230,MEL_Z11,0.06529642579483659
5231,MEL_Z11,0.02429655462453414
5232,MEL_Z11,0.018343273376768564
5233,MEL_Z11,0.042481550401344895
5234,MEL_Z10,0.08068958050009663
5235,MEL_Z10,0.04690085553205474
5236,MEL_Z10,0.27431681849220785
5237,MEL_Z10,0.1789291506128433
5238,MEL_Z10,0.08265264870336024
5239,MEL_Z10,0.06132158788351039
5240,MEL_Z10,0.0899522112199086
5241,MEL_Z10,0.013573145779669674
5242,MEL_Z10,0.016914015732296315
5243,MEL_Z10,0.3656898152927724
5244,MEL_Z10,0.15347751451178998
5245,MEL_Z10,0.14394146201291888
5246,MEL_Z10,0.025601495136765164
5247,MEL_Z10,0.14029642426287842
5248,MEL_Z10,0.09651441167665384
5249,MEL_Z09,0.03375254525749698
5250,MEL_Z09,0.01977990069542292
5251,MEL_Z09,0.019497412832079005
5252,MEL_Z09,0.01115501983635944
5253,MEL_Z09,0.040901839248252754
5254,MEL_Z09,0.018042199888322064
5255,MEL_Z09,0.017710164610449657
5256,MEL_Z09,0.026893065797262226
5257,MEL_Z09,0.026657287571794443
5258,MEL_Z09,0.0779188393928538
5259,MEL_Z09,0.036584844317399626
5260,MEL_Z09,0.440681635469395
5261,MEL_Z09,0.1226421509281257
5262,MEL_Z08,0.05639280989452881
5263,MEL_Z08,0.08773597669804568
5264,MEL_Z08,0.02354456463587249
5265,MEL_Z08,0.01332588251646209
5266,MEL_Z08,0.2155901716771444
5267,MEL_Z08,0.2376670449861584
5268,MEL_Z08,0.0030341374450295303
5269,MEL_Z08,0.007197732766421594
5270,MEL_Z08,0.003814475451878228
5271,MEL_Z07,0.014681917386061139
5272,MEL_Z07,0.022103182664953452
5273,MEL_Z07,0.219263252895142
5274,MEL_Z07,0.1931198201215373
5275,MEL_Z07,0.15549645301622536
5276,MEL_Z07,0.3863331495945442
5277,MEL_Z07,0.3278150333574892
5278,MEL_Z07,0.7060319205659851
5279,MEL_Z07,0.45887086473621697
5280,MEL_Z07,0.8966529895873244
5281,MEL_Z07,0.4647872218502353
5282,MEL_Z07,0.22119351459889325
5283,MEL_Z07,0.20843636934533435
5284,MEL_Z07,0.2803885920448121
5285,MEL_Z06,0.22116259831206594
5286,MEL_Z06,0.5582906979553723
5287,MEL_Z06,0.5286492145198939
5288,MEL_Z06,0.8439101050897917
5289,MEL_Z06,0.8920566702986337
5290,MEL_Z06,0.8580066630724453
5291,MEL_Z06,0.7739106711360587
5292,MEL_Z06,0.7580037060954314
5293,MEL_Z06,0.8304157843713238
5294,MEL_Z06,0.3574121208121438
5295,MEL_Z06,0.9178204515182862
5296,MEL_Z06,0.5018620927610519
5297,MEL_Z06,0.45441282440417
5298,MEL_Z05,0.35823650277878366
5299,MEL_Z05,0.2754342960763704
5300,MEL_Z05,0.22557912443541406
5301,MEL_Z05,0.32930952534283586
5302,MEL_Z05,0.8209859030374598
5303,MEL_Z05,0.7960942663764079
5304,MEL_Z05,0.7187840318613066
5305,MEL_Z05,0.29725798983618196
5306,MEL_Z05,0.6167433766277273
5307,MEL_Z05,0.5266863011669122
5308,MEL_Z05,0.409189972432396
5309,MEL_Z05,0.49083116113926345
5310,MEL_Z05,0.5997661145637732
5311,MEL_Z04,0.5532846353348696
5312,MEL_Z04,0.9025728966387659
5313,MEL_Z04,0.4939792273844523
5314,MEL_Z04,0.9564352834133153
5315,MEL_Z04,0.5432567624458423
5316,MEL_Z04,0.954783091744309
5317,MEL_Z04,0.38178874170572347
5318,MEL_Z04,0.6947190612792286
5319,MEL_Z04,0.2123055166605674
5320,MEL_Z04,0.5660319222101013
5321,MEL_Z04,0.9323249173636533
5322,MEL_Z04,0.948654466598334
5323,MEL_Z04,0.7820610708303868
5324,MEL_Z04,0.2910627053372689
5325,MEL_Z04,0.9875119172133945
5326,MEL_Z03,0.9430874382983511
5327,MEL_Z03,0.9623315814242223
5328,MEL_Z03,0.9380492070976767
5329,MEL_Z03,0.6698703105673999
5330,MEL_Z03,0.6620615010707366
5331,MEL_Z03,0.1862049785829676
5332,MEL_Z03,0.17321314991864628
5333,MEL_Z03,0.1123136694486306
5334,MEL_Z03,0.8388614606515419
5335,MEL_Z03,0.9356421974253755
5336,MEL_Z03,0.9745768435078824
5337,MEL_Z03,0.9567784592473838
5338,MEL_Z03,0.9886651827008391
5339,MEL_Z02,0.722490397961793
5340,MEL_Z02,0.23994746667692698
5341,MEL_Z02,0.17922700002962902
5342,MEL_Z02,0.2760031352203203
5343,MEL_Z02,0.6727001189512339
5344,MEL_Z02,0.6618864628194683
5345,MEL_Z02,0.9878032435783696
5346,MEL_Z02,0.9042063407656576
5347,MEL_Z01,0.9823857849708834
5348,MEL_Z01,0.9934126616464979
5349,MEL_Z01,0.9867255960277479
5350,MEL_Z01,0.99162262302611
5351,MEL_Z01,0.960777555849786
5352,MEL_Z01,0.8868884733192632
5353,MEL_Z01,0.3950030112880541
5354,MEL_Z01,0.46800650534834365
5355,MEL_Z01,0.46540262489438766
5356,MEL_Z01,0.5565315651579683
5357,MEL_Z01,0.45055965137373777
5358,MEL_Z01,0.2761180251643464
5359,MEL_Z01,0.02859898216183828
5360,MEL_Z01,0.02657896613190731
5361,MEL_Z01,0.007285257858083945
5362,MEL_Z01,0.004398275364734443
5365,MEL_Z11,0.012895140044653704
5366,MEL_Z11,0.080626023327668
5367,MEL_Z11,0.19443546533046366
5368,MEL_Z11,0.04655529569464768
5369,MEL_Z11,0.032189436642217475
5370,MEL_Z11,0.025032130066755767
5371,MEL_Z11,0.01779676718725185
5372,MEL_Z11,0.03111275126238552
5373,MEL_Z11,0.09950632963903697
5374,MEL_Z11,0.04322130101928126
5375,MEL_Z11,0.18159602985832346
5376,MEL_Z11,0.05508197332595492
5377,MEL_Z11,0.0609132039343459
5378,MEL_Z11,0.07962578685949379
5379,MEL_Z11,0.1664749151197399
5380,MEL_Z11,0.12281572304085388
5381,MEL_Z11,0.11040940556522935
5382,MEL_Z11,0.023170977587313218
5383,MEL_Z10,0.09480293218909189
5384,MEL_Z10,0.2091129260424748
5385,MEL_Z10,0.032362406513510494
5386,MEL_Z10,0.22032585498805707
5387,MEL_Z10,0.1412693730945602
5388,MEL_Z10,0.1628675815776992
5389,MEL_Z10,0.09350302055526853
5390,MEL_Z10,0.13282639783718206
5391,MEL_Z10,0.6982019639184052
5392,MEL_Z10,0.0687424135368149
5393,MEL_Z10,0.0391717456255223
5394,MEL_Z10,0.02347975043978066
5395,MEL_Z10,0.04098411624869551
5396,MEL_Z10,0.1256890314278804
5397,MEL_Z09,0.05430916576497368
5398,MEL_Z09,0.03364542988394951
5399,MEL_Z09,0.014609764740334265
5400,MEL_Z09,0.024953722415176485
5401,MEL_Z09,0.06480977044510693
5402,MEL_Z09,0.027133538892252663
5403,MEL_Z09,0.03645510305556857
5404,MEL_Z09,0.02627800931379162
5405,MEL_Z09,0.023569840607880522
5406,MEL_Z09,0.10676484835095222
5407,MEL_Z09,0.1137995682639577
5408,MEL_Z09,0.06014370664902502
5409,MEL_Z09,0.015818315685941445
5410,MEL_Z09,0.015741079691168575
5411,MEL_Z08,0.00701660001416049
5412,MEL_Z08,0.16598488176421045
5413,MEL_Z08,0.014023509064837866
5414,MEL_Z08,0.016921073946185024
5415,MEL_Z08,0.005644189287681818
5416,MEL_Z08,0.014517062778239805
5417,MEL_Z08,0.013314083710610304
5418,MEL_Z08,0.0287789978895639
5419,MEL_Z08,0.014099235699045353
5420,MEL_Z08,0.06274556367978905
5421,MEL_Z07,0.02067529487413229
5422,MEL_Z07,0.08144392787540566
5423,MEL_Z07,0.011138568281835898
5424,MEL_Z07,0.1591116674541638
5425,MEL_Z07,0.4120233692466624
5426,MEL_Z07,0.4432002289619788
5427,MEL_Z07,0.4213312708476506
5428,MEL_Z07,0.5932765927754078
5429,MEL_Z07,0.7004798602386494
5430,MEL_Z07,0.8523871317967116
5431,MEL_Z07,0.4296352224858373
5432,MEL_Z07,0.3099988598255614
5433,MEL_Z07,0.5137100977215575
5434,MEL_Z06,0.6671078335515107
5435,MEL_Z06,0.900227237017705
5436,MEL_Z06,0.7980961169494115
5437,MEL_Z06,0.24255822208909078
5438,MEL_Z06,0.4004935380732568
5439,MEL_Z06,0.19579534931836204
5440,MEL_Z06,0.3830383411541887
5441,MEL_Z06,0.2332745778397134
5442,MEL_Z06,0.2895799085087795
5443,MEL_Z06,0.3937025727662675
5444,MEL_Z06,0.7151158094663461
5445,MEL_Z06,0.41514470201699566
5446,MEL_Z06,0.29720002171987797
5447,MEL_Z05,0.7250300974583932
5448,MEL_Z05,0.3823303059169932
5449,MEL_Z05,0.491806645104763
5450,MEL_Z05,0.3509334671147408
5451,MEL_Z05,0.847301620890013
5452,MEL_Z05,0.8628813608240565
5453,MEL_Z05,0.7632664313622862
5454,MEL_Z05,0.5466772378336243
5455,MEL_Z05,0.5284519557270231
5456,MEL_Z05,0.4832865556368979
5457,MEL_Z05,0.2940359094801153
5458,MEL_Z05,0.3566251302882678
5459,MEL_Z05,0.4049527727268778
5460,MEL_Z04,0.17387291819047115
5461,MEL_Z04,0.45006543488973605
5462,MEL_Z04,0.5892093452912182
5463,MEL_Z04,0.7429632398873469
5464,MEL_Z04,0.6945405806880139
5465,MEL_Z04,0.8339840159305831
5466,MEL_Z04,0.8867291194331016
5467,MEL_Z04,0.8311703122708476
5468,MEL_Z04,0.6418463072064329
5469,MEL_Z04,0.8782960934729621
5470,MEL_Z04,0.8659818753085659
5471,MEL_Z04,0.9145958444094875
5472,MEL_Z04,0.6348224086447612
5473,MEL_Z04,0.2538771583254546
5474,MEL_Z03,0.9217680440303201
5475,MEL_Z03,0.9209961539849092
5476,MEL_Z03,0.6288875570223883
5477,MEL_Z03,0.9312019172184591
5478,MEL_Z03,0.8128695563216932
5479,MEL_Z03,0.5253583386821907
5480,MEL_Z03,0.6252076934787648
5481,MEL_Z03,0.06979964913976314
5482,MEL_Z03,0.18323464268207498
5483,MEL_Z03,0.8563266968089058
5484,MEL_Z03,0.985580970041983
5485,MEL_Z03,0.9914491801388979
5486,MEL_Z03,0.9948066945980737
5487,MEL_Z03,0.9946033738432803
5488,MEL_Z02,0.2952008626580822
5489,MEL_Z02,0.2654185571779868
5490,MEL_Z02,0.12024312049066505
5491,MEL_Z02,0.15272369469832173
5492,MEL_Z02,0.3285155720177397
5493,MEL_Z02,0.9939155574501095
5494,MEL_Z02,0.9859022370861408
5495,MEL_Z02,0.7951854573831433
5496,MEL_Z01,0.9959320272079399
5497,MEL_Z01,0.994445566373095
5498,MEL_Z01,0.9944278403656419
5499,MEL_Z01,0.9791219329633638
5500,MEL_Z01,0.2291291862422827
5501,MEL_Z01,0.21239068089275573
5502,MEL_Z01,0.905587797304718
5503,MEL_Z01,0.9343579578491511
5504,MEL_Z01,0.6615550227224233
5505,MEL_Z01,0.8126882175607155
5506,MEL_Z01,0.6003731827723574
5507,MEL_Z01,0.2311321798985162
5508,MEL_Z01,0.046954124796771864
5509,MEL_Z01,0.005757858188123005
5510,MEL_Z01,0.007735611948438036
5513,MEL_Z11,0.027818509625476738
5514,MEL_Z11,0.005470127359286293
5515,MEL_Z11,0.08559475478218986
5516,MEL_Z11,0.28889897438111667
5517,MEL_Z11,0.08715188684589097
5518,MEL_Z11,0.00853125172135121
5519,MEL_Z11,0.007856029432059243
5520,MEL_Z11,0.029009730250892117
5521,MEL_Z11,0.05613904478002221
5522,MEL_Z11,0.021782647165245094
5523,MEL_Z11,0.1147038188688663
5524,MEL_Z11,0.19917031046208866
5525,MEL_Z11,0.15895767294312266
5526,MEL_Z11,0.03892577306319979
5527,MEL_Z11,0.024185818799834027
5528,MEL_Z11,0.6501477336763082
5529,MEL_Z11,0.12417860666512003
5530,MEL_Z11,0.12019389504520765
5531,MEL_Z11,0.13887402944138288
5532,MEL_Z10,0.17301104499262596
5533,MEL_Z10,0.4881672779661967
5534,MEL_Z10,0.29172455077728987
5535,MEL_Z10,0.17913612097375844
5536,MEL_Z10,0.18514338269761127
5537,MEL_Z10,0.7486050200947415
5538,MEL_Z10,0.7219138112962794
5539,MEL_Z10,0.15202543341729272
5540,MEL_Z10,0.18640922726020223
5541,MEL_Z10,0.26370908157732437
5542,MEL_Z10,0.23966403625864552
5543,MEL_Z10,0.3198553145423767
5544,MEL_Z10,0.12828681996358923
5545,MEL_Z10,0.10646472017956983
5546,MEL_Z09,0.061653293362652774
5547,MEL_Z09,0.036390003953225815
5548,MEL_Z09,0.11424533738148178
5549,MEL_Z09,0.06831070230089265
5550,MEL_Z09,0.06125262478189305
5551,MEL_Z09,0.053501431871160715
5552,MEL_Z09,0.023086172997120805
5553,MEL_Z09,0.06240726169629705
5554,MEL_Z09,0.044677910335809166
5555,MEL_Z09,0.1277033714313955
5556,MEL_Z09,0.2189883747510506
5557,MEL_Z09,0.13924758709759275
5558,MEL_Z09,0.014974181281791024
5559,MEL_Z09,0.007532763317850929
5560,MEL_Z08,0.12103432497103787
5561,MEL_Z08,0.07123366110998379
5562,MEL_Z08,0.08722978310704697
5563,MEL_Z08,0.15886704285732198
5564,MEL_Z08,0.016940054166566576
5565,MEL_Z08,0.0815867392548
5566,MEL_Z08,0.2935338497171139
5567,MEL_Z08,0.010521912227746587
5568,MEL_Z08,0.0073643411130704375
5569,MEL_Z08,0.014311347960103638
5570,MEL_Z08,0.04342520766858514
5571,MEL_Z07,0.1796867245413545
5572,MEL_Z07,0.2704242198543436
5573,MEL_Z07,0.272969796117483
5574,MEL_Z07,0.8276330124627592
5575,MEL_Z07,0.477145072994955
5576,MEL_Z07,0.21364790476496084
5577,MEL_Z07,0.084428569805243
5578,MEL_Z07,0.5670914709284423
5579,MEL_Z07,0.7505791568455125
5580,MEL_Z07,0.8695075618642049
5581,MEL_Z07,0.8932636849294732
5582,MEL_Z07,0.7166543403806576
5583,MEL_Z06,0.2749079828104077
5584,MEL_Z06,0.40809963819498074
5585,MEL_Z06,0.18811545018926315
5586,MEL_Z06,0.019401199291975247
5587,MEL_Z06,0.024478198455247745
5588,MEL_Z06,0.22800291856649052
5589,MEL_Z06,0.44398046738890684
5590,MEL_Z06,0.5422645952862577
5591,MEL_Z06,0.15809494166249508
5592,MEL_Z06,0.07368527823951973
5593,MEL_Z06,0.07490848949544278
5594,MEL_Z06,0.10276033125011538
5595,MEL_Z06,0.08376988968654502
5596,MEL_Z05,0.14868084710128632
5597,MEL_Z05,0.11238271205271512
5598,MEL_Z05,0.1269424938850917
5599,MEL_Z05,0.11192780732766652
5600,MEL_Z05,0.15661592128357288
5601,MEL_Z05,0.31471320083051435
5602,MEL_Z05,0.28464333267830133
5603,MEL_Z05,0.3281954991788524
5604,MEL_Z05,0.29295944644650174
5605,MEL_Z05,0.3985639495290986
5606,MEL_Z05,0.08979295343019447
5607,MEL_Z05,0.04945817046339944
5608,MEL_Z05,0.2505949661932829
5609,MEL_Z04,0.35491808810297115
5610,MEL_Z04,0.3984894685292975
5611,MEL_Z04,0.684487014769312
5612,MEL_Z04,0.43453815838229715
5613,MEL_Z04,0.27108341431268806
5614,MEL_Z04,0.363136935966641
5615,MEL_Z04,0.5219809021967975
5616,MEL_Z04,0.5632909010185034
5617,MEL_Z04,0.5431427642548899
5618,MEL_Z04,0.920176744278799
5619,MEL_Z04,0.8888533422852616
5620,MEL_Z04,0.9074247733343567
5621,MEL_Z04,0.8379277393368564
5622,MEL_Z04,0.7843946015115874
5623,MEL_Z03,0.4680531405935364
5624,MEL_Z03,0.9029990085338205
5625,MEL_Z03,0.7115418479011414
5626,MEL_Z03,0.8976412680717697
5627,MEL_Z03,0.3916610966176444
5628,MEL_Z03,0.6368485370008161
5629,MEL_Z03,0.6542165976102038
5630,MEL_Z03,0.22878245805413153
5631,MEL_Z03,0.8458509272154837
5632,MEL_Z03,0.1352890444962642
5633,MEL_Z03,0.9920809488645899
5634,MEL_Z03,0.9894720613430285
5635,MEL_Z03,0.9921369883896269
5636,MEL_Z03,0.9820652786015336
5637,MEL_Z02,0.30375419679000504
5638,MEL_Z02,0.22235335199993278
5639,MEL_Z02,0.21715930103451303
5640,MEL_Z02,0.9603004230009582
5641,MEL_Z02,0.6742154441547221
5642,MEL_Z02,0.9949652287271354
5643,MEL_Z02,0.9944680854904029
5644,MEL_Z02,0.920730161789608
5645,MEL_Z02,0.9659378950184728
5646,MEL_Z01,0.9860249992331708
5647,MEL_Z01,0.9949945503356316
5648,MEL_Z01,0.6396290643360109
5649,MEL_Z01,0.24734567704441526
5650,MEL_Z01,0.7986378785042678
5651,MEL_Z01,0.7544673749334871
5652,MEL_Z01,0.8734832455314819
5653,MEL_Z01,0.9814211721753276
5654,MEL_Z01,0.7943136600900537
5655,MEL_Z01,0.4025755361277243
5656,MEL_Z01,0.15931952983675962
5657,MEL_Z01,0.091647634739049
5658,MEL_Z01,0.003326486042945122
5659,MEL_Z01,0.006364705882352941
5662,MEL_Z11,0.013046677421357004
5663,MEL_Z11,0.01909184257281897
5664,MEL_Z11,0.19436854700152842
5665,MEL_Z11,0.07955103950383184
5666,MEL_Z11,0.0482075835074368
5667,MEL_Z11,0.029736730959222493
5668,MEL_Z11,0.01005421925610089
5669,MEL_Z11,0.017511954272021353
5670,MEL_Z11,0.020654273012044144
5671,MEL_Z11,0.020725006536330803
5672,MEL_Z11,0.03806587453698749
5673,MEL_Z11,0.05757997291375768
5674,MEL_Z11,0.04186809188359121
5675,MEL_Z11,0.06326725629462093
5676,MEL_Z11,0.06774163128086341
5677,MEL_Z11,0.4102458189261884
5678,MEL_Z11,0.26142957251301485
5679,MEL_Z11,0.0780797282998162
5680,MEL_Z11,0.17331863944896878
5681,MEL_Z10,0.459272728277839
5682,MEL_Z10,0.388142251864452
5683,MEL_Z10,0.27881898833921087
5684,MEL_Z10,0.1259579983235507
5685,MEL_Z10,0.1854666438763528
5686,MEL_Z10,0.3401335004326523
5687,MEL_Z10,0.39478813969721516
5688,MEL_Z10,0.37646440118150837
5689,MEL_Z10,0.40383014627658387
5690,MEL_Z10,0.6975026814192354
5691,MEL_Z10,0.7107471026355264
5692,MEL_Z10,0.2338114769306814
5693,MEL_Z10,0.19352391566981356
5694,MEL_Z10,0.29745708770933194
5695,MEL_Z09,0.284377041482769
5696,MEL_Z09,0.125067869314712
5697,MEL_Z09,0.13542405758156534
5698,MEL_Z09,0.3005206312378137
5699,MEL_Z09,0.06051613926277902
5700,MEL_Z09,0.034634949501612125
5701,MEL_Z09,0.057598394890595955
5702,MEL_Z09,0.16646048976969813
5703,MEL_Z09,0.5846755834296111
5704,MEL_Z09,0.0603353650408835
5705,MEL_Z09,0.4741389550389216
5706,MEL_Z09,0.09594820647670538
5707,MEL_Z09,0.044762937369191756
5708,MEL_Z09,0.05302709825547835
5709,MEL_Z08,0.2079152535442796
5710,MEL_Z08,0.10619053395770522
5711,MEL_Z08,0.035580536957408745
5712,MEL_Z08,0.006681218755884176
5713,MEL_Z08,0.08499848451957573
5714,MEL_Z08,0.017499989580069243
5715,MEL_Z08,0.09589459867021491
5716,MEL_Z08,0.01382503378886032
5717,MEL_Z08,0.10700906566178009
5718,MEL_Z08,0.363085027869865
5719,MEL_Z08,0.18020518554466883
5720,MEL_Z07,0.337466660609181
5721,MEL_Z07,0.25243620185485827
5722,MEL_Z07,0.7414272347631373
5723,MEL_Z07,0.547622124299164
5724,MEL_Z07,0.6250733423344926
5725,MEL_Z07,0.6347198857421031
5726,MEL_Z07,0.052449516772318426
5727,MEL_Z07,0.1420291814046621
5728,MEL_Z07,0.20594104998401394
5729,MEL_Z07,0.3884269948834453
5730,MEL_Z07,0.7570786919931869
5731,MEL_Z07,0.3720493798920473
5732,MEL_Z06,0.21505803693821984
5733,MEL_Z06,0.03595326877758502
5734,MEL_Z06,0.19693023717263497
5735,MEL_Z06,0.43824206885984374
5736,MEL_Z06,0.019129090265172507
5737,MEL_Z06,0.46643574284015044
5738,MEL_Z06,0.1215276645588154
5739,MEL_Z06,0.025997723803178833
5740,MEL_Z06,0.013879168301966503
5741,MEL_Z06,0.0914143263935627
5742,MEL_Z06,0.01356850023566164
5743,MEL_Z06,0.0832317886483297
5744,MEL_Z06,0.019826858458041947
5745,MEL_Z05,0.08647852880530554
5746,MEL_Z05,0.1250091538193035
5747,MEL_Z05,0.014374986760140969
5748,MEL_Z05,0.025602574022749153
5749,MEL_Z05,0.024696137401362034
5750,MEL_Z05,0.0341312896431784
5751,MEL_Z05,0.026254437166207525
5752,MEL_Z05,0.022675491517359852
5753,MEL_Z05,0.005293041807477007
5754,MEL_Z05,0.08550717979882178
5755,MEL_Z05,0.8257209949435604
5756,MEL_Z05,0.29089891054503786
5757,MEL_Z05,0.4142272060534019
5758,MEL_Z04,0.3356619501502616
5759,MEL_Z04,0.3480944104932851
5760,MEL_Z04,0.18673395348150618
5761,MEL_Z04,0.02625778981167561
5762,MEL_Z04,0.022797480101439054
5763,MEL_Z04,0.26474549931197805
5764,MEL_Z04,0.36733001841635127
5765,MEL_Z04,0.7107708140729078
5766,MEL_Z04,0.42844806722626055
5767,MEL_Z04,0.529042230642488
5768,MEL_Z04,0.828769964178171
5769,MEL_Z04,0.8576643517110724
5770,MEL_Z04,0.9419168993241068
5771,MEL_Z04,0.9613148182563522
5772,MEL_Z03,0.9033908166382097
5773,MEL_Z03,0.9571845725098697
5774,MEL_Z03,0.5264283338193347
5775,MEL_Z03,0.9473829550582807
5776,MEL_Z03,0.9586399104728878
5777,MEL_Z03,0.2190180196138069
5778,MEL_Z03,0.7628418986463599
5779,MEL_Z03,0.0904885207458635
5780,MEL_Z03,0.7019793968682008
5781,MEL_Z03,0.10490576286150473
5782,MEL_Z03,0.9803164053068939
5783,MEL_Z03,0.9805502189940225
5784,MEL_Z03,0.9975814248817421
5785,MEL_Z03,0.9607047181436107
5786,MEL_Z02,0.7982021254616176
5787,MEL_Z02,0.9039503477482679
5788,MEL_Z02,0.9200013163576418
5789,MEL_Z02,0.9467094765655131
5790,MEL_Z02,0.9926254814099361
5791,MEL_Z02,0.9675257948131849
5792,MEL_Z02,0.900487056068069
5793,MEL_Z02,0.9167022756991918
5794,MEL_Z02,0.961829354078122
5795,MEL_Z01,0.9887864522028316
5796,MEL_Z01,0.9937145086807533
5797,MEL_Z01,0.6657171159628359
5798,MEL_Z01,0.2677089228525902
5799,MEL_Z01,0.8639902678805752
5800,MEL_Z01,0.7660732303496215
5801,MEL_Z01,0.9899794045557406
5802,MEL_Z01,0.9628459051562298
5803,MEL_Z01,0.7091075391471613
5804,MEL_Z01,0.6839843719998944
5805,MEL_Z01,0.4704412521998399
5806,MEL_Z01,0.1624143452238822
5812,MEL_Z11,0.014772279619925272
5813,MEL_Z11,0.008987660519199997
5814,MEL_Z11,0.004846730416000099
5815,MEL_Z11,0.010992993984669668
5816,MEL_Z11,0.01679454733131901
5817,MEL_Z11,0.01410844962355333
5818,MEL_Z11,0.010143179045740972
5819,MEL_Z11,0.013765365718140183
5820,MEL_Z11,0.01938942654855815
5821,MEL_Z11,0.03168371489880078
5822,MEL_Z11,0.03988549962752258
5823,MEL_Z11,0.13274277880865998
5824,MEL_Z11,0.20430464437232973
5825,MEL_Z11,0.1205592151542107
5826,MEL_Z11,0.16682470893503829
5827,MEL_Z11,0.10171073508716683
5828,MEL_Z11,0.05212060785914169
5829,MEL_Z11,0.11823318802018933
5830,MEL_Z11,0.589083567444946
5831,MEL_Z10,0.08848343508712962
5832,MEL_Z10,0.04661290984046504
5833,MEL_Z10,0.03455111464223005
5834,MEL_Z10,0.10184796180481173
5835,MEL_Z10,0.2467508489568553
5836,MEL_Z10,0.15250065564834253
5837,MEL_Z10,0.7244177246238691
5838,MEL_Z10,0.1973958850043177
5839,MEL_Z10,0.2900829411928308
5840,MEL_Z10,0.13133571523317503
5841,MEL_Z10,0.10399399052824879
5842,MEL_Z10,0.060053253695881256
5843,MEL_Z10,0.11177529709856798
5844,MEL_Z09,0.16206912446325006
5845,MEL_Z09,0.34454935793480646
5846,MEL_Z09,0.34388344013227895
5847,MEL_Z09,0.5725021581794049
5848,MEL_Z09,0.08354800821574511
5849,MEL_Z09,0.18610131442463612
5850,MEL_Z09,0.27777493822679045
5851,MEL_Z09,0.29938668160327997
5852,MEL_Z09,0.6462630982735593
5853,MEL_Z09,0.5925193547232499
5854,MEL_Z09,0.5289584824669864
5855,MEL_Z09,0.03128592145760754
5856,MEL_Z09,0.030020676913486515
5857,MEL_Z09,0.07429143380559305
5858,MEL_Z08,0.16990213892561395
5859,MEL_Z08,0.04099940654594574
5860,MEL_Z08,0.012539252090163334
5861,MEL_Z08,0.005241535149186862
5862,MEL_Z08,0.01781144848214797
5863,MEL_Z08,0.019466207614338794
5864,MEL_Z08,0.05259101333590484
5865,MEL_Z08,0.16185245100400447
5866,MEL_Z08,0.17216498855586135
5867,MEL_Z08,0.4058857901079451
5868,MEL_Z08,0.5327943381908028
5869,MEL_Z08,0.8606614045855179
5870,MEL_Z07,0.5451793335505325
5871,MEL_Z07,0.3381970171100842
5872,MEL_Z07,0.7277009667849641
5873,MEL_Z07,0.1262446727005552
5874,MEL_Z07,0.1974468863640543
5875,MEL_Z07,0.17629556214808048
5876,MEL_Z07,0.009159277083849898
5877,MEL_Z07,0.026089513505150676
5878,MEL_Z07,0.008291746860774926
5879,MEL_Z07,0.020327238600720023
5880,MEL_Z07,0.02748361474047418
5881,MEL_Z06,0.09846232419171347
5882,MEL_Z06,0.11841049943168626
5883,MEL_Z06,0.005883033146351572
5884,MEL_Z06,0.46991310241819373
5885,MEL_Z06,0.015368785840667556
5886,MEL_Z06,0.0498839437997511
5887,MEL_Z06,0.01505307033782922
5888,MEL_Z06,0.08556024726244965
5889,MEL_Z06,0.07078162434794429
5890,MEL_Z06,0.00499137672909259
5891,MEL_Z06,0.01954477281178988
5892,MEL_Z06,0.04090026260252313
5893,MEL_Z06,0.11621730676011578
5894,MEL_Z05,0.0052952671613441275
5895,MEL_Z05,0.03600564169021368
5896,MEL_Z05,0.26030478466484397
5897,MEL_Z05,0.04717455400171407
5898,MEL_Z05,0.033215109841436476
5899,MEL_Z05,0.10677812942940298
5900,MEL_Z05,0.043325534572600743
5901,MEL_Z05,0.17717532037078512
5902,MEL_Z05,0.12199901014254035
5903,MEL_Z05,0.7962729604083434
5904,MEL_Z05,0.8216410250911654
5905,MEL_Z05,0.08618399683060522
5906,MEL_Z05,0.09304301521452243
5907,MEL_Z04,0.15510452454092172
5908,MEL_Z04,0.03447829837542936
5909,MEL_Z04,0.012596259008275844
5910,MEL_Z04,0.0769472536152255
5911,MEL_Z04,0.010409756319019105
5912,MEL_Z04,0.3400386256854137
5913,MEL_Z04,0.6734074762983553
5914,MEL_Z04,0.6555900142354785
5915,MEL_Z04,0.6214120822563409
5916,MEL_Z04,0.5943230746521893
5917,MEL_Z04,0.29796918252292753
5918,MEL_Z04,0.8284045589704466
5919,MEL_Z04,0.9478216332520966
5920,MEL_Z03,0.9451726328332767
5921,MEL_Z03,0.9159886614008389
5922,MEL_Z03,0.9134537596862622
5923,MEL_Z03,0.8908156477703293
5924,MEL_Z03,0.9657996644921341
5925,MEL_Z03,0.9067915480030719
5926,MEL_Z03,0.6065556551699003
5927,MEL_Z03,0.7040372398746031
5928,MEL_Z03,0.838568180256229
5929,MEL_Z03,0.8431377283216368
5930,MEL_Z03,0.4819956387739021
5931,MEL_Z03,0.8885393574615715
5932,MEL_Z03,0.9740303546639425
5933,MEL_Z03,0.9767429054942312
5934,MEL_Z02,0.9411805377953335
5935,MEL_Z02,0.4493731567626874
5936,MEL_Z02,0.9268935547345163
5937,MEL_Z02,0.26853999351444113
5938,MEL_Z02,0.8902519235653245
5939,MEL_Z02,0.9577687268112797
5940,MEL_Z02,0.9845519046522233
5941,MEL_Z02,0.991725053520597
5942,MEL_Z02,0.9849691301424027
5943,MEL_Z02,0.9928090214801175
5944,MEL_Z02,0.996426510677066
5945,MEL_Z01,0.7368900665418414
5946,MEL_Z01,0.3050545669924251
5947,MEL_Z01,0.7680644961047389
5948,MEL_Z01,0.8378147665344882
5949,MEL_Z01,0.9287268115138207
5950,MEL_Z01,0.9538954193851421
5951,MEL_Z01,0.9787796170730725
5952,MEL_Z01,0.9070959265259125
5953,MEL_Z01,0.8776655346371552
5954,MEL_Z01,0.38134205533343796
5961,MEL_Z11,0.023227847506369713
5962,MEL_Z11,0.03198716404604732
5963,MEL_Z11,0.01332620272111404
5964,MEL_Z11,0.029313405287664254
5965,MEL_Z11,0.02046402757663763
5966,MEL_Z11,0.02293350904003107
5967,MEL_Z11,0.026133082291934107
5968,MEL_Z11,0.01578163918882304
5969,MEL_Z11,0.04811519012879415
5970,MEL_Z11,0.03423149758631947
5971,MEL_Z11,0.15901871873761783
5972,MEL_Z11,0.1631102654656067
5973,MEL_Z11,0.16590867548125918
5974,MEL_Z11,0.29931317077831027
5975,MEL_Z11,0.16344153087194888
5976,MEL_Z11,0.05278498923775635
5977,MEL_Z11,0.017460409359249075
5978,MEL_Z11,0.013343761962850842
5979,MEL_Z11,0.15314386929945473
5980,MEL_Z10,0.0792120162879256
5981,MEL_Z10,0.02721791604935008
5982,MEL_Z10,0.03889389103243214
5983,MEL_Z10,0.026745072427452735
5984,MEL_Z10,0.24494986803679178
5985,MEL_Z10,0.10016954828118789
5986,MEL_Z10,0.16586655066308847
5987,MEL_Z10,0.11128524454455718
5988,MEL_Z10,0.16785407522941756
5989,MEL_Z10,0.06334187877381602
5990,MEL_Z10,0.06825060825282796
5991,MEL_Z10,0.05073094053830461
5992,MEL_Z10,0.06521771663860935
5993,MEL_Z09,0.022632658350583302
5994,MEL_Z09,0.11103362029299914
5995,MEL_Z09,0.06403717738368847
5996,MEL_Z09,0.09731395122557716
5997,MEL_Z09,0.31141163420957585
5998,MEL_Z09,0.2926992429479341
5999,MEL_Z09,0.5537403458945372
6000,MEL_Z09,0.414818873974754
6001,MEL_Z09,0.3686581276009997
6002,MEL_Z09,0.14075007235744935
6003,MEL_Z09,0.14654255942625327
6004,MEL_Z09,0.21803808139912115
6005,MEL_Z09,0.08078770120553216
6006,MEL_Z09,0.07628259505185501
6007,MEL_Z08,0.03577547645534739
6008,MEL_Z08,0.12011607048183598
6009,MEL_Z08,0.011838030528413002
6010,MEL_Z08,0.03040615645202928
6011,MEL_Z08,0.13826209712585943
6012,MEL_Z08,0.19247552497928427
6013,MEL_Z08,0.12826833123238765
6014,MEL_Z08,0.19694698905602237
6015,MEL_Z08,0.45568713300871877
6016,MEL_Z08,0.4907277416798179
6017,MEL_Z08,0.26449452720447963
6018,MEL_Z08,0.6484788830762362
6019,MEL_Z08,0.3593814367972414
6020,MEL_Z07,0.16337196982909416
6021,MEL_Z07,0.02714754960944022
6022,MEL_Z07,0.013976420424379292
6023,MEL_Z07,0.03559814424587495
6024,MEL_Z07,0.11092992105263806
6025,MEL_Z07,0.029205958395310747
6026,MEL_Z07,0.018184348387357656
6027,MEL_Z07,0.015467928506032633
6028,MEL_Z07,0.2249247581783447
6029,MEL_Z07,0.06115300968876851
6030,MEL_Z06,0.020450938084752183
6031,MEL_Z06,0.12043896579404448
6032,MEL_Z06,0.01943846395224233
6033,MEL_Z06,0.042634875844648264
6034,MEL_Z06,0.13568866857099077
6035,MEL_Z06,0.007838707480137505
6036,MEL_Z06,0.06440999153265053
6037,MEL_Z06,0.07102484520270802
6038,MEL_Z06,0.00710414360640505
6039,MEL_Z06,0.011219862741410628
6040,MEL_Z06,0.28605655440220235
6041,MEL_Z06,0.1069832025303886
6042,MEL_Z06,0.02136425572552063
6043,MEL_Z05,0.017155216587450343
6044,MEL_Z05,0.10550638530743235
6045,MEL_Z05,0.23006992860287376
6046,MEL_Z05,0.06514653859857836
6047,MEL_Z05,0.09200618216696144
6048,MEL_Z05,0.2803328129380805
6049,MEL_Z05,0.1844548465097228
6050,MEL_Z05,0.173900210807003
6051,MEL_Z05,0.1960395399035123
6052,MEL_Z05,0.3129395540578082
6053,MEL_Z05,0.01704187015783972
6054,MEL_Z05,0.02609261612509009
6055,MEL_Z05,0.1166829197118772
6056,MEL_Z04,0.027115198236451643
6057,MEL_Z04,0.001827703177795298
6058,MEL_Z04,0.007933043557467498
6059,MEL_Z04,0.019208724120747905
6060,MEL_Z04,0.011320837995157344
6061,MEL_Z04,0.1449959696424864
6062,MEL_Z04,0.472154131952423
6063,MEL_Z04,0.6252703644734848
6064,MEL_Z04,0.7054030641312353
6065,MEL_Z04,0.7188051251219353
6066,MEL_Z04,0.1662100914067106
6067,MEL_Z04,0.89629130961367
6068,MEL_Z04,0.7935304646383639
6069,MEL_Z03,0.9449658255635066
6070,MEL_Z03,0.9596294484223158
6071,MEL_Z03,0.8092177342711062
6072,MEL_Z03,0.8734095915879512
6073,MEL_Z03,0.9299671978533479
6074,MEL_Z03,0.9203412958205595
6075,MEL_Z03,0.8697878171090172
6076,MEL_Z03,0.9497245492873684
6077,MEL_Z03,0.9472630166167714
6078,MEL_Z03,0.9284832913115588
6079,MEL_Z03,0.9073998824331467
6080,MEL_Z03,0.8628420228763487
6081,MEL_Z03,0.8334213928703241
6082,MEL_Z03,0.9851536468487363
6083,MEL_Z02,0.8473811890883576
6084,MEL_Z02,0.3017019974412834
6085,MEL_Z02,0.5056444782030863
6086,MEL_Z02,0.4638948752800102
6087,MEL_Z02,0.6754511936705219
6088,MEL_Z02,0.36244514079923035
6089,MEL_Z02,0.7263523322687342
6090,MEL_Z02,0.860362444496709
6091,MEL_Z02,0.8505025080325683
6092,MEL_Z02,0.9373505892227374
6093,MEL_Z02,0.9362491828402579
6094,MEL_Z01,0.16514012918772697
6095,MEL_Z01,0.36220358700047833
6096,MEL_Z01,0.36427482406929906
6097,MEL_Z01,0.5657468138531702
6098,MEL_Z01,0.8760950794259221
6099,MEL_Z01,0.9186809444062979
6100,MEL_Z01,0.9892266007763051
6101,MEL_Z01,0.9199701675360767
6102,MEL_Z01,0.33301852501267
6103,MEL_Z01,0.1354259026405312
6111,MEL_Z11,0.008462190188423082
6112,MEL_Z11,0.016268092194353007
6113,MEL_Z11,0.01429205642199898
6114,MEL_Z11,0.017834966435186627
6115,MEL_Z11,0.02806116763051518
6116,MEL_Z11,0.02120688675292739
6117,MEL_Z11,0.018401175251400535
6118,MEL_Z11,0.162875156263263
6119,MEL_Z11,0.08306425974193901
6120,MEL_Z11,0.1371131153254664
6121,MEL_Z11,0.1755930433476049
6122,MEL_Z11,0.10194445672448771
6123,MEL_Z11,0.27464705123961547
6124,MEL_Z11,0.04405540517865829
6125,MEL_Z11,0.02200947140831112
6126,MEL_Z11,0.023385795558996652
6127,MEL_Z11,0.08958175865657098
6128,MEL_Z11,0.043572866545418816
6129,MEL_Z10,0.04550141754725891
6130,MEL_Z10,0.15058198981511914
6131,MEL_Z10,0.016185021752954352
6132,MEL_Z10,0.05230954093595634
6133,MEL_Z10,0.13044406225498806
6134,MEL_Z10,0.459890094097854
6135,MEL_Z10,0.11342016852693855
6136,MEL_Z10,0.1117416393968239
6137,MEL_Z10,0.14429854433504044
6138,MEL_Z10,0.14922976324166853
6139,MEL_Z10,0.10673166030651697
6140,MEL_Z10,0.017685902313542466
6141,MEL_Z10,0.3095919203211855
6142,MEL_Z09,0.035030353550803674
6143,MEL_Z09,0.0882173292954799
6144,MEL_Z09,0.02994881968758601
6145,MEL_Z09,0.011918218589920142
6146,MEL_Z09,0.020375073682912984
6147,MEL_Z09,0.17175334368627038
6148,MEL_Z09,0.31532601626322615
6149,MEL_Z09,0.24021781239427853
6150,MEL_Z09,0.314660747027746
6151,MEL_Z09,0.4661244184499041
6152,MEL_Z09,0.674035921635605
6153,MEL_Z09,0.19423881559044995
6154,MEL_Z09,0.30691159105615057
6155,MEL_Z09,0.3623190989190108
6156,MEL_Z08,0.17778089690969984
6157,MEL_Z08,0.15258176282365024
6158,MEL_Z08,0.21545309850327374
6159,MEL_Z08,0.04575363028753388
6160,MEL_Z08,0.2470448698994548
6161,MEL_Z08,0.2161959453430711
6162,MEL_Z08,0.3411132249423673
6163,MEL_Z08,0.3981629436180534
6164,MEL_Z08,0.6201052327094961
6165,MEL_Z08,0.17817049832656828
6166,MEL_Z08,0.15837729391522334
6167,MEL_Z08,0.1216139981680977
6168,MEL_Z08,0.10010436048659051
6169,MEL_Z07,0.056527156477189165
6170,MEL_Z07,0.027981963188791998
6171,MEL_Z07,0.0751668721419255
6172,MEL_Z07,0.0583610819900316
6173,MEL_Z07,0.03256221474260499
6174,MEL_Z07,0.03872019556031842
6175,MEL_Z07,0.0020049516423544184
6176,MEL_Z07,0.005389093214164691
6177,MEL_Z07,0.07866973357309867
6178,MEL_Z07,0.007833070957386194
6179,MEL_Z06,0.005680667642483776
6180,MEL_Z06,0.14871905884977757
6181,MEL_Z06,0.021092879345323005
6182,MEL_Z06,0.006055798528544515
6183,MEL_Z06,0.015098340284918235
6184,MEL_Z06,0.02453918010065413
6185,MEL_Z06,0.0560536888497247
6186,MEL_Z06,0.08170847492074333
6187,MEL_Z06,0.08583446845867905
6188,MEL_Z06,0.02609323738137643
6189,MEL_Z06,0.1566620268506329
6190,MEL_Z06,0.02323077732846175
6191,MEL_Z06,0.03479803796461263
6192,MEL_Z05,0.0358883891259188
6193,MEL_Z05,0.013845790333606238
6194,MEL_Z05,0.01728015912887098
6195,MEL_Z05,0.09836705333955066
6196,MEL_Z05,0.11995090336782889
6197,MEL_Z05,0.13329336261645935
6198,MEL_Z05,0.2798840426436543
6199,MEL_Z05,0.20219252480798647
6200,MEL_Z05,0.20722974411206865
6201,MEL_Z05,0.3044768519501631
6202,MEL_Z05,0.09219535083916301
6203,MEL_Z05,0.019012245947474395
6204,MEL_Z05,0.19795662903369576
6205,MEL_Z04,0.024094381597414893
6206,MEL_Z04,0.0020565343415017995
6207,MEL_Z04,0.013056614680075856
6208,MEL_Z04,0.004393368113982908
6209,MEL_Z04,0.07692236716260138
6210,MEL_Z04,0.44163170268766844
6211,MEL_Z04,0.7171835767288937
6212,MEL_Z04,0.678875578879003
6213,MEL_Z04,0.7695448461414762
6214,MEL_Z04,0.6817492589718679
6215,MEL_Z04,0.12863115705646472
6216,MEL_Z04,0.7778130902351231
6217,MEL_Z04,0.9725745415038757
6218,MEL_Z03,0.9495429773836515
6219,MEL_Z03,0.9133611042565963
6220,MEL_Z03,0.7297812781099255
6221,MEL_Z03,0.9115727408202783
6222,MEL_Z03,0.8407301820763475
6223,MEL_Z03,0.8227920450990837
6224,MEL_Z03,0.9695489611864391
6225,MEL_Z03,0.961129120331562
6226,MEL_Z03,0.9833727921191441
6227,MEL_Z03,0.8892658242480082
6228,MEL_Z03,0.746724670141078
6229,MEL_Z03,0.8010040668301863
6230,MEL_Z03,0.9232767960294754
6231,MEL_Z03,0.5237640688565693
6232,MEL_Z02,0.4583340502365584
6233,MEL_Z02,0.5393449734468652
6234,MEL_Z02,0.4503269998198153
6235,MEL_Z02,0.547528779756243
6236,MEL_Z02,0.45127596769589085
6237,MEL_Z02,0.5232958974597526
6238,MEL_Z02,0.9729251301838013
6239,MEL_Z02,0.6664189989034228
6240,MEL_Z02,0.9303371454440316
6241,MEL_Z02,0.9871133498705985
6242,MEL_Z02,0.7679963897909338
6243,MEL_Z02,0.8195586249775451
6244,MEL_Z01,0.9120910841013785
6245,MEL_Z01,0.5684115280360955
6246,MEL_Z01,0.8715346530535922
6247,MEL_Z01,0.9834773706715192
6248,MEL_Z01,0.994446914982974
6249,MEL_Z01,0.8745472417249317
6250,MEL_Z01,0.3998135003602548
6251,MEL_Z01,0.1296941863075528
6252,MEL_Z01,0.07144022425115303
6260,MEL_Z12,0.01582996112301933
6261,MEL_Z12,0.010616644939653168
6262,MEL_Z11,0.04696666022670492
6263,MEL_Z11,0.010190094912429401
6264,MEL_Z11,0.011845696931520405
6265,MEL_Z11,0.01103039999349523
6266,MEL_Z11,0.01844533041347014
6267,MEL_Z11,0.15757960702335658
6268,MEL_Z11,0.5596370319686922
6269,MEL_Z11,0.12847533862634658
6270,MEL_Z11,0.10502352710251302
6271,MEL_Z11,0.16737539898489892
6272,MEL_Z11,0.11555666978249998
6273,MEL_Z11,0.07128109890597473
6274,MEL_Z11,0.056452773503902445
6275,MEL_Z11,0.08099033085273949
6276,MEL_Z11,0.022084880629405033
6277,MEL_Z11,0.07692203404835875
6278,MEL_Z10,0.07101951704190232
6279,MEL_Z10,0.09216853747924261
6280,MEL_Z10,0.01644424140521858
6281,MEL_Z10,0.015934301380104866
6282,MEL_Z10,0.02879969090626287
6283,MEL_Z10,0.022483991440088228
6284,MEL_Z10,0.4568598430728084
6285,MEL_Z10,0.05395040857362948
6286,MEL_Z10,0.08399134834531036
6287,MEL_Z10,0.10207638792960197
6288,MEL_Z10,0.03898242789589069
6289,MEL_Z10,0.04843935039722492
6290,MEL_Z10,0.14110897522235022
6291,MEL_Z09,0.090378381382727
6292,MEL_Z09,0.030932902256861437
6293,MEL_Z09,0.06464088313834931
6294,MEL_Z09,0.07881183994739216
6295,MEL_Z09,0.019451929971748664
6296,MEL_Z09,0.09238687627217163
6297,MEL_Z09,0.15507420926075605
6298,MEL_Z09,0.2713749538202879
6299,MEL_Z09,0.10146647523822373
6300,MEL_Z09,0.22065048565869236
6301,MEL_Z09,0.4261173414004349
6302,MEL_Z09,0.3942679799508607
6303,MEL_Z09,0.8762902874501683
6304,MEL_Z08,0.8150033482317881
6305,MEL_Z08,0.3603852500292872
6306,MEL_Z08,0.24201857415939682
6307,MEL_Z08,0.27323927635168144
6308,MEL_Z08,0.33300844304191046
6309,MEL_Z08,0.24274448008845248
6310,MEL_Z08,0.7798634107971082
6311,MEL_Z08,0.8663769129225191
6312,MEL_Z08,0.7697880098486883
6313,MEL_Z08,0.41654604311692306
6314,MEL_Z08,0.24917833278018342
6315,MEL_Z08,0.09688563263304893
6316,MEL_Z08,0.04638809061725025
6317,MEL_Z08,0.28462942989714013
6318,MEL_Z08,0.2732462319759151
6319,MEL_Z07,0.009179040857028474
6320,MEL_Z07,0.10531682098148264
6321,MEL_Z07,0.009110324160820076
6322,MEL_Z07,0.1291179096200122
6323,MEL_Z07,0.03169295240747958
6324,MEL_Z07,0.0013120601813791403
6325,MEL_Z07,0.006863767527070978
6326,MEL_Z07,0.08221724921802562
6327,MEL_Z07,0.02154740627794784
6328,MEL_Z06,0.017893150756889922
6329,MEL_Z06,0.10545801624318926
6330,MEL_Z06,0.2258078150376574
6331,MEL_Z06,0.009420246309426032
6332,MEL_Z06,0.05940804028175368
6333,MEL_Z06,0.0940550991915417
6334,MEL_Z06,0.017692436624590555
6335,MEL_Z06,0.0365727907100666
6336,MEL_Z06,0.1592186703034531
6337,MEL_Z06,0.07728240039199041
6338,MEL_Z06,0.02424446308387748
6339,MEL_Z06,0.15707333023108005
6340,MEL_Z06,0.10463944842599505
6341,MEL_Z05,0.09212817387067765
6342,MEL_Z05,0.01556570619408532
6343,MEL_Z05,0.010892872658113225
6344,MEL_Z05,0.0008364828680812685
6345,MEL_Z05,0.006482224082862883
6346,MEL_Z05,0.004882003415573701
6347,MEL_Z05,0.14314497406951684
6348,MEL_Z05,0.15132013138778339
6349,MEL_Z05,0.03293131109976601
6350,MEL_Z05,0.10165463770869362
6351,MEL_Z05,0.18050486539136248
6352,MEL_Z05,0.03423214367541043
6353,MEL_Z05,0.014977554528705818
6354,MEL_Z04,0.014374970619372906
6355,MEL_Z04,0.013501299739287176
6356,MEL_Z04,0.0074496793530655255
6357,MEL_Z04,0.04572367316265804
6358,MEL_Z04,0.5840635155110745
6359,MEL_Z04,0.5871336564017291
6360,MEL_Z04,0.08914907934904792
6361,MEL_Z04,0.20970381661365922
6362,MEL_Z04,0.7598277992223914
6363,MEL_Z04,0.08283945876430977
6364,MEL_Z04,0.24215627480262708
6365,MEL_Z04,0.7817875108016676
6366,MEL_Z04,0.8939541250353131
6367,MEL_Z03,0.9863814851668661
6368,MEL_Z03,0.9786175272879181
6369,MEL_Z03,0.8791044218999072
6370,MEL_Z03,0.8438704798942928
6371,MEL_Z03,0.8433019581932798
6372,MEL_Z03,0.22555383816637303
6373,MEL_Z03,0.9556345136705142
6374,MEL_Z03,0.9151413789384188
6375,MEL_Z03,0.9245221618329513
6376,MEL_Z03,0.9485259605834239
6377,MEL_Z03,0.34159200004099183
6378,MEL_Z03,0.740861941338639
6379,MEL_Z03,0.9663847665498254
6380,MEL_Z03,0.9549721337911793
6381,MEL_Z02,0.9844254319307305
6382,MEL_Z02,0.9626032751100062
6383,MEL_Z02,0.9615121298806488
6384,MEL_Z02,0.7990498228840452
6385,MEL_Z02,0.9637619758599217
6386,MEL_Z02,0.7221547175487942
6387,MEL_Z02,0.6082645077207065
6388,MEL_Z02,0.9790993550678674
6389,MEL_Z02,0.8776171720052544
6390,MEL_Z02,0.6752395570707601
6391,MEL_Z02,0.4749905470945611
6392,MEL_Z02,0.5858468338143538
6393,MEL_Z02,0.5358979680819931
6394,MEL_Z01,0.8761379949696134
6395,MEL_Z01,0.9865673528970355
6396,MEL_Z01,0.9926133741958775
6397,MEL_Z01,0.9121888567855009
6398,MEL_Z01,0.7922085364566231
6399,MEL_Z01,0.22721921987476523
6400,MEL_Z01,0.04073980607627667
6401,MEL_Z01,0.008891419655895
6410,MEL_Z12,0.014940209921007846
6411,MEL_Z12,0.014873610566680443
6412,MEL_Z11,0.023328159446018314
6413,MEL_Z11,0.028526638184606035
6414,MEL_Z11,0.026224211537115794
6415,MEL_Z11,0.03887907360091281
6416,MEL_Z11,0.20644457414982711
6417,MEL_Z11,0.10590057324930345
6418,MEL_Z11,0.08008010522684351
6419,MEL_Z11,0.16298994303177647
6420,MEL_Z11,0.18770393212447403
6421,MEL_Z11,0.2407570245696937
6422,MEL_Z11,0.04274431332881702
6423,MEL_Z11,0.04747300816056701
6424,MEL_Z11,0.05113904126683299
6425,MEL_Z11,0.019343438643757777
6426,MEL_Z11,0.01809067462322786
6427,MEL_Z10,0.053440840827142594
6428,MEL_Z10,0.09150376769349254
6429,MEL_Z10,0.0055284915944328
6430,MEL_Z10,0.05177894913537644
6431,MEL_Z10,0.02685262893555368
6432,MEL_Z10,0.040168805983171636
6433,MEL_Z10,0.026781146858174336
6434,MEL_Z10,0.040474465319914325
6435,MEL_Z10,0.01536298981759716
6436,MEL_Z10,0.016713928687029447
6437,MEL_Z10,0.03667141857450761
6438,MEL_Z10,0.010751696761481331
6439,MEL_Z10,0.10696286917805131
6440,MEL_Z09,0.31506410470770285
6441,MEL_Z09,0.06499179036480729
6442,MEL_Z09,0.04592810382025958
6443,MEL_Z09,0.09098191301596437
6444,MEL_Z09,0.1358306260224695
6445,MEL_Z09,0.10002829590962532
6446,MEL_Z09,0.3222990170260105
6447,MEL_Z09,0.2666273565512188
6448,MEL_Z09,0.06386034359363749
6449,MEL_Z09,0.454165049105219
6450,MEL_Z09,0.2777611079521324
6451,MEL_Z09,0.42297716667762686
6452,MEL_Z09,0.27428320180792887
6453,MEL_Z08,0.4477535486781544
6454,MEL_Z08,0.6013076674029922
6455,MEL_Z08,0.8876519766692428
6456,MEL_Z08,0.8523339511766201
6457,MEL_Z08,0.5550658736505266
6458,MEL_Z08,0.9122171399879316
6459,MEL_Z08,0.8611710881019836
6460,MEL_Z08,0.20827658459256213
6461,MEL_Z08,0.12067056568736084
6462,MEL_Z08,0.1441168136440761
6463,MEL_Z08,0.12828753285921898
6464,MEL_Z08,0.07132318646462726
6465,MEL_Z08,0.10354928723885147
6466,MEL_Z08,0.13716544031382738
6467,MEL_Z08,0.03864308528213901
6468,MEL_Z08,0.009473216047458493
6469,MEL_Z07,0.004276988274402434
6470,MEL_Z07,0.05486567276461714
6471,MEL_Z07,0.05180171064631979
6472,MEL_Z07,0.04555903693772731
6473,MEL_Z07,0.009375602909519196
6474,MEL_Z07,0.0047008041116961986
6475,MEL_Z07,0.09553311745178436
6476,MEL_Z07,0.022830570098795324
6477,MEL_Z06,0.004562188663035622
6478,MEL_Z06,0.021570130678435828
6479,MEL_Z06,0.04636078388902243
6480,MEL_Z06,0.05918577359656139
6481,MEL_Z06,0.09088161469909888
6482,MEL_Z06,0.041823106063425146
6483,MEL_Z06,0.011766464723849578
6484,MEL_Z06,0.019210624339531766
6485,MEL_Z06,0.05995629444420562
6486,MEL_Z06,0.4666217836151676
6487,MEL_Z06,0.41076883009770443
6488,MEL_Z06,0.03302623404164604
6489,MEL_Z06,0.010540242152602849
6490,MEL_Z05,0.03066751836203099
6491,MEL_Z05,0.013086181729951452
6492,MEL_Z05,0.030210125162793935
6493,MEL_Z05,0.010991211861201507
6494,MEL_Z05,0.06265437732140444
6495,MEL_Z05,0.08090963017635722
6496,MEL_Z05,0.08033658131583445
6497,MEL_Z05,0.0621930939324658
6498,MEL_Z05,0.12530748839028857
6499,MEL_Z05,0.2967622793628643
6500,MEL_Z05,0.12163316286450383
6501,MEL_Z05,0.15692264590692986
6502,MEL_Z05,0.07645611733474887
6503,MEL_Z04,0.019333233167416176
6504,MEL_Z04,0.03445440624768277
6505,MEL_Z04,0.012830156178817975
6506,MEL_Z04,0.04235026017722259
6507,MEL_Z04,0.7018027764445504
6508,MEL_Z04,0.7082279258090999
6509,MEL_Z04,0.6831408749743292
6510,MEL_Z04,0.08669448506828281
6511,MEL_Z04,0.1416362651098181
6512,MEL_Z04,0.0673420324515909
6513,MEL_Z04,0.6684206006209937
6514,MEL_Z04,0.8242345801776432
6515,MEL_Z03,0.042529165461324715
6516,MEL_Z03,0.7442259727080083
6517,MEL_Z03,0.27334267969902465
6518,MEL_Z03,0.2340033297346264
6519,MEL_Z03,0.805505484303842
6520,MEL_Z03,0.7084315778526866
6521,MEL_Z03,0.6466409033576459
6522,MEL_Z03,0.9416726301110789
6523,MEL_Z03,0.8138382786152165
6524,MEL_Z03,0.6772518022519939
6525,MEL_Z03,0.9154374681242502
6526,MEL_Z03,0.938375859536675
6527,MEL_Z03,0.9630502770487517
6528,MEL_Z03,0.9635624530313095
6529,MEL_Z03,0.9698352713269588
6530,MEL_Z02,0.9907559933204212
6531,MEL_Z02,0.9734725260394832
6532,MEL_Z02,0.9761256120547794
6533,MEL_Z02,0.9713158449344498
6534,MEL_Z02,0.9644624112439176
6535,MEL_Z02,0.9505234491312691
6536,MEL_Z02,0.9810305937791485
6537,MEL_Z02,0.9798830724555443
6538,MEL_Z02,0.9941667490354501
6539,MEL_Z02,0.957649321658496
6540,MEL_Z02,0.5254357910148204
6541,MEL_Z02,0.6206777347252902
6542,MEL_Z02,0.9808500432793141
6543,MEL_Z01,0.9946916347994242
6544,MEL_Z01,0.9925696285706567
6545,MEL_Z01,0.9949292177426208
6546,MEL_Z01,0.6646523681353959
6547,MEL_Z01,0.5207851193122938
6548,MEL_Z01,0.1853970516598763
6549,MEL_Z01,0.04497099111758553
6560,MEL_Z12,0.021264918339298947
6561,MEL_Z12,0.0453898931183466
6562,MEL_Z11,0.03311926235909653
6563,MEL_Z11,0.11230230898290428
6564,MEL_Z11,0.08297553623951615
6565,MEL_Z11,0.4000644981722763
6566,MEL_Z11,0.1489774973943595
6567,MEL_Z11,0.28295659801716727
6568,MEL_Z11,0.15097608405709143
6569,MEL_Z11,0.17031151722097426
6570,MEL_Z11,0.1523787928368367
6571,MEL_Z11,0.0592874924572447
6572,MEL_Z11,0.04582020449372627
6573,MEL_Z11,0.033295209933615226
6574,MEL_Z11,0.01817798284561749
6575,MEL_Z11,0.02716476550910217
6576,MEL_Z10,0.008868877165412464
6577,MEL_Z10,0.02794218447432058
6578,MEL_Z10,0.025469867499117234
6579,MEL_Z10,0.013051686137794718
6580,MEL_Z10,0.01222584260546025
6581,MEL_Z10,0.012142134405195992
6582,MEL_Z10,0.014260506272487648
6583,MEL_Z10,0.01909599285492904
6584,MEL_Z10,0.012571696393730356
6585,MEL_Z10,0.024300368395865475
6586,MEL_Z10,0.03511806472410697
6587,MEL_Z10,0.08284378329237423
6588,MEL_Z10,0.08316226853242625
6589,MEL_Z09,0.21338302266587372
6590,MEL_Z09,0.039758423577134674
6591,MEL_Z09,0.1533287387507436
6592,MEL_Z09,0.20373738962734722
6593,MEL_Z09,0.07006128059975117
6594,MEL_Z09,0.02743697033851572
6595,MEL_Z09,0.024271761809333287
6596,MEL_Z09,0.0635483757081811
6597,MEL_Z09,0.07136137006774768
6598,MEL_Z09,0.39994653886552173
6599,MEL_Z09,0.3128132390806889
6600,MEL_Z09,0.05019925532723408
6601,MEL_Z09,0.09932289234792746
6602,MEL_Z08,0.22237100181564087
6603,MEL_Z08,0.1829703929607183
6604,MEL_Z08,0.32115308846924123
6605,MEL_Z08,0.498612081124505
6606,MEL_Z08,0.6580890291760803
6607,MEL_Z08,0.7358558647610057
6608,MEL_Z08,0.8350109074522303
6609,MEL_Z08,0.22063994572713286
6610,MEL_Z08,0.11950229556295625
6611,MEL_Z08,0.034171559306931186
6612,MEL_Z08,0.024987703940420474
6613,MEL_Z08,0.006408146748984773
6614,MEL_Z08,0.016957615701783935
6615,MEL_Z08,0.010271516818526553
6616,MEL_Z08,0.018164670096030032
6617,MEL_Z08,0.05073445429037143
6618,MEL_Z07,0.04219881455805549
6619,MEL_Z07,0.23040776642480784
6620,MEL_Z07,0.058629274053894315
6621,MEL_Z07,0.08034663315992686
6622,MEL_Z07,0.030165531293480395
6623,MEL_Z07,0.0030937762260985703
6624,MEL_Z07,0.05213455217346701
6625,MEL_Z07,0.06331473278930323
6626,MEL_Z06,0.2581392898942364
6627,MEL_Z06,0.19024128333821896
6628,MEL_Z06,0.015423736511382718
6629,MEL_Z06,0.002515452742344849
6630,MEL_Z06,0.006704949195284997
6631,MEL_Z06,0.0433830547594762
6632,MEL_Z06,0.023725339310000784
6633,MEL_Z06,0.007626850594568121
6634,MEL_Z06,0.017083946222685296
6635,MEL_Z06,0.036085695027296985
6636,MEL_Z06,0.41545107935393694
6637,MEL_Z06,0.0618520502250059
6638,MEL_Z06,0.15699068371467534
6639,MEL_Z05,0.010096515941478612
6640,MEL_Z05,0.01688578357716202
6641,MEL_Z05,0.05548482354274856
6642,MEL_Z05,0.08266361371331603
6643,MEL_Z05,0.03684302028823827
6644,MEL_Z05,0.08147347490142574
6645,MEL_Z05,0.16020104831930637
6646,MEL_Z05,0.01732153739127889
6647,MEL_Z05,0.15131021586991333
6648,MEL_Z05,0.10030466982895717
6649,MEL_Z05,0.036690303749192556
6650,MEL_Z05,0.4784260012350462
6651,MEL_Z05,0.14525730057420366
6652,MEL_Z04,0.03930661441972089
6653,MEL_Z04,0.016901591399478656
6654,MEL_Z04,0.009520196729662716
6655,MEL_Z04,0.13634103170010073
6656,MEL_Z04,0.5936553505489369
6657,MEL_Z04,0.938763882496054
6658,MEL_Z04,0.8552345599633825
6659,MEL_Z04,0.4241959875466822
6660,MEL_Z04,0.7855580699521159
6661,MEL_Z04,0.6782549482071314
6662,MEL_Z04,0.7607505686373355
6663,MEL_Z04,0.6761175959379763
6664,MEL_Z03,0.19360424816815394
6665,MEL_Z03,0.7020213532058316
6666,MEL_Z03,0.1805074023562159
6667,MEL_Z03,0.8986764829318065
6668,MEL_Z03,0.969837626646
6669,MEL_Z03,0.8199043840654473
6670,MEL_Z03,0.8755051861651028
6671,MEL_Z03,0.17168799528865658
6672,MEL_Z03,0.7653308720871915
6673,MEL_Z03,0.7022667210966242
6674,MEL_Z03,0.9019902703259494
6675,MEL_Z03,0.9824247162245843
6676,MEL_Z03,0.9387214123144294
6677,MEL_Z03,0.9623074324143189
6678,MEL_Z03,0.975902716777879
6679,MEL_Z02,0.8630052647038432
6680,MEL_Z02,0.9336638911063285
6681,MEL_Z02,0.960031677403003
6682,MEL_Z02,0.9292295292955597
6683,MEL_Z02,0.956808522825109
6684,MEL_Z02,0.9182350706790772
6685,MEL_Z02,0.9362037948028309
6686,MEL_Z02,0.9855114287856428
6687,MEL_Z02,0.9643462736608397
6688,MEL_Z02,0.9809752132348306
6689,MEL_Z02,0.9343595335512547
6690,MEL_Z02,0.9824489848166755
6691,MEL_Z02,0.9899063401930024
6692,MEL_Z02,0.9917671576861723
6693,MEL_Z01,0.9890705250806832
6709,MEL_Z12,0.05894890101052781
6710,MEL_Z12,0.03343813151699695
6711,MEL_Z12,0.058140530132052046
6712,MEL_Z11,0.13429618257859946
6713,MEL_Z11,0.5881016317329891
6714,MEL_Z11,0.3349688781069793
6715,MEL_Z11,0.1871832023267887
6716,MEL_Z11,0.06968416495244327
6717,MEL_Z11,0.09790886128292783
6718,MEL_Z11,0.07572892269873274
6719,MEL_Z11,0.07663336263982061
6720,MEL_Z11,0.04030803921993425
6721,MEL_Z11,0.04332759573066841
6722,MEL_Z11,0.04479219232855848
6723,MEL_Z11,0.03224045081097406
6724,MEL_Z11,0.009223794339489702
6725,MEL_Z11,0.008466062450105888
6726,MEL_Z10,0.017859027178697532
6727,MEL_Z10,0.012515192491222302
6728,MEL_Z10,0.016321152692600874
6729,MEL_Z10,0.09675882977594799
6730,MEL_Z10,0.026170841848947433
6731,MEL_Z10,0.021918345122529236
6732,MEL_Z10,0.015073147377429387
6733,MEL_Z10,0.01744585772866328
6734,MEL_Z10,0.02041669925921601
6735,MEL_Z10,0.015931987416435932
6736,MEL_Z10,0.021755220410580485
6737,MEL_Z10,0.039095169679815474
6738,MEL_Z09,0.7447622363214312
6739,MEL_Z09,0.6954674962161235
6740,MEL_Z09,0.06610470189608035
6741,MEL_Z09,0.11415785653091023
6742,MEL_Z09,0.05044834039738194
6743,MEL_Z09,0.15229370861007974
6744,MEL_Z09,0.021812672537014747
6745,MEL_Z09,0.01969942208577614
6746,MEL_Z09,0.41510586833655844
6747,MEL_Z09,0.7624907781247445
6748,MEL_Z09,0.2440199955511893
6749,MEL_Z09,0.07133968164628536
6750,MEL_Z09,0.12870153674825657
6751,MEL_Z08,0.2259214158443805
6752,MEL_Z08,0.03706131284191409
6753,MEL_Z08,0.2783253780735392
6754,MEL_Z08,0.2763264601026824
6755,MEL_Z08,0.06422588824825376
6756,MEL_Z08,0.38358260372836545
6757,MEL_Z08,0.2550235062544685
6758,MEL_Z08,0.2876656342035843
6759,MEL_Z08,0.022935947265642506
6760,MEL_Z08,0.016416230083782356
6761,MEL_Z08,0.005135524167728344
6762,MEL_Z08,0.0033789343173500305
6763,MEL_Z08,0.011479250049254151
6764,MEL_Z08,0.009272301354684277
6765,MEL_Z08,0.26517659591422593
6766,MEL_Z08,0.14037052219323176
6767,MEL_Z08,0.25686342772833864
6768,MEL_Z07,0.020577993098998965
6769,MEL_Z07,0.1055752416248349
6770,MEL_Z07,0.15190488579305578
6771,MEL_Z07,0.04085578525420623
6772,MEL_Z07,0.008887563348068681
6773,MEL_Z07,0.021176139214265678
6774,MEL_Z07,0.013805651820751514
6775,MEL_Z06,0.08960666313751402
6776,MEL_Z06,0.053282828555673005
6777,MEL_Z06,0.024779692664206234
6778,MEL_Z06,0.00640734622883063
6779,MEL_Z06,0.00583973293108837
6780,MEL_Z06,0.005066071704864502
6781,MEL_Z06,0.01728773937824054
6782,MEL_Z06,0.004842054364061445
6783,MEL_Z06,0.005784713769863409
6784,MEL_Z06,0.016593007999121733
6785,MEL_Z06,0.009510600318828017
6786,MEL_Z06,0.22713902167217823
6787,MEL_Z06,0.6485762157616988
6788,MEL_Z05,0.07598571361912872
6789,MEL_Z05,0.06134689655693836
6790,MEL_Z05,0.49862023900436636
6791,MEL_Z05,0.12159131519617764
6792,MEL_Z05,0.06586815907149857
6793,MEL_Z05,0.3026542947500613
6794,MEL_Z05,0.07929072883152079
6795,MEL_Z05,0.04749780592802206
6796,MEL_Z05,0.12797881413650525
6797,MEL_Z05,0.18519887524960613
6798,MEL_Z05,0.1815864111041878
6799,MEL_Z05,0.24791652314388304
6800,MEL_Z04,0.06722879771659103
6801,MEL_Z04,0.1296446304541358
6802,MEL_Z04,0.14254256664285114
6803,MEL_Z04,0.042202218815325286
6804,MEL_Z04,0.04117596307872472
6805,MEL_Z04,0.14562016216684034
6806,MEL_Z04,0.04588713416234029
6807,MEL_Z04,0.18256283984154908
6808,MEL_Z04,0.24842852782769168
6809,MEL_Z04,0.3516541229730611
6810,MEL_Z04,0.726497551088677
6811,MEL_Z04,0.8347109722941549
6812,MEL_Z04,0.7683657437770323
6813,MEL_Z03,0.299881885144499
6814,MEL_Z03,0.17107647604153753
6815,MEL_Z03,0.19148280246192062
6816,MEL_Z03,0.06513998589187525
6817,MEL_Z03,0.6515853195244317
6818,MEL_Z03,0.7594351085061252
6819,MEL_Z03,0.16968423582244058
6820,MEL_Z03,0.6921985550591169
6821,MEL_Z03,0.813905267611474
6822,MEL_Z03,0.773695414614654
6823,MEL_Z03,0.9742954494678003
6824,MEL_Z03,0.9377891986130664
6825,MEL_Z03,0.9485797799488228
6826,MEL_Z03,0.9508715815422308
6827,MEL_Z02,0.9662428297670353
6828,MEL_Z02,0.9537968647552311
6829,MEL_Z02,0.9684735627469254
6830,MEL_Z02,0.9246724076193951
6831,MEL_Z02,0.9290338578541039
6832,MEL_Z02,0.4220991852677416
6833,MEL_Z02,0.97853994580761
6834,MEL_Z02,0.9508367361266132
6835,MEL_Z02,0.9630529787723846
6836,MEL_Z02,0.9707968756493659
6837,MEL_Z02,0.978819563214471
6838,MEL_Z02,0.9593445290290882
6839,MEL_Z02,0.9199886849228242
6840,MEL_Z02,0.9731465147683926
6841,MEL_Z02,0.9896276520782418
6842,MEL_Z01,0.9815491033483562
6858,MEL_Z12,0.05037819362121985
6859,MEL_Z12,0.08885665386970579
6860,MEL_Z12,0.16338934658828272
6861,MEL_Z12,0.41531750290129543
6862,MEL_Z12,0.2773363431406944
6863,MEL_Z11,0.251256077649072
6864,MEL_Z11,0.25701140010495716
6865,MEL_Z11,0.022037498640823085
6866,MEL_Z11,0.035449701743888964
6867,MEL_Z11,0.021828087755740404
6868,MEL_Z11,0.13637307358062614
6869,MEL_Z11,0.0452483671322988
6870,MEL_Z11,0.054389005342516936
6871,MEL_Z11,0.014563374486820557
6872,MEL_Z11,0.011684396229688983
6873,MEL_Z11,0.015075853098172168
6874,MEL_Z11,0.02653528745710001
6875,MEL_Z10,0.022688646090573212
6876,MEL_Z10,0.010776688508355598
6877,MEL_Z10,0.04591690462645612
6878,MEL_Z10,0.08946908106049675
6879,MEL_Z10,0.18088480833942583
6880,MEL_Z10,0.3420988519630931
6881,MEL_Z10,0.019235720759023998
6882,MEL_Z10,0.023784604045569233
6883,MEL_Z10,0.018655138334840088
6884,MEL_Z10,0.037108546327368645
6885,MEL_Z10,0.021708006195972223
6886,MEL_Z10,0.11134610139972208
6887,MEL_Z09,0.03212284676189441
6888,MEL_Z09,0.565299294703489
6889,MEL_Z09,0.02754516699475783
6890,MEL_Z09,0.01932774884584527
6891,MEL_Z09,0.007332927324802252
6892,MEL_Z09,0.21389041757205365
6893,MEL_Z09,0.7313238938875498
6894,MEL_Z09,0.027880506864000783
6895,MEL_Z09,0.34076787051313423
6896,MEL_Z09,0.01817815875971054
6897,MEL_Z09,0.022450936372972678
6898,MEL_Z09,0.027475970909685475
6899,MEL_Z09,0.026723179190851137
6900,MEL_Z08,0.033138850242691434
6901,MEL_Z08,0.06302831019097029
6902,MEL_Z08,0.09210584514609446
6903,MEL_Z08,0.051580585183411014
6904,MEL_Z08,0.05491504975729618
6905,MEL_Z08,0.3977400182482674
6906,MEL_Z08,0.17413512854680546
6907,MEL_Z08,0.045507139672685534
6908,MEL_Z08,0.01171510618326386
6909,MEL_Z08,0.0023878340959767007
6910,MEL_Z08,0.01725167281769112
6911,MEL_Z08,0.06088633027661163
6912,MEL_Z08,0.0024754551352998678
6913,MEL_Z08,0.013584367541244695
6914,MEL_Z08,0.4937030965323342
6915,MEL_Z08,0.3363425225592817
6916,MEL_Z08,0.1855793354345343
6917,MEL_Z08,0.08337618471622048
6918,MEL_Z07,0.06204702264446616
6919,MEL_Z07,0.2618688922724538
6920,MEL_Z07,0.03295086983548385
6921,MEL_Z07,0.005167934825983397
6922,MEL_Z07,0.008551016701622042
6923,MEL_Z07,0.02150158637594135
6924,MEL_Z06,0.0246973701747096
6925,MEL_Z06,0.08270614533919224
6926,MEL_Z06,0.04613684403049304
6927,MEL_Z06,0.07868454665706578
6928,MEL_Z06,0.055911279825236186
6929,MEL_Z06,0.03380311579411679
6930,MEL_Z06,0.007270209372372785
6931,MEL_Z06,0.009600953807943863
6932,MEL_Z06,0.0418215258207214
6933,MEL_Z06,0.0954437729713583
6934,MEL_Z06,0.1476941654024528
6935,MEL_Z06,0.09887608375286865
6936,MEL_Z06,0.254383896988054
6937,MEL_Z05,0.13601167849930354
6938,MEL_Z05,0.06166852451505867
6939,MEL_Z05,0.08559105586853707
6940,MEL_Z05,0.06291137744495823
6941,MEL_Z05,0.11927524985605162
6942,MEL_Z05,0.31753880751193114
6943,MEL_Z05,0.2998305774748853
6944,MEL_Z05,0.09221011942390797
6945,MEL_Z05,0.11287631830101982
6946,MEL_Z05,0.1297449203922207
6947,MEL_Z05,0.04088984508147828
6948,MEL_Z05,0.1760880668870972
6949,MEL_Z04,0.10137206990921888
6950,MEL_Z04,0.09153116757831796
6951,MEL_Z04,0.47038594139979456
6952,MEL_Z04,0.11530315848373075
6953,MEL_Z04,0.2969228723848093
6954,MEL_Z04,0.10194400125914979
6955,MEL_Z04,0.05800546979115763
6956,MEL_Z04,0.10098042845020258
6957,MEL_Z04,0.34182639092501726
6958,MEL_Z04,0.2159501607043605
6959,MEL_Z04,0.38913237021409036
6960,MEL_Z04,0.8938672992844781
6962,MEL_Z03,0.669545971879696
6963,MEL_Z03,0.34118241013264405
6964,MEL_Z03,0.1420237910191806
6965,MEL_Z03,0.35877524619997525
6966,MEL_Z03,0.41426216388263337
6967,MEL_Z03,0.14774585709614801
6968,MEL_Z03,0.6896455341381873
6969,MEL_Z03,0.6960110102544945
6970,MEL_Z03,0.8904463182798164
6971,MEL_Z03,0.7865356320368531
6972,MEL_Z03,0.8579457145631987
6973,MEL_Z03,0.9579744643317997
6974,MEL_Z03,0.8758422324150571
6975,MEL_Z03,0.9761920038647883
6976,MEL_Z02,0.6277177686393035
6977,MEL_Z02,0.21510106130972026
6978,MEL_Z02,0.9359755927848098
6979,MEL_Z02,0.38074295582872303
6980,MEL_Z02,0.28403656815787676
6981,MEL_Z02,0.7930789590355558
6982,MEL_Z02,0.8292590957774727
6983,MEL_Z02,0.9817278965032387
6984,MEL_Z02,0.9170573607092709
6985,MEL_Z02,0.9901765221071676
6986,MEL_Z02,0.9864944949046186
6987,MEL_Z02,0.9959340471874037
6988,MEL_Z02,0.9706323948076143
6989,MEL_Z02,0.9822964193074268
6990,MEL_Z02,0.9539199515975705
6991,MEL_Z02,0.9104046771194858
7006,MEL_Z12,0.03292016900105982
7007,MEL_Z12,0.14899030559323503
7008,MEL_Z12,0.15174966004232576
7009,MEL_Z12,0.5292105864341996
7010,MEL_Z12,0.4483320551591851
7011,MEL_Z12,0.25994701382006724
7012,MEL_Z12,0.19035573422929372
7013,MEL_Z11,0.02033942914834707
7014,MEL_Z11,0.03512072544264506
7015,MEL_Z11,0.0647063880594487
7016,MEL_Z11,0.17086245814837078
7017,MEL_Z11,0.11338056573614799
7018,MEL_Z11,0.015186769691806117
7019,MEL_Z11,0.036441114745919476
7020,MEL_Z11,0.00808537556051157
7021,MEL_Z11,0.02868602337420586
7022,MEL_Z11,0.01536869625687872
7023,MEL_Z11,0.018711993101479637
7024,MEL_Z10,0.032127724155197386
7025,MEL_Z10,0.02192308289764748
7026,MEL_Z10,0.018894642967030806
7027,MEL_Z10,0.16919751017125187
7028,MEL_Z10,0.2783405979933788
7029,MEL_Z10,0.3553997529178534
7030,MEL_Z10,0.056795552223713
7031,MEL_Z10,0.01740085865078514
7032,MEL_Z10,0.023005239367285987
7033,MEL_Z10,0.03717683281706547
7034,MEL_Z10,0.03345772539886768
7035,MEL_Z09,0.01922856671077388
7036,MEL_Z09,0.04159818566368629
7037,MEL_Z09,0.2491738581612986
7038,MEL_Z09,0.025951359344485295
7039,MEL_Z09,0.20615791438578543
7040,MEL_Z09,0.7185903570625294
7041,MEL_Z09,0.033754457513561105
7042,MEL_Z09,0.020491300331590637
7043,MEL_Z09,0.03402768528042318
7044,MEL_Z09,0.14972677899506026
7045,MEL_Z09,0.014198874883476442
7046,MEL_Z09,0.0060781313427403436
7047,MEL_Z09,0.015744648359655767
7048,MEL_Z09,0.016506272793791826
7049,MEL_Z08,0.01887551144015992
7050,MEL_Z08,0.04910023878268802
7051,MEL_Z08,0.05161253315425107
7052,MEL_Z08,0.11489990492702265
7053,MEL_Z08,0.05936936177117151
7054,MEL_Z08,0.2718382222161046
7055,MEL_Z08,0.323780737853364
7056,MEL_Z08,0.08900246428493057
7057,MEL_Z08,0.03344892145415326
7058,MEL_Z08,0.003536230249540472
7059,MEL_Z08,0.02127615199574627
7060,MEL_Z08,0.017333765425594252
7061,MEL_Z08,0.046130408213623665
7062,MEL_Z08,0.10247716505473987
7063,MEL_Z08,0.07244738111721526
7064,MEL_Z08,0.2963896349460523
7065,MEL_Z08,0.08187428425874739
7066,MEL_Z08,0.05292661587952283
7067,MEL_Z07,0.11993940259285943
7068,MEL_Z07,0.0911942595406448
7069,MEL_Z07,0.07079776297578912
7070,MEL_Z07,0.14445003045373397
7071,MEL_Z07,0.04461020267496068
7072,MEL_Z07,0.002133097385044057
7073,MEL_Z06,0.026056660987179167
7074,MEL_Z06,0.11213462739143527
7075,MEL_Z06,0.4882436212805488
7076,MEL_Z06,0.33871564870709137
7077,MEL_Z06,0.0693809021160699
7078,MEL_Z06,0.03462120547956542
7079,MEL_Z06,0.0031823875716076476
7080,MEL_Z06,0.007122377589070374
7081,MEL_Z06,0.010496823083850554
7082,MEL_Z06,0.12514959328398476
7083,MEL_Z06,0.11831513537725197
7084,MEL_Z06,0.04988498169123176
7085,MEL_Z06,0.20766205228360138
7086,MEL_Z05,0.332747742054777
7087,MEL_Z05,0.530512226658353
7088,MEL_Z05,0.02409445881975127
7089,MEL_Z05,0.004119147516087708
7090,MEL_Z05,0.013633372095163689
7091,MEL_Z05,0.7392564459506514
7092,MEL_Z05,0.3502110559680812
7093,MEL_Z05,0.028879492762045742
7094,MEL_Z05,0.12214834489619758
7095,MEL_Z05,0.20291693987595247
7099,MEL_Z04,0.39713601287206335
7100,MEL_Z04,0.4641930465852095
7101,MEL_Z04,0.34594199981107304
7102,MEL_Z04,0.08112875453615258
7103,MEL_Z04,0.17688097458500537
7104,MEL_Z04,0.1332052087352162
7105,MEL_Z04,0.1646000257944501
7106,MEL_Z04,0.1278332677534242
7107,MEL_Z04,0.2885305000964108
7108,MEL_Z04,0.36212948422145147
7111,MEL_Z03,0.3677077106881898
7112,MEL_Z03,0.2730748563377174
7113,MEL_Z03,0.38096773348345747
7114,MEL_Z03,0.400601268021509
7115,MEL_Z03,0.8640693756325549
7116,MEL_Z03,0.25825829074032863
7117,MEL_Z03,0.2283310851061676
7118,MEL_Z03,0.7314932438453275
7119,MEL_Z03,0.6631558034664773
7120,MEL_Z03,0.9081119068440104
7121,MEL_Z03,0.5729221579947311
7122,MEL_Z03,0.9423991547781506
7123,MEL_Z03,0.7377533124607271
7124,MEL_Z03,0.9425022691264957
7129,MEL_Z02,0.13771215607309817
7130,MEL_Z02,0.18487587465003635
7131,MEL_Z02,0.9443198327152618
7132,MEL_Z02,0.9499125274733122
7133,MEL_Z02,0.9936585071358469
7134,MEL_Z02,0.9839683774257137
7135,MEL_Z02,0.9722735090577255
7136,MEL_Z02,0.9250537204471666
7137,MEL_Z02,0.9927276200479295
7138,MEL_Z02,0.9848362911491325
7139,MEL_Z02,0.46276320121368175
7155,MEL_Z12,0.06767375382489844
7156,MEL_Z12,0.279565086082857
7157,MEL_Z12,0.2999733822625269
7158,MEL_Z12,0.5138564408559286
7159,MEL_Z12,0.36415491166727687
7160,MEL_Z12,0.01472057776953865
7161,MEL_Z12,0.24615356701393667
7162,MEL_Z12,0.05835146652052727
7163,MEL_Z11,0.034335771196087134
7164,MEL_Z11,0.04731479638574135
7169,MEL_Z11,0.010516855120383178
7170,MEL_Z11,0.008544721927166385
7171,MEL_Z11,0.0074113463607206175
7172,MEL_Z11,0.019923449241187458
7173,MEL_Z10,0.02362562287400626
7174,MEL_Z10,0.028477572290431706
7175,MEL_Z10,0.031237479886626087
7176,MEL_Z10,0.40145046477144325
7177,MEL_Z10,0.21329752379208744
7178,MEL_Z10,0.21342248157808624
7179,MEL_Z10,0.062642779172382
7180,MEL_Z10,0.024542446040782893
7181,MEL_Z10,0.01486789972414254
7182,MEL_Z10,0.05876500801184545
7183,MEL_Z10,0.006999213076774226
7184,MEL_Z09,0.043525332087215596
7185,MEL_Z09,0.07109284051519534
7186,MEL_Z09,0.2837442698276782
7187,MEL_Z09,0.08091363586181446
7188,MEL_Z09,0.059384526437800435
7189,MEL_Z09,0.013706721289878375
7190,MEL_Z09,0.015025001662732167
7191,MEL_Z09,0.026797197071015834
7192,MEL_Z09,0.15406109955006259
7193,MEL_Z09,0.043612962986698076
7194,MEL_Z09,0.006505798109401551
7195,MEL_Z09,0.004091680534430975
7196,MEL_Z09,0.005092121164401846
7197,MEL_Z09,0.03267583839195397
7198,MEL_Z08,0.1355588513743554
7199,MEL_Z08,0.04855003260316695
7200,MEL_Z08,0.032790421949577715
7201,MEL_Z08,0.42749745825961855
7202,MEL_Z08,0.03866607117197355
7203,MEL_Z08,0.24107644317429844
7204,MEL_Z08,0.22042631954596356
7205,MEL_Z08,0.1577203462769542
7206,MEL_Z08,0.002800826474217662
7207,MEL_Z08,0.05300760575281895
7208,MEL_Z08,0.0022818843054616777
7209,MEL_Z08,0.004804864883351591
7210,MEL_Z08,0.011387451866655093
7211,MEL_Z08,0.2106115095102859
7212,MEL_Z08,0.36670684777843604
7213,MEL_Z08,0.12209976159953391
7214,MEL_Z08,0.0703308561512223
7215,MEL_Z08,0.1108607551777213
7216,MEL_Z08,0.18886365490355267
7217,MEL_Z07,0.0807464147315813
7218,MEL_Z07,0.07230565974114901
7219,MEL_Z07,0.13441586685134493
7220,MEL_Z07,0.13225929615899118
7221,MEL_Z07,0.035123979875940986
7222,MEL_Z06,0.1286198049040825
7223,MEL_Z06,0.15545917153304004
7224,MEL_Z06,0.06629900396414862
7225,MEL_Z06,0.20619908867876197
7226,MEL_Z06,0.12938698588591244
7227,MEL_Z06,0.008289198858237829
7228,MEL_Z06,0.013696212969150454
7229,MEL_Z06,0.11696177442769344
7230,MEL_Z06,0.3607913367168583
7231,MEL_Z06,0.1700195513859599
7232,MEL_Z06,0.010032061766281141
7233,MEL_Z06,0.011331635734260749
7234,MEL_Z06,0.031242518839402728
7235,MEL_Z05,0.20776331862079064
7236,MEL_Z05,0.23208302836835895
7237,MEL_Z05,0.019130087714437114
7238,MEL_Z05,0.02389970904058126
7239,MEL_Z05,0.06476283158820893
7240,MEL_Z05,0.916193613937357
7241,MEL_Z05,0.9210901318964976
7249,MEL_Z04,0.1729114291571012
7250,MEL_Z04,0.05338438851183854
7251,MEL_Z04,0.12383504567821427
7252,MEL_Z04,0.06534654360820416
7253,MEL_Z04,0.11664945131164388
7254,MEL_Z04,0.061343358652879855
7255,MEL_Z04,0.41524328418397805
7256,MEL_Z04,0.32363687736913543
7262,MEL_Z03,0.3495587943032237
7263,MEL_Z03,0.45306692536902904
7264,MEL_Z03,0.9543785990700964
7265,MEL_Z03,0.6787363388169618
7266,MEL_Z03,0.3749722134916691
7267,MEL_Z03,0.6487443425073133
7280,MEL_Z02,0.1804602994714256
7281,MEL_Z02,0.9379953206667655
7282,MEL_Z02,0.9856742839791686
7304,MEL_Z12,0.11293391725030959
7305,MEL_Z12,0.11189127589364725
7306,MEL_Z12,0.17652616750042135
7307,MEL_Z12,0.6277630723017442
7308,MEL_Z12,0.23305975401628815
7309,MEL_Z12,0.06505233328267992
7310,MEL_Z12,0.031875439446804994
7311,MEL_Z12,0.10858867860363687
7322,MEL_Z10,0.025177726892574775
7323,MEL_Z10,0.04022829801774966
7324,MEL_Z10,0.020410290063395092
7325,MEL_Z10,0.013383906318528744
7327,MEL_Z10,0.051122103596566736
7328,MEL_Z10,0.012066556136514616
7329,MEL_Z10,0.008252853449173812
7330,MEL_Z10,0.03282221673133231
7331,MEL_Z10,0.031079153076734586
7332,MEL_Z10,0.011691870179557145
7333,MEL_Z09,0.008419076143535743
7334,MEL_Z09,0.019584174211479188
7335,MEL_Z09,0.221538733690259
7336,MEL_Z09,0.033408571958321066
7337,MEL_Z09,0.02184880535560574
7338,MEL_Z09,0.0024473114078720688
7339,MEL_Z09,0.009927537993252312
7340,MEL_Z09,0.009472389865090608
7341,MEL_Z09,0.0834296248206726
7342,MEL_Z09,0.04331599932248367
7343,MEL_Z09,0.017804959847449717
7344,MEL_Z09,0.014608146937338863
7345,MEL_Z09,0.014237024326555974
7346,MEL_Z08,0.0405597173779739
7347,MEL_Z08,0.0172280862966803
7348,MEL_Z08,0.019335069829795735
7349,MEL_Z08,0.03118000565836088
7350,MEL_Z08,0.04895658293739679
7351,MEL_Z08,0.032314830100906994
7352,MEL_Z08,0.00560309990974956
7353,MEL_Z08,0.07037647620424196
7354,MEL_Z08,0.06420931819667478
7355,MEL_Z08,0.045232074579315246
7356,MEL_Z08,0.025670120564610797
7357,MEL_Z08,0.04706737635732097
7358,MEL_Z08,0.01087581843390203
7359,MEL_Z08,0.0025820733259656775
7360,MEL_Z08,0.0578422970369479
7361,MEL_Z08,0.06362313956132289
7362,MEL_Z08,0.33200552175603354
7363,MEL_Z08,0.036377480168831404
7364,MEL_Z08,0.04738922823453219
7365,MEL_Z08,0.33264303921966154
7366,MEL_Z07,0.031003826552061867
7367,MEL_Z07,0.04046016880762249
7368,MEL_Z07,0.027276834221867836
7369,MEL_Z07,0.05873054267116708
7370,MEL_Z07,0.07418799836539282
7371,MEL_Z06,0.11985614710351576
7372,MEL_Z06,0.07378699137091889
7373,MEL_Z06,0.004368587269414431
7374,MEL_Z06,0.006374752063926994
7375,MEL_Z06,0.024709131954330683
7376,MEL_Z06,0.022399056232925835
7377,MEL_Z06,0.12390268742470936
7382,MEL_Z06,0.06267434752187083
7383,MEL_Z05,0.1994014597755063
7384,MEL_Z05,0.10785506371216694
7385,MEL_Z05,0.2881535397153896
7386,MEL_Z05,0.10777990773621965
7387,MEL_Z05,0.11481775153048605
7388,MEL_Z05,0.03989409601695579
7401,MEL_Z04,0.06231972910424118
7402,MEL_Z04,0.06335861799313007
7403,MEL_Z04,0.20146705156812386
7404,MEL_Z04,0.36928352943123804
7412,MEL_Z03,0.43855513801079327
7453,MEL_Z12,0.22793245995482792
7454,MEL_Z12,0.1772668203016212
7455,MEL_Z12,0.7188851213686782
7456,MEL_Z12,0.10588530018611259
7457,MEL_Z12,0.015507087357364493
7458,MEL_Z12,0.017220935781066572
7459,MEL_Z12,0.034541699805813876
7479,MEL_Z10,0.023975824638005003
7480,MEL_Z10,0.019316412730543457
7481,MEL_Z10,0.048250358158271334
7482,MEL_Z09,0.027747046229088017
7483,MEL_Z09,0.0048067392513537165
7484,MEL_Z09,0.023250132062973872
7485,MEL_Z09,0.06809916253480112
7486,MEL_Z09,0.007641705285195936
7487,MEL_Z09,0.033745816611633055
7488,MEL_Z09,0.009823198809313427
7489,MEL_Z09,0.012303602847864966
7490,MEL_Z09,0.020028541568637398
7491,MEL_Z09,0.03861912417813771
7492,MEL_Z09,0.05965690650808136
7493,MEL_Z09,0.003212774165753214
7494,MEL_Z09,0.00668095838489959
7495,MEL_Z08,0.07297514874366082
7496,MEL_Z08,0.27178552635860775
7497,MEL_Z08,0.035101315475302555
7498,MEL_Z08,0.004834562686333912
7499,MEL_Z08,0.011310848828983694
7500,MEL_Z08,0.005642052870531663
7501,MEL_Z08,0.22701890486089085
7502,MEL_Z08,0.03429924776181757
7503,MEL_Z08,0.07298127969905903
7504,MEL_Z08,0.04134891650574828
7505,MEL_Z08,0.015985405554280827
7506,MEL_Z08,0.0035413817374386775
7507,MEL_Z08,0.014300368720577246
7508,MEL_Z08,0.003137399220839682
7509,MEL_Z08,0.0026163314556289017
7510,MEL_Z08,0.017851885117623957
7511,MEL_Z08,0.04128040911890257
7512,MEL_Z08,0.2996193034877531
7513,MEL_Z08,0.1701080866049595
7514,MEL_Z08,0.07832671046657941
7515,MEL_Z08,0.1568185266189187
7516,MEL_Z07,0.014258858513417764
7517,MEL_Z07,0.01010542060827788
7518,MEL_Z07,0.018670686402669463
7519,MEL_Z07,0.017329973472621826
7520,MEL_Z06,0.027156653773511202
7521,MEL_Z06,0.11970138517667357
7522,MEL_Z06,0.10490527829258826
7523,MEL_Z06,0.012283403396557752
7524,MEL_Z06,0.023464271293244347
7525,MEL_Z06,0.0042360629183403765
7537,MEL_Z05,0.02164391147293839
7603,MEL_Z12,0.3067955019158614
7604,MEL_Z12,0.25473890069773986
7630,MEL_Z10,0.021871164913142987
7631,MEL_Z09,0.01624212262977634
7632,MEL_Z09,0.008862562375287233
7633,MEL_Z09,0.004683923891368809
7634,MEL_Z09,0.026814928334578835
7635,MEL_Z09,0.049204229364637905
7636,MEL_Z09,0.03517286237799067
7637,MEL_Z09,0.03928378566599365
7638,MEL_Z09,0.045238639686037384
7639,MEL_Z09,0.059015644926919616
7640,MEL_Z09,0.011021830404521255
7641,MEL_Z09,0.025117182465863107
7642,MEL_Z09,0.008189857726295989
7643,MEL_Z09,0.10083541630494824
7644,MEL_Z08,0.025587380530254115
7645,MEL_Z08,0.5392935843338997
7646,MEL_Z08,0.015626509140621397
7647,MEL_Z08,0.008328374998893212
7648,MEL_Z08,0.034911874382021306
7649,MEL_Z08,0.14272988752172933
7650,MEL_Z08,0.20675118175786228
7651,MEL_Z08,0.0638702817599806
7652,MEL_Z08,0.15833767858545916
7653,MEL_Z08,0.13176833459332832
7654,MEL_Z08,0.01102662275843517
7655,MEL_Z08,0.0023861428922244865
7656,MEL_Z08,0.009103367059551162
7657,MEL_Z08,0.006469140553675372
7658,MEL_Z08,0.003079735264961513
7659,MEL_Z08,0.01265464892633373
7660,MEL_Z08,0.0617639927727116
7661,MEL_Z08,0.2889712599046626
7662,MEL_Z08,0.58266968586414
7663,MEL_Z08,0.13628182728524715
7664,MEL_Z08,0.19088582793092254
7665,MEL_Z08,0.04577926713361171
7666,MEL_Z07,0.03756505439274648
7667,MEL_Z07,0.0024762440255926194
7668,MEL_Z07,0.0024384039866278476
7669,MEL_Z06,0.003096043874186391
7670,MEL_Z06,0.0005960438741863913
7671,MEL_Z06,0.022679522590250255
7672,MEL_Z06,0.0037569826005720316
7673,MEL_Z06,0.009182914655186811
7674,MEL_Z06,0.04302756170470591
7781,MEL_Z09,0.045668636238025674
7782,MEL_Z09,0.002562125382435239
7783,MEL_Z09,0.005485109192379221
7784,MEL_Z09,0.07292345002674348
7785,MEL_Z09,0.03130221093632856
7786,MEL_Z09,0.08063392458037476
7787,MEL_Z09,0.008129338553047896
7788,MEL_Z09,0.12066204214590406
7789,MEL_Z09,0.131185050467369
7790,MEL_Z09,0.019386119103842
7791,MEL_Z09,0.006075807047758594
7792,MEL_Z09,0.0906156229934836
7793,MEL_Z08,0.16096149073325636
7794,MEL_Z08,0.13721415811592866
7795,MEL_Z08,0.12154854338477472
7796,MEL_Z08,0.06825324323704347
7797,MEL_Z08,0.09701795166172168
7798,MEL_Z08,0.07581390275949568
7799,MEL_Z08,0.011831456432810441
7800,MEL_Z08,0.00861435163631495
7801,MEL_Z08,0.016705435641065358
7802,MEL_Z08,0.022922264742198033
7803,MEL_Z08,0.00492503076877302
7804,MEL_Z08,0.15858489224601
7805,MEL_Z08,0.020006713478516545
7806,MEL_Z08,0.036046600683882164
7807,MEL_Z08,0.05422304091032239
7808,MEL_Z08,0.061645514627844025
7809,MEL_Z08,0.04843368812476335
7810,MEL_Z08,0.17480435713005701
7811,MEL_Z08,0.4889632003449203
7812,MEL_Z08,0.147999626870035
7813,MEL_Z08,0.2291921123437035
7814,MEL_Z08,0.08702896140088716
7815,MEL_Z07,0.04219862919684603
7816,MEL_Z07,0.025739079734876897
7817,MEL_Z07,0.0014066469559955502
7818,MEL_Z06,0.003933184052198975
7819,MEL_Z06,0.005504971989729729
7820,MEL_Z06,0.0018279927654823117
7821,MEL_Z06,0.008025813968571945
7932,MEL_Z09,0.017928414422907425
7933,MEL_Z09,0.03725882683232562
7934,MEL_Z09,0.0048921674156934564
7935,MEL_Z09,0.07387707067984346
7936,MEL_Z09,0.08949732159267834
7937,MEL_Z09,0.037473125525612334
7938,MEL_Z09,0.06371320627640031
7939,MEL_Z09,0.0061437198900904
7940,MEL_Z09,0.0048447894088069765
7941,MEL_Z09,0.06730043908629209
7942,MEL_Z08,0.19619306442147952
7943,MEL_Z08,0.0329797358320985
7944,MEL_Z08,0.031828636399666994
7945,MEL_Z08,0.14204314604853358
7946,MEL_Z08,0.15959033356165894
7947,MEL_Z08,0.4070015162161206
7948,MEL_Z08,0.02059497227069561
7949,MEL_Z08,0.004201552947867442
7950,MEL_Z08,0.0025241134168885585
7951,MEL_Z08,0.002993916096395778
7952,MEL_Z08,0.027703004297287767
7953,MEL_Z08,0.1618208362658911
7954,MEL_Z08,0.3915722861036579
7955,MEL_Z08,0.04046370563693528
7956,MEL_Z08,0.17594785264665141
7957,MEL_Z08,0.028931922946582537
7958,MEL_Z08,0.03420436186568282
7959,MEL_Z08,0.3014972385237012
7960,MEL_Z08,0.2977451214539542
7961,MEL_Z08,0.08833347242689692
7962,MEL_Z08,0.24423250597611387
7963,MEL_Z08,0.1958930830158081
7964,MEL_Z08,0.026456154946881628
7965,MEL_Z07,0.053323854983189825
7966,MEL_Z07,0.0014994080328731333
7967,MEL_Z06,0.0013247169970352333
7968,MEL_Z06,0.015917258320382086
7969,MEL_Z06,0.0067339832102078735
8082,MEL_Z09,0.0127884998329108
8083,MEL_Z09,0.0069516952609960025
8084,MEL_Z09,0.15105457219491325
8085,MEL_Z09,0.049697242362978025
8086,MEL_Z09,0.0038740148022885007
8087,MEL_Z09,0.0067851855654436286
8088,MEL_Z09,0.005487531012151211
8089,MEL_Z09,0.006184101611101648
8090,MEL_Z09,0.037518867908227324
8091,MEL_Z08,0.3012053520661081
8092,MEL_Z08,0.008836435941547935
8093,MEL_Z08,0.006840006863531443
8094,MEL_Z08,0.005257870214555367
8095,MEL_Z08,0.058911644606011615
8096,MEL_Z08,0.17848112118007559
8097,MEL_Z08,0.013684392510034997
8098,MEL_Z08,0.008752835579363594
8099,MEL_Z08,0.01419077188157895
8100,MEL_Z08,0.020891491734301302
8101,MEL_Z08,0.04297341433028416
8102,MEL_Z08,0.009559647110453448
8103,MEL_Z08,0.4104483393999867
8104,MEL_Z08,0.033757011893867796
8105,MEL_Z08,0.03504994803795973
8106,MEL_Z08,0.007513674770243833
8107,MEL_Z08,0.06273081196477691
8108,MEL_Z08,0.0981314085957611
8109,MEL_Z08,0.04670492813009969
8110,MEL_Z08,0.10942036105057551
8111,MEL_Z08,0.1915073030448357
8112,MEL_Z08,0.6795895038531501
8113,MEL_Z08,0.2402312595384653
8114,MEL_Z08,0.26557248506051956
8115,MEL_Z06,0.056936904463824156
8116,MEL_Z06,0.003535192317047625
8117,MEL_Z06,0.0026843212520885193
8232,MEL_Z09,0.15115851536769725
8233,MEL_Z09,0.12029446039905443
8234,MEL_Z09,0.027825349207759014
8235,MEL_Z09,0.022603521290056057
8236,MEL_Z09,0.002154413408741556
8237,MEL_Z09,0.03242005884558601
8238,MEL_Z09,0.0067032513856838324
8239,MEL_Z08,0.008219621586247014
8240,MEL_Z08,0.01804535954119971
8241,MEL_Z08,0.04683951250076038
8242,MEL_Z08,0.023653036820899292
8243,MEL_Z08,0.01899957848886131
8244,MEL_Z08,0.05176106727180086
8245,MEL_Z08,0.028170998791592707
8246,MEL_Z08,0.0218050990988684
8247,MEL_Z08,0.0027244956293142816
8248,MEL_Z08,0.005210716505063595
8249,MEL_Z08,0.026072880912280473
8250,MEL_Z08,0.01227345788337294
8251,MEL_Z08,0.006137260018382411
8252,MEL_Z08,0.007056788331503653
8253,MEL_Z08,0.00783959041524345
8254,MEL_Z08,0.02559892526584643
8255,MEL_Z08,0.014579132153792456
8256,MEL_Z08,0.002685479234827829
8257,MEL_Z08,0.004395841043649889
8258,MEL_Z08,0.04063869487626623
8259,MEL_Z08,0.11555127159185372
8260,MEL_Z08,0.20299628863336538
8261,MEL_Z08,0.18010055703609884
8384,MEL_Z09,0.02709608264003622
8385,MEL_Z09,0.03193224772126954
8386,MEL_Z09,0.029915978412468784
8387,MEL_Z09,0.029893321771653544
8388,MEL_Z08,0.0053397879613530964
8389,MEL_Z08,0.058309022143752436
8390,MEL_Z08,0.051254965672122815
8391,MEL_Z08,0.0028780335972883814
8392,MEL_Z08,0.009567508272904418
8393,MEL_Z08,0.007423721994107761
8394,MEL_Z08,0.010533757537205273
8395,MEL_Z08,0.007438315683371112
8396,MEL_Z08,0.005869153146528951
8397,MEL_Z08,0.022068606354383402
8398,MEL_Z08,0.05103959788023119
8399,MEL_Z08,0.08160392902073722
8400,MEL_Z08,0.09048328196946806
8401,MEL_Z08,0.044255130265859956
8402,MEL_Z08,0.0031338143110704302
8403,MEL_Z08,0.03550414490089745
8404,MEL_Z08,0.0038095773589259525
8405,MEL_Z08,0.01028080516392954
8406,MEL_Z08,0.030168721201987162
8407,MEL_Z08,0.06977808702355649
8408,MEL_Z08,0.16669088992730163
8409,MEL_Z08,0.026451961485881626
8410,MEL_Z08,0.021799741455498598
8534,MEL_Z09,0.036882420441811094
8535,MEL_Z09,0.02991238731302963
8536,MEL_Z09,0.11088014661088547
8537,MEL_Z08,0.09698414623918067
8538,MEL_Z08,0.05043464483975847
8539,MEL_Z08,0.011492991150854965
8540,MEL_Z08,0.011010872171130602
8541,MEL_Z08,0.01150966889171875
8542,MEL_Z08,0.0012322565709241187
8543,MEL_Z08,0.003626148238111145
8544,MEL_Z08,0.003324775483708472
8545,MEL_Z08,0.08920620332442904
8546,MEL_Z08,0.05216742160456041
8547,MEL_Z08,0.027411659236037965
8548,MEL_Z08,0.0666766311592225
8549,MEL_Z08,0.08000033647616857
8550,MEL_Z08,0.020329633045361034
8551,MEL_Z08,0.005233386882735477
8552,MEL_Z08,0.01029882494824249
8553,MEL_Z08,0.02130466875906768
8554,MEL_Z08,0.1079854427930935
8685,MEL_Z09,0.05514769021488742
8686,MEL_Z08,0.08390169721031411
8687,MEL_Z08,0.04879584346142454
8688,MEL_Z08,0.01961891308042965
8689,MEL_Z08,0.026191383954970605
8690,MEL_Z08,0.0029639372182653657
8691,MEL_Z08,0.0013789460286928205
8692,MEL_Z08,0.0393038312166057
8693,MEL_Z08,0.05255561379061953
8694,MEL_Z08,0.01726412031180927
8695,MEL_Z08,0.012741840990760766
8696,MEL_Z08,0.010107956501755794
8697,MEL_Z08,0.023123543840619213
8698,MEL_Z08,0.03185267536400192
8699,MEL_Z08,0.0018180922573165202
8700,MEL_Z08,0.0020463316244090225
8701,MEL_Z08,0.029603650333936603
8703,MEL_Z08,0.051882855917394284
8836,MEL_Z08,0.0422146146813812
8837,MEL_Z08,0.02695711871751641
8838,MEL_Z08,0.04751741044022891
8839,MEL_Z08,0.03661722261117618
8840,MEL_Z08,0.014568444264689022
8841,MEL_Z08,0.027431705678415956
8842,MEL_Z08,0.4701648128219641
8843,MEL_Z08,0.4142560633694865
8844,MEL_Z08,0.05056423032448997
8845,MEL_Z08,0.05744814989510305
8846,MEL_Z08,0.030191299269863296
8847,MEL_Z08,0.0035431717201243854
8848,MEL_Z08,0.009431865922846549
8849,MEL_Z08,0.026298160000825428
8986,MEL_Z08,0.03460784915777718
8987,MEL_Z08,0.07372524786362185
8988,MEL_Z08,0.01031343828105579
8989,MEL_Z08,0.026747046946505443
8990,MEL_Z08,0.08409387290242085
8991,MEL_Z08,0.057467286768236474
8992,MEL_Z08,0.050986445017283215
8994,MEL_Z08,0.06545505773960571
8995,MEL_Z08,0.004934132770625066
8996,MEL_Z08,0.007987003155605264
8997,MEL_Z08,0.027357287231903886
9137,MEL_Z08,0.023041201781269536
9138,MEL_Z08,0.04851472432432292
9139,MEL_Z08,0.1231249367565563
