cell_id,zone_id,elevation,slope,distance_to_river_m,pre2021_landslide_pct,distance_to_old_landslide_m,event_impact_pct,impacted_2021
2692,MEL_Z11,1806.0,23.827564,5305.946310539072,0.0,216.91381039129632,0.0,0
2693,MEL_Z11,1731.0,22.945995,5235.197193728395,0.0,227.57299550043172,0.0,0
2694,MEL_Z11,1691.0,27.355776,5136.611390787301,0.0,314.4188964517206,0.0,0
2695,MEL_Z11,1668.0,12.368882,5048.460266325194,0.0,236.56259702557338,0.0,0
2696,MEL_Z11,1552.0,27.319334,4970.817127856344,0.0,148.34741069156755,0.0,0
2697,MEL_Z11,1383.0,27.166624,4904.701293301737,0.12670652462736595,130.90246037708795,0.0,0
2698,MEL_Z10,1410.0,35.280323,4850.584153938726,7.649417843591275,62.80747122168929,0.0,0
2699,MEL_Z10,1491.0,24.242445,4808.70937257278,0.0,208.34451259899944,0.0,0
2700,MEL_Z10,1593.0,39.510433,4777.946220177071,0.33432257905831786,127.64162597120605,0.0,0
2701,MEL_Z10,1735.0,46.333054,4760.081300755184,0.0,160.59165971726912,0.0,0
2702,MEL_Z10,1830.0,1.3502246,4755.267376980145,0.00430108051159993,136.51172080436837,0.0,0
2703,MEL_Z10,1895.0,22.991756,4763.281728259208,5.164162524101989,62.69417787637037,0.0,0
2704,MEL_Z10,2007.0,31.158865,4784.059903869777,0.8030218932121229,95.71879166811387,0.0,0
2705,MEL_Z10,2201.0,44.284187,4817.596436862051,0.0,296.77231536144564,0.0,0
2706,MEL_Z10,2225.0,36.76857,4851.345962424651,0.0,503.6770583659708,0.0,0
2707,MEL_Z10,2083.0,34.402565,4885.68301736435,0.0,426.9449447335396,0.0,0
2708,MEL_Z10,1929.0,26.644436,4912.28660347448,0.0,391.2206413961835,0.0,0
2709,MEL_Z10,1845.0,26.3665,4871.76437223668,0.0,498.4721796207001,0.0,0
2710,MEL_Z10,1729.0,26.478884,4843.82251145874,0.0,655.8613161741519,0.0,0
2711,MEL_Z10,1716.0,35.726643,4828.679420549087,0.0,419.68799241968526,0.0,0
2712,MEL_Z10,1770.0,40.19787,4825.845552748666,0.0,212.34747969206015,0.0,0
2713,MEL_Z10,1717.0,35.183537,4835.675177976905,3.359854923924928,99.038574399413,0.0,0
2714,MEL_Z10,1630.0,16.72356,4858.293052636214,1.4553393757853563,117.2327238672948,0.0,0
2715,MEL_Z10,1783.0,29.970255,4893.328274550069,1.7219115251843435,39.93531439548366,0.0,0
2716,MEL_Z10,1906.0,13.858937,4940.698202442689,0.0,188.82935920905896,0.0,0
2717,MEL_Z09,1968.0,23.322042,4988.872518428341,0.0,170.13042125797543,0.0,0
2718,MEL_Z09,2059.0,38.258198,5048.3678983693135,1.651257868586458,0.0,0.0,0
2719,MEL_Z09,2271.0,28.650335,5108.181124422271,0.0,180.51006583892848,0.0,0
2720,MEL_Z09,2374.0,22.71114,5169.479107041201,2.959144516668229,74.69578828940966,0.0,0
2721,MEL_Z09,2454.0,26.158983,5241.409077253214,0.0,141.1651171156103,0.0,0
2722,MEL_Z09,2476.0,36.341805,5321.482585994083,0.0,384.1963813146667,0.0,0
2723,MEL_Z09,2504.0,20.912287,5377.517834193876,0.0,504.3388269008325,0.0,0
2724,MEL_Z09,2552.0,15.599614,5429.83916549981,0.0,559.2007458647166,0.0,0
2725,MEL_Z09,2491.0,25.584454,5446.94821901086,0.0,589.5466304199796,0.0,0
2726,MEL_Z09,2469.0,19.82703,5475.430251402668,0.0,712.3376900764473,0.0,0
2727,MEL_Z09,2353.0,22.77572,5514.9113787513315,0.0,765.2087870275425,0.0,0
2728,MEL_Z09,2347.0,28.144936,5564.984329762508,0.0,557.9292074768463,0.0,0
2729,MEL_Z09,2292.0,23.391932,5625.731389386063,0.0,397.543918514889,0.0,0
2730,MEL_Z07,2249.0,30.177368,5560.710432841974,0.0,344.5302311637708,0.0,0
2731,MEL_Z07,2226.0,28.280272,5396.458242644489,0.0,451.44148472879044,0.0,0
2732,MEL_Z07,2210.0,26.661852,5238.990609964263,0.0,369.5333435054969,0.0,0
2733,MEL_Z07,2195.0,22.092365,5088.937380041318,0.2211468621429629,125.31041334832281,0.0,0
2734,MEL_Z07,2226.0,13.362202,4946.973287240377,0.5491874360187415,119.46285492449329,0.0,0
2735,MEL_Z07,2300.0,20.385319,4813.814054505838,0.0,362.9408259416873,0.0,0
2736,MEL_Z07,2287.0,43.834053,4690.209675275297,0.0,204.24307614213578,0.0,0
2737,MEL_Z07,2395.0,37.143417,4576.934328208575,3.6331461233706936,30.06135353957179,0.0,0
2738,MEL_Z07,2570.0,38.986935,4474.772496051855,0.0,125.88382077204332,0.0,0
2739,MEL_Z07,2686.0,37.687237,4384.501104813434,0.0,375.551226748215,0.0,0
2740,MEL_Z07,2728.0,17.990314,4306.867885691213,0.0,583.9549854809119,0.0,0
2741,MEL_Z07,2701.0,28.88008,4242.566679674743,0.0,787.5038717093624,0.0,0
2742,MEL_Z07,2683.0,34.461792,4192.211001151354,0.0,995.1193838695237,0.0,0
2743,MEL_Z07,2768.0,14.054954,4156.272892491993,0.0,1052.445858517838,0.0,0
2744,MEL_Z07,2834.0,34.881973,4134.670291062281,0.0,828.8144311153442,0.0,0
2745,MEL_Z07,2998.0,31.284876,4127.748688654255,0.0,625.2740920920884,0.0,0
2746,MEL_Z07,3155.0,27.49472,4111.177957400047,0.0,464.1820581283395,0.0,0
2747,MEL_Z07,3326.0,35.861874,4107.212857502542,0.0,403.4399943328444,0.0,0
2753,MEL_Z06,3405.0,30.006462,4061.588521362019,0.0,480.0389731848855,0.0,0
2754,MEL_Z06,3345.0,21.726196,4072.3801208503337,0.0,640.3273843661696,0.0,0
2755,MEL_Z06,3331.0,28.468466,4118.034175291568,0.0,561.5733235649044,0.0,0
2756,MEL_Z06,3295.0,39.752647,4142.762316956817,0.0,322.66336007264454,0.0,0
2757,MEL_Z06,3244.0,37.53491,4169.760348869695,4.810089031385437,80.40485687100035,0.0,0
2758,MEL_Z06,3323.0,48.121506,4200.999517940438,11.770315145695601,7.882042332620138,0.0,0
2759,MEL_Z06,3445.0,31.160069,4171.739596509327,2.891021573345556,3.4642182431199,0.0,0
2779,MEL_Z05,4208.0,27.631008,4058.0564400591475,0.00037837127447567267,88.0213968987436,0.0,0
2780,MEL_Z04,4170.0,10.456857,4146.038846955516,0.18751117536390244,95.61299395900947,0.0,0
2781,MEL_Z04,4118.0,25.865946,4204.572498156142,0.0,156.01811924396404,0.0,0
2782,MEL_Z04,4054.0,34.59915,4276.94068979659,0.6045707141608022,110.40228249447213,0.0,0
2783,MEL_Z04,4060.0,33.61241,4362.454978085674,0.3028814230715239,128.84734408339705,0.0,0
2784,MEL_Z04,4109.0,2.6989512,4460.35931373373,0.06347948151823268,146.79919141917685,0.06347948151823268,0
2785,MEL_Z04,4023.0,38.447613,4499.711548268746,4.509663584814331,74.51120341953732,0.9294230952882608,0
2786,MEL_Z04,3940.0,43.78221,4528.0136942622075,8.100321364480974,31.737295869734638,0.0,0
2787,MEL_Z04,3857.0,17.823069,4569.837197672259,5.7171267769962535,46.349865472527576,3.493440641504983,1
2788,MEL_Z04,3774.0,36.829956,4624.815240745517,1.3851794979491132,59.23205955175537,0.0,0
2789,MEL_Z04,3804.0,42.516346,4692.485483071309,0.0,166.14099915896932,0.0,0
2790,MEL_Z04,3773.0,17.424892,4772.308037693915,0.37146624812206164,114.02025503058806,0.0,0
2791,MEL_Z04,3849.0,18.221186,4863.684611941951,0.17398231210119453,121.27092657238384,0.0,0
2792,MEL_Z04,3896.0,15.220621,4937.35013789141,0.6953646494593435,95.5009933737319,2.3595702022803278,1
2793,MEL_Z04,3976.0,21.925253,4985.724222764381,4.570662004412393,30.774700305443368,4.703243007286189,1
2794,MEL_Z04,4101.0,28.571632,5045.885328758394,0.0,167.71709053920748,0.0,0
2795,MEL_Z04,4194.0,33.432915,5117.564994848519,0.060747543937584865,135.22521669719717,1.8593291810453383,1
2796,MEL_Z04,4319.0,37.038773,5200.286934585306,13.020955732322664,17.964124511408944,11.31769121059787,1
2797,MEL_Z04,4472.0,44.660294,5293.533501125534,16.945240307828445,6.990907888940857,27.64463891899449,1
2798,MEL_Z03,4708.0,42.590427,5378.103014394951,35.36038000316273,1.1346627677366052,28.108661611713977,1
2799,MEL_Z03,4899.0,42.5399,5458.291292152526,37.15962290670144,13.388867227478306,24.804021759037227,1
2800,MEL_Z03,4973.0,41.524025,5511.862378957673,9.059941147395351,51.09372345587814,0.0,0
2801,MEL_Z03,4996.0,54.56794,5568.532490818475,2.888976696065987,84.9131339843602,0.0,0
2802,MEL_Z03,4926.0,25.757612,5626.735362117616,4.075668693939961,3.0485783697407394,0.0,0
2803,MEL_Z03,4915.0,14.865075,5646.505512367518,6.694038074900634,107.80910858354864,6.4225719924680496,1
2804,MEL_Z03,4925.0,17.485348,5673.756644482129,16.60469323311525,14.931578878566812,12.578690202049039,1
2805,MEL_Z03,4909.0,16.051125,5711.431103517804,0.0,135.9694293822313,0.0,0
2806,MEL_Z03,5074.0,60.800686,5646.650948953351,0.0,204.86086167615537,0.0,0
2841,MEL_Z11,1799.0,17.456593,5063.339569924323,0.0,342.76772657491534,0.0,0
2842,MEL_Z11,1745.0,12.814238,5008.757756468364,0.0,471.2576082904174,0.0,0
2843,MEL_Z11,1660.0,16.493881,4905.623424777548,0.0,529.3930181018143,0.0,0
2844,MEL_Z11,1629.0,22.832016,4813.276234382398,0.0,281.9870261603023,0.0,0
2845,MEL_Z11,1578.0,26.3665,4731.945582840655,8.878123356017161,51.87274535896601,0.0,0
2846,MEL_Z11,1430.0,35.377476,4662.443657235005,33.80008355117099,1.2141111145051948,0.0,0
2847,MEL_Z10,1308.0,9.514432,4605.480725702439,1.7702338954098717,97.7509525082656,1.4560989014275378,1
2848,MEL_Z10,1417.0,37.889145,4561.5098217771,0.0,166.90751265445297,0.0,0
2849,MEL_Z10,1611.0,36.14764,4529.202618114047,0.04016214770499208,131.51326361616185,0.0,0
2850,MEL_Z10,1746.0,27.13591,4510.352565246529,0.24160176560947796,117.0387448656553,0.0,0
2851,MEL_Z10,1791.0,39.1237,4505.271811955694,0.0,264.04756087244465,0.0,0
2852,MEL_Z10,1783.0,29.147535,4513.717460455029,0.0,241.0311157441736,0.0,0
2853,MEL_Z10,1936.0,30.063198,4535.632343712889,0.0,153.08311788155194,0.0,0
2854,MEL_Z10,2138.0,37.924934,4570.859735567687,0.0,300.6813691932906,0.0,0
2855,MEL_Z10,2190.0,29.77231,4603.028700336145,0.0,253.72069097941667,0.0,0
2856,MEL_Z10,2062.0,16.87454,4639.177197655707,0.0,215.4936997455476,0.0,0
2857,MEL_Z10,1996.0,21.854914,4666.924114083634,0.0,150.77612535625767,0.0,0
2858,MEL_Z10,1914.0,29.47088,4624.25227583175,0.0,339.01784626902787,0.0,0
2859,MEL_Z10,1792.0,26.72344,4594.805494735869,0.0,574.3161815704053,0.0,0
2860,MEL_Z10,1673.0,26.064075,4578.838931254815,0.0,486.3285796052976,0.0,0
2861,MEL_Z10,1665.0,27.590689,4575.869424539745,0.0,263.0258295879529,0.0,0
2862,MEL_Z10,1587.0,18.587227,4586.234852071532,0.0,159.19840623404102,0.0,0
2863,MEL_Z10,1659.0,28.76073,4610.038797854955,9.679766678114095,35.77578763264613,0.0,0
2864,MEL_Z10,1685.0,25.074554,4646.946086942027,0.131620680224882,124.83274452881916,0.0,0
2865,MEL_Z10,1815.0,34.91555,4694.621161873505,0.0,162.99247739637437,0.0,0
2866,MEL_Z09,1933.0,22.010092,4744.985593569339,0.0,158.06229228438943,0.0,0
2867,MEL_Z09,2067.0,32.977543,4807.500152401123,1.1142208358426526,60.795590191326355,0.0,0
2868,MEL_Z09,2288.0,45.586605,4864.938941116731,0.25242678040194333,62.74725647857016,0.0,0
2869,MEL_Z09,2401.0,38.80546,4929.001268914965,0.0,159.89945367991186,0.0,0
2870,MEL_Z09,2368.0,13.597653,5004.179476379277,0.0,205.4237158256417,0.0,0
2871,MEL_Z09,2352.0,23.738735,5076.920959114356,0.0,250.9572351622416,0.0,0
2872,MEL_Z09,2411.0,18.946775,5135.5573067668265,0.0,274.15895473644605,0.0,0
2873,MEL_Z09,2489.0,22.499388,5180.110845720509,0.0,311.4075480363668,0.0,0
2874,MEL_Z09,2406.0,15.073401,5198.041930510099,0.0,363.09009383060663,0.0,0
2875,MEL_Z09,2364.0,27.680155,5227.880206042508,0.0,538.1446975503025,0.0,0
2876,MEL_Z09,2284.0,25.651918,5269.117046448761,0.0,660.7076011103512,0.0,0
2877,MEL_Z09,2195.0,34.973892,5321.503314308682,0.0,438.3871825296145,0.0,0
2878,MEL_Z09,2173.0,42.111874,5384.997734374608,0.0,207.18068109221076,0.0,0
2879,MEL_Z07,2157.0,26.443645,5373.447646340103,0.6124196038837404,102.23203354746538,0.0,0
2880,MEL_Z07,2127.0,19.10917,5207.657200712769,0.0,307.63189391864046,0.0,0
2881,MEL_Z07,2149.0,31.861702,5044.299214640585,0.0,469.7282310592663,0.0,0
2882,MEL_Z07,2080.0,24.752184,4888.273275248806,0.0,313.09059035585716,0.0,0
2883,MEL_Z07,2127.0,26.217613,4740.3034354564015,0.0,279.459152214068,0.0,0
2884,MEL_Z07,2115.0,27.154345,4601.1669940231295,0.0,136.53541731290667,0.0,0
2885,MEL_Z07,2134.0,36.866505,4471.688579672774,0.0,155.71855141908253,0.0,0
2886,MEL_Z07,2290.0,43.35903,4352.730154772287,8.976704346732657,50.405497301078405,0.0,0
2887,MEL_Z07,2469.0,48.07253,4245.176185619633,3.2881384009171106,26.59777202295939,4.451827068241608,1
2888,MEL_Z07,2585.0,42.375397,4149.913480259574,0.0,263.1247190170311,0.0,0
2889,MEL_Z07,2574.0,31.941168,4067.8056664900055,0.0,438.9088187962278,0.0,0
2890,MEL_Z07,2560.0,15.642511,3999.662984179576,0.0,647.3667812441581,0.0,0
2891,MEL_Z07,2667.0,22.466557,3946.208944506657,0.0,848.851028375547,0.0,0
2892,MEL_Z07,2774.0,17.713284,3908.04632526182,0.0,980.6978766343688,0.0,0
2893,MEL_Z07,2797.0,10.22472,3885.093874007863,0.0,735.5674009557943,0.0,0
2894,MEL_Z07,2894.0,27.372448,3877.7493356660466,0.0,495.3286560078722,0.0,0
2895,MEL_Z07,3062.0,40.31827,3861.462888803282,0.0,273.20606431092943,0.0,0
2896,MEL_Z07,3243.0,44.897175,3857.2410996756685,0.0,155.39057868221695,0.0,0
2897,MEL_Z07,3414.0,50.699745,3865.89610611251,0.19942682184154692,126.25275601352843,0.0,0
2898,MEL_Z07,3463.0,23.637964,3877.731844023784,0.0,161.94031193020123,0.0,0
2899,MEL_Z07,3467.0,12.772578,3895.392199127125,0.0,412.35921706044286,0.0,0
2900,MEL_Z07,3379.0,18.648218,3943.155290091418,0.0,335.69181387239564,0.0,0
2901,MEL_Z06,3379.0,31.110603,3906.9858951238107,0.0,236.51903488852022,0.0,0
2902,MEL_Z06,3329.0,29.573296,3879.4569128952858,0.0,334.2172206045702,0.0,0
2903,MEL_Z06,3228.0,41.05336,3869.515912317604,0.0,519.2381578934389,0.0,0
2904,MEL_Z06,3178.0,44.403393,3874.099569449223,0.0,430.8347122448634,0.0,0
2905,MEL_Z06,3215.0,30.858587,3894.254133574731,0.0,283.6020398544362,0.0,0
2906,MEL_Z06,3096.0,24.295616,3921.2703765851475,1.400153876086724,85.10458057805154,0.0,0
2907,MEL_Z06,3222.0,35.622406,3957.2597621183822,23.38953558230192,0.0,0.0,0
2908,MEL_Z06,3382.0,27.227879,3968.85686678398,20.723036716966497,79.91660827142138,0.0,0
2909,MEL_Z06,3407.0,49.19639,3968.624766100413,10.959586947613667,60.128968749356886,0.0,0
2910,MEL_Z06,3519.0,27.30717,3961.8864264272897,13.775270427155817,0.0,0.0,0
2927,MEL_Z05,4229.0,23.397741,3762.8180964747207,0.0,274.6708563103849,0.0,0
2928,MEL_Z05,4145.0,11.179987,3858.870183749957,0.0,187.587147182287,0.0,0
2929,MEL_Z04,4077.0,28.98758,3901.720523755021,0.0,218.03126804947,0.0,0
2930,MEL_Z04,3983.0,29.374537,3963.863622436815,0.0,184.88139580876165,0.0,0
2931,MEL_Z04,3960.0,18.808737,4040.5453331282724,0.20987184483591764,97.22515338665873,0.0,0
2932,MEL_Z04,3962.0,23.228376,4130.956107349897,1.0759871470535547,55.82610434913268,0.0,0
2933,MEL_Z04,4015.0,49.097748,4234.216590189757,12.68023125936919,47.28381003892856,2.1552662121671062,1
2934,MEL_Z04,3894.0,34.326244,4250.687233767845,39.41697041697064,0.0,26.88246878199329,1
2935,MEL_Z04,3749.0,61.328255,4280.6361626655325,16.22676375856629,84.69523798012379,0.0,0
2936,MEL_Z04,3727.0,60.32678,4324.852593432852,5.0684917285357685,70.22342464519517,4.532925563608058,1
2937,MEL_Z04,3652.0,20.560698,4382.904739179923,0.2438291723291547,128.21080660576945,0.0,0
2938,MEL_Z04,3696.0,16.555513,4454.251671215806,0.0,153.1663484418002,0.0,0
2939,MEL_Z04,3809.0,35.314022,4538.266403411303,4.183221832525636,29.018761010267536,1.5732846174151451,1
2940,MEL_Z04,3911.0,34.243572,4634.260021420328,4.469180161515064,11.665333066653908,0.0,0
2941,MEL_Z04,3999.0,31.67127,4691.152905471787,5.4514988260711865,71.60035909535574,0.0,0
2942,MEL_Z04,4081.0,30.087635,4741.993096268914,13.905489918135927,0.0,7.163983885065821,1
2943,MEL_Z04,4201.0,39.752647,4805.2066813594765,24.391580489831735,4.510163154179908,10.142894026135425,1
2944,MEL_Z04,4318.0,38.578476,4880.422520243659,4.537347987957875,31.22099589104523,6.0948508505538905,1
2945,MEL_Z04,4511.0,48.579407,4967.095398884663,11.515156689946233,22.43643385545759,5.432889533915838,1
2946,MEL_Z04,4683.0,1.2171181,5063.677871499754,3.243832900666504,31.580236981228538,0.009062749082026528,0
2947,MEL_Z03,4772.0,33.64145,5140.457079055282,42.7938356947904,0.0,0.2677989977295006,0
2948,MEL_Z03,4961.0,29.309998,5213.723498809535,6.972872926166154,78.6617544563995,2.669443650490138,1
2949,MEL_Z03,4903.0,24.388702,5269.080241854597,2.7642319431433826,3.854752016193665,0.0,0
2950,MEL_Z03,4995.0,16.583153,5324.45509959868,4.148863377883587,55.04027522306552,0.03768419043399419,0
2951,MEL_Z03,4873.0,18.995941,5380.462371134064,5.53042798319352,0.0,0.0,0
2952,MEL_Z03,4840.0,29.656616,5397.501501935446,13.604918604668223,66.13925796720224,27.444238427608035,1
2953,MEL_Z03,4858.0,34.629414,5425.947018237392,6.6843989878578345,87.78369244603927,6.20378731395881,1
2954,MEL_Z03,5053.0,66.343994,5465.329984012378,0.0,135.48816777783406,0.0,0
2955,MEL_Z03,5190.0,37.848488,5496.856480255882,0.0,208.33575879001222,0.0,0
2956,MEL_Z01,5137.0,47.885773,5296.04334655215,5.717625326552402,19.804475011705023,0.0,0
2957,MEL_Z01,5109.0,39.936047,5079.672179016054,3.0930902662333297,77.12312379489732,0.0,0
2958,MEL_Z01,4996.0,32.553528,4902.003217537685,11.66669290487978,42.31767157854761,0.0,0
2959,MEL_Z01,4946.0,13.409672,4755.2596531325735,22.4942282389298,0.7695974086952017,0.0,0
2960,MEL_Z01,4912.0,20.404123,4506.379628799461,2.978872487978455,61.750684958481294,0.0,0
2970,MEL_Z01,5511.0,46.7535,3117.665231800239,0.0,690.5168429165744,0.0,0
2971,MEL_Z01,5510.0,19.31029,3075.5695259355366,0.0,507.10729634849883,0.0,0
2990,MEL_Z11,1789.0,13.008,4839.738454636277,0.0,194.71465959582054,0.0,0
2991,MEL_Z11,1721.0,17.848284,4769.641812751562,0.0,443.8077435788591,0.0,0
2992,MEL_Z11,1664.0,14.3212185,4676.591257688291,0.0,558.82402850749,0.0,0
2993,MEL_Z11,1610.0,14.741938,4579.628010464468,0.0,330.36090911519824,0.0,0
2994,MEL_Z11,1554.0,18.289179,4494.284712759127,0.0,161.49259659855605,0.0,0
2995,MEL_Z11,1454.0,34.858913,4421.04817178756,0.0,214.40614551365752,0.0,0
2996,MEL_Z10,1282.0,4.763642,4360.933248192623,4.643473589826136,73.3855473111267,10.653371951443388,1
2997,MEL_Z10,1410.0,38.14972,4314.488457872799,5.222582550853079,5.828647833738436,3.541036026479049,1
2998,MEL_Z10,1627.0,47.339947,4280.605404491042,0.0,229.46601597651417,0.0,0
2999,MEL_Z10,1661.0,31.128717,4260.655646241868,0.0,320.4549282814381,0.0,0
3000,MEL_Z10,1691.0,25.526884,4255.276768041469,0.0,341.53782984173563,0.0,0
3001,MEL_Z10,1716.0,14.481125,4264.197099846179,0.0,298.1245019752427,0.0,0
3002,MEL_Z10,1928.0,49.26259,4287.387590462804,0.0,234.58228591888198,0.0,0
3003,MEL_Z10,2055.0,9.046032,4324.436191326833,1.3226876323231742,52.502814202486405,0.0,0
3004,MEL_Z10,2071.0,17.142166,4354.875399044673,2.3579176428488102,7.602561275499065,0.0,0
3005,MEL_Z10,2045.0,20.516459,4393.066309121102,0.03773361858482416,137.48118468272682,0.0,0
3006,MEL_Z10,2021.0,22.489138,4422.081150154957,2.6689434108204253,102.90333261376468,0.0,0
3007,MEL_Z10,1925.0,33.604107,4377.0229748626625,0.0,318.6844296875879,0.0,0
3008,MEL_Z10,1755.0,27.39062,4345.901350283437,0.0,562.2043431259852,0.0,0
3009,MEL_Z10,1659.0,22.759602,4329.016859555436,0.0,468.06239895191874,0.0,0
3010,MEL_Z10,1558.0,12.137064,4325.896055372958,0.0,223.6115705706321,0.0,0
3011,MEL_Z10,1553.0,24.809023,4336.85897970054,7.779914492427668,4.884374045655057,0.0,0
3012,MEL_Z10,1617.0,11.329044,4361.983958035909,0.0,214.18326964678735,0.0,0
3013,MEL_Z10,1665.0,26.284134,4400.971968483835,0.0,311.07939260498256,0.0,0
3014,MEL_Z10,1818.0,27.355776,4448.77007819241,0.6316541604476391,130.8030608022643,0.0,0
3015,MEL_Z09,1883.0,45.89163,4501.769381169098,1.5101174629341823,102.91960387867113,0.0,0
3016,MEL_Z09,1988.0,32.01797,4565.080019808587,7.504631857952804,58.296640864008964,0.0,0
3017,MEL_Z09,2226.0,40.513958,4622.139133737087,4.267605006230394,25.782809578119153,0.0,0
3018,MEL_Z09,2290.0,17.867865,4689.437057980628,0.749852539625718,136.76933057074558,0.0,0
3019,MEL_Z09,2266.0,28.206982,4768.254958422291,1.0705893762381362,48.40708273927273,0.0,0
3020,MEL_Z09,2252.0,24.361382,4832.879411340383,0.7344843952426644,87.6884421804343,0.0,0
3021,MEL_Z09,2354.0,27.018673,4894.404932685799,0.0,140.57316402726835,0.0,0
3022,MEL_Z09,2367.0,30.510214,4930.4100625309875,1.8918702181313263,78.72463312474729,0.0,0
3023,MEL_Z09,2353.0,28.31751,4949.245894284979,0.0,196.90435540605873,0.0,0
3024,MEL_Z09,2237.0,46.11867,4980.574912546404,0.0,394.65367095527927,0.0,0
3025,MEL_Z09,2199.0,36.422314,5023.737790019791,0.0,418.91470514739575,0.0,0
3026,MEL_Z09,2128.0,21.56813,5078.655772731038,0.0,410.08623400222524,0.0,0
3027,MEL_Z09,2032.0,27.553265,5145.147960254949,0.0,217.6515019121235,0.0,0
3028,MEL_Z07,2020.0,35.090908,5179.90186211401,0.0,144.37847941078027,0.0,0
3029,MEL_Z07,2049.0,15.79317,5021.553345061043,0.0,331.2262500334803,0.0,0
3030,MEL_Z07,2051.0,28.49821,4854.676768061239,0.0,565.281117569783,0.0,0
3031,MEL_Z07,1978.0,28.206982,4692.349898402888,0.0,495.4301143704304,0.0,0
3032,MEL_Z07,1985.0,24.40689,4537.99610133478,0.0,250.90970203078354,0.0,0
3033,MEL_Z07,1933.0,42.44485,4392.45599436326,2.1752675949087528,43.898719994568374,0.0,0
3034,MEL_Z07,1991.0,43.200035,4256.633729733604,4.637550027499319,46.94734156465236,0.0,0
3035,MEL_Z07,2089.0,46.976566,4131.487838030494,39.788601141052396,0.0,0.3382424018689574,0
3036,MEL_Z07,2230.0,53.58469,4018.01602815145,15.471434414051185,32.401285602984615,3.751561293432256,1
3037,MEL_Z07,2421.0,11.777437,3917.2329327179445,7.932182203339767,101.45449566119781,0.0,0
3038,MEL_Z07,2516.0,27.888504,3830.1403232594625,0.0,312.09098610760196,0.0,0
3039,MEL_Z07,2579.0,18.023527,3757.6902403665704,0.0,495.4161643365625,0.0,0
3040,MEL_Z07,2639.0,26.316484,3700.742761829609,0.0,683.6853617570978,0.0,0
3041,MEL_Z07,2681.0,49.80824,3660.021589543198,0.0,892.9832901919509,0.0,0
3042,MEL_Z07,2698.0,15.483416,3635.5756633460137,0.0,720.3016119699761,0.0,0
3043,MEL_Z07,2827.0,38.336563,3627.750071853078,0.0,472.64111219981817,0.0,0
3044,MEL_Z07,2985.0,33.599957,3611.787242598594,0.0,230.09743518000423,0.0,0
3045,MEL_Z07,3173.0,40.909794,3607.2732562449614,0.20236903121891942,85.78364208376125,0.0,0
3046,MEL_Z07,3381.0,43.842678,3620.059889648554,0.0,273.48772796715315,0.0,0
3047,MEL_Z07,3406.0,27.428415,3649.96532367973,0.0,305.6441054860846,0.0,0
3048,MEL_Z07,3399.0,21.19362,3696.3423491142366,0.0,486.3346753618394,0.0,0
3049,MEL_Z07,3355.0,20.766207,3706.477989397696,0.0,273.74733425561436,0.0,0
3050,MEL_Z06,3235.0,37.49007,3660.887600283054,0.9100056471926952,25.555443209840593,0.0,0
3051,MEL_Z06,3196.0,43.117054,3631.677418161154,0.0,204.00140410384233,0.0,0
3052,MEL_Z06,3118.0,33.255676,3619.539158132857,0.0,453.96678341144303,0.0,0
3053,MEL_Z06,2992.0,26.022995,3624.414865336626,0.0,333.98004043660666,0.0,0
3054,MEL_Z06,3037.0,50.79445,3645.9499309412267,3.666235198460556,87.2546759513818,0.0,0
3055,MEL_Z06,2982.0,39.65906,3672.985347855682,5.998064701474475,46.616305130975014,0.0,0
3056,MEL_Z06,3064.0,31.880161,3711.3360754777536,16.912703697667485,5.63840053900666,0.6216559442051643,0
3057,MEL_Z06,3118.0,61.610508,3718.958215440585,36.365253236761596,0.0,1.8331544651069662,1
3058,MEL_Z06,3245.0,29.885899,3719.8517245426697,16.65038811550897,11.323719095607274,0.0,0
3059,MEL_Z06,3463.0,47.99573,3736.9884298088723,21.949979310300527,0.0,0.0,0
3060,MEL_Z06,3648.0,25.770985,3758.1333638818346,10.150672777995124,52.074361187845355,0.0,0
3061,MEL_Z06,3622.0,31.934273,3826.60396868605,0.19605451260163873,35.43272911264759,0.0,0
3062,MEL_Z06,3568.0,34.339153,3812.9596302185464,0.05020276192803816,112.22035391298323,0.0,0
3063,MEL_Z05,3561.0,32.448025,3811.122783999858,0.0,169.95786390422006,0.0,0
3064,MEL_Z05,3564.0,38.07908,3825.551028506417,2.8197154878648654,19.88472367715047,0.0,0
3065,MEL_Z05,3640.0,22.662525,3836.345302385647,0.9762970944431084,101.2810114747765,0.0,0
3074,MEL_Z05,4058.0,40.990227,3516.8266417277528,0.0,253.19691613983247,0.0,0
3075,MEL_Z05,4128.0,43.03247,3516.5316495201687,0.0,97.41532043725984,0.0,0
3076,MEL_Z05,4128.0,44.372257,3576.0134094597756,0.08972307287387897,87.74616466336754,0.0,0
3077,MEL_Z05,4080.0,34.315308,3608.088616006708,0.0,258.00876709619445,0.0,0
3078,MEL_Z04,3980.0,46.5268,3658.170030290841,0.0,338.89135099394883,0.0,0
3079,MEL_Z04,3918.0,6.9904947,3724.379108295079,0.6746152862364397,104.18596534125086,0.0,0
3080,MEL_Z04,3940.0,5.57096,3805.889056986764,8.146849587216764,63.86229487068631,0.0,0
3081,MEL_Z04,3764.0,42.04694,3901.741058281335,12.571206619482044,4.920516919548032,0.0,0
3082,MEL_Z04,3707.0,49.16555,3985.049156842997,12.677692613833347,7.694134951544071,1.382615385355866,1
3083,MEL_Z04,3588.0,71.93878,4001.784589531369,54.762776100470155,0.21905031769461283,15.731353488057149,1
3084,MEL_Z04,3495.0,29.755268,4033.5820183570972,10.986207324197741,25.160958268969555,2.7879184773243777,1
3085,MEL_Z04,3496.0,20.368845,4080.476430101843,1.3897273286458673,85.38913170378908,0.0,0
3086,MEL_Z04,3629.0,44.736988,4141.955081168752,0.163469001594869,110.29717753512928,0.0,0
3087,MEL_Z04,3751.0,44.881138,4217.3802167011945,9.54421756979898,24.271982428546984,0.0,0
3088,MEL_Z04,3968.0,54.6568,4306.019030383584,19.964593016125637,24.075851805249368,5.375392794373608,1
3089,MEL_Z04,4054.0,34.623558,4403.34273928141,1.538541023155366,123.02422272511158,0.6130118595234015,0
3090,MEL_Z04,4148.0,40.32168,4445.380161571836,11.22221600013076,43.40484473125954,3.0560641754784053,1
3091,MEL_Z04,4318.0,41.611923,4498.949991349603,5.50424263055972,108.80686326924881,3.054547366586824,1
3092,MEL_Z04,4516.0,29.908003,4565.529952829606,3.362073034553565,68.4664240596955,0.4753274326503693,0
3093,MEL_Z04,4516.0,21.57901,4644.628776953441,0.2723115816094311,137.7188358162946,0.0,0
3094,MEL_Z04,4592.0,31.962984,4735.619199346981,4.718406053352341,0.0,0.0,0
3095,MEL_Z03,4700.0,29.28843,4826.501462813472,41.64964717148688,0.0,0.0,0
3096,MEL_Z03,4844.0,42.65831,4903.89796447866,48.18370729472099,4.013182204491696,0.0,0
3097,MEL_Z03,4990.0,39.535538,4968.952850709321,11.091204410947268,20.37113905285703,0.0,0
3098,MEL_Z03,4849.0,12.4551,5027.005699781535,0.9308172336821565,32.27249343578115,0.0,0
3099,MEL_Z03,4814.0,43.667065,5080.953661861499,9.374377402718034,51.18459375064401,1.0843542546428093,1
3100,MEL_Z03,4792.0,31.792284,5130.728339075089,6.500840698079551,104.41118674598346,3.316847623745547,1
3101,MEL_Z03,4745.0,22.951971,5148.59402415786,1.6521155401852554,108.1749289866892,0.32326200752492834,0
3102,MEL_Z03,4820.0,34.90404,5178.34796326332,22.74237514274604,0.0,0.0,0
3103,MEL_Z03,5022.0,48.79318,5219.599449963462,28.193854083705972,0.0,0.0,0
3104,MEL_Z03,5061.0,46.50848,5269.902403048475,4.938691688489755,65.22041853833936,0.0,0
3105,MEL_Z01,5030.0,15.913105,5148.187967991709,11.749655901530181,19.40583780982297,0.0,0
3106,MEL_Z01,5035.0,32.63194,4945.855165469649,16.726291957522072,15.403240693464104,11.526293399806312,1
3107,MEL_Z01,4879.0,27.554766,4748.065635796438,19.33216862825078,24.115813573749858,8.092020371963365,1
3108,MEL_Z01,4851.0,13.012089,4555.331413518584,3.454372221249834,62.69749542174663,0.0,0
3109,MEL_Z01,4937.0,37.01355,4393.953775307161,20.64368903581677,0.0,0.0,0
3116,MEL_Z01,5418.0,28.683954,3177.400994062242,0.0,500.49395592764824,0.0,0
3117,MEL_Z01,5413.0,27.097437,3098.170880257022,0.0,424.9188338132492,0.0,0
3118,MEL_Z01,5491.0,49.146786,2996.4560767399375,0.0,439.3384995313046,0.0,0
3119,MEL_Z01,5375.0,29.508194,2939.166275754658,0.0,594.2125401525464,0.0,0
3120,MEL_Z01,5419.0,24.691576,2875.064413977201,0.0,380.0872249074811,0.0,0
3121,MEL_Z01,5361.0,24.434135,2809.9460911828382,0.0,172.51551412174615,0.0,0
3138,MEL_Z11,1832.0,12.979351,4678.041632519872,4.77002383143456,57.81574602411525,0.0,0
3139,MEL_Z11,1762.0,19.476223,4602.552773179952,0.0,256.9774012031063,0.0,0
3140,MEL_Z11,1703.0,20.655714,4528.513989270151,0.0,502.38534084431416,0.0,0
3141,MEL_Z11,1662.0,15.210404,4449.816894799931,0.0,678.8496034296121,0.0,0
3142,MEL_Z11,1619.0,13.6170635,4347.799135193701,0.0,502.8131426922253,0.0,0
3143,MEL_Z11,1556.0,26.263071,4258.030895405185,0.0,406.451881112601,0.0,0
3144,MEL_Z11,1407.0,36.73779,4180.664183792011,0.0,406.969063964889,0.0,0
3145,MEL_Z11,1270.0,16.79624,4117.0407910982685,0.0,256.28039669940307,0.0,0
3146,MEL_Z10,1399.0,30.2628,4067.812278546393,0.0,246.39071860097346,0.0,0
3147,MEL_Z10,1555.0,36.341805,4032.18165538021,0.0,261.96859839189784,0.0,0
3148,MEL_Z10,1536.0,27.446524,4010.9964857725186,0.0,165.23679833015765,0.0,0
3149,MEL_Z10,1570.0,42.162056,4005.282342814843,1.9275029593360564,109.03082924515732,0.0,0
3150,MEL_Z10,1761.0,30.58896,4014.73641723296,0.0,181.60910005227515,0.0,0
3151,MEL_Z10,1851.0,32.177303,4039.3593482598726,0.8881143958073789,29.15125991382093,0.0,0
3152,MEL_Z10,1960.0,24.664764,4078.44739714388,0.7426240324899827,65.30718294482651,0.0,0
3153,MEL_Z10,2006.0,23.706482,4106.9460997547485,0.0,163.48856702639998,0.0,0
3154,MEL_Z10,1963.0,37.143417,4147.420658845825,0.0,289.4789502801997,0.0,0
3155,MEL_Z10,1939.0,23.76714,4177.84905310092,0.0,329.599138012666,0.0,0
3156,MEL_Z10,1847.0,23.009626,4130.127254022092,0.0,455.1890865372245,0.0,0
3157,MEL_Z10,1795.0,23.061136,4097.13064941013,0.0,514.7187240415468,0.0,0
3158,MEL_Z10,1723.0,24.655817,4079.216589279819,0.0,515.5668011856184,0.0,0
3159,MEL_Z10,1582.0,35.47774,4075.9259528780617,0.0,269.182194778393,0.0,0
3160,MEL_Z10,1491.0,24.029837,4087.559357521653,1.6293304711708665,61.455795996610775,0.0,0
3161,MEL_Z10,1599.0,30.414717,4114.164603245387,4.486117995595335,53.074074851646344,0.0,0
3162,MEL_Z10,1602.0,13.03658,4155.478383990841,0.0,234.06771994413072,0.0,0
3163,MEL_Z10,1676.0,30.373075,4203.408445979248,0.0,250.98854251161947,0.0,0
3164,MEL_Z09,1804.0,40.07375,4259.338779585703,1.0192613502376748,103.49059910919766,0.0,0
3165,MEL_Z09,1962.0,29.93397,4320.906019991524,0.24832419752107995,96.61821948369003,0.0,0
3166,MEL_Z09,2170.0,36.81037,4380.149477181535,1.7762505193765463,45.729891406186844,0.0,0
3167,MEL_Z09,2187.0,14.262551,4450.872165931662,0.0,182.83375634444909,0.0,0
3168,MEL_Z09,2131.0,29.598465,4533.839263275877,0.06347424234620894,120.59423220053775,0.0,0
3169,MEL_Z09,2151.0,20.532774,4589.441599864924,0.0,236.79135501238716,0.0,0
3170,MEL_Z09,2214.0,20.544413,4654.18633480784,0.0,261.74325921215444,0.0,0
3171,MEL_Z09,2214.0,32.7942,4680.741222868702,1.646188215649704,95.91247178801204,0.0,0
3172,MEL_Z09,2199.0,39.695286,4700.577616937337,1.4173497982213057,51.74670976145327,0.0,0
3173,MEL_Z09,2153.0,15.483416,4733.552732382116,0.0,300.73741297297516,0.0,0
3174,MEL_Z09,2064.0,30.177368,4778.837548669022,0.0,198.34854835890184,0.0,0
3175,MEL_Z09,1985.0,21.622444,4836.537128110391,0.0,180.03678492533095,0.0,0
3176,MEL_Z09,1922.0,19.471222,4906.311696846387,0.0,375.6786144312118,0.0,0
3177,MEL_Z09,1866.0,26.376163,4952.948111155002,0.0,384.9831520030039,0.0,0
3178,MEL_Z07,1901.0,53.45469,4830.56081176559,0.0,492.33247161016095,0.0,0
3179,MEL_Z07,1930.0,26.869375,4669.909676495843,0.0,654.4094578259645,0.0,0
3180,MEL_Z07,1836.0,33.892315,4501.786259316572,0.0,408.74334185631926,0.0,0
3181,MEL_Z07,1822.0,38.466045,4340.661305752796,0.0,175.49138801028803,0.0,0
3182,MEL_Z07,1857.0,35.8682,4188.269525466053,0.47544655856949136,130.5200964106552,0.0,0
3183,MEL_Z07,1988.0,31.505768,4045.5979366016727,0.0,171.02778277880233,0.0,0
3184,MEL_Z07,2029.0,38.378296,3913.7097121942734,0.0,144.12223362740363,0.0,0
3185,MEL_Z07,2111.0,41.293076,3793.7296632748958,0.45508338073115595,86.99746775867169,0.19513754657100643,0
3186,MEL_Z07,2249.0,53.985138,3686.820554990428,3.2757171440624364,71.88946604411827,6.086735728458141,1
3187,MEL_Z07,2460.0,20.404125,3594.1489745679714,0.685981779801247,142.5702752949574,5.360909156805917,1
3188,MEL_Z07,2488.0,21.393028,3516.840613117983,0.0,334.9389100809142,0.9191606756240591,0
3189,MEL_Z07,2553.0,26.024643,3455.9266405356675,0.0,562.6462033915582,0.0,0
3190,MEL_Z07,2640.0,23.382244,3412.285156819725,0.0,803.7147671255508,0.0,0
3191,MEL_Z07,2753.0,25.376934,3386.1285264995754,0.0,672.0545136727051,0.0,0
3192,MEL_Z07,2886.0,35.056744,3377.750917015872,0.0,423.8722452225079,0.0,0
3193,MEL_Z07,3071.0,44.207676,3362.15980137633,0.0,180.77082505781652,0.0,0
3194,MEL_Z07,3285.0,39.102337,3357.310201547229,1.3534269559920038,54.30354818371529,0.0,0
3195,MEL_Z07,3324.0,35.357903,3371.045097419385,0.0,188.84355831564704,0.0,0
3196,MEL_Z07,3311.0,29.3638,3403.1394782255757,0.0,438.1675884546261,0.0,0
3197,MEL_Z07,3286.0,22.367645,3452.6309924409074,0.0,571.0536228471467,0.0,0
3198,MEL_Z07,3313.0,19.1399,3462.4962950301324,0.0,356.3049571892232,0.0,0
3199,MEL_Z06,3186.0,35.03964,3413.943224994258,0.0,227.40437250066634,0.0,0
3200,MEL_Z06,3008.0,33.344536,3382.601246254078,0.0,309.8486489069937,0.0,0
3201,MEL_Z06,2946.0,40.348907,3369.565853167896,0.0,462.8152144949215,0.0,0
3202,MEL_Z06,2841.0,40.70452,3374.776845680255,0.0,275.5845201362645,0.0,0
3203,MEL_Z06,2782.0,33.929,3397.8944275825866,1.8364500892159785,47.945685399364805,0.0,0
3204,MEL_Z06,2822.0,27.2401,3424.949833915941,7.267973725914116,24.408818853546922,0.8628603044636896,0
3205,MEL_Z06,2933.0,42.52695,3465.995687447403,36.7477259020462,0.0,4.480278554457772,1
3206,MEL_Z06,3139.0,37.239082,3469.0741686172823,6.598656554426826,30.86609686081996,0.0,0
3207,MEL_Z06,3258.0,38.832478,3470.032021719074,4.599123869585861,45.01205522305507,0.0,0
3208,MEL_Z06,3450.0,39.19786,3488.3461044853125,22.629131014426402,6.18145211091286,0.0,0
3209,MEL_Z06,3520.0,35.42211,3524.0520352291396,0.0,198.58093883110942,0.0,0
3210,MEL_Z06,3419.0,32.95055,3576.651698354623,0.0,222.54363244086412,0.0,0
3211,MEL_Z06,3402.0,32.860615,3563.1232215001323,0.0,199.912856678808,0.0,0
3212,MEL_Z05,3377.0,35.629745,3561.206562902897,0.6144464109994673,56.420613802450426,0.0,0
3213,MEL_Z05,3467.0,35.470337,3576.6431161979726,0.0,140.33216836880524,0.0,0
3214,MEL_Z05,3524.0,40.5348,3609.371105557036,0.0,313.5327265936369,0.0,0
3215,MEL_Z05,3611.0,38.998814,3634.7128315962173,0.0,402.3975563369128,0.0,0
3216,MEL_Z05,3754.0,34.723736,3584.149661724683,0.0,231.81663174815833,0.0,0
3217,MEL_Z05,3795.0,46.961002,3485.3550031005702,4.5415138638350925,59.07339244218678,0.0,0
3218,MEL_Z05,3807.0,34.37881,3408.693189755355,0.0,183.58944848801283,0.0,0
3219,MEL_Z05,3809.0,51.782597,3334.4161912280974,0.0,299.3627695280389,0.0,0
3220,MEL_Z05,3943.0,30.43109,3307.34838729538,0.04317055794676247,68.6298369101748,0.0,0
3221,MEL_Z05,4030.0,28.683954,3315.2960916594807,1.6442621413168323,7.686387107114791,0.0,0
3222,MEL_Z05,4080.0,29.719824,3324.390298404076,0.0,240.10246106362962,0.0,0
3223,MEL_Z05,3940.0,22.656439,3309.318405330254,0.0,189.14286625506483,0.0,0
3224,MEL_Z05,3906.0,38.862446,3308.4492700804667,1.6866207557013075,35.29224359931673,0.0,0
3225,MEL_Z05,3953.0,31.1444,3325.9039611585235,1.7446198681703724,1.1477709598877806,0.0,0
3226,MEL_Z05,3937.0,31.16248,3361.8746442659453,1.0341297526019095,97.90952227977235,0.0,0
3227,MEL_Z04,3914.0,6.317551,3415.551623902796,0.0,207.91615270337942,0.0,0
3228,MEL_Z04,3864.0,30.770023,3486.371275026769,1.1071048317340637,106.49337009404199,0.0,0
3229,MEL_Z04,3800.0,31.989355,3573.314489254834,4.553257706723037,15.921832090432119,0.0,0
3230,MEL_Z04,3651.0,40.060585,3675.2371638991253,0.257639015419374,161.20107467761605,0.0,0
3231,MEL_Z04,3530.0,31.0961,3735.3299909064926,12.539960233290214,0.0,0.0,0
3232,MEL_Z04,3424.0,32.42126,3753.027823332058,25.155931478238546,20.710393581401924,5.611901296296467,1
3233,MEL_Z04,3388.0,23.047285,3786.914554159828,2.697998400760944,47.371394875628354,1.9911074033342853,1
3234,MEL_Z04,3594.0,54.541985,3836.8249684225234,1.140691421500754,63.6914418859797,0.4109218114939462,0
3235,MEL_Z04,3779.0,46.849796,3902.1442613149843,2.323888182992037,74.09980301535292,0.8057628764902044,0
3236,MEL_Z04,4009.0,43.71769,3982.1142416957896,0.1993137190054995,46.884153584618524,0.0,0
3237,MEL_Z04,4122.0,41.44131,4075.872646651193,2.3190534851690163,95.91983986157044,0.0,0
3238,MEL_Z04,4263.0,15.155779,4157.557588252428,0.17701412487771412,95.46568401149212,0.0,0
3239,MEL_Z04,4325.0,41.05336,4200.106424755985,6.270353566090732,74.54254960982207,7.258390151299345,1
3240,MEL_Z04,4447.0,16.632158,4256.712760366518,1.0408793549862672,85.3523958599079,0.2873307866843229,0
3241,MEL_Z04,4431.0,35.92772,4327.021637314384,0.0687145132830096,136.47841550177475,0.0,0
3242,MEL_Z04,4470.0,43.336185,4410.400092430002,2.3412002709211026,0.0,0.0,0
3243,MEL_Z04,4582.0,11.2764015,4506.122690387634,2.47746828299357,80.14679225035692,0.0,0
3244,MEL_Z03,4728.0,41.4565,4587.605997584471,25.100915853257327,0.0,0.0,0
3245,MEL_Z03,4885.0,34.939484,4667.760108606732,6.126290580668959,51.41586938707699,0.0,0
3246,MEL_Z03,4974.0,25.25321,4724.729848690382,5.67345858600663,6.400248551382583,3.037786309361938,1
3247,MEL_Z03,4776.0,23.863337,4783.383884481916,0.2892137261373629,121.66662837274389,0.0,0
3248,MEL_Z03,4662.0,26.820875,4838.115141284378,7.550805413626982,30.487172474700284,0.11042020581423521,0
3249,MEL_Z03,4645.0,35.357903,4881.02153770979,12.37221044539194,43.69355569151739,8.65712588892465,1
3250,MEL_Z03,4680.0,21.271477,4899.797790500405,5.74727637607518,74.6818254068231,7.549714851518768,1
3251,MEL_Z03,4853.0,60.379276,4930.991199804306,20.442112104269487,26.031403840191363,0.0,0
3252,MEL_Z03,4975.0,29.725079,4974.294422525974,16.115087302333166,8.429117369792628,0.0,0
3253,MEL_Z03,4877.0,18.2457,5026.062195146144,9.860548527310552,22.8330398147772,0.0,0
3254,MEL_Z01,4932.0,27.922245,5008.453212219308,9.94020879962836,28.196970110105248,0.10772804280636712,0
3255,MEL_Z01,4819.0,33.854515,4800.23411335511,30.456947959010865,0.0,14.752691141979351,1
3256,MEL_Z01,4784.0,9.473928,4596.182275219983,1.0407074390015827,94.27536403248993,1.0407074390015827,1
3257,MEL_Z01,4863.0,28.782997,4396.8779231489425,13.918443495321089,0.0,0.0,0
3258,MEL_Z01,5001.0,31.399254,4202.996482880134,56.953113150761936,0.0,0.0,0
3259,MEL_Z01,5227.0,46.43723,4032.824493627312,4.9110895528241505,57.653470119845885,0.0,0
3262,MEL_Z01,5453.0,54.629383,3439.4601255071257,0.0,792.9596939630436,0.0,0
3263,MEL_Z01,5516.0,50.400017,3272.273355393776,0.0,817.4122983237385,0.0,0
3264,MEL_Z01,5419.0,19.887941,3168.3349465065226,0.0,597.071580002106,0.0,0
3265,MEL_Z01,5323.0,14.962722,3027.481349445286,0.0,376.26809505827185,0.0,0
3266,MEL_Z01,5359.0,31.511662,2901.368695844017,0.0,215.44585866290436,0.0,0
3267,MEL_Z01,5364.0,31.59987,2791.9952179773113,0.0,241.92922838487712,0.0,0
3268,MEL_Z01,5266.0,9.719869,2701.3948776868474,0.0,440.7307899973315,0.0,0
3269,MEL_Z01,5315.0,23.124306,2631.50741461568,0.0,336.54253953758865,0.0,0
3270,MEL_Z01,5233.0,27.83998,2584.0139823851305,3.2241899413202115,103.08255308488728,0.0,0
3271,MEL_Z01,5315.0,43.32391,2543.03340477395,1.7573883872254208,68.18096513755556,0.0,0
3285,MEL_Z11,1960.0,11.994661,4602.017932881734,0.0,448.93673999315155,0.0,0
3286,MEL_Z11,1908.0,21.235933,4558.57601649184,0.0,236.4859796920535,0.0,0
3287,MEL_Z11,1825.0,18.440321,4456.767007173844,0.05882472184397295,120.85610346426405,0.0,0
3288,MEL_Z11,1743.0,18.026293,4366.5143946830085,0.0,298.57834601174943,0.0,0
3289,MEL_Z11,1666.0,18.661442,4288.4023691909915,0.0,528.123723117601,0.0,0
3290,MEL_Z11,1601.0,16.991154,4223.66449912773,0.0,768.3674581412954,0.0,0
3291,MEL_Z11,1560.0,15.128379,4118.096881540238,0.0,719.1090258808472,0.0,0
3292,MEL_Z11,1530.0,11.348121,4023.208775156422,0.0,655.1615840740183,0.0,0
3293,MEL_Z11,1404.0,40.55159,3941.4767661393767,0.0,469.3706390194008,0.0,0
3294,MEL_Z11,1242.0,15.056172,3873.9270715828216,0.0,233.93192331459795,0.0,0
3295,MEL_Z10,1330.0,32.030544,3821.568109280272,0.5907583877891519,109.0015844097174,0.0,0
3296,MEL_Z10,1494.0,44.810253,3783.965535653234,2.2107051686989725,13.323371880260256,0.0,0
3297,MEL_Z10,1455.0,30.615124,3761.3826024357413,0.0,206.09776681174458,0.0,0
3298,MEL_Z10,1570.0,43.336185,3755.28865983632,0.0,154.55942600491073,0.0,0
3299,MEL_Z10,1691.0,26.316484,3765.347273941212,0.0,206.19329175255413,0.0,0
3300,MEL_Z10,1839.0,32.772366,3791.590106788232,1.383721812154478,0.0,0.0,0
3301,MEL_Z10,1846.0,25.943834,3831.8562447263635,0.0,226.54713504679134,0.0,0
3302,MEL_Z10,1867.0,36.247665,3859.2839739227506,0.0,219.78171554334327,0.0,0
3303,MEL_Z10,1882.0,21.68305,3902.32810595257,0.5889756323157855,56.32562600898423,0.0,0
3304,MEL_Z10,1838.0,33.83508,3934.3415869032933,0.0,270.57801367249056,0.0,0
3305,MEL_Z10,1796.0,36.27147,3883.6287343612717,0.0,221.263771228843,0.0,0
3306,MEL_Z10,1665.0,26.340706,3848.519269833054,0.0,305.36233354074193,0.0,0
3307,MEL_Z10,1676.0,26.443645,3829.4423868490503,0.0,478.4514987377225,0.0,0
3308,MEL_Z10,1559.0,25.352953,3825.9597573417514,0.0,229.12125372968723,0.0,0
3309,MEL_Z10,1447.0,33.461224,3838.3508428381647,19.44907219540908,0.0,2.8507733497628864,1
3310,MEL_Z10,1602.0,40.671925,3866.6260117875295,3.5458915652075365,92.1957596762149,1.4474117753971647,1
3311,MEL_Z10,1690.0,26.438837,3910.541210391923,0.0,299.3612947382249,0.0,0
3312,MEL_Z10,1766.0,31.0088,3958.6272770796763,0.0,282.78880607473116,0.0,0
3313,MEL_Z09,1879.0,28.378914,4017.8359993077947,0.0,167.16618240325013,0.0,0
3314,MEL_Z09,2042.0,28.58712,4077.438176103031,1.3085291387129934,42.048691539484636,0.0,0
3315,MEL_Z09,2120.0,26.794216,4139.112068219888,0.0,262.4273716483155,0.0,0
3316,MEL_Z09,2133.0,19.008854,4213.633367317141,0.0,347.4298610810289,0.0,0
3317,MEL_Z09,2039.0,21.014166,4291.777544274132,0.0,370.58444529682066,0.0,0
3318,MEL_Z09,2085.0,28.344671,4346.748784158529,0.0,444.8551788084636,0.0,0
3319,MEL_Z09,2125.0,40.408634,4415.053933206816,0.0,448.61197293102657,0.0,0
3320,MEL_Z09,2118.0,19.59574,4431.109726266995,0.0,229.13287807145187,0.0,0
3321,MEL_Z09,2096.0,22.073418,4452.058506310072,0.0,136.80229044725735,0.0,0
3322,MEL_Z09,2062.0,21.839952,4486.84998136166,0.0,316.670035944243,0.0,0
3323,MEL_Z09,2013.0,36.852913,4534.493935409437,0.0,151.73893026456332,0.0,0
3324,MEL_Z09,1870.0,30.570248,4595.262595900948,1.9578153124975781,93.67239627264155,0.0,0
3325,MEL_Z09,1833.0,34.12732,4668.644492816698,0.0,337.34456302150693,0.0,0
3326,MEL_Z09,1742.0,27.204933,4728.319646814882,0.0,572.4012396964879,0.0,0
3327,MEL_Z07,1746.0,20.078802,4621.414779690412,0.0,569.1275231893858,0.0,0
3328,MEL_Z07,1811.0,52.184605,4477.876298593028,0.0,610.929511335284,0.0,0
3329,MEL_Z07,1727.0,12.688797,4317.292146716665,0.0,396.16890209281325,0.0,0
3330,MEL_Z07,1843.0,36.57002,4149.008619753575,0.0,147.55438992653143,0.0,0
3331,MEL_Z07,1976.0,38.479855,3989.3023918321283,5.927023105587315,0.17115570920026887,7.431303451362418,1
3332,MEL_Z07,2140.0,32.236095,3839.2440167519453,0.32201756870348514,155.32073886196744,0.0,0
3333,MEL_Z07,2212.0,43.791405,3700.007522540148,2.798522327940544,48.262230894682816,0.0,0
3334,MEL_Z07,2290.0,30.130001,3572.8583394170214,1.240118684543502,95.16193761248056,0.0,0
3335,MEL_Z07,2354.0,32.760345,3459.129624664249,4.432983468436817,95.6652892907054,0.0,0
3336,MEL_Z07,2440.0,27.360323,3360.184341210747,3.197224870922217,70.40104246117437,0.23696176935238644,0
3337,MEL_Z07,2504.0,19.078377,3277.361721508014,0.0,292.7837833962582,0.0,0
3338,MEL_Z07,2588.0,23.842638,3211.9092297719194,0.0,538.6176942178663,0.0,0
3339,MEL_Z07,2688.0,23.681772,3164.9047295269597,0.0,787.0804896764464,0.0,0
3340,MEL_Z07,2832.0,32.69572,3136.769419647317,0.0,694.2079978391837,0.0,0
3341,MEL_Z07,2960.0,33.733395,3127.7518972855105,0.0,458.09107555831804,0.0,0
3342,MEL_Z07,3140.0,46.750427,3112.5921631630267,0.0,250.1521013741003,0.0,0
3343,MEL_Z07,3193.0,38.336563,3107.353091234735,0.0,181.88498781202554,0.0,0
3344,MEL_Z07,3181.0,35.534103,3122.1877735056614,0.0,280.4815675722971,0.0,0
3345,MEL_Z07,3215.0,24.969566,3156.813227362432,0.0,492.79737045834304,0.0,0
3346,MEL_Z07,3172.0,33.798172,3209.8870350951,0.0,709.1369451673015,0.0,0
3347,MEL_Z07,3179.0,33.220634,3219.438165317855,0.0,550.8085153304868,0.0,0
3348,MEL_Z06,3150.0,35.090908,3167.478281703313,0.0,476.19515899102225,0.0,0
3349,MEL_Z06,2955.0,37.26063,3133.672208884908,0.0,521.0232999166365,0.0,0
3350,MEL_Z06,2800.0,29.385271,3119.596826580811,0.0,397.6383631694566,0.0,0
3351,MEL_Z06,2720.0,35.591187,3125.196697842558,0.0,147.79243515491282,0.0,0
3352,MEL_Z06,2657.0,22.21601,3150.142685195724,7.249468571252238,56.03821488772554,0.0,0
3353,MEL_Z06,2785.0,45.022366,3177.2222717523455,8.323994637560544,0.0,0.0,0
3354,MEL_Z06,3025.0,47.37484,3221.3718732343486,42.78769445084212,0.0,0.0,0
3355,MEL_Z06,3229.0,37.877197,3219.208127248432,17.92507576229641,4.5223434053822995,0.0,0
3356,MEL_Z06,3373.0,31.693441,3220.2403032892516,16.72100990949834,32.588082889140416,0.0,0
3357,MEL_Z06,3439.0,29.30865,3239.9127403111233,0.6283883098580582,103.7056947796653,0.0,0
3358,MEL_Z06,3362.0,39.482407,3278.325604200278,0.0,264.66646321152973,0.0,0
3359,MEL_Z06,3284.0,30.89168,3326.7844240172,0.0,328.3137817012016,0.0,0
3360,MEL_Z06,3242.0,25.744228,3313.3114917723337,0.42526925704504576,78.8109653023483,0.0,0
3361,MEL_Z05,3320.0,11.048353,3311.3029901539526,0.34112591282488036,89.4716240996016,0.0,0
3362,MEL_Z05,3392.0,24.578665,3327.8989301939723,0.688933934667488,101.17899355942555,0.7512174167825968,0
3363,MEL_Z05,3388.0,40.674587,3363.048481150675,0.0,302.160066411978,0.35224551242880286,0
3364,MEL_Z05,3528.0,46.42959,3385.830559238775,0.0,378.0666342227474,0.0,0
3365,MEL_Z05,3647.0,42.2277,3369.358108293991,0.0,130.35297113474448,0.0,0
3366,MEL_Z05,3709.0,28.750978,3282.5442193107015,12.389424134434671,46.3637211226083,0.0,0
3367,MEL_Z05,3689.0,28.206982,3207.3921211215493,0.4995761794599516,136.19175958390545,0.0,0
3368,MEL_Z05,3642.0,42.251713,3146.2717962006795,0.0,266.3917803315843,0.0,0
3369,MEL_Z05,3808.0,42.323536,3104.1404949684725,0.0,157.9090577995178,0.0,0
3370,MEL_Z05,3986.0,28.055056,3081.7771187154945,1.2258286485708756,42.0273566618949,0.0,0
3371,MEL_Z05,3952.0,34.482468,3077.355604294471,0.0,144.25800370712275,0.0,0
3372,MEL_Z05,3889.0,14.567479,3059.4298837559218,0.0,271.2193903125588,0.0,0
3373,MEL_Z05,3732.0,30.133846,3058.5896842732454,0.06751706508326243,100.23385748615347,0.0,0
3374,MEL_Z05,3789.0,29.901503,3077.4618507621985,1.2303307786588582,75.00873211502687,0.0,0
3375,MEL_Z04,3804.0,34.326244,3116.245505217009,4.474335272296166,54.929543170157636,0.0,0
3376,MEL_Z04,3844.0,16.209822,3174.0790507755105,9.611649068949502,12.496150191900664,0.0,0
3377,MEL_Z04,3743.0,38.93711,3250.164548505001,0.3224678162507105,124.44529277731932,0.0,0
3378,MEL_Z04,3654.0,22.902102,3343.256102087525,5.197352358520977,29.744726033456704,0.0,0
3379,MEL_Z04,3541.0,42.50632,3450.0902582639637,1.4418459070176062,33.53032116192379,0.5987338713228807,0
3380,MEL_Z04,3353.0,44.68726,3485.651086881175,22.00038055272784,0.0,0.0,0
3381,MEL_Z04,3349.0,52.873875,3504.447999956396,2.8421263085740667,63.63707508441866,2.786646269346126,1
3382,MEL_Z04,3498.0,42.772884,3540.7145863796122,0.0,236.47409788986653,0.0,0
3383,MEL_Z04,3697.0,38.211468,3594.0456007129787,0.0,223.13622018074915,0.0,0
3384,MEL_Z04,3893.0,33.573967,3663.6959177594536,0.01499106733755175,161.3671430052929,0.0,0
3385,MEL_Z04,4020.0,19.56098,3748.7560304199915,0.1236842277100471,138.6997779857579,0.0,0
3386,MEL_Z04,4068.0,26.494873,3848.163875210674,0.9382882477483189,13.687600493374397,0.0,0
3387,MEL_Z04,4208.0,20.957651,3910.2140987438793,0.0,174.43734183779335,0.0,0
3388,MEL_Z04,4304.0,18.531313,3955.394202649083,0.0,246.95883110700493,0.0,0
3389,MEL_Z04,4342.0,24.666552,4015.427252966948,0.0,287.2016689719111,0.0,0
3390,MEL_Z04,4335.0,18.871407,4089.886153597604,1.168111602942638,53.87637732231442,0.0,0
3391,MEL_Z04,4437.0,22.76565,4177.999697811038,1.9334708848326079,58.2703696962455,0.0,0
3392,MEL_Z04,4537.0,31.576395,4273.110898601509,2.380758581364499,17.680131022185392,0.0,0
3393,MEL_Z03,4702.0,36.03537,4349.887708549452,6.051021381375453,17.537335958050868,0.0,0
3394,MEL_Z03,4785.0,18.608469,4429.712255017908,0.8662269030027262,101.70696284729125,0.0,0
3395,MEL_Z03,4844.0,29.508194,4481.144034020709,6.5998743001428934,16.6849226037728,1.7285477427589877,1
3396,MEL_Z03,4713.0,51.171688,4538.395023867213,6.6900427595078416,29.430754238393117,5.258160314594755,1
3397,MEL_Z03,4598.0,28.237198,4596.039310223695,15.663363594312127,31.093026458974677,12.515671071398229,1
3398,MEL_Z03,4521.0,17.083143,4631.34637160572,8.06209147617895,48.606125331556186,8.233213746618102,1
3399,MEL_Z03,4652.0,54.8069,4651.130652861869,16.84500247133958,19.182560355191004,4.234426194615592,1
3400,MEL_Z03,4872.0,19.152681,4683.915114139201,3.491762448492522,110.03374303834205,0.0,0
3401,MEL_Z03,4817.0,17.189201,4729.3551612297515,17.141892348983166,0.0,0.0,0
3402,MEL_Z03,4772.0,30.073494,4782.8580410982795,21.78560371640699,32.93338964040731,0.0,0
3403,MEL_Z03,4712.0,39.946526,4777.860665125059,11.792375979758688,9.332140825814125,7.331689404138647,1
3404,MEL_Z01,4676.0,14.54954,4663.476360852858,4.267251481419771,17.277759930955582,2.699261194726243,1
3405,MEL_Z01,4774.0,27.143595,4453.1624417105695,0.0,157.52768421695504,0.0,0
3406,MEL_Z01,4896.0,26.393864,4247.1519511656115,24.73204366135382,60.95836934540536,0.0,0
3407,MEL_Z01,5037.0,34.15144,4046.102280011972,43.810873534013886,0.0,0.0,0
3408,MEL_Z01,5356.0,72.09542,3850.7905194058917,0.16040067348426396,155.60675835898238,0.0,0
3409,MEL_Z01,5534.0,19.078377,3707.4159918934974,0.0,295.2875155344412,0.0,0
3410,MEL_Z01,5435.0,34.348083,3477.7186993309783,0.0,573.8715532280589,0.0,0
3411,MEL_Z01,5339.0,25.363235,3302.5437622136633,0.0,814.0907137907712,0.0,0
3412,MEL_Z01,5380.0,46.72361,3132.847948726701,0.0,779.5437601817564,0.0,0
3413,MEL_Z01,5399.0,30.906364,2970.215854431075,0.0,531.9079049624015,0.0,0
3414,MEL_Z01,5279.0,18.648218,2819.4820818544463,0.0,288.35233931442565,0.0,0
3415,MEL_Z01,5258.0,18.001394,2683.612527523831,3.555702576085673,59.558252129061486,0.0,0
3416,MEL_Z01,5278.0,44.63991,2564.9704064311168,0.0,154.48187159833444,0.0,0
3417,MEL_Z01,5224.0,17.189201,2466.0434249728796,0.0,399.2601793638369,0.0,0
3418,MEL_Z01,5207.0,36.297882,2389.2817250873813,0.0,260.0136046441026,0.0,0
3419,MEL_Z01,5110.0,26.732893,2336.8705890188044,2.9066293351904435,102.54177204715498,0.0,0
3420,MEL_Z01,5218.0,27.631008,2313.9286506995154,4.937215423535422,45.14851379995427,0.0,0
3421,MEL_Z01,5240.0,21.287,2233.0706645595865,0.0,156.24273309140753,0.0,0
3422,MEL_Z01,5125.0,24.47039,2279.3192264881554,0.0,269.97646191239943,0.0,0
3434,MEL_Z11,1933.0,20.523453,4433.229819505838,0.0,559.8076672723887,0.0,0
3435,MEL_Z11,1869.0,17.831478,4334.215845573413,0.0,430.0295437714355,0.48288444053928725,0
3436,MEL_Z11,1812.0,18.682577,4227.006488535161,0.0,368.7705510112382,1.130253471810463,1
3437,MEL_Z11,1713.0,13.492284,4132.118571391844,0.0,460.4975896462385,0.0,0
3438,MEL_Z11,1689.0,23.438353,4049.48772181746,0.0,642.5283744044524,0.0,0
3439,MEL_Z11,1679.0,40.079285,3980.866454713013,0.0,857.0634259816063,0.0,0
3440,MEL_Z11,1620.0,38.32882,3890.897908132747,0.0,909.6674416152517,0.0,0
3441,MEL_Z11,1620.0,16.228739,3790.3262991800566,0.0,719.5864615531109,0.0,0
3442,MEL_Z11,1490.0,39.61562,3703.717750908095,0.0,471.1024608021671,0.0,0
3443,MEL_Z11,1321.0,37.767666,3631.748481973587,0.0,221.96206772859347,0.0,0
3444,MEL_Z10,1209.0,39.570625,3575.845199983242,10.73775544419225,6.103245029050811,0.0,0
3445,MEL_Z10,1381.0,36.18666,3536.000770367315,3.256581964599286,4.740047699007035,0.0,0
3446,MEL_Z10,1394.0,29.725079,3511.823650887534,0.0,190.18133117257042,0.0,0
3447,MEL_Z10,1465.0,27.227879,3505.2958779147552,0.0,394.6527035564377,0.0,0
3448,MEL_Z10,1584.0,35.87272,3516.0448926167724,0.0,314.5758101734433,0.0,0
3449,MEL_Z10,1811.0,9.136947,3544.0987950415447,0.0,237.75801622422182,0.0,0
3450,MEL_Z10,1800.0,21.182468,3582.677163918888,0.0,330.693295484078,0.0,0
3451,MEL_Z10,1766.0,29.109396,3611.943980249862,0.0,267.04147885231555,0.0,0
3452,MEL_Z10,1771.0,26.81931,3657.8998307216675,0.0,171.99400354899265,0.0,0
3453,MEL_Z10,1702.0,26.615904,3691.702145945309,0.0,250.0041504442879,0.0,0
3454,MEL_Z10,1817.0,20.250654,3637.608164480749,1.8305428531616204,9.522288399255771,0.0,0
3455,MEL_Z10,1673.0,34.84641,3600.100218357374,0.0,211.62040088458141,0.0,0
3456,MEL_Z10,1561.0,19.513676,3579.699708933226,0.0,386.15448963429355,0.0,0
3457,MEL_Z10,1456.0,40.73771,3575.998288066169,0.1095855897017112,157.32411206145935,0.0,0
3458,MEL_Z10,1422.0,35.84831,3589.2524129921635,6.68436540954766,72.59155990753551,38.38022346978854,1
3459,MEL_Z10,1547.0,40.351624,3619.4257897443613,0.0,144.8244224385465,2.9014359845613695,1
3460,MEL_Z10,1723.0,39.82599,3666.184050624648,0.0,163.02811249175548,0.0,0
3461,MEL_Z10,1844.0,39.96536,3714.414619186776,0.0,127.39832413669379,0.0,0
3462,MEL_Z09,1966.0,27.143595,3777.4389995583906,1.205916608223058,84.68218134033351,0.0,0
3463,MEL_Z09,2103.0,27.484186,3834.2359572595437,3.0262158229476954,51.401813746929946,0.0,0
3464,MEL_Z09,2069.0,16.410229,3899.1911011154666,0.0,232.59292206092573,0.0,0
3465,MEL_Z09,2090.0,20.759323,3977.957927237488,0.5194368716279639,97.85732648058044,0.0,0
3466,MEL_Z09,1999.0,24.068874,4046.764633826888,0.0,258.24652295039783,0.0,0
3467,MEL_Z09,2038.0,30.498934,4104.933103790681,0.0,233.20464065109164,0.0,0
3468,MEL_Z09,2043.0,17.038712,4174.210928976114,0.0,299.096940520822,0.0,0
3469,MEL_Z09,1998.0,29.917097,4181.5222607291635,0.0,203.87132585038648,0.0,0
3470,MEL_Z09,1988.0,21.650612,4203.715018214655,2.3361786739339747,68.00205947086475,0.0,0
3471,MEL_Z09,1986.0,20.19597,4240.422043728619,0.0,288.5475758061504,0.0,0
3472,MEL_Z09,1920.0,27.59069,4290.802044368974,0.0,317.2738954021275,0.0,0
3473,MEL_Z09,1860.0,15.332461,4354.972475111907,0.0,293.39900975494857,0.0,0
3474,MEL_Z09,1736.0,24.771748,4432.3344113462035,0.0,368.23039988970874,0.0,0
3475,MEL_Z09,1610.0,37.561752,4506.36420777519,0.0,326.2065444014485,0.0,0
3476,MEL_Z07,1671.0,28.222816,4394.0626140967415,0.0,319.2826572644851,0.0,0
3477,MEL_Z07,1729.0,35.8682,4291.817319548081,0.0,379.1226050279978,0.0,0
3478,MEL_Z07,1825.0,29.272234,4125.340535620901,0.0,454.65961024315834,0.0,0
3479,MEL_Z07,1951.0,33.733395,3963.862318789512,0.0,260.0662517187368,0.0,0
3480,MEL_Z07,2069.0,30.22205,3796.375314560909,0.0,164.70104471359696,0.0,0
3481,MEL_Z07,2214.0,37.510464,3638.368669568205,11.615257901906261,30.77608407410319,0.0,0
3482,MEL_Z07,2356.0,30.61886,3491.1298489720466,0.19933908321430432,123.26134268741718,0.0,0
3483,MEL_Z07,2392.0,31.847841,3356.076380100974,0.0,178.94343341618747,0.0,0
3484,MEL_Z07,2453.0,30.907589,3234.734875652057,0.0,205.60823234307986,0.0,0
3485,MEL_Z07,2469.0,24.185411,3128.7011302532237,0.0,306.17291641514015,0.0,0
3486,MEL_Z07,2537.0,27.422373,3039.5775708370847,0.0,423.7247567216802,0.0,0
3487,MEL_Z07,2634.0,23.509657,2968.8874777976926,0.0,622.8297268844806,0.0,0
3488,MEL_Z07,2737.0,26.794216,2917.970853609065,0.0,847.1429542920908,0.0,0
3489,MEL_Z07,2887.0,28.48547,2887.5211490298984,0.0,797.9819356272832,0.0,0
3490,MEL_Z07,3025.0,20.82115,2877.7530478734025,0.0,603.6074237378281,0.0,0
3491,MEL_Z07,3140.0,7.725406,2863.099966535723,0.0,465.2200567669114,0.0,0
3492,MEL_Z07,3057.0,18.056662,2857.403485299028,0.0,430.6344872083489,0.0,0
3493,MEL_Z07,3088.0,44.751167,2873.5288300661273,0.0,480.88785256071554,0.0,0
3494,MEL_Z07,3093.0,30.16074,2911.0725190717685,0.0,605.7207239715985,0.0,0
3495,MEL_Z07,3025.0,46.037544,2968.3478209569284,0.0,472.2183354848439,0.0,0
3496,MEL_Z07,3062.0,27.204933,2977.5297828087296,0.0,447.42132597241005,0.0,0
3497,MEL_Z06,3046.0,47.443943,2921.586234243519,0.0,549.6236294933585,0.0,0
3498,MEL_Z06,2916.0,40.043255,2884.9283932734957,0.0,690.5237263495324,0.0,0
3499,MEL_Z06,2758.0,35.287823,2869.6331964191945,0.0,460.75842800399465,0.0,0
3500,MEL_Z06,2629.0,43.858833,2875.689489891509,0.0,242.24939215796599,0.0,0
3501,MEL_Z06,2591.0,38.195072,2902.5543746867224,3.8262002320222246,0.0,0.0,0
3502,MEL_Z06,2803.0,40.086205,2929.880776311118,13.684253751411529,0.0,0.0,0
3503,MEL_Z06,3007.0,41.187218,2977.6412453361063,22.729573381625954,0.9831645765356839,0.0,0
3504,MEL_Z06,3163.0,36.69665,2969.3646367054725,13.667770699786121,45.23592235989451,0.0,0
3505,MEL_Z06,3234.0,29.93397,2970.483628990596,28.048030475064152,0.0,0.0,0
3506,MEL_Z06,3296.0,28.407398,2991.740393981873,0.0,133.52362994926239,0.0,0
3507,MEL_Z06,3253.0,30.35032,3033.2976753539365,0.0,380.39453101847283,0.0,0
3508,MEL_Z06,3168.0,20.556046,3076.7853134402667,0.0,256.50409461166345,0.0,0
3509,MEL_Z06,3157.0,28.271666,3063.5304782926073,5.737893222777251,28.902184119081255,3.3391993222737266,1
3510,MEL_Z05,3208.0,44.124416,3061.4151632116723,0.003993318902866023,124.28123614826119,0.003993318902866023,0
3511,MEL_Z05,3306.0,56.592964,3079.358147167365,0.0,331.2484759188459,0.0,0
3512,MEL_Z05,3282.0,17.676495,3117.3114049625688,0.0,256.4609769813172,0.0,0
3513,MEL_Z05,3417.0,34.719856,3135.9491623933973,0.0,150.4932083031552,0.0,0
3514,MEL_Z05,3479.0,31.16007,3139.2958914950214,0.43590240605221986,51.51997752942748,0.0,0
3515,MEL_Z05,3451.0,42.26071,3046.5365204372824,11.394878234644665,0.0,0.0,0
3516,MEL_Z05,3483.0,35.385853,2968.306428344255,2.120064046993606,113.96047236099203,0.0,0
3517,MEL_Z05,3496.0,39.752647,2902.155242140759,1.5142145145756534,18.843280874037944,0.0,0
3518,MEL_Z05,3633.0,40.140068,2856.425571657758,0.35740458573601813,40.38037088681661,0.0,0
3519,MEL_Z05,3864.0,42.27809,2832.106820611753,11.462993305094042,6.616698626530959,0.0,0
3520,MEL_Z05,3827.0,32.960274,2829.070593153128,1.9296110514451656,70.7944487366239,0.0,0
3521,MEL_Z05,3701.0,37.44428,2809.5611969451697,0.0,153.60076254534556,0.0,0
3522,MEL_Z05,3611.0,23.653215,2808.7550873633418,1.3643194408626043,106.25173421469626,0.0,0
3523,MEL_Z05,3578.0,35.004417,2829.2942100360365,0.0719496867490809,31.4644364601592,0.0,0
3524,MEL_Z04,3700.0,29.60509,2871.370922366553,0.1456497992854902,147.32775211186788,0.0,0
3525,MEL_Z04,3634.0,36.716377,2934.035232508107,7.3449012826143285,0.0,0.0,0
3526,MEL_Z04,3576.0,52.727325,3016.1821094532165,1.1196628978993264,38.585386105642144,0.0,0
3527,MEL_Z04,3495.0,36.419693,3116.2712155992467,10.253000415840942,4.948448282149272,0.3134196088243703,0
3528,MEL_Z04,3430.0,39.607773,3218.458732850066,0.13519672223245663,128.4656527066525,0.13519672223245663,0
3529,MEL_Z04,3260.0,35.753963,3235.983579731089,0.16323936924319488,136.2390674267613,0.0,0
3530,MEL_Z04,3371.0,29.205935,3256.085644772293,0.0,206.65193342936757,0.0,0
3531,MEL_Z04,3540.0,38.794186,3295.0869068804795,0.0,227.7618638553743,0.0,0
3532,MEL_Z04,3738.0,49.857494,3352.3278064202095,0.0,304.1847893618226,0.0,0
3533,MEL_Z04,3832.0,26.611143,3426.894471602693,0.0,371.0213145369947,0.0,0
3534,MEL_Z04,3950.0,28.378914,3517.6852783192626,0.0,323.7801191009646,0.0,0
3535,MEL_Z04,4016.0,23.469229,3617.3723804284296,0.0,242.27685098725047,0.0,0
3536,MEL_Z04,4124.0,32.456936,3663.2312916870906,0.36304260182623926,58.51461227436912,0.0,0
3537,MEL_Z04,4218.0,38.997326,3711.3603702621663,0.0,180.91018056767538,0.0,0
3538,MEL_Z04,4232.0,37.106655,3775.275953287685,0.26234813201788815,140.3476117876668,0.0,0
3539,MEL_Z04,4290.0,0.75489455,3854.376895036596,6.505577003863995,19.353391847376376,0.0,0
3540,MEL_Z04,4415.0,28.310356,3947.750495473551,1.0252416184938238,84.71037446314402,0.0,0
3541,MEL_Z03,4532.0,33.395096,4036.0166004354855,6.400217444330904,44.16666316125054,0.0,0
3542,MEL_Z03,4726.0,37.325935,4113.446163668365,18.560950326016343,0.0,0.0,0
3543,MEL_Z03,4738.0,14.434095,4184.248760662921,1.5117260229691625,84.62426879370176,0.0,0
3544,MEL_Z03,4730.0,27.13591,4238.305270290584,2.4198461745670046,19.279486462309386,0.3225869760118498,0
3545,MEL_Z03,4571.0,36.894497,4293.983861055381,8.914692133831434,15.57356796634456,8.280027994641014,1
3546,MEL_Z03,4476.0,46.426437,4354.8144218428115,1.3753216528628558,91.33276448639081,15.094730601663143,1
3547,MEL_Z03,4463.0,22.51373,4381.708248615384,12.16718303551047,36.84410628220754,12.018697296679754,1
3548,MEL_Z03,4663.0,63.098072,4402.614485983289,40.63118718489829,11.776103588394724,7.358892463232652,1
3549,MEL_Z03,4750.0,32.954876,4437.166593714483,9.18916848101253,46.33272487550115,4.401054289240953,1
3550,MEL_Z03,4683.0,36.38211,4484.191887952496,17.312913063038536,16.339997871481234,0.6049225312232638,0
3551,MEL_Z03,4667.0,32.659466,4540.39215190931,2.7268528638402656,7.98440854728279,1.359324931124229,1
3552,MEL_Z03,4638.0,5.5507183,4528.565337268291,0.7199728427207889,117.52549624222914,2.3071694225507597,1
3553,MEL_Z01,4688.0,14.203599,4516.182324812346,0.0,201.74333832558736,0.0,0
3554,MEL_Z01,4780.0,27.39062,4319.727927912094,5.834897667506455,69.19740461583086,0.0,0
3555,MEL_Z01,4913.0,32.2868,4107.196601272595,51.4273828063017,39.31893930079284,0.0,0
3556,MEL_Z01,5135.0,29.51751,3898.936763469418,19.707248303388372,74.22781468344444,0.0,0
3557,MEL_Z01,5496.0,21.498327,3695.8560374508097,0.0,178.27234748142823,0.0,0
3558,MEL_Z01,5405.0,25.239403,3498.856357953241,0.0,416.1448525389105,0.0,0
3559,MEL_Z01,5324.0,24.068874,3308.01150589997,0.0,663.0022976677562,0.0,0
3560,MEL_Z01,5284.0,2.9018219,3124.2018940248836,0.0,810.1997794639032,0.0,0
3561,MEL_Z01,5312.0,5.062307,2949.0282752094977,0.0,704.2609539770399,0.0,0
3562,MEL_Z01,5402.0,34.90404,2780.2097995386666,0.0,537.3162915239325,0.0,0
3563,MEL_Z01,5225.0,16.344799,2618.8385018090585,0.0,288.06711835530643,0.0,0
3564,MEL_Z01,5219.0,26.579369,2471.9652276158895,4.820988356647185,38.335908670158034,0.0,0
3565,MEL_Z01,5343.0,22.654408,2342.628667656622,6.3022865343160595,51.427041318227474,0.0,0
3566,MEL_Z01,5164.0,10.825044,2233.876913017188,0.0,292.39412138381147,0.0,0
3567,MEL_Z01,5059.0,36.40572,2148.83760449592,0.0,176.09694833949058,0.0,0
3568,MEL_Z01,5012.0,20.357069,2090.406668206052,17.767948225263325,54.84673537348129,0.0,0
3569,MEL_Z01,5127.0,46.624664,2060.84861803697,21.864992528759082,0.0,11.455692973322188,1
3570,MEL_Z01,5127.0,37.794117,2061.4058344851583,11.258110254906304,82.84897808727128,0.31749771348361505,0
3571,MEL_Z01,5080.0,4.16874,2092.0542541803293,1.5339874667628481,116.75935375792064,0.0,0
3583,MEL_Z11,1963.0,17.136276,4228.124549503113,0.0,766.3943215303084,0.0,0
3584,MEL_Z11,1903.0,14.826506,4112.654386912348,0.0,656.742666548197,0.0,0
3585,MEL_Z11,1857.0,25.406012,3999.674430751007,0.0,618.366590981191,0.0,0
3586,MEL_Z11,1802.0,16.416441,3899.3015284922612,0.0,677.0845970915029,0.0,0
3587,MEL_Z11,1757.0,11.048353,3811.995112564786,0.0,812.1021255946977,0.0,0
3588,MEL_Z11,1700.0,21.253716,3739.017739905336,0.0,738.7591615137497,0.0,0
3589,MEL_Z11,1644.0,15.7311535,3666.6675793248746,0.0,661.5270886031989,0.0,0
3590,MEL_Z11,1604.0,11.485372,3559.766573810189,0.0,672.9829562938017,0.0,0
3591,MEL_Z11,1482.0,34.417393,3467.6252656191855,0.0,538.5954358175111,0.0,0
3592,MEL_Z11,1323.0,34.932785,3390.7054010474944,0.0,302.3677247855301,0.0,0
3593,MEL_Z10,1187.0,26.376163,3330.758918717833,0.548776550254484,108.07470766046421,0.0,0
3594,MEL_Z10,1280.0,35.712967,3288.3441345050014,0.08784594058771086,130.37325860691135,0.0,0
3595,MEL_Z10,1343.0,30.218225,3262.3322375196276,0.0,174.54951677231998,0.0,0
3596,MEL_Z10,1385.0,56.80471,3255.30420464157,0.0,408.3307893766677,0.0,0
3597,MEL_Z10,1591.0,39.002518,3266.8491364641345,0.0,528.9540784929587,0.0,0
3598,MEL_Z10,1785.0,4.727943,3296.9446194925413,0.0,487.430157378318,0.0,0
3599,MEL_Z10,1705.0,13.262677,3333.6153864796433,0.0,539.1682619646564,0.0,0
3600,MEL_Z10,1698.0,16.555513,3364.9971532750887,0.0,466.37183121186354,0.0,0
3601,MEL_Z10,1638.0,21.439186,3414.263422904777,0.0,362.5757163190825,0.0,0
3602,MEL_Z10,1589.0,29.75265,3450.113874398593,1.1739993361170422,113.18448255985427,0.0,0
3603,MEL_Z10,1679.0,34.29442,3392.169537366533,5.596823611671985,69.76676460020866,0.0,0
3604,MEL_Z10,1665.0,23.507732,3351.9162570322796,0.0,224.2271023237507,0.0,0
3605,MEL_Z10,1571.0,34.027447,3329.995648357081,0.0,267.2470153854561,0.0,0
3606,MEL_Z10,1396.0,43.166218,3326.0426106268983,0.3503578292676178,121.82942847142063,0.0,0
3607,MEL_Z10,1436.0,23.104591,3340.2886964488093,0.9201830894397489,107.13001309386553,0.8519426503493894,0
3608,MEL_Z10,1581.0,40.524044,3372.638341106448,1.095657353349078,94.47634036497686,0.0,0
3609,MEL_Z10,1720.0,32.43019,3420.2111295373384,8.001292831192615,63.54519203374968,0.0,0
3610,MEL_Z10,1931.0,43.13459,3471.0106944922354,3.4056089378020364,61.02044395237905,0.0,0
3611,MEL_Z09,2092.0,30.610146,3535.101592216836,0.0,203.85654132305,0.0,0
3612,MEL_Z09,2061.0,18.71422,3591.3652900772786,0.0,182.14632392010924,0.0,0
3613,MEL_Z09,2012.0,13.378047,3660.349294782947,0.0,141.8668821003542,0.0,0
3614,MEL_Z09,2034.0,23.55382,3744.141074742612,2.6965870501682048,92.00184045701248,0.0,0
3615,MEL_Z09,1982.0,23.970173,3802.3994387473,0.0,172.23749633517835,0.0,0
3616,MEL_Z09,1993.0,28.344671,3864.1592333403573,2.5958740876034976,41.25180833722853,0.0,0
3617,MEL_Z09,1988.0,34.939484,3924.210989528877,0.0,155.47313292717504,0.0,0
3618,MEL_Z09,1889.0,24.59125,3931.9872110332594,0.0,363.03914322237995,0.0,0
3619,MEL_Z09,1791.0,29.41207,3955.580231156867,0.0,305.52970924128124,0.0,0
3620,MEL_Z09,1847.0,28.149267,3994.4368868008933,0.0,420.85681707590294,0.0,0
3621,MEL_Z09,1841.0,25.865946,4047.87958289979,0.0,550.2691908488648,0.0,0
3622,MEL_Z09,1721.0,25.603033,4115.839184501545,0.0,438.3146119329982,0.0,0
3623,MEL_Z09,1650.0,23.953352,4197.610661757437,0.0,195.58362982281326,0.0,0
3624,MEL_Z09,1595.0,34.402565,4287.49694621221,2.452202661567898,81.12539708148246,0.0,0
3625,MEL_Z07,1840.0,30.03743,4169.304252182179,4.265721426467019,70.16545959006069,0.0,0
3626,MEL_Z07,1919.0,37.92732,4063.0734463888,0.0,180.89779987548843,0.0,0
3627,MEL_Z07,1977.0,31.501047,3938.4964508945077,0.0,349.60854132578896,0.0,0
3628,MEL_Z07,2066.0,29.118938,3772.9952192088317,0.0,469.6977626769733,0.0,0
3629,MEL_Z07,2160.0,27.057331,3610.4566864231097,0.0,283.7314542089234,0.0,0
3630,MEL_Z07,2245.0,22.24937,3443.930680374594,0.0,141.569367753355,0.0,0
3631,MEL_Z07,2376.0,29.829855,3287.9962861769604,0.0,157.31147348683137,0.0,0
3632,MEL_Z07,2489.0,10.622219,3144.229734704759,0.0,207.08799728018826,0.0,0
3633,MEL_Z07,2526.0,13.429395,3014.372517007417,0.0,312.08292236464496,0.0,0
3634,MEL_Z07,2574.0,15.874327,2900.293557207219,0.0,508.8258805401499,0.0,0
3635,MEL_Z07,2645.0,31.824717,2803.9193577322753,0.0,627.2766093483332,0.0,0
3636,MEL_Z07,2737.0,19.82703,2727.1275751885623,0.0,777.2573783104758,0.0,0
3637,MEL_Z07,2792.0,22.951971,2671.6073547663996,0.0,969.0057923292155,0.0,0
3638,MEL_Z07,2896.0,15.96463,2638.4151265779474,0.0,957.1351890725562,0.0,0
3639,MEL_Z07,2975.0,29.109396,2627.7544173906754,0.0,790.4072304150592,0.0,0
3640,MEL_Z07,3005.0,53.865784,2613.7048155003704,0.0,570.5244320084583,0.0,0
3641,MEL_Z07,3088.0,17.982,2607.4635418337107,0.0,388.35030041899006,0.0,0
3642,MEL_Z07,2987.0,29.326155,2625.124641119765,0.0,311.97055270612685,0.0,0
3643,MEL_Z07,2964.0,37.194233,2666.0702573176645,0.0,408.9354899120244,0.0,0
3644,MEL_Z07,2922.0,27.944208,2728.3333363590077,0.0,252.7672271840199,0.0,0
3645,MEL_Z07,2960.0,19.533611,2737.076015517436,0.0,206.08768419058302,0.0,0
3646,MEL_Z06,2830.0,20.775377,2676.4042570062857,0.0,379.2970310461498,0.0,0
3647,MEL_Z06,2719.0,24.885084,2636.4222264071377,0.0,607.7735381118255,0.0,0
3648,MEL_Z06,2660.0,26.630177,2619.6765074277814,0.0,401.06610188787425,0.0,0
3649,MEL_Z06,2543.0,47.03565,2626.2760106925066,0.0,171.1208313549339,0.0,0
3650,MEL_Z06,2598.0,53.277985,2653.1645062625375,15.554793855346164,3.068848573555436,0.0,0
3651,MEL_Z06,2780.0,20.544413,2682.9739831829597,0.6626390397540879,108.96253521048202,0.0,0
3652,MEL_Z06,2873.0,41.47862,2732.8306189355203,15.786993401215016,57.76853558124652,0.0,0
3653,MEL_Z06,3004.0,39.127377,2719.5499121898265,21.762739609512042,1.649543024350302,0.0,0
3654,MEL_Z06,3175.0,40.503185,2720.771649601236,22.274125676739136,0.0,0.0,0
3655,MEL_Z06,3262.0,24.470388,2743.899889780108,1.2579616512440697,116.18393041139389,0.0,0
3656,MEL_Z06,3215.0,6.0637655,2789.048462434454,0.0,334.6966122542229,0.0,0
3657,MEL_Z06,3099.0,18.354149,2826.78636018359,0.0,263.98609590937923,0.0,0
3658,MEL_Z06,3059.0,27.911982,2813.788361150294,3.409678685294933,85.32788596620848,0.0,0
3659,MEL_Z05,3090.0,33.366676,2811.5472804991546,0.0,159.07397656132432,0.0,0
3660,MEL_Z05,3114.0,15.291904,2831.074338032449,0.12851952096076366,126.07133791012816,0.0,0
3661,MEL_Z05,3270.0,38.03891,2872.3101685663314,0.0,176.60248542694583,0.0,0
3662,MEL_Z05,3324.0,32.84648,2886.0883081355196,3.249660606972552,73.73641340456314,0.0,0
3663,MEL_Z05,3282.0,37.813328,2898.415989599007,10.650425050123049,42.389608759352406,0.05211438437768024,0
3664,MEL_Z05,3230.0,33.340317,2812.292552845305,1.0276491752634165,118.01577255934406,0.0,0
3665,MEL_Z05,3354.0,25.597967,2729.285744227907,3.987450081668762,52.446144422726874,0.0,0
3666,MEL_Z05,3388.0,13.515781,2659.132167343761,0.0,179.2977702463721,0.0,0
3667,MEL_Z05,3511.0,37.183414,2609.1465808454664,7.624141485049128,1.8725745258489812,0.0,0
3668,MEL_Z05,3721.0,37.544678,2582.5003150576476,10.424187448974587,61.53925018043976,0.0,0
3669,MEL_Z05,3693.0,30.252623,2579.91664094174,0.0,281.77686274613296,0.0,0
3670,MEL_Z05,3568.0,48.80225,2559.7181534577544,0.0,168.05681708548227,0.0,0
3671,MEL_Z05,3440.0,34.58351,2558.9527984775714,5.974499083432022,66.6965239763488,0.0,0
3672,MEL_Z05,3473.0,37.143417,2581.4801976753915,0.0,238.5790074934401,0.0,0
3673,MEL_Z04,3565.0,29.710619,2627.461873907799,0.0,161.61744469870206,0.0,0
3674,MEL_Z04,3458.0,24.113369,2695.8018604166436,2.214100033788853,86.42999231610882,0.0,0
3675,MEL_Z04,3412.0,25.239403,2784.9846395290206,0.4498368817187282,95.83573615728825,0.0,0
3676,MEL_Z04,3363.0,24.308426,2893.0833403480347,5.156298334075063,23.509714348063977,0.0,0
3677,MEL_Z04,3289.0,49.33101,2976.690802634465,2.8544547625363133,111.32503536166499,0.0,0
3678,MEL_Z04,3164.0,27.769136,2986.222977271297,5.683663822190924,66.12206084747156,0.0,0
3679,MEL_Z04,3354.0,44.02898,3007.9946256245235,7.952673260476921,53.957193748026015,0.0,0
3680,MEL_Z04,3627.0,46.98521,3050.169776518839,0.8484626871662704,15.112357774889349,0.0,0
3681,MEL_Z04,3745.0,23.165623,3111.9189679989986,0.0,160.18260899430962,0.0,0
3682,MEL_Z04,3707.0,34.123295,3192.1064614443735,0.0,380.5069783096197,0.0,0
3683,MEL_Z04,3796.0,37.39179,3289.3634301434095,0.0,291.5347071160813,0.0,0
3684,MEL_Z04,3887.0,25.074554,3372.863097608745,1.50046043782873,88.84093266302496,0.0,0
3685,MEL_Z04,4004.0,45.13317,3416.6873861644895,2.476309879038754,36.82886324560313,0.0,0
3686,MEL_Z04,4050.0,39.164127,3468.176508996489,3.8814960974253423,71.54989414189055,0.0,0
3687,MEL_Z04,4132.0,28.06232,3536.4899297290226,6.028888829352259,19.82666619790466,0.0,0
3688,MEL_Z04,4261.0,24.748627,3620.8112003520014,0.992042812769998,81.6219793756638,0.0,0
3689,MEL_Z04,4341.0,23.39968,3720.0519450827856,0.6902144564100317,57.504569802223564,0.0,0
3690,MEL_Z03,4474.0,40.6526,3797.139126329447,10.019737077605354,32.324322408056126,0.0,0
3691,MEL_Z03,4662.0,21.26038,3877.2325945505986,0.8876045870106524,66.62795720851861,0.0,0
3692,MEL_Z03,4617.0,28.275969,3938.974156000867,2.1390935642996385,57.9113435132289,0.0,0
3693,MEL_Z03,4622.0,44.54423,3996.349743792014,0.0,153.38773113996393,0.0,0
3694,MEL_Z03,4445.0,31.31593,4050.2549802877174,0.41662746492781055,87.34274826288036,0.0,0
3695,MEL_Z03,4370.0,26.522024,4113.002644673472,5.027848288004325,94.12567784486845,7.277567697038123,1
3696,MEL_Z03,4430.0,38.381386,4132.113882528254,19.186398115305455,20.64892359361616,14.044790177560607,1
3697,MEL_Z03,4689.0,11.333818,4154.2763839673125,14.302800649595643,0.0,4.183553796455239,1
3698,MEL_Z03,4603.0,23.345371,4190.803498649146,1.157983274882472,61.53171207798552,0.4422509929027099,0
3699,MEL_Z03,4527.0,19.19352,4239.593557749073,5.9982841950140875,56.94516049162878,0.1600032765079045,0
3700,MEL_Z03,4544.0,7.1250167,4298.789451106072,0.0,154.18675026438584,0.2633017410826728,0
3701,MEL_Z03,4610.0,16.601551,4279.352228137625,0.2962356910131661,78.86815816339929,0.9162810822045252,0
3702,MEL_Z01,4698.0,27.372452,4266.245922295859,3.371228355181407,20.498731887032598,0.0,0
3703,MEL_Z01,4830.0,30.109472,4196.45892651678,52.74719328091506,0.0,0.0,0
3704,MEL_Z01,4967.0,33.611374,3977.602852832452,82.70256177386058,0.0,0.0,0
3705,MEL_Z01,5113.0,25.04837,3762.628364800198,28.428947817604765,56.77460496292794,0.0,0
3706,MEL_Z01,5553.0,32.280052,3551.7764674563773,0.0,224.8331279005755,0.0,0
3707,MEL_Z01,5394.0,28.224255,3346.305431189018,0.0,440.6750952131633,0.0,0
3708,MEL_Z01,5330.0,11.818507,3147.2851797753156,0.0,678.6678480370372,0.0,0
3709,MEL_Z01,5265.0,6.6291404,2955.2945423491697,0.0,616.8988185070417,0.0,0
3710,MEL_Z01,5246.0,14.97661,2770.6944251542773,0.0,469.3548455943113,0.0,0
3711,MEL_Z01,5312.0,39.412476,2595.52311387008,0.0,429.20843673859434,0.0,0
3712,MEL_Z01,5162.0,29.54941,2427.3753288720613,0.0,345.0921401745876,0.0,0
3713,MEL_Z01,5135.0,18.026293,2268.1375564990126,6.101614393542679,95.14900362393911,0.0,0
3714,MEL_Z01,5224.0,38.973564,2126.439503768182,10.53409631591072,62.43918865741251,2.7104833066478493,1
3715,MEL_Z01,5062.0,33.559395,2006.0014833420325,0.0,292.4905617257291,9.140224529112011,1
3716,MEL_Z01,4947.0,14.203599,1910.847701716439,0.0,198.56655298506948,2.3279669035677766,1
3717,MEL_Z01,4966.0,9.719869,1844.894557187364,2.049064428246876,110.92215026247996,3.576182763769041,1
3718,MEL_Z01,5005.0,15.104356,1811.3345674182121,6.015652300573053,66.66675082229567,1.162704275087127,1
3719,MEL_Z01,5023.0,17.80062,1811.9685160368224,10.59203339986631,80.45302760638091,0.0,0
3720,MEL_Z01,5080.0,19.583334,1846.7611895134808,4.545413604083383,93.51004152750035,0.0,0
3721,MEL_Z01,5141.0,25.609787,1913.8505372880634,0.4908595346258386,108.98198068563721,0.0,0
3722,MEL_Z01,5164.0,24.969566,1979.5672662783666,0.0,286.79745192400054,0.0,0
3731,MEL_Z11,1988.0,23.124306,4133.063541568048,0.0,1090.9508753281807,0.0,0
3732,MEL_Z11,1933.0,19.078377,4025.5363772526143,0.0,988.245992067026,0.0,0
3733,MEL_Z11,1842.0,19.375883,3894.414843136101,0.0,895.9332852469562,0.0,0
3734,MEL_Z11,1816.0,42.231907,3775.2095637048333,0.0,868.1951176954792,0.0,0
3735,MEL_Z11,1821.0,20.973495,3668.700602118839,0.0,881.0566830204427,0.0,0
3736,MEL_Z11,1749.0,15.877563,3576.2078613085773,0.0,681.6787384499389,0.0,0
3737,MEL_Z11,1671.0,19.11942,3498.3152500016713,0.0,522.707009878796,0.0,0
3738,MEL_Z11,1607.0,24.535444,3436.8818003392616,0.0,415.62161105603224,0.0,0
3739,MEL_Z11,1527.0,27.993889,3332.0118045674267,0.0,433.5531178882445,0.0,0
3740,MEL_Z11,1479.0,18.71422,3233.3867056881513,0.0,572.4889715153834,0.0,0
3741,MEL_Z11,1373.0,38.367485,3151.0584248896193,0.0,452.92631509347297,0.0,0
3742,MEL_Z10,1221.0,22.848063,3086.460927177531,0.0,220.21171559683737,0.0,0
3743,MEL_Z10,1195.0,43.98049,3040.9922143856897,1.0953555688479133,29.019824383827228,0.0,0
3744,MEL_Z10,1232.0,8.64667,3012.9251402891837,0.0,211.84376035617063,0.0,0
3745,MEL_Z10,1396.0,40.543533,3005.313916679586,0.0,425.94253899588557,0.0,0
3746,MEL_Z10,1552.0,42.11914,3017.786419536087,0.0,548.6167532044454,0.0,0
3747,MEL_Z10,1781.0,12.4551,3050.169102993131,0.0,416.55937994452427,0.0,0
3748,MEL_Z10,1694.0,28.716103,3084.705403937587,0.0,408.51611117196074,0.0,0
3749,MEL_Z10,1636.0,19.593258,3118.536895185896,0.0,531.9640226126468,0.0,0
3750,MEL_Z10,1589.0,13.206567,3171.5236918602563,0.0,403.46205472637394,0.0,0
3751,MEL_Z10,1487.0,16.72963,3209.8141314191603,0.0,207.03316456452686,1.3797901071349201,1
3752,MEL_Z10,1568.0,46.08047,3147.4489959613243,0.0,211.9989441175228,5.035373058496721,1
3753,MEL_Z10,1542.0,33.382473,3104.0237766643727,0.0,408.55615383997554,0.0,0
3754,MEL_Z10,1470.0,42.44485,3080.339596540869,0.0,201.41341416478215,0.0,0
3755,MEL_Z10,1335.0,39.65408,3076.094136914443,6.821650104286594,19.289597386870874,0.0,0
3756,MEL_Z10,1463.0,36.102295,3091.4922395305,7.546347914088394,0.0,0.0,0
3757,MEL_Z10,1647.0,39.374134,3126.3614174205627,3.376243440238428,44.33167229334606,0.0,0
3758,MEL_Z10,1735.0,33.492615,3174.1032632415486,3.2546450226012067,73.2006226151501,0.4352462869364765,0
3759,MEL_Z09,1990.0,38.986935,3228.6149537116535,0.9988963361044202,114.03146530952553,0.0,0
3760,MEL_Z09,2123.0,20.064392,3290.4736002036893,0.0,187.04403811155177,0.0,0
3761,MEL_Z09,2074.0,22.228527,3349.5438372413787,0.0,395.1863313635276,0.0,0
3762,MEL_Z09,2028.0,17.447954,3423.098023212482,0.0,322.52234672774927,0.0,0
3763,MEL_Z09,1976.0,5.396425,3509.07146606859,0.0,313.77025272078384,0.0,0
3764,MEL_Z09,1984.0,21.974092,3558.721839942139,0.0,293.63087334916946,0.0,0
3765,MEL_Z09,1924.0,26.693466,3624.634791895934,0.0,198.68112331953662,0.0,0
3766,MEL_Z09,1946.0,26.389038,3674.211058321878,0.09111129087856597,144.3787333584269,0.09111129087856597,0
3767,MEL_Z09,1800.0,31.745842,3682.5152326208618,0.0,198.8391280259857,0.0,0
3768,MEL_Z09,1717.0,24.31757,3707.696046856401,0.0,427.36361445353555,0.0,0
3769,MEL_Z09,1710.0,25.816036,3748.982925585501,0.0,625.8460247877874,0.0,0
3770,MEL_Z09,1817.0,20.809721,3805.873887999048,0.0,706.0511917813067,0.0,0
3771,MEL_Z09,1683.0,27.993889,3878.076730336102,0.0,468.6765248383338,0.0,0
3772,MEL_Z09,1580.0,19.481222,3964.754998911751,0.0,256.52891543307777,0.0,0
3773,MEL_Z09,1634.0,37.07401,4064.9828137911095,0.0,151.06251084099736,0.0,0
3774,MEL_Z08,1850.0,43.25341,3947.5827588444677,0.4085139645153008,143.51957423460556,0.0,0
3775,MEL_Z07,2018.0,30.999073,3835.2154465442313,3.9045168734111693,88.44244737233893,0.0,0
3776,MEL_Z07,2099.0,20.069197,3736.220738245646,0.0,177.0057912715592,0.0,0
3777,MEL_Z07,2140.0,29.004057,3585.2214273381205,0.0,419.51479687327804,0.0,0
3778,MEL_Z07,2159.0,24.650446,3420.8991966306835,0.0,332.8075779650675,0.0,0
3779,MEL_Z07,2235.0,33.65077,3257.0831255519583,0.7627620252852911,103.41892682070122,0.0,0
3780,MEL_Z07,2352.0,26.477282,3091.7392408551186,0.8213101375720967,139.87005945231047,1.441705451802666,1
3781,MEL_Z07,2458.0,33.60826,2938.386050220675,3.322776908610688,4.037642875649361,0.0,0
3782,MEL_Z07,2543.0,20.74555,2798.9951101814254,0.0,195.8918528971182,0.0,0
3783,MEL_Z07,2632.0,24.729038,2675.749366720957,0.0,428.4659728859538,0.0,0
3784,MEL_Z07,2724.0,24.623566,2570.971746284987,0.0,667.48788714542,0.0,0
3785,MEL_Z07,2821.0,21.47426,2486.9975405865903,0.0,902.5690604118323,0.0,0
3786,MEL_Z07,2872.0,26.644436,2425.9880077139333,0.0,789.7348193455242,0.0,0
3787,MEL_Z07,2823.0,24.766415,2389.495841012431,0.0,745.7165738172769,0.0,0
3788,MEL_Z07,2820.0,32.20446,2377.756074892409,0.0,717.5663244378163,0.0,0
3789,MEL_Z07,2849.0,23.925276,2364.437418660683,0.0,478.38928760647804,0.0,0
3790,MEL_Z07,2921.0,24.99062,2357.5363340116237,0.0,233.68964059795888,0.0,0
3791,MEL_Z07,2956.0,34.482468,2377.0550741636466,0.3429066683512927,63.79270101086558,0.0,0
3792,MEL_Z07,2832.0,16.604614,2421.9653267285544,0.0,265.34055113358505,0.0,0
3793,MEL_Z07,2853.0,17.605476,2490.2844822220627,0.0,157.8434080280285,0.0,0
3794,MEL_Z07,2871.0,24.600235,2498.4796907095492,0.49340326091835696,89.9695413597733,0.0,0
3795,MEL_Z06,2714.0,34.21058,2431.9413771590603,0.0,329.5659515825062,0.0,0
3796,MEL_Z06,2623.0,34.42233,2388.227894793867,0.0,577.7192864413736,0.0,0
3797,MEL_Z06,2518.0,36.625275,2369.7289560510912,0.0,339.83428982291855,0.0,0
3798,MEL_Z06,2407.0,21.458925,2376.9857648722686,2.8024996809184217,90.57912398095174,0.0,0
3799,MEL_Z06,2557.0,51.056923,2403.9013907749295,14.128636821316665,23.825090124194354,0.0,0
3800,MEL_Z06,2667.0,31.880161,2436.6903854815077,4.3586970027135425,9.740513597293086,0.0,0
3801,MEL_Z06,2787.0,40.2944,2486.936435750909,5.331307859570514,108.61983235987192,0.0,0
3802,MEL_Z06,2965.0,30.2628,2469.772682670687,1.5722990420087628,104.75808637458626,0.0,0
3803,MEL_Z06,3099.0,41.114937,2471.1179147192715,10.010844117276742,0.0,0.0,0
3804,MEL_Z06,3236.0,19.975218,2496.4900611233693,5.453601089226603,81.89689892949943,0.0,0
3805,MEL_Z06,3209.0,19.955868,2545.875348119988,0.0,318.09004238775316,0.0,0
3806,MEL_Z06,3114.0,25.90411,2576.7876100366243,0.0,251.17816131697546,0.0,0
3807,MEL_Z06,2989.0,14.218363,2564.0965058402116,1.0171947079856838,103.67789455927138,0.0,0
3808,MEL_Z05,3015.0,23.167587,2561.7051780839324,0.5544063880891832,78.68068373929023,0.0,0
3809,MEL_Z05,3142.0,44.194534,2583.121603100735,2.8379829626064184,43.562270242040285,0.0,0
3810,MEL_Z05,3236.0,50.53406,2628.1940950646285,19.7229177185348,0.0,0.0,0
3811,MEL_Z05,3137.0,54.8069,2636.253837474161,3.391567168974113,118.62651083398914,0.0,0
3812,MEL_Z05,3123.0,37.71704,2652.807760932112,23.536769068416277,40.4192085603389,6.253530357733298,1
3813,MEL_Z05,3081.0,13.214601,2581.0063996860263,22.398282669751758,43.66585062567558,0.0,0
3814,MEL_Z05,3212.0,44.19664,2492.037708750932,11.699932700229743,22.52561988658365,0.0,0
3815,MEL_Z05,3319.0,37.16676,2417.5323611731787,12.450128737731658,0.0,0.0,0
3816,MEL_Z05,3528.0,55.411472,2362.4404149639045,14.959366940559002,20.974012490983483,0.0,0
3817,MEL_Z05,3677.0,29.03148,2332.9780777345695,0.0911966684587619,132.52242180995398,0.0,0
3818,MEL_Z05,3543.0,41.14402,2330.117745549642,0.0,378.96477050193664,0.0,0
3819,MEL_Z05,3402.0,33.658016,2309.909074163392,0.0,258.8853339923846,0.0,0
3820,MEL_Z05,3302.0,40.537487,2309.1933026238694,1.6592930517713822,100.2580872140867,0.0,0
3821,MEL_Z05,3397.0,29.118938,2334.1324501914883,0.0,181.81715830459933,0.0,0
3822,MEL_Z04,3402.0,30.910034,2384.8146309233384,0.0,204.8297951244977,0.0,0
3823,MEL_Z04,3347.0,33.424522,2459.9049972819626,1.3190826524482269,38.22901073763387,0.0,0
3824,MEL_Z04,3287.0,41.06699,2557.327583130391,0.1581619238320629,136.36884174653858,0.0,0
3825,MEL_Z04,3231.0,30.186316,2660.807645033313,0.0,207.16264735733773,0.0,0
3826,MEL_Z04,3161.0,28.34467,2727.526226160015,15.108688771204706,62.06295242208403,0.9937542724791223,0
3827,MEL_Z04,3189.0,34.102158,2736.5060956769066,17.755772159260058,54.89669903367655,0.48685046884425676,0
3828,MEL_Z04,3463.0,42.342636,2760.248106507789,6.069789228170078,94.17872747691577,0.0,0
3829,MEL_Z04,3638.0,25.521797,2806.149248932209,1.926877301382409,112.41637288799228,0.0,0
3830,MEL_Z04,3609.0,31.53052,2873.1476824357233,0.0,218.41282421336186,0.0,0
3831,MEL_Z04,3582.0,27.939821,2959.811075539913,0.11862770350548624,151.96881174713184,0.0,0
3832,MEL_Z04,3706.0,40.671925,3064.213563299756,1.0395920431585342,84.8269115726279,0.0,0
3833,MEL_Z04,3788.0,35.281265,3129.2216303316186,2.035923482726046,26.787179068338606,0.0,0
3834,MEL_Z04,3887.0,42.886005,3170.6847672317717,4.607275938060843,68.8937003062063,0.0,0
3835,MEL_Z04,3931.0,24.17066,3226.0348412807975,8.928788758040973,25.590538119082048,0.0,0
3836,MEL_Z04,4063.0,31.024595,3299.3656242795123,4.837037867046073,48.04720488179043,0.0,0
3837,MEL_Z04,4218.0,23.165623,3389.5908673757444,0.0,141.8527129238707,0.0,0
3838,MEL_Z04,4317.0,20.023485,3482.545034479485,3.7657640331175593,12.336850893969768,0.0,0
3839,MEL_Z03,4472.0,47.425545,3559.318357827754,12.953910114975537,48.39095668209881,0.0,0
3840,MEL_Z03,4474.0,26.794216,3639.177657154266,0.0,169.9702641677206,0.0,0
3841,MEL_Z03,4499.0,27.945673,3694.333107906797,0.06059753761613137,37.05480288403775,0.002111865639576121,0
3842,MEL_Z03,4441.0,48.088875,3754.2291722380214,1.0919587596297136,70.08539807095534,0.0,0
3843,MEL_Z03,4345.0,22.476824,3807.3394137753,2.75920442388181,74.36296838083967,3.647626881892379,1
3844,MEL_Z03,4271.0,24.434135,3863.93284366052,17.200988501648563,11.200231225595347,21.08312074268582,1
3845,MEL_Z03,4425.0,42.7752,3882.5717122007363,12.00586196734099,23.553005680600716,9.978642233695297,1
3846,MEL_Z03,4611.0,27.794262,3906.1503090110555,7.472828732203422,0.0,7.867685254508156,1
3847,MEL_Z03,4490.0,28.194016,3944.898040279882,7.195129962544715,0.0,6.09615823186631,1
3848,MEL_Z03,4501.0,11.795711,3995.475615082421,0.7170669961631492,128.1198263352144,11.488108934423662,1
3849,MEL_Z03,4540.0,7.3713074,4057.555688205076,16.63217592497523,45.99801617693642,7.527648889970413,1
3850,MEL_Z03,4598.0,20.766205,4030.236589956606,25.195836382112258,18.19408740003011,22.076739222376144,1
3851,MEL_Z01,4707.0,26.948862,4016.3174361676934,28.890590884288304,45.88794854062311,17.837543875172734,1
3852,MEL_Z01,4873.0,30.434866,4017.93535601361,65.52206999346008,0.0,11.279098604283098,1
3853,MEL_Z01,5009.0,30.818056,3859.603944139801,67.24097502929122,0.0,8.799478871882952,1
3854,MEL_Z01,5188.0,56.63049,3637.6640222178307,4.0144020424770295,43.092280091108364,0.0,0
3855,MEL_Z01,5605.0,44.063515,3419.598875812264,0.0,292.4249339019248,0.0,0
3856,MEL_Z01,5512.0,52.61436,3206.0137654134337,0.0,542.3467668107655,0.0,0
3857,MEL_Z01,5310.0,38.164593,2997.693818262406,0.0,707.1413649427216,0.0,0
3858,MEL_Z01,5199.0,27.55926,2796.21390313346,0.0,473.5750666211412,0.0,0
3859,MEL_Z01,5200.0,16.493881,2602.8045529603237,0.0,263.50415692520977,0.0,0
3860,MEL_Z01,5270.0,24.995876,2417.2003889899797,0.0,183.42853134214104,0.0,0
3861,MEL_Z01,5072.0,33.67457,2242.03248447522,0.0,318.46271307400866,0.0,0
3862,MEL_Z01,5069.0,37.583683,2074.4357941041562,2.629590490965476,100.68791869785036,0.0,0
3863,MEL_Z01,5068.0,24.185411,1918.4839983291768,13.20158111109234,62.52716959922159,3.219687677320576,1
3864,MEL_Z01,4961.0,28.20122,1784.062173756752,0.0,206.38903611303175,48.85393431696703,1
3865,MEL_Z01,4913.0,10.860113,1676.3576073780407,6.550871609905877,51.32461234769884,2.5503177321652184,1
3866,MEL_Z01,4923.0,18.648218,1600.7722560685488,3.4452769870458493,81.79805223918162,1.0050301945213584,1
3867,MEL_Z01,5015.0,27.484186,1561.9759293226493,30.029168284173785,0.0,0.0,0
3868,MEL_Z01,5164.0,49.611473,1562.7110391137307,1.8646389735925892,108.26737951302255,0.0,0
3869,MEL_Z01,5153.0,31.995079,1602.923198332496,0.0,164.7440737040819,0.0,0
3870,MEL_Z01,5295.0,27.355772,1679.7796783319652,0.0,209.2699209102766,0.0,0
3871,MEL_Z01,5384.0,31.861702,1777.1245388045345,0.0,405.80589052742823,0.0,0
3880,MEL_Z11,1967.0,16.493881,3950.262194630398,0.0,1331.0925595303042,0.0,0
3881,MEL_Z11,1917.0,15.131808,3818.3319216585614,0.0,1213.6785663367,0.0,0
3882,MEL_Z11,1836.0,22.466557,3680.218449316315,0.0,1139.7727726007367,0.0,0
3883,MEL_Z11,1713.0,22.42542,3553.945931010046,0.0,1021.112421050847,0.0,0
3884,MEL_Z11,1744.0,26.24523,3440.8103414562356,0.0,778.5214192198167,0.0,0
3885,MEL_Z11,1753.0,4.727943,3342.3543594255334,0.0,542.697543705288,0.0,0
3886,MEL_Z11,1694.0,23.674164,3259.012966752619,0.0,328.55082971051564,0.0,0
3887,MEL_Z11,1612.0,14.663913,3192.978615426464,0.0,179.85848528323618,0.0,0
3888,MEL_Z11,1563.0,17.285707,3107.678759385697,0.0,218.9357717800194,0.0,0
3889,MEL_Z11,1460.0,33.896393,3001.6918886323465,0.0,432.9420466355779,0.0,0
3890,MEL_Z11,1323.0,22.228527,2913.1521205462386,0.0,545.7722824701801,0.0,0
3891,MEL_Z10,1216.0,21.439186,2843.154433963935,0.0,354.938743189086,0.0,0
3892,MEL_Z10,1141.0,25.831024,2793.8502095306612,0.0,274.16703880071526,0.0,0
3893,MEL_Z10,1301.0,21.441381,2763.625186962475,0.0,355.51631599776687,0.0,0
3894,MEL_Z10,1442.0,24.778852,2755.325391096105,0.0,470.71216986761766,0.0,0
3895,MEL_Z10,1544.0,31.274115,2768.8926428188597,0.0,399.78721459502515,0.0,0
3896,MEL_Z10,1720.0,44.508762,2803.840439018186,0.0,196.19379582429525,0.0,0
3897,MEL_Z10,1739.0,26.628592,2835.9871849480714,0.0,179.68177246009893,0.0,0
3898,MEL_Z10,1655.0,25.173666,2872.688443204714,0.0,384.8350402404078,0.0,0
3899,MEL_Z10,1544.0,37.505573,2930.0051766296206,0.0,558.7830838412848,0.0,0
3900,MEL_Z10,1434.0,34.183544,2969.669286883516,0.0,435.4107496482962,0.0,0
3901,MEL_Z10,1455.0,36.211445,2903.6281087836333,0.0,361.3537159340236,12.023224388282388,1
3902,MEL_Z10,1411.0,33.711746,2856.4986641058017,0.0,356.9730128906744,0.0,0
3903,MEL_Z10,1318.0,38.32882,2830.744255837683,0.0,186.14418186967697,0.0,0
3904,MEL_Z10,1276.0,21.760624,2826.154778247828,5.709593240333648,0.0,0.0,0
3905,MEL_Z10,1421.0,27.177357,2842.8738676826147,5.287781479253241,59.49078985989213,0.0,0
3906,MEL_Z10,1487.0,36.65799,2880.725957943686,14.99296849726166,0.0,3.3121555209050593,1
3907,MEL_Z10,1670.0,39.56848,2928.6547903141845,22.194492434353673,2.589945366168117,11.52097132908737,1
3908,MEL_Z09,1916.0,45.789898,2987.472811153523,6.670107687921091,56.149910978710736,0.5133848632589298,0
3909,MEL_Z09,2145.0,14.724249,3046.7178668168226,0.10204782173780468,153.66313629192055,0.0,0
3910,MEL_Z09,2120.0,11.976726,3109.01643424919,0.0,379.59025885753323,0.0,0
3911,MEL_Z09,2062.0,20.782253,3187.7959773524385,0.0,420.8353051768027,0.0,0
3912,MEL_Z09,1975.0,12.776751,3262.7491576940342,0.0,554.7837557008102,0.0,0
3913,MEL_Z09,1960.0,24.029837,3315.984307576576,0.0,516.8802262841031,0.0,0
3914,MEL_Z09,1871.0,38.778393,3386.624893405738,0.0,348.4117628437313,0.0,0
3915,MEL_Z09,1781.0,28.344671,3424.2111371599663,0.2890728151723521,135.07757070451584,0.2890728151723521,0
3916,MEL_Z09,1735.0,30.332603,3433.120074981394,0.0,194.7845404114766,0.0,0
3917,MEL_Z09,1631.0,31.588137,3460.1163255922706,0.0,424.13570775597555,0.0,0
3918,MEL_Z09,1649.0,28.924267,3504.171786603453,0.0,668.4618014546638,0.0,0
3919,MEL_Z09,1707.0,32.71327,3564.9716667947027,0.0,806.8743838518893,0.0,0
3920,MEL_Z09,1698.0,12.688797,3641.9536048761474,0.0,610.078413677373,0.0,0
3921,MEL_Z09,1587.0,25.99006,3734.1169150271303,0.0,460.19096882358986,0.0,0
3922,MEL_Z09,1578.0,43.47385,3840.342619110698,0.0,227.42570294422927,0.0,0
3923,MEL_Z08,1766.0,34.78664,3729.439814313647,1.44448924801966,94.60439985757667,0.0,0
3924,MEL_Z08,1950.0,30.338932,3610.2893529567928,1.1162178940489695,116.26647802770007,0.0,0
3925,MEL_Z07,2001.0,34.765373,3504.947516805144,0.0,220.91280569217213,0.0,0
3926,MEL_Z07,2026.0,26.693466,3405.4562751437693,0.0,233.63602378462298,0.0,0
3927,MEL_Z07,2067.0,25.104174,3232.007282228823,0.0,191.065719354931,0.0,0
3928,MEL_Z07,2155.0,30.778652,3069.1382671434353,0.0,329.74245390708336,0.0,0
3929,MEL_Z07,2289.0,25.438446,2903.7533450645024,0.0,191.85208918278383,0.0,0
3930,MEL_Z07,2429.0,30.70081,2739.8986360194713,11.866996404608164,12.554290508165275,0.0,0
3931,MEL_Z07,2541.0,16.48461,2589.846632978376,0.48612810321852895,118.29422265403268,0.0,0
3932,MEL_Z07,2633.0,16.823395,2456.1283820349263,0.0,364.99660109539116,0.0,0
3933,MEL_Z07,2728.0,18.141905,2341.543865855512,0.0,614.2651297737475,0.0,0
3934,MEL_Z07,2772.0,24.426874,2249.0195024529353,0.0,707.4776095231803,0.0,0
3935,MEL_Z07,2699.0,41.871975,2181.364199096914,0.0,559.4995536776884,0.0,0
3936,MEL_Z07,2708.0,31.525808,2140.828430368974,0.0,495.78499460976263,0.0,0
3937,MEL_Z07,2723.0,34.932785,2127.758121887754,0.0,488.76084934816265,0.0,0
3938,MEL_Z07,2769.0,21.854914,2115.342939325858,0.0,422.8033515156304,0.0,0
3939,MEL_Z07,2862.0,23.833218,2107.6263925036465,0.0,286.70609852343813,0.0,0
3940,MEL_Z07,2908.0,22.934038,2129.4370781500234,0.0,172.09967444009183,0.0,0
3941,MEL_Z07,2794.0,30.551508,2179.135161476562,0.0,311.3411881774441,0.0,0
3942,MEL_Z07,2790.0,34.218586,2254.8238978918366,0.0,316.8622358626073,0.0,0
3943,MEL_Z07,2726.0,28.899426,2262.115570716069,0.0,286.59151897064396,0.0,0
3944,MEL_Z06,2662.0,42.574585,2188.661775868101,0.0,433.7211641283753,0.0,0
3945,MEL_Z06,2538.0,20.722567,2140.453876879743,0.0,617.1408901748617,0.0,0
3946,MEL_Z06,2393.0,33.956463,2119.7937745745385,0.0,367.1450282501263,0.0,0
3947,MEL_Z06,2297.0,48.93755,2127.8620651893443,0.28825244626924085,117.16682641324435,0.0,0
3948,MEL_Z06,2449.0,31.0088,2154.809016095845,3.5748575201235595,101.46993983566131,0.0,0
3949,MEL_Z06,2541.0,32.808376,2191.2486565790286,0.0,191.00656122396745,0.0,0
3950,MEL_Z06,2713.0,39.424038,2239.057941563128,6.401257161286841,11.48441168574236,0.0,0
3951,MEL_Z06,2897.0,42.44722,2220.0456038651614,0.19831707595421547,93.68035509584243,0.0,0
3952,MEL_Z06,3084.0,39.343685,2221.5420607360124,18.190614170989452,0.0,0.0,0
3953,MEL_Z06,3116.0,42.358727,2249.653005563356,0.0,154.51762642194444,0.0,0
3954,MEL_Z06,3084.0,28.933914,2304.1638940236326,0.0,131.45660978872988,0.0,0
3955,MEL_Z06,3060.0,42.59336,2326.7891284679254,0.0,270.1388704344159,0.0,0
3956,MEL_Z06,2982.0,2.3619914,2314.4711795956996,0.24921704336582556,110.06228000975935,0.0,0
3957,MEL_Z05,2942.0,33.50098,2311.8972140564283,0.0,205.95552597645596,0.0,0
3958,MEL_Z05,3060.0,25.074554,2335.6053873344167,0.1546524260760782,113.51101318162299,0.0,0
3959,MEL_Z05,2983.0,38.24342,2385.066471650025,3.683694323588814,67.32878867839528,0.0,0
3960,MEL_Z05,2955.0,45.703537,2386.454036607019,1.7066642324994945,88.07877072807659,0.0,0
3961,MEL_Z05,2865.0,51.539837,2407.758240291985,29.18492747968543,2.6547193194723344,0.12593169436104792,0
3962,MEL_Z05,2930.0,11.082645,2353.5148714072557,13.028542699156068,13.45043237864327,0.0,0
3963,MEL_Z05,3115.0,50.03308,2256.192532487391,21.69075208503407,2.0967743755859725,0.0,0
3964,MEL_Z05,3303.0,37.32923,2177.829550547242,13.772369749756644,49.67448968871039,0.0,0
3965,MEL_Z05,3476.0,39.11781,2116.5073938382693,0.0,174.94765272615436,0.0,0
3966,MEL_Z05,3500.0,34.35404,2083.5703840060996,0.0,244.36121892273022,0.0,0
3967,MEL_Z05,3395.0,42.773464,2080.3671652000726,0.0,433.36682380199295,0.0,0
3968,MEL_Z05,3262.0,20.078802,2060.1463143824467,0.0,453.668897346826,0.0,0
3969,MEL_Z05,3167.0,30.16074,2059.4921686983116,0.0,218.1504982946605,0.0,0
3970,MEL_Z05,3262.0,41.09811,2087.4167238679634,0.24196884315485787,56.89066198173294,0.0,0
3971,MEL_Z04,3289.0,19.078377,2143.857679253209,0.0,178.24853598085676,0.0,0
3972,MEL_Z04,3221.0,22.997715,2227.087227900988,0.0,285.0870144478495,0.0,0
3973,MEL_Z04,3154.0,43.98049,2334.2470504354205,0.0,358.0512542810151,0.0,0
3974,MEL_Z04,3102.0,22.033342,2431.1008100773342,0.0,220.21520793457316,0.0,0
3975,MEL_Z04,3038.0,47.38365,2478.5299058701653,7.2022994083922525,36.240154223210666,2.188333912105279,1
3976,MEL_Z04,3240.0,38.79043,2486.8461056870174,38.341165318921554,0.0,3.5098064712566392,1
3977,MEL_Z04,3449.0,37.7821,2512.9479801964967,3.2639715119114245,107.9067671289956,0.20889199611794534,0
3978,MEL_Z04,3485.0,52.09461,2563.281402612015,1.3994588518993595e-06,162.66223695442233,1.2014470937307187,1
3979,MEL_Z04,3433.0,55.05494,2636.458902918759,0.2907630744458957,109.05032789254489,1.451288540359604,1
3980,MEL_Z04,3501.0,11.877549,2730.644529151049,1.5065713182101097,67.68677961775485,0.0,0
3981,MEL_Z04,3614.0,28.745405,2830.559069976132,4.416905482370464,102.49879566848239,0.0,0
3982,MEL_Z04,3679.0,39.33716,2885.675347625663,14.479122220224458,46.82113282133989,0.0,0
3983,MEL_Z04,3778.0,27.869406,2925.3599934940753,3.51927864232413,38.90202176280563,0.0,0
3984,MEL_Z04,3899.0,37.76526,2985.1889884495035,0.06699187303095487,115.04400348868816,0.0,0
3985,MEL_Z04,4062.0,34.855064,3064.288828142655,0.0,271.6094123902717,0.0,0
3986,MEL_Z04,4204.0,24.029837,3161.230574918508,0.0,159.9750777374723,0.0,0
3987,MEL_Z03,4375.0,48.328556,3245.523459080354,14.212664850134576,17.27393183721865,0.8264328028956099,0
3988,MEL_Z03,4550.0,29.330193,3323.0503211323844,0.48691090511707924,106.90374392502304,0.0,0
3989,MEL_Z03,4456.0,30.128716,3402.0633572391175,0.0,238.35306353926697,0.0,0
3990,MEL_Z03,4399.0,19.473722,3450.4603783712464,0.0,220.10272248289354,2.722215556428979,1
3991,MEL_Z03,4281.0,38.778393,3508.632879630522,0.0,270.28064730191346,4.194533447224025,1
3992,MEL_Z03,4245.0,26.981478,3565.3843120684082,7.168535038666903,68.804983284852,15.268729170469387,1
3993,MEL_Z03,4210.0,32.522507,3614.9914641041646,9.200934703858508,32.82846744135545,13.809067508134962,1
3994,MEL_Z03,4336.0,40.917007,3633.0924929844523,2.6730816798476886,60.84141067413817,13.245350710087022,1
3995,MEL_Z03,4444.0,47.49564,3658.2340470085683,4.4665064956419425,34.6500050472078,0.2783643064987683,0
3996,MEL_Z03,4367.0,16.759949,3699.541475928901,8.629590155787719,50.310378918247125,22.25545779303049,1
3997,MEL_Z03,4475.0,10.865112,3752.1001109431286,19.54540537407687,13.18072732520096,9.855465869784092,1
3998,MEL_Z03,4521.0,9.01551,3811.53320602126,20.71757414127705,42.37725731091235,8.890688275348047,1
3999,MEL_Z03,4583.0,22.944002,3781.237687528205,15.227634879669399,45.274068564875655,0.0,0
4000,MEL_Z02,4709.0,30.2628,3766.3984423615125,30.974171235298154,0.8203457970770544,7.035606246103737,1
4001,MEL_Z01,4888.0,33.086147,3768.1236714925917,67.68012010542144,1.6784641630670993,2.7617127915784554,1
4002,MEL_Z01,5008.0,38.462208,3754.56532189522,44.178423660148084,0.0,1.9797867267024494,1
4003,MEL_Z01,5327.0,40.00227,3526.0200920154516,0.0,199.6750646109781,0.0,0
4004,MEL_Z01,5522.0,43.67415,3300.5870117624754,0.0,319.06300257920003,0.0,0
4005,MEL_Z01,5498.0,34.87333,3078.9497487184885,0.0,451.0056753644727,0.0,0
4006,MEL_Z01,5288.0,60.94709,2861.99030187947,0.0,584.1801417497774,0.0,0
4007,MEL_Z01,5136.0,8.280431,2650.391747891651,0.0,427.0684453706814,0.0,0
4008,MEL_Z01,5136.0,23.029457,2445.8578007154015,0.0,179.59239165914406,0.0,0
4009,MEL_Z01,5115.0,23.39968,2250.5253487460654,7.6768511315651935,2.523007877664315,0.0,0
4010,MEL_Z01,4988.0,39.424038,2063.7266881749692,0.0,170.6273095096122,0.0,0
4011,MEL_Z01,4911.0,27.798693,1888.547039188489,0.5273363125028562,96.61439666141152,0.0,0
4012,MEL_Z01,4919.0,37.473732,1721.7481640775275,24.10832741034736,0.0,4.186993552817031,1
4013,MEL_Z01,4906.0,13.206567,1570.5775143204166,0.40410662457679064,121.37179336301854,1.2113135859334994,1
4014,MEL_Z01,4929.0,31.179329,1447.069699936206,12.546400183840861,25.29025217108643,0.4650679896380664,0
4015,MEL_Z01,5010.0,31.007584,1358.7890581168306,60.22192408830376,0.0,0.0,0
4016,MEL_Z01,5167.0,64.48907,1312.8612616886012,13.826267958321928,11.903448498529457,0.0,0
4017,MEL_Z01,5347.0,46.334408,1313.735772683057,0.0,216.3829663379792,0.0,0
4018,MEL_Z01,5359.0,49.124683,1361.3223969404567,0.0,398.3605057361517,0.0,0
4019,MEL_Z01,5469.0,45.129227,1451.0326172751159,0.0,419.8547710941176,0.0,0
4020,MEL_Z01,5564.0,43.271347,1575.687990809359,0.0,562.7245452018756,0.0,0
4021,MEL_Z01,5640.0,39.487442,1687.1723985007145,0.0,707.5860503460998,0.0,0
4028,MEL_Z11,1993.0,22.092365,3832.41856450145,0.0,1285.7419129222515,0.0,0
4029,MEL_Z11,1938.0,21.674408,3728.9653734838316,0.0,1210.0511584272049,0.0,0
4030,MEL_Z11,1841.0,20.43932,3615.8030922408393,0.0,1161.8709312269825,0.0,0
4031,MEL_Z11,1785.0,13.15422,3470.6332980674174,0.0,1104.7513746393702,0.0,0
4032,MEL_Z11,1713.0,26.18018,3336.6259222142753,0.0,998.7518700424922,0.0,0
4033,MEL_Z11,1614.0,8.543727,3216.207005737849,0.0,748.9528167201793,0.0,0
4034,MEL_Z11,1649.0,28.405973,3110.65015099029,0.0,499.2982081044461,0.0,0
4035,MEL_Z11,1639.0,11.976726,3021.443603069427,0.0,250.31084997928562,0.0,0
4036,MEL_Z11,1623.0,19.050093,2950.096331925137,7.595839125370954,18.94947685109761,0.0,0
4037,MEL_Z11,1576.0,14.233111,2887.2045582300116,0.0,164.80556197274967,0.0,0
4038,MEL_Z11,1514.0,17.485348,2773.178465234715,0.0,407.67393112444626,0.0,0
4039,MEL_Z11,1412.0,25.067575,2677.313153664652,0.0,655.9231624052969,0.0,0
4040,MEL_Z11,1303.0,29.178797,2601.1176858696685,0.0,548.6895056655156,0.0,0
4041,MEL_Z10,1143.0,30.580229,2547.1327161476524,0.0,324.1416146602974,0.0,0
4042,MEL_Z10,1193.0,51.5999,2514.464246522537,0.0,180.47278045495239,0.0,0
4043,MEL_Z10,1312.0,34.36296,2505.33915545377,0.0,263.16734992279635,0.0,0
4044,MEL_Z10,1403.0,35.785774,2520.217859824103,0.0,329.0274656251954,0.0,0
4045,MEL_Z10,1626.0,47.0279,2558.2232126782947,0.1152119023708896,85.53144890349212,0.0,0
4046,MEL_Z10,1800.0,14.938382,2587.5160284136637,0.3878873923261587,140.01675893664137,0.0,0
4047,MEL_Z10,1616.0,43.319443,2627.623530266115,0.0,230.39135007619075,0.0,0
4048,MEL_Z10,1494.0,24.185411,2689.982709043886,0.0,394.74315780106826,0.0,0
4049,MEL_Z10,1348.0,23.923403,2720.566072242783,0.0,313.8479130406554,0.0,0
4050,MEL_Z10,1321.0,32.030544,2660.9541908982374,0.3437200635970377,156.15264836855602,1.7346499163863895,1
4051,MEL_Z10,1358.0,32.593334,2609.445464074446,1.0788444194333149,143.56631214741128,0.0,0
4052,MEL_Z10,1254.0,22.866096,2581.227237942934,1.14790590963816,132.02593328927995,0.0,0
4053,MEL_Z10,1376.0,38.173195,2576.22718758782,0.005390145714841342,152.27773104167287,0.0,0
4054,MEL_Z10,1462.0,26.504463,2594.489961435073,1.602332989524623,64.0448142595626,0.08089474437139599,0
4055,MEL_Z10,1512.0,27.54877,2635.8564687037983,1.6765058069566474,107.00237809761998,0.0,0
4056,MEL_Z10,1680.0,37.826927,2684.001423858845,6.514170981999257,1.909547357617073,1.8919847459390298,1
4057,MEL_Z09,1857.0,42.758972,2747.91431369913,0.0,178.50207959572865,0.0,0
4058,MEL_Z09,2016.0,56.096718,2803.586961570844,0.0,334.90839510455373,0.0,0
4059,MEL_Z09,2108.0,22.007977,2869.8520662519923,0.0,141.0075511130794,0.0,0
4060,MEL_Z09,2012.0,16.601551,2954.908849681759,0.0,226.52505014375686,0.0,0
4061,MEL_Z09,1950.0,17.982,3017.031915324976,0.0,432.65660810690883,0.0,0
4062,MEL_Z09,1888.0,26.064075,3074.4109553062435,0.0,483.5605279463795,0.0,0
4063,MEL_Z09,1806.0,23.061136,3150.263487850977,0.0,350.4419527982226,0.0,0
4064,MEL_Z09,1689.0,34.85507,3174.211228416584,0.0,342.5031869718946,0.0,0
4065,MEL_Z09,1608.0,30.555258,3183.8197907538397,0.0,393.1636509923776,0.0,0
4066,MEL_Z09,1577.0,27.319332,3212.9114518432857,0.0,546.5342878023304,0.0,0
4067,MEL_Z09,1513.0,17.576967,3260.1482855421846,0.0,703.4951545356936,0.0,0
4068,MEL_Z09,1590.0,25.00639,3325.4127441183914,0.0,758.7446293711673,0.0,0
4069,MEL_Z09,1589.0,25.411135,3407.810586544736,0.0,786.0666205864637,0.0,0
4070,MEL_Z09,1524.0,34.327232,3506.134063151,0.0,570.4936924275992,0.0,0
4071,MEL_Z09,1533.0,23.391933,3618.864591245658,0.0,397.52405486854354,0.0,0
4072,MEL_Z08,1666.0,50.017246,3515.5416395271886,0.0,339.76191705376397,0.0,0
4073,MEL_Z08,1711.0,61.754868,3388.8790038499283,0.0,357.1446806721758,0.0,0
4074,MEL_Z07,1795.0,53.702023,3276.426221696477,0.0,395.22366796789885,0.0,0
4075,MEL_Z07,1892.0,26.908388,3179.691285283152,0.0,146.7610029309865,0.0,0
4076,MEL_Z07,1963.0,30.886782,3051.9159279462187,3.336061718172377,73.99068368572898,0.0,0
4077,MEL_Z07,2144.0,39.5212,2878.8764234881455,0.0,137.44407292725595,0.0,0
4078,MEL_Z07,2287.0,27.578722,2717.842543669512,0.0,217.65082612327012,0.0,0
4079,MEL_Z07,2434.0,41.35942,2550.4855402827243,1.474861411569836,20.90386192649379,0.0,0
4080,MEL_Z07,2559.0,22.016436,2388.56390701177,0.0,194.98504210198888,0.0,0
4081,MEL_Z07,2649.0,20.406473,2242.877300381678,0.0,416.5144068587894,0.0,0
4082,MEL_Z07,2697.0,18.053904,2116.7804872625497,0.0,646.4097376163812,0.0,0
4083,MEL_Z07,2640.0,48.40349,2013.9564736963778,0.0,558.0485885122991,0.0,0
4084,MEL_Z07,2569.0,28.700735,1938.1129287612787,0.0,353.93658359685253,0.0,0
4085,MEL_Z07,2540.0,14.822993,1892.4961687824177,0.0,245.99250658226683,0.0,0
4086,MEL_Z07,2570.0,17.456593,1877.760713943832,0.0,293.9125622326752,0.0,0
4087,MEL_Z07,2635.0,26.874063,1866.2974023963754,0.0,172.80382399853295,0.0,0
4088,MEL_Z07,2716.0,29.28843,1857.7406855023933,0.0,304.34177849664684,0.0,0
4089,MEL_Z07,2752.0,34.618683,1882.4488609237371,0.0,196.93624203233225,0.0,0
4090,MEL_Z07,2737.0,26.504463,1938.1290101774996,0.27242607485574494,127.29375812175805,0.0,0
4091,MEL_Z07,2695.0,42.421734,2022.8556099267857,0.0,340.1730165024615,0.0,0
4092,MEL_Z07,2756.0,34.84352,2029.0226577502995,0.0,530.2592565145035,0.0,0
4093,MEL_Z06,2594.0,28.280272,1947.085482549216,0.0,622.2171876332942,0.0,0
4094,MEL_Z06,2404.0,53.389683,1893.265200817756,0.0,573.8823895821366,0.0,0
4095,MEL_Z06,2316.0,35.16373,1869.8759232374073,0.0,434.72149376202447,0.0,0
4096,MEL_Z06,2245.0,42.93021,1878.9711574524822,0.0,247.9478115303055,0.0,0
4097,MEL_Z06,2359.0,32.42796,1905.9543266107526,4.588543327620963,115.92414643896413,0.0,0
4098,MEL_Z06,2560.0,46.036617,1946.9672095905414,0.14179049613119105,146.6800147644738,0.0,0
4099,MEL_Z06,2753.0,40.544205,1991.6091802387953,0.0,165.50067454420392,0.0,0
4100,MEL_Z06,2831.0,41.359417,1970.387744180241,21.007835642685702,46.333592905690416,0.0,0
4101,MEL_Z06,2996.0,43.806534,1972.0624896964937,11.332215230958221,64.19517942996661,0.0,0
4102,MEL_Z06,2965.0,33.432915,2003.6004256319968,0.0,237.9434021558341,0.0,0
4103,MEL_Z06,2935.0,27.227877,2064.427575111132,0.056908415399939245,112.50577894740823,0.0,0
4104,MEL_Z06,2864.0,29.309998,2076.79101246967,0.0,267.97632426919245,0.0,0
4105,MEL_Z06,2890.0,20.532774,2064.9365101852977,0.0,360.0517553576256,0.0,0
4106,MEL_Z05,2908.0,18.743164,2062.135795068238,0.0,438.5295941764137,0.0,0
4107,MEL_Z05,2904.0,23.251846,2088.680883784163,0.0,358.91687702681054,0.0,0
4108,MEL_Z05,2846.0,31.351692,2139.582132302006,0.0,316.5464497199507,0.0,0
4109,MEL_Z05,2764.0,45.474472,2136.6660961840084,0.0,219.74243618621563,0.0,0
4110,MEL_Z05,2760.0,15.649097,2160.368398712604,6.0403435153074305,13.952947353126412,0.0,0
4111,MEL_Z05,2884.0,36.72837,2118.7997520833637,13.69284474869144,9.056392059512294,0.0,0
4112,MEL_Z05,3086.0,49.70035,2023.1187251575043,11.530667555613356,64.41834296894712,0.0,0
4113,MEL_Z05,3288.0,15.806189,1938.8543173101407,4.424212442953635,109.85478869021686,0.0,0
4114,MEL_Z05,3257.0,47.720585,1871.6523133555818,0.0,294.45007493379876,0.0,0
4115,MEL_Z05,3302.0,36.5631,1834.3239569455995,0.0,472.5329517140899,0.0,0
4116,MEL_Z05,3302.0,14.794859,1830.6846740932267,0.0,594.7644833289165,0.0,0
4117,MEL_Z05,3211.0,30.615124,1810.4490444154403,0.0,501.2209415590043,0.0,0
4118,MEL_Z05,3065.0,35.550697,1809.8735527589806,0.0,287.0498822708984,0.0,0
4119,MEL_Z05,3132.0,36.595943,1841.4990909943824,0.0,196.07654546207462,0.0,0
4120,MEL_Z04,3155.0,44.516994,1905.2324461650053,0.0,340.3172831424162,0.0,0
4121,MEL_Z04,3071.0,16.787176,1998.4249912635307,0.0,519.7272033513688,0.0,0
4122,MEL_Z04,3054.0,17.230228,2103.881658429627,0.0,353.66424195089934,0.0,0
4123,MEL_Z04,2979.0,25.791021,2205.5260039129626,0.8591933119880144,106.0710845428639,0.0,0
4124,MEL_Z04,3003.0,38.068058,2229.75820980546,31.75527037888991,3.634742305050931,2.218647500386368,1
4125,MEL_Z04,3198.0,46.789036,2237.2620532839915,16.540798910778495,51.0720432604927,10.149058486572784,1
4126,MEL_Z04,3294.0,13.069152,2266.240387264217,0.0,162.47910043644026,10.634222624951809,1
4127,MEL_Z04,3384.0,47.23728,2321.9279684500198,0.0,341.1793697057654,10.822066257643698,1
4128,MEL_Z04,3403.0,52.184605,2402.46820758848,0.0,165.61272921870966,13.111708056248666,1
4129,MEL_Z04,3483.0,49.87805,2505.281530095601,0.0,160.91894155034117,16.728068253694907,1
4130,MEL_Z04,3529.0,38.17085,2587.887388259967,1.1195653770222236,68.33454154998198,16.612859091003447,1
4131,MEL_Z04,3648.0,34.84352,2637.5388926562873,3.071056889344282,43.45040360603179,9.448344084595673,1
4132,MEL_Z04,3807.0,21.315788,2680.838128429802,7.808701654408101,51.64831796137028,0.0,0
4133,MEL_Z04,3894.0,32.584496,2745.979933714505,0.0,204.74947447138422,0.0,0
4134,MEL_Z04,4010.0,40.896675,2831.7695036641726,0.0,399.8201706661127,0.0,0
4135,MEL_Z04,4151.0,38.551014,2930.5286649147088,0.0,259.0687244583636,0.0,0
4136,MEL_Z03,4293.0,31.511662,3006.7261764801437,0.5978509340493344,67.73606248112011,1.8673961665575227,1
4137,MEL_Z03,4442.0,23.872738,3086.7132218981437,0.06930020940453542,113.62186175034577,1.8312281039149558,1
4138,MEL_Z03,4366.0,15.691831,3155.6239731912992,0.0,249.43242763087594,0.0,0
4139,MEL_Z03,4294.0,21.014166,3207.5312209304207,0.0,290.82163200975253,4.645333023321089,1
4140,MEL_Z03,4159.0,27.057331,3263.7053620640686,0.0,126.4285420469899,22.614192281493793,1
4141,MEL_Z03,4035.0,29.54144,3324.5746495322014,14.017705473389322,8.057246684337553,12.568997252047382,1
4142,MEL_Z03,4130.0,24.185411,3366.2069976122198,9.595351301144115,53.35020777212348,17.87786882353689,1
4143,MEL_Z03,4259.0,31.543474,3383.6901490500886,13.202541824208067,11.909276551152608,0.0,0
4144,MEL_Z03,4270.0,19.858736,3410.5810247825552,1.9030572872838356,63.632289485679586,13.28647395349386,1
4145,MEL_Z03,4305.0,27.422373,3454.627767527227,2.853086218291031,86.37203183381445,10.104363286391187,1
4146,MEL_Z03,4420.0,39.47665,3509.655979488677,1.3239438275692632,42.22718513569659,11.129031354070055,1
4147,MEL_Z03,4526.0,31.211786,3561.5802452432563,14.06371011971582,0.0,15.824389908548724,1
4148,MEL_Z03,4661.0,33.840195,3532.3802071892314,55.21475718552568,0.0,3.942343926443753,1
4149,MEL_Z02,4797.0,33.64559,3516.49096475191,48.39033120319956,27.963449531745,2.1376279552517254,1
4150,MEL_Z01,4991.0,47.62652,3518.338738981993,32.374386274617436,4.358198047521983,4.255895581753184,1
4151,MEL_Z01,5107.0,18.174763,3537.8957388907015,27.59168754662205,33.868269739909,0.0,0
4152,MEL_Z01,5280.0,40.61321,3428.9992476020325,4.778642707662755,107.97420199151762,0.0,0
4153,MEL_Z01,5290.0,38.940086,3196.731576622253,0.7939010895290918,98.16673240693179,0.0,0
4154,MEL_Z01,5300.0,44.79008,2967.3472506419425,0.0,332.97228095616407,0.0,0
4155,MEL_Z01,5323.0,38.36362,2741.57010466827,0.0,356.46547001350325,0.0,0
4156,MEL_Z01,5075.0,16.181395,2520.369729172544,0.0,309.0554434416854,0.0,0
4157,MEL_Z01,5044.0,20.648783,2304.9912378435806,2.320717395072825,83.30174677534275,0.0,0
4158,MEL_Z01,4987.0,20.368845,2096.5754387963007,3.323989230180798,80.49629140682563,0.0,0
4159,MEL_Z01,4864.0,34.29541,1898.2287887902553,0.0,182.45567853974887,0.0,0
4160,MEL_Z01,4811.0,34.07897,1710.2859311933626,5.921582038572542,37.12262383933867,20.937250078935474,1
4161,MEL_Z01,4876.0,5.006283,1535.0709065096598,3.953591636076781,39.16517918993475,1.6815300925681325,1
4162,MEL_Z01,4850.0,11.447692,1369.507070864598,13.962733891063975,42.10824730489627,13.712121817671633,1
4163,MEL_Z01,4970.0,37.764458,1225.9064422429199,56.09497373742055,0.361404323086183,47.9669394331409,1
4164,MEL_Z01,5114.0,33.920853,1120.3319120319907,44.1187145402876,15.977608290007996,4.649460959934369,1
4165,MEL_Z01,5264.0,35.031075,1064.1619148897494,15.213776237036269,0.0,0.0,0
4166,MEL_Z01,5424.0,26.389038,1065.2406155824046,0.0,226.07989457733714,0.0,0
4167,MEL_Z01,5548.0,56.537136,1123.4031142341305,0.0,382.2684358986847,0.0,0
4168,MEL_Z01,5698.0,19.11942,1230.5817912904063,0.0,501.9189622170317,0.0,0
4169,MEL_Z01,5692.0,33.377205,1372.8667780240385,0.0,691.4787359289319,0.0,0
4177,MEL_Z11,1997.0,13.492284,3626.86712540993,0.0,1071.6783422190613,0.0,0
4178,MEL_Z11,1937.0,16.931477,3511.523046621887,0.0,973.6315574944877,0.0,0
4179,MEL_Z11,1832.0,23.73684,3391.2544078124783,0.0,913.1668081918665,0.0,0
4180,MEL_Z11,1727.0,18.097971,3266.476205673392,0.0,866.759219076809,0.0,0
4181,MEL_Z11,1647.0,11.777437,3124.1980425449447,0.0,814.1123146670541,0.0,0
4182,MEL_Z11,1621.0,20.141087,2995.3526094428926,0.0,700.2220701582326,0.0,0
4183,MEL_Z11,1546.0,15.423245,2882.0055620593375,0.0,470.8151498405618,0.0,0
4184,MEL_Z11,1541.0,31.861698,2786.050497675268,0.0,221.53804463471891,0.0,0
4185,MEL_Z11,1490.0,34.971027,2708.509608014267,0.47903541337171684,18.93018224316763,0.0,0
4186,MEL_Z11,1503.0,33.89537,2652.352016195171,0.0,250.36150581342005,0.0,0
4187,MEL_Z11,1434.0,34.218586,2548.702298386753,0.0,499.3860243595587,0.0,0
4188,MEL_Z11,1350.0,24.89214,2444.0479390850974,0.0,723.3729862072751,0.0,0
4189,MEL_Z11,1297.0,28.304626,2360.741259884102,0.0,520.4496487119433,0.0,0
4190,MEL_Z10,1183.0,31.880161,2301.1238893299324,0.0,272.84808239977843,0.0,0
4191,MEL_Z10,1078.0,21.648449,2265.4881858149083,2.372190024203549,29.602120490732773,0.0,0
4192,MEL_Z10,1216.0,31.578745,2255.3559712117994,0.0,169.30804379498005,0.0,0
4193,MEL_Z10,1337.0,47.356354,2271.833984800904,0.0,320.9511798865291,0.0,0
4194,MEL_Z10,1531.0,44.311863,2313.5450728910423,0.0,223.06240860201277,0.0,0
4195,MEL_Z10,1745.0,41.159508,2339.3118831750517,2.692310287485522,82.79436711069529,0.0,0
4196,MEL_Z10,1637.0,19.403543,2383.5838441083624,1.3416357902542868,82.77310490705857,0.0,0
4197,MEL_Z10,1551.0,34.529633,2451.8897617376897,0.0,329.3326531487983,0.0,0
4198,MEL_Z10,1397.0,30.89168,2471.643953610186,0.0,271.4040781625276,0.0,0
4199,MEL_Z10,1230.0,12.810078,2419.7723483830796,1.2480476520726391,71.8237064451519,0.0,0
4200,MEL_Z10,1222.0,36.812927,2363.0121967351697,6.908069835338081,48.58303977140911,0.0,0
4201,MEL_Z10,1232.0,26.204603,2331.813685918963,12.433809935493523,33.80084770579655,1.8257904518232015,1
4202,MEL_Z10,1335.0,26.888115,2326.3151578236916,5.191396930668704,27.990964721881433,0.4373143137251711,0
4203,MEL_Z10,1540.0,37.26974,2346.4493372800584,12.925723191838252,15.683125816241121,0.8000941146096036,0
4204,MEL_Z10,1644.0,25.25321,2391.9264743065755,1.3568219386269296,124.21700679793568,0.0,0
4205,MEL_Z10,1677.0,41.62694,2440.266977469338,4.433469648667661,38.16293932379974,0.0,0
4206,MEL_Z09,1750.0,28.812183,2505.7795089218134,0.0,237.12555925211643,0.0,0
4207,MEL_Z09,1833.0,32.81818,2560.5935097004135,0.0,324.85316317628144,0.0,0
4208,MEL_Z09,1932.0,18.100721,2632.583141873019,3.1956401348214216,95.68555841532576,0.0,0
4209,MEL_Z09,2046.0,37.143414,2724.7573450666578,4.167610415674662,98.11771067457944,0.0,0
4210,MEL_Z09,1943.0,28.577267,2772.080642792677,0.0,208.28827107416922,0.0,0
4211,MEL_Z09,1840.0,31.999662,2834.2994753765865,0.0,307.52307747824534,0.0,0
4212,MEL_Z09,1777.0,35.231533,2908.3521556470705,1.7162816772427463,130.10530929476323,0.0,0
4213,MEL_Z09,1735.0,26.604794,2924.211335276829,0.9859828921305118,134.27212425835032,0.0,0
4214,MEL_Z09,1589.0,45.16074,2934.6385587924447,0.0,367.7978541583489,0.0,0
4215,MEL_Z09,1462.0,15.483416,2966.159348787105,0.0,449.24696365076073,0.0,0
4216,MEL_Z09,1404.0,24.04472,3017.103541050532,0.0,462.13687252052426,0.0,0
4217,MEL_Z09,1461.0,43.62392,3087.5098141448916,0.0,514.4119959395977,0.0,0
4218,MEL_Z09,1413.0,23.507732,3176.085629743378,0.0,623.456796303854,0.0,0
4219,MEL_Z09,1425.0,16.416441,3281.3293380166506,0.0,613.9888582325657,2.238035634290304,1
4220,MEL_Z09,1476.0,36.65799,3401.342444886312,0.0,416.963032086575,0.0,0
4221,MEL_Z08,1537.0,32.045395,3306.7120693993334,0.0,274.2533625729746,0.0,0
4222,MEL_Z08,1702.0,37.45656,3171.7207622041055,0.0,175.36389360838265,0.0,0
4223,MEL_Z08,1824.0,33.55002,3051.2752214249635,0.0,192.75418439232598,0.0,0
4224,MEL_Z07,1872.0,29.990952,2947.159371389225,0.0,289.675682104092,0.0,0
4225,MEL_Z07,2004.0,26.596853,2860.5651295937173,1.5693543406097212,94.89390288187313,0.0,0
4226,MEL_Z07,2136.0,41.4527,2698.378998693027,21.498246291471297,0.0,0.0,0
4227,MEL_Z07,2322.0,31.04644,2525.8637831545175,0.0,212.44741734226767,0.0,0
4228,MEL_Z07,2448.0,18.196629,2367.0703093673915,0.0,207.3709706176507,0.0,0
4229,MEL_Z07,2573.0,18.71422,2197.309603449007,0.0,293.17063117428944,0.0,0
4230,MEL_Z07,2648.0,21.211452,2037.9966977640825,0.0,503.15638261803304,0.0,0
4231,MEL_Z07,2707.0,40.898647,1898.3391653720305,0.0,738.3876836700589,0.0,0
4232,MEL_Z07,2516.0,26.958185,1782.9617588365293,0.0,496.8739433784434,0.0,0
4233,MEL_Z07,2457.0,24.684431,1696.8245873282017,0.0,246.89248244763266,0.0,0
4234,MEL_Z07,2410.0,34.118267,1644.5287248478194,0.25518162399603267,1.8838851314592362,0.0,0
4235,MEL_Z07,2394.0,47.772472,1627.7641021973661,0.41800403523436847,119.0651464633116,0.0,0
4236,MEL_Z07,2521.0,56.047523,1616.635137768557,6.426742759454182,5.241160275769387,0.0,0
4237,MEL_Z07,2522.0,50.300327,1607.890512057295,0.0,249.10225133620432,0.0,0
4238,MEL_Z07,2476.0,55.717644,1636.3562730439253,3.2441147559344268,108.4936589296397,0.0,0
4239,MEL_Z07,2568.0,14.426844,1699.72293865787,11.564840709002711,71.42333745111853,0.0,0
4240,MEL_Z07,2588.0,33.30968,1795.7335065984594,0.0,297.0148435794024,0.0,0
4241,MEL_Z07,2678.0,30.37434,1800.4718926026287,0.0,343.2668515949979,0.0,0
4242,MEL_Z06,2541.0,29.508194,1707.9316790755151,0.0,521.1645187767908,0.0,0
4243,MEL_Z06,2396.0,33.19191,1646.9250382507662,0.0,397.82029826504237,0.0,0
4244,MEL_Z06,2242.0,37.015232,1619.9834227179372,0.0,232.23225307467135,0.0,0
4245,MEL_Z06,2162.0,34.662533,1630.4196553663044,0.0,257.98523663948026,0.0,0
4246,MEL_Z06,2265.0,33.137512,1657.4443865193641,0.0,208.72406315271672,0.0,0
4247,MEL_Z06,2427.0,41.024105,1704.345022430071,0.0,128.72080047264328,0.0,0
4248,MEL_Z06,2616.0,32.659466,1744.887901254972,8.319635721195478,47.842696557355254,0.0,0
4249,MEL_Z06,2724.0,34.03352,1720.829230804256,39.023573929026874,0.0,16.13911984129521,1
4250,MEL_Z06,2874.0,35.16373,1722.6451995174193,3.8266790235355868,97.95925233261767,2.2885473099683677,1
4251,MEL_Z06,2808.0,32.3396,1758.645853887887,0.0,218.77254534097133,0.0,0
4252,MEL_Z06,2834.0,7.0857277,1827.4438911321756,0.10483319601398365,116.39444283364533,0.0,0
4253,MEL_Z06,2785.0,14.854568,1826.7934121276733,0.0,316.76512299929044,0.0,0
4254,MEL_Z06,2842.0,19.672417,1815.5298788544796,0.0,558.0922371816862,0.0,0
4255,MEL_Z05,2822.0,29.735588,1812.4401634927306,0.0,659.9332565651488,0.0,0
4256,MEL_Z05,2806.0,31.119059,1842.5859934410753,0.0,573.2820090696991,0.0,0
4257,MEL_Z05,2754.0,52.06475,1890.275184756625,0.0,325.3827340016245,0.0,0
4258,MEL_Z05,2608.0,41.591248,1886.8582037461942,1.6265181800941462,88.31532421268103,0.0,0
4259,MEL_Z05,2625.0,19.198614,1913.6570990170019,7.587487688630247,75.97605933494462,0.0,0
4260,MEL_Z05,2811.0,46.50714,1871.0655138521959,12.71061067478657,28.653187218972345,0.0,0
4261,MEL_Z05,3013.0,41.5171,1794.5848908758833,15.980671645078978,0.0,0.0,0
4262,MEL_Z05,3214.0,16.105295,1701.5896485178457,0.7667542008912178,36.93562748008573,0.0,0
4263,MEL_Z05,3113.0,20.923637,1628.361512688917,0.0,282.80248217423485,0.0,0
4264,MEL_Z05,3128.0,27.037241,1585.3148623985708,0.0,532.493958063208,0.0,0
4265,MEL_Z05,3175.0,41.501972,1581.102529843356,0.0,449.70140682459356,0.0,0
4266,MEL_Z05,3209.0,21.837812,1560.848694840721,0.0,379.9258202410292,0.0,0
4267,MEL_Z05,3068.0,34.718887,1560.3770573240158,0.0,459.0848462741653,0.0,0
4268,MEL_Z05,2959.0,45.816692,1596.8418290989475,0.0,444.2338936608414,0.0,0
4269,MEL_Z04,3048.0,33.474834,1669.9388009585339,0.0,458.11068037045453,0.0,0
4270,MEL_Z04,2970.0,10.663121,1775.5245339711807,0.0,287.71556919159946,0.0,0
4271,MEL_Z04,2939.0,10.744416,1872.610973365142,0.0,278.69379900054895,0.0,0
4272,MEL_Z04,2889.0,20.001785,1965.5128635488707,0.34048686005866247,131.47548765345527,4.626707280515249,1
4273,MEL_Z04,2921.0,36.89365,1981.295751294321,0.5075366765308024,37.66443026147571,18.234598843776485,1
4274,MEL_Z04,3165.0,60.025814,1987.7825426233924,0.0,212.4243293124707,18.277187871132472,1
4275,MEL_Z04,3423.0,46.544197,2020.342405277206,0.3411971008837716,111.81937193290203,0.7073888061636135,0
4276,MEL_Z04,3642.0,54.758335,2082.6155267749864,0.0,179.02526287237163,0.0,0
4277,MEL_Z04,3591.0,28.98758,2172.047750434419,6.598399867344798,21.898722295510648,0.0,0
4278,MEL_Z04,3720.0,46.19111,2274.034346774123,6.516758406084726,11.829984358296805,0.0,0
4279,MEL_Z04,3746.0,47.560406,2342.644589099978,0.0,235.94211351610372,0.0,0
4280,MEL_Z04,3699.0,30.279325,2389.790913166802,11.080291205360853,7.137269825190026,8.38875246732508,1
4281,MEL_Z04,3782.0,22.041788,2437.405499798003,2.139342734120934,77.61262933173164,7.296768659735198,1
4282,MEL_Z04,3843.0,17.528372,2508.875902862728,0.0,321.31493554928926,6.7544225261967235,1
4283,MEL_Z04,3947.0,18.27289,2602.4932317846633,0.0,257.47372170231745,7.56819793783651,1
4284,MEL_Z04,4056.0,22.759602,2691.98125599129,2.8266495881821347,46.473977825762766,6.943538769679424,1
4285,MEL_Z03,4165.0,38.733936,2768.749043837254,4.7223208867154955,40.47468800540734,3.857534704889444,1
4286,MEL_Z03,4337.0,38.925182,2848.662384068316,0.3553384323610397,36.80252443005455,0.0,0
4287,MEL_Z03,4314.0,20.82115,2909.560511608788,0.0,221.3792844843102,0.0,0
4288,MEL_Z03,4168.0,35.399807,2965.7775108353876,0.0,287.61521712970756,2.3042807647070194,1
4289,MEL_Z03,4040.0,33.550022,3019.609361607415,0.7147487998681067,94.01983733095537,17.857525267402572,1
4290,MEL_Z03,3959.0,12.106074,3085.227367290911,5.843830884861904,25.881598369356425,23.13137886022578,1
4291,MEL_Z03,4051.0,4.763642,3117.617009191632,0.6499583777047786,114.8150988345978,21.455372396597262,1
4292,MEL_Z03,4085.0,40.91963,3134.3830313121016,0.7235104720922696,89.10408615645629,22.271431839811108,1
4293,MEL_Z03,4202.0,29.57727,3163.297252949991,0.19509111425294112,104.17343844387229,29.483798642331394,1
4294,MEL_Z03,4263.0,20.071598,3209.459402936674,9.638492143584347,41.87405883949266,22.076208876460996,1
4295,MEL_Z03,4369.0,28.308926,3268.3504931665166,46.91026320187346,9.202881307488596,13.560829621195335,1
4296,MEL_Z03,4561.0,26.630177,3311.6343859205417,29.480686812129086,26.466502799042985,5.186747338604506,1
4297,MEL_Z02,4791.0,49.28993,3283.696302446502,25.691289456288164,15.546270573579084,6.781874939973729,1
4298,MEL_Z02,4903.0,41.400105,3266.5976464419996,68.38857507507761,2.097932117806368,13.356524912026558,1
4299,MEL_Z02,5077.0,23.469227,3268.586691642122,4.851041316119746,66.60558409770087,0.0,0
4300,MEL_Z01,5035.0,18.892237,3289.628814595892,34.02775714061466,0.0,0.0,0
4301,MEL_Z01,5124.0,54.396126,3327.5808897012294,12.526819254520827,61.122053939259715,0.0,0
4302,MEL_Z01,5132.0,43.711166,3107.927482392932,30.489659753456493,12.13561717171369,13.147871262284244,1
4303,MEL_Z01,5178.0,1.0127505,2873.215595226182,0.0,177.01957549679136,0.0,0
4304,MEL_Z01,5202.0,29.561356,2639.398565880007,0.0,167.00643926692638,0.0,0
4305,MEL_Z01,4989.0,37.687237,2408.8341002418438,1.6729900760267888,72.89760239496455,0.0,0
4306,MEL_Z01,4931.0,35.339245,2182.5532422844644,0.3840629183938445,127.77872675580261,0.0,0
4307,MEL_Z01,4852.0,32.105793,1962.0386306912824,10.14483173945788,49.530458258843794,1.0424683269990629,1
4308,MEL_Z01,4801.0,31.91357,1749.0102228996325,3.600832334325712,80.51862587196442,2.8276999051087284,1
4309,MEL_Z01,4797.0,25.13027,1546.5059727772282,29.28275997811155,0.0,28.033975113527564,1
4310,MEL_Z01,4845.0,18.756304,1356.9038615135069,1.9127999338256916,137.2481094011448,1.9127999337074837,1
4311,MEL_Z01,4857.0,27.512756,1181.6399399233776,59.21796507299148,0.0,1.0001005431379741,1
4312,MEL_Z01,5012.0,27.217175,1018.1760622760319,38.574111505279234,25.953115884836794,2.244255033293459,1
4313,MEL_Z01,5216.0,24.983604,888.245169858237,2.966866411969036,90.07866906949855,2.6047745665361406,1
4314,MEL_Z01,5399.0,6.7213697,816.257600124526,0.0,198.0913342951982,0.0,0
4315,MEL_Z01,5304.0,29.75265,817.6634134811296,0.0,176.5708555276268,0.0,0
4316,MEL_Z01,5459.0,48.573647,892.1157131954212,0.03516565486558375,149.8754944607064,0.0,0
4317,MEL_Z01,5462.0,50.434074,1023.8004853069457,0.0,358.128675147605,0.0,0
4318,MEL_Z01,5525.0,53.42354,1193.9281476283654,0.0,599.024763108502,0.0,0
4326,MEL_Z11,2019.0,22.945995,3413.1076875944573,0.0,861.1547094608995,0.0,0
4327,MEL_Z11,1966.0,22.65441,3298.6975395255477,0.0,746.11863231477,0.0,0
4328,MEL_Z11,1872.0,23.29868,3170.365563909438,0.0,665.4345785547863,0.0,0
4329,MEL_Z11,1789.0,23.218588,3056.970240949057,0.0,638.0184072122854,0.0,0
4330,MEL_Z11,1674.0,26.762798,2917.2767486009957,0.0,565.049867591774,0.0,0
4331,MEL_Z11,1610.0,23.651312,2779.3305163556465,0.0,593.6691033388153,0.0,0
4332,MEL_Z11,1602.0,29.465542,2657.210521886816,0.0,394.35834380234735,0.0,0
4333,MEL_Z11,1489.0,31.519917,2553.022643010574,0.0,145.84697272209803,0.0,0
4334,MEL_Z11,1415.0,27.2401,2468.5988385667383,2.1954491863874224,87.49448643540002,0.0,0
4335,MEL_Z11,1372.0,14.481125,2406.850046613216,0.0,322.66143537731006,0.0,0
4336,MEL_Z11,1294.0,40.44855,2328.9464604881837,0.0,548.0204289301691,0.0,0
4337,MEL_Z11,1230.0,9.009394,2214.437837083367,0.0,782.5817951016035,0.0,0
4338,MEL_Z11,1162.0,18.608469,2122.589309427138,0.0,588.0906883252865,0.0,0
4339,MEL_Z10,1181.0,13.828494,2056.078119726999,0.0,371.1311660924225,0.0,0
4340,MEL_Z10,1083.0,15.691831,2016.7654779606132,0.0,205.4701770141202,0.0,0
4341,MEL_Z10,1100.0,49.892666,2005.3769795007693,1.161813711201127,16.315085192598787,0.0,0
4342,MEL_Z10,1270.0,48.114346,2023.848128693536,0.21254790379465427,120.60724297389936,0.0,0
4343,MEL_Z10,1439.0,39.37848,2070.1390298022934,2.1718679934020684,58.851614564528596,0.0,0
4344,MEL_Z10,1593.0,47.687798,2091.517777082051,0.0,144.49899616678573,0.0,0
4345,MEL_Z10,1658.0,15.382977,2140.7735641021886,1.2783722666274866,118.82068633981028,2.186681536447292,1
4346,MEL_Z10,1538.0,24.686216,2216.420499921693,0.0,339.8231500501892,0.0,0
4347,MEL_Z10,1387.0,40.32781,2222.9145871053834,0.0,414.85682097103154,0.0,0
4348,MEL_Z10,1248.0,30.126154,2180.5777284792753,0.0,230.7409279927053,0.0,0
4349,MEL_Z10,1216.0,44.88064,2117.4153238936483,3.784372474230081,29.886939062835204,0.0,0
4350,MEL_Z10,1280.0,30.35032,2082.5407745778834,3.1398766622976053,19.023210226757037,0.0,0
4351,MEL_Z10,1414.0,16.44437,2076.424307547445,8.088315964466258,51.15394806425359,0.0,0
4352,MEL_Z10,1539.0,33.69214,2098.873703884224,8.099230086101127,31.083807150372504,0.0,0
4353,MEL_Z10,1578.0,32.5347,2146.210727703973,0.0,143.60066200924803,0.0,0
4354,MEL_Z10,1510.0,24.542654,2197.940444911638,0.0,281.8758028871769,0.0,0
4355,MEL_Z09,1611.0,29.460205,2260.354882242137,0.0,174.99222140147478,0.0,0
4356,MEL_Z09,1678.0,36.851215,2319.0899923784173,0.533444992582723,78.62235051546195,0.0,0
4357,MEL_Z09,1760.0,27.19728,2397.9026493119363,0.18440083674622562,133.3429705247256,0.0,0
4358,MEL_Z09,1810.0,51.48623,2482.8934996238145,10.980813050079115,5.790128788311654,0.0,0
4359,MEL_Z09,1902.0,56.889626,2528.0482727969447,5.608929064025459,20.00638269104925,0.0,0
4360,MEL_Z09,1789.0,30.621351,2596.0555290927305,0.0,195.72038241392286,0.0,0
4361,MEL_Z09,1630.0,32.317154,2661.6555901399083,1.6161322022535645,116.97150825612972,0.0,0
4362,MEL_Z09,1678.0,15.073401,2674.2114621168357,4.0364640727777825,74.71526236952157,0.0,0
4363,MEL_Z09,1556.0,39.450005,2685.609517689973,0.0,296.591460406712,0.0,0
4364,MEL_Z09,1369.0,23.374489,2719.826765824306,0.0,213.31727186499137,0.0,0
4365,MEL_Z09,1353.0,30.197811,2775.294707074488,0.0,239.1225478701711,0.0,0
4366,MEL_Z09,1430.0,31.730722,2851.677363611991,0.0,278.9354411096323,0.0,0
4367,MEL_Z09,1527.0,43.07056,2947.3491244096617,0.0,444.40791008504243,0.0,0
4368,MEL_Z09,1567.0,41.783722,3060.240468025737,0.0,529.8610421136071,0.2912362892691405,0
4369,MEL_Z08,1587.0,31.693441,3188.585881703484,0.0,285.84580130062363,0.0,0
4370,MEL_Z08,1646.0,29.49621,3103.309887477369,1.017395733203252,65.3487029580593,0.0,0
4371,MEL_Z08,1808.0,35.534103,2959.7507131612115,1.4076368511475572,97.41029659996217,0.0,0
4372,MEL_Z08,1943.0,36.363724,2830.298953740341,4.2406554366138725,59.89102854384808,0.0,0
4373,MEL_Z08,1974.0,26.522024,2717.730680370856,0.0,308.22664038134684,0.0,0
4374,MEL_Z07,2058.0,36.858013,2624.173923827459,0.0,263.77437996371395,0.0,0
4375,MEL_Z07,2204.0,39.521915,2529.0712944280585,0.0,163.1579884177644,0.0,0
4376,MEL_Z07,2377.0,24.286463,2344.8470333741043,0.0,171.202680638115,0.0,0
4377,MEL_Z07,2474.0,19.719215,2173.0269764518353,0.0,221.7206494169467,0.0,0
4378,MEL_Z07,2596.0,23.893396,2017.2275135125685,0.0,277.8982657824312,0.0,0
4379,MEL_Z07,2655.0,22.623936,1844.2783129525776,0.0,474.1573890512692,0.0,0
4380,MEL_Z07,2609.0,32.7942,1688.6750848861595,0.0,704.7375554860037,0.0,0
4381,MEL_Z07,2508.0,20.809721,1557.8461377823392,0.0,553.9176777203946,0.0,0
4382,MEL_Z07,2373.0,29.634176,1458.4737350022533,0.0,347.09251466762333,0.0,0
4383,MEL_Z07,2272.0,29.154331,1397.2854691792568,0.0,241.3705808229859,0.0,0
4384,MEL_Z07,2252.0,24.009354,1377.7687200593377,1.0464148571368064,86.17416254421698,0.0,0
4385,MEL_Z07,2307.0,36.549248,1367.0963181665231,0.0,134.70754605076155,0.0,0
4386,MEL_Z07,2294.0,35.246563,1358.095483740682,0.0,308.4945796604832,0.0,0
4387,MEL_Z07,2261.0,25.158056,1391.4637321134971,0.02032033139890605,160.34943612369764,0.0,0
4388,MEL_Z07,2420.0,45.555065,1465.1867035664347,0.7174807553507578,34.014062456795365,0.0,0
4389,MEL_Z07,2533.0,38.089302,1575.5547704946753,0.8148937391655243,66.598060160544,0.0,0
4390,MEL_Z07,2547.0,34.283463,1578.4375586129768,0.0,185.69048320179104,0.0,0
4391,MEL_Z06,2413.0,33.003418,1472.0091564449579,0.0,428.17112902391796,0.0,0
4392,MEL_Z06,2272.0,43.511925,1401.712213965199,0.0,222.5787788892105,0.0,0
4393,MEL_Z06,2134.0,46.234024,1370.1301439859276,1.003016308819891,87.56906637252504,0.0,0
4394,MEL_Z06,2081.0,24.983604,1382.3906447423742,0.7205173718650801,70.77155252787007,1.7335546189037019,1
4395,MEL_Z06,2235.0,26.88031,1409.4615616194917,1.6383923653932906,51.0520488544926,0.9782630634808461,0
4396,MEL_Z06,2338.0,39.355293,1458.7720368065163,0.0,220.22025538085248,0.0,0
4397,MEL_Z06,2548.0,31.735374,1497.2211723479775,0.0,158.016860127044,0.0,0
4398,MEL_Z06,2689.0,27.399696,1471.4206131371939,0.0,136.30432883325943,0.0,0
4399,MEL_Z06,2753.0,17.605476,1473.42543196895,0.0,205.28443548771273,0.0,0
4400,MEL_Z06,2677.0,38.949764,1515.0990743139973,2.533304497713028,23.455548454025784,0.0,0
4401,MEL_Z06,2795.0,32.10352,1588.9762416011454,0.0,166.67994873905812,0.0,0
4402,MEL_Z06,2684.0,36.149414,1576.7965727104229,0.0,416.4608510168068,0.0,0
4403,MEL_Z06,2691.0,25.311752,1566.3124499698288,0.0,644.2814775321498,0.0,0
4404,MEL_Z05,2641.0,39.27386,1562.8418522618972,0.0,592.7138308700087,0.0,0
4405,MEL_Z05,2633.0,29.11485,1597.7041190924795,0.0,476.66097489069523,0.0,0
4406,MEL_Z05,2593.0,31.449047,1641.1791027634335,0.0,373.2971839089646,0.0,0
4407,MEL_Z05,2484.0,28.778828,1637.1089626247908,0.0,199.60767770296277,0.0,0
4408,MEL_Z05,2598.0,37.851685,1667.925468083113,0.0,170.1203977368124,1.3503121496447734,1
4409,MEL_Z05,2801.0,30.439903,1624.0258387185345,0.016606008706416035,168.63430647593518,0.0,0
4410,MEL_Z05,2997.0,41.09228,1572.4274815414192,4.393881153041384,25.23687837400268,0.0,0
4411,MEL_Z05,3135.0,31.21539,1466.0916468439577,0.0,212.99107911937935,0.0,0
4412,MEL_Z05,2991.0,28.20122,1387.4581254667744,0.0,353.6975609669885,0.0,0
4413,MEL_Z05,2948.0,41.960938,1336.6757448457859,0.0,495.066234406506,0.0,0
4414,MEL_Z05,3022.0,45.32746,1331.6771544913947,0.0,266.2968405327446,0.0,0
4415,MEL_Z05,3142.0,35.183537,1311.4006077271674,0.0,130.1068378310728,0.0,0
4416,MEL_Z05,3025.0,20.544413,1311.0724026803002,0.0,288.2389017334023,0.0,0
4417,MEL_Z05,2874.0,33.16953,1354.1376415220898,0.0,523.3325120073167,0.0,0
4418,MEL_Z04,2848.0,49.975506,1439.6112405693978,0.0,378.8183547291197,0.0,0
4419,MEL_Z04,2836.0,37.09327,1548.4633484475735,0.0,129.05291521738604,0.0,0
4420,MEL_Z04,2846.0,19.851425,1646.8229056150785,4.407791252102158,41.20884672673071,0.0,0
4421,MEL_Z04,2896.0,43.210724,1717.6642926359132,0.0,265.5488460972395,0.0,0
4422,MEL_Z04,3081.0,39.249786,1732.1564469931693,0.0,287.5367749865115,0.0,0
4423,MEL_Z04,3288.0,48.8926,1738.4525815943718,0.0,234.22742192136525,0.36365207608958144,0
4424,MEL_Z04,3502.0,46.278175,1775.590430323137,2.805251111812587,73.42097389521199,10.300091556196476,1
4425,MEL_Z04,3762.0,29.305954,1846.1379618159826,2.368898853650579,4.375014544457651,0.0,0
4426,MEL_Z04,3790.0,31.74468,1946.2739041888578,5.079534261553639,7.271813499925235,0.0,0
4427,MEL_Z04,3815.0,32.804016,2041.7864965324782,5.267260068753205,0.0,0.0,0
4428,MEL_Z04,3906.0,43.59929,2098.5247692995717,0.0,177.10702811698437,0.0,0
4429,MEL_Z04,3896.0,39.72435,2142.566173315233,1.5198420260199552,93.31912511976445,0.0,0
4430,MEL_Z04,3911.0,43.274147,2195.44940047547,0.0,149.22662161428403,0.0,0
4431,MEL_Z04,3946.0,40.42489,2274.5352922229667,0.0,274.42129793339524,2.9352885220401923,1
4432,MEL_Z04,3987.0,31.44431,2377.398477556409,0.0,204.86464800154621,0.7557821393226414,0
4433,MEL_Z04,4113.0,33.55002,2455.0794382037816,0.0,175.68392338994636,1.2257412464987172,1
4434,MEL_Z03,4198.0,28.005558,2532.762825879694,0.0,153.04487081486673,0.0,0
4435,MEL_Z03,4335.0,11.777437,2611.5701110144573,0.612132296706955,33.589712244203255,0.0,0
4436,MEL_Z03,4292.0,17.696318,2664.2301104159046,0.0,265.03575227512397,0.0,0
4437,MEL_Z03,4097.0,54.119865,2725.5120535984606,0.0,262.8312955955243,0.0,0
4438,MEL_Z03,3972.0,20.532774,2776.564190334617,2.4469400070228344,32.01258814479991,14.643766576724,1
4439,MEL_Z03,3917.0,25.137222,2847.0259742670355,6.941510085039859,20.759505105416878,15.577416455582465,1
4440,MEL_Z03,4028.0,19.748697,2869.272047267125,12.506355467557665,55.185088333651755,36.35997913926818,1
4441,MEL_Z03,4092.0,15.466731,2885.195825100242,19.05640608286987,34.50884621906337,26.080103201512433,1
4442,MEL_Z03,4183.0,22.509634,2916.476657618761,49.32526276767404,5.426851502985286,30.63530702391561,1
4443,MEL_Z03,4282.0,25.411135,2965.0210103739946,58.57021448881915,0.0,23.339885814786353,1
4444,MEL_Z03,4425.0,35.178825,3026.9060782846964,59.7647357541447,0.0,14.873048516234743,1
4445,MEL_Z03,4593.0,42.790833,3061.697367264706,56.14481835286851,0.0,29.338479238246606,1
4446,MEL_Z02,4797.0,51.532803,3035.2286380533874,48.83544846890566,1.9455824160555326,41.831405544219805,1
4447,MEL_Z02,5078.0,58.923454,3016.722006134971,21.591234964447956,5.226589361391065,15.723984310346115,1
4448,MEL_Z02,5009.0,22.862091,3018.875691269613,21.71179410292402,0.0,0.0,0
4449,MEL_Z01,4974.0,13.362201,3041.591080888121,6.005350910609964,32.63759415890415,0.0,0
4450,MEL_Z01,4965.0,15.612829,3082.2376006974205,4.810160578797091,103.14370182747525,4.307906591860731,1
4451,MEL_Z01,5031.0,32.20446,2998.5528417487353,30.64288904377162,31.954972035770147,13.94282761616957,1
4452,MEL_Z01,5156.0,33.724125,2773.406143921721,18.21619059276689,46.095387319282445,0.0,0
4453,MEL_Z01,5040.0,19.583334,2552.192139214322,12.082111589940995,0.08145115286297601,0.0,0
4454,MEL_Z01,4923.0,34.638184,2318.1711457854585,12.833036891820004,1.4207932928710065,12.15819806531849,1
4455,MEL_Z01,4800.0,34.87333,2082.968268160866,0.0,187.7341300517913,1.5490967709269368,1
4456,MEL_Z01,4724.0,35.948406,1850.625229235669,8.324854133622775,9.45100189174067,7.831429192690781,1
4457,MEL_Z01,4737.0,31.105772,1623.5364707951796,45.10858366046334,7.745425762401036,49.62770507080243,1
4458,MEL_Z01,4783.0,17.508307,1404.253397688808,9.096946613299407,0.0,34.85861753808289,1
4459,MEL_Z01,4790.0,13.961113,1195.8632501582952,10.04825195041867,62.92689070670003,15.938136409696721,1
4460,MEL_Z01,4868.0,32.12285,1003.635176710888,47.99665868950829,0.0,0.0,0
4461,MEL_Z01,5154.0,50.04855,828.3134715986807,1.7815853060770857,91.87433026453836,0.0,0
4462,MEL_Z01,5407.0,12.942409,669.1900854284382,0.0,251.01407190636507,0.0,0
4463,MEL_Z01,5257.0,20.10758,570.186248887399,0.0,303.84674910566724,0.0,0
4464,MEL_Z01,5195.0,13.6557865,572.1969472173416,8.858350019719097,53.855126989693176,0.0,0
4465,MEL_Z01,5296.0,47.34163,674.3191635934778,0.6570236160276061,150.69034206437652,0.0,0
4466,MEL_Z01,5363.0,6.1829305,840.8348960253551,0.0,359.0293388788395,0.0,0
4467,MEL_Z01,5417.0,35.943913,1041.297416859627,0.0,599.6314174283781,0.0,0
4468,MEL_Z01,5707.0,58.96665,1195.1036622618708,0.0,774.1433146768265,0.0,0
4475,MEL_Z11,1982.0,14.036243,3233.6626531448437,0.0,715.9176129158236,0.0,0
4476,MEL_Z11,1953.0,24.92738,3091.4425124182962,0.0,538.9133670873123,0.0,0
4477,MEL_Z11,1910.0,19.31029,2954.1207082883484,0.0,420.25442835296496,0.0,0
4478,MEL_Z11,1830.0,23.417095,2832.250255660499,0.0,432.2801722625867,0.0,0
4479,MEL_Z11,1785.0,42.79778,2717.549436625601,0.0,317.11848506436024,0.0,0
4480,MEL_Z11,1741.0,39.022533,2569.268466631222,0.0,365.98565030892394,0.0,0
4481,MEL_Z11,1668.0,19.31029,2436.953596039495,0.0,444.551714697735,0.0,0
4482,MEL_Z11,1589.0,35.79576,2323.3028889083193,0.0,232.95341051318297,0.0,0
4483,MEL_Z11,1538.0,25.870932,2230.904783902823,0.0,178.15620899628001,0.0,0
4484,MEL_Z11,1466.0,27.97491,2162.3790315181773,0.0,359.5732611957341,0.0,0
4485,MEL_Z11,1347.0,12.416386,2115.871146463425,0.0,591.7892285744513,0.0,0
4486,MEL_Z11,1342.0,32.13988,1989.743217844017,0.0,834.3476804945001,0.0,0
4487,MEL_Z11,1325.0,28.468466,1887.2165913882284,0.0,719.7517487432684,0.0,0
4488,MEL_Z10,1271.0,41.044914,1812.3860832602165,0.0,545.4559844901196,0.0,0
4489,MEL_Z10,1146.0,31.727234,1768.4030270615567,0.0,351.7900106648666,0.0,0
4490,MEL_Z10,1040.0,5.139694,1755.4039714386367,0.0,262.5876240174969,0.0,0
4491,MEL_Z10,1139.0,22.441889,1776.3563772822142,0.0,191.72985861283294,0.0,0
4492,MEL_Z10,1331.0,37.379463,1820.6048139324132,0.22989066431053587,52.32304743125608,0.0,0
4493,MEL_Z10,1535.0,32.70669,1844.3191526784292,0.34291752373080614,86.44299798665418,0.0,0
4494,MEL_Z10,1587.0,6.918175,1899.802650777878,0.7030925329907042,91.8128578714664,0.7190358563311486,0
4495,MEL_Z10,1456.0,37.418056,1979.4759700109014,0.0,331.5351584302845,0.0,0
4496,MEL_Z10,1356.0,17.294449,1974.34038199952,0.0,467.06569412500977,0.0,0
4497,MEL_Z10,1221.0,34.019352,1944.103968896804,0.0,224.59549270410963,0.0,0
4498,MEL_Z10,1204.0,39.133266,1872.9838936307258,4.949963099311164,12.139793692840174,0.0,0
4499,MEL_Z10,1352.0,39.918575,1833.4658681633323,0.0,203.02909796305792,0.0,0
4500,MEL_Z10,1428.0,17.66232,1826.5633294324905,0.0,152.69904705058684,0.0,0
4501,MEL_Z10,1528.0,30.68966,1851.9495558171504,3.089825382349237,28.886950944921153,0.0,0
4502,MEL_Z10,1478.0,33.239754,1899.5546432838385,6.388994714518756,45.77896041774099,0.0,0
4503,MEL_Z10,1408.0,25.095469,1957.544757452406,0.0,276.0871973883007,0.0,0
4504,MEL_Z09,1536.0,25.791021,2016.0549198916403,1.7168209786192907,37.93976937155998,0.0,0
4505,MEL_Z09,1588.0,27.319332,2079.409725023821,0.7857569828776492,129.20981309911915,0.0,0
4506,MEL_Z09,1565.0,47.23177,2166.5182833763233,0.5317608181688303,140.8474649809583,0.0,0
4507,MEL_Z09,1737.0,38.75128,2235.3321101193346,0.0,228.71391040828672,0.0,0
4508,MEL_Z09,1682.0,36.155632,2285.230593092207,0.0,180.0164149353382,0.0,0
4509,MEL_Z09,1605.0,40.38355,2359.8912740552328,0.0,262.0668849675886,0.0,0
4510,MEL_Z09,1540.0,40.348907,2415.638362791311,0.0,169.5624001336026,0.0,0
4511,MEL_Z09,1550.0,23.275278,2424.2116151179202,0.0,175.23933627821117,0.0,0
4512,MEL_Z09,1448.0,40.917007,2436.779327773145,0.0,325.8926655681476,0.0,0
4513,MEL_Z09,1273.0,15.104356,2474.228075539989,2.4870422268436587,78.14436172747341,2.6986538210602715,1
4514,MEL_Z09,1345.0,14.222052,2535.075471225991,0.8451432691327844,103.52991089920525,16.55617558567456,1
4515,MEL_Z09,1394.0,17.721758,2618.474884323515,0.6562707193401407,110.33441501869365,6.625894374909759,1
4516,MEL_Z09,1518.0,42.96857,2722.317581932638,0.0,325.836398471718,2.492901630732639,1
4517,MEL_Z09,1650.0,35.223076,2843.9446583497315,0.0,280.1819371284597,0.0,0
4518,MEL_Z08,1753.0,20.683414,2981.6152371847675,0.0,202.22780818562086,0.0,0
4519,MEL_Z08,1785.0,28.72448,2906.1207575163676,0.0,183.2899421068973,0.0,0
4520,MEL_Z08,1900.0,42.642536,2753.894179846049,0.17478767946211693,77.91197974464828,0.0,0
4521,MEL_Z08,2056.0,22.11549,2614.556149369406,0.0,169.58446859991415,0.0,0
4522,MEL_Z08,2090.0,20.597849,2492.262374167444,0.0,400.94930258786405,0.0,0
4523,MEL_Z07,2165.0,32.82145,2389.945527658761,0.0,360.32516711029143,0.0,0
4524,MEL_Z07,2298.0,27.17736,2308.9994829611983,1.756346806054184,126.4653457631284,1.756346806054184,1
4525,MEL_Z07,2394.0,22.073418,2176.7143409555547,1.9189236626641262,118.59801449394098,1.9189236626641262,1
4526,MEL_Z07,2528.0,36.904663,1991.322675826068,1.5221907972223037,43.36570191706488,0.0,0
4527,MEL_Z07,2555.0,33.508293,1820.4682446346487,0.0,168.8080918598946,0.0,0
4528,MEL_Z07,2478.0,38.14972,1665.6213408686583,0.0,418.24162724689796,0.0,0
4529,MEL_Z07,2466.0,36.465897,1491.4943841145293,0.0,643.2946965608853,0.0,0
4530,MEL_Z07,2443.0,19.630417,1341.5724149419782,0.0,561.7785414395704,0.0,0
4531,MEL_Z07,2294.0,46.77238,1224.776547465424,0.0,551.4868681322619,0.0,0
4532,MEL_Z07,2139.0,38.105015,1151.2335288330498,0.0,427.30284383800193,0.0,0
4533,MEL_Z07,2093.0,26.173658,1127.7753852365697,0.0,223.04312056707167,0.0,0
4534,MEL_Z07,2199.0,31.181736,1117.7636233215705,0.2456776742473858,80.003218046551,0.0,0
4535,MEL_Z07,2186.0,33.067917,1108.3928848336247,0.0,280.6493583832657,0.0,0
4536,MEL_Z07,2107.0,40.359104,1148.427327215507,0.3874017916566044,131.10649596542217,0.0,0
4537,MEL_Z07,2263.0,42.931934,1236.7239321756517,11.633094338308943,50.71319010954362,0.0,0
4538,MEL_Z07,2376.0,36.289963,1365.681823462793,24.25954679932511,11.268679608039063,0.0,0
4539,MEL_Z07,2479.0,27.217175,1365.8627380642997,0.08326308378088343,136.71346749615756,0.0,0
4540,MEL_Z06,2289.0,37.33583,1241.602612370721,0.0,342.6814007701779,0.0,0
4541,MEL_Z06,2165.0,33.695236,1157.8854166052113,0.0,160.52361516937643,0.0,0
4542,MEL_Z06,2005.0,33.437115,1120.3423285036026,1.5504566437602139,105.31383830156759,0.0,0
4543,MEL_Z06,2042.0,27.078938,1135.0635509734338,3.4557907747606977,14.587732905652729,2.9972202640925585,1
4544,MEL_Z06,2204.0,27.702446,1162.2842183620235,0.0,145.0779950650969,0.6392301855097474,0
4545,MEL_Z06,2306.0,28.6321,1212.2465902388676,6.31531923180233,72.7239674015987,0.0,0
4546,MEL_Z06,2503.0,37.577995,1247.2915455018613,14.577543445772317,1.9896555421089168,0.0,0
4547,MEL_Z06,2562.0,34.29541,1222.2536561367708,0.0,207.1341955544841,0.0,0
4548,MEL_Z06,2610.0,55.71936,1224.5237946750415,11.15738645611017,22.573556989679243,0.0,0
4549,MEL_Z06,2557.0,41.256588,1274.054617096226,12.370136551964237,62.75241802119882,0.0,0
4550,MEL_Z06,2621.0,28.543432,1339.2815820074966,1.4941655778628993,127.41987165757597,0.0,0
4551,MEL_Z06,2659.0,16.919512,1326.800924340048,0.0,359.9283268790767,0.0,0
4552,MEL_Z06,2600.0,35.61507,1317.3916049708275,0.0,397.26810784757873,0.0,0
4553,MEL_Z05,2502.0,24.862125,1313.396346927019,0.0,427.263628923725,0.0,0
4554,MEL_Z05,2449.0,27.674204,1354.2935026238983,0.0,244.29064166013342,0.0,0
4555,MEL_Z05,2385.0,31.59752,1392.4070599462225,0.0,243.85099587738236,0.0,0
4556,MEL_Z05,2507.0,14.710078,1387.4500459362575,0.0,333.32265478462807,0.0,0
4557,MEL_Z05,2585.0,34.42233,1423.6708678300142,1.2237506788353452,124.4103807189326,0.0,0
4558,MEL_Z05,2745.0,37.292904,1378.0543140688962,5.450138364126859,40.6542255482528,0.0,0
4559,MEL_Z05,2926.0,37.11418,1351.9650624531164,3.231805406605211,24.166177049644766,0.0,0
4560,MEL_Z05,2948.0,29.561356,1235.7302897821926,0.0,273.79037067890397,0.0,0
4561,MEL_Z05,2865.0,30.258982,1148.6128389751975,0.0,523.7620435839486,0.0,0
4562,MEL_Z05,2822.0,29.829855,1088.6601309758128,0.0,484.4296916548604,0.0,0
4563,MEL_Z05,2853.0,24.748627,1081.9955413729197,0.0,245.90332271412726,0.0,0
4564,MEL_Z05,2890.0,48.59208,1062.2120596700008,0.2607916443489696,101.55953956171543,0.0,0
4565,MEL_Z05,2922.0,56.922096,1062.0946893364244,0.0,278.8109845393349,0.0,0
4566,MEL_Z05,2841.0,32.214634,1114.6630330346222,0.0,391.7951360439771,0.0,0
4567,MEL_Z04,2645.0,38.1058,1217.0724912677535,0.0032813828615302354,175.10662930058174,0.0,0
4568,MEL_Z04,2692.0,19.078377,1314.5693463550783,0.8105228030860898,136.8994904646641,0.5053009075091296,0
4569,MEL_Z04,2800.0,46.922874,1421.3533291005674,0.0,174.1513631708021,0.0,0
4570,MEL_Z04,2965.0,41.749027,1467.6790528240533,0.0,284.64203211845484,0.0,0
4571,MEL_Z04,3139.0,34.083008,1482.3762394784994,0.0,346.7361259458686,0.0,0
4572,MEL_Z04,3338.0,41.763287,1489.3472799001424,0.0,292.0300010228992,0.0,0
4573,MEL_Z04,3576.0,46.397182,1532.5336270206017,1.9321899571954542,108.9185051529754,0.4649128063043021,0
4574,MEL_Z04,3784.0,33.896393,1613.7420226764525,0.07724970466511033,134.58277422408236,0.0,0
4575,MEL_Z04,3896.0,38.769363,1719.0396698486413,0.4804197848048361,85.12140606893988,0.0,0
4576,MEL_Z04,4033.0,28.72448,1800.089689366203,3.04965920907394,44.90356164058133,0.0,0
4577,MEL_Z04,4099.0,6.6291404,1855.9711053484195,2.5285806729366325,46.03047396417049,2.136957770605414,1
4578,MEL_Z04,4033.0,24.628944,1896.06935669947,2.3015366671054296,5.188761562541138,1.7772035386845308,1
4579,MEL_Z04,4075.0,40.86449,1955.5179798842685,5.313529355909601,37.906005248153534,2.094168225994054,1
4580,MEL_Z04,4179.0,41.371513,2043.9088275092813,0.0,139.64998002894293,0.0,0
4581,MEL_Z04,4218.0,21.517992,2140.4769144556335,0.8319787837259347,55.641265045393695,0.32953272611874135,0
4582,MEL_Z03,4306.0,36.15208,2216.424836523867,7.09891818009643,39.357341451056975,1.3969581866728058,1
4583,MEL_Z03,4240.0,30.232248,2296.2283066446316,0.5764411944935053,6.813460793909929,1.4104110550744768,1
4584,MEL_Z03,4247.0,20.597849,2376.7607891617977,0.9840373362331555,72.48997130725186,2.3293882557751617,1
4585,MEL_Z03,4114.0,57.448715,2419.8557378034534,0.0248386318506968,93.43479552495529,0.0,0
4586,MEL_Z03,3895.0,39.558464,2479.7136881878223,0.0,169.5304561781308,0.0,0
4587,MEL_Z03,3841.0,33.220634,2534.828050256177,3.825188835449401,16.530117657187926,1.5748785470115871,1
4588,MEL_Z03,3915.0,39.590637,2600.3117048959825,23.73638286991153,46.80219686584613,16.959918803835055,1
4589,MEL_Z03,4047.0,20.129128,2620.9007320007368,8.247800389769267,89.47205543092147,3.2047078682598,1
4590,MEL_Z03,4117.0,20.462736,2636.162535082861,2.1878704081375955,136.5927555767736,0.0,0
4591,MEL_Z03,4238.0,28.845474,2670.2476810867624,58.377562457633346,18.599281298793336,8.15331485614115,1
4592,MEL_Z03,4360.0,28.44293,2721.3561773094702,57.532310967768005,0.0,12.169486004924899,1
4593,MEL_Z03,4507.0,29.21271,2786.2704744515345,75.86299288730139,0.0,29.770701657132758,1
4594,MEL_Z03,4743.0,47.40043,2811.771546804601,40.861180952976696,0.0,34.22070679401575,1
4595,MEL_Z02,4992.0,10.030444,2787.0350489037655,10.374204003512125,14.757938468806355,6.488167825036211,1
4596,MEL_Z02,4955.0,27.993889,2766.868833330846,6.72976703420996,24.30729784446756,0.10168511574189533,0
4597,MEL_Z02,4930.0,23.55382,2769.2168419784643,12.330052274334601,18.485818533931823,3.7259990164527452,1
4598,MEL_Z02,4885.0,13.519692,2793.868956011423,10.948702176724415,16.70552923151645,0.0,0
4599,MEL_Z01,4875.0,12.946521,2837.707292305032,4.105659470626033,5.973348914726517,3.7006402671610426,1
4600,MEL_Z01,4929.0,24.375957,2902.1884813360657,46.440328656884084,13.48817808496764,12.199110273509481,1
4601,MEL_Z01,5028.0,47.189705,2669.7634553775247,19.21917715395436,29.642421775078045,3.104951441570718,1
4602,MEL_Z01,4857.0,29.763138,2439.897416296979,21.438268196241346,17.242908364205782,5.069063814643193,1
4603,MEL_Z01,4765.0,36.647667,2214.39876635533,8.940257716254028,82.59953057182031,12.510856729789687,1
4604,MEL_Z01,4706.0,31.110607,1994.071264190865,5.953559208386458,4.948377951470186,10.21037694059699,1
4605,MEL_Z01,4596.0,34.038578,1761.9098228617238,4.6108120924010825,45.36201597661166,26.97631771084416,1
4606,MEL_Z01,4653.0,31.745846,1528.2432163429253,22.843073804754205,20.101888903731826,32.88825486389624,1
4607,MEL_Z01,4684.0,25.25321,1293.114749617841,23.534128157175736,29.19333753269596,58.06725266508222,1
4608,MEL_Z01,4777.0,27.351225,1064.5199333961325,24.463075897864595,51.20815818457959,13.782917008052332,1
4609,MEL_Z01,5107.0,67.760376,847.6420838553745,25.442542970930383,16.458140768778755,0.0,0
4610,MEL_Z01,5393.0,18.86359,650.4911950463006,0.0,225.06690866280837,0.0,0
4611,MEL_Z01,5268.0,34.5208,475.32459103395126,0.0,425.7508769825148,0.0,0
4612,MEL_Z01,5151.0,23.985111,330.07309354068104,0.0,316.21720284595636,0.0,0
4613,MEL_Z01,5150.0,14.365035,333.5344585857321,3.176753961867191,74.68495249141957,0.0,0
4614,MEL_Z01,5282.0,26.340706,488.40784499088437,1.1183040552793737,79.92198055476584,0.0,0
4615,MEL_Z01,5326.0,13.904457,700.5991800117968,0.0,328.0262367876796,0.0,0
4616,MEL_Z01,5410.0,62.061646,931.7382674430435,0.0,577.6307744360374,0.0,0
4617,MEL_Z01,5731.0,40.234222,1104.2690385317173,0.0,758.5224060957477,0.0,0
4624,MEL_Z11,1889.0,20.357069,3041.153920253503,0.0,605.8119301416779,0.0,0
4625,MEL_Z11,1856.0,20.255398,2890.821426221935,0.0,385.10457206674295,0.0,0
4626,MEL_Z11,1810.0,37.24323,2743.618142062284,0.0,188.01167061754063,0.0,0
4627,MEL_Z11,1820.0,46.98521,2611.944268357234,0.0,213.99931328029234,0.0,0
4628,MEL_Z11,1831.0,26.269554,2498.2197874162025,2.2600439533725996,80.37841245612364,0.0,0
4629,MEL_Z11,1781.0,15.382977,2366.5822965199573,0.0,177.50273254696853,0.0,0
4630,MEL_Z11,1721.0,16.416441,2222.899838836475,0.0,363.92873311931567,0.0,0
4631,MEL_Z11,1687.0,5.875573,2098.2249668457353,0.0,444.5572306529719,0.0,0
4632,MEL_Z11,1620.0,25.25321,1996.16954313518,0.0,418.77930810761734,0.0,0
4633,MEL_Z11,1495.0,27.078938,1919.3329583521831,0.0,523.70672560927,0.0,0
4634,MEL_Z11,1412.0,19.583334,1870.6699012110262,0.0,705.2191467242742,0.0,0
4635,MEL_Z11,1451.0,29.076635,1771.1671492484052,0.0,743.8018558869595,0.0,0
4636,MEL_Z11,1411.0,13.778857,1655.8837726638155,0.0,585.0277703616451,0.0,0
4637,MEL_Z10,1339.0,35.948406,1570.6780049298793,0.0,502.7263428623913,0.0,0
4638,MEL_Z10,1184.0,25.220402,1520.5771815386327,0.0,536.2059908699405,0.0,0
4639,MEL_Z10,1050.0,34.00213,1505.4399277199495,0.0,452.00379182301873,0.0,0
4640,MEL_Z10,1108.0,43.13968,1529.4784704185763,0.0,243.11662884189045,0.0,0
4641,MEL_Z10,1314.0,33.11506,1570.7299106251476,0.0,140.2457348568476,0.0,0
4642,MEL_Z10,1452.0,31.572868,1597.9923848450328,0.0,271.58049192646735,0.0,0
4643,MEL_Z10,1540.0,8.842508,1661.3267410902868,0.0,299.9687836089973,0.0,0
4644,MEL_Z10,1430.0,31.660751,1729.4759735974685,0.0,440.9221880216568,0.0,0
4645,MEL_Z10,1331.0,22.735388,1726.1780401865055,0.0,474.0701217421475,0.0,0
4646,MEL_Z10,1249.0,30.896572,1709.9380303974883,0.0,225.30959409833338,0.0,0
4647,MEL_Z10,1119.0,15.747501,1630.2422144394939,3.8326132272222617,7.874349438745271,0.0,0
4648,MEL_Z10,1268.0,29.093023,1584.6823346211672,0.9258437635834603,111.31347080570097,0.0,0
4649,MEL_Z10,1362.0,23.34343,1576.746424724383,0.0,237.84137678893214,0.0,0
4650,MEL_Z10,1490.0,21.322424,1605.9774250362298,0.0,182.5981093246164,0.0,0
4651,MEL_Z10,1401.0,24.79838,1653.903019505909,0.0,151.7791924903293,0.0,0
4652,MEL_Z10,1365.0,31.820084,1719.752375214,1.464679151148856,124.81137852321396,0.0,0
4653,MEL_Z09,1450.0,43.566383,1773.0861023193609,0.20121520434866086,149.46309517011642,0.0,0
4654,MEL_Z09,1430.0,48.36295,1842.1150673144255,0.0,211.56913118753636,0.0,0
4655,MEL_Z09,1515.0,32.52694,1939.1879013497792,0.0,151.4235508269346,0.0,0
4656,MEL_Z09,1620.0,18.06769,1988.3810385806148,0.0,333.54189719070735,0.0,0
4657,MEL_Z09,1542.0,32.181835,2044.1452144154298,0.0,428.1649294902637,0.0,0
4658,MEL_Z09,1454.0,31.892841,2126.544941492969,0.0,462.24768691525145,0.0,0
4659,MEL_Z09,1405.0,30.763855,2170.431520509084,0.0,212.30402670770533,0.0,0
4660,MEL_Z09,1469.0,34.60599,2174.2118033044085,7.495134863317525,1.040334126324538,13.098895478954011,1
4661,MEL_Z09,1310.0,38.42531,2188.2158264252894,0.0,224.92871680530723,1.713960003309192,1
4662,MEL_Z09,1323.0,37.595043,2229.6079259561147,0.3324702605211801,123.13328563449969,0.0,0
4663,MEL_Z09,1424.0,22.144875,2296.9446180758678,0.7870195117913669,92.85481204644839,0.0,0
4664,MEL_Z09,1476.0,15.806189,2388.672780756933,0.0,244.9962522073265,0.0,0
4665,MEL_Z09,1526.0,22.848063,2501.7918607496417,0.0,151.24223115313063,4.3146486396048775,1
4666,MEL_Z09,1589.0,28.131918,2633.623116045567,9.74664315819215,34.16276341367247,10.262988985590397,1
4667,MEL_Z08,1746.0,37.48435,2781.7222938722634,4.7035820081892,24.55246000308952,0.0,0
4668,MEL_Z08,1892.0,30.79344,2712.2786656578,3.6924474237326663,63.502040104569424,0.0,0
4669,MEL_Z08,2011.0,41.816494,2554.473538745776,0.0,275.1831459297897,0.0,0
4670,MEL_Z08,2142.0,31.48806,2405.455372453848,0.0,323.4713210924822,0.0,0
4671,MEL_Z08,2205.0,33.51247,2271.9338529879014,0.0,410.2085559534922,0.0,0
4672,MEL_Z08,2266.0,32.765812,2159.201545904833,0.0,316.7783171490202,0.0,0
4673,MEL_Z07,2374.0,27.13591,2070.0083415685936,0.0,244.22950171026704,0.0,0
4674,MEL_Z07,2456.0,25.575998,2006.6560348336134,0.0,323.6530456699718,0.0,0
4675,MEL_Z07,2549.0,18.682577,1824.8202738744255,0.0,185.94004620843435,0.0,0
4676,MEL_Z07,2425.0,35.398876,1637.8108525085693,0.0,288.04345586738333,0.0,0
4677,MEL_Z07,2331.0,27.148201,1468.3878980224924,0.0,495.4456551910776,0.0,0
4678,MEL_Z07,2278.0,38.423,1312.4356949485486,0.0,435.92583675338165,0.0,0
4679,MEL_Z07,2299.0,29.734276,1139.1876491882942,0.0,315.4171643087982,0.0,0
4680,MEL_Z07,2205.0,45.98567,999.0042776441073,0.0,355.32386711169994,0.0,0
4681,MEL_Z07,2102.0,32.593334,907.3425998151398,0.0,435.56836736200125,0.0,0
4682,MEL_Z07,2019.0,25.744228,877.7858469564438,0.0,200.75406651675956,0.0,0
4683,MEL_Z07,2099.0,28.878696,868.8145326233144,0.21350189557762678,119.2625922381389,0.0,0
4684,MEL_Z07,2052.0,22.619865,858.8633368253488,0.0,327.83448498541054,0.0,0
4685,MEL_Z07,1919.0,33.440258,909.1750843503596,0.9763381805234342,78.07734586440809,0.0,0
4686,MEL_Z07,2115.0,32.181835,1018.4302099428006,10.930921399024099,28.98009223204626,0.0,0
4687,MEL_Z07,2254.0,54.737724,1171.6658444474647,22.143834597068246,28.511709493324183,0.0,0
4688,MEL_Z07,2300.0,45.432076,1154.4563140045136,7.350469030031734,84.85174431313442,0.0,0
4689,MEL_Z06,2211.0,43.571323,1020.4622175435018,0.0,174.64289382313413,0.0,0
4690,MEL_Z06,2076.0,39.270214,917.3876744293152,6.2778247037275765,69.41263501909467,0.0,0
4691,MEL_Z06,1939.0,56.149834,870.6763202332141,2.1304317684752823,105.6214487034621,0.0,0
4692,MEL_Z06,2031.0,35.347645,889.195258668592,12.572085530791469,3.7869286883188487,1.3607187239206826,1
4693,MEL_Z06,2151.0,16.3323,916.5234555180791,0.0,250.05243472680112,4.065255492750952,1
4694,MEL_Z06,2234.0,28.49821,967.4871778063507,2.2686461566763203,80.58396505314742,0.0,0
4695,MEL_Z06,2413.0,30.513973,997.3971927140111,2.527817436742025,108.48769103382746,0.0,0
4696,MEL_Z06,2357.0,30.278051,973.5139337032481,0.0,290.951018449179,0.0,0
4697,MEL_Z06,2349.0,36.40921,976.1836629845021,0.0,152.09748440962105,0.0,0
4698,MEL_Z06,2505.0,39.929066,1037.2584681270573,19.28136182943011,30.848343936204174,0.0,0
4699,MEL_Z06,2660.0,10.939805,1089.3631467446219,2.7084108683258554,95.19461619629148,0.0,0
4700,MEL_Z06,2637.0,44.080486,1076.8072965706885,0.0,218.19398913757428,0.0,0
4701,MEL_Z06,2523.0,27.6325,1068.9745510369921,0.0,159.14389836487362,0.0,0
4702,MEL_Z05,2439.0,26.427605,1064.2111036167025,0.0,350.21950559948476,0.0,0
4703,MEL_Z05,2317.0,26.027931,1113.66456534534,0.04737089545534874,124.2493393634606,0.0,0
4704,MEL_Z05,2411.0,34.53258,1144.1704391517803,8.109399662696473,17.382233866445183,0.0,0
4705,MEL_Z05,2536.0,13.709786,1137.9409055089932,0.0,181.22232383412998,0.0,0
4706,MEL_Z05,2561.0,10.197978,1177.2318904594974,0.0,345.86000567848095,0.0,0
4707,MEL_Z05,2670.0,44.897175,1133.6737259860597,0.0,287.99830956772524,0.0,0
4708,MEL_Z05,2846.0,37.358894,1101.9906069437782,0.0,235.3775632351356,0.0,0
4709,MEL_Z05,2874.0,32.63194,1014.4115857636799,0.0,365.87258923259094,0.0,0
4710,MEL_Z05,2821.0,12.958843,911.3139465387607,0.0,510.1941590462493,0.0,0
4711,MEL_Z05,2708.0,18.568611,841.8192886204921,0.0,392.4294727041924,0.0,0
4712,MEL_Z05,2714.0,20.782251,832.4484541967,0.0,407.793566111992,0.0,0
4713,MEL_Z05,2688.0,32.153503,813.5215826698063,0.0,349.6961504230775,0.0,0
4714,MEL_Z05,2699.0,32.68694,813.7440710465278,0.0,424.83289741125003,0.0,0
4715,MEL_Z05,2658.0,43.808155,881.0553911309316,0.0,271.6381398751359,0.0,0
4716,MEL_Z04,2646.0,4.43182,997.0754486468637,1.3896006683065396,107.85272172088108,0.6842120108233002,0
4717,MEL_Z04,2683.0,29.433481,1087.8632226835155,6.426816693897622,98.03140000953638,2.2237257027266617,1
4718,MEL_Z04,2913.0,46.499985,1192.752208767554,1.7531346247613095,60.88900486333963,0.0,0
4719,MEL_Z04,3120.0,54.24378,1217.699873532304,0.5299523301846149,39.75111974688695,0.0,0
4720,MEL_Z04,3263.0,27.692047,1232.6851479111908,0.0,177.12162531457213,0.0,0
4721,MEL_Z04,3401.0,30.881884,1240.6019755907898,1.1924035427754633,87.4588325085365,0.0,0
4722,MEL_Z04,3489.0,28.147823,1292.128964013553,12.897388258762888,14.790673600189264,5.4683716371632896,1
4723,MEL_Z04,3661.0,23.021528,1387.273828490585,0.0,157.2564135607516,0.0,0
4724,MEL_Z04,3760.0,23.910282,1484.2707499329904,12.674558034714419,0.0,4.299692080346438,1
4725,MEL_Z04,3886.0,54.578163,1557.74931519716,14.07578385465451,28.21570242377511,5.393332243327231,1
4726,MEL_Z04,3972.0,49.382088,1615.6891038849797,0.5322281617428023,53.51561336236467,0.0,0
4727,MEL_Z04,3871.0,19.241863,1650.6266094410344,9.657193031867886,16.356071524290986,7.20087756031179,1
4728,MEL_Z04,4064.0,44.69133,1718.459504688196,6.10999333669192,22.836317607168326,2.347137914814868,1
4729,MEL_Z04,4251.0,47.99573,1818.4102383051286,1.4563915256286921,43.332014418145704,0.0,0
4730,MEL_Z04,4299.0,15.376252,1901.422164601845,0.24362714026113738,28.380299701521484,0.0,0
4731,MEL_Z03,4225.0,39.72435,1978.1798106162541,2.915822549566805,38.00481878933498,2.4004862187953666,1
4732,MEL_Z03,4138.0,50.418728,2058.18870283576,2.280204192762556,48.75681746073452,5.262331466453224,1
4733,MEL_Z03,3984.0,70.43784,2128.8719073635,2.8164024237411116,100.5990254494625,7.740827105188328,1
4734,MEL_Z03,3887.0,57.297844,2176.7594038648017,1.2459209854447266,73.83943876997438,0.345920591351924,0
4735,MEL_Z03,3791.0,37.24323,2233.88629561297,1.210302914589658,22.195406555775943,0.9196363134895351,0
4736,MEL_Z03,3802.0,30.862268,2294.8168885412574,14.954036577178387,28.930377779906216,10.325179927024509,1
4737,MEL_Z03,3968.0,31.060993,2350.490848279685,30.893934247129103,25.029741305772056,8.396436641564794,1
4738,MEL_Z03,4140.0,52.55931,2372.1990949718625,7.966240236865264,2.7407589442409006,3.273891340470083,1
4739,MEL_Z03,4261.0,57.188046,2387.331328821603,12.683982345258588,48.854698179748254,0.0,0
4740,MEL_Z03,4349.0,46.72581,2424.7905604945286,21.827063528147278,30.141028112112206,11.174482974902423,1
4741,MEL_Z03,4471.0,33.60826,2478.953266118908,70.27822380988393,0.0,44.26773555075325,1
4742,MEL_Z03,4735.0,67.07025,2547.439087955572,27.05192083944665,33.8646810977759,12.75639739929997,1
4743,MEL_Z03,4928.0,31.315933,2561.86020190881,2.5244985278544525,108.84079853227286,1.302987232977417,1
4744,MEL_Z02,4999.0,51.807148,2539.195904686483,4.483601290860255,76.9155700395768,0.0,0
4745,MEL_Z02,4817.0,29.661896,2517.0448187142374,25.189484401697587,5.932136135969632,3.88017909714512,1
4746,MEL_Z02,4806.0,32.95055,2519.625646094231,13.474152334854,42.12520392814264,0.0,0
4747,MEL_Z02,4831.0,26.173658,2546.509194200211,4.384304608849408,3.770421537453065,8.75138971462185,1
4748,MEL_Z02,4788.0,26.16714,2594.219868563442,12.212758854888339,5.071613165457878,9.279974243968157,1
4749,MEL_Z01,4868.0,28.464214,2664.599788119767,22.211253506216107,24.770199879598344,4.293947483322423,1
4750,MEL_Z01,4856.0,58.857758,2576.619466766395,24.559248682907278,38.93708659215262,21.709330772370926,1
4751,MEL_Z01,4700.0,29.990952,2348.181140921471,38.137420420846844,9.483633016545731,29.912023842967233,1
4752,MEL_Z01,4648.0,25.206568,2112.916743499988,0.0,171.4768880486115,0.0,0
4753,MEL_Z01,4597.0,30.633787,1881.4567917828804,2.536232477438253,95.12100524194457,2.536232477438253,1
4754,MEL_Z01,4537.0,12.048283,1655.3978838120045,2.532387732636486,68.21739452477286,18.2515772902617,1
4755,MEL_Z01,4575.0,14.222052,1436.3001973563323,5.046036786329761,56.8140011427062,24.133906457272072,1
4756,MEL_Z01,4619.0,28.224255,1207.7831567837268,34.957063309580114,24.899424687815976,26.814769697838248,1
4757,MEL_Z01,4756.0,39.707344,971.9485246999203,49.152931702618915,0.0,2.5654226853350064,1
4758,MEL_Z01,5281.0,27.568247,737.8873709956357,5.026470566136935,60.38923145017376,0.0,0
4759,MEL_Z01,5369.0,40.91963,505.5044067002241,0.0,243.98279029819804,0.0,0
4760,MEL_Z01,5157.0,28.728668,298.2691799448384,0.0,487.2234679846488,0.0,0
4761,MEL_Z01,5069.0,19.33555,125.55367956108516,0.0,396.5539738582412,0.0,0
4762,MEL_Z01,5107.0,34.79436,141.70788165557255,0.0,244.15026598750939,0.0,0
4763,MEL_Z01,5203.0,22.864092,383.89856955694955,0.0,268.03113842079296,0.0,0
4764,MEL_Z01,5291.0,32.43019,632.1986236084624,0.0,422.778299026274,0.0,0
4765,MEL_Z01,5514.0,23.43256,881.4602019813467,0.0,636.6730358150046,0.0,0
4766,MEL_Z01,5671.0,42.35694,1087.784962495706,0.0,828.9040687254264,0.0,0
4772,MEL_Z11,1752.0,17.250692,2984.380981037301,0.0,662.0543181950617,0.0,0
4773,MEL_Z11,1811.0,14.624714,2869.765036190963,0.0,479.348993820932,0.0,0
4774,MEL_Z11,1794.0,21.331266,2698.4414892801533,0.0,272.34606091337247,0.0,0
4775,MEL_Z11,1698.0,26.973715,2540.201090306211,1.0053282858646353,99.56871608273815,0.0,0
4776,MEL_Z11,1672.0,23.212713,2397.4703775687094,0.0,149.6964583845223,0.0,0
4777,MEL_Z11,1655.0,29.421444,2273.2524195237,3.9982122082913767,66.23367952567595,0.0,0
4778,MEL_Z11,1704.0,28.738434,2170.323259687086,2.7248989155333123,84.65571827236748,2.191066930033655,1
4779,MEL_Z11,1647.0,31.012447,2016.5189292191708,0.0,333.5761361277203,0.0,0
4780,MEL_Z11,1604.0,25.831024,1878.9221387815162,0.0,582.1399574581585,0.0,0
4781,MEL_Z11,1561.0,27.440487,1764.7992994894705,0.0,660.7170115592053,0.0,0
4782,MEL_Z11,1463.0,32.112617,1678.330996580947,0.0,553.464309335297,0.0,0
4783,MEL_Z11,1504.0,19.946184,1624.607333721209,0.0,545.2293246959433,0.0,0
4784,MEL_Z11,1447.0,28.03178,1561.922804782385,0.0,602.7005354203928,0.0,0
4785,MEL_Z11,1321.0,19.034641,1430.7883955068262,0.0,390.78063097605565,0.0,0
4786,MEL_Z10,1223.0,37.666252,1332.0343372247219,0.0,255.59238631891824,0.0,0
4787,MEL_Z10,1150.0,28.34467,1273.2771162869165,0.0,316.2798758396011,0.0,0
4788,MEL_Z10,1058.0,14.938382,1255.490202671592,0.0,421.3435261874188,0.0,0
4789,MEL_Z10,1059.0,38.229397,1283.4695329808403,0.0,180.02612651226178,0.0,0
4790,MEL_Z10,1214.0,41.71238,1320.9023490595707,2.848461810847681,78.16605091641523,0.0,0
4791,MEL_Z10,1395.0,35.693798,1353.013742394715,0.0030928255828398675,139.00031582964309,0.0,0
4792,MEL_Z10,1494.0,12.264519,1426.8016573513971,0.0,379.82399123523743,0.0,0
4793,MEL_Z10,1412.0,28.445768,1479.475978396143,0.0,627.8625970982752,0.0,0
4794,MEL_Z10,1302.0,24.273638,1478.6349477982178,0.0,550.4805493264754,0.0,0
4795,MEL_Z10,1248.0,12.64667,1459.9425152309636,0.0,322.6885258503195,0.0,0
4796,MEL_Z10,1103.0,4.7872906,1390.0757855890652,0.279907010818683,83.41637681229078,0.0,0
4797,MEL_Z10,1222.0,25.603033,1336.3529150643046,2.1028651990757874,37.900346576857814,0.0,0
4798,MEL_Z10,1355.0,25.744228,1326.9984850536728,0.0,279.088056892862,0.0,0
4799,MEL_Z10,1433.0,18.483212,1361.3030849306822,0.0,432.4089872814964,0.0,0
4800,MEL_Z10,1358.0,9.566236,1409.571069997964,0.0,362.21240178462006,0.0,0
4801,MEL_Z10,1282.0,20.368845,1478.1986748981728,0.013175121432856374,157.59660948922334,0.0,0
4802,MEL_Z09,1340.0,27.06968,1529.827963225901,2.186239576195367,99.59435540364662,3.6200676357440376,1
4803,MEL_Z09,1354.0,26.380993,1608.6736890774391,0.33817834962896604,125.82877746199783,0.0,0
4804,MEL_Z09,1436.0,18.100721,1707.4490958106974,0.654831003384437,114.40043689190591,0.0,0
4805,MEL_Z09,1412.0,44.17348,1742.299821110962,0.0,262.7165371295159,0.0,0
4806,MEL_Z09,1438.0,20.023485,1805.4862092052786,0.0,303.5813768358183,0.0,0
4807,MEL_Z09,1358.0,22.51373,1883.9344646602465,0.0,479.04707824771754,0.0,0
4808,MEL_Z09,1344.0,26.628592,1926.2977774530095,0.0,292.4220908966134,0.0,0
4809,MEL_Z09,1335.0,41.37469,1924.2120403905021,1.928368172762046,106.56271849095002,0.030396244458259288,0
4810,MEL_Z09,1237.0,34.740208,1940.021524049072,2.069902660448441,98.82347493013498,4.164107447037499,1
4811,MEL_Z09,1339.0,30.792208,1986.3278775625988,0.0,153.41687871500523,0.0,0
4812,MEL_Z09,1466.0,22.351099,2061.6259389626684,0.9938952644018078,104.62641284619586,0.0,0
4813,MEL_Z09,1555.0,23.132185,2163.3085330738973,0.0,276.6524177117188,0.0,0
4814,MEL_Z09,1620.0,14.3212185,2287.337319270322,0.0,242.04229262057783,0.0,0
4815,MEL_Z09,1656.0,30.77742,2430.8270639811362,1.3401798377082055,141.06715867154801,1.335689647989327,1
4816,MEL_Z08,1688.0,31.79692,2590.545969065123,27.942318005757517,13.691523934811183,8.557430072406417,1
4817,MEL_Z08,1905.0,53.352036,2515.414260846384,38.13011044310192,6.582427377328276,4.721961458819191,1
4818,MEL_Z08,2114.0,39.81754,2362.939046735978,1.4917302604751432,101.19675117702646,0.0,0
4819,MEL_Z08,2216.0,31.294437,2203.4364667576024,1.813811101475448,75.42076962858883,0.0,0
4820,MEL_Z08,2277.0,22.259779,2058.396250242931,0.0,214.62717783657382,0.0,0
4821,MEL_Z08,2341.0,18.632332,1933.251925254318,0.0,196.74707365644124,0.0,0
4822,MEL_Z08,2423.0,14.865075,1833.8295695033648,0.7310983014004165,37.799255252715675,0.0,0
4823,MEL_Z07,2445.0,30.575235,1762.1363068680696,0.0,276.445360942362,0.0,0
4824,MEL_Z07,2421.0,26.644436,1679.016522421889,0.0,435.0515434389316,0.0,0
4825,MEL_Z07,2328.0,22.721247,1473.7207136240884,0.0,488.669182675519,0.0,0
4826,MEL_Z07,2226.0,21.74342,1284.3218597463513,0.0,441.11716852233735,0.0,0
4827,MEL_Z07,2166.0,27.446524,1117.1574709483345,0.0,260.99165506213666,0.0,0
4828,MEL_Z07,2251.0,34.037563,959.5209510964587,0.8786703231659216,91.14762186959801,0.0,0
4829,MEL_Z07,2143.0,34.681015,787.9984151514045,0.0,180.23004222335803,0.0,0
4830,MEL_Z07,2032.0,26.870941,667.9839436462509,0.0,411.78559791743317,0.0,0
4831,MEL_Z07,1924.0,9.304116,627.8046405440067,0.0,333.51071556171024,0.0,0
4832,MEL_Z07,1960.0,22.51578,620.7107753003573,0.0,185.81720144060824,0.0,0
4833,MEL_Z07,1924.0,25.234222,609.719341611975,0.0,259.0602721448833,0.0,0
4834,MEL_Z07,1860.0,28.055056,677.7265983504072,0.8304770817901428,106.4007887836475,1.462002680113394,1
4835,MEL_Z07,1987.0,38.089302,818.482804115192,11.122430134188821,56.27617660709944,0.0,0
4836,MEL_Z07,2149.0,44.096912,1001.3599871180065,22.809898156917292,9.919287433338758,0.0,0
4837,MEL_Z07,2142.0,42.789097,960.667335283746,12.401273187818953,47.789284441750176,0.0,0
4838,MEL_Z06,2031.0,43.396294,807.9571558737414,7.395225979407104,95.51710623087482,0.0,0
4839,MEL_Z06,1929.0,29.534798,682.9751518463214,2.558368872719984,38.16139516699002,0.0,0
4840,MEL_Z06,1821.0,38.934128,621.2789841873185,0.0,171.6035898767629,0.0,0
4841,MEL_Z06,1937.0,42.451363,646.1359830275796,0.7504933561498428,47.23375009828149,0.0,0
4842,MEL_Z06,2060.0,18.944181,673.8886293566474,0.0,256.4780838621848,0.0,0
4843,MEL_Z06,2217.0,27.746937,720.5470674829709,0.0,298.15413765963183,0.0,0
4844,MEL_Z06,2309.0,30.964977,747.5734884191381,0.0,338.5710868858668,0.0,0
4845,MEL_Z06,2271.0,30.749044,725.6409293094212,0.0,373.028714813593,0.0,0
4846,MEL_Z06,2196.0,34.84641,728.9791245504339,0.0,177.50400481937027,0.0,0
4847,MEL_Z06,2405.0,47.96521,808.1916364658236,0.41698674787642614,86.35561714018755,0.0,0
4848,MEL_Z06,2484.0,66.764946,839.4932847058317,0.3010691561436161,144.38471421596748,3.890285732288297,1
4849,MEL_Z06,2445.0,54.702744,826.8175222297506,0.0,140.01177988035573,0.0,0
4850,MEL_Z06,2420.0,36.326008,821.5184359963354,2.713240330667035,107.99072655948571,0.0,0
4851,MEL_Z05,2300.0,40.420147,815.5247280131495,0.0,263.04022012102786,0.0,0
4852,MEL_Z05,2269.0,13.069152,878.2861930842034,0.0,207.703235225934,0.0,0
4853,MEL_Z05,2408.0,31.315933,896.9139128531082,2.0046966493482676,115.22911915510272,0.0,0
4854,MEL_Z05,2525.0,21.28035,888.707701605388,0.2698754773279908,127.34061101049798,0.0,0
4855,MEL_Z05,2520.0,12.368883,929.6086514749683,0.0,366.8010090170573,0.0,0
4856,MEL_Z05,2615.0,22.466557,892.3862313563817,0.0,514.0969049677767,0.0,0
4857,MEL_Z05,2789.0,42.280487,852.031141150823,0.0,484.2003223602197,0.0,0
4858,MEL_Z05,2732.0,23.842638,805.842668390017,0.0,559.733152868526,0.0,0
4859,MEL_Z05,2722.0,32.7942,677.0854379170992,0.0,361.1306188088484,0.0,0
4860,MEL_Z05,2597.0,25.719105,597.6106998797367,0.0,159.12300239776778,0.0,0
4861,MEL_Z05,2614.0,27.143595,583.2893846437404,0.0,191.45756520722557,0.0,0
4862,MEL_Z05,2573.0,31.486881,565.6878793455782,0.0,406.48317968857043,0.0,0
4863,MEL_Z05,2533.0,45.239212,566.790751054621,0.0,320.96177111082875,0.0,0
4864,MEL_Z05,2438.0,32.356415,659.5782950247941,3.395320236324826,79.09842959241767,4.457515582803302,1
4865,MEL_Z04,2569.0,19.741331,757.9665396211702,6.135586946674399,62.3319192230567,0.0,0
4866,MEL_Z04,2760.0,39.96327,862.4670943461678,2.8984952007327127,97.92628696531428,0.0,0
4867,MEL_Z04,2946.0,52.110966,943.1151738727389,1.6146157596159,37.22250921752458,0.0,0
4868,MEL_Z04,3191.0,7.54315,967.7314513348565,0.0,177.11672947843743,0.0,0
4869,MEL_Z04,3157.0,32.81165,983.1510730255303,0.0,188.1694501337695,0.0,0
4870,MEL_Z04,3229.0,41.63382,992.487382052582,9.854621617527206,7.505291444135215,9.572021645313226,1
4871,MEL_Z04,3397.0,21.370998,1056.1889988712035,0.9091500024932095,94.34034858991414,0.610222661487659,0
4872,MEL_Z04,3476.0,45.135635,1167.6809882818438,3.978459973740933,67.28957784891384,3.803407068909774,1
4873,MEL_Z04,3612.0,30.380657,1255.276681142687,5.237834977017846,15.812093608579112,4.333204663676712,1
4874,MEL_Z04,3870.0,26.121414,1313.3018946411191,0.24027522458297876,83.07387992544152,0.0,0
4875,MEL_Z04,3776.0,35.79667,1368.7397570516112,3.0398570681353863,40.10038027121775,0.7157729131588257,0
4876,MEL_Z04,3715.0,33.524998,1406.642400660535,8.668726211552356,7.258197860008399,7.256485182550751,1
4877,MEL_Z04,3911.0,51.85195,1485.6498809799527,10.129928345474632,24.16478012115125,0.45380365138433076,0
4878,MEL_Z04,4094.0,30.068344,1594.2144648781027,8.335242567625162,7.075215920783778,2.4758122608167437,1
4879,MEL_Z04,4134.0,18.27289,1664.75450813058,12.627634570707288,8.146302523860221,5.275231570739574,1
4880,MEL_Z03,4110.0,20.071598,1742.6376169259374,15.342043761550872,0.0,4.327632684921888,1
4881,MEL_Z03,3870.0,63.931965,1821.1410839036637,0.20376909772161883,105.89994270443482,10.803800756721383,1
4882,MEL_Z03,3689.0,45.930344,1881.5417473513583,5.722772273032901,42.10448217871925,7.8435462735943835,1
4883,MEL_Z03,3695.0,32.782192,1935.4227478376395,7.097486886532539,66.54914041318119,1.7239836428849946,1
4884,MEL_Z03,3765.0,29.200514,1989.0992906511287,13.221177462804246,25.596772037479077,8.905728560928816,1
4885,MEL_Z03,3894.0,35.113636,2056.4713174500857,8.589489376869977,55.17935583120646,4.089806451480013,1
4886,MEL_Z03,4084.0,51.32403,2100.712615536465,6.165981532407348,45.17541554261973,1.143719877666484,1
4887,MEL_Z03,4235.0,50.722923,2123.802355533266,18.53919029312069,1.6426065095587046,9.95240850415589,1
4888,MEL_Z03,4423.0,17.56269,2138.7727405621545,1.1342228017244358,101.68663386325238,0.018224778250953165,0
4889,MEL_Z03,4493.0,13.206567,2179.932518058718,7.789390277830736,82.64131985749624,1.949153404731815,1
4890,MEL_Z03,4632.0,40.30259,2238.1733401559354,26.877602827982393,10.522957727988372,11.206346882870058,1
4891,MEL_Z03,4847.0,33.52917,2310.9713665226263,22.900396474691366,50.109206933315534,21.75056456022018,1
4892,MEL_Z03,4909.0,16.307268,2311.968026774712,1.4802882850002597,90.36324917816428,0.0,0
4893,MEL_Z02,4864.0,56.391453,2291.8261978027913,7.0957945950255965,32.56382843218543,0.0,0
4894,MEL_Z02,4685.0,26.335863,2267.2596009223957,40.69792475035635,13.080186169641584,6.029903883948099,1
4895,MEL_Z02,4633.0,26.233864,2270.124418399653,17.24875673609926,24.04496571783062,3.498008993756381,1
4896,MEL_Z02,4680.0,27.993889,2299.403286006808,2.214158855850622,65.71674338614137,5.751017765324153,1
4897,MEL_Z02,4660.0,26.72344,2352.099227519428,19.921201050311936,47.10314621450069,21.501947935073712,1
4898,MEL_Z01,4773.0,33.432915,2429.503257971899,12.38002597638875,13.149052745558988,5.393650524766024,1
4899,MEL_Z01,4655.0,51.973576,2425.6316362298026,16.462853631397216,19.649405905855765,7.656918062892075,1
4900,MEL_Z01,4567.0,33.140717,2230.8230908338774,21.86545983198076,0.0,20.495229280763713,1
4901,MEL_Z01,4548.0,34.069893,2018.1014215027224,0.9228469482179908,53.97197672712602,0.0,0
4902,MEL_Z01,4497.0,43.215786,1796.0331087907368,2.5173823476902153,72.93281494996106,0.06264894311912579,0
4903,MEL_Z01,4452.0,22.007977,1557.625571906115,9.125682405056384,31.367047455112907,46.7057792902396,1
4904,MEL_Z01,4484.0,19.75851,1323.5028963471086,35.28580623080095,12.787639771290333,73.31957313815755,1
4905,MEL_Z01,4617.0,34.27649,1096.4055979317798,56.47207108013602,28.70680880613066,12.121736188498573,1
4906,MEL_Z01,4825.0,58.728344,880.1115311026919,59.64978393570261,0.0,2.762030156507797,1
4907,MEL_Z01,5189.0,24.655817,655.546293832233,0.0,158.7510010899862,0.0,0
4908,MEL_Z01,5184.0,47.3698,417.40158965069946,0.0,347.30082063924135,0.0,0
4909,MEL_Z01,5051.0,30.267885,183.19220943619268,0.0,376.13231888053446,0.0,0
4910,MEL_Z01,5040.0,9.142973,51.28387200690511,0.0,309.83257559952847,0.0,0
4911,MEL_Z01,5092.0,20.262514,223.10213306430026,1.435510388249004,64.29568425994985,0.0,0
4912,MEL_Z01,5173.0,17.856676,425.6923776239179,0.0,172.68398928501222,0.0,0
4913,MEL_Z01,5376.0,37.022804,658.4155134500301,0.0,422.6433246475078,0.0,0
4914,MEL_Z01,5467.0,18.174763,900.4487638595707,0.0,672.6328861889011,0.0,0
4915,MEL_Z01,5661.0,47.4794,1145.9079213971736,0.0,922.598648925704,0.0,0
4916,MEL_Z01,5694.0,29.069798,1323.246047494084,0.0,1102.0794113326504,0.0,0
4921,MEL_Z11,1753.0,21.235933,2859.252766564713,0.0,643.0219664493488,0.0,0
4922,MEL_Z11,1733.0,17.369967,2699.1275100870635,0.0,434.9222524418807,0.0,0
4923,MEL_Z11,1670.0,21.680891,2516.2123169226325,0.0,185.5057026076926,0.0,0
4924,MEL_Z11,1590.0,27.408772,2345.710879873633,3.6349947478306928,10.825345702411834,0.0,0
4925,MEL_Z11,1544.0,38.868427,2190.5238277822737,0.0,242.38032979988785,0.9715557355935341,0
4926,MEL_Z11,1495.0,34.785667,2053.8471007320877,0.0,226.81510150343811,0.0,0
4927,MEL_Z11,1555.0,20.523453,1939.6229423337868,0.0,228.33515633984578,0.0,0
4928,MEL_Z11,1484.0,31.966427,1820.9667499642478,0.0,420.5011572433728,0.0,0
4929,MEL_Z11,1436.0,31.619797,1667.928480959776,0.0,516.1712529680286,0.0,0
4930,MEL_Z11,1415.0,25.220402,1539.2621252119557,0.0,413.9620694444065,0.0,0
4931,MEL_Z11,1373.0,25.513311,1440.3995498304787,0.0,317.8432938633064,0.0,0
4932,MEL_Z11,1473.0,23.923403,1377.9324309489325,0.0,303.64853869483306,0.0,0
4933,MEL_Z11,1437.0,29.421444,1340.3173217416931,0.0,450.8623066386834,0.0,0
4934,MEL_Z11,1309.0,27.572737,1214.5264613556208,0.0,292.33643699385385,0.0,0
4935,MEL_Z11,1233.0,31.369543,1097.8010761682833,0.35067139663132185,44.45603407553161,0.0,0
4936,MEL_Z10,1134.0,16.994131,1026.4859540425473,0.0,193.5124930682238,0.0,0
4937,MEL_Z10,1050.0,17.982,1005.5654737684981,0.0,443.5085321701019,0.0,0
4938,MEL_Z10,1035.0,49.529854,1039.3646330823553,0.0,357.7508668246034,0.0,0
4939,MEL_Z10,1258.0,22.384174,1071.15525455916,0.0,200.23583097175393,0.0,0
4940,MEL_Z10,1379.0,36.422314,1110.0722397603975,0.0,220.09476991401283,0.0,0
4941,MEL_Z10,1441.0,6.7628613,1197.8889760882173,0.0,416.26040174843547,0.0,0
4942,MEL_Z10,1340.0,24.45046,1229.4759851463298,0.0,650.4457570337776,0.0,0
4943,MEL_Z10,1239.0,26.114872,1231.9680617320005,0.0,597.7963344007686,0.0,0
4944,MEL_Z10,1132.0,27.221764,1209.9488533645474,0.0,362.9471615003223,0.0,0
4945,MEL_Z10,1081.0,16.592354,1154.0934544574488,0.01274435228037911,169.79551637712888,0.0,0
4946,MEL_Z10,1248.0,35.178825,1088.788375002845,0.00426281315274628,175.0155184663287,0.0,0
4947,MEL_Z10,1348.0,22.243118,1077.3674724941168,0.0,234.12283877212798,0.0,0
4948,MEL_Z10,1456.0,16.583153,1118.8024954936502,0.0,238.87293020928752,0.0,0
4949,MEL_Z10,1363.0,15.701673,1167.4458785854852,0.0,426.01746632289365,0.35952326812484847,0
4950,MEL_Z10,1278.0,23.124304,1231.3374329217413,0.0,334.9438502113067,2.127444877252786,1
4951,MEL_Z09,1255.0,14.222052,1289.1144738878297,0.0,302.9487791450621,0.0,0
4952,MEL_Z09,1329.0,18.944181,1380.1987536041859,0.0,302.3907896833769,0.0,0
4953,MEL_Z09,1294.0,17.39312,1460.5348528806687,0.0,303.0854135440514,0.0,0
4954,MEL_Z09,1272.0,15.423245,1497.513324424078,1.9020099458442474,64.17401044450376,0.0,0
4955,MEL_Z09,1304.0,20.179287,1569.7176841193632,0.0,147.05687884941133,0.0,0
4956,MEL_Z09,1281.0,14.865075,1635.5755214604892,0.0,394.6284537105052,0.0,0
4957,MEL_Z09,1329.0,16.360405,1677.3291516114446,0.0,361.95902279037665,0.0,0
4958,MEL_Z09,1224.0,36.58385,1674.2123482818276,0.0,179.0610389151151,0.0,0
4959,MEL_Z09,1246.0,27.135908,1692.3588639911027,0.0,212.86738675154302,0.0,0
4960,MEL_Z09,1398.0,38.752033,1744.9485295785519,2.073588746168912,0.0,0.0,0
4961,MEL_Z09,1527.0,28.050692,1830.2044819909377,0.13067367005663225,122.76157407571752,0.0,0
4962,MEL_Z09,1603.0,13.03658,1943.6700612202494,0.0,282.33918973829645,0.0,0
4963,MEL_Z09,1679.0,23.29868,2080.8319273166526,0.0,456.54802709237015,0.0,0
4964,MEL_Z09,1776.0,18.661442,2237.603564663933,0.0,258.4110900400123,0.0,0
4965,MEL_Z08,1812.0,22.866096,2358.312408110417,3.485033390278459,24.06534764777681,0.0,0
4966,MEL_Z08,1963.0,47.16244,2328.6266120113646,6.869869282738319,45.95249222908576,0.0,0
4967,MEL_Z08,2089.0,38.960926,2163.5704748093426,0.0,156.9873481991723,0.0,0
4968,MEL_Z08,2217.0,34.509018,2010.6368353111636,13.388233298131214,3.6775253427983525,0.636838267366777,0
4969,MEL_Z08,2351.0,3.0169616,1853.3562706403986,0.7821188138206866,71.9099965624617,0.0,0
4970,MEL_Z08,2346.0,25.831024,1713.9937856250338,0.0,285.05022484189857,0.0,0
4971,MEL_Z08,2314.0,23.118393,1601.012985783252,0.0,185.94249208948202,0.0,0
4972,MEL_Z07,2262.0,28.121784,1519.4012919012273,0.0,328.1093535417986,0.0,0
4973,MEL_Z07,2232.0,32.562386,1474.398676038831,0.0,552.1306253235938,0.0,0
4974,MEL_Z07,2209.0,25.297997,1336.4056990252818,0.0,466.18103453128214,0.0,0
4975,MEL_Z07,2164.0,31.67127,1124.160331797138,0.0,319.89463531673204,0.0,0
4976,MEL_Z07,2035.0,37.292904,930.8484676621589,3.588102607663065,99.54476193528065,0.0,0
4977,MEL_Z07,2076.0,30.414717,767.610452429578,2.4892106531784983,57.71119096652856,0.0,0
4978,MEL_Z07,2027.0,22.945997,607.3495351204494,0.0,206.79452867628328,0.0,0
4979,MEL_Z07,1945.0,24.141115,440.6069728216956,0.0,423.95442014987555,0.0,0
4980,MEL_Z07,1842.0,24.79838,377.84830323839935,0.0,261.614148935667,0.0,0
4981,MEL_Z07,1852.0,15.045823,374.872911092169,6.2331089811832,12.82321253577529,0.0,0
4982,MEL_Z07,1803.0,26.908388,361.7583720229677,1.8345598803268364,88.13249903636932,0.0,0
4983,MEL_Z07,1801.0,28.075392,465.8619433048217,0.0,184.9294953147664,0.0,0
4984,MEL_Z07,1754.0,34.631363,651.6597224611598,9.205840180657631,49.1771359000442,0.0,0
4985,MEL_Z07,1975.0,54.808765,845.2305748806119,31.117559897059905,1.9981123251284052,0.0,0
4986,MEL_Z07,1998.0,32.89968,761.0379581844614,4.440610242561934,55.03165376362783,0.0,0
4987,MEL_Z06,1895.0,25.791021,607.3230916279605,17.735049835433976,0.0,2.4881131743596057,1
4988,MEL_Z06,1817.0,37.000088,464.769220409527,0.6159252351134712,99.66137437433552,0.0,0
4989,MEL_Z06,1730.0,18.85055,372.6900827373898,8.401269120389632,0.0,0.0,0
4990,MEL_Z06,1932.0,36.335663,400.0530282495857,12.816242156757108,54.45459634266346,0.0,0
4991,MEL_Z06,2094.0,30.08378,435.447872710161,23.9451290135902,6.950408455250347,0.0,0
4992,MEL_Z06,2129.0,36.375107,471.50263794897637,0.36701994597745374,131.06608182329876,0.0,0
4993,MEL_Z06,2131.0,38.978767,497.926782911432,1.9611402302178707,123.37179882222048,0.0,0
4994,MEL_Z06,2208.0,45.04866,479.66518519633183,1.08393337821157,141.35025275328283,0.0,0
4995,MEL_Z06,2081.0,26.644436,484.3233649218192,0.7994085785915275,87.02055474313585,0.0,0
4996,MEL_Z06,2180.0,35.160904,594.1765029950886,0.0,169.33212241197916,0.0,0
4997,MEL_Z06,2135.0,25.074554,589.7337404685511,5.287203273345085,9.971114036121465,4.30981814052813,1
4998,MEL_Z06,2108.0,43.076244,576.8366113419063,0.0,232.65269103662166,0.0,0
4999,MEL_Z06,2183.0,47.807907,575.3568407853018,0.0,286.98120704654025,0.0,0
5000,MEL_Z05,2168.0,43.274147,567.9928616987742,0.0,143.36910578819183,0.0,0
5001,MEL_Z05,2181.0,21.393028,652.7072517962482,5.02598658451171,43.86461609690107,0.0,0
5002,MEL_Z05,2265.0,35.47404,651.7538955082415,0.0,176.93755929457419,0.0,0
5003,MEL_Z05,2471.0,49.54308,640.0728500372716,0.0,209.43339012117346,0.0,0
5004,MEL_Z05,2511.0,4.2891536,683.6955570722807,0.0,301.2974773226129,0.0,0
5005,MEL_Z05,2570.0,24.286463,657.6399127469193,0.0,367.8428644411885,0.0,0
5006,MEL_Z05,2682.0,32.322765,602.1053339651053,0.0,516.7770666035836,0.0,0
5007,MEL_Z05,2716.0,39.817543,571.096182847935,0.0,590.0468299183427,0.0,0
5008,MEL_Z05,2647.0,53.455734,457.118735641375,0.0,346.5829533511334,0.0,0
5009,MEL_Z05,2473.0,30.278051,359.0982854625613,1.2245780024516337,130.09270877051185,0.0,0
5010,MEL_Z05,2454.0,36.289963,335.3842327565078,0.0,166.08123713159284,0.0,0
5011,MEL_Z05,2379.0,37.00682,320.328075795188,0.0,335.7066647776221,0.0,0
5012,MEL_Z05,2372.0,50.965126,324.09362923080846,0.7334939035140405,148.0040524982043,0.0,0
5013,MEL_Z05,2385.0,20.912287,464.2321033052758,28.968936236059594,0.0,11.913948696057078,1
5014,MEL_Z04,2567.0,37.038773,529.0246686840201,16.193362937587693,2.8350188213502014,3.4804202948950578,1
5015,MEL_Z04,2757.0,39.929066,645.4247268727357,24.258976294956692,47.2376134845487,8.075257024368417,1
5016,MEL_Z04,2927.0,43.05352,693.739598738701,26.496037151216285,0.0,5.8704965478810305,1
5017,MEL_Z04,3034.0,43.202847,717.7850247844032,0.4020479275581807,151.42275694817823,0.0,0
5018,MEL_Z04,3002.0,28.650335,733.9341870370046,2.7460496908486545,111.79058898730318,2.148762058786866,1
5019,MEL_Z04,2999.0,41.01108,745.6333852687962,6.124458565637083,97.61181560709839,2.986341665166729,1
5020,MEL_Z04,3164.0,51.671185,828.2965895760468,11.679239231215078,51.49887279695925,7.702410218611133,1
5021,MEL_Z04,3372.0,51.365322,928.493142039414,26.51994150747165,0.0,4.892323068007878,1
5022,MEL_Z04,3555.0,33.395096,1014.4115038992387,4.105207159791732,54.90878407535449,0.0,0
5023,MEL_Z04,3680.0,12.776751,1067.9814619141887,2.9054439727091363,61.9150894233947,1.5065221752995261,1
5024,MEL_Z04,3612.0,25.844336,1119.3470064791195,0.09806604189613816,150.92821738838828,0.09806604189613816,0
5025,MEL_Z04,3553.0,36.549248,1165.2018464363082,11.761605037592862,74.79825344909908,4.2404109004060375,1
5026,MEL_Z04,3735.0,41.09163,1259.4475250911792,6.398496227287668,35.85241313032891,1.89187181704026,1
5027,MEL_Z04,3935.0,26.16714,1351.0309347858147,2.716865895484142,69.77496774997434,0.0,0
5028,MEL_Z03,4043.0,57.461937,1426.4206292636118,24.203517749587398,16.55012680658398,21.73535631609786,1
5029,MEL_Z03,3823.0,64.196976,1505.8321148890818,18.88756382242816,30.33656719826358,15.219971359962672,1
5030,MEL_Z03,3582.0,30.025824,1587.8000664224066,7.919550712466066,80.1593495418053,12.022336589791589,1
5031,MEL_Z03,3651.0,51.191814,1634.9761620027357,0.22673021380557098,127.91376131353384,0.2755651053259786,0
5032,MEL_Z03,3795.0,33.224884,1696.596865310363,0.6847840252899693,82.82161580281826,0.0,0
5033,MEL_Z03,3930.0,46.370575,1745.790363820986,2.584004656893223,21.483692524805132,1.9713587286105747,1
5034,MEL_Z03,4080.0,27.3997,1820.382323633673,4.278984058907457,8.885543981959374,3.455149316883293,1
5035,MEL_Z03,4310.0,36.645947,1850.9942620930935,0.3497032165911721,152.791894196177,0.0,0
5036,MEL_Z03,4380.0,22.951971,1875.0199096981796,0.9435827134076233,8.731279078830271,0.0,0
5037,MEL_Z03,4367.0,8.848749,1890.5942975610544,3.4874069836043944,66.81163544740669,0.8752053610020042,0
5038,MEL_Z03,4470.0,35.88987,1934.7564265866388,60.703876699605374,0.0,34.49316838523062,1
5039,MEL_Z03,4683.0,45.036263,1996.3873999372756,39.64229120408207,0.0,27.001325621248384,1
5040,MEL_Z03,4805.0,33.474834,2077.674519007006,2.1922212769922367,85.2963102933763,1.9544370100355042,1
5041,MEL_Z02,4801.0,19.536102,2062.1019905748753,0.0,169.49395383748228,0.0,0
5042,MEL_Z02,4786.0,21.045721,2045.0962812282926,0.0,180.6050668795411,0.0,0
5043,MEL_Z02,4687.0,60.192516,2017.527590030276,2.1088209789462855,113.7302592810942,0.0,0
5044,MEL_Z02,4544.0,5.6011825,2020.7464842411468,13.548110683009845,0.0,4.345794025951414,1
5045,MEL_Z02,4543.0,20.141087,2052.961159239763,0.14586553997824311,129.95098408342992,0.0011927090258465947,0
5046,MEL_Z02,4470.0,39.71018,2111.8155283418237,7.331434646716331,103.50090186583091,17.762823433513965,1
5047,MEL_Z02,4513.0,59.14468,2197.6988260779135,44.29597265171385,21.941530735502013,41.58107574177688,1
5048,MEL_Z01,4446.0,49.897877,2284.2182040710386,25.621023567635255,56.19520983927971,6.751963823066454,1
5049,MEL_Z01,4449.0,25.256659,2076.1829475574314,16.84099629670304,12.38998210677763,13.475567069367283,1
5050,MEL_Z01,4358.0,34.516876,1878.4084911560126,0.06118336854001766,119.63392398218606,5.07731984444376,1
5051,MEL_Z01,4335.0,16.231888,1680.1736170083102,23.156350323251377,17.324955937125743,36.16573438211089,1
5052,MEL_Z01,4428.0,36.901276,1459.9653483638147,38.40312889697635,1.9231824795535446,53.22983533721298,1
5053,MEL_Z01,4543.0,34.731487,1250.006074051552,49.79945059777754,0.0,49.799309656960105,1
5054,MEL_Z01,4709.0,41.368965,1006.4679227621255,72.31252024714806,0.0,33.484183635887646,1
5055,MEL_Z01,4906.0,55.707314,767.0985425174794,45.85975617023681,0.0,9.24661577956395,1
5056,MEL_Z01,5133.0,16.994131,537.4137143739074,7.7484156578042835,53.91112317958065,3.5379950873701618,1
5057,MEL_Z01,5032.0,31.885925,329.63246598477053,0.0,228.5059394725234,0.0,0
5058,MEL_Z01,4996.0,10.647802,111.07487431756684,0.007826184402265199,133.30210034764056,0.0,0
5059,MEL_Z01,5029.0,11.3338175,133.18104829272463,0.6170434286135958,131.5094274710303,0.017354914128468082,0
5060,MEL_Z01,5114.0,31.824717,373.1565217716997,10.143343384798246,0.0,0.0,0
5061,MEL_Z01,5218.0,27.13591,576.5056529148593,0.0,177.46378470823134,0.0,0
5062,MEL_Z01,5307.0,37.658985,769.3431806249619,0.0,427.2715731719074,0.0,0
5063,MEL_Z01,5505.0,36.871597,984.7049634258279,0.0,677.2212338657315,0.0,0
5064,MEL_Z01,5595.0,18.49124,1213.2356955596154,0.0,927.1980381539053,0.0,0
5065,MEL_Z01,5642.0,27.536776,1413.7396773823507,0.0,1140.2395476537213,0.0,0
5068,MEL_Z11,1727.0,15.503409,2995.304156793064,0.0,578.5474823634172,0.0,0
5069,MEL_Z11,1716.0,13.721327,2838.6387871236084,0.0,647.3921669245927,0.0,0
5070,MEL_Z11,1682.0,18.589884,2720.540355010626,0.0,717.7360913543328,0.0,0
5071,MEL_Z11,1643.0,30.888004,2541.6583697407996,0.0,511.2242355362066,0.0,0
5072,MEL_Z11,1590.0,22.417181,2346.5000269758852,0.0,326.5045467224516,0.0,0
5073,MEL_Z11,1525.0,21.71973,2162.6598171516025,0.0,260.2802713784422,0.0,0
5074,MEL_Z11,1395.0,23.39968,1993.271831147617,0.0,356.9373298097927,0.0,0
5075,MEL_Z11,1376.0,25.651918,1842.2538542505067,0.0,457.197329381597,0.0,0
5076,MEL_Z11,1445.0,19.180769,1714.2670780983206,0.0,457.9533287840491,0.0,0
5077,MEL_Z11,1395.0,19.198614,1614.4157158949176,0.0,563.6131222412099,0.0,0
5078,MEL_Z11,1335.0,16.181395,1468.5219542699765,0.0,346.667753143995,0.0,0
5079,MEL_Z11,1353.0,11.945271,1321.7238660010605,0.0,171.69120032663741,0.0,0
5080,MEL_Z11,1335.0,26.009829,1206.7712382002267,0.1997201135974336,131.53562012214775,0.0,0
5081,MEL_Z11,1434.0,14.222052,1132.1014589374427,2.708114208742591,101.13285511856516,0.0,0
5082,MEL_Z11,1322.0,38.19195,1092.9634171212751,0.0,342.39028378078217,0.0,0
5083,MEL_Z11,1237.0,32.151234,1012.9522137090215,0.0,367.34073646041816,0.0,0
5084,MEL_Z11,1119.0,23.275278,871.8927041060048,0.0,225.53871316376316,0.0,0
5085,MEL_Z10,1057.0,31.750494,781.6389794667585,0.0,301.71642792304647,0.0,0
5086,MEL_Z10,972.0,4.8225427,755.690541866294,0.0,342.0952464271404,0.0,0
5087,MEL_Z10,1088.0,34.308346,798.6135757418773,0.0,232.3764602421944,0.0,0
5088,MEL_Z10,1241.0,33.382473,821.5620140855502,0.0,209.1251422277192,0.0,0
5089,MEL_Z10,1358.0,35.470337,870.7753313049467,0.0,272.23307805977646,0.0,0
5090,MEL_Z10,1418.0,26.0772,959.1155310598506,0.0,477.5437488164397,0.0,0
5091,MEL_Z10,1322.0,21.465498,979.4759953423314,0.0,614.8821907692962,0.0,0
5092,MEL_Z10,1208.0,24.029837,986.417027158943,0.0,508.7995670200806,0.0,0
5093,MEL_Z10,1126.0,24.771748,959.9584927159368,0.0,325.20510556894027,0.0,0
5094,MEL_Z10,1054.0,13.893092,924.185106778628,1.5053615137599086,75.74784609087072,0.0,0
5095,MEL_Z10,1190.0,29.614351,842.6631221797993,1.2962303007280942,139.4775750843107,0.0,0
5096,MEL_Z10,1352.0,29.857246,827.9591549357858,1.1474431999716481,99.28708018147987,0.0,0
5097,MEL_Z10,1428.0,4.43182,874.4122625010242,0.37143733534468293,113.75483455544291,3.6552769829542866,1
5098,MEL_Z10,1336.0,22.309656,929.2451958701441,0.0,324.3731276800684,0.10712135048246017,0
5099,MEL_Z10,1251.0,25.492928,985.6293015417742,0.613664409987158,110.87306388133007,0.1262606220690031,0
5100,MEL_Z09,1232.0,13.961113,1051.7993361757005,0.0,167.96745449891705,0.0,0
5101,MEL_Z09,1247.0,22.243118,1156.9332052502255,0.0,408.38407114988553,0.0,0
5102,MEL_Z09,1217.0,15.79317,1213.6256502842991,0.0,377.34482687673056,0.0,0
5103,MEL_Z09,1220.0,13.206567,1254.5141685588942,0.0,213.98208425966274,0.0,0
5104,MEL_Z09,1226.0,26.393864,1338.7009265195732,0.0,255.06841888226688,0.0,0
5105,MEL_Z09,1229.0,14.993949,1387.8060043344724,0.0,447.2827646723306,0.0,0
5106,MEL_Z09,1241.0,39.424038,1427.5083245080077,0.0,224.0417031291945,0.0,0
5107,MEL_Z09,1184.0,27.97491,1424.2127642648495,1.7755108012481573,31.690859997432735,0.0,0
5108,MEL_Z09,1324.0,27.578722,1445.4687162125504,0.25439346201787044,112.07784923725447,0.0,0
5109,MEL_Z09,1437.0,33.920856,1506.3838503430532,0.0,227.9702178308945,0.0,0
5110,MEL_Z09,1589.0,22.838036,1604.3050213849956,0.0,284.30588424448,0.0,0
5111,MEL_Z09,1666.0,21.335686,1732.2825417631843,0.0,172.89098182877035,0.0,0
5112,MEL_Z09,1729.0,14.036243,1884.89018442824,0.0,220.3923828725508,0.0,0
5113,MEL_Z09,1799.0,27.62504,2055.5469886156798,0.0,252.81590941921024,0.0,0
5114,MEL_Z08,1910.0,35.916016,2118.403111852783,0.0,200.31037564844777,0.0,0
5115,MEL_Z08,2050.0,28.957333,2093.190943602273,0.0,161.89985663790304,0.0,0
5116,MEL_Z08,2179.0,20.85767,1975.2416442013657,4.41637658079704,24.710893508026572,0.0,0
5117,MEL_Z08,2259.0,31.712093,1812.3922023844866,1.4916695843743941,117.62681357251722,0.0,0
5118,MEL_Z08,2229.0,32.178436,1657.8618046916115,0.0,232.08041704020715,0.0,0
5119,MEL_Z08,2183.0,30.595194,1504.2627175667235,0.0,387.74894942521155,0.0,0
5120,MEL_Z08,2159.0,32.31715,1374.2468014546405,0.0,434.38443106548283,0.0,0
5121,MEL_Z08,2149.0,21.209223,1279.4671577182423,0.0,513.4860503795322,0.0,0
5122,MEL_Z07,2099.0,32.403397,1225.9002472820173,0.0,453.9038454728686,0.0,0
5123,MEL_Z07,2085.0,35.56359,1221.1197293448447,0.0,249.15878347433576,0.0,0
5124,MEL_Z07,2095.0,28.81357,999.1331342655936,0.0,194.4692652967888,0.0,0
5125,MEL_Z07,1981.0,35.810276,778.2160120479471,3.792525708185367,87.0134248273877,0.0,0
5126,MEL_Z07,1926.0,28.845474,577.3875826572731,1.7534591476739136,76.935657904845,0.0,0
5127,MEL_Z07,1916.0,44.42049,424.11362876817134,0.0,321.86518014942004,0.0,0
5128,MEL_Z07,1822.0,43.563087,257.3431974324995,0.0,428.1502413703798,0.0,0
5129,MEL_Z07,1697.0,54.286503,128.062538752304,0.0,310.18017061517764,0.0,0
5130,MEL_Z07,1591.0,34.662533,141.0590951283699,8.084951735105042,69.71712838484882,0.0,0
5131,MEL_Z07,1617.0,40.786037,118.91425401196473,0.4892034589133589,124.31462393567426,0.0,0
5132,MEL_Z07,1666.0,44.9142,306.128122300329,0.006183525387671096,155.82778825770777,0.0,0
5133,MEL_Z07,1662.0,35.89167,524.2151846819893,2.979575158413608,98.37889249815902,1.6463593624598372,1
5134,MEL_Z07,1803.0,39.258545,633.208338251417,4.50344788384194,105.64937594879567,0.0,0
5135,MEL_Z07,1819.0,34.021374,517.9387461007748,1.588713215584028,84.72145357297539,0.0,0
5136,MEL_Z06,1816.0,22.433655,449.6164023100138,3.2753691771243996,117.3648766776991,0.0,0
5137,MEL_Z06,1686.0,33.234447,254.44079853453687,6.290061370551263,63.528309645955304,0.0,0
5138,MEL_Z06,1690.0,28.29317,127.10982191765243,0.0,194.74582446396968,0.0,0
5139,MEL_Z06,1690.0,52.138084,152.7130356511139,3.36283134263667,113.82482886388699,0.0,0
5140,MEL_Z06,1840.0,58.582928,190.4025717525476,23.959938418916636,25.758175043429247,2.6002240381256354,1
5141,MEL_Z06,1888.0,68.13564,224.59162657449633,5.753378462062959,29.13335596377174,0.0,0
5142,MEL_Z06,1915.0,29.917097,248.99004336297727,3.332081932501972,74.38883596085967,0.0,0
5143,MEL_Z06,1975.0,22.76565,237.0011602067477,13.643865694227877,26.717497242681542,0.0,0
5144,MEL_Z06,1979.0,51.350132,249.1981794240943,2.2509281334235918,28.206773234644345,0.6498878782119094,0
5145,MEL_Z06,2010.0,42.53696,390.7234242174187,3.7689596520143134,45.88210401702966,0.0,0
5146,MEL_Z06,1963.0,23.041344,340.32748085905473,6.704701547839487,52.104185271096206,0.0,0
5147,MEL_Z06,1941.0,20.57464,326.8848991658726,0.0,250.20049461340497,0.0,0
5148,MEL_Z06,2011.0,32.85627,329.59542505022415,1.0516346302144586,37.11894240909042,0.0,0
5149,MEL_Z05,2098.0,28.565994,323.5424366439663,0.0,232.54143972186134,0.0,0
5150,MEL_Z05,2133.0,18.30545,430.74194664288063,0.0,243.0319948019066,0.0,0
5151,MEL_Z05,2169.0,36.453705,411.1616239454501,0.0,214.86358170375226,0.0,0
5152,MEL_Z05,2317.0,51.887074,393.1731524620414,0.7263322127610907,48.25385362270898,0.0,0
5153,MEL_Z05,2403.0,48.712795,441.82903618149226,9.821463826432794,55.0059336065159,9.745064264092228,1
5154,MEL_Z05,2446.0,62.20881,424.70684731779556,0.0,192.57889279401084,38.42724162382651,1
5155,MEL_Z05,2526.0,44.158726,352.28482920456315,0.0,277.701360110097,2.9926072275027895,1
5156,MEL_Z05,2444.0,43.307713,351.5360397687089,0.0,432.62701983879845,0.0,0
5157,MEL_Z05,2360.0,51.545033,273.32264368192983,0.0,289.915961434056,0.0,0
5158,MEL_Z05,2291.0,37.764458,121.53591647471703,0.0,278.3173832364012,0.0,0
5159,MEL_Z05,2264.0,45.746548,96.39592833956789,0.0,358.89382210535376,0.0,0
5160,MEL_Z05,2247.0,43.179188,89.70933100979605,0.42648687817099007,155.94560306618015,0.0,0
5161,MEL_Z05,2340.0,30.439903,111.07985341174013,5.637676332391602,111.52696342227404,0.0,0
5162,MEL_Z04,2466.0,26.068998,214.322150031592,10.626833787136766,87.37927752855359,1.3659176992727342,1
5163,MEL_Z04,2611.0,32.311535,304.0619863030839,30.689416653236023,37.58099667197868,2.128973334396718,1
5164,MEL_Z04,2738.0,25.435036,444.2530880317756,8.219262657996616,60.98231496019756,5.273077996901145,1
5165,MEL_Z04,2843.0,37.03289,445.065198063454,7.8876937058827545,66.5994224653079,0.33387312722223833,0
5166,MEL_Z04,2867.0,12.50651,467.89584493434523,0.0003675348789492543,175.48644865946682,0.0,0
5167,MEL_Z04,2794.0,43.166218,485.5231708292468,26.720922199402818,12.476830677459576,12.207816731681579,1
5168,MEL_Z04,2868.0,38.054672,501.9034637469863,36.297629812154085,0.0,16.785164639177918,1
5169,MEL_Z04,3110.0,39.164864,617.2078466471851,8.968687895475606,13.496178864070933,3.4473082220162072,1
5170,MEL_Z04,3277.0,49.226055,696.3383573413636,8.267654713712535,7.574243239837659,0.0,0
5171,MEL_Z04,3341.0,53.37495,769.5659120985956,8.202415481962033,41.30262447144161,0.10247311353343133,0
5172,MEL_Z04,3493.0,49.80614,825.4737667041769,10.44799122863881,18.21940285595835,3.839209618051914,1
5173,MEL_Z04,3418.0,46.80786,870.3027744950768,7.330959048334762,21.482814825086493,3.5678085848438337,1
5174,MEL_Z04,3481.0,19.533611,928.3037447630655,13.646351030856184,13.397232022538889,7.794395787997767,1
5175,MEL_Z04,3685.0,40.99349,1039.6726912923161,0.9612926202763385,110.36062340519251,0.0,0
5176,MEL_Z04,3722.0,50.195793,1110.8777671147666,39.10418289657104,0.0,7.13191148353692,1
5177,MEL_Z03,3561.0,64.53123,1187.6108194647811,20.78890936170011,0.0,15.242561940137556,1
5178,MEL_Z03,3447.0,51.79638,1267.8344113312735,19.22311264894036,0.0,18.68456118075993,1
5179,MEL_Z03,3562.0,24.434135,1357.5310041600494,9.502675500856885,0.0,7.947412976248495,1
5180,MEL_Z03,3818.0,34.893494,1389.5059412793985,2.641424195819769,26.355141747838942,2.492144787377739,1
5181,MEL_Z03,3964.0,39.556313,1453.4287965867932,0.1017059695190646,97.77081153117831,0.0,0
5182,MEL_Z03,4110.0,46.24223,1504.5734265856058,0.62704966259587,54.60077451661406,0.0,0
5183,MEL_Z03,4270.0,30.26916,1588.55573679395,0.0,174.36037233033332,0.0,0
5184,MEL_Z03,4242.0,11.204176,1601.3638011173655,0.31473192628005436,103.9872716492929,0.0,0
5185,MEL_Z03,4226.0,30.770023,1625.02234568119,0.0,135.33504539306344,0.0,0
5186,MEL_Z03,4275.0,28.155048,1642.814117476556,2.425476627794572,88.11581525995248,5.373327655787549,1
5187,MEL_Z03,4422.0,40.79991,1690.6518402738586,22.553967296888022,0.0,15.747476817357075,1
5188,MEL_Z03,4647.0,26.064075,1756.902217162883,14.376245544921229,38.81392447194894,7.414475446077576,1
5189,MEL_Z03,4710.0,27.951525,1838.619886362184,2.077725521088485,92.50930579264798,0.014320943522811897,0
5190,MEL_Z02,4694.0,30.575235,1812.272905011045,0.0,266.482463758786,0.0,0
5191,MEL_Z02,4699.0,21.335686,1799.2693733992096,0.0,339.6705909500385,0.0,0
5192,MEL_Z02,4647.0,11.082645,1767.8713344279233,0.7080407882383624,90.69879444468786,0.0,0
5193,MEL_Z02,4530.0,27.530773,1771.543911996411,6.912986592818816,0.0,0.0,0
5194,MEL_Z02,4425.0,31.313545,1807.496492664713,0.33697538709975233,19.03382256531619,0.0,0
5195,MEL_Z02,4335.0,41.815876,1874.075472171231,0.017594231762986922,136.1816984278094,15.709562593115454,1
5196,MEL_Z02,4319.0,49.704586,1970.3487457281274,38.20602154071309,0.0,12.600766002389612,1
5197,MEL_Z01,4294.0,20.04275,2081.5492910546045,6.71869599036121,75.4226597992781,6.274964230267427,1
5198,MEL_Z01,4342.0,39.785835,1941.3677395279335,3.191633752151599,102.16018422012134,2.533861491993683,1
5199,MEL_Z01,4250.0,20.097994,1728.4045905914677,66.12567774693417,0.0,69.05107070174925,1
5200,MEL_Z01,4385.0,35.72391,1526.5206374944307,57.37635885430249,0.8647393822505354,64.87600176534237,1
5201,MEL_Z01,4529.0,34.1082,1336.7858106200592,50.229382156837524,0.0,51.70010689364237,1
5202,MEL_Z01,4706.0,54.254047,1121.4811170716764,29.539499251905188,0.0,20.893241988574754,1
5203,MEL_Z01,4892.0,38.372124,902.9198687451956,19.203843501625407,10.457596100244523,7.342140404637461,1
5204,MEL_Z01,4950.0,31.22619,691.2396191839474,22.370483794024032,9.674416485477678,0.0,0
5205,MEL_Z01,5071.0,43.37239,470.95232594463437,7.573818973486929,31.522939713972324,0.0,0
5206,MEL_Z01,4996.0,14.222052,223.8285109135363,4.726169173826446,0.0,0.0,0
5207,MEL_Z01,4933.0,11.653263,20.861463404560098,8.072904973158028,36.3117790991744,0.0,0
5208,MEL_Z01,5027.0,29.990952,183.54016183318058,4.052968933650135,43.94338095770059,0.9242490994057251,0
5209,MEL_Z01,5102.0,17.766876,415.19682646323616,0.0,164.82160728083548,0.0,0
5210,MEL_Z01,5158.0,22.392433,659.4878961028585,0.0,309.66365123897504,0.0,0
5211,MEL_Z01,5262.0,21.57901,906.8958956281623,0.0,499.7058846000329,0.0,0
5212,MEL_Z01,5470.0,31.535229,1117.7424223427993,0.0,725.5672974928787,0.0,0
5213,MEL_Z01,5548.0,18.737907,1325.057259758708,0.0,963.1164454983045,0.0,0
5217,MEL_Z11,1695.0,17.676497,2867.9896238007714,0.0,405.3113340702514,0.0,0
5218,MEL_Z11,1637.0,26.83184,2689.814707535836,0.0,390.6863168934947,0.0,0
5219,MEL_Z11,1604.0,23.041344,2523.8545598990645,0.0,513.1704901019931,0.0,0
5220,MEL_Z11,1558.0,19.741331,2371.431002522931,0.0,677.1580851839833,0.0,0
5221,MEL_Z11,1474.0,27.938354,2192.213568373871,0.0,550.7489606532665,0.0,0
5222,MEL_Z11,1421.0,28.002642,1994.2004506786354,0.0,510.2689988898937,0.0,0
5223,MEL_Z11,1363.0,21.189161,1809.1076655664372,0.0,566.3139794429982,0.0,0
5224,MEL_Z11,1307.0,27.319332,1641.3121743701336,0.0,575.3918284780342,0.0,0
5225,MEL_Z11,1386.0,25.678825,1496.4367562202547,0.0,422.2806895422522,0.0,0
5226,MEL_Z11,1365.0,15.612829,1381.366066840103,0.0,314.62127021715753,0.0,0
5227,MEL_Z11,1322.0,16.168743,1285.8182553702425,0.0,311.7524569060908,0.0,0
5228,MEL_Z11,1274.0,16.87454,1116.778203525868,1.4744590582350505,89.87566007562695,0.0,0
5229,MEL_Z11,1367.0,25.513311,980.315540438208,0.0,169.98713579911373,0.0,0
5230,MEL_Z11,1424.0,25.93722,888.5998212895036,0.0,186.2953877972904,0.0,0
5231,MEL_Z11,1303.0,27.177357,845.9006195762715,0.0,379.1653630104797,0.0,0
5232,MEL_Z11,1226.0,24.405073,823.8891527678379,0.0,555.2850529469031,0.0,0
5233,MEL_Z11,1148.0,20.95765,661.3753139993879,0.0,473.28860609686024,0.0,0
5234,MEL_Z10,1091.0,14.426844,541.52153659576,0.0,484.26819907435817,0.0,0
5235,MEL_Z10,961.0,19.370846,505.93919407087026,0.0,234.28709396363033,0.0,0
5236,MEL_Z10,1101.0,27.355772,563.6377290817176,1.2379843512773265,0.0,0.0,0
5237,MEL_Z10,1260.0,21.837812,572.280406228753,0.477076988858287,58.87637845938428,0.4770769888582871,0
5238,MEL_Z10,1298.0,24.851519,638.9820848574794,0.0,186.1584974699819,0.0,0
5239,MEL_Z10,1288.0,23.765245,717.7751539613511,0.0,434.0953382283659,0.0,0
5240,MEL_Z10,1318.0,15.291904,729.4760125269123,0.0,438.5962941312365,0.0,0
5241,MEL_Z10,1236.0,27.512756,743.8358675208342,0.0,270.9635610946297,0.0,0
5242,MEL_Z10,1165.0,34.402565,709.9749204843251,0.0,264.9606778489345,0.0,0
5243,MEL_Z10,1038.0,8.735691,700.8296503381761,0.9748858508730476,109.83564921611031,0.0,0
5244,MEL_Z10,1095.0,32.641853,599.7517398243033,0.777543628366193,118.68829997482621,0.0,0
5245,MEL_Z10,1222.0,16.604614,579.0450546731514,0.055813803687453416,124.02826751991334,0.0,0
5246,MEL_Z10,1231.0,26.114872,625.8467543430515,0.0,244.52137997435563,0.1068379493839327,0
5247,MEL_Z10,1279.0,30.671057,698.4190124804032,0.0,343.4409402408114,0.07014282012126077,0
5248,MEL_Z10,1230.0,37.851685,742.7768228974728,0.0,159.6423749353081,0.0,0
5249,MEL_Z09,1200.0,7.8041854,821.2475157708154,0.0,226.58591726500785,0.0,0
5250,MEL_Z09,1198.0,21.108643,927.0581923675857,0.0,438.31868807792006,0.0,0
5251,MEL_Z09,1179.0,10.315084,964.2804213942925,0.0,553.4439982813062,0.0,0
5252,MEL_Z09,1175.0,10.9249115,1014.9170375592073,0.0,457.7301699184403,0.0,0
5253,MEL_Z09,1188.0,3.9310963,1115.147710988424,0.0,480.6346517293721,0.0,0
5254,MEL_Z09,1237.0,9.256682,1141.00995829698,0.0,511.99248226412146,0.0,0
5255,MEL_Z09,1142.0,8.767251,1177.7635374869396,0.0,299.593609007553,0.0,0
5256,MEL_Z09,1269.0,30.966196,1174.2133573803765,0.0,192.9269653898993,0.0,0
5257,MEL_Z09,1396.0,32.782196,1199.4732857587983,0.0,291.89754364190463,0.0,0
5258,MEL_Z09,1513.0,32.62423,1272.2182353159278,0.05989097885608344,151.94692443204917,0.0,0
5259,MEL_Z09,1626.0,17.721758,1386.2698508063652,0.0,194.56915866307594,0.0,0
5260,MEL_Z09,1683.0,19.23424,1532.563963464856,2.224095449786547,72.35088328579731,0.0,0
5261,MEL_Z09,1755.0,11.76829,1702.3400107695484,4.390439528561554,34.81665185662525,0.0,0
5262,MEL_Z08,1824.0,18.650862,1812.620514667171,0.0,161.3155889906657,0.0,0
5263,MEL_Z08,1965.0,29.42278,1876.0166940204188,0.3983205071999029,85.2639912652827,0.0,0
5264,MEL_Z08,2094.0,24.279135,1858.8976173533651,0.0,245.78410943395266,0.0,0
5265,MEL_Z08,2090.0,32.214634,1781.5737910169464,0.0,209.7575835689163,0.0,0
5266,MEL_Z08,2123.0,36.377735,1621.908812874743,0.8641581634460385,2.787322565596589,0.0,0
5267,MEL_Z08,2110.0,25.213486,1462.3589815983817,0.42501887800011706,52.305643848614444,0.0,0
5268,MEL_Z08,2038.0,32.553528,1305.507963744596,0.0,288.37815703414776,0.0,0
5269,MEL_Z08,2033.0,33.369835,1157.0937567760088,0.0,519.8575206215288,0.0,0
5270,MEL_Z08,2058.0,33.706593,1043.7115719658314,0.0,383.68419365687646,0.0,0
5271,MEL_Z07,2023.0,27.92371,978.1673561651729,0.0,238.17448242440503,0.0,0
5272,MEL_Z07,1938.0,34.70821,972.1694059044894,0.0,172.62079636577266,0.0,0
5273,MEL_Z07,1933.0,35.635246,894.6094730809597,9.752349371931876,19.943671656701405,0.0,0
5274,MEL_Z07,1931.0,32.977543,664.1094287561931,0.8104716621969713,95.72007851191987,0.0,0
5275,MEL_Z07,1767.0,36.40921,440.2049370060357,0.0,279.5143240493774,0.0,0
5276,MEL_Z07,1608.0,35.726643,224.1877124830182,0.0,291.5985119637344,0.0,0
5277,MEL_Z07,1499.0,55.3443,119.06211273694352,0.0,178.61557814197025,0.00936733097840879,0
5278,MEL_Z07,1434.0,32.232708,57.67028461587156,0.0,309.0482794046574,0.0,0
5279,MEL_Z07,1477.0,50.92668,79.34003784698125,0.0,190.24212362295285,0.47806461139693646,0
5280,MEL_Z07,1450.0,35.268143,23.092026336015554,0.0,198.59480612303835,17.764471054808784,1
5281,MEL_Z07,1472.0,13.519692,224.47034582959648,0.5680724409933778,143.6996981505616,0.0,0
5282,MEL_Z07,1604.0,32.214634,360.04732800438853,1.0344412703702732,118.57282453638375,0.0,0
5283,MEL_Z07,1755.0,34.171513,450.19896093182314,10.792113311536953,82.9991499261066,0.0,0
5284,MEL_Z07,1676.0,27.423883,286.46712735137965,0.0,138.5975107152159,0.0,0
5285,MEL_Z06,1662.0,30.633791,249.1770533827475,0.0,256.7535977303685,0.0,0
5286,MEL_Z06,1621.0,10.181894,118.25553989064784,0.10054366445700716,166.14386970312705,0.10054366445700716,0
5287,MEL_Z06,1621.0,24.131872,87.22635418606245,2.181522761521171,24.368268762796177,0.2585599365617081,0
5288,MEL_Z06,1640.0,40.594482,86.28209931594093,0.471279951468665,123.40953576742234,2.2800101904673284,1
5289,MEL_Z06,1655.0,6.853225,55.27943581617222,0.5321845991443436,112.31137229215769,9.465229970902369,1
5290,MEL_Z06,1678.0,10.24606,0.17609127345827028,0.0,149.31982200921024,4.674521625302517,1
5291,MEL_Z06,1693.0,25.234222,5.147055643798965,0.0,185.77898178946197,0.4169657225467605,0
5292,MEL_Z06,1710.0,10.373097,10.091952938714426,2.972306928603171,65.58516786778777,2.0644176603200473,1
5293,MEL_Z06,1758.0,36.388233,69.13904883072411,0.0,244.58907880542026,4.066507006487548,1
5294,MEL_Z06,1839.0,24.48306,155.65452901919372,0.0,163.60132714989325,0.0,0
5295,MEL_Z06,1834.0,26.121414,91.85386339008556,0.4014883083996413,115.70679503524777,11.811677582327233,1
5296,MEL_Z06,1854.0,14.931418,77.22265364452511,0.0,303.6127179632816,0.0,0
5297,MEL_Z06,1935.0,35.81934,91.15118272256117,0.0,149.13233049126694,0.0,0
5298,MEL_Z05,2000.0,33.377205,98.00305209632776,0.0,267.80913285889574,0.0,0
5299,MEL_Z05,2044.0,29.913197,184.72518826395847,0.0,469.1068126172671,0.0,0
5300,MEL_Z05,2067.0,24.771748,169.745469230312,0.0,246.1009358533655,0.0,0
5301,MEL_Z05,2094.0,44.603146,152.17862656459124,0.0,138.70995157563974,0.0,0
5302,MEL_Z05,2162.0,26.880306,211.57674572201032,1.0067060648119506,112.82317857458919,63.71135120749953,1
5303,MEL_Z05,2223.0,43.868515,192.38766667017038,0.21764301908351502,125.57739894371952,100.0,1
5304,MEL_Z05,2165.0,37.506386,103.33619204395647,6.170059848596318,96.72268764634885,55.25133533668094,1
5305,MEL_Z05,2252.0,41.3333,145.7545185897594,0.0,186.6008298360538,0.766587017526236,0
5306,MEL_Z05,2153.0,45.657066,31.367221879071298,1.466149089860141,103.64438641292152,0.0,0
5307,MEL_Z05,2187.0,33.19191,74.39705206148639,5.098783396137014,89.21420761595739,0.0,0
5308,MEL_Z05,2276.0,21.135529,107.5396997676332,0.0,288.26558652678915,0.0,0
5309,MEL_Z05,2352.0,36.232655,139.01529229319806,0.69539818570457,131.22779623354546,0.0,0
5310,MEL_Z05,2283.0,30.258986,60.8948775993783,0.0,183.84872829417128,0.0,0
5311,MEL_Z04,2348.0,30.485136,14.990163906141825,3.1108258073123736,68.31858717753727,0.0,0
5312,MEL_Z04,2437.0,45.356113,91.21581166610149,42.631527186648086,0.0,15.573160794343776,1
5313,MEL_Z04,2580.0,29.497541,241.0491637154252,0.5080708115579838,117.34673541615668,0.0,0
5314,MEL_Z04,2644.0,33.862694,198.44526234162151,55.89996933937068,0.0,3.4051771967050484,1
5315,MEL_Z04,2670.0,47.619923,217.9351201054401,0.4072414920386537,132.19255939778938,0.057170360600343244,0
5316,MEL_Z04,2684.0,35.941216,240.42900807203594,31.421890359782,0.7864494922172235,19.13698976140918,1
5317,MEL_Z04,2782.0,49.35965,269.48433236775634,5.734642401677439,94.8843187506226,0.0,0
5318,MEL_Z04,2978.0,33.060406,379.289199051969,12.307009091722142,9.265412805257363,0.0,0
5319,MEL_Z04,3064.0,40.00505,477.24472054791966,0.6980188453256481,101.98073899862894,0.0,0
5320,MEL_Z04,3073.0,38.35744,527.7231587668405,7.6418542897292125,65.24237505145163,0.0,0
5321,MEL_Z04,3230.0,40.93142,589.2618060261466,14.165901006809294,6.134664315413716,6.992375990290905,1
5322,MEL_Z04,3282.0,52.281734,622.0258175300212,16.725780319462817,0.0,11.865815619213777,1
5323,MEL_Z04,3455.0,40.283478,700.571439714523,11.596114900029118,7.486824403278456,0.010450356340869514,0
5324,MEL_Z04,3534.0,50.277397,812.5041079633371,0.6014596556843436,133.79113054971447,0.0,0
5325,MEL_Z04,3476.0,50.97792,874.8714744413496,40.569148716743435,0.0,11.322053981432985,1
5326,MEL_Z03,3310.0,36.72066,952.274364580688,49.47871836156886,12.380443417582049,28.823823328841534,1
5327,MEL_Z03,3435.0,36.673473,1030.8491939734324,24.67154812905865,4.520443596484503,20.401825781963908,1
5328,MEL_Z03,3672.0,14.2772455,1109.576419056089,9.482132552379113,53.55925618824518,4.121140622320303,1
5329,MEL_Z03,3799.0,42.572235,1145.9958426557657,3.067051480717631,68.4554731636176,0.5642604055174193,0
5330,MEL_Z03,4037.0,48.158413,1205.7044717048705,2.8741551854545055,18.237748878094383,0.0,0
5331,MEL_Z03,4163.0,23.880253,1265.9350934540919,1.4356130094675947,35.514143118035385,0.0,0
5332,MEL_Z03,4164.0,35.26439,1357.6689231619143,0.2471018783818784,135.03495224458186,0.0,0
5333,MEL_Z03,4115.0,43.965538,1351.8699230164707,0.0,247.0977774696925,0.0,0
5334,MEL_Z03,4088.0,35.98702,1375.0256674556388,2.6647285138491026,58.146506212090664,2.8552319631072107,1
5335,MEL_Z03,4187.0,30.881884,1395.7882391302815,7.452323047602438,24.217153411942014,6.819378345346247,1
5336,MEL_Z03,4369.0,45.47207,1448.3554456149816,19.204154115407942,14.912594272999337,6.1346831982932715,1
5337,MEL_Z03,4572.0,47.13641,1520.8050995165004,15.799964825389939,35.72614328999098,7.3655631297926085,1
5338,MEL_Z03,4649.0,44.63991,1592.9545534875342,31.171235113590477,0.0,14.524985586256134,1
5339,MEL_Z02,4573.0,26.029577,1562.4868643378131,2.9621950074306556,45.386568342252765,0.0,0
5340,MEL_Z02,4582.0,27.945673,1554.7738602803227,0.0,283.5501538938308,0.0,0
5341,MEL_Z02,4541.0,24.920338,1518.3282035352431,0.8718957583842866,74.59104772193987,0.0,0
5342,MEL_Z02,4408.0,37.99705,1522.602807921403,0.535870070018113,52.82660834961979,0.0,0
5343,MEL_Z02,4320.0,39.8534,1563.4697376807155,1.272788424648598,24.03827569804444,5.0063988425245824,1
5344,MEL_Z02,4207.0,36.79247,1639.985647815855,0.3763430161018961,158.0000969333978,5.880210431366212,1
5345,MEL_Z02,4084.0,35.842884,1749.1907355804774,46.874658220703424,8.194215446619815,43.686438061041386,1
5346,MEL_Z02,4117.0,36.39523,1852.8035169653633,3.2407010372421197,79.29522362105304,11.579587041950388,1
5347,MEL_Z01,4181.0,29.502869,1815.7434091250616,35.16198728802016,0.0,28.468515085560682,1
5348,MEL_Z01,4340.0,39.337154,1599.7755410752623,45.699796199651956,21.648408882248365,34.63081162843116,1
5349,MEL_Z01,4491.0,37.12087,1383.4973603719227,31.85222540537086,0.0,24.092371031248838,1
5350,MEL_Z01,4712.0,50.13245,1175.632618527488,25.13897927526966,12.422586839343316,12.330818130861438,1
5351,MEL_Z01,4807.0,37.77168,983.8170567166369,18.992690538881483,20.478017842435356,6.3504378674387585,1
5352,MEL_Z01,4932.0,30.266615,783.4813879467303,15.880127924877149,29.651463101477695,7.918602257920542,1
5353,MEL_Z01,4868.0,13.519692,562.5703217377378,1.3166685672570404,113.0396110872195,0.0,0
5354,MEL_Z01,4959.0,34.42233,352.1785915222668,10.561111185022495,9.222982177654291,0.8116824937776715,0
5355,MEL_Z01,4923.0,34.132347,132.90653152930446,0.9557648790864974,91.64693890242103,0.0,0
5356,MEL_Z01,4927.0,26.504463,76.80081535848149,0.8120345633100492,108.61711365799599,0.0,0
5357,MEL_Z01,4989.0,13.91581,311.0499151059994,7.60686867682929,4.8561106131566945,0.0,0
5358,MEL_Z01,5048.0,6.1829305,529.865969371368,1.431340903255412,110.7540325772612,0.0,0
5359,MEL_Z01,5118.0,27.463106,742.4576781422252,0.0,345.7632148941282,0.0,0
5360,MEL_Z01,5253.0,59.93446,969.784853978291,0.0,592.7845409402177,0.0,0
5361,MEL_Z01,5466.0,14.710078,1205.4121881774413,0.0,837.8032120196897,0.0,0
5362,MEL_Z01,5554.0,19.33555,1446.1395040259874,0.0,1047.8091739679905,0.0,0
5365,MEL_Z11,1742.0,20.766205,2827.8542203166253,0.0,399.33094750391587,0.0,0
5366,MEL_Z11,1630.0,21.818552,2668.346539846096,0.0,188.01407099838445,0.0,0
5367,MEL_Z11,1520.0,26.539568,2514.7430117776603,0.0,160.73161881449715,0.0,0
5368,MEL_Z11,1454.0,24.686216,2336.379912157221,0.0,369.1822299539191,0.0,0
5369,MEL_Z11,1446.0,21.406227,2172.079491859955,0.0,609.6098368890922,0.0,0
5370,MEL_Z11,1451.0,8.001043,2023.847039589488,0.0,790.3842043789481,0.0,0
5371,MEL_Z11,1378.0,30.710716,1844.3354874456932,0.0,744.3406027342156,0.0,0
5372,MEL_Z11,1297.0,21.07272,1642.4398005333146,0.0,525.5509517844511,0.0,0
5373,MEL_Z11,1227.0,23.601683,1455.556115888455,0.0,348.367349273597,0.0,0
5374,MEL_Z11,1296.0,21.458925,1290.2242884958634,0.0,289.1982939408229,0.0,0
5375,MEL_Z11,1254.0,19.689674,1155.3123678179636,6.525360497434648,71.45574170709696,0.0,0
5376,MEL_Z11,1238.0,21.760624,1061.5171331353913,0.0384462835747546,153.41110826690831,0.0,0
5377,MEL_Z11,1291.0,26.565052,932.4641816574589,0.0,313.41429691626433,0.0,0
5378,MEL_Z11,1300.0,27.253843,766.700972718843,0.0,344.31380339671193,0.0,0
5379,MEL_Z11,1282.0,22.309656,650.0504376301805,0.0,365.2182267595487,0.0,0
5380,MEL_Z11,1220.0,34.74021,597.2551584178036,0.0,486.4994289116582,0.0,0
5381,MEL_Z11,1228.0,19.97522,573.9267337042922,0.0,681.8937127627369,0.0,0
5382,MEL_Z11,1140.0,26.870941,484.29788913430457,0.0,601.6612875605227,0.0,0
5383,MEL_Z10,1043.0,19.593258,313.4299638349283,0.0,372.11420244157677,0.0,0
5384,MEL_Z10,950.0,13.828494,256.45069338619254,0.0,199.85408269153658,0.0,0
5385,MEL_Z10,1114.0,18.004162,347.53598629737417,0.0,234.03738092504332,0.0,0
5386,MEL_Z10,1127.0,31.138372,323.7598374158039,7.8261708521251,61.02430916792848,0.0,0
5387,MEL_Z10,1115.0,27.75582,418.9859540994882,0.0,134.72843534391492,0.0,0
5388,MEL_Z10,1093.0,30.615124,468.05660117733487,0.0,384.7279576843173,0.0,0
5389,MEL_Z10,1146.0,25.316908,479.47604763165884,0.0,361.7676480629922,0.0,0
5390,MEL_Z10,1126.0,45.730965,508.49291455423145,0.03299509026746175,111.77702636904934,0.0,0
5391,MEL_Z10,1171.0,33.732365,460.00920392530656,3.5035020537188446,17.64487527671902,1.9531475556014761,1
5392,MEL_Z10,1039.0,24.01308,494.3910717273359,0.0,142.58609573998226,0.0,0
5393,MEL_Z10,1055.0,27.387592,366.5012433304287,0.0,246.94717499147748,0.0,0
5394,MEL_Z10,1097.0,17.831476,331.27773043389095,0.0,371.336557606249,0.0,0
5395,MEL_Z10,1090.0,16.466053,379.1721443240576,0.0,428.20706858232535,0.24596023801126454,0
5396,MEL_Z10,1110.0,30.763855,451.0055064080453,0.0,504.4150316878739,0.0,0
5397,MEL_Z09,1166.0,14.140649,499.10727525847136,0.0,402.45314340202606,0.0,0
5398,MEL_Z09,1121.0,12.625546,602.4845581019264,0.0,431.999328513085,0.0,0
5399,MEL_Z09,1151.0,28.633503,688.7718639430584,0.0,579.6078889652536,0.0,0
5400,MEL_Z09,1171.0,32.863873,715.3923700604588,0.0,771.4994491874685,0.0,0
5401,MEL_Z09,1201.0,19.890371,780.3463271599892,0.0,705.788048484311,0.0,0
5402,MEL_Z09,1201.0,17.285707,874.5889737541951,0.0,721.7421835799328,0.0,0
5403,MEL_Z09,1138.0,18.232088,895.7499708880454,0.0,653.0293074921846,0.0,0
5404,MEL_Z09,1218.0,34.34213,928.156174319732,0.0,504.05089535374896,0.0,0
5405,MEL_Z09,1343.0,28.81357,924.2142713711295,0.0,441.8127763088791,0.0,0
5406,MEL_Z09,1424.0,32.51807,955.5538168753341,0.0,330.0303777086965,0.0,0
5407,MEL_Z09,1520.0,31.842058,1045.3159302392198,1.2673280269261684,126.98575469977754,0.0,0
5408,MEL_Z09,1631.0,41.19301,1180.9714631896454,0.0,173.11192593175755,0.0,0
5409,MEL_Z09,1681.0,22.441889,1349.3144934101692,0.0,196.27119924840272,0.0,0
5410,MEL_Z09,1748.0,20.809721,1518.6086642799849,0.0,205.36762657102005,0.0,0
5411,MEL_Z08,1823.0,25.589521,1569.347845155897,0.0,225.8331426926124,0.0,0
5412,MEL_Z08,1952.0,27.6623,1635.3811253241595,1.0206335349420645,100.87205798283225,0.0,0
5413,MEL_Z08,2022.0,20.891827,1629.2485778512562,0.0,175.85392853223215,0.0,0
5414,MEL_Z08,1999.0,19.719215,1540.4730436661127,0.0,309.12864681293144,0.0,0
5415,MEL_Z08,1922.0,35.79667,1444.3081174758154,0.0,186.9951907272633,0.0,0
5416,MEL_Z08,1977.0,30.332603,1268.6004629308466,0.0,143.9697054882035,0.0,0
5417,MEL_Z08,1915.0,26.64444,1114.5501724277924,0.0,201.67885661576955,0.0,0
5418,MEL_Z08,1904.0,37.991516,953.6925454487488,0.0,326.728581477184,0.0,0
5419,MEL_Z08,1909.0,25.254934,815.2579567947151,0.0,297.49647772793895,0.0,0
5420,MEL_Z08,1831.0,37.454105,731.9029712654237,1.4483804260255249,47.86421637000807,0.0,0
5421,MEL_Z07,1807.0,33.74164,723.9313278156735,0.0,174.6671796245374,0.0,0
5422,MEL_Z07,1788.0,37.46392,723.5031983922612,0.04963931730340644,117.51415004795722,0.0,0
5423,MEL_Z07,1838.0,29.497541,541.7710732556645,0.0,224.0730507559415,0.0,0
5424,MEL_Z07,1684.0,37.418877,362.45791219250117,0.0,409.3346938809145,0.0,0
5425,MEL_Z07,1465.0,43.117054,113.02228599546827,0.0,235.30546739688617,0.0,0
5426,MEL_Z07,1411.0,42.191597,118.11748447355549,2.099936637050718,15.682442138655924,0.27746502866063966,0
5427,MEL_Z07,1631.0,45.225994,229.88509168927973,0.971066454945281,126.54570435030593,0.0,0
5428,MEL_Z07,1649.0,27.857641,313.41947257418025,0.0,302.3038468063399,8.849576981794174,1
5429,MEL_Z07,1535.0,38.50897,116.79383921983609,0.0,425.99883659937564,86.11724640345035,1
5430,MEL_Z07,1570.0,46.47312,6.49560910018052,0.0,313.0328601319454,17.715127271413454,1
5431,MEL_Z07,1633.0,41.174335,130.70991383226428,1.5842812787973213,80.68498399013863,0.0,0
5432,MEL_Z07,1711.0,17.879038,221.8937746608814,0.0,177.3093621753055,0.0,0
5433,MEL_Z07,1616.0,29.776241,119.44607588068865,0.0,317.74536762157226,0.0,0
5434,MEL_Z06,1581.0,8.219959,11.179585160000748,0.0,294.498564692325,0.0,0
5435,MEL_Z06,1604.0,15.649097,10.388372354427782,0.1460736851367911,164.29061202327804,17.723795446910035,1
5436,MEL_Z06,1694.0,33.711746,197.7835028957194,0.1521809470916233,161.50997854709178,6.797901049440391,1
5437,MEL_Z06,1785.0,28.634907,322.3333486971738,0.0,222.04174209242382,0.0,0
5438,MEL_Z06,1792.0,37.35807,288.0807292898712,6.270235947705218,0.0,0.0,0
5439,MEL_Z06,1842.0,29.374537,247.36305898634274,0.0,193.78660786699373,0.0,0
5440,MEL_Z06,1792.0,32.451366,218.16830669888424,2.5702458765765477,54.64952082719772,0.0,0
5441,MEL_Z06,1821.0,32.760345,201.62913188548202,0.0,271.18636037345476,0.0,0
5442,MEL_Z06,1858.0,35.629745,159.09978515430097,0.0,393.69498324273786,0.0,0
5443,MEL_Z06,1841.0,46.484325,91.12590744524911,0.0,407.87922936609516,0.0,0
5444,MEL_Z06,1844.0,17.035744,130.37666455094532,0.0,359.04040366287177,1.904123786397586,1
5445,MEL_Z06,1896.0,14.306578,170.72033962511307,0.0,463.20077442610494,0.0,0
5446,MEL_Z06,1914.0,20.262514,152.81673416527838,0.0,397.72066077517826,0.0,0
5447,MEL_Z05,1892.0,10.9249115,10.004545477224417,0.0,455.8272964720486,2.748390218247772,1
5448,MEL_Z05,1947.0,25.9983,22.0195517700629,0.0,598.5646647721646,0.0,0
5449,MEL_Z05,1999.0,23.391932,60.46317954440296,0.0,445.8521356882621,0.0,0
5450,MEL_Z05,2015.0,28.8219,83.4235116999178,0.0,387.1883806535648,0.09887657204254868,0
5451,MEL_Z05,2056.0,36.091606,11.799190948321035,0.0,362.6149722084959,31.735175048874332,1
5452,MEL_Z05,2121.0,41.820816,37.1900208995,0.09078840306089274,159.5663016285875,28.12278492355218,1
5453,MEL_Z05,2275.0,46.4516,111.13448132734445,1.592242768264447,131.22582648550073,2.963566982363924,1
5454,MEL_Z05,2229.0,60.363792,65.53663837583467,5.09960391847501,24.598369961651212,0.0,0
5455,MEL_Z05,2313.0,33.33187,190.28403703982647,10.150720179215233,73.16263028424044,0.0,0
5456,MEL_Z05,2361.0,29.93397,251.5246382447164,16.489834998040845,16.555758147130863,0.0,0
5457,MEL_Z05,2392.0,25.889185,340.15127595959495,0.5052005612950794,131.27941714889218,0.0,0
5458,MEL_Z05,2492.0,26.770657,370.42108340901115,1.9220785509455711,124.17881386908255,0.0,0
5459,MEL_Z05,2471.0,34.017326,230.78263374106967,1.492403619160984,79.31240076286393,0.0,0
5460,MEL_Z04,2443.0,24.578665,238.6142251312615,0.0,253.51752503416324,0.0,0
5461,MEL_Z04,2405.0,36.984924,82.77705348703341,0.0,153.90289218967948,0.0,0
5462,MEL_Z04,2389.0,7.062044,13.234943274566076,1.7418576720439505,21.223847201084652,0.0,0
5463,MEL_Z04,2483.0,24.899193,20.9906678187674,26.083817617799333,49.91404003717968,0.47036370124606275,0
5464,MEL_Z04,2526.0,26.34877,31.907176348939334,0.28574376014891606,126.61757364203369,0.0,0
5465,MEL_Z04,2522.0,5.139694,5.288917722897157,0.0,182.72199575643657,17.54117072401024,1
5466,MEL_Z04,2584.0,34.283466,95.35983624326985,9.683730465418657,0.0,11.611304517029712,1
5467,MEL_Z04,2691.0,34.992023,138.03865251855382,17.978060606377827,0.0,0.0,0
5468,MEL_Z04,2846.0,56.733074,227.92431419940226,14.10068062323971,49.4966486507992,0.0,0
5469,MEL_Z04,2912.0,35.63616,293.108190198732,7.49683884791767,50.30530504448325,1.4099821704120359,1
5470,MEL_Z04,3022.0,33.573967,345.2013805614379,15.91722790367727,13.37706263152435,2.5221688207811943,1
5471,MEL_Z04,3139.0,42.392643,375.95227918781575,16.937129541746245,31.41463178760588,11.224376049958375,1
5472,MEL_Z04,3203.0,49.237392,484.00712939371704,4.7446159961854555,38.400433635454526,0.0,0
5473,MEL_Z04,3425.0,24.837364,564.7368875670825,0.2368135063626081,74.89300256186232,0.0,0
5474,MEL_Z03,3264.0,41.169823,636.905719411273,12.269967878416534,0.0,9.664095600916294,1
5475,MEL_Z03,3192.0,24.168814,715.8186084662635,42.65956968341777,20.81055388333496,27.271271108804374,1
5476,MEL_Z03,3484.0,44.9347,801.3724037587042,4.261898208530982,0.0,0.0,0
5477,MEL_Z03,3603.0,35.67278,859.804384025709,7.043518090229671,81.68192387498247,5.6761945085750645,1
5478,MEL_Z03,3738.0,39.52837,906.0276937918896,9.663128467945462,17.00087581716198,0.6703819088980706,0
5479,MEL_Z03,3881.0,53.84784,959.161758740676,2.094939542316344,47.55219235722908,0.0,0
5480,MEL_Z03,3981.0,45.12085,1030.683843640551,3.011765396870904,41.828006800639535,0.0,0
5481,MEL_Z03,4070.0,30.62508,1109.7076958132411,0.0,237.9679874536964,0.0,0
5482,MEL_Z03,3978.0,39.355293,1102.6053482475313,0.09712850164858752,120.67647418329327,0.101989748485941,0
5483,MEL_Z03,3980.0,27.518763,1125.0304655254686,2.29741810542257,73.4424743974158,3.8019579244862998,1
5484,MEL_Z03,4027.0,36.935127,1150.0484304621907,21.74103628470831,0.0,10.043020125190845,1
5485,MEL_Z03,4260.0,39.998795,1207.403057995238,25.86830109460155,5.86091249355726,10.427546037510844,1
5486,MEL_Z03,4358.0,46.17601,1289.9577127793495,24.62910036816847,0.0,12.727713555703568,1
5487,MEL_Z03,4377.0,40.332573,1348.8829943426706,63.52009347717323,0.0,33.89551036131502,1
5488,MEL_Z02,4411.0,41.726673,1312.7628590794268,1.066807990062944,28.899774389644808,0.0,0
5489,MEL_Z02,4449.0,19.31029,1312.3540814770872,0.0,214.8863480069145,0.0,0
5490,MEL_Z02,4375.0,43.456715,1268.9649373442717,0.0,183.48219955616017,0.0,0
5491,MEL_Z02,4293.0,37.233273,1274.0764456062805,0.0,244.02733390327296,0.0,0
5492,MEL_Z02,4195.0,34.623558,1321.6775969545567,0.06452085342666852,119.21085767632935,0.0,0
5493,MEL_Z02,4030.0,21.844229,1411.3635161396778,29.447387331767374,10.56343333220617,24.68401229903312,1
5494,MEL_Z02,3936.0,29.60509,1524.5806583382184,32.613731493840795,24.732119605265574,54.58008390274283,1
5495,MEL_Z02,4200.0,27.769136,1630.3111033997504,7.161001000933805,48.87492630174687,0.0,0
5496,MEL_Z01,4323.0,30.439903,1688.2477217605635,40.95449788195691,1.5146217730239586,2.100265877346365,1
5497,MEL_Z01,4491.0,52.045395,1471.0689885896059,47.56300694526272,10.981119800714362,6.791608455449655,1
5498,MEL_Z01,4641.0,38.406063,1261.576438925058,30.07170373525397,23.003453572352292,22.54196559721913,1
5499,MEL_Z01,4915.0,50.872017,1042.3080987552094,20.45151165876509,9.965732160359245,5.327059790010073,1
5500,MEL_Z01,4997.0,35.807552,827.0180474422507,0.0,201.35439333377278,0.0,0
5501,MEL_Z01,4920.0,48.997242,631.5027305547017,0.2812025851823202,24.310054098741684,0.0,0
5502,MEL_Z01,4807.0,12.942409,451.5754512759824,3.3199846430365514,77.82287379993794,2.1408972506168116,1
5503,MEL_Z01,4850.0,22.311731,225.09110935728597,4.3625624681656925,38.58984797050844,4.227682245101088,1
5504,MEL_Z01,4862.0,12.625546,7.267520831874857,0.0,210.2934985655028,0.0,0
5505,MEL_Z01,4890.0,12.946521,199.7882802916541,11.41929891191955,68.86324338614347,0.0,0
5506,MEL_Z01,4949.0,12.604383,419.60066427935266,25.678201108930015,30.568656400858814,0.0,0
5507,MEL_Z01,5051.0,23.48464,635.8099432343367,0.9988707742904345,118.9793286654544,0.0,0
5508,MEL_Z01,5173.0,52.876343,865.6167676596767,0.0,311.84428812162884,0.0,0
5509,MEL_Z01,5384.0,19.02691,1083.378971905188,0.0,490.3744567071879,0.0,0
5510,MEL_Z01,5433.0,4.9037924,1255.619252841288,0.0,654.657536364043,0.0,0
5513,MEL_Z11,1829.0,17.011982,2806.9393482807895,0.0,600.5810621989332,0.0,0
5514,MEL_Z11,1755.0,25.650234,2645.8032079770005,0.0,383.69084249188677,0.0,0
5515,MEL_Z11,1640.0,30.033562,2475.054815296661,0.05787926839135743,154.87500487642362,0.0,0
5516,MEL_Z11,1531.0,26.983027,2317.7536155943126,0.7778319586027503,146.25638870038867,0.0,0
5517,MEL_Z11,1399.0,11.082645,2161.596712696489,0.0,365.7681622475059,0.0,0
5518,MEL_Z11,1329.0,33.39194,1982.9873996038077,0.0,607.5884767436938,0.0,0
5519,MEL_Z11,1349.0,31.735374,1820.7895253005415,0.0,854.1318198202936,0.0,0
5520,MEL_Z11,1341.0,12.688797,1677.8443366435297,0.0,680.0362640601057,0.0,0
5521,MEL_Z11,1283.0,18.100721,1498.7029203438092,0.0,431.48368544234427,0.0,0
5522,MEL_Z11,1197.0,23.975777,1291.6584530226849,0.0,186.8342077056285,0.0,0
5523,MEL_Z11,1213.0,25.955402,1102.005747439335,0.3668334952904486,75.29892222513425,0.0,0
5524,MEL_Z11,1149.0,25.623278,940.9346510509613,8.724602383092444,75.576569396942,0.0,0
5525,MEL_Z11,1164.0,16.787176,824.1403174259924,0.24774062783970305,138.96173312743687,0.0,0
5526,MEL_Z11,1236.0,24.932657,769.9278019533534,0.0,382.0783087842784,0.0,0
5527,MEL_Z11,1146.0,28.536375,579.3533587585857,0.0,185.66791744215269,0.017842974086006918,0
5528,MEL_Z11,1169.0,38.772373,421.45493521176365,0.46693661049586244,133.75691229184906,3.6743902472568077,1
5529,MEL_Z11,1114.0,33.508293,349.9797292918074,0.0,340.3728730338747,0.0,0
5530,MEL_Z11,1119.0,42.287674,324.0214234394788,0.0,577.8458483218087,0.0,0
5531,MEL_Z11,1120.0,18.85055,313.0573256287936,0.0,432.57511923310415,0.0,0
5532,MEL_Z10,1005.0,43.832436,139.00956968090895,0.0,274.36324434436153,0.0,0
5533,MEL_Z10,925.0,0.33761477,8.787837844021599,0.5611506433788019,95.55190121609384,0.16515981414982772,0
5534,MEL_Z10,1031.0,42.38075,105.84066697446727,0.0,156.3033898029668,0.0,0
5535,MEL_Z10,960.0,30.788515,80.54269523719294,0.0,200.73549017984925,0.0,0
5536,MEL_Z10,991.0,26.808334,170.7119039375469,0.0,236.69497399535473,0.0,0
5537,MEL_Z10,980.0,29.992249,218.68333397004216,0.0,442.87589377144894,2.1716790076535384,1
5538,MEL_Z10,1023.0,30.256441,229.47615922528803,0.0,440.46072355508704,10.118709552301745,1
5539,MEL_Z10,1023.0,5.2374763,296.5636720138015,0.0,272.05742767189804,0.0,0
5540,MEL_Z10,1029.0,18.735277,210.08019165673042,0.0,154.95677802656294,0.5923803224836655,0
5541,MEL_Z10,1005.0,12.688797,255.76363555396924,1.7449939660505713,62.89421594634172,0.0,0
5542,MEL_Z10,1031.0,11.708632,148.02650728794112,0.0,213.43470687145984,0.0,0
5543,MEL_Z10,1002.0,12.709802,90.3050198733852,0.0,456.83795097665416,0.0,0
5544,MEL_Z10,1004.0,16.916515,139.44545901997185,0.0,656.8998759193823,0.0,0
5545,MEL_Z10,1070.0,18.1227,203.4530547889073,0.0,718.2738815743373,0.03756275910097268,0
5546,MEL_Z09,1122.0,14.129504,262.5763981566568,0.0,650.0644403854793,0.0,0
5547,MEL_Z09,1086.0,16.416441,368.24000067862886,0.0,668.5100311653429,0.0,0
5548,MEL_Z09,1168.0,11.038533,438.7888800696418,0.0,772.1577215075228,0.0,0
5549,MEL_Z09,1152.0,6.918175,467.6919447639509,0.0,933.0323852893266,0.0,0
5550,MEL_Z09,1198.0,11.976726,557.426224714147,0.0,954.8594819726201,0.0,0
5551,MEL_Z09,1148.0,6.2551007,625.1432574046356,0.0,861.7717411595233,0.0,0
5552,MEL_Z09,1124.0,22.159546,653.6192718601284,0.0,821.9031259859203,0.0,0
5553,MEL_Z09,1238.0,14.481125,678.8378433926114,0.0,689.6289823537498,0.0,0
5554,MEL_Z09,1264.0,24.141115,674.2158631785816,0.0,439.91791990483176,0.0,0
5555,MEL_Z09,1356.0,38.471416,715.8421827756666,0.0,190.95606408951176,0.23555198334164607,0
5556,MEL_Z09,1482.0,21.622444,831.0444582725256,3.3808056219022977,39.71812229173214,0.12741863890789318,0
5557,MEL_Z09,1468.0,26.14266,996.3147567319688,0.5955956804175604,106.9618210820773,0.0,0
5558,MEL_Z09,1602.0,34.966248,1173.6569981539672,0.0,293.0362331926326,0.0,0
5559,MEL_Z09,1714.0,25.628336,1271.318189841978,0.0,294.4642140703872,0.0,0
5560,MEL_Z08,1767.0,22.944004,1328.0990133101734,0.41817313821499696,147.20524894064653,0.0,0
5561,MEL_Z08,1850.0,35.281265,1396.8814007558494,0.2615352423369453,158.13062613633176,0.0,0
5562,MEL_Z08,1986.0,16.410229,1405.2509160237123,0.0,231.54583145035517,0.0,0
5563,MEL_Z08,1898.0,15.2681875,1302.7314472620137,0.24881637904613768,128.25719455450658,0.0,0
5564,MEL_Z08,1860.0,28.835772,1235.2734819751226,0.05763002751618949,146.34856657050176,0.0,0
5565,MEL_Z08,1824.0,44.081017,1090.758558986163,8.326404440593329,24.61614695176203,0.0,0
5566,MEL_Z08,1867.0,13.206567,915.464598084341,10.337729089538119,11.347105004949068,0.0,0
5567,MEL_Z08,1791.0,40.57841,762.4442153415521,0.0,247.97057466947817,0.0,0
5568,MEL_Z08,1760.0,27.17276,603.450732131339,0.0,379.2519654938686,0.0,0
5569,MEL_Z08,1726.0,24.236935,489.01726063160066,0.0,218.96539615731933,0.0,0
5570,MEL_Z08,1639.0,29.154331,477.0775689232482,0.0,213.80874033833197,0.0,0
5571,MEL_Z07,1639.0,42.522827,514.0016730399335,0.3786593645429323,122.9903809397384,0.0,0
5572,MEL_Z07,1683.0,48.050175,381.1615263229215,0.0,324.16877685454256,0.0,0
5573,MEL_Z07,1570.0,55.932446,191.5872707332008,0.0,310.8310552860403,0.0,0
5574,MEL_Z07,1358.0,4.8575335,50.43454466751511,1.4385929780767157,79.8795617560933,1.938573483512803,1
5575,MEL_Z07,1513.0,33.424522,119.66172729493863,6.200782153165467,33.74368015592993,0.0,0
5576,MEL_Z07,1716.0,43.11875,355.6858774983434,9.580726066317075,77.14913696946019,0.0,0
5577,MEL_Z07,1772.0,26.53,470.2589304562887,0.0,226.6467546521022,0.3578444332394301,0
5578,MEL_Z07,1681.0,33.74164,324.63009472568507,0.0,450.3547811366993,16.01857045475939,1
5579,MEL_Z07,1598.0,27.749897,116.68055405846728,0.0,308.8657328026633,7.9021993877443535,1
5580,MEL_Z07,1570.0,32.960274,107.27497921119608,0.12751829158517855,117.49587530738232,27.57350351412427,1
5581,MEL_Z07,1554.0,20.793703,26.740886950011472,0.0,196.35858481559225,14.42271337439399,1
5582,MEL_Z07,1579.0,35.629745,35.46860861663817,0.3875664429542535,126.54149023822768,0.0,0
5583,MEL_Z06,1644.0,38.51433,185.03476660279173,0.0,220.6292822789819,0.0,0
5584,MEL_Z06,1701.0,27.680153,239.8671639708641,3.0950098475404064,11.72526920729989,0.0,0
5585,MEL_Z06,1789.0,24.258966,359.41380765734647,2.782517997942009,114.20357016129978,0.0,0
5586,MEL_Z06,1860.0,29.54144,537.950392416633,0.0,157.54064719460916,0.0,0
5587,MEL_Z06,1927.0,25.38549,532.6686590931556,0.0,165.83650308004673,0.0,0
5588,MEL_Z06,1984.0,9.333631,493.93896688840465,4.394654612236979,93.59260413935154,0.0,0
5589,MEL_Z06,1982.0,41.7074,449.56979390555034,11.524591946324621,0.33365874932667167,0.0,0
5590,MEL_Z06,2033.0,27.544271,439.34739606522453,0.0,188.57641864715015,2.7463185140040336,1
5591,MEL_Z06,2035.0,31.298023,391.1109824368631,0.0,437.00687970557385,0.5478856346866823,0
5592,MEL_Z06,2010.0,23.498116,339.3828563768463,0.0,638.5760888288314,0.0,0
5593,MEL_Z06,1941.0,35.67918,362.8263156764925,0.0,607.8091480945865,0.0,0
5594,MEL_Z06,1962.0,10.3097925,414.9581688222649,0.0,674.5938826242144,0.0,0
5595,MEL_Z06,1955.0,20.176903,341.4446263519462,0.0,647.397092994039,0.0,0
5596,MEL_Z05,2033.0,25.142431,200.14245666430764,0.0,684.6311388030089,0.0,0
5597,MEL_Z05,2067.0,35.861874,233.16554075529803,0.0,617.8216483690024,0.0,0
5598,MEL_Z05,2111.0,27.749897,294.5752500333364,0.0,615.716905781963,0.0,0
5599,MEL_Z05,2142.0,33.20468,330.08425968373973,0.0,628.492384488957,0.0,0
5600,MEL_Z05,2163.0,31.505764,253.2979598803787,0.0,379.6652391767349,0.0,0
5601,MEL_Z05,2204.0,36.293484,284.7179141608429,0.0,135.23575828027052,0.0,0
5602,MEL_Z05,2400.0,33.196167,347.46746659278097,4.875760534409893,34.89863508648743,0.0,0
5603,MEL_Z05,2471.0,35.178825,315.3190524618607,0.0,167.23133214731203,0.0,0
5604,MEL_Z05,2482.0,51.155624,398.618112182915,5.105296095141643,93.24986643086152,0.0,0
5605,MEL_Z05,2558.0,41.123344,479.28385000233135,6.168034891084115,14.00374566530274,0.0,0
5606,MEL_Z05,2523.0,19.4161,586.9103592623641,0.0,172.58564405873955,0.0,0
5607,MEL_Z05,2615.0,28.683954,573.3276184683149,0.07149514624505934,140.84329892726035,0.0,0
5608,MEL_Z05,2645.0,46.81835,471.7447721429715,4.1263340961401,67.39221228139924,0.0,0
5609,MEL_Z04,2661.0,42.52695,432.0139537596381,0.0,315.05037583318597,0.0,0
5610,MEL_Z04,2666.0,48.912098,314.4153312863034,6.419431784527907,97.42853476018864,0.0,0
5611,MEL_Z04,2584.0,52.271366,228.7956347490774,19.99925976951251,2.359849798449511,0.0,0
5612,MEL_Z04,2661.0,27.204933,262.39860485053885,0.1540432619220301,161.21365476332733,0.0,0
5613,MEL_Z04,2654.0,29.374537,264.59680559141634,0.0,313.0553731406764,0.0,0
5614,MEL_Z04,2618.0,37.493332,241.1239065075534,0.0,195.14602712221918,0.0,0
5615,MEL_Z04,2650.0,37.200886,116.2354077736233,0.0,192.40247005252616,0.0,0
5616,MEL_Z04,2649.0,34.69268,61.313335036283526,3.3888529210910865,60.487779500918926,0.0,0
5617,MEL_Z04,2668.0,16.493881,7.249774696515115,6.14532679107109,24.97353847311837,0.0,0
5618,MEL_Z04,2706.0,35.695625,46.32118204906,14.003850543616439,0.0,2.7443064943426325,1
5619,MEL_Z04,2819.0,54.1896,98.05780102032278,11.22055666039862,3.9066563803363272,10.578070523761875,1
5620,MEL_Z04,2940.0,54.63861,142.741699633918,12.755784162259062,32.11803167199644,3.489199509434898,1
5621,MEL_Z04,3115.0,52.367813,281.59575947618845,3.4966912688371177,14.717168636806752,1.8431541941767036,1
5622,MEL_Z04,3267.0,48.048576,320.4568284505931,12.308458190144009,15.674483449557691,0.26307751295799553,0
5623,MEL_Z03,3147.0,55.30487,397.04351636799066,0.39882636786978104,115.21422756606914,0.39882636786978104,0
5624,MEL_Z03,3265.0,57.376965,478.1918575537278,16.681956756688955,0.0,8.86901750639819,1
5625,MEL_Z03,3428.0,26.3665,569.480165719434,2.2726133378287803,78.0845809612409,0.40228801838928874,0
5626,MEL_Z03,3483.0,48.445454,610.2190818503834,5.638658376827956,47.392149441412386,3.529652638221239,1
5627,MEL_Z03,3620.0,29.135286,673.3987618427892,1.0311874874677178,10.472038655586523,0.0,0
5628,MEL_Z03,3702.0,29.121662,715.0239756622802,3.3716530871500185,26.329739815114372,0.0,0
5629,MEL_Z03,3848.0,53.59709,804.0528922122531,2.5343536152007133,14.88014307058544,0.0,0
5630,MEL_Z03,3939.0,45.708263,862.7653067403463,1.3398928230092157,24.73754786305352,0.0,0
5631,MEL_Z03,3854.0,32.241734,853.7709407162798,3.2496024922699305,95.3546521172988,3.282160608079649,1
5632,MEL_Z03,3845.0,34.42233,875.038005208391,0.4178369360367294,136.14563044424295,0.15870022164810216,0
5633,MEL_Z03,3852.0,23.628426,905.4051879735896,49.542743243231904,0.9179397893557854,28.240230741100124,1
5634,MEL_Z03,4127.0,41.677513,966.4185917602114,40.11992011864404,11.250222631865526,16.466964738883178,1
5635,MEL_Z03,4180.0,37.11418,1067.7704110914804,57.696725941901185,0.0,24.429777281252914,1
5636,MEL_Z03,4266.0,22.735388,1107.4594599248444,23.857234217137105,37.84334631868645,2.7722272176185583,1
5637,MEL_Z02,4203.0,41.85782,1063.1685882909494,1.4640298603981046,139.5858119002771,0.0,0
5638,MEL_Z02,4330.0,38.422234,1066.6558871114685,0.3629785522772644,94.0754439651542,0.0,0
5639,MEL_Z02,4336.0,30.72927,1019.9134721964132,0.06612866746586475,134.60427559084397,0.06612866746586475,0
5640,MEL_Z02,4297.0,29.561356,1026.1039687859331,7.399537442335712,39.38125086047407,7.3310553434311405,1
5641,MEL_Z02,4080.0,32.60658,1083.6169618180302,2.1871477460339284,102.99647116073281,0.18898976583769977,0
5642,MEL_Z02,3927.0,37.963017,1191.3093368045122,39.96791070322588,8.98764834964479,48.23348213101003,1
5643,MEL_Z02,3954.0,45.50139,1293.9782089232758,25.88138784157169,0.0,35.251610182599016,1
5644,MEL_Z02,4160.0,32.66716,1417.0207180058464,12.841416114593486,59.21086407094039,10.458646635973166,1
5645,MEL_Z02,4362.0,43.026207,1541.7925068309466,17.7005431582341,12.82130928816981,6.8179549415661995,1
5646,MEL_Z01,4565.0,39.270214,1338.2971878015721,21.57922890053798,11.186103552245424,6.835086028555358,1
5647,MEL_Z01,4744.0,43.634853,1131.8850695185401,27.094506055316604,24.683846843051818,2.1662928115847353,1
5648,MEL_Z01,5003.0,38.17085,914.3726512276778,16.462177683326075,31.644943932861693,0.0,0
5649,MEL_Z01,4993.0,16.85952,702.6375325577777,0.4635273309811167,107.11669002355033,0.0,0
5650,MEL_Z01,4824.0,37.387684,485.13601607469315,7.283575052808154,9.706844876068814,0.0,0
5651,MEL_Z01,4802.0,16.656591,280.51466229652124,0.0,233.6112934363894,30.25073671729234,1
5652,MEL_Z01,4794.0,14.073635,101.37639938593922,1.604115760957345,129.88404370876657,2.877849690956169,1
5653,MEL_Z01,4815.0,23.25966,53.43294412940054,31.423276315058786,28.568466263220188,7.211293420498829,1
5654,MEL_Z01,4922.0,33.64041,300.1536234035726,32.64474764081174,0.0,0.0,0
5655,MEL_Z01,5019.0,27.909048,537.2481292494836,2.588858791903417,63.21380293927314,0.0,0
5656,MEL_Z01,5134.0,65.48888,758.7630401946798,1.6204523561805548,52.042899002036194,0.0,0
5657,MEL_Z01,5306.0,16.028753,976.9499992411932,0.007968402735621622,141.34313038079017,0.0,0
5658,MEL_Z01,5386.0,22.945997,1187.6488488590815,0.0,378.157214145306,0.0,0
5659,MEL_Z01,5504.0,55.98278,1351.3675717480876,0.0,590.1376040805449,0.0,0
5662,MEL_Z11,1844.0,8.543728,2669.777270720378,0.0,674.632627667909,0.0,0
5663,MEL_Z11,1736.0,17.879038,2475.639258720912,0.0,507.70247062931554,0.0,0
5664,MEL_Z11,1603.0,26.969059,2292.2503054208605,0.0,364.244725151319,0.0,0
5665,MEL_Z11,1505.0,20.129128,2122.506345357731,0.0,360.012843529442,0.0,0
5666,MEL_Z11,1389.0,21.047974,1967.8542629578537,0.0,499.80752210345645,0.0,0
5667,MEL_Z11,1316.0,26.945751,1808.6094883628016,0.0,699.4772794575081,0.0,0
5668,MEL_Z11,1235.0,25.421383,1629.6646771784558,0.0,922.8796274819555,0.0,0
5669,MEL_Z11,1249.0,23.428696,1470.5848060991727,0.0,695.2621279101933,0.0,0
5670,MEL_Z11,1238.0,17.932005,1335.647976938488,0.0,453.6568863861226,0.0,0
5671,MEL_Z11,1236.0,10.683509,1156.1644886060574,0.0,230.69033610029174,0.0,0
5672,MEL_Z11,1119.0,20.784542,942.9499563359643,0.0,154.02085471278212,0.0,0
5673,MEL_Z11,1082.0,14.538761,748.4582341576373,0.0,221.68878073095658,0.0,0
5674,MEL_Z11,1200.0,12.260149,596.4744080130731,0.0,277.5634386514693,0.0,0
5675,MEL_Z11,1146.0,32.739563,520.8469645902132,0.0,423.51395006993886,0.0,0
5676,MEL_Z11,1038.0,22.425419,444.39309440876366,0.0,198.2234045320149,0.0,0
5677,MEL_Z11,1025.0,29.92229,227.6147593203127,0.7101664927629269,104.14081813889854,0.3151789974055313,0
5678,MEL_Z11,970.0,31.158865,105.08976043574079,0.0,320.02463461038514,0.0,0
5679,MEL_Z11,936.0,22.311731,74.16992360108362,0.0,564.4901949681218,0.0,0
5680,MEL_Z11,948.0,12.810078,82.67162336847103,0.0,346.005748211492,0.0,0
5681,MEL_Z10,920.0,7.416538,16.45773715239415,0.5820173643812188,96.76790205224988,0.09142160139645435,0
5682,MEL_Z10,981.0,8.063246,149.18058708425255,0.0930354058853853,120.02531092911914,0.0,0
5683,MEL_Z10,975.0,21.388622,119.03226724856523,0.0,335.15502764666184,0.0,0
5684,MEL_Z10,948.0,18.44569,134.4927638690152,0.0,438.54128591832074,0.0,0
5685,MEL_Z10,944.0,11.927253,68.60905534480271,0.0,369.0156305742846,0.0,0
5686,MEL_Z10,957.0,3.1996014,31.233511624889566,0.0,353.88127639088844,0.0,0
5687,MEL_Z10,968.0,9.142973,19.79466185825982,0.0,276.3548267757006,0.0,0
5688,MEL_Z10,972.0,9.01551,136.07152938152262,0.0,150.94213613668305,0.0,0
5689,MEL_Z10,976.0,6.0637655,39.84548100431166,0.0,267.56014899050786,0.0,0
5690,MEL_Z10,983.0,1.9678639,6.58779172666656,0.0,303.40733794918197,10.93733661912776,1
5691,MEL_Z10,989.0,14.397799,60.425201125079425,0.0,368.6452583454175,4.528851141254813,1
5692,MEL_Z10,1086.0,30.588959,120.68354234181287,0.0,550.7126685142074,0.0,0
5693,MEL_Z10,1029.0,14.129504,85.8917010609383,0.0,770.697731229247,0.0,0
5694,MEL_Z10,1022.0,18.004162,40.19552133097576,0.0,837.4837446765669,0.31180750333985174,0
5695,MEL_Z09,1039.0,8.811234,65.45308614973858,0.0,853.4189069224147,0.0,0
5696,MEL_Z09,1117.0,14.97661,158.6528960951351,0.0,912.2433357945779,0.0,0
5697,MEL_Z09,1120.0,13.736695,188.8509517740012,0.0,990.7117586950407,0.0,0
5698,MEL_Z09,1144.0,3.708617,224.34958129104584,0.0,943.4011504905088,0.0,0
5699,MEL_Z09,1158.0,5.258953,364.8298608740442,0.0,764.6401047459865,0.0,0
5700,MEL_Z09,1145.0,12.260148,376.43367482803785,0.0,627.8733998646818,0.0,0
5701,MEL_Z09,1105.0,7.609289,419.9622551372559,0.0,571.9258875955394,0.0,0
5702,MEL_Z09,1174.0,28.206982,429.6742873214632,0.0,620.4622756834267,0.0,0
5703,MEL_Z09,1216.0,28.413088,424.21933114511864,0.0,477.69913968737694,4.538705358868351,1
5704,MEL_Z09,1293.0,29.273582,486.39098098408357,0.0,260.557879750132,0.024599934689449127,0
5705,MEL_Z09,1356.0,14.203599,643.0335785493737,0.0,173.9869387516884,1.3000129284733732,1
5706,MEL_Z09,1465.0,21.700323,821.255210718609,0.018926074381787766,127.02249423914911,0.0,0
5707,MEL_Z09,1569.0,26.775375,978.9299305456875,0.0,298.17274488178884,0.0,0
5708,MEL_Z09,1629.0,26.770657,1025.3426765817987,0.0,142.4597022085457,0.0,0
5709,MEL_Z08,1699.0,38.423004,1088.4062853194694,10.524575918618979,11.840191842357564,0.0,0
5710,MEL_Z08,1838.0,22.309656,1154.514349072702,0.4989197361748968,112.53705943447957,0.0,0
5711,MEL_Z08,1919.0,26.272797,1191.612022926913,0.0,358.3259297891576,0.0,0
5712,MEL_Z08,1806.0,31.576395,1070.5892065161242,0.0,203.1768907836941,0.0,0
5713,MEL_Z08,1801.0,15.19677,994.8196168880572,0.0,213.43214606999368,0.0,0
5714,MEL_Z08,1698.0,27.319332,930.1769059406487,0.0,185.56030606978473,0.0,0
5715,MEL_Z08,1677.0,49.116203,737.2126760959881,0.0,139.69335949748557,0.0,0
5716,MEL_Z08,1695.0,42.76419,562.8532012373117,0.0,321.91251240047444,0.0,0
5717,MEL_Z08,1591.0,24.308426,410.85798379185314,0.0,545.5288370981602,0.0,0
5718,MEL_Z08,1589.0,37.473732,256.3918893527581,0.0,441.563532173636,0.0,0
5719,MEL_Z08,1523.0,22.290972,236.02874740029281,0.0,209.69046450690945,0.0,0
5720,MEL_Z07,1489.0,53.409637,309.96686789505765,0.5556972747948485,113.22885015417674,0.0,0
5721,MEL_Z07,1504.0,43.117054,169.2632366994594,0.0,322.25060429601814,0.0,0
5722,MEL_Z07,1379.0,34.183544,41.44206184192663,0.0,359.23544169003753,0.0,0
5723,MEL_Z07,1412.0,38.87142,125.20250992066904,0.25345766057318947,159.45868483889464,0.7435587716021417,0
5724,MEL_Z07,1559.0,44.679127,295.1125385004002,33.30687072210169,12.285196547992522,0.0,0
5725,MEL_Z07,1770.0,45.11937,464.87486994495924,36.88576297480097,0.0,0.0,0
5726,MEL_Z07,1906.0,27.204933,663.2843908228813,0.0,130.6243429212371,0.0,0
5727,MEL_Z07,1839.0,29.28843,470.2308076772701,0.0,380.51376450802405,0.0,0
5728,MEL_Z07,1757.0,31.2777,337.1150799453632,0.0,462.013959489227,0.0,0
5729,MEL_Z07,1678.0,28.258749,298.9209440267344,0.0,362.98451780372034,0.1737034397084601,0
5730,MEL_Z07,1702.0,49.10845,272.1920565078319,0.28612590800559945,135.48452776208936,9.190917035494046,1
5731,MEL_Z07,1747.0,25.516705,284.4698192792504,1.3886120620158617,135.8330639932536,0.0,0
5732,MEL_Z06,1778.0,28.4883,352.57318651721795,0.0,306.8257864569247,0.0,0
5733,MEL_Z06,1834.0,27.13591,479.54533697420777,0.0,187.21195055719434,0.0,0
5734,MEL_Z06,1861.0,37.838905,568.2726991774549,4.338744150815062,101.8974226337646,0.021572256003369688,0
5735,MEL_Z06,1960.0,43.21635,709.3634110736009,18.08812989900277,0.0,0.022190540604163242,0
5736,MEL_Z06,2052.0,22.295124,780.0913759884667,0.0,218.05495730744286,0.0,0
5737,MEL_Z06,2065.0,31.396877,741.2701043180299,19.125688133576705,8.49846233861534,0.0,0
5738,MEL_Z06,2141.0,36.93428,692.2036578616367,4.663205264807626,53.10042138707519,0.0,0
5739,MEL_Z06,2153.0,33.76633,685.1625066411316,0.0,197.3344036402904,0.0,0
5740,MEL_Z06,2142.0,26.81931,625.4388006735418,0.0,444.30306040230465,0.0,0
5741,MEL_Z06,2073.0,18.96232,588.9839477233309,0.0,601.1203669644814,0.0,0
5742,MEL_Z06,2022.0,29.54144,607.6887444508994,0.0,471.2107589627458,0.0,0
5743,MEL_Z06,2063.0,15.169457,660.7947821346157,0.0,450.9870108309159,0.0,0
5744,MEL_Z06,2047.0,23.391932,533.7473211643766,0.0,552.0876555265517,0.0,0
5745,MEL_Z05,2148.0,35.712055,443.60245239476825,0.0,516.1948473499434,0.0,0
5746,MEL_Z05,2245.0,35.734844,468.14585673550846,0.0,376.56943906848426,0.0,0
5747,MEL_Z05,2269.0,35.79576,541.9166530914255,0.0,373.654077893497,0.0,0
5748,MEL_Z05,2311.0,50.389317,569.3230575152072,0.0,505.6966737302882,0.0,0
5749,MEL_Z05,2235.0,28.76073,501.92781459452453,0.0,426.51062734596815,0.0,0
5750,MEL_Z05,2311.0,44.061394,529.3738159964765,0.0,235.82755278713742,0.0,0
5751,MEL_Z05,2358.0,34.377823,584.3336745188155,0.0,197.44374490766887,0.0,0
5752,MEL_Z05,2544.0,32.64626,565.2938693469853,0.0,273.4344619707113,0.0,0
5753,MEL_Z05,2671.0,28.308926,620.5266584457681,0.0,321.0343356009824,0.0,0
5754,MEL_Z05,2715.0,36.304035,721.7019322145884,0.0921039152956709,133.32046413848863,0.0,0
5755,MEL_Z05,2644.0,33.239754,809.2853559446198,19.383476701027462,18.08304948875004,3.1353774116270654,1
5756,MEL_Z05,2741.0,34.87045,789.3411923121865,0.5395001095580488,0.0,0.0,0
5757,MEL_Z05,2910.0,53.097023,718.869358068826,2.4750001214600195,78.18991115447972,0.0,0
5758,MEL_Z04,2912.0,58.40779,641.7901023439894,0.0,186.52559240797888,0.0,0
5759,MEL_Z04,2834.0,30.664848,543.9285560724983,2.331985436456686,117.69448224956449,0.0,0
5760,MEL_Z04,2728.0,43.864754,478.7044785602284,0.15578254467528954,165.72207103712404,0.0,0
5761,MEL_Z04,2769.0,26.34877,507.44582413074596,0.0,353.56852456904255,0.0,0
5762,MEL_Z04,2742.0,30.025826,504.31460794592994,0.0,349.8986880490836,0.0,0
5763,MEL_Z04,2695.0,26.888115,446.15500289316344,0.4959410595566942,113.5109557479022,0.0,0
5764,MEL_Z04,2829.0,31.727234,363.88864734012196,2.337109114928432,74.10282518143241,0.0,0
5765,MEL_Z04,2814.0,31.586962,275.14343109938085,13.397586930420077,3.8792561253840763,0.0,0
5766,MEL_Z04,2868.0,47.642994,243.7550314216113,2.405072497192602,77.08571859886241,0.0,0
5767,MEL_Z04,2821.0,46.848484,190.86666923896948,6.10459151618965,47.47182842047973,0.0,0
5768,MEL_Z04,2835.0,34.54337,134.8492220191265,0.0,156.2360248810085,2.6089725869543514,1
5769,MEL_Z04,2810.0,31.522272,60.96684153911216,1.8703400564061228,68.0430227259603,44.4445260950336,1
5770,MEL_Z04,2872.0,28.31751,50.21876635403813,1.233502278807758,114.54572001054365,49.546898594133204,1
5771,MEL_Z04,3002.0,25.38549,86.56256102777621,12.195928174049453,53.5792631202092,63.35642233844706,1
5772,MEL_Z03,2996.0,37.71704,163.91173707018007,2.988298348466022,67.79508308999166,17.91458519632735,1
5773,MEL_Z03,3188.0,42.72414,242.36076268793946,7.296623015492871,42.75261596339473,2.4582961816845423,1
5774,MEL_Z03,3301.0,33.920853,327.7266624728536,1.0452877200614068,68.54986038683971,0.8432505815964865,0
5775,MEL_Z03,3359.0,39.5212,361.2078029594885,10.818563897908358,40.23637318466839,6.553365066563624,1
5776,MEL_Z03,3496.0,42.11914,438.44119371854714,4.463128520295723,87.99743985773087,3.44368841907838,1
5777,MEL_Z03,3576.0,30.338932,475.5092451071263,0.0723803271141007,123.46534120404056,0.0,0
5778,MEL_Z03,3677.0,17.189201,593.43413838959,0.3395496089257059,119.99291310872503,3.3649872865447543,1
5779,MEL_Z03,3726.0,25.453789,614.610895776145,0.0,189.58094504395123,0.8657042321251884,0
5780,MEL_Z03,3720.0,31.91242,605.89692558971,1.0716531865923073,66.48751965814384,5.112101630817483,1
5781,MEL_Z03,3690.0,28.99445,625.0515760780928,0.07365910236906825,131.8258309986162,0.07365910236906825,0
5782,MEL_Z03,3709.0,29.460205,660.1725882391343,48.43903369612013,16.429727078874443,25.196500249621195,1
5783,MEL_Z03,3921.0,57.678577,731.5105225103249,44.89279207471875,12.469587541629723,9.47732651998397,1
5784,MEL_Z03,4024.0,49.942642,860.7987128720421,35.16069030669872,0.0,13.267668170757185,1
5785,MEL_Z03,4093.0,47.206715,870.7625802221637,16.980869640193998,10.138294157643594,3.078157750344165,1
5786,MEL_Z02,4067.0,40.359104,813.8234268431635,13.741515549854741,57.57714959208674,0.0,0
5787,MEL_Z02,4164.0,38.105015,816.9319011226579,18.459877338703997,10.682389561087476,0.39767060108783175,0
5788,MEL_Z02,4178.0,61.760605,771.4758384592068,13.170002765995317,15.077092829245455,1.5850380878195032,1
5789,MEL_Z02,4152.0,58.749813,778.7772857568382,14.00041932255445,14.97067360403382,9.904992983764856,1
5790,MEL_Z02,3958.0,48.466,852.4199490790351,27.983515139011683,3.902119294300763,22.8117829744915,1
5791,MEL_Z02,3817.0,23.509657,969.8462970676961,15.895734624026844,24.735918283765592,14.87516646837024,1
5792,MEL_Z02,4039.0,47.603413,1072.1068167666792,6.018711340835634,35.165703878698345,2.106007162021168,1
5793,MEL_Z02,4205.0,43.844833,1217.7771293003898,12.065347573392843,46.49356905048297,4.425372609775583,1
5794,MEL_Z02,4403.0,42.46616,1393.1010454221139,20.255474568080878,40.625483164234325,8.293244940224028,1
5795,MEL_Z01,4652.0,42.886005,1198.6923858923553,22.71861504738888,0.4918829251671421,7.568978114449745,1
5796,MEL_Z01,4809.0,47.284275,987.8150964395353,30.964710009749822,4.202646337561203,4.9002562194684725,1
5797,MEL_Z01,4922.0,39.18027,787.2611510395207,5.0724774682246085,15.871683054875176,0.21545740680594933,0
5798,MEL_Z01,4887.0,26.491676,572.8849681411422,1.6320189403743313,82.12428772270053,0.0,0
5799,MEL_Z01,4761.0,34.719856,364.8434204370681,9.048852634401525,11.997041202107209,0.08117930961849186,0
5800,MEL_Z01,4739.0,11.504161,143.97204250869487,0.0,208.1500840571965,40.85259064536467,1
5801,MEL_Z01,4754.0,28.097157,57.45696372910215,36.24116152395034,0.0,3.568216040495588,1
5802,MEL_Z01,4802.0,34.731487,245.05386906060372,26.47242695750342,42.21371826227376,2.482877915069566,1
5803,MEL_Z01,4934.0,28.257313,397.53455914630115,27.52162257250102,19.722035984553475,0.0,0
5804,MEL_Z01,5093.0,62.533394,610.6219096940708,22.153722202540262,8.334088974452973,0.0,0
5805,MEL_Z01,5301.0,45.717728,843.8871086498789,11.805394112826496,7.776001261298154,0.0,0
5806,MEL_Z01,5470.0,55.630173,1060.030567799301,1.4445129882230634,126.11397882353114,0.0,0
5812,MEL_Z11,1728.0,19.533611,2286.9673610450045,0.0,701.2744644920557,0.0,0
5813,MEL_Z11,1615.0,30.862268,2123.1878359393613,0.0,604.6346882192038,0.0,0
5814,MEL_Z11,1490.0,28.999939,1938.6975808678028,0.0,601.8237041823635,0.0,0
5815,MEL_Z11,1363.0,25.809368,1770.3587301573864,0.0,695.0940897849939,0.0,0
5816,MEL_Z11,1293.0,20.262514,1619.4325994893147,0.0,853.3605258428087,0.0,0
5817,MEL_Z11,1230.0,29.465542,1455.8970480262826,0.0,984.7991354851388,0.0,0
5818,MEL_Z11,1179.0,29.833769,1276.469699248223,0.0,786.0843681132848,0.0,0
5819,MEL_Z11,1126.0,28.835772,1122.4720844074905,0.0,583.1966757305692,0.0,0
5820,MEL_Z11,1107.0,25.521795,1000.7918604807699,0.0,431.727045602336,0.0,0
5821,MEL_Z11,1079.0,37.813328,810.5564454808228,0.0,396.19387157720746,0.0,0
5822,MEL_Z11,1072.0,32.086445,598.9087354038154,0.0,340.3011715600773,0.0,0
5823,MEL_Z11,1091.0,37.687237,394.9212442594222,0.0,425.984347461835,0.0,0
5824,MEL_Z11,1020.0,30.732979,272.9708839589711,0.0,550.406119595872,0.0,0
5825,MEL_Z11,951.0,21.101912,260.8939149786081,0.0,384.741942444343,0.0,0
5826,MEL_Z11,915.0,13.91581,90.8397038154899,0.0,340.77074674066773,0.0,0
5827,MEL_Z11,912.0,15.642511,98.92553137484272,0.0,456.38481410646614,0.0,0
5828,MEL_Z11,936.0,24.899193,171.12121079742747,0.0,639.71634155362,0.0,0
5829,MEL_Z11,955.0,34.828114,126.765058721965,0.0,416.75373501831496,0.5446406315258674,0
5830,MEL_Z11,963.0,12.688797,220.70214918187662,0.0,249.9308911190446,2.2925870302212084,1
5831,MEL_Z10,990.0,6.3441215,336.08480849043394,0.0,256.37000586301605,0.0,0
5832,MEL_Z10,996.0,6.457955,363.77444349576285,0.0,433.5359336934838,0.0,0
5833,MEL_Z10,1008.0,21.439186,358.65934045833524,0.0,395.35133313755574,0.0,0
5834,MEL_Z10,1055.0,20.887278,304.73205357615717,0.0,170.21101400599048,0.0,0
5835,MEL_Z10,1019.0,17.39312,281.15542322813747,1.0346782513656183,133.17463302980562,0.0,0
5836,MEL_Z10,1036.0,26.263071,183.13461635929485,0.0,245.82292168035156,0.0,0
5837,MEL_Z10,1081.0,57.626457,53.98497284262462,5.656121942476911,21.751635111781553,35.20569605546653,1
5838,MEL_Z10,1065.0,27.888504,216.66943272056426,0.0,187.09606770161656,0.0,0
5839,MEL_Z10,1161.0,25.311752,243.29297559794392,0.0,436.1495841579995,0.5110034197889018,0
5840,MEL_Z10,1153.0,33.336094,287.61215712645674,0.0,591.0948862814967,0.30824004978112235,0
5841,MEL_Z10,1211.0,28.149271,360.15445355684443,0.0,719.4144008795545,0.0,0
5842,MEL_Z10,1097.0,36.422314,327.8115308297414,0.0,656.6194080719425,0.0,0
5843,MEL_Z10,1072.0,11.76829,283.62957932628024,0.0,588.4540324137128,0.0,0
5844,MEL_Z09,1039.0,9.462322,176.5464782429306,0.0,611.0076102096499,0.0,0
5845,MEL_Z09,1032.0,2.1343,61.91162843043017,0.0,722.2847433986466,0.0,0
5846,MEL_Z09,1043.0,12.713997,59.242310156093026,0.0,890.8290064005278,0.4959477938661567,0
5847,MEL_Z09,1052.0,12.625546,15.240896037624667,0.0,807.0471563239335,2.32592539985552,1
5848,MEL_Z09,1116.0,24.068874,144.07618703857733,0.0,593.0633830702183,0.1956836665063193,0
5849,MEL_Z09,1109.0,32.52694,131.41197859162025,0.0,412.9642680094864,0.0,0
5850,MEL_Z09,1113.0,7.8041854,203.00769656118015,0.0,321.9839954073241,0.0,0
5851,MEL_Z09,1138.0,9.01551,182.39574786537082,0.0,401.9302277047282,0.0,0
5852,MEL_Z09,1142.0,2.2636364,174.2327514354974,0.0,586.8748781359496,2.706123480261198,1
5853,MEL_Z09,1164.0,19.984886,289.98574443488025,0.0,465.2438935617305,4.469708969272631,1
5854,MEL_Z09,1280.0,31.244179,470.58420388826556,0.0,420.75483613372836,2.312553426051499,1
5855,MEL_Z09,1381.0,28.263056,631.5134272773581,0.0,374.7510594450966,0.0,0
5856,MEL_Z09,1521.0,35.038685,735.566339562605,0.0,457.8289446118642,0.0,0
5857,MEL_Z09,1527.0,23.069046,781.9240813638946,0.0,250.61371223405948,0.0,0
5858,MEL_Z08,1596.0,41.654434,845.3762657811844,0.3954364684078131,132.51216676162664,0.0,0
5859,MEL_Z08,1733.0,36.40572,915.7772554555532,0.0,187.88107559419822,0.0,0
5860,MEL_Z08,1820.0,36.904663,993.2311774504161,0.0,406.2039051732547,0.0,0
5861,MEL_Z08,1734.0,33.101147,846.780802165829,0.0,432.8304688326649,0.0,0
5862,MEL_Z08,1658.0,32.69572,750.8116245562161,0.0,437.90263657129907,0.0,0
5863,MEL_Z08,1577.0,39.377033,694.3645435039542,0.0,422.9292186538348,0.0,0
5864,MEL_Z08,1453.0,33.957478,584.8649134660593,0.0,383.08912987434155,0.0,0
5865,MEL_Z08,1495.0,29.829855,383.6806296800057,0.0,484.97604294313516,0.0,0
5866,MEL_Z08,1434.0,52.50684,213.38233746131715,0.0,667.8195647447188,0.0,0
5867,MEL_Z08,1311.0,23.930893,69.20782881630717,0.0,559.8548896641836,0.0,0
5868,MEL_Z08,1316.0,10.24606,9.26969196969739,0.0,395.28459673629953,0.0,0
5869,MEL_Z08,1346.0,21.182467,62.857706512576065,0.0,351.4155107148389,4.598344055361742,1
5870,MEL_Z07,1330.0,19.953447,6.128692776448943,0.0,464.3916816304109,0.9103700439649315,0
5871,MEL_Z07,1357.0,28.253004,171.74721188048463,0.0,320.2195492076827,0.4514592540656316,0
5872,MEL_Z07,1500.0,34.36296,302.31093532041723,0.47752709736779253,78.02061389637953,3.6234927184548855,1
5873,MEL_Z07,1587.0,32.014538,471.82756779491706,0.07742145394702077,116.12003027258822,0.0,0
5874,MEL_Z07,1758.0,28.556128,645.6750106329132,5.988775973145391,41.628188609577236,0.0,0
5875,MEL_Z07,2018.0,10.969526,816.8235239076198,3.6640795316091603,52.68030343327913,0.0,0
5876,MEL_Z07,1945.0,27.13591,670.6850900669149,0.0,272.20414712944324,0.0,0
5877,MEL_Z07,1889.0,30.819286,577.686366555103,0.0,508.54189347167363,0.0,0
5878,MEL_Z07,1790.0,28.237198,533.596266172674,0.0,319.6284283697374,0.0,0
5879,MEL_Z07,1785.0,40.72975,520.4365042052832,0.0,230.09753842307865,0.0028293140624205257,0
5880,MEL_Z07,1911.0,26.838102,534.3040295765269,0.0,337.1915271123394,0.0,0
5881,MEL_Z06,1934.0,23.463444,576.5234227052297,0.11113410505004286,123.27414313050069,0.47554141022400387,0
5882,MEL_Z06,1993.0,30.888004,702.5616403916216,2.4622552400713196,71.07559687954043,0.3947091855000456,0
5883,MEL_Z06,2007.0,31.34574,798.0231525671961,0.0,217.02293539485424,0.0,0
5884,MEL_Z06,2029.0,25.650234,911.0671363390856,8.373194816440478,0.0,0.4649550360231877,0
5885,MEL_Z06,2157.0,26.22574,1027.869724463544,0.0,206.13625655533284,0.0,0
5886,MEL_Z06,2202.0,21.982569,989.9429438611811,0.0,223.35842035953087,0.0,0
5887,MEL_Z06,2259.0,33.587486,938.5334314577153,0.0,186.95607863849457,0.0,0
5888,MEL_Z06,2264.0,21.57901,933.203721908686,0.0,273.79092199862646,0.0,0
5889,MEL_Z06,2215.0,14.233111,866.1109042471157,0.0,484.41356172736096,0.0,0
5890,MEL_Z06,2150.0,27.422373,838.8120541026883,0.0,438.92442653611323,0.8520652377524931,0
5891,MEL_Z06,2139.0,27.319332,855.4207462614258,0.0,248.79662751677958,0.0,0
5892,MEL_Z06,2069.0,20.802858,881.399064009533,0.0,209.4414945153933,0.0,0
5893,MEL_Z06,2192.0,16.360407,757.8066816321034,0.0,379.49450412706415,0.0,0
5894,MEL_Z05,2269.0,32.29917,691.5830955195601,0.0,388.48653924895007,0.0,0
5895,MEL_Z05,2420.0,25.589521,709.7620306083141,0.0064004956733103024,162.96933114299668,0.0,0
5896,MEL_Z05,2471.0,47.480648,789.1528583450666,0.5153868183766417,154.98361107886058,0.0,0
5897,MEL_Z05,2486.0,39.469456,802.3172186288693,0.0,349.30880326725105,0.0,0
5898,MEL_Z05,2391.0,36.49981,751.4673683186177,0.0,462.90447154899664,0.0,0
5899,MEL_Z05,2400.0,54.49157,776.9094787277237,0.0,334.20584797581586,0.0,0
5900,MEL_Z05,2477.0,40.31827,821.104570334732,0.0,264.0214588086205,0.0,0
5901,MEL_Z05,2542.0,27.951523,815.2841299799275,0.6410035798250119,121.4569690187863,0.0,0
5902,MEL_Z05,2699.0,30.22205,854.5082724688579,0.45752511104685306,133.9947445686178,0.0,0
5903,MEL_Z05,2831.0,25.187527,957.0599826854328,10.113683033429854,19.909534945555794,3.95532014044774,1
5904,MEL_Z05,2884.0,43.102898,1034.9726575730376,19.334483830624254,0.0,6.567450627077753,1
5905,MEL_Z05,2906.0,47.522663,1020.9515286675385,0.0,150.065570787826,0.0,0
5906,MEL_Z05,2984.0,41.346684,967.3191308753562,0.38766232105115256,122.92449944944543,0.0,0
5907,MEL_Z04,3076.0,23.007643,872.3386122880438,0.6442135692056011,84.85600225467431,0.0,0
5908,MEL_Z04,2913.0,29.92748,773.2634827664937,0.0,333.9586851365173,0.0,0
5909,MEL_Z04,2867.0,36.578663,728.4071370620917,0.0,374.77520494397584,0.0,0
5910,MEL_Z04,2925.0,14.621143,750.0195354614344,0.0,518.9508882618754,0.0,0
5911,MEL_Z04,2883.0,30.332602,750.7695905177115,0.0,311.6611319452978,0.0,0
5912,MEL_Z04,2818.0,19.08865,669.9982594007716,2.2108190771845146,82.91024435178538,0.0,0
5913,MEL_Z04,2953.0,43.982624,612.0604478243907,19.306467132661066,11.54148541399284,0.0,0
5914,MEL_Z04,2975.0,45.07342,507.9278329196653,16.26565107925889,14.191623859315806,0.0,0
5915,MEL_Z04,3057.0,46.237675,477.5913372893962,10.966555849130206,49.603558555387046,0.0,0
5916,MEL_Z04,3065.0,36.606304,429.7118122128246,5.777386856596258,80.62562105309951,0.0,0
5917,MEL_Z04,3068.0,33.410866,374.76850314116194,0.0,137.02513314825137,0.0,0
5918,MEL_Z04,3062.0,38.824226,257.9717093672167,0.38624775667149375,130.09208408240923,29.586596919255026,1
5919,MEL_Z04,2946.0,41.31416,184.57534106182013,11.361821948041895,53.34620947618075,36.128056626314674,1
5920,MEL_Z03,2949.0,22.417181,146.82413662700108,25.72890208254503,0.0,27.328668022480763,1
5921,MEL_Z03,2970.0,18.174763,70.3036794324774,8.315591835075443,1.1087677337991022,51.688193000535676,1
5922,MEL_Z03,2984.0,25.816036,26.967309094973114,2.065012594336579,53.716982118395855,59.19320066197198,1
5923,MEL_Z03,3129.0,36.155632,97.61750285879664,0.30107556806649716,87.30175619012968,22.648555527249503,1
5924,MEL_Z03,3169.0,39.232986,115.46185714230488,13.694346787055963,35.58983562561194,32.16468633845648,1
5925,MEL_Z03,3355.0,38.925182,204.3986749622916,3.407860413838436,114.3326498386445,9.228423135294657,1
5926,MEL_Z03,3434.0,21.598572,245.91785137970962,1.635547531215647,14.429630632008347,0.0,0
5927,MEL_Z03,3539.0,44.151875,403.0506346036369,0.0,256.0463168935408,65.84981956535447,1
5928,MEL_Z03,3589.0,26.16714,368.4033528704145,0.6762679595121897,111.86987623551633,73.31258374051274,1
5929,MEL_Z03,3567.0,29.939157,358.60422469138217,0.5631459845428592,83.89082008839243,41.290649517919405,1
5930,MEL_Z03,3561.0,20.766207,375.08323737050085,0.2701598640561424,63.213603417522634,0.0,0
5931,MEL_Z03,3600.0,13.824683,418.51588918373056,18.866589328345146,42.991096134212015,9.634471655728094,1
5932,MEL_Z03,3704.0,33.920853,511.1265935038667,25.391725167952607,29.703526044892758,7.137491328886073,1
5933,MEL_Z03,3873.0,60.999462,642.2326604691739,41.74898647448436,0.0,3.357182022449971,1
5934,MEL_Z02,3870.0,37.295383,634.7118914466968,10.481965883829849,29.10950267530662,5.682523460610766,1
5935,MEL_Z02,3881.0,61.903282,565.0572475678274,0.47227749081344306,100.52809395550881,0.0,0
5936,MEL_Z02,3730.0,43.174683,567.451038094219,13.141190144122316,7.59370806162692,1.4735533732905965,1
5937,MEL_Z02,3765.0,42.00979,524.5249735569591,0.05300945754971613,69.37025226243053,0.0,0
5938,MEL_Z02,3716.0,16.604614,532.8212785141822,4.686781843490275,16.12091179015879,2.534685333684457,1
5939,MEL_Z02,3738.0,19.77322,635.1663298951433,14.074368112780816,21.196620684965644,6.711175580684027,1
5940,MEL_Z02,3898.0,42.974857,735.4443132266089,27.672254767165178,21.377054617350176,16.65558245748833,1
5941,MEL_Z02,4067.0,37.877197,865.7057513652516,25.38955922831951,6.403224908965386,12.455133817937007,1
5942,MEL_Z02,4292.0,21.86986,1040.3205936522663,17.277134177360164,0.3839724735717382,6.862531449240379,1
5943,MEL_Z02,4466.0,48.569035,1160.917458110539,31.87209712900853,0.0,15.408593084082403,1
5944,MEL_Z02,4726.0,43.737778,1098.4105217778515,30.627726639953785,2.1605050581430287,12.960411295190037,1
5945,MEL_Z01,4754.0,26.661852,864.0617673942987,6.226182512347805,53.019433223975795,0.0,0
5946,MEL_Z01,4773.0,20.10758,640.7167600664905,0.8814936793444109,67.28228522586986,0.0,0
5947,MEL_Z01,4760.0,21.342314,438.5164041232111,0.6172412005975305,22.559125016789277,2.052738094347209,1
5948,MEL_Z01,4699.0,24.636116,244.7921969393473,0.5108227764102896,68.57110707317203,6.084422961395751,1
5949,MEL_Z01,4677.0,12.680384,14.617011135786305,7.517216368970823,69.4893091684013,20.88884706847598,1
5950,MEL_Z01,4726.0,31.747007,182.67418431180306,20.89645223948031,55.138590150503624,3.844206749878434,1
5951,MEL_Z01,4745.0,41.28284,406.8433828714258,19.102011881437168,0.0,9.184357407270847,1
5952,MEL_Z01,4927.0,27.59069,587.250312591434,34.130656063319044,47.87329116776652,10.585776253139715,1
5953,MEL_Z01,5163.0,39.360374,750.3677382095599,29.930805243590434,0.0,8.636759389713362,1
5954,MEL_Z01,5363.0,48.771996,950.1984705462963,2.6787552802759427,78.17033637294448,0.0,0
5961,MEL_Z11,1661.0,22.662525,2109.8178828182376,0.0,913.2956786266275,0.0,0
5962,MEL_Z11,1592.0,26.335863,1934.074719398721,0.0,850.4890064030027,0.0,0
5963,MEL_Z11,1486.0,24.236935,1771.175720825438,0.0,848.3951286549254,0.0,0
5964,MEL_Z11,1394.0,17.56269,1585.1451534239104,0.0,917.0993151596489,0.0,0
5965,MEL_Z11,1341.0,13.597653,1418.7126974382743,0.0,1042.4261700099355,0.0,0
5966,MEL_Z11,1294.0,12.64667,1271.0206424536361,0.0,853.0163796981926,0.0,0
5967,MEL_Z11,1220.0,19.926796,1103.6132612771812,0.0,635.0823991699646,0.0,0
5968,MEL_Z11,1151.0,10.176529,923.549038305242,0.0,451.68834768847563,0.0,0
5969,MEL_Z11,1112.0,33.461224,777.3486796253043,0.0,357.82291734436365,0.0,0
5970,MEL_Z11,1019.0,7.667578,677.4735592942079,0.0,252.5382242518454,0.0,0
5971,MEL_Z11,1020.0,32.5347,469.7907015440947,0.39562539874554453,90.49155337983473,0.0,0
5972,MEL_Z11,1002.0,22.334534,255.80206231918947,0.0,270.4557700067745,0.0,0
5973,MEL_Z11,894.0,16.031954,41.663533892982734,0.0,512.7145494132749,0.0,0
5974,MEL_Z11,892.0,4.9037924,16.337740389017068,0.0,614.9323106146268,0.0,0
5975,MEL_Z11,943.0,36.593353,61.45817694585973,0.0,588.4216907934224,0.0,0
5976,MEL_Z11,1032.0,23.676065,255.81120456334108,0.0,662.2834662591024,0.0,0
5977,MEL_Z11,1064.0,25.670422,411.6521481836776,0.0,766.6891551038578,0.0,0
5978,MEL_Z11,1070.0,22.951973,372.2430343560136,0.0,593.3388331445173,0.0,0
5979,MEL_Z11,1033.0,34.148426,463.3807976087593,0.0,487.1811134499924,0.0,0
5980,MEL_Z10,1076.0,11.082645,542.1283536182762,0.0,490.73817255141853,0.0,0
5981,MEL_Z10,1026.0,15.382977,611.9333858876869,0.0,391.12979903784185,0.0,0
5982,MEL_Z10,1094.0,32.356415,599.0734001917294,0.0,402.29308967297175,0.0,0
5983,MEL_Z10,1104.0,24.359558,546.3584497173825,0.0,181.40499809914806,0.0,0
5984,MEL_Z10,1126.0,29.402699,521.0476283415139,0.47746487290872935,143.96981192357148,0.0,0
5985,MEL_Z10,1195.0,20.45103,376.53559327163185,0.0,356.2513461939502,0.0,0
5986,MEL_Z10,1205.0,20.255396,303.9327364582246,0.0,218.0827767650713,0.0,0
5987,MEL_Z10,1248.0,18.541979,384.6617828075676,0.0,281.35617578604996,0.0,0
5988,MEL_Z10,1253.0,21.173538,493.2833846469904,0.0,485.40423123244676,0.0,0
5989,MEL_Z10,1248.0,25.364948,527.0783665068399,0.0,719.0780470461983,0.0,0
5990,MEL_Z10,1269.0,19.80993,606.7730908034617,0.0,630.1783848753396,0.0,0
5991,MEL_Z10,1120.0,37.04297,573.6419306004651,0.0,443.7660561019751,0.0,0
5992,MEL_Z10,1150.0,15.845166,487.24489845348006,0.0,340.4286891174204,0.0,0
5993,MEL_Z09,1128.0,17.66232,389.65192042128444,0.0,378.13045935174654,0.21135720177463457,0
5994,MEL_Z09,1097.0,13.678959,301.08487515705303,0.0,538.4397682952044,0.0,0
5995,MEL_Z09,1094.0,8.563128,293.69499958322456,0.0,749.1752326239896,0.0,0
5996,MEL_Z09,1096.0,15.288518,134.55794942750092,0.0,731.6324753983415,0.0,0
5997,MEL_Z09,1058.0,10.744417,95.15241176944744,0.0,485.72829405690516,0.0,0
5998,MEL_Z09,1072.0,9.046032,72.96791195081498,0.0,248.0694591641058,0.0,0
5999,MEL_Z09,1075.0,4.691967,35.52554972568196,1.938158613745612,72.44422471792893,0.31620327250824315,0
6000,MEL_Z09,1088.0,7.249253,36.72083700448565,0.0,244.64798806210905,0.0,0
6001,MEL_Z09,1095.0,3.708617,59.290011879218476,0.0,458.6600634907553,0.5003820212666161,0
6002,MEL_Z09,1116.0,10.388858,132.3297959042613,0.0,657.8924845882283,0.1510927055715256,0
6003,MEL_Z09,1173.0,12.621318,296.5133174050283,0.0,659.7754957405372,0.0,0
6004,MEL_Z09,1253.0,34.12732,436.17605824610604,0.0,624.2829343801,0.0,0
6005,MEL_Z09,1364.0,43.15493,489.58441894236825,0.0,604.1652482640055,0.0,0
6006,MEL_Z09,1403.0,32.71656,538.5742604352334,0.0,460.3039398856412,0.0,0
6007,MEL_Z08,1507.0,32.333984,608.0245221776445,0.0,369.0212471428544,0.0,0
6008,MEL_Z08,1582.0,20.97802,683.3700380682067,0.0,366.335273867491,0.0,0
6009,MEL_Z08,1696.0,28.445768,748.6585789866793,0.0,326.75419404725164,0.0,0
6010,MEL_Z08,1608.0,35.534103,641.5203691478422,0.0,447.69047328951405,0.0,0
6011,MEL_Z08,1567.0,16.919512,512.6110816127446,0.0,577.6234361641946,0.0,0
6012,MEL_Z08,1431.0,29.92229,447.6705159306374,0.0,497.0075056162914,0.0,0
6013,MEL_Z08,1366.0,31.930828,400.9179542453421,0.0,534.2135221722907,0.0,0
6014,MEL_Z08,1350.0,5.951585,257.97602795514365,0.0,591.5057820724141,0.0,0
6015,MEL_Z08,1293.0,31.976748,30.292262468702898,0.0,480.526689107232,0.0,0
6016,MEL_Z08,1307.0,15.021641,109.63657699221898,0.0,483.906271658243,0.0,0
6017,MEL_Z08,1353.0,8.848749,229.22464717114264,0.0,595.9349707507702,0.0,0
6018,MEL_Z08,1371.0,18.71422,172.8326998388253,0.0,551.2535600213903,2.210778934159271,1
6019,MEL_Z08,1392.0,31.65374,174.97114775292596,0.0,492.85818110882894,0.7965712091102574,0
6020,MEL_Z07,1435.0,17.52837,336.78601753383344,0.0,428.62787348792267,0.0,0
6021,MEL_Z07,1591.0,30.289486,506.62369787626767,0.0,293.16785108341685,0.0,0
6022,MEL_Z07,1677.0,33.927982,655.1239984227487,0.0,258.8420058686217,0.0,0
6023,MEL_Z07,1833.0,38.14267,823.9864462111847,0.0,180.31684621135105,0.0,0
6024,MEL_Z07,2016.0,39.96327,997.1888887960976,0.77128595286867,23.965616383204477,0.0,0
6025,MEL_Z07,1987.0,23.469227,894.7635626787682,0.0,202.36285385440436,0.0,0
6026,MEL_Z07,1960.0,20.556046,823.54659282248,0.0,436.11822465038017,0.0,0
6027,MEL_Z07,1842.0,33.611374,777.2414520656612,0.0,192.85593990612256,0.0,0
6028,MEL_Z07,1830.0,25.349522,769.1373865232097,0.9523311420154532,20.27659365392006,0.0,0
6029,MEL_Z07,1943.0,36.066635,784.2439122891926,0.0,264.83132296944353,0.0,0
6030,MEL_Z06,2073.0,25.421383,814.9806968303808,0.0,152.99368271824792,0.0,0
6031,MEL_Z06,2084.0,32.62423,909.7869754405937,2.565504856802809,101.7421778644978,0.0,0
6032,MEL_Z06,2162.0,27.88704,1029.7363431879448,0.0,279.10594277030066,0.0,0
6033,MEL_Z06,2178.0,35.67278,1127.227203560281,0.410380924632166,111.74022545202912,0.0,0
6034,MEL_Z06,2244.0,34.083008,1259.1965958883254,2.056832279527374,77.91060162754692,0.0,0
6035,MEL_Z06,2298.0,28.264492,1239.149989567615,0.0,327.5639699271025,0.0,0
6036,MEL_Z06,2381.0,18.661442,1186.3562734484558,0.0,435.6090233413685,0.0,0
6037,MEL_Z06,2371.0,15.887266,1181.5162975316239,0.0,482.3455493878151,0.0,0
6038,MEL_Z06,2284.0,23.275278,1110.854646579891,0.0,516.2690375783247,0.0,0
6039,MEL_Z06,2232.0,26.917736,1088.7190792579063,0.0,298.3385680517538,0.0,0
6040,MEL_Z06,2220.0,28.27597,1104.1133018265077,6.325498618326004,98.98769277323512,0.0,0
6041,MEL_Z06,2160.0,31.764437,1091.754390091155,3.856614244449661,81.49428486653656,0.0,0
6042,MEL_Z06,2288.0,36.48677,990.6990978827723,0.0,325.29423670990974,0.0,0
6043,MEL_Z05,2371.0,43.632668,940.6334143789392,0.0,399.82277603251305,0.0,0
6044,MEL_Z05,2536.0,39.278965,954.2468425916231,0.0,180.52034688277746,0.0,0
6045,MEL_Z05,2636.0,16.802277,1022.0661615613243,1.0657979534794064,118.16823419091514,0.0,0
6046,MEL_Z05,2583.0,14.97661,1040.368866057632,0.0,330.0624258544487,0.0,0
6047,MEL_Z05,2518.0,20.928179,1001.2366754328282,0.0,322.7835685597432,0.0,0
6048,MEL_Z05,2440.0,16.493881,1021.7962346442644,2.92154326426631,111.68653017919374,0.0,0
6049,MEL_Z05,2584.0,24.375957,1063.5784579175363,1.0446212289164616,33.75249984645643,0.0,0
6050,MEL_Z05,2634.0,27.578722,1065.27896180905,1.473877057811715,27.458435049162425,0.0,0
6051,MEL_Z05,2722.0,25.095469,1095.589084280029,0.95813870557629,137.96510256266865,0.0,0
6052,MEL_Z05,2887.0,38.69389,1179.3267641812158,4.11431757755902,6.939103321496821,0.0,0
6053,MEL_Z05,3051.0,32.66716,1269.800778272396,0.0464300730695709,148.74146573508634,0.0,0
6054,MEL_Z05,3069.0,34.195564,1259.6128492105593,0.0,198.3896849598299,0.0,0
6055,MEL_Z05,3131.0,33.366676,1200.806824743023,0.07903758754201834,31.208107639831855,0.0,0
6056,MEL_Z04,3138.0,35.347645,1102.8474808010096,0.0,216.11516015556853,0.0,0
6057,MEL_Z04,2977.0,40.15385,1012.2978559167032,0.0,408.48956570098056,0.0,0
6058,MEL_Z04,2999.0,40.229424,977.8814221677384,0.0,612.2549081892633,0.0,0
6059,MEL_Z04,3041.0,25.38549,994.0407850361472,0.0,476.09528338353977,0.0,0
6060,MEL_Z04,2985.0,26.374554,998.9868856864421,0.0,284.080196427576,0.0,0
6061,MEL_Z04,2937.0,40.153847,906.2161611789784,0.31262211054138234,103.76364765961587,0.0,0
6062,MEL_Z04,3048.0,31.104563,834.007541656164,15.992644405840482,64.49310278686502,0.0,0
6063,MEL_Z04,3129.0,32.105793,751.6455778377847,6.171213752124468,94.5044475378956,0.0,0
6064,MEL_Z04,3235.0,35.115532,719.1774459482385,13.51136640637356,32.525189450085925,0.0,0
6065,MEL_Z04,3294.0,47.623222,669.3851044245904,10.841901443053342,15.583354105981794,0.0,0
6066,MEL_Z04,3297.0,37.026165,593.6130437341036,0.0857408473564775,145.22209323114953,0.0,0
6067,MEL_Z04,3269.0,43.815174,490.30983524793385,5.18716619803582,86.93218313337128,4.089212228392082,1
6068,MEL_Z04,3145.0,40.17656,432.6679727544046,17.983457406187448,22.588524113340316,0.0,0
6069,MEL_Z03,3110.0,37.26643,380.6225063248522,26.447073230225875,22.417609934370414,20.201959537120594,1
6070,MEL_Z03,3135.0,42.722393,297.14775429851926,12.753233101291919,31.88180320717893,24.626208859152964,1
6071,MEL_Z03,3084.0,35.93042,200.40975368735852,0.0,194.22041755362247,77.94061099275595,1
6072,MEL_Z03,3094.0,24.037281,140.68023892261684,0.0,166.9838605188702,62.79612567418113,1
6073,MEL_Z03,3121.0,29.205935,90.10880069479948,1.3497240067563856,102.51317468811118,58.37719381943847,1
6074,MEL_Z03,3153.0,26.443645,31.52709085977844,1.0652891127448498,123.2373434501597,82.87608322796972,1
6075,MEL_Z03,3254.0,51.221947,51.22455363152139,0.0,181.00585412204595,50.90168123619896,1
6076,MEL_Z03,3360.0,35.385853,171.56993152870567,5.432037265875031,38.555395093034086,93.74573180655068,1
6077,MEL_Z03,3424.0,40.7695,127.63441411560657,4.090370593467983,42.5881215235373,96.81953297608854,1
6078,MEL_Z03,3461.0,22.51578,108.6503067176216,0.3996352976155165,82.5088875216651,92.7751704781053,1
6079,MEL_Z03,3539.0,23.245983,125.24135560973107,0.0,198.37864379630565,63.71815502022989,1
6080,MEL_Z03,3577.0,11.082645,176.70423969935302,1.5008383767709998,66.51834359561653,18.660302674416478,1
6081,MEL_Z03,3588.0,12.64667,317.91034415074597,7.609299570669078,47.4789229732601,0.7549257043247436,0
6082,MEL_Z03,3619.0,30.621347,435.8657682716411,34.61261784271352,0.0,3.9300077711651706,1
6083,MEL_Z02,3615.0,16.87454,398.28769088867864,16.853203842901156,36.99732376739972,0.0,0
6084,MEL_Z02,3616.0,1.0675203,318.2307590084721,0.004202999116449515,137.10930887812722,0.0,0
6085,MEL_Z02,3637.0,3.8436685,318.78461411513155,1.196811685431289,126.53322133370969,0.0,0
6086,MEL_Z02,3649.0,3.631394,282.91026124092514,0.0,288.7377267338624,0.0,0
6087,MEL_Z02,3678.0,9.651912,293.75596076616745,0.0,149.4743817203433,1.685312830654893,1
6088,MEL_Z02,3749.0,26.842794,414.16977036935964,0.19036611484505303,124.27613757593302,0.0,0
6089,MEL_Z02,3896.0,35.403526,515.666325492223,2.8253121944531183,46.548565509062854,0.0,0
6090,MEL_Z02,4105.0,51.153103,688.3337507327537,13.74141368563388,8.646325089145291,0.0,0
6091,MEL_Z02,4318.0,32.954876,893.2890777682234,12.66413945336861,15.854505135475224,0.0,0
6092,MEL_Z02,4535.0,31.90436,930.0561383627344,12.122916087210433,11.421338911536214,1.4109172304443913,1
6093,MEL_Z02,4649.0,36.5631,852.4390711635037,3.123091740797259,100.95856344922598,1.0535358542875006,1
6094,MEL_Z01,4639.0,21.014166,764.4226591544362,0.27970414298874174,89.22512150905243,0.0,0
6095,MEL_Z01,4656.0,20.488455,553.0579715033011,1.6524042475935536,91.38376932224143,0.6742734239543482,0
6096,MEL_Z01,4661.0,23.39968,308.637762605863,0.0011225719277410044,136.2943799972291,0.04428218411848039,0
6097,MEL_Z01,4633.0,16.991154,94.24913868112323,0.0,251.55426526553117,0.16429983761366507,0
6098,MEL_Z01,4669.0,6.526987,99.6978878598941,1.0647803861942688,104.6398956475071,5.812235948592245,1
6099,MEL_Z01,4684.0,21.680891,305.5758026332267,2.0330118601577967,15.900779952836812,2.05976424817357,1
6100,MEL_Z01,4805.0,34.47361,521.4231534419883,31.16071730837907,1.9715297160499625,16.259761120706088,1
6101,MEL_Z01,5032.0,47.661507,739.3919634232168,26.53547850530445,0.0,8.52492700220418,1
6102,MEL_Z01,5140.0,23.567236,936.3763887860359,3.487753119316446,38.24216723882441,0.0,0
6103,MEL_Z01,5328.0,58.963318,1084.7052024218156,1.1816162977624374,58.97698416426972,0.0,0
6111,MEL_Z11,1510.0,19.29258,1729.2516250951408,0.0,1094.583831793315,0.0,0
6112,MEL_Z11,1449.0,8.478713,1581.477261913472,0.0,1096.5203225362645,0.0,0
6113,MEL_Z11,1377.0,19.481222,1419.9296748086335,0.0,1150.5648882388489,0.0,0
6114,MEL_Z11,1310.0,21.500511,1231.593278961831,0.0,1021.6097717145145,0.0,0
6115,MEL_Z11,1251.0,25.19272,1067.8731206440211,0.0,774.9475315770327,0.0,0
6116,MEL_Z11,1189.0,33.956463,921.6113593643931,0.0,531.282111376961,0.0,0
6117,MEL_Z11,1155.0,24.38324,752.2176849016138,0.0,294.3630901705857,0.0,0
6118,MEL_Z11,1155.0,18.995941,571.4111997591805,0.20653252655479762,110.33814530895161,0.0,0
6119,MEL_Z11,1099.0,26.794216,442.3603664477458,0.0,133.9065250581294,0.0,0
6120,MEL_Z11,950.0,29.390633,389.1967467399502,0.0,136.20155315948108,0.0,0
6121,MEL_Z11,931.0,11.981214,142.8054737389325,0.0,287.0340951860403,0.0,0
6122,MEL_Z11,911.0,28.612438,88.6410236750661,0.0,520.6199692159075,0.0,0
6123,MEL_Z11,1036.0,31.244179,230.27038278366243,0.0,540.8664519415211,0.0,0
6124,MEL_Z11,1090.0,21.822834,279.6774675506302,0.0,628.1551150136439,0.0,0
6125,MEL_Z11,1128.0,23.417093,414.9571705250364,0.0,765.9314115438642,0.0,0
6126,MEL_Z11,1168.0,23.218588,603.0641543196097,0.0,944.0116443223659,0.0,0
6127,MEL_Z11,1158.0,16.228739,620.9925851012989,0.0,808.9374530758338,0.0,0
6128,MEL_Z11,1110.0,14.233111,683.4350686011209,0.0,593.3323583555984,0.0,0
6129,MEL_Z10,1061.0,20.0908,771.9945417910127,0.0,356.08581295455446,0.0,0
6130,MEL_Z10,1038.0,9.01551,860.1898852812926,0.0,156.60381856571743,0.0,0
6131,MEL_Z10,1136.0,28.88008,844.6348500366083,0.0,206.53490125541305,0.0,0
6132,MEL_Z10,1205.0,23.110508,790.4856656367448,0.0,389.2767764467339,0.0,0
6133,MEL_Z10,1279.0,22.406874,726.2361833560539,0.0,371.3439480813649,0.0,0
6134,MEL_Z10,1280.0,18.910439,600.3626242649678,0.0,497.117031737892,1.22415569292331,1
6135,MEL_Z10,1302.0,28.98758,553.9276480634906,0.0,463.42478735293224,0.16050798206021227,0
6136,MEL_Z10,1317.0,22.058664,605.7893884930589,0.0,496.3504141845844,0.0,0
6137,MEL_Z10,1353.0,18.141905,735.0189461008198,0.0,634.6807888274392,0.0,0
6138,MEL_Z10,1340.0,16.823395,769.8959348085554,0.0,781.5583636181318,0.0,0
6139,MEL_Z10,1312.0,16.466055,844.5005760376146,0.0,534.450176841267,0.0,0
6140,MEL_Z10,1234.0,25.683868,819.0662648965957,0.0,292.30208228794936,0.0,0
6141,MEL_Z10,1133.0,10.160409,717.8338826882224,1.3414242756714343,98.1874467787746,0.0,0
6142,MEL_Z09,1202.0,20.720264,614.5126397314312,0.0,190.2456357257631,0.0,0
6143,MEL_Z09,1157.0,15.909878,546.4751896541047,0.0,426.88276235353453,0.0,0
6144,MEL_Z09,1149.0,29.561356,477.75278580731754,0.0,673.2491245270718,0.0,0
6145,MEL_Z09,1120.0,22.415121,363.76877167256515,0.0,622.7191767097629,0.0,0
6146,MEL_Z09,1109.0,10.744416,340.8768163312568,0.0,404.04359893352654,0.0,0
6147,MEL_Z09,1133.0,6.4666257,312.57695557696746,0.0,176.2651149309823,0.0,0
6148,MEL_Z09,1123.0,15.520049,281.093640486865,2.81253140110384,71.46933263571873,0.03177454541329433,0
6149,MEL_Z09,1147.0,16.260206,277.5045739328053,0.0,160.75613657106015,0.0,0
6150,MEL_Z09,1160.0,31.315933,194.26131239841206,0.0,402.32846946287896,0.0,0
6151,MEL_Z09,1116.0,17.831478,15.142369735836015,0.0,408.77130772901177,7.602963273190008e-05,0
6152,MEL_Z09,1162.0,8.898508,84.45602067299052,0.0,493.6773749168917,1.225918860652717,1
6153,MEL_Z09,1185.0,20.74555,203.589558625227,0.0,645.1883583845585,0.0,0
6154,MEL_Z09,1268.0,20.782251,248.93482073150335,0.0,536.1313985013875,0.0,0
6155,MEL_Z09,1298.0,28.799685,300.7068102152636,0.0,464.3381889964388,0.0,0
6156,MEL_Z08,1408.0,29.178797,366.9084839134773,0.0,416.89303326793447,0.0,0
6157,MEL_Z08,1466.0,31.245377,457.35568571397516,0.0,181.74778609549156,0.0,0
6158,MEL_Z08,1583.0,36.261776,509.38312096217726,1.8294407938389359,94.28636272356452,0.0,0
6159,MEL_Z08,1525.0,35.137287,476.61666119136544,0.0,320.2317516149198,0.0,0
6160,MEL_Z08,1456.0,23.446077,290.4073585148572,0.0,385.5765969253984,0.0,0
6161,MEL_Z08,1324.0,51.85612,205.16040570338075,0.0,249.37369413336248,0.0,0
6162,MEL_Z08,1251.0,9.191034,162.78674322614347,0.0,315.08038493544814,0.0,0
6163,MEL_Z08,1292.0,17.56269,139.18360239722793,0.0,421.2122019028467,0.0,0
6164,MEL_Z08,1265.0,9.832004,24.667987589837978,0.0,245.09382044395846,0.0,0
6165,MEL_Z08,1410.0,31.638536,262.26101642973816,0.0,251.56373187862647,0.0,0
6166,MEL_Z08,1408.0,24.684431,460.1648357902804,0.0,407.56732951613355,0.0,0
6167,MEL_Z08,1396.0,8.811234,411.80374064703057,0.0,345.62436505125805,0.0,0
6168,MEL_Z08,1523.0,19.493713,413.236799420846,0.0,242.8600311299253,0.0,0
6169,MEL_Z07,1550.0,25.187527,516.3463518854298,0.0,194.66303446373558,0.0,0
6170,MEL_Z07,1649.0,34.58351,688.3130939423215,0.0,254.7144309852349,0.0,0
6171,MEL_Z07,1799.0,35.183537,854.3029666227302,1.2782908830966067,123.43698416862505,0.0,0
6172,MEL_Z07,1911.0,36.327766,1008.421224718595,0.003455326331441432,173.25477692454774,0.0,0
6173,MEL_Z07,2066.0,47.26101,1176.9649467637644,0.0,267.39411923168853,0.0,0
6174,MEL_Z07,2105.0,25.303156,1127.5644985916804,0.0,332.45119760844227,0.0,0
6175,MEL_Z07,2049.0,32.562386,1071.3177886250096,0.0,434.437126052035,0.0,0
6176,MEL_Z07,1906.0,34.618683,1023.8498727286573,0.0,186.12699247767972,0.0,0
6177,MEL_Z07,1901.0,35.22119,1017.6256320041326,1.8774615611480825,51.23454520829407,0.0,0
6178,MEL_Z07,2020.0,28.374636,1034.2128561875468,0.0,256.3669747429636,0.0,0
6179,MEL_Z06,2135.0,28.386042,1058.6183111783917,0.0,267.3359321081991,0.0,0
6180,MEL_Z06,2172.0,30.811905,1133.8381583437936,5.635048619754014,29.208665459778395,0.0,0
6181,MEL_Z06,2262.0,39.310993,1253.9593092418859,0.0,182.62075609416394,0.0,0
6182,MEL_Z06,2300.0,29.562685,1354.4549678188594,0.0,282.42329631147663,0.0,0
6183,MEL_Z06,2344.0,28.577267,1467.582608167455,0.0,247.4889659844899,0.0,0
6184,MEL_Z06,2396.0,25.557388,1479.8160666576762,0.0,406.7582952833804,0.0,0
6185,MEL_Z06,2458.0,25.879229,1434.897435213679,0.0,618.1311237480279,0.0,0
6186,MEL_Z06,2456.0,26.888115,1416.0075250919751,0.0,717.8809017236831,0.0,0
6187,MEL_Z06,2361.0,20.025894,1357.0124511157217,0.0,478.6635120423799,0.0,0
6188,MEL_Z06,2335.0,27.217175,1338.6608252176484,0.0,229.4252209906594,0.0,0
6189,MEL_Z06,2326.0,30.570244,1353.21277688462,11.176862744355862,8.969316992217589,0.0,0
6190,MEL_Z06,2249.0,36.81037,1315.859331673643,0.0,154.27266764959086,0.0,0
6191,MEL_Z06,2422.0,42.36647,1230.249073690337,0.0,214.51293920371273,0.0,0
6192,MEL_Z05,2502.0,41.63382,1190.0820402324982,0.0,286.6995800459911,0.0,0
6193,MEL_Z05,2650.0,38.70826,1200.9073313912388,0.0,387.5003535583883,0.0,0
6194,MEL_Z05,2731.0,27.794262,1258.2171757125882,0.0,354.71265491025133,0.0,0
6195,MEL_Z05,2698.0,21.844227,1282.7999652424785,0.0,469.89205243609257,0.0,0
6196,MEL_Z05,2656.0,21.598572,1251.0981395621432,0.0,343.58635108007593,0.0,0
6197,MEL_Z05,2576.0,32.71327,1268.5106934213522,1.1890077561656307,138.6118535305193,0.0,0
6198,MEL_Z05,2650.0,26.233864,1308.8871444352658,0.3470243517637269,158.58607875324995,0.0,0
6199,MEL_Z05,2734.0,35.45088,1315.2757582913207,2.8252785298373464,79.52916131938703,0.0,0
6200,MEL_Z05,2789.0,22.243118,1339.9427209658602,0.3589028700736704,138.97918599972454,0.0,0
6201,MEL_Z05,2935.0,31.434834,1409.2347819259849,3.177562636128554,43.52501744683254,0.0,0
6202,MEL_Z05,3097.0,43.41905,1509.5097320251266,1.4732302977424803,57.720221801448226,0.0,0
6203,MEL_Z05,3248.0,31.516378,1501.967721325629,0.0,269.5975009297793,0.0,0
6204,MEL_Z05,3290.0,16.85952,1428.7268431969144,0.0,280.60023387963275,0.0,0
6205,MEL_Z04,3188.0,38.733936,1329.859159866225,0.0,371.3223778718107,0.0,0
6206,MEL_Z04,3033.0,35.145794,1255.610403113538,0.0,567.2061637831654,0.0,0
6207,MEL_Z04,3084.0,38.836224,1227.5696291121756,0.0,580.7873711921159,0.0,0
6208,MEL_Z04,3126.0,28.81357,1240.4454284879982,0.0,374.95858410033026,0.0,0
6209,MEL_Z04,3105.0,44.948685,1227.6757764463487,0.0,142.74042616932087,0.0,0
6210,MEL_Z04,3087.0,35.89167,1147.0116882066295,7.182804378360469,5.480910502911103,0.0,0
6211,MEL_Z04,3166.0,30.664848,1062.1698142631456,39.47681436091626,34.672770202052966,0.0,0
6212,MEL_Z04,3321.0,40.922905,998.4745694867381,37.34739621571664,53.23457243984209,0.0,0
6213,MEL_Z04,3440.0,43.847527,961.725604347075,26.058441865678166,37.247102778378284,0.0,0
6214,MEL_Z04,3608.0,55.9037,914.3509023629019,15.684492955081964,55.93239460658587,0.0,0
6215,MEL_Z04,3540.0,39.901783,814.8713195963783,0.03183127375106571,125.47418997525716,0.0,0
6216,MEL_Z04,3444.0,32.67705,726.6979037787404,12.734053828123477,62.60278620746845,0.0,0
6217,MEL_Z04,3357.0,51.09466,682.0571658790046,20.524720332954125,0.0,1.174129002024367,1
6218,MEL_Z03,3283.0,54.065113,615.4758741390281,20.438271657638495,2.0104869560308374,18.58386944800484,1
6219,MEL_Z03,3300.0,41.58122,519.2527977803408,16.16719633274481,24.60509448293389,3.5760659200900533,1
6220,MEL_Z03,3235.0,39.482407,437.7563370299109,0.11496792142258444,151.36926980256342,60.10102634989364,1
6221,MEL_Z03,3253.0,44.870605,382.6537904327136,12.945312163466284,49.546119879221216,6.958359746374025,1
6222,MEL_Z03,3278.0,63.06464,332.6675058612525,17.109746031401027,0.0,0.7467774234901605,0
6223,MEL_Z03,3273.0,38.466045,276.9031450107504,0.0,217.00331596416885,20.564307554136256,1
6224,MEL_Z03,3293.0,29.34902,119.07173762089816,9.344766527733196,59.91561528283268,91.2551631603904,1
6225,MEL_Z03,3319.0,20.413517,70.50453096461331,12.432908238006037,80.65531828209758,86.92028948161044,1
6226,MEL_Z03,3367.0,25.135483,115.91258985810427,12.069623464754484,53.252968106549844,82.0564920767324,1
6227,MEL_Z03,3472.0,12.688797,124.85096841227544,0.0,235.7184418196056,53.252190576439936,1
6228,MEL_Z03,3549.0,22.14068,114.6067987691167,0.0,389.7467229546133,66.59561305598305,1
6229,MEL_Z03,3571.0,0.9548414,15.457651082731413,0.0003765149141505046,172.7376227646,53.870058218513364,1
6230,MEL_Z03,3574.0,7.746973,84.69165442861038,1.4579093081544818,121.70185350484365,3.5607189680283557,1
6231,MEL_Z03,3584.0,7.393958,221.54104445807192,0.0,197.34973674515976,0.0,0
6232,MEL_Z02,3600.0,6.9262495,158.2376162273833,0.0,159.51755881031573,0.0,0
6233,MEL_Z02,3617.0,10.683509,88.145629766421,0.0,156.93840701907203,0.0,0
6234,MEL_Z02,3628.0,4.1002936,77.39675979022894,0.0,174.73208031619046,0.0,0
6235,MEL_Z02,3635.0,7.57262,45.87033450565719,0.011019766808060561,172.5133457622386,0.011019766808060561,0
6236,MEL_Z02,3662.0,3.1818132,88.67510549386331,0.0,157.67999748106737,0.0,0
6237,MEL_Z02,3729.0,19.792809,179.64528940496666,0.0,158.2223497248539,0.0,0
6238,MEL_Z02,3895.0,34.670322,339.2998924406412,11.396127802213021,0.0,2.1300955077463177,1
6239,MEL_Z02,4090.0,17.867863,543.418661118936,3.895994579264525,54.923162314490924,0.7951203848432337,0
6240,MEL_Z02,4292.0,39.281876,712.8492310551627,9.441296831250797,19.712973142138626,2.276395252983069,1
6241,MEL_Z02,4394.0,30.710716,711.1863023061301,27.365667051291215,0.0,1.424703936596474,1
6242,MEL_Z02,4544.0,18.71422,608.2078257346604,5.210800166208702,60.410888101606005,0.4387403552675262,0
6243,MEL_Z02,4482.0,32.086445,560.8949332513606,1.9131565997152167,99.93839604161789,1.9131565997152167,1
6244,MEL_Z01,4544.0,39.638424,419.274758315284,4.551429372240395,0.0,2.803858970082937,1
6245,MEL_Z01,4554.0,39.521915,206.4901267609272,0.0,213.22424412312694,0.0,0
6246,MEL_Z01,4576.0,17.447954,14.360102835929293,0.6708435133397201,104.86994576761425,8.971728320155709,1
6247,MEL_Z01,4681.0,26.770657,210.39776801596116,18.435602993728537,3.117350409493456,5.669280882751876,1
6248,MEL_Z01,4802.0,45.97824,449.60520479868194,37.540949664851766,0.0,18.428349316284333,1
6249,MEL_Z01,4947.0,36.198174,650.0607062211405,28.17534868816719,12.840886359928746,3.321643252281792,1
6250,MEL_Z01,5019.0,13.298604,864.57611613018,4.178079265989605,34.726662992975804,0.0,0
6251,MEL_Z01,5122.0,31.449047,1077.4945716547697,0.09069451209914008,113.33214117604349,0.0,0
6252,MEL_Z01,5289.0,56.295643,1266.8302823529216,0.0,194.38376869825694,0.0,0
6260,MEL_Z12,1436.0,25.958706,1593.3367294346306,0.0,1295.586569632248,0.0,0
6261,MEL_Z12,1404.0,31.399254,1400.3017699598443,0.0,1345.3398608324442,0.0,0
6262,MEL_Z11,1340.0,18.756304,1229.4289892797483,0.0,1265.659355872593,0.0,0
6263,MEL_Z11,1262.0,17.80062,1070.1925755043576,0.0,1016.735342231488,0.0,0
6264,MEL_Z11,1180.0,21.189161,878.0426254713357,0.0,768.5101867752533,0.0,0
6265,MEL_Z11,1123.0,27.494719,718.1917251147775,0.0,521.981856209666,0.0,0
6266,MEL_Z11,1080.0,22.259779,576.4842111665819,0.0,281.6419877199459,0.0,0
6267,MEL_Z11,1035.0,30.37434,404.599382711629,1.2990233700137843,57.92986718097893,0.0,0
6268,MEL_Z11,989.0,33.382473,221.08426554149298,2.9694737371394484,34.31793585753188,0.0,0
6269,MEL_Z11,945.0,36.255604,139.55228519588633,0.0,246.12193526254785,0.0,0
6270,MEL_Z11,899.0,14.426844,76.33010219280149,0.0,461.8562870073203,0.0,0
6271,MEL_Z11,957.0,33.957478,100.60635628103569,0.0,313.61626239239786,0.0,0
6272,MEL_Z11,1103.0,30.975946,336.95660674435413,0.0,299.81952399248985,0.0,0
6273,MEL_Z11,1162.0,19.787916,520.1213570075026,0.0,413.490437809875,0.0,0
6274,MEL_Z11,1191.0,18.009697,612.3025019914944,0.0,600.1528399240822,0.0,0
6275,MEL_Z11,1231.0,15.483416,768.4561765747089,0.0,815.1876689661558,0.0,0
6276,MEL_Z11,1236.0,22.791826,870.321189323059,0.0,831.8302048744308,0.0,0
6277,MEL_Z11,1137.0,16.028753,917.0556272272898,0.0,584.6389072211737,0.0,0
6278,MEL_Z10,1135.0,17.823069,1009.9164306737781,0.0,341.5608495306492,0.0,0
6279,MEL_Z10,1132.0,22.751535,1101.138266311993,0.5266658047279554,126.62097962645338,0.0,0
6280,MEL_Z10,1165.0,27.323895,1091.9879530674643,0.0,183.98786340742913,0.0,0
6281,MEL_Z10,1216.0,25.892504,1037.1109712347845,0.0,414.37803064969756,0.0,0
6282,MEL_Z10,1361.0,23.630335,933.6826860001966,0.0,616.4818849747417,0.0,0
6283,MEL_Z10,1375.0,28.257313,838.7545154349722,0.0,699.5998140337745,0.6808613779567549,0
6284,MEL_Z10,1417.0,15.747501,803.9257243597295,0.0,712.0147256515535,1.558346855710524,1
6285,MEL_Z10,1427.0,23.880253,842.279091042541,0.0,733.8706763929638,0.0,0
6286,MEL_Z10,1428.0,15.639215,940.9004813184324,0.0,833.6798784394872,0.0,0
6287,MEL_Z10,1415.0,11.329044,1015.283096735369,0.0,790.1554723616244,0.0,0
6288,MEL_Z10,1366.0,18.96232,1078.1773353281465,0.0,546.8542751293543,0.0,0
6289,MEL_Z10,1299.0,15.128379,1046.2534587636937,0.0,314.23839777766466,0.0,0
6290,MEL_Z10,1194.0,15.691831,947.4483775676906,0.0,141.04343121065875,0.0,0
6291,MEL_Z09,1302.0,10.850105,851.6433833329174,0.0,215.49705062498697,0.0,0
6292,MEL_Z09,1221.0,27.68759,794.1605931322944,0.0,383.06264340276914,0.0,0
6293,MEL_Z09,1258.0,20.001785,691.8982678089988,0.0,608.4364598603952,0.0,0
6294,MEL_Z09,1254.0,16.991154,608.5225178600651,0.0,540.3265953661319,0.0,0
6295,MEL_Z09,1179.0,24.421427,578.8259204284952,0.0,294.55749912781283,0.0,0
6296,MEL_Z09,1208.0,24.17066,559.2155986809179,1.234402362276477,72.59238272525943,0.0,0
6297,MEL_Z09,1226.0,24.154047,530.3112602196992,6.474669395014764,67.48486284776993,0.34475706935893347,0
6298,MEL_Z09,1268.0,17.780945,525.2135863903145,3.5000104140396893,75.92219570837186,0.0,0
6299,MEL_Z09,1284.0,22.373846,366.36556460414306,0.0,248.23438511315615,0.0,0
6300,MEL_Z09,1191.0,30.347792,233.50399860145077,0.0,162.37439073727313,0.0,0
6301,MEL_Z09,1145.0,37.012714,105.0056572629024,0.0,291.6558719148612,0.0,0
6302,MEL_Z09,1131.0,2.7818866,42.643194167109655,0.0,501.58834574855575,0.03559261108901336,0
6303,MEL_Z09,1147.0,31.160069,8.198715180992506,0.0,341.01288887400034,2.187384001122394,1
6304,MEL_Z08,1151.0,6.80409,62.87418117046416,0.0,214.91084257721198,2.3151069567105376,1
6305,MEL_Z08,1263.0,38.978767,125.36264985829274,0.0,313.05892848064553,0.0,0
6306,MEL_Z08,1332.0,32.451366,217.19275082794312,0.0,184.9447711378699,0.0,0
6307,MEL_Z08,1383.0,47.466057,281.71468789172314,2.1857469548992263,37.96742238886326,0.0,0
6308,MEL_Z08,1336.0,37.47046,228.4579060099069,0.0,286.7498474880185,0.0,0
6309,MEL_Z08,1262.0,22.656437,156.53419461562518,0.0,252.09778394979088,0.0,0
6310,MEL_Z08,1237.0,27.945671,33.859203848551275,4.341861823976025,44.54179759272605,2.217132102647777,1
6311,MEL_Z08,1263.0,45.237743,56.56432007515616,0.0,170.67927761741117,1.8653147414961597,1
6312,MEL_Z08,1297.0,36.912285,100.93518061761115,0.0,351.09042617702164,5.595947562072258,1
6313,MEL_Z08,1382.0,37.312733,145.60623344237936,1.6252660864117623,101.41825700204971,0.0,0
6314,MEL_Z08,1535.0,21.032206,321.4982085922783,3.0731381126838846,65.51130063813069,0.0,0
6315,MEL_Z08,1495.0,18.868803,548.3624405709746,0.0,313.2923595862625,0.0,0
6316,MEL_Z08,1487.0,22.228527,657.1413152798202,0.0,244.2045980138984,0.0,0
6317,MEL_Z08,1459.0,25.670422,659.3504442096862,1.5552841624270843,0.0,0.0,0
6318,MEL_Z08,1641.0,40.348907,733.164131336529,5.074978247208865,0.0,0.0,0
6319,MEL_Z07,1777.0,35.695625,867.0456067147288,0.0,236.12532023602338,0.0,0
6320,MEL_Z07,1874.0,29.77231,1040.9515287882145,3.9486914634166657,94.09189104755866,0.0,0
6321,MEL_Z07,2021.0,31.91357,1202.0264508424868,0.0,146.36865134796756,0.0,0
6322,MEL_Z07,2203.0,30.471329,1361.812850081807,2.402727549720411,100.37447004786522,0.0,0
6323,MEL_Z07,2218.0,26.389038,1366.3184176741393,0.0,337.13794020395096,0.0,0
6324,MEL_Z07,2147.0,30.570244,1319.8668836492013,0.0,481.04469067388015,0.0,0
6325,MEL_Z07,2031.0,33.42347,1271.7833341272553,0.0,270.67246896968845,0.0,0
6326,MEL_Z07,1949.0,36.830807,1266.7089383421385,2.723878829613042,35.825978653695806,0.0,0
6327,MEL_Z07,2079.0,27.791306,1281.716231354653,0.0,199.2834948889326,0.0,0
6328,MEL_Z06,2216.0,28.050692,1304.64951256664,0.0,338.8366318331535,0.0,0
6329,MEL_Z06,2321.0,32.69023,1366.9182850308014,7.2910572507320275,90.19691108512843,0.0,0
6330,MEL_Z06,2398.0,31.027025,1468.3058445262811,5.195431719648544,98.00174305947228,0.0,0
6331,MEL_Z06,2443.0,29.501537,1586.1116425871337,0.0,318.04680115292825,0.0,0
6332,MEL_Z06,2449.0,25.557388,1686.223139522831,0.0,162.79422373299835,0.0,0
6333,MEL_Z06,2525.0,20.704153,1722.4658183844888,0.0,264.96896782296733,0.0,0
6334,MEL_Z06,2573.0,25.915705,1683.7985319358413,0.0,480.6102419750217,0.0,0
6335,MEL_Z06,2544.0,11.6948185,1655.0080713352725,0.0,718.2016420122479,0.0,0
6336,MEL_Z06,2505.0,19.26217,1604.1154459437482,0.0,551.5652672804283,0.0,0
6337,MEL_Z06,2438.0,25.142431,1588.6209039303892,0.0,354.93706464133476,0.0,0
6338,MEL_Z06,2400.0,43.417385,1601.5451180395212,0.0,257.2506915219893,0.0,0
6339,MEL_Z06,2362.0,37.143414,1546.2484668906418,3.5009010751109764,83.76213787500339,0.0,0
6340,MEL_Z06,2518.0,43.2607,1473.2323630821838,0.41166746714640395,64.29394121962736,0.05360496211626239,0
6341,MEL_Z05,2709.0,39.99392,1439.7219539625385,0.30910807306289073,96.98265552159666,0.0,0
6342,MEL_Z05,2815.0,34.607944,1448.713153313095,0.0,344.3804897552485,0.0,0
6343,MEL_Z05,2878.0,33.437115,1498.4896796189505,0.0,586.1200711247747,0.0,0
6344,MEL_Z05,2873.0,28.49821,1527.6727804704008,0.0,476.0745522198336,0.0,0
6345,MEL_Z05,2806.0,26.116508,1501.0057392961326,0.0,484.51751337523314,0.0,0
6346,MEL_Z05,2758.0,35.666378,1515.5497530297027,0.0,291.0991053299435,0.0,0
6347,MEL_Z05,2716.0,33.89537,1555.690193319211,5.618336036374757,54.54294812677989,0.0,0
6348,MEL_Z05,2830.0,28.206982,1565.2735780765768,1.3580924643033836,104.64939594832286,0.0,0
6349,MEL_Z05,2877.0,34.187553,1586.0572339437294,0.0,153.40932850184598,0.0,0
6350,MEL_Z05,2980.0,36.09873,1645.0148098013642,0.9940600909856048,95.64398892640497,0.0,0
6351,MEL_Z05,3145.0,38.69011,1738.2663488621079,1.395182717987925,36.59122451406731,0.0,0
6352,MEL_Z05,3314.0,34.516876,1746.4791845057478,0.0,238.93148755233855,0.0,0
6353,MEL_Z05,3368.0,31.876701,1660.480719784049,0.0,445.77920785631767,0.0,0
6354,MEL_Z04,3221.0,37.818928,1563.7569889191507,0.0,580.6895366128016,0.0,0
6355,MEL_Z04,3062.0,18.133678,1501.1222534225278,0.0,724.3918406267853,0.0,0
6356,MEL_Z04,3207.0,37.103313,1477.3632975055289,0.0,490.0251417975828,0.0,0
6357,MEL_Z04,3251.0,42.4069,1488.049945330555,0.0,248.5933781433071,0.0,0
6358,MEL_Z04,3262.0,32.922432,1460.1476613913437,19.944668745854134,21.886847000121605,0.0,0
6359,MEL_Z04,3265.0,35.324303,1390.877453453519,12.898248402727372,16.10430174850816,0.0,0
6360,MEL_Z04,3379.0,33.72309,1298.1467966144796,1.4362900516413195,73.97474972255563,0.0,0
6361,MEL_Z04,3481.0,37.675133,1246.5680314930096,1.3825770980750787,117.84388254701312,0.0,0
6362,MEL_Z04,3666.0,44.547306,1207.238287623016,6.479004623199584,76.97258237931477,0.0,0
6363,MEL_Z04,3761.0,38.001007,1150.9068164872235,0.21301411001567205,129.2535378706406,0.0,0
6364,MEL_Z04,3697.0,36.004944,1046.702372681616,1.290082764955278,78.07333071491891,0.0,0
6365,MEL_Z04,3620.0,42.59336,968.2283038441059,11.431444017612174,31.208370327002957,0.0,0
6366,MEL_Z04,3568.0,52.7993,931.773781776668,9.74048463225098,10.967091490592344,9.74048463225098,1
6367,MEL_Z03,3508.0,48.758358,850.6292760781029,38.96337779281733,0.0,12.235400413515606,1
6368,MEL_Z03,3520.0,44.250694,752.2746654781057,46.13942580720797,0.0,1.917438863972973,1
6369,MEL_Z03,3409.0,31.558767,673.3173989216109,12.886736522330377,69.4845293019953,23.809751280043937,1
6370,MEL_Z03,3527.0,55.571915,629.6297535616711,30.934742527894098,11.922690081420676,0.3890028134620637,0
6371,MEL_Z03,3769.0,33.484253,557.8933432010843,10.86900266551419,30.561729673420075,0.2561222579418221,0
6372,MEL_Z03,3599.0,44.616943,459.84044214914263,0.0,178.66323283901713,0.0,0
6373,MEL_Z03,3428.0,28.716103,342.3805666816479,11.07291061792089,0.0,19.60042051503154,1
6374,MEL_Z03,3405.0,27.909052,320.4978119665287,2.387742791376001,72.27102826363871,16.613720021386953,1
6375,MEL_Z03,3425.0,17.00306,350.98007590246124,5.77033789406547,87.21717758643858,5.702138600290862,1
6376,MEL_Z03,3491.0,21.829256,364.1832807358213,7.54848796224352,36.45506349784716,6.924406565415967,1
6377,MEL_Z03,3592.0,23.538471,360.35484704292605,0.0,192.956904323221,0.0,0
6378,MEL_Z03,3601.0,3.0543702,204.26058230565053,2.418135863035647,109.4769538862165,0.23061509123690507,0
6379,MEL_Z03,3612.0,15.61613,106.41808336767502,30.005310880054846,0.0,13.143772697811954,1
6380,MEL_Z03,3591.0,19.33555,11.971063083049968,4.130364860791419,66.15996084411796,3.5376293988499854,1
6381,MEL_Z02,3647.0,36.751476,59.54897814754265,29.948628520975728,18.02731842493561,12.507853685461582,1
6382,MEL_Z02,3662.0,38.470654,138.23175992737438,8.413644928298382,28.490229424196336,5.432058387443098,1
6383,MEL_Z02,3758.0,46.0671,134.21696615722158,7.534405973755151,51.57402334010776,6.1191744170686215,1
6384,MEL_Z02,3752.0,48.56596,171.9536439728629,1.7527132485735897,59.81775895869639,1.492956122769537,1
6385,MEL_Z02,3719.0,15.533342,127.03739609511402,9.418998123492349,52.97486729837603,7.924612425187235,1
6386,MEL_Z02,3716.0,20.255396,2.5858817868708464,0.750935073760478,92.6410368043359,0.750935073760478,0
6387,MEL_Z02,3838.0,35.004417,206.50013570114436,1.0922497953986305,102.8630339663024,0.0,0
6388,MEL_Z02,4022.0,34.7247,360.2305875868022,21.472016404054745,8.676797718347578,3.3912239129920083,1
6389,MEL_Z02,4151.0,56.629498,568.3129163288061,13.54027150652598,15.040698633647498,0.5619957624671746,0
6390,MEL_Z02,4485.0,45.16074,502.70687592118765,2.0471810733311857,64.31750286284283,0.9961748074074614,0
6391,MEL_Z02,4380.0,39.52837,371.47468195021975,0.282845938789956,127.00436004311732,0.0,0
6392,MEL_Z02,4365.0,15.691831,325.0082818795819,0.3798294944132124,71.34929015995544,0.19938596538404038,0
6393,MEL_Z02,4464.0,38.372124,213.0510311553852,0.11025617010970215,86.17056432891881,0.0,0
6394,MEL_Z01,4480.0,20.368845,72.19795214909743,0.5837936231726005,125.23741146254997,2.3267392046707416,1
6395,MEL_Z01,4531.0,19.363289,120.43038235702579,13.547724473737347,1.287186988135275,22.537372263849687,1
6396,MEL_Z01,4754.0,45.520584,328.0895425383864,23.195101813381854,28.280922185435404,11.528020508594828,1
6397,MEL_Z01,4890.0,17.75561,537.2888186762215,10.721974013481127,36.059361164256615,8.353033482963815,1
6398,MEL_Z01,4936.0,13.362202,763.1199558441309,6.367047624456978,23.043737323319608,5.247241580528036,1
6399,MEL_Z01,5008.0,9.719869,997.6267157792213,0.9112490607888135,60.485456696812236,0.0,0
6400,MEL_Z01,5207.0,53.565018,1205.3551142681192,0.0,217.1661119392416,0.0,0
6401,MEL_Z01,5310.0,21.253716,1396.7598366091954,0.0,407.12241602099147,0.0,0
6410,MEL_Z12,1313.0,29.402699,1203.7357818096546,0.0,1211.2864625052582,0.0,0
6411,MEL_Z12,1249.0,31.708597,1047.0256060532472,0.0,1090.6966855961932,0.0,0
6412,MEL_Z11,1215.0,16.723558,878.5903194399049,0.0,981.0169740413539,0.0,0
6413,MEL_Z11,1155.0,29.309998,722.5073097621527,0.0,819.7464052612505,0.0,0
6414,MEL_Z11,1065.0,29.971546,524.4956620461583,0.0,613.5401926494638,0.0,0
6415,MEL_Z11,992.0,23.525032,372.0492101402361,0.0,399.7164818449198,0.0,0
6416,MEL_Z11,946.0,29.661896,239.5447575532097,0.0,260.98843599021603,0.0,0
6417,MEL_Z11,864.0,19.800148,77.12531629688007,0.0,284.1252465295219,0.0,0
6418,MEL_Z11,898.0,28.386042,82.30283912760898,0.0,375.5177620335329,0.0,0
6419,MEL_Z11,961.0,39.164864,73.69691638383692,0.0,391.5084074730939,0.0,0
6420,MEL_Z11,1025.0,36.417072,254.26125919893468,0.0,143.59146037531028,0.0,0
6421,MEL_Z11,1148.0,41.677513,450.3966192001919,4.276844351512612,72.78569317405726,0.0,0
6422,MEL_Z11,1219.0,12.709802,659.3170910057025,0.0,256.26275321380007,0.0,0
6423,MEL_Z11,1230.0,13.964881,836.3269799522731,0.0,494.53970464216394,0.0,0
6424,MEL_Z11,1287.0,20.67188,958.6899550407427,0.0,740.5865514917216,0.0,0
6425,MEL_Z11,1270.0,14.993949,1119.9265212469606,0.0,898.0773615785071,0.0,0
6426,MEL_Z11,1211.0,12.0883255,1157.4857447503955,0.0,675.5768716253859,0.0,0
6427,MEL_Z10,1196.0,22.866096,1242.2147986056414,0.0,479.77367524199184,0.0,0
6428,MEL_Z10,1193.0,24.168814,1328.7041066010015,0.0,355.91117659340534,0.0,0
6429,MEL_Z10,1188.0,12.106075,1334.8820849344804,0.0,382.65945013617096,0.0,0
6430,MEL_Z10,1277.0,21.065975,1277.9234121376292,0.0,535.6154888834499,0.0,0
6431,MEL_Z10,1371.0,24.995878,1157.7635325843926,0.0,732.9047268221702,0.0,0
6432,MEL_Z10,1470.0,14.724249,1081.0681160304678,0.0,642.7146799832956,0.0,0
6433,MEL_Z10,1501.0,18.196629,1053.9247132909834,0.0,643.1882995874919,0.0,0
6434,MEL_Z10,1525.0,15.718059,1083.774070051534,0.0,731.0512238571365,0.0,0
6435,MEL_Z10,1509.0,17.447954,1163.7422884860025,0.0,882.5641588116439,0.0,0
6436,MEL_Z10,1491.0,17.026836,1261.9260867422845,0.0,873.1144848737982,0.0,0
6437,MEL_Z10,1433.0,17.990314,1316.9960867563252,0.0,652.0932971581008,0.0,0
6438,MEL_Z10,1360.0,26.611143,1274.415783826211,0.0,402.621068214693,0.0,0
6439,MEL_Z10,1273.0,40.07721,1172.3963782478147,0.0,154.82007280258446,0.0,0
6440,MEL_Z09,1344.0,17.097923,1091.233430797273,0.5292988909185277,82.05974809001012,0.0,0
6441,MEL_Z09,1312.0,16.79624,1035.1778471425237,0.0,309.77550390840435,0.0,0
6442,MEL_Z09,1336.0,18.286467,918.4995997035296,0.0,455.67837256976907,0.0,0
6443,MEL_Z09,1346.0,16.50623,856.3127876198859,0.0,317.97126866632294,0.0,0
6444,MEL_Z09,1313.0,35.299053,821.9807810041224,0.0,334.6099093687134,0.0,0
6445,MEL_Z09,1261.0,16.759949,801.9467001604908,0.0,159.14157166323713,0.0,0
6446,MEL_Z09,1302.0,26.113234,779.6995380226335,2.111973134301774,82.61562098282393,0.0,0
6447,MEL_Z09,1355.0,29.28843,719.5718216256164,11.679928358585071,49.07590275643503,0.0,0
6448,MEL_Z09,1363.0,24.578665,563.2786374789858,0.0,207.08414075263536,0.0,0
6449,MEL_Z09,1274.0,37.300343,458.13646882037835,5.4065903504711095,5.550752405245857,0.0,0
6450,MEL_Z09,1284.0,38.22394,302.9496749619383,0.0,210.26951524355354,0.0,0
6451,MEL_Z09,1181.0,15.951767,285.450441868998,0.0,458.6730929394781,0.0,0
6452,MEL_Z09,1168.0,16.133886,236.95848067035467,0.0,264.66071470425015,0.0,0
6453,MEL_Z08,1185.0,6.13738,160.54401677760333,2.0665872825743223,18.0601284682843,0.0,0
6454,MEL_Z08,1177.0,17.571259,70.55864784387549,0.0,197.98557785508643,0.0,0
6455,MEL_Z08,1174.0,14.741938,30.555215820607653,0.0,336.54759456855794,8.304060405585219,1
6456,MEL_Z08,1230.0,27.791306,58.023430273079,0.0,262.770305174367,1.767438987795298,1
6457,MEL_Z08,1194.0,7.6530495,4.84211609604622,0.0,387.08162337287143,0.42895962415017963,0
6458,MEL_Z08,1196.0,10.606835,11.983048434164777,0.0,163.13714071596982,20.72994968952246,1
6459,MEL_Z08,1333.0,52.342915,102.966164225822,48.63873899142625,0.0,3.1542143332046724,1
6460,MEL_Z08,1441.0,31.596354,295.45325007838,0.0,148.97464127885,0.0,0
6461,MEL_Z08,1448.0,27.46009,342.78987574895183,0.0,398.0996915476908,0.0,0
6462,MEL_Z08,1493.0,32.285675,365.9218481932389,0.0,258.9762022521026,0.0,0
6463,MEL_Z08,1608.0,14.452206,497.55502877388034,0.0,237.53576078106548,0.0,0
6464,MEL_Z08,1589.0,16.919512,670.3515334001138,0.0,388.0707515845978,0.0,0
6465,MEL_Z08,1574.0,17.825872,879.2443745979092,0.0,340.2957865778869,0.0,0
6466,MEL_Z08,1485.0,15.423245,906.4434781858422,0.0,229.82344166358925,0.0,0
6467,MEL_Z08,1594.0,26.350382,964.8231624720977,0.0,215.1583394744617,0.0,0
6468,MEL_Z08,1790.0,26.888115,1072.0332788282449,0.0,241.25939351064488,0.0,0
6469,MEL_Z07,1912.0,30.9357,1219.394363256298,0.0,158.78338453679677,0.0,0
6470,MEL_Z07,2072.0,42.53696,1394.0535338646757,0.23912575579075426,108.09044597503376,0.0,0
6471,MEL_Z07,2296.0,33.440258,1552.0469955823407,0.44180647075295726,113.96225376126976,0.0,0
6472,MEL_Z07,2290.0,21.253716,1608.2850660916881,0.0,325.92141683145996,0.0,0
6473,MEL_Z07,2225.0,24.684431,1564.3156632485004,0.0,566.7760329613734,0.0,0
6474,MEL_Z07,2132.0,31.012447,1520.3937437523177,0.0,321.3359006287723,0.0,0
6475,MEL_Z07,2006.0,35.956497,1516.0940412916095,2.632039118541435,85.6558043811317,0.0,0
6476,MEL_Z07,2144.0,27.253843,1529.5688861409365,0.0,140.70255060711605,0.0,0
6477,MEL_Z06,2260.0,31.31593,1551.7942855494823,0.0,248.45558342656895,0.0,0
6478,MEL_Z06,2384.0,25.682186,1604.7406449291198,0.0,210.77966452285574,0.0,0
6479,MEL_Z06,2497.0,32.66716,1692.276183637038,0.0,164.90706198379436,0.0,0
6480,MEL_Z06,2567.0,24.052155,1810.0366020387726,0.0,286.64751224579913,0.0,0
6481,MEL_Z06,2573.0,31.138372,1912.3952435793938,0.7775580346638081,74.6342881561878,0.0,0
6482,MEL_Z06,2624.0,27.238575,1966.9573965563407,0.0,198.9644431322312,0.0,0
6483,MEL_Z06,2668.0,11.485372,1932.9832753326643,0.0,444.83516796688934,0.0,0
6484,MEL_Z06,2591.0,27.745455,1896.8463620580071,0.0,693.6640423788323,0.0,0
6485,MEL_Z06,2568.0,15.731152,1851.9962028437105,0.0,708.1924957447972,0.0,0
6486,MEL_Z06,2512.0,21.912489,1838.551125646763,0.0,530.4084256970455,1.0843474717361752,1
6487,MEL_Z06,2453.0,21.563778,1849.7231496434663,0.0,346.1919979001315,3.7997047187223862,1
6488,MEL_Z06,2536.0,25.385492,1781.2670777095311,0.0,287.552876883827,0.0,0
6489,MEL_Z06,2620.0,33.30228,1718.1145590066105,0.0,243.29325424512305,0.0,0
6490,MEL_Z05,2753.0,41.481777,1689.468362225074,0.0,241.3120457839995,0.0,0
6491,MEL_Z05,2901.0,22.656439,1697.162685948379,0.0,409.89276558205523,0.0,0
6492,MEL_Z05,3017.0,20.597849,1740.533391152071,0.0,396.83512043513986,0.0,0
6493,MEL_Z05,2965.0,24.007488,1773.955207854905,0.0,239.59721460387928,0.0,0
6494,MEL_Z05,2930.0,51.74477,1750.939720259953,0.0,255.96301830917204,0.0,0
6495,MEL_Z05,2868.0,35.970863,1763.4235816990956,0.0,263.19119741087167,0.0,0
6496,MEL_Z05,2814.0,44.39717,1803.3741703571181,0.0,174.6435977068298,0.0,0
6497,MEL_Z05,2936.0,22.63613,1815.2719983794411,0.0,150.35194779373816,0.0,0
6498,MEL_Z05,3010.0,46.51206,1833.2235551675292,0.0,200.57847235806253,0.0,0
6499,MEL_Z05,3061.0,45.82139,1884.4640559962027,6.888219462850699,51.42498999516403,0.0,0
6500,MEL_Z05,3199.0,40.468136,1966.3928787153,0.0,144.09526887532778,0.0,0
6501,MEL_Z05,3394.0,41.2854,1986.530364065481,0.0,148.51222908669743,0.0,0
6502,MEL_Z05,3425.0,34.441082,1887.8846361184626,0.0,227.64016257648527,0.0,0
6503,MEL_Z04,3291.0,35.726643,1801.984033144266,0.0,432.10575180006816,0.0,0
6504,MEL_Z04,3180.0,44.42049,1747.9069068556582,0.0,668.00572128624,0.0,0
6505,MEL_Z04,3220.0,41.86582,1727.2166717914158,0.0,471.61718765554434,0.0,0
6506,MEL_Z04,3384.0,31.399254,1736.3411008611647,0.0,234.4647080888288,0.0,0
6507,MEL_Z04,3483.0,39.97442,1696.739389967968,9.291764197046048,70.65316880689635,0.0,0
6508,MEL_Z04,3473.0,36.81974,1619.6834196659331,22.928089613338365,17.800658440412118,0.0,0
6509,MEL_Z04,3637.0,26.380993,1538.5595525650167,5.597695741764812,82.9407262184369,0.0,0
6510,MEL_Z04,3625.0,36.50589,1495.2967091413618,0.0,162.84726376555994,0.0,0
6511,MEL_Z04,3713.0,42.066387,1454.136459935114,0.787650341345384,132.42696294722523,0.0,0
6512,MEL_Z04,3883.0,33.86474,1373.3991852500617,0.26628591195670914,134.0202258971068,0.0,0
6513,MEL_Z04,3885.0,56.521133,1280.879248435665,6.670796412154586,74.7147584599437,0.0,0
6514,MEL_Z04,3886.0,52.797375,1213.01436695669,12.98871827911888,25.7905600602794,0.0,0
6515,MEL_Z03,3880.0,34.893494,1169.592966946761,0.0,150.51618774345653,0.0,0
6516,MEL_Z03,3862.0,55.347633,1078.2382438431848,17.056556387585232,47.016843475742576,0.0,0
6517,MEL_Z03,3790.0,51.930405,990.9225096996536,0.0,160.35010611950753,0.0,0
6518,MEL_Z03,3554.0,32.37992,916.3614994030069,1.6155427742965003,81.91358954853236,0.0,0
6519,MEL_Z03,3727.0,48.28818,876.0619209970843,9.551687835836804,25.348986388072706,0.0,0
6520,MEL_Z03,3782.0,28.027416,796.7875238646046,3.14721660120408,99.13414398349545,0.0,0
6521,MEL_Z03,3652.0,36.304035,674.4470316199096,1.5635274734754578,114.93646296681779,1.5373421545868498,1
6522,MEL_Z03,3557.0,47.26101,586.059724971977,7.944430930175046,93.47996667498221,4.383233394269389,1
6523,MEL_Z03,3521.0,28.131918,570.4744746939688,13.895244142169243,20.179971186684234,0.0,0
6524,MEL_Z03,3578.0,28.176708,592.9980061078707,3.491525018193874,66.9315560998471,0.0,0
6525,MEL_Z03,3635.0,53.48784,610.6106546625346,4.980529969020306,83.4359308672402,3.9456743786335853,1
6526,MEL_Z03,3658.0,22.656439,545.7984612569737,9.831788648255234,91.09168357938564,6.523683178241882,1
6527,MEL_Z03,3723.0,36.091606,447.0334721808857,5.839722939878008,36.173458600933685,5.592709993976998,1
6528,MEL_Z03,3790.0,52.149734,321.183858128537,20.72401445640358,31.206196060979792,10.145888493408725,1
6529,MEL_Z03,3898.0,39.115604,254.13281177000118,13.439149518172897,15.537446210996038,11.074080268059468,1
6530,MEL_Z02,3924.0,30.246256,298.776011697942,20.089848877532894,0.0,5.29609143844121,1
6531,MEL_Z02,3872.0,51.84688,375.6064460906533,11.490415917638712,0.0,7.726194082257695,1
6532,MEL_Z02,3922.0,42.961708,379.0024758604571,8.419639065729472,0.0,6.4623235708169275,1
6533,MEL_Z02,3891.0,44.09691,412.01800837724113,11.470508997736651,3.838140213729535,9.611850650784984,1
6534,MEL_Z02,3803.0,23.015577,328.8616126868536,11.555351588536158,9.642172008212764,11.020228081172188,1
6535,MEL_Z02,3779.0,21.458925,122.16200062367442,2.359326524215362,82.40768549620343,2.359326524215362,1
6536,MEL_Z02,3781.0,20.3075,10.737646810124048,30.1837350981629,32.283786611225935,6.515655116554428,1
6537,MEL_Z02,3993.0,60.69359,243.6587916303818,90.81388263525167,0.0,23.42194892012076,1
6538,MEL_Z02,4253.0,34.815582,328.778813611257,29.207710774008405,0.0,16.223535268326366,1
6539,MEL_Z02,4396.0,37.280502,324.1507474683692,4.208448112288116,16.26661435505962,1.9472179334473003,1
6540,MEL_Z02,4340.0,9.577708,154.01225898090206,0.217352264299219,128.2237724799395,0.0,0
6541,MEL_Z02,4343.0,38.533447,76.56968950823389,0.7020419435000672,40.53450413219468,0.7453527369027381,0
6542,MEL_Z02,4375.0,22.092365,22.410264490703952,8.255705399513117,62.80129205458219,5.810046619199814,1
6543,MEL_Z01,4445.0,21.680891,120.40567815684632,20.004829475479173,3.320367612984443,17.33555527681652,1
6544,MEL_Z01,4579.0,43.19102,268.3180946712002,36.49865902245644,21.71824657245637,14.808886318601832,1
6545,MEL_Z01,4797.0,51.44657,443.71135450313733,41.51574483138859,0.0,5.776072077466252,1
6546,MEL_Z01,4916.0,27.177357,655.0198015955821,6.621161835268799,7.439931103673004,0.12082048264666742,0
6547,MEL_Z01,4983.0,5.4276433,874.7940403519511,3.0590807250530387,74.00252437856443,0.09780624587876176,0
6548,MEL_Z01,5010.0,16.165575,1061.3906242197345,0.0,131.60398022016633,0.0,0
6549,MEL_Z01,5213.0,54.00512,1295.4256257036586,0.0,334.664955979372,0.0,0
6560,MEL_Z12,1200.0,16.699245,886.955314544589,0.0,888.8741920008973,0.0,0
6561,MEL_Z12,1108.0,17.329355,693.9176410411839,0.0,750.2482073234039,0.0,0
6562,MEL_Z11,1045.0,20.664955,530.5041398409014,0.0,678.7101118877738,0.0,0
6563,MEL_Z11,1011.0,23.041344,385.1737112693573,0.0,474.40237113056565,0.0,0
6564,MEL_Z11,938.0,21.2626,170.97528144699606,0.0,281.86056200962236,0.0,0
6565,MEL_Z11,857.0,1.687605,21.33648257436666,0.0,235.40037407003376,0.0,0
6566,MEL_Z11,940.0,30.257711,86.5389630572031,0.0,360.4907191771114,0.0,0
6567,MEL_Z11,1020.0,31.454966,262.65611673459534,0.0,473.20732498407926,0.0,0
6568,MEL_Z11,1062.0,31.244179,304.0873134898051,0.0,400.9188858123898,0.0,0
6569,MEL_Z11,1144.0,30.68966,420.39660675129426,0.0,155.94535530341798,0.0,0
6570,MEL_Z11,1226.0,28.06232,601.1301570258864,0.5923425131475293,91.75596516148934,0.0,0
6571,MEL_Z11,1273.0,14.592552,803.281747216187,0.0,273.1448394179226,0.0,0
6572,MEL_Z11,1298.0,5.520213,1001.9232866947897,0.0,503.4948103838653,0.0,0
6573,MEL_Z11,1351.0,13.961113,1170.6304575859247,0.0,746.5962395206168,0.0,0
6574,MEL_Z11,1307.0,18.394606,1308.9150109334823,0.0,993.1288263106494,0.0,0
6575,MEL_Z11,1276.0,13.421511,1400.8578744295357,0.0,833.2662758259534,0.0,0
6576,MEL_Z10,1299.0,31.402813,1472.0751123194336,0.0,682.8658124355319,0.0,0
6577,MEL_Z10,1250.0,17.03871,1562.3233819950358,0.0,601.8265322792299,0.0,0
6578,MEL_Z10,1245.0,17.230228,1576.9062919343191,0.0,618.0215725285145,0.0,0
6579,MEL_Z10,1291.0,27.745455,1492.2280237632967,0.0,725.1054265639463,0.0,0
6580,MEL_Z10,1352.0,28.26449,1390.7082500035879,0.0,533.1461345550063,0.0,0
6581,MEL_Z10,1485.0,23.84452,1325.959653418828,0.0,400.22196598724423,0.0,0
6582,MEL_Z10,1570.0,15.678696,1303.9240899238143,0.0,400.0875792348029,0.0,0
6583,MEL_Z10,1584.0,16.85651,1328.1667688638477,0.0,529.0867885203182,0.0,0
6584,MEL_Z10,1569.0,13.362201,1395.8146410881418,0.0,721.9848928356025,0.0,0
6585,MEL_Z10,1551.0,23.021528,1499.2028036743732,0.0,940.3375445209964,0.0,0
6586,MEL_Z10,1499.0,21.563778,1557.8272224835732,0.0,709.040826599622,0.0,0
6587,MEL_Z10,1422.0,24.828514,1506.1501376766207,0.0,463.14796122145833,0.0,0
6588,MEL_Z10,1354.0,13.142106,1404.4656270348619,0.0,213.32624323229734,0.0,0
6589,MEL_Z09,1301.0,43.02165,1331.8363223783213,2.3592610947042165,14.160142544316104,0.0,0
6590,MEL_Z09,1428.0,25.254934,1250.7350999979265,0.0,218.66272148581103,0.0,0
6591,MEL_Z09,1425.0,18.092472,1153.9555668023488,0.0,339.8814184273219,0.0,0
6592,MEL_Z09,1404.0,17.780945,1105.0988760015666,1.4340365168174072,103.5149029221767,0.0,0
6593,MEL_Z09,1440.0,23.21859,1068.3002211552703,0.0,156.5479835878191,0.0,0
6594,MEL_Z09,1361.0,33.490524,1046.807138069904,0.0,225.8277691034904,0.0,0
6595,MEL_Z09,1428.0,28.81357,1029.3541504003606,0.0,240.30180347055406,0.0,0
6596,MEL_Z09,1455.0,23.567236,909.5204842415059,0.0,189.74084815495922,0.0,0
6597,MEL_Z09,1417.0,25.879229,787.678436122019,0.0,249.2338787747734,0.0,0
6598,MEL_Z09,1359.0,32.81165,646.6110146650532,3.1638944229828136,5.580420415319485,0.0,0
6599,MEL_Z09,1384.0,28.374636,538.465931122845,2.2466019653405365,129.1532853788191,0.0,0
6600,MEL_Z09,1228.0,12.688797,530.5354053193614,0.0,341.1870847681562,0.0,0
6601,MEL_Z09,1277.0,16.079832,477.7911777776293,0.0,303.20641647291836,0.0,0
6602,MEL_Z08,1234.0,18.944183,397.3561148454661,3.690185316368734,54.21566612198699,0.0,0
6603,MEL_Z08,1220.0,16.231888,314.4691006967633,0.0,163.99779939541114,0.0,0
6604,MEL_Z08,1193.0,20.023485,178.21515255252805,0.0,405.4808480209228,0.0,0
6605,MEL_Z08,1195.0,11.76829,133.91019842449768,0.0,511.5221807507526,0.0,0
6606,MEL_Z08,1254.0,33.49262,226.59936948809437,0.0,296.4661957645221,11.480257910997135,1
6607,MEL_Z08,1311.0,33.30228,236.9161277133659,3.0198414672970055,52.333660878922856,2.7000908502951955,1
6608,MEL_Z08,1448.0,35.492546,286.1129636213811,25.457420762094397,3.6924045749735717,2.6347631397801496,1
6609,MEL_Z08,1579.0,21.00062,451.39668784220004,4.7402802704582125,91.40803563977701,0.0,0
6610,MEL_Z08,1567.0,22.149069,589.3123160577114,0.0,339.0137627225908,0.0,0
6611,MEL_Z08,1574.0,38.772373,604.6124318626672,0.0,495.82792982800635,0.0,0
6612,MEL_Z08,1675.0,27.939821,698.7230187047344,0.0,483.1006542796521,0.0,0
6613,MEL_Z08,1686.0,34.66059,847.8692314465346,0.0,572.3328501978962,0.0,0
6614,MEL_Z08,1629.0,33.72412,1022.4201906679492,0.0,542.4069192258925,0.0,0
6615,MEL_Z08,1561.0,34.002132,1154.7156048362901,0.0,402.8237330346553,0.0,0
6616,MEL_Z08,1576.0,32.84757,1202.4851070584898,0.0,314.70041045010146,0.0,0
6617,MEL_Z08,1731.0,31.364786,1292.0407321293637,0.09689426882202667,164.64397129662743,0.0,0
6618,MEL_Z07,1898.0,41.91437,1417.5616712113044,10.370420228285147,66.96830510311145,0.0,0
6619,MEL_Z07,2011.0,49.837955,1572.2840526314426,5.376744518060489,0.0,0.0,0
6620,MEL_Z07,2244.0,37.61044,1747.3380970134717,0.054193099093679566,136.25031387153493,0.0,0
6621,MEL_Z07,2362.0,7.416538,1852.3668604723005,0.0,376.74528535674153,0.0,0
6622,MEL_Z07,2321.0,26.883432,1807.3358276248052,0.0,568.8320094136566,0.0,0
6623,MEL_Z07,2212.0,31.698105,1769.395779106116,0.0,377.3692375757035,0.0,0
6624,MEL_Z07,2057.0,18.871407,1765.6530660364685,0.0,134.70494444600138,0.0,0
6625,MEL_Z07,2209.0,35.257828,1777.9557645591867,0.5688723081290165,95.08543906104566,0.0,0
6626,MEL_Z06,2321.0,27.938354,1799.7279401864287,5.061880401197399,2.3115272506534956,0.0,0
6627,MEL_Z06,2448.0,34.42233,1845.7171316438453,0.5266451720177324,153.0751761439675,0.0,0
6628,MEL_Z06,2571.0,25.254934,1922.6740000167058,0.0,372.9459970571373,0.0,0
6629,MEL_Z06,2659.0,29.92229,2027.0993477031973,0.0,428.02452155486617,0.0,0
6630,MEL_Z06,2733.0,31.511662,2143.7741863337747,0.0,306.71343961800073,0.0,0
6631,MEL_Z06,2759.0,25.831024,2212.644385655498,0.0,358.0468453824757,0.0,0
6632,MEL_Z06,2733.0,38.431465,2182.3545058679847,0.0,535.7656516216356,0.0,0
6633,MEL_Z06,2676.0,33.340317,2140.5607971558516,0.0,755.3249362809605,0.0,0
6634,MEL_Z06,2617.0,17.990314,2100.3793721086995,0.0,633.9691382204096,0.0,0
6635,MEL_Z06,2575.0,22.092365,2088.4920716972156,0.0,449.257002327387,0.30141082171782063,0
6636,MEL_Z06,2567.0,35.948406,2098.3337728426554,0.0,200.86725840678042,3.019669789968648,1
6637,MEL_Z06,2627.0,39.931858,2019.8862549416108,6.332226273400618,54.52054218612757,0.0,0
6638,MEL_Z06,2806.0,46.449802,1964.2865575338656,2.5976306723055798,57.22879008295154,0.0,0
6639,MEL_Z05,2897.0,31.05251,1939.2801213845405,0.0,297.6612669667324,0.0,0
6640,MEL_Z05,3046.0,35.712967,1946.0093947791365,0.0,226.07348299098194,0.0,0
6641,MEL_Z05,3196.0,33.49262,1984.094404068258,0.0,147.29030926627163,0.0,0
6642,MEL_Z05,3085.0,39.879364,2021.0612939887826,1.4963419345310223,99.58034296266533,0.0,0
6643,MEL_Z05,3073.0,31.693441,2000.8901965295538,0.0,140.50153706763723,0.0,0
6644,MEL_Z05,2929.0,40.002964,2011.823651087873,0.0,183.43969081588335,0.0,0
6645,MEL_Z05,2976.0,50.234116,2050.0605658063473,0.20292899574670878,82.47421198146982,0.0,0
6646,MEL_Z05,3095.0,28.646132,2065.270801124233,0.0,278.2272896339413,0.0,0
6647,MEL_Z05,3140.0,36.655415,2081.066951613262,1.163804719984373,49.050344690688064,0.0,0
6648,MEL_Z05,3276.0,35.966377,2126.3433006496152,0.7655881578185358,123.46037691953838,0.0,0
6649,MEL_Z05,3278.0,35.050095,2199.2798838115364,0.0,260.947296650913,0.0,0
6650,MEL_Z05,3462.0,46.146683,2218.2131789472223,3.506402912841491,26.550410455260902,0.0,0
6651,MEL_Z05,3481.0,38.01049,2119.180240492399,0.0,157.62818838509028,0.0,0
6652,MEL_Z04,3395.0,31.034311,2043.0264293494254,0.0,398.6023409510874,0.0,0
6653,MEL_Z04,3282.0,27.240105,1995.4921925046717,0.0,545.7862787922609,0.0,0
6654,MEL_Z04,3244.0,29.069798,1977.1071164233922,0.0,477.39401622458263,0.0,0
6655,MEL_Z04,3338.0,45.215225,1985.0612578158023,0.0,248.18060667078083,0.0,0
6656,MEL_Z04,3557.0,30.760153,1936.0663401964025,2.300440406730262,91.80496914766245,0.0,0
6657,MEL_Z04,3668.0,23.607416,1852.1336713201272,16.836981805532652,7.60313852060111,1.0654326807467522,1
6658,MEL_Z04,3772.0,37.109165,1781.6132823982018,32.51042630716772,0.0,0.0,0
6659,MEL_Z04,3823.0,52.977127,1744.3889014774245,0.0,165.46507988559682,0.0,0
6660,MEL_Z04,3820.0,45.346893,1700.1429404685216,12.215372109848662,0.3228533821836432,0.0,0
6661,MEL_Z04,3960.0,39.51689,1603.9021702215118,3.087576193931365,85.05799485010247,0.0,0
6662,MEL_Z04,4108.0,36.54145,1517.1954503892791,7.241863763391311,54.34848927889594,0.0,0
6663,MEL_Z04,4230.0,42.722393,1459.2489609460295,4.649896921778854,54.40244732702829,0.0,0
6664,MEL_Z03,4104.0,51.7658,1405.7534694295489,0.1880103340353425,124.92354664992055,0.0,0
6665,MEL_Z03,4039.0,36.29788,1307.3120976023865,4.8707763527305925,85.22060425189683,0.0,0
6666,MEL_Z03,3785.0,46.065716,1226.902913982831,0.0,273.912703597621,0.0,0
6667,MEL_Z03,3725.0,38.00417,1162.2356466445406,7.019393936815196,56.76648486500703,2.656938261315606,1
6668,MEL_Z03,3867.0,38.71506,1115.3930769108215,19.89466403427511,34.16081985843182,1.1446219774809352,1
6669,MEL_Z03,3961.0,50.8775,1015.2089773511858,2.258888822710412,83.372887305899,1.4735861913837265,1
6670,MEL_Z03,3848.0,56.459908,898.418447184439,10.426877426519525,25.85805992536139,8.320020788632815,1
6671,MEL_Z03,3832.0,43.79843,833.4911817333236,1.0584538547553373,133.17568454082684,0.0,0
6672,MEL_Z03,3751.0,45.660866,820.4277817747825,4.3543399495990895,87.70220561562091,0.0,0
6673,MEL_Z03,3869.0,64.3157,837.3980757098645,6.097577713653437,11.702985493561398,0.0,0
6674,MEL_Z03,3863.0,44.54423,859.1049302659786,13.572064442802983,64.18261165509269,10.102655031242554,1
6675,MEL_Z03,3843.0,39.269485,762.4599717980452,26.186159694247557,7.501103620738733,19.454110413217634,1
6676,MEL_Z03,3957.0,48.937927,659.3038806863481,7.10423122221848,66.93571337543996,4.3526101084040985,1
6677,MEL_Z03,3963.0,61.707714,547.008709386254,24.661997588149603,15.821984104620723,18.04226906988711,1
6678,MEL_Z03,4075.0,51.049305,503.535271573161,15.995606807774049,1.2356606576040334,8.66434189623879,1
6679,MEL_Z02,4118.0,48.34733,541.0516033010996,20.820681591403545,41.46556793736672,0.08766859122935894,0
6680,MEL_Z02,4138.0,40.89405,613.5686760275356,13.72096538353284,10.801463997780527,13.056481765563039,1
6681,MEL_Z02,4169.0,39.604916,626.8643642982893,8.60436600829184,22.85335577801256,6.692830429041549,1
6682,MEL_Z02,4049.0,46.0671,647.4100471663737,6.297469575575339,66.03127974919038,5.444714008107853,1
6683,MEL_Z02,3984.0,37.233273,474.1957068486755,6.040136994356897,23.956768583462114,5.549719654098953,1
6684,MEL_Z02,3882.0,24.628944,302.65667993255545,4.236240306615006,0.0,3.531838693098798,1
6685,MEL_Z02,3837.0,27.62504,71.88809513769657,2.834837512247134,105.30008493455533,1.9588015873512505,1
6686,MEL_Z02,3942.0,38.39218,80.16558715122352,13.23730552697199,2.855562474296274,4.355901851923571,1
6687,MEL_Z02,4136.0,49.0385,112.10408475003119,17.78630898997547,14.191839591647298,12.851541791749069,1
6688,MEL_Z02,4250.0,38.07042,101.6036357246913,8.490072195312536,63.23583283479041,6.320821192422279,1
6689,MEL_Z02,4246.0,9.064294,16.485157229021688,7.497655840245661,16.396577263149627,4.670380002684476,1
6690,MEL_Z02,4341.0,24.978342,166.6666611618403,7.367303214501161,40.40475569274942,5.311100031814694,1
6691,MEL_Z02,4415.0,22.209745,188.5514359421266,16.544147956242465,13.25473977501418,16.50816616006469,1
6692,MEL_Z02,4540.0,38.24575,327.29603791124407,25.605000190749706,0.0,15.199861922453739,1
6693,MEL_Z01,4771.0,51.717678,471.5123906671893,27.399172057193056,5.006523814001836,3.5136304120411093,1
6709,MEL_Z12,1164.0,11.048353,739.3237732208017,0.0,704.51544015267,0.0,0
6710,MEL_Z12,1073.0,22.441889,537.3469078662479,0.0,536.9827202310219,0.0,0
6711,MEL_Z12,1014.0,16.91951,341.6851277674837,0.0,431.4226294637789,0.0,0
6712,MEL_Z11,888.0,31.511662,198.22875267536008,0.0,416.49340725482074,0.0,0
6713,MEL_Z11,849.0,6.7296896,104.17895838752655,0.0,166.9023441915896,1.1191192874390723,1
6714,MEL_Z11,919.0,41.488724,139.83167348664514,1.0120401449341223,49.146147114273425,0.0,0
6715,MEL_Z11,1037.0,28.304626,308.90797865949287,0.8817521006490378,125.52387688908622,0.0,0
6716,MEL_Z11,1115.0,21.912489,439.90543002516966,0.0,310.3525725550547,0.0,0
6717,MEL_Z11,1176.0,22.58117,548.3064134851259,0.0,497.63897100412834,0.0,0
6718,MEL_Z11,1257.0,23.653215,632.0993596221048,0.0,330.2680643842524,0.0,0
6719,MEL_Z11,1326.0,11.981214,772.5145826933754,0.0,307.15246065628656,0.0,0
6720,MEL_Z11,1340.0,15.520049,952.252116714822,0.0,445.2659613225684,0.0,0
6721,MEL_Z11,1350.0,18.650862,1154.9197042960018,0.0,622.4504226839357,0.0,0
6722,MEL_Z11,1408.0,12.709802,1349.7907641914103,0.0,831.4706546128083,0.0,0
6723,MEL_Z11,1376.0,15.021641,1513.1251581342533,0.0,1058.4150274184005,0.0,0
6724,MEL_Z11,1355.0,24.141115,1646.117633491262,0.0,1027.4010062819295,0.0,0
6725,MEL_Z11,1363.0,22.334534,1707.6043648180607,0.0,909.3009002109147,0.0,0
6726,MEL_Z10,1299.0,20.357069,1800.0096231510372,0.0,850.1279811218919,0.0,0
6727,MEL_Z10,1307.0,29.37051,1820.5520069631211,0.0,861.6687724658003,0.0,0
6728,MEL_Z10,1382.0,23.446077,1716.2160453014837,0.0,636.679809921536,0.0,0
6729,MEL_Z10,1422.0,19.90981,1628.5983866272975,0.0,395.3988656832612,0.0,0
6730,MEL_Z10,1539.0,31.105772,1572.4597716607866,0.0,179.64711033400937,0.0,0
6731,MEL_Z10,1619.0,20.600166,1553.9236671348476,0.0,175.91522149769557,0.0,0
6732,MEL_Z10,1640.0,12.106074,1574.3213448697184,0.0,381.88429014162074,0.0,0
6733,MEL_Z10,1647.0,22.737406,1632.6060263468387,0.0,610.4754906352936,0.0,0
6734,MEL_Z10,1624.0,22.476824,1722.3853938101315,0.0,851.1040710584103,0.0,0
6735,MEL_Z10,1567.0,20.959913,1800.4871010654526,0.0,759.2795084396971,0.0,0
6736,MEL_Z10,1477.0,25.869268,1730.7082981997676,0.0,531.0152038052977,0.0,0
6737,MEL_Z10,1406.0,24.828514,1641.7047132500638,0.0,285.7874908556177,0.0,0
6738,MEL_Z09,1338.0,8.984878,1575.368394605794,1.5249278512837032,51.287327462488705,1.741928482590633,1
6739,MEL_Z09,1524.0,15.845168,1476.4671720248036,2.4082886647888038,48.06131738317593,1.0415678465031672,1
6740,MEL_Z09,1532.0,16.79624,1394.4839137303509,0.0,256.46666684847537,0.0,0
6741,MEL_Z09,1519.0,19.890371,1354.3321089151332,0.24907385309581423,124.52685938956293,0.0,0
6742,MEL_Z09,1521.0,18.418827,1316.0048499484176,0.0,190.73304784498328,0.0,0
6743,MEL_Z09,1455.0,33.61241,1293.6351335403297,0.6409189047752738,38.13997544676125,0.0,0
6744,MEL_Z09,1533.0,26.19484,1259.5037656929928,0.0,255.01884915096585,0.0,0
6745,MEL_Z09,1508.0,17.775318,1121.3594137849616,0.0,379.0332830553067,0.0,0
6746,MEL_Z09,1419.0,25.218672,996.8713486781227,0.0,333.4432625667745,3.410262896422738,1
6747,MEL_Z09,1456.0,15.678696,861.8960369900838,0.28782246206346884,153.36791882695633,4.073807332906713,1
6748,MEL_Z09,1373.0,28.994448,782.6877719258778,0.4927646523219377,156.0050217701096,0.0,0
6749,MEL_Z09,1325.0,27.031055,767.6664142938522,0.0,353.62874561908814,0.0,0
6750,MEL_Z09,1380.0,20.782253,712.7186256613757,0.0,338.4010065329116,0.0,0
6751,MEL_Z08,1275.0,7.973233,629.3444549578014,0.0,156.67203160420934,0.0,0
6752,MEL_Z08,1326.0,27.227877,522.6109242683957,0.0,242.25778930762732,0.0,0
6753,MEL_Z08,1283.0,35.658142,402.51407054947487,0.0,466.2106234854273,0.0,0
6754,MEL_Z08,1277.0,25.04837,375.5214314980435,0.0,465.6027565317908,0.0,0
6755,MEL_Z08,1333.0,36.83591,475.48873219894307,0.0,229.55196904971874,0.0,0
6756,MEL_Z08,1450.0,35.657227,486.79124355774064,5.901815587412755,21.731320483607355,0.0,0
6757,MEL_Z08,1599.0,32.39781,518.8441595812043,12.141743621050294,72.7770919655485,0.0,0
6758,MEL_Z08,1700.0,22.007977,630.5501466188066,2.468790586387631,86.47956034626162,0.0,0
6759,MEL_Z08,1690.0,26.127953,802.6384015318205,0.0,307.4621130690477,0.0,0
6760,MEL_Z08,1674.0,24.863892,849.0525705271751,0.0,547.1535858791003,0.0,0
6761,MEL_Z08,1798.0,32.141018,923.1833459040151,0.0,731.1602052837256,0.0,0
6762,MEL_Z08,1797.0,30.720613,1044.5922195918179,0.0,725.2967431800105,0.0,0
6763,MEL_Z08,1723.0,22.619865,1200.0847722595674,0.0,478.39939006833464,0.0,0
6764,MEL_Z08,1660.0,27.928104,1375.2508550221255,0.0,238.0684505934775,0.0,0
6765,MEL_Z08,1627.0,34.50607,1443.9423863974594,1.9621543240272075,64.71854754531144,0.0,0
6766,MEL_Z08,1820.0,34.753765,1521.2234487198702,0.7994263045749758,145.81842741390673,0.0,0
6767,MEL_Z08,1987.0,47.139824,1629.7533243055632,16.307881874596415,0.10097765238609051,0.0,0
6768,MEL_Z07,2149.0,27.804596,1766.2490256771005,0.0,184.90520566317997,0.0,0
6769,MEL_Z07,2241.0,38.273746,1925.417271963943,0.0,164.94984030803394,0.0,0
6770,MEL_Z07,2424.0,16.604614,2097.797845801682,0.0,230.07006835341826,0.0,0
6771,MEL_Z07,2352.0,35.734844,2051.9812574420826,0.0,389.38523955686094,0.0,0
6772,MEL_Z07,2145.0,24.377779,2018.6445229895949,0.0,450.7619872833688,0.0,0
6773,MEL_Z07,2102.0,19.496208,2015.3214029449593,0.0,270.84835947950023,0.0,0
6774,MEL_Z07,2214.0,27.512756,2026.6711586923795,0.0,250.59470376350407,0.0,0
6775,MEL_Z06,2392.0,33.699364,2048.1640102080064,0.2037312964336335,153.17056021381083,0.0,0
6776,MEL_Z06,2504.0,30.792208,2088.815674634706,0.08228810225823341,155.13643864224443,0.0,0
6777,MEL_Z06,2648.0,25.254934,2157.441062688699,0.0,180.55214779003893,0.0,0
6778,MEL_Z06,2782.0,25.915705,2251.0016424014066,0.0,387.4646840066545,0.0,0
6779,MEL_Z06,2868.0,24.029837,2367.375096855654,0.0,419.0231321020207,0.0,0
6780,MEL_Z06,2866.0,28.378914,2459.144441255842,0.0,563.9240325457745,0.0,0
6781,MEL_Z06,2829.0,8.588925,2431.854855012691,0.0,707.4113622343234,0.0,0
6782,MEL_Z06,2773.0,33.183388,2385.5503502713777,0.0,653.9122467375812,0.0,0
6783,MEL_Z06,2720.0,41.58937,2349.1055911158924,0.0,442.9300958589935,0.0,0
6784,MEL_Z06,2702.0,26.269554,2338.4456430431037,0.0,299.6212829588764,0.0,0
6785,MEL_Z06,2759.0,32.81818,2336.089043882483,0.0,245.2430209479498,0.0,0
6786,MEL_Z06,2769.0,28.98758,2260.9662898133265,12.452992473378336,13.23569860522155,0.0,0
6787,MEL_Z06,2978.0,30.128716,2211.317643927712,32.389722639259695,0.0,0.0,0
6788,MEL_Z05,3043.0,40.44855,2189.134859124719,0.0005179306912068954,154.62540225275225,0.0,0
6789,MEL_Z05,3187.0,35.654484,2195.1182078789757,0.12577844180716674,124.36584546896374,0.0,0
6790,MEL_Z05,3236.0,27.6131,2228.9509019355105,9.790798563313839,46.800629677434834,0.0,0
6791,MEL_Z05,3207.0,23.290882,2268.80154016249,0.5648472552945026,105.99378047528494,0.0,0
6792,MEL_Z05,3160.0,19.35573,2250.85167284567,0.0,186.24521251759558,0.0,0
6793,MEL_Z05,3007.0,26.770657,2260.5764923268166,13.911812746175652,0.0,0.0,0
6794,MEL_Z05,3130.0,37.674328,2296.42486740397,0.0,136.7213337329182,0.0,0
6795,MEL_Z05,3196.0,36.549248,2315.2698624247178,0.0,297.96862881358885,0.0,0
6796,MEL_Z05,3327.0,28.700735,2329.371312387262,0.8068346620027707,106.41952453765073,0.0,0
6797,MEL_Z05,3421.0,30.256441,2369.9086239965754,0.6987226517161491,112.50676190981858,0.0,0
6798,MEL_Z05,3447.0,43.09383,2435.562165335536,0.0,204.11287593362184,0.0,0
6799,MEL_Z05,3564.0,40.046722,2446.328486345822,1.1876445303728425,22.653573430197973,0.0,0
6800,MEL_Z04,3599.0,34.5208,2354.3014732626766,0.0,245.3899444661602,0.0,0
6801,MEL_Z04,3478.0,28.407398,2285.993772155482,0.0,363.4556890356666,0.0,0
6802,MEL_Z04,3425.0,37.322636,2243.613073963621,0.0,295.78927409991195,0.0,0
6803,MEL_Z04,3391.0,29.27358,2227.0221526311375,0.0,380.33942986606314,0.0,0
6804,MEL_Z04,3418.0,34.223583,2234.0671377608037,0.0,403.76508718386594,0.0,0
6805,MEL_Z04,3477.0,37.7813,2177.7880878875576,0.0,295.8396223495786,0.0,0
6806,MEL_Z04,3628.0,31.139578,2088.631017596551,0.0,231.66547594897273,0.0,0
6807,MEL_Z04,3775.0,33.993008,2026.3578852824405,0.030892720266089146,122.717348881372,0.0,0
6808,MEL_Z04,3893.0,21.552887,1992.2145174864613,0.891043428661452,34.437709094322315,0.0,0
6809,MEL_Z04,3984.0,20.655714,1932.2099721796085,0.4878910947267963,154.63663708145214,0.0,0
6810,MEL_Z04,4104.0,38.624893,1835.983053165138,2.588908853626319,101.47998930380268,0.0,0
6811,MEL_Z04,4298.0,30.570244,1756.7749541959968,9.964946215940557,46.0250385949057,0.0,0
6812,MEL_Z04,4426.0,38.963158,1705.26595328465,2.586350833492235,41.827321201167706,0.0,0
6813,MEL_Z03,4348.0,46.548656,1637.2452329963764,0.0,284.81592866074527,0.0,0
6814,MEL_Z03,4131.0,57.347313,1542.797030602299,0.0,254.75465186949987,0.0,0
6815,MEL_Z03,3941.0,40.38355,1463.4892414555154,0.0,308.56417376272805,0.0,0
6816,MEL_Z03,3925.0,43.356804,1409.4978013413138,0.0,186.5133358144881,0.0,0
6817,MEL_Z03,4067.0,55.070667,1348.231097334131,6.250833210339447,54.82955810410417,0.0,0
6818,MEL_Z03,4272.0,13.33442,1233.1177542572898,5.798910498071521,5.313945429781591,0.0,0
6819,MEL_Z03,4152.0,29.77231,1132.8712438023492,0.2847109059359256,76.21498816695944,0.0,0
6820,MEL_Z03,3977.0,35.755783,1082.1040147879478,3.698685756289051,65.88084506683117,0.0,0
6821,MEL_Z03,4103.0,33.28217,1070.4028979493753,10.038572187293134,22.124750162322965,0.0,0
6822,MEL_Z03,4156.0,34.718887,1084.3134965758072,6.897851855573441,22.032683051215272,0.0,0
6823,MEL_Z03,4112.0,38.23952,1101.2236207650901,22.463136566798006,20.36585310546457,16.004624722781692,1
6824,MEL_Z03,4178.0,56.601517,994.7169187062876,14.149378975257099,21.723143184061442,13.23693045988511,1
6825,MEL_Z03,4252.0,33.587486,878.8194132504791,7.486878384194194,32.940797409026175,7.1310037396982775,1
6826,MEL_Z03,4226.0,55.23325,783.5543690949128,11.105412640408106,5.024464483725818,9.42093352277147,1
6827,MEL_Z02,4303.0,45.198063,753.3339587582569,17.09572462413968,31.624301677163373,8.78067961292285,1
6828,MEL_Z02,4325.0,43.189335,782.9889164249171,6.140746561908358,89.98409861744737,2.9963631375949795,1
6829,MEL_Z02,4343.0,14.938382,847.6143425689227,8.501869262814168,35.0689124276665,7.186418538604725,1
6830,MEL_Z02,4377.0,40.174496,875.8158568025714,4.984456165746376,73.41255549847033,4.749105304372436,1
6831,MEL_Z02,4220.0,43.541103,827.526182299419,6.3404658687513935,32.08744468133392,6.200593307445965,1
6832,MEL_Z02,4166.0,28.8219,630.8428494258332,0.7407715828187625,113.462789887249,0.1163308239770064,0
6833,MEL_Z02,4044.0,29.315384,419.950912934416,10.297415582266893,0.0,10.128186533383179,1
6834,MEL_Z02,3950.0,48.68653,223.6344153257507,14.757374370875844,53.570467609535186,9.763251264655489,1
6835,MEL_Z02,4032.0,56.092762,151.93033566746882,14.056242485638581,3.2317179237023588,11.111675851437008,1
6836,MEL_Z02,4158.0,35.767605,89.85574704416668,12.608956523406276,43.79245856459145,5.9046340631236465,1
6837,MEL_Z02,4208.0,29.147535,127.11878108981,11.823160883066546,50.13068333553632,8.971931879587245,1
6838,MEL_Z02,4322.0,21.844227,221.99011748902487,15.390272055612694,56.0536228539749,7.549577803856048,1
6839,MEL_Z02,4388.0,26.630177,369.101783014131,7.227805029215036,8.971315765759607,3.0580284137320493,1
6840,MEL_Z02,4582.0,57.026585,434.80448469752065,22.365123329982858,29.506119792193182,14.859174646036566,1
6841,MEL_Z02,4758.0,36.830807,521.8112392475858,24.705260537740926,23.33193524730434,13.301187868927403,1
6842,MEL_Z01,4900.0,44.958664,665.1764058655563,45.18395958467546,0.0,5.378805042305116,1
6858,MEL_Z12,1097.0,14.140649,611.7051822380447,0.0,604.5448027851216,0.0,0
6859,MEL_Z12,1041.0,28.214178,414.08323452927146,0.0,372.41465426131634,0.0,0
6860,MEL_Z12,920.0,31.511662,195.6604843349118,0.0,191.32055417065828,0.0,0
6861,MEL_Z12,852.0,10.555381,3.6476438335257724,0.0,219.88360026481774,0.0,0
6862,MEL_Z12,930.0,48.23745,111.12221371475775,0.0,132.4255754878936,0.0,0
6863,MEL_Z11,1054.0,19.18842,233.25117003505787,1.6574589710240526,30.12259287551614,0.2588592519853058,0
6864,MEL_Z11,1119.0,12.810078,435.0699320245097,3.3652564891335675,81.70829835314483,0.0,0
6865,MEL_Z11,1165.0,26.913061,641.4373159811073,0.0,287.7021886484483,0.0,0
6866,MEL_Z11,1239.0,20.516459,793.4283998570862,0.0,393.68212405523906,0.0,0
6867,MEL_Z11,1332.0,27.428415,858.9410314486855,0.0,285.07284609974465,0.0,0
6868,MEL_Z11,1382.0,15.877563,973.7498096311633,0.0,360.5507435666112,0.0,0
6869,MEL_Z11,1386.0,13.142106,1125.532875565986,0.0,543.5829283100093,0.0,0
6870,MEL_Z11,1398.0,15.423245,1304.4749471650423,0.0,765.1918197783006,0.0,0
6871,MEL_Z11,1461.0,19.831913,1501.7597787129694,0.0,974.8235502377738,0.0,0
6872,MEL_Z11,1429.0,33.847355,1699.8057412304968,0.0,1174.3848921375902,0.0,0
6873,MEL_Z11,1440.0,28.270231,1859.7633774568703,0.0,1241.5559106594903,0.0,0
6874,MEL_Z11,1444.0,21.925253,1946.7460535933062,0.0,1145.578690643083,0.0,0
6875,MEL_Z10,1368.0,19.493713,2029.290331419166,0.0,1099.1997059759087,0.0,0
6876,MEL_Z10,1345.0,22.334534,2051.030373171613,0.0,858.0691008216968,0.0,0
6877,MEL_Z10,1448.0,17.66232,1946.5483691385668,0.0,608.5378111861078,0.0,0
6878,MEL_Z10,1499.0,21.047974,1869.3824165065168,0.0,359.65810640301504,0.0,0
6879,MEL_Z10,1561.0,24.421427,1819.9149607848185,0.7087834852163774,115.71360922392012,0.0,0
6880,MEL_Z10,1689.0,25.983461,1803.9233615317416,4.461134280754709,88.58550751658206,0.4911608921435074,0
6881,MEL_Z10,1712.0,31.060993,1821.5236556000484,0.0,330.97565937603883,0.18669751947382046,0
6882,MEL_Z10,1728.0,12.052739,1872.623187839125,0.0,579.6583045342354,0.0,0
6883,MEL_Z10,1684.0,18.27289,1952.0793639285935,0.0,829.1336520318092,0.0,0
6884,MEL_Z10,1629.0,19.953447,2044.567879639624,0.0,810.068217952051,0.0,0
6885,MEL_Z10,1554.0,18.531313,1960.8036471483108,0.0,572.1260648479977,0.0,0
6886,MEL_Z10,1473.0,23.714077,1881.7355549945999,0.0,350.2853003425647,0.0,0
6887,MEL_Z09,1431.0,28.824677,1809.68322303561,0.0,202.80596558184322,0.18559241575963706,0
6888,MEL_Z09,1545.0,27.6861,1708.1941475035874,1.1167393792727778,0.0,1.4810060700164909,1
6889,MEL_Z09,1613.0,25.915705,1637.8514343954714,0.0,204.67265527047502,0.0,0
6890,MEL_Z09,1626.0,29.23979,1603.8040393817128,0.0,286.69391504973294,0.0,0
6891,MEL_Z09,1573.0,30.109476,1564.2409789861367,0.0,290.02952042900307,0.0,0
6892,MEL_Z09,1545.0,28.0841,1541.4858199625808,0.31784545802869457,83.07879833246395,0.2544272378563422,0
6893,MEL_Z09,1628.0,14.959247,1464.3510859903197,0.31922529504605324,52.70895892340625,9.256479669455208,1
6894,MEL_Z09,1551.0,24.757524,1345.6351207408518,0.0,198.842003575459,0.0,0
6895,MEL_Z09,1520.0,19.533611,1201.748854017386,2.2165124272482695,96.60423051986636,0.1362728568361922,0
6896,MEL_Z09,1471.0,30.449965,1091.8241200216116,0.0,292.5175422903356,0.0,0
6897,MEL_Z09,1466.0,23.43256,1029.6867182131648,0.0,378.31254482476265,0.0,0
6898,MEL_Z09,1440.0,24.47039,1010.3938826151818,0.0,507.33812215538705,0.0,0
6899,MEL_Z09,1462.0,28.857939,949.1733808145689,0.0,500.3770718348856,0.0,0
6900,MEL_Z08,1355.0,38.295486,861.0266193767591,0.0,400.336613856812,0.0,0
6901,MEL_Z08,1408.0,21.428207,735.9319692240983,0.0,440.8241888320983,0.0,0
6902,MEL_Z08,1405.0,20.782251,641.004589360263,0.0,482.63029846411655,0.0,0
6903,MEL_Z08,1391.0,21.306938,623.5684204980183,0.0,391.07952046323044,0.0,0
6904,MEL_Z08,1381.0,21.271475,692.2162347851139,0.0,225.01756788372424,0.0,0
6905,MEL_Z08,1420.0,52.167183,736.7364126742759,15.28283909648335,0.0,0.0,0
6906,MEL_Z08,1658.0,36.944424,761.014571259724,6.25789187799078,35.51066560448188,0.0,0
6907,MEL_Z08,1788.0,18.926022,845.1179068559559,0.0,138.11298650753113,0.0,0
6908,MEL_Z08,1791.0,32.09555,981.2176826845463,0.0,314.5937469712363,0.0,0
6909,MEL_Z08,1779.0,31.930824,1095.6882478110588,0.0,551.1926352926682,0.0,0
6910,MEL_Z08,1870.0,32.84648,1155.907506985234,0.0,796.0260151328916,0.0,0
6911,MEL_Z08,1895.0,21.854914,1257.0706179520848,0.0,622.4282995992631,0.0,0
6912,MEL_Z08,1806.0,34.15144,1394.3213236537927,0.0,401.9232970347483,0.0,0
6913,MEL_Z08,1690.0,20.141087,1552.9044347979857,0.0,246.30811041566403,0.0,0
6914,MEL_Z08,1624.0,14.889558,1687.8888582406462,0.8040306710914648,84.5956954323476,0.0,0
6915,MEL_Z08,1806.0,36.006737,1755.3032544691075,6.593563872869485,0.0,0.0,0
6916,MEL_Z08,1967.0,39.811207,1851.002124116641,21.049702636842124,24.988838808936123,0.0,0
6917,MEL_Z08,2209.0,45.79037,1972.8644401609201,0.031427213132285206,130.43026965372357,0.0,0
6918,MEL_Z07,2312.0,41.87259,2116.551475802851,0.5727425064633127,81.85455024456516,0.0,0
6919,MEL_Z07,2445.0,14.741938,2278.680802612554,1.8839193272694466,71.13516476127691,0.0,0
6920,MEL_Z07,2314.0,20.357069,2297.779660448525,0.0,320.2974211596011,0.0,0
6921,MEL_Z07,2315.0,31.454962,2268.058640616075,0.0,569.9134140821786,0.0,0
6922,MEL_Z07,2224.0,35.81934,2265.06290524835,0.0,500.89526019282584,0.0,0
6923,MEL_Z07,2184.0,19.363289,2275.6661500916866,0.0,441.03595408209213,0.0,0
6924,MEL_Z06,2325.0,29.390633,2296.939478248175,0.0,202.84062511392207,0.0,0
6925,MEL_Z06,2467.0,39.262196,2333.3731195751134,10.695535712359009,51.913749595934924,0.0,0
6926,MEL_Z06,2629.0,41.862743,2395.0347677578548,3.746992334274456,51.54343340136826,0.0,0
6927,MEL_Z06,2837.0,37.11418,2479.8961717638367,0.0,147.92348086281163,0.0,0
6928,MEL_Z06,2969.0,19.809929,2585.989458185671,0.0,210.61068659799966,0.0,0
6929,MEL_Z06,2966.0,21.441381,2700.7165654477417,0.0,428.65992972914296,0.0,0
6930,MEL_Z06,2895.0,27.227877,2681.4482807645754,0.0,602.647455862509,0.0,0
6931,MEL_Z06,2856.0,26.393864,2631.438891016636,0.0,502.60987687940866,0.0,0
6932,MEL_Z06,2861.0,39.444237,2598.0763363773895,0.0,339.6803970482745,0.0,0
6933,MEL_Z06,2884.0,44.43291,2588.4081821444665,0.40753367441254174,95.09529327811869,0.0,0
6934,MEL_Z06,2919.0,47.839184,2571.8359398915723,0.01734241555436013,161.28535134221838,0.0,0
6935,MEL_Z06,2910.0,37.74599,2503.7964462876034,0.0,158.20178652489932,0.0,0
6936,MEL_Z06,3050.0,39.90248,2458.9489145941548,15.562179473491113,26.16207625298656,0.0,0
6937,MEL_Z05,3196.0,37.661407,2439.019367219696,0.8309727959896407,130.25423443632297,0.0,0
6938,MEL_Z05,3326.0,38.1058,2444.408993715035,0.0,250.83756480787267,0.0,0
6939,MEL_Z05,3366.0,22.361444,2474.836056233275,0.0,270.9267788966367,0.0,0
6940,MEL_Z05,3254.0,33.18765,2516.9886974771575,0.0,334.2045814463684,0.0,0
6941,MEL_Z05,3176.0,12.472263,2500.8208507880413,0.0,233.23756281450528,0.0,0
6942,MEL_Z05,3118.0,19.241863,2509.577205874465,11.879583475703193,0.0,0.0,0
6943,MEL_Z05,3239.0,42.53696,2542.4488940050605,4.864033367925747,26.89592966636694,0.0,0
6944,MEL_Z05,3340.0,33.993008,2565.2691066880316,0.0,157.2514823272986,0.0,0
6945,MEL_Z05,3403.0,34.858913,2578.003445468721,0.0,304.7821857223723,0.0,0
6946,MEL_Z05,3526.0,33.383522,2614.6888801479195,0.06094634350132196,130.3457237379511,0.0,0
6947,MEL_Z05,3587.0,35.58567,2665.1623678341466,0.0,201.17250627951734,0.0,0
6948,MEL_Z05,3694.0,35.377472,2636.53930468619,0.24584306201401396,75.27401809660545,0.0,0
6949,MEL_Z04,3640.0,31.57287,2577.690584990208,0.0,307.65044799342604,0.0,0
6950,MEL_Z04,3606.0,26.880306,2530.3316110041856,0.0,176.828858991001,0.0,0
6951,MEL_Z04,3535.0,26.443645,2492.109580450642,6.137336443775639,45.824962926359454,0.0,0
6952,MEL_Z04,3539.0,38.19195,2476.953833907478,0.0,214.30415284134511,0.0,0
6953,MEL_Z04,3545.0,47.623222,2483.2727910489903,0.0,180.6361974082079,0.0,0
6954,MEL_Z04,3536.0,37.674328,2408.4462143288793,0.0,187.6828982435145,0.0,0
6955,MEL_Z04,3597.0,35.099438,2327.951872117427,0.0,373.30820674968726,0.0,0
6956,MEL_Z04,3790.0,33.36035,2272.2470531337376,0.0,260.3779963015627,0.0,0
6957,MEL_Z04,3951.0,35.534103,2236.429883314013,0.0,262.9697252354952,0.0,0
6958,MEL_Z04,4056.0,27.006283,2160.9516945517466,0.0,347.4799357603518,0.0,0
6959,MEL_Z04,4176.0,37.877197,2071.4486630388337,0.8588388079857833,130.80059636234105,0.0,0
6960,MEL_Z04,4360.0,47.821728,2005.6322175438263,19.484442283430152,4.185824800072906,0.0,0
6962,MEL_Z03,4248.0,39.21104,1858.6130780661244,2.2787661899530116,111.86633403659171,0.0,0
6963,MEL_Z03,4118.0,36.08715,1781.485551747724,0.0,258.58572349881644,0.0,0
6964,MEL_Z03,4045.0,21.839952,1703.9104317341678,0.0,148.92936145102092,0.0,0
6965,MEL_Z03,4103.0,60.364346,1657.0036809255805,1.1310575032284278,90.01163331923539,0.0,0
6966,MEL_Z03,4202.0,6.918175,1573.0531122918546,0.9731800698526096,101.4310086659004,0.0,0
6967,MEL_Z03,4217.0,5.4276433,1456.7384665894392,0.0,131.5784792460917,0.0,0
6968,MEL_Z03,4264.0,23.863337,1372.8214755849592,3.41618464443214,27.141856584819706,0.0,0
6969,MEL_Z03,4193.0,50.843628,1331.2365107722887,2.4873445310852356,102.84050187484115,0.0,0
6970,MEL_Z03,4284.0,42.65422,1320.3874366143261,14.68274339305017,22.00103022317737,0.0,0
6971,MEL_Z03,4456.0,66.62423,1332.3483069452689,7.651974365932454,72.54658148522358,0.0,0
6972,MEL_Z03,4415.0,63.87918,1321.3508359647365,8.30007267075975,55.693625608352434,3.8973732062071247,1
6973,MEL_Z03,4482.0,54.50306,1217.8006428428698,14.254387578737134,6.618159186321899,13.450550335851503,1
6974,MEL_Z03,4401.0,53.941303,1104.1505435282518,2.578321092986615,106.71783789506064,2.5566540593646816,1
6975,MEL_Z03,4445.0,39.71018,1026.4553889575689,18.298819788776065,2.118478565115304,13.992991103027178,1
6976,MEL_Z02,4530.0,43.533955,1003.4492984786868,3.9473278242317003,3.7683131307139557,0.8413014309957432,0
6977,MEL_Z02,4561.0,44.760273,999.3273130195671,1.684671700205773,38.995326164255275,0.0,0
6978,MEL_Z02,4494.0,50.008976,1066.5657498556302,7.61927178059304,15.676365722980854,2.406483958092862,1
6979,MEL_Z02,4508.0,39.574203,1125.214401917323,1.8490140457781892,20.743216616166404,0.7341245334244828,0
6980,MEL_Z02,4452.0,58.04775,971.8814812835728,0.3840349485867697,106.38703405138342,0.0,0
6981,MEL_Z02,4470.0,44.054493,770.0738562031354,2.3400825258469617,0.0,1.3490356683828473,1
6982,MEL_Z02,4207.0,42.95484,576.853866281818,3.948946388034457,128.4860889465492,3.948946388034457,1
6983,MEL_Z02,4129.0,39.11781,443.2343045450635,23.055053630525773,27.9949163159788,21.452124759707438,1
6984,MEL_Z02,4279.0,47.00377,401.44323824971224,2.2744116392573464,19.629480177959703,1.809327467552992,1
6985,MEL_Z02,4317.0,19.034641,336.281078303015,30.742088410962793,13.533808543721197,12.611462957652297,1
6986,MEL_Z02,4324.0,28.835772,353.26515397917046,16.393279817240213,0.7996458955172024,2.63658338989313,1
6987,MEL_Z02,4405.0,34.575684,448.5558956512442,31.791241834862422,0.0,11.512638626303684,1
6988,MEL_Z02,4565.0,56.452053,559.8126334967336,31.477608015982376,19.05021129984506,14.606093241292283,1
6989,MEL_Z02,4781.0,29.54144,683.5620386856482,32.8823652146766,0.0,12.554828523760017,1
6990,MEL_Z02,4880.0,60.0899,744.7695091028297,19.68841189545942,0.0,9.503389434130614,1
6991,MEL_Z02,5049.0,50.065033,836.3046232256204,23.28770109981671,1.976042208207468,7.4531424620306765,1
7006,MEL_Z12,1080.0,21.552887,522.8906377408292,0.0,725.2668044069073,0.0,0
7007,MEL_Z12,1005.0,28.374636,426.0605007537641,0.0,583.3627750476547,0.0,0
7008,MEL_Z12,926.0,27.048058,265.4624121902481,0.0,336.9427005373091,0.0,0
7009,MEL_Z12,832.0,18.892237,79.56102246603155,0.32200886408383517,108.39114160967647,0.0,0
7010,MEL_Z12,903.0,24.007488,124.67765936306216,9.376233192306099,7.156475305123836,0.0,0
7011,MEL_Z12,1039.0,33.492615,338.45090811263503,6.696967177175583,57.39335608436813,0.0,0
7012,MEL_Z12,1152.0,30.073494,444.91725320929834,1.155674091603463,107.69969833868356,0.0,0
7013,MEL_Z11,1207.0,23.322042,585.8614587459584,0.0,236.85472397672547,0.0,0
7014,MEL_Z11,1233.0,27.166622,776.6037511324745,0.0,428.9698434743349,0.0,0
7015,MEL_Z11,1327.0,20.912287,986.7569727804423,0.0,274.04959397631075,0.0,0
7016,MEL_Z11,1412.0,24.273638,1094.22800935715,0.5029228489063108,40.89400292612699,0.0,0
7017,MEL_Z11,1452.0,17.026836,1185.0132956876441,0.0,205.2690282042535,0.0,0
7018,MEL_Z11,1445.0,22.623934,1320.646645704024,0.0,456.6746261804726,0.0,0
7019,MEL_Z11,1467.0,14.667469,1478.8068594261235,0.0,705.6389848693866,0.0,0
7020,MEL_Z11,1491.0,13.6557865,1657.2645177444128,0.0,955.1445124890382,0.0,0
7021,MEL_Z11,1515.0,9.651912,1851.1301570258863,0.0,1204.8550545639698,0.0,0
7022,MEL_Z11,1518.0,8.767251,2051.034862878709,0.0,1454.665035421822,0.0,0
7023,MEL_Z11,1456.0,20.74555,2188.249637844029,0.0,1350.0866644617975,0.0,0
7024,MEL_Z10,1437.0,13.828494,2262.062505685183,0.0,1101.4371451165416,0.0,0
7025,MEL_Z10,1445.0,27.326931,2274.9458523046733,0.0,853.5769254890698,0.0,0
7026,MEL_Z10,1512.0,22.295124,2181.2160811441317,0.0,607.4729218757561,0.0,0
7027,MEL_Z10,1582.0,26.022997,2111.7346782111044,0.0,366.07203555101376,0.0,0
7028,MEL_Z10,1635.0,29.581245,2067.9823972861377,0.8691263169399005,150.82563534408484,0.0,0
7029,MEL_Z10,1734.0,20.959913,2053.9231303235633,1.7796451489337117,135.013852659225,0.14583988113939095,0
7030,MEL_Z10,1793.0,15.922781,2069.398260100924,0.0,352.62905875747254,0.0,0
7031,MEL_Z10,1780.0,15.021641,2114.525500564918,0.0,595.4909750933953,0.0,0
7032,MEL_Z10,1755.0,21.500513,2186.233345583504,0.0,842.538871361544,0.0,0
7033,MEL_Z10,1690.0,15.806189,2281.2116902230546,0.0,906.7873952603456,0.0,0
7034,MEL_Z10,1629.0,26.337479,2194.8625493764216,0.0,663.4661266642275,0.0,0
7035,MEL_Z09,1573.0,22.092365,2121.0672521274423,0.0,416.12633161225943,0.0,0
7036,MEL_Z09,1488.0,32.113754,2035.0068913787372,0.0,176.450974753101,0.0,0
7037,MEL_Z09,1545.0,43.231518,1944.4534401893231,2.21769695823594,1.2526714408707422,0.0,0
7038,MEL_Z09,1678.0,19.809929,1882.9575822757902,0.0,217.12479659619945,0.0,0
7039,MEL_Z09,1704.0,24.029837,1852.211035698946,1.3196071357894743,65.61397406429553,0.0,0
7040,MEL_Z09,1633.0,22.092365,1812.9253862712137,2.103426249315111,74.7674012149286,2.103426249315111,1
7041,MEL_Z09,1668.0,21.777811,1789.818055658878,0.0,180.2713716427261,0.0,0
7042,MEL_Z09,1704.0,26.668177,1680.062810233035,0.0,213.09593946195392,0.32331884046754883,0
7043,MEL_Z09,1645.0,21.971973,1547.7518656700079,0.0,172.26139725628911,0.0,0
7044,MEL_Z09,1613.0,24.969566,1420.8979736768151,1.1557813824837369,92.79463841239179,0.0,0
7045,MEL_Z09,1567.0,28.880075,1328.4330989565374,0.0,304.76982073765674,0.0,0
7046,MEL_Z09,1591.0,37.215843,1277.8534059143483,0.0,541.5576555320328,0.0,0
7047,MEL_Z09,1551.0,36.944424,1255.9776560184432,0.0,629.1192735159685,0.0,0
7048,MEL_Z09,1485.0,33.98185,1186.4045858328575,0.0,414.59514084887604,0.0,0
7049,MEL_Z08,1438.0,32.36201,1079.547745148808,0.0,268.25448788020344,0.0,0
7050,MEL_Z08,1505.0,20.19835,960.844665336303,0.0,296.5049355332264,0.0,0
7051,MEL_Z08,1501.0,19.63289,885.8397837286772,0.0,316.75175202383014,0.0,0
7052,MEL_Z08,1446.0,21.54635,872.7306598088824,0.0,144.0769426615381,0.0,0
7053,MEL_Z08,1481.0,24.141115,924.293708048606,0.0,234.48741135962584,0.0,0
7054,MEL_Z08,1433.0,27.780966,986.7093638533237,9.366628655132974,37.23511860229807,0.0,0
7055,MEL_Z08,1657.0,42.16447,1006.7900845471053,14.417899085016616,0.0,0.0,0
7056,MEL_Z08,1799.0,32.36761,1073.7218337890763,2.6027828259427226,80.68704465672062,0.6141014506460483,0
7057,MEL_Z08,1888.0,19.333025,1185.677246764321,0.0,328.8397633500489,0.9519647324975985,0
7058,MEL_Z08,1899.0,32.5845,1333.4102122845254,0.0,577.256522715698,0.0,0
7059,MEL_Z08,1971.0,26.888115,1393.85768949368,0.0,687.1947448023135,0.0,0
7060,MEL_Z08,1961.0,13.008,1481.3102888338797,0.0,576.8616866137755,0.0,0
7061,MEL_Z08,1818.0,17.622557,1599.4328953983472,0.0,326.94763195513974,0.0,0
7062,MEL_Z08,1695.0,32.826897,1745.5918772609962,0.953244563322783,77.58932013658371,0.0,0
7063,MEL_Z08,1739.0,17.775318,1905.9139126404953,4.396371034854793,67.19204495075127,0.0,0
7064,MEL_Z08,1778.0,53.941303,1992.7810248492813,12.194070711120336,31.585595157222,0.0,0
7065,MEL_Z08,2002.0,42.27989,2078.7789273714507,1.831897425094128,109.04673677768224,0.0,0
7066,MEL_Z08,2219.0,41.09746,2188.135166777402,1.3798818667298223,112.88034697193167,0.0,0
7067,MEL_Z07,2429.0,37.04297,2318.9110867537333,0.06426590926930914,67.47911813479014,0.0,0
7068,MEL_Z07,2454.0,14.043733,2467.7813271724763,0.0,239.9800702175999,0.0,0
7069,MEL_Z07,2440.0,15.329086,2544.3969138183397,0.0,413.4673713389274,0.0,0
7070,MEL_Z07,2402.0,22.134386,2517.588982409676,0.0,549.2039745097353,0.0,0
7071,MEL_Z07,2328.0,36.935127,2514.8557756452265,0.0,691.8991382830529,0.0,0
7072,MEL_Z07,2289.0,29.24385,2524.859771922141,0.0,444.1331825151339,0.0,0
7073,MEL_Z06,2304.0,28.06232,2545.9548544227287,0.0,201.95086052109613,0.0,0
7074,MEL_Z06,2454.0,35.311214,2578.97446821634,8.098413414967407,46.88083035021692,0.0916338913239071,0
7075,MEL_Z06,2593.0,38.517387,2634.8948235792973,25.42075251280595,14.639304414675589,0.0,0
7076,MEL_Z06,2825.0,38.07908,2712.5194287532827,22.83788268655571,33.894538521723334,0.0,0
7077,MEL_Z06,3013.0,21.667921,2809.8430750635384,0.0,138.09263593161745,0.0,0
7078,MEL_Z06,3080.0,21.342314,2925.3503314305813,0.0,298.46686064782904,0.0,0
7079,MEL_Z06,3047.0,30.15562,2927.6106544500817,0.0,422.87871812179185,0.0,0
7080,MEL_Z06,2985.0,31.351692,2877.702939600798,0.0,261.6323961229963,0.0,0
7081,MEL_Z06,3014.0,29.857246,2847.227462124579,0.0,270.68380981885923,0.0,0
7082,MEL_Z06,3047.0,36.004944,2838.377319758169,4.987201214233589,82.01076605410232,0.0,0
7083,MEL_Z06,3082.0,40.589127,2810.0477188987666,3.2556005633915053,82.54089779932836,0.0,0
7084,MEL_Z06,3083.0,40.473534,2747.826067590986,0.0,190.46095543454547,0.0,0
7085,MEL_Z06,3133.0,33.58333,2707.0156643103373,8.362643943575337,51.95533939085585,0.0,0
7086,MEL_Z05,3265.0,37.619354,2688.9253459161955,7.156006597426927,22.57812094220566,0.0,0
7087,MEL_Z05,3438.0,28.857939,2693.831232751617,17.180394658571238,23.08860148501495,0.0,0
7088,MEL_Z05,3452.0,30.621347,2721.471088809399,0.0,183.39652016796455,0.0,0
7089,MEL_Z05,3360.0,32.84757,2765.502445815558,0.0,419.77471789085337,0.0,0
7090,MEL_Z05,3246.0,23.859575,2750.795630780356,0.0,226.27142636181998,0.0,0
7091,MEL_Z05,3228.0,28.48122,2758.7586749893076,8.05126557469404,25.002153317248396,2.5972118116699003,1
7092,MEL_Z05,3369.0,47.559166,2789.1800920026244,4.551640076161945,33.79530520623424,0.10232473921399092,0
7093,MEL_Z05,3474.0,34.402565,2783.8653013523444,0.0,224.39077937644154,0.0,0
7094,MEL_Z05,3545.0,21.441381,2776.0728663839586,0.0,303.78447136146247,0.0,0
7095,MEL_Z05,3592.0,35.357903,2816.9550027492933,0.47014249426557886,85.03859163903083,0.0,0
7099,MEL_Z04,3761.0,38.930405,2767.735749360045,8.160576907973132,6.055759770151442,0.0,0
7100,MEL_Z04,3681.0,32.12285,2740.879547934798,2.6651190139194867,73.9794031865729,0.0,0
7101,MEL_Z04,3741.0,52.175026,2726.8892927922916,0.3432324250318503,113.24920929654839,0.0,0
7102,MEL_Z04,3662.0,42.980576,2725.995176138138,0.11229481742469878,150.17073374234417,0.0,0
7103,MEL_Z04,3695.0,46.88812,2642.459755330957,1.2837771657691186,32.76237649585873,0.0,0
7104,MEL_Z04,3744.0,24.395979,2569.3073599948416,0.0,273.69839058280354,0.0,0
7105,MEL_Z04,3794.0,35.062443,2518.945624999393,0.037928389755723164,25.902799501391005,0.0,0
7106,MEL_Z04,3939.0,32.954876,2481.7974458597632,0.0,155.28404798138598,0.0,0
7107,MEL_Z04,4092.0,27.404238,2392.909503919037,0.0,207.63475082688745,0.0,0
7108,MEL_Z04,4178.0,27.410286,2318.7584450990776,1.363404359166639,28.033180560611097,0.0,0
7111,MEL_Z03,4210.0,17.932005,2027.652460709972,0.0,105.58359538622649,0.0,0
7112,MEL_Z03,4190.0,9.697274,1974.1961959829468,0.0679358883235558,67.86573719774731,0.0,0
7113,MEL_Z03,4204.0,8.406584,1946.746197861703,0.0,197.1751910241762,0.0,0
7114,MEL_Z03,4209.0,14.036243,1903.3437085156563,0.0,131.72221734280936,0.0,0
7115,MEL_Z03,4291.0,29.466877,1791.8640196868791,2.115583952373359,35.126824156964155,1.6798191292491886,1
7116,MEL_Z03,4228.0,9.3747835,1687.699176048366,0.0,191.11579598181783,0.0,0
7117,MEL_Z03,4245.0,7.5946436,1615.8218814647385,0.10855219672662156,141.5715916928723,0.0,0
7118,MEL_Z03,4359.0,25.072811,1580.642969302733,4.7305115535179905,17.12716092803028,0.0,0
7119,MEL_Z03,4497.0,41.5762,1570.3768979450383,2.403301543758305,7.228065862527447,0.0,0
7120,MEL_Z03,4593.0,38.19976,1521.0742067941062,19.419426445946403,0.0,0.0,0
7121,MEL_Z03,4682.0,13.362201,1492.033066949269,0.6659758832891909,118.91934470054511,0.0,0
7122,MEL_Z03,4679.0,47.87687,1388.2454734635764,11.983669480093617,6.068213876346588,5.2473251750863845,1
7123,MEL_Z03,4610.0,30.475096,1288.569808289069,6.825318901833118,51.873539551092904,0.0,0
7124,MEL_Z03,4578.0,33.55002,1194.8139501358514,10.200450451331294,30.211898994301954,5.72262447990598,1
7129,MEL_Z02,4568.0,28.222816,1116.3429734139745,0.2971989950243641,44.71553164297036,0.0,0
7130,MEL_Z02,4502.0,42.574585,929.8155861521094,0.12600973295923998,163.19503011466543,0.0,0
7131,MEL_Z02,4360.0,60.56919,777.5931236790159,4.443643662619091,99.95514589236798,3.943106568898887,1
7132,MEL_Z02,4409.0,60.8943,683.6833959770671,4.7030909690032505,100.1919782921235,1.7322946093576093,1
7133,MEL_Z02,4412.0,33.946297,646.9470556796479,24.01515776079084,0.0,12.45637963850273,1
7134,MEL_Z02,4501.0,53.879665,582.9850586590429,21.842939832864428,0.0,9.265875520542759,1
7135,MEL_Z02,4682.0,45.16074,597.3791951054509,19.783183181888436,35.43170710790892,4.112793955913655,1
7136,MEL_Z02,4686.0,55.67626,683.878712127604,26.707390392923763,0.0,0.0,0
7137,MEL_Z02,4737.0,36.42929,757.3164307051663,36.45449901344155,0.0,4.037108049242194,1
7138,MEL_Z02,4878.0,41.84118,859.3131363672866,27.005872568326765,9.55199571703953,10.425412665458161,1
7139,MEL_Z02,5069.0,37.53491,921.6172400414013,9.022027686003902,10.895204619672345,0.08645884724230439,0
7155,MEL_Z12,1023.0,30.006462,361.2004507322551,0.0,664.8157869475918,0.0,0
7156,MEL_Z12,897.0,40.253395,223.95673681777703,0.0,477.6511101524574,0.0,0
7157,MEL_Z12,834.0,6.0637655,74.14410254151372,0.0,241.55774038923474,0.0,0
7158,MEL_Z12,843.0,8.406584,58.03404919129432,4.437309338502356,30.42824679298007,0.6196106660405788,0
7159,MEL_Z12,980.0,36.128094,251.89377730895112,0.6106926137960842,114.30601045070331,0.0,0
7160,MEL_Z12,1106.0,26.413153,476.2036732280864,0.0,226.99835300827624,0.0,0
7161,MEL_Z12,1189.0,25.220402,668.770220793257,8.885195979889964,23.379519893337918,0.0,0
7162,MEL_Z12,1270.0,12.2994175,785.1787053189904,0.0,214.0784341440752,0.0,0
7163,MEL_Z11,1327.0,17.690657,939.1811270277749,0.0,455.9779465271278,0.0,0
7164,MEL_Z11,1394.0,12.659326,1101.7864863952793,0.0,322.61964230902385,0.0,0
7169,MEL_Z11,1537.0,4.8575335,1755.411894519587,0.0,952.3231987513848,0.0,0
7170,MEL_Z11,1562.0,19.31029,1954.1518477235597,0.0,1202.8958171403622,0.0,0
7171,MEL_Z11,1550.0,13.346335,2164.908030397351,0.0,1455.7964928439246,0.0,0
7172,MEL_Z11,1535.0,15.169457,2390.3073436382006,0.0,1357.934546826253,0.0,0
7173,MEL_Z10,1534.0,14.203599,2498.1661894401955,0.0,1100.4380292904652,0.0,0
7174,MEL_Z10,1538.0,18.418827,2503.803440800413,0.0,852.2226213491628,0.0,0
7175,MEL_Z10,1607.0,20.523453,2418.9132974231325,0.0,605.4774449719778,0.0,0
7176,MEL_Z10,1635.0,26.160614,2355.606945599429,0.0,363.21133847988574,2.5156160281218214,1
7177,MEL_Z10,1717.0,24.319395,2316.465395053903,0.7435301489993872,149.13757551638665,0.0,0
7178,MEL_Z10,1807.0,22.11549,2303.922949292426,0.8979921682280954,147.58939462505748,0.0,0
7179,MEL_Z10,1884.0,12.48512,2317.7294686625737,0.0,360.8882193528524,0.0,0
7180,MEL_Z10,1883.0,9.697274,2358.109162769502,0.0,601.0609424959889,0.0,0
7181,MEL_Z10,1817.0,11.981214,2423.0911677690915,0.0,846.7625563836922,0.0,0
7182,MEL_Z10,1777.0,21.912489,2509.5675272595686,0.0,902.9225842951096,0.0,0
7183,MEL_Z10,1715.0,24.168814,2432.0962724859824,0.0,653.2170692482794,0.0,0
7184,MEL_Z09,1640.0,21.526722,2362.609548182705,0.0,403.8760773857044,0.0,0
7185,MEL_Z09,1553.0,33.72412,2264.782780086621,0.0,156.65003099781242,0.0,0
7186,MEL_Z09,1582.0,50.255436,2183.774511382226,8.026858795819717,10.924362691074133,0.0,0
7187,MEL_Z09,1745.0,23.714077,2129.2020082999347,0.4600657999810978,121.98825350973037,0.0,0
7188,MEL_Z09,1802.0,17.66232,2096.7352429301163,0.0,162.41393962893954,0.0,0
7189,MEL_Z09,1763.0,29.60509,2061.884067543996,0.0,155.96096177819675,0.0,0
7190,MEL_Z09,1807.0,27.72322,2021.011680937297,0.0,230.79623778130133,0.0,0
7191,MEL_Z09,1813.0,21.430403,1896.4502754911903,0.0,310.9452238275419,0.0,0
7192,MEL_Z09,1723.0,30.68966,1759.3426559802865,8.016728118346283,99.25917139804059,0.0,0
7193,MEL_Z09,1739.0,23.586384,1648.8486270927535,0.15065518195824465,126.57723677631412,0.0,0
7194,MEL_Z09,1748.0,38.133263,1569.2001426668212,0.0,376.22763515311067,0.0,0
7195,MEL_Z09,1731.0,23.34343,1526.6184580140523,0.0,614.8903017909058,0.0,0
7196,MEL_Z09,1654.0,29.562685,1503.00673143337,0.0,572.8940792895698,0.0,0
7197,MEL_Z09,1533.0,17.485348,1416.8495895739768,0.0,322.9639245972889,0.0,0
7198,MEL_Z08,1490.0,32.860615,1294.7599473109065,0.3356948343986377,73.510319666851,0.0,0
7199,MEL_Z08,1610.0,20.848549,1192.514896131635,0.0,147.29661808979796,0.0,0
7200,MEL_Z08,1611.0,21.322424,1132.6447316840731,0.0,304.5182093484226,0.0,0
7201,MEL_Z08,1507.0,10.779773,1122.265580911444,1.0007957920660475,104.14652050258573,0.0,0
7202,MEL_Z08,1622.0,21.19362,1162.8191459766522,0.0,172.92315634127831,0.0,0
7203,MEL_Z08,1580.0,41.49882,1236.693250435006,3.0129829022227788,113.0262985054084,0.0,0
7204,MEL_Z08,1690.0,44.598545,1254.236568999291,14.439504613561901,0.0,0.0,0
7205,MEL_Z08,1827.0,27.197277,1309.3063612619,0.39702955630174447,74.70029344939971,0.0,0
7206,MEL_Z08,1967.0,29.27358,1404.13244568487,0.0,305.07858744830935,0.0,0
7207,MEL_Z08,2034.0,19.1399,1531.6739819251525,0.0,342.66985834720776,0.0,0
7208,MEL_Z08,2053.0,29.700098,1635.3888382670823,0.0,503.71510202530504,0.0,0
7209,MEL_Z08,1993.0,31.205778,1712.1998821891796,0.0,564.7877987455079,0.0,0
7210,MEL_Z08,1856.0,32.322765,1815.8301738238122,0.0,318.30174294580894,0.0,0
7211,MEL_Z08,1780.0,16.555513,1945.8017975236442,0.35217430591932064,91.08461615244232,0.0,0
7212,MEL_Z08,1819.0,27.355776,2097.4982504116992,15.230321616829738,0.0,0.0,0
7213,MEL_Z08,1805.0,44.090557,2232.75063442765,1.0740974501284621,4.872651158910621,0.0,0
7214,MEL_Z08,1991.0,39.6818,2310.6982843379524,0.0,149.3138021266,0.0,0
7215,MEL_Z08,2174.0,44.207676,2409.9893098284174,3.110074552154813,94.58148238783383,0.0,0
7216,MEL_Z08,2393.0,45.70732,2529.755354316227,15.517336843413732,26.81874037143922,0.0,0
7217,MEL_Z07,2515.0,22.315882,2666.9276625524176,0.0,142.90390614531668,0.0,0
7218,MEL_Z07,2505.0,17.59408,2791.616009075324,0.0,195.8994827708534,0.0,0
7219,MEL_Z07,2494.0,20.157812,2767.202521987495,0.0,406.49201742809856,0.0,0
7220,MEL_Z07,2352.0,22.476826,2764.6860906548163,0.0,576.2853643829815,0.0,0
7221,MEL_Z07,2390.0,33.103287,2774.198498497959,0.0,350.5540659622967,0.0,0
7222,MEL_Z06,2414.0,37.916195,2795.146020297028,0.0,166.83355404700495,0.0,0
7223,MEL_Z06,2545.0,36.755753,2825.34014404982,0.8319569219051578,127.5223145847417,0.0,0
7224,MEL_Z06,2625.0,40.60184,2876.48221337818,5.938340180773266,61.20961358348367,0.0,0
7225,MEL_Z06,2847.0,37.453285,2947.9888534387537,8.186101739087897,36.180325661275596,0.0,0
7226,MEL_Z06,3050.0,39.729305,3037.7779272220714,7.854281083232715,50.65203043424386,0.0,0
7227,MEL_Z06,3202.0,24.542654,3144.9246716314387,0.0,255.98625184713578,0.0,0
7228,MEL_Z06,3182.0,25.99006,3170.9428486047227,0.0,307.9371662161479,0.0,0
7229,MEL_Z06,3150.0,28.418776,3124.560413885333,0.30446461138075637,95.16569715212506,0.0,0
7230,MEL_Z06,3154.0,24.01308,3092.9169323424926,3.735882952902773,34.65911440691096,0.0,0
7231,MEL_Z06,3161.0,33.825855,3077.7192355785105,0.3199295221785419,130.44448517447702,0.0,0
7232,MEL_Z06,3215.0,27.97491,3019.7276582889363,0.0,225.60565492840712,0.0,0
7233,MEL_Z06,3215.0,34.99965,2988.512282431413,0.0,248.29583541271398,0.0,0
7234,MEL_Z06,3251.0,28.263056,2955.408237292997,0.0,139.1224809346572,0.0,0
7235,MEL_Z05,3356.0,41.466618,2938.847317937476,2.3085025935251484,109.41284543750764,0.12637857007791914,0
7236,MEL_Z05,3527.0,44.369656,2943.3515067931044,8.22941291158385,5.82648140595657,0.0,0
7237,MEL_Z05,3601.0,30.08378,2968.6691073978855,0.0,199.6454890628156,0.0,0
7238,MEL_Z05,3489.0,26.908388,3014.2620079209946,0.0,397.18981872122635,0.0,0
7239,MEL_Z05,3383.0,35.9915,3000.7746128132267,0.0,238.25958213834386,0.0,0
7240,MEL_Z05,3320.0,40.376083,3007.5102209037436,35.658982823635014,8.030168643146464,12.14094570742641,1
7241,MEL_Z05,3431.0,30.043879,2986.626906309476,46.04980611012668,2.255387924597695,11.30120889610937,1
7249,MEL_Z04,3814.0,29.541443,2927.947161884685,0.010125354184788129,109.85411050855758,0.0,0
7250,MEL_Z04,3853.0,30.490152,2914.777043641698,0.0,231.2686197421646,0.0,0
7251,MEL_Z04,3846.0,33.183388,2959.3152802894274,0.0,325.44727394410324,0.0,0
7252,MEL_Z04,3887.0,31.765598,2879.162022146786,0.0,251.67639205836662,0.0,0
7253,MEL_Z04,3884.0,30.43109,2812.1736613076177,0.0,362.7605695241385,0.0,0
7254,MEL_Z04,3932.0,28.633503,2766.2370565322512,0.0,163.9334364087705,0.0,0
7255,MEL_Z04,4040.0,45.74608,2718.808982023352,1.089655739224775,105.11254813685501,0.0,0
7256,MEL_Z04,4199.0,45.77907,2624.6117375308254,0.0,158.4845968735084,0.0,0
7262,MEL_Z03,4295.0,29.196444,2180.6550022730753,0.0,221.00279978230637,0.0,0
7263,MEL_Z03,4286.0,36.18666,2135.2861058197445,1.1242553349644882,43.546938103848284,0.0,0
7264,MEL_Z03,4389.0,45.175976,1945.9153523932846,7.798498894943882,18.462013862184843,2.6294163475002783,1
7265,MEL_Z03,4360.0,32.030544,1917.9090243822172,5.396340620116525,0.5878176802126466,0.0,0
7266,MEL_Z03,4358.0,42.53225,1855.0395656624823,1.8456168873137093,86.4128226424746,0.0,0
7267,MEL_Z03,4426.0,23.842638,1831.7313586178886,3.9542844196165916,2.1742921576393845,0.0,0
7280,MEL_Z02,4789.0,7.506142,924.4175668683565,0.031363483685717855,46.956891477661145,0.0,0
7281,MEL_Z02,4730.0,34.976757,893.5978986514782,2.6233420265297536,77.06394352393454,2.6233420265297536,1
7282,MEL_Z02,4575.0,59.365177,854.7220246587068,28.1990912638055,17.50120149216153,3.492246389605892,1
7304,MEL_Z12,894.0,27.512756,288.83223309256806,0.0,531.6281559754906,0.0,0
7305,MEL_Z12,838.0,27.928104,96.83749068630105,0.0,373.102338379779,0.0,0
7306,MEL_Z12,862.0,18.448372,108.12729263352631,0.0,236.86838202929727,0.0,0
7307,MEL_Z12,908.0,29.196444,279.191019555837,0.05016020294883925,106.70404828770204,26.807769544256608,1
7308,MEL_Z12,1047.0,27.6131,409.4529889784439,0.4244306773770805,132.39883102622204,0.0,0
7309,MEL_Z12,1151.0,22.311731,597.8459344662656,0.0,351.4202789921333,0.0,0
7310,MEL_Z12,1228.0,17.576967,810.6734521026652,0.0,268.8120176154906,0.0,0
7311,MEL_Z12,1323.0,14.203599,986.9072231370167,0.0,362.2629482508851,0.0,0
7322,MEL_Z10,1563.0,15.288518,2685.211408976987,0.0,1139.192728300498,0.0,0
7323,MEL_Z10,1540.0,18.879223,2688.7897988942173,0.0,905.0646828277241,0.0,0
7324,MEL_Z10,1639.0,13.824683,2621.0133651735564,0.0,681.6847281669935,0.0,0
7325,MEL_Z10,1678.0,11.2764015,2514.9183501132493,0.0,445.26830599738986,0.0,0
7327,MEL_Z10,1820.0,16.30727,2472.6092281999863,0.0,294.1234441471901,0.0,0
7328,MEL_Z10,1897.0,9.837575,2483.9008862863275,0.0,438.7233350281738,0.0,0
7329,MEL_Z10,1940.0,22.611727,2541.882990316071,0.0,667.3446948373736,0.0,0
7330,MEL_Z10,1903.0,23.601683,2662.2834208504105,0.0,918.8461428830577,0.0,0
7331,MEL_Z10,1852.0,29.693518,2741.7023128233827,0.0,946.7846518562161,0.0,0
7332,MEL_Z10,1765.0,22.134386,2671.6592122921024,0.0,712.6180767547567,0.0,0
7333,MEL_Z09,1724.0,26.644436,2593.652631100267,0.0,493.5414216947826,0.0,0
7334,MEL_Z09,1662.0,23.32399,2498.442109890776,0.0,295.9772088746275,0.0,0
7335,MEL_Z09,1624.0,35.666378,2425.251131751363,4.177768363019204,53.85128345065828,0.0,0
7336,MEL_Z09,1783.0,34.171513,2376.2308658139814,0.0,131.12929824104884,0.0,0
7337,MEL_Z09,1891.0,19.719215,2342.4157694836044,0.0,371.4219785457653,0.0,0
7338,MEL_Z09,1906.0,29.798494,2311.0675801016546,0.0,399.3142067134935,0.0,0
7339,MEL_Z09,1920.0,20.544415,2238.9227672637776,0.0,437.1372009847252,0.0,0
7340,MEL_Z09,1855.0,31.150427,2102.765348464887,0.0,296.41941002159297,0.0,0
7341,MEL_Z09,1834.0,35.254074,1979.9084131894958,10.557299728951588,88.42947197557783,0.0,0
7342,MEL_Z09,1849.0,32.0511,1881.9853475742693,11.112717703244888,59.610170208477264,0.0,0
7343,MEL_Z09,1871.0,25.421383,1812.468945137509,0.0,309.2836192444005,0.0,0
7344,MEL_Z09,1800.0,26.116508,1775.7304147002453,0.0,559.2489086923165,0.0,0
7345,MEL_Z09,1676.0,25.719105,1739.4234867125112,0.0,477.8086471185137,0.0,0
7346,MEL_Z08,1565.0,37.58774,1635.6843417054338,0.0,264.0140466719493,0.0,0
7347,MEL_Z08,1572.0,28.224255,1519.6800205372697,0.0,187.45068608773025,0.0,0
7348,MEL_Z08,1655.0,22.134386,1430.3709603059117,0.0,281.1352505876056,0.0,0
7349,MEL_Z08,1681.0,21.965609,1380.5993903964245,0.0,453.29802041464313,0.0,0
7350,MEL_Z08,1554.0,13.904456,1371.9684432668857,0.0,331.3078217572763,0.0,0
7351,MEL_Z08,1692.0,40.168304,1405.3361148771223,0.0,358.0474531795216,0.0,0
7352,MEL_Z08,1663.0,34.718887,1480.1950267159912,0.0,260.7249639149537,0.0,0
7353,MEL_Z08,1666.0,35.978046,1502.528691136332,0.2657362910625724,124.46272668064285,0.0,0
7354,MEL_Z08,1812.0,40.846725,1549.1034220026672,5.215750503742391,84.67961865037545,0.0,0
7355,MEL_Z08,1967.0,33.217445,1631.348285263481,11.28572299989382,61.65632946134479,0.0,0
7356,MEL_Z08,2120.0,20.95765,1743.2920572073776,0.0,153.77872453805313,0.0,0
7357,MEL_Z08,2159.0,19.984884,1878.7843748231567,0.0,390.5673763661032,0.0,0
7358,MEL_Z08,2031.0,37.176754,1946.367265041334,0.0,637.0814060209301,0.0,0
7359,MEL_Z08,1886.0,30.027113,2039.9247175951598,0.0,444.5692363501228,0.0,0
7360,MEL_Z08,1892.0,38.58838,2156.4318372100056,0.0,255.15099640782446,0.0,0
7361,MEL_Z08,1926.0,21.289217,2294.363459352103,3.674932412611858,61.817213494681184,0.0,0
7362,MEL_Z08,1920.0,22.315882,2448.636383266348,1.11349290111247,143.5322182835466,0.0,0
7363,MEL_Z08,1995.0,23.750103,2545.8388196146707,0.013574371509650665,160.488401771999,0.0,0
7364,MEL_Z08,2125.0,43.49704,2636.8847981826084,1.2784377026592013,64.33544477412433,0.0,0
7365,MEL_Z08,2341.0,31.23099,2746.775403648959,22.629353419434313,0.0,0.0,0
7366,MEL_Z07,2583.0,41.49125,2874.032295544616,4.109666515040154,62.63441122457595,0.0,0
7367,MEL_Z07,2605.0,27.568245,3016.2323660993397,0.0,162.95650494973933,0.0,0
7368,MEL_Z07,2561.0,34.827152,3016.8546085395233,0.0,391.2819849058304,0.0,0
7369,MEL_Z07,2448.0,40.688564,3014.544540627036,0.0,546.2722467940665,0.0,0
7370,MEL_Z07,2441.0,10.759584,3023.646432747377,0.0,298.68094521878567,0.0,0
7371,MEL_Z06,2477.0,24.757524,3044.469810789059,2.5875308608483656,69.3572027164026,0.0,0
7372,MEL_Z06,2632.0,36.426678,3072.214524346097,1.8295649130317386,89.14388051836278,0.0,0
7373,MEL_Z06,2746.0,29.21271,3119.395633201581,0.0,305.15935616377106,0.0,0
7374,MEL_Z06,2861.0,32.232708,3185.465513869255,0.0,285.14468829095864,0.0,0
7375,MEL_Z06,3014.0,40.26708,3268.940403823956,0.0,300.6140638965792,0.0,0
7376,MEL_Z06,3198.0,29.27358,3368.742765316345,0.0,162.89976829642987,0.0,0
7377,MEL_Z06,3253.0,33.67457,3362.8526091346425,1.3284323843247858,127.49541156448879,0.0,0
7382,MEL_Z06,3310.0,15.19677,3148.988127679851,0.0,380.4551876046549,0.0,0
7383,MEL_Z05,3364.0,17.156881,3165.021560461677,0.0,173.08027916599656,0.0,0
7384,MEL_Z05,3452.0,31.138372,3172.130916436778,1.6481543049035725,16.13195003496045,0.45630783401750236,0
7385,MEL_Z05,3605.0,40.90455,3191.592905671343,2.1774410962882684,71.56967953150688,0.0,0
7386,MEL_Z05,3691.0,35.0928,3221.3528152526096,0.4255887592005429,128.6658734930661,0.4255887592005429,0
7387,MEL_Z05,3611.0,45.22208,3258.7215020447857,0.0,338.3029907736139,0.0,0
7388,MEL_Z05,3491.0,34.003143,3251.242276000022,0.0,195.802068830085,0.0,0
7401,MEL_Z04,3959.0,27.440487,3035.2326852236847,0.0,413.70059938552214,0.0,0
7402,MEL_Z04,4021.0,27.204933,3015.2125339836416,0.0,406.8158125490926,0.0,0
7403,MEL_Z04,4076.0,33.217445,3008.711506947846,0.0,209.9633789574823,0.0,0
7404,MEL_Z04,4242.0,52.100452,2885.0802720097613,0.0,88.64349476708162,0.0,0
7412,MEL_Z03,4418.0,37.17426,2312.4795912987115,0.0,218.61250218739917,0.0,0
7453,MEL_Z12,867.0,2.9018219,271.33598237054844,0.0,444.89312041310876,0.0,0
7454,MEL_Z12,831.0,14.491952,111.91244727658895,0.0,277.2517964233079,0.0,0
7455,MEL_Z12,854.0,34.148426,136.11530238643397,2.349246222032244,27.253558994587124,4.67714152602306,1
7456,MEL_Z12,976.0,17.713284,388.2621887740384,0.0,134.63410600458735,0.0,0
7457,MEL_Z12,1046.0,30.130001,579.001921263686,0.0,318.5013208638516,0.0,0
7458,MEL_Z12,1179.0,25.376934,709.2463200144613,0.0,434.5698340039418,0.0,0
7459,MEL_Z12,1240.0,16.705328,905.173266572738,0.0,451.2412660499244,0.0,0
7479,MEL_Z10,1969.0,17.548403,2873.938454667855,0.0,1027.3198302549104,0.0,0
7480,MEL_Z10,1899.0,5.1506524,2976.7320958404143,0.0,1049.9556871060222,0.0,0
7481,MEL_Z10,1859.0,23.047285,2911.024662638348,0.0,833.6571113022479,0.0,0
7482,MEL_Z09,1845.0,19.63289,2822.331454026664,0.0,597.5911995849498,0.0,0
7483,MEL_Z09,1794.0,28.915989,2734.992671283427,0.0,379.57826321147934,0.0,0
7484,MEL_Z09,1740.0,21.209223,2668.2981444283646,0.0,165.05116549556516,0.0,0
7485,MEL_Z09,1760.0,36.42929,2623.8226051213237,2.1813116607857284,43.50021959195814,0.0,0
7486,MEL_Z09,1925.0,28.189688,2588.9234433072215,0.0,286.68419034266964,0.0,0
7487,MEL_Z09,2006.0,27.08048,2560.4102818888346,0.0,309.71712482861767,0.0,0
7488,MEL_Z09,2002.0,26.206228,2449.0728123633944,0.0,464.7576143828936,0.0,0
7489,MEL_Z09,1953.0,20.129128,2317.622241473238,0.0,391.9110286077629,0.0,0
7490,MEL_Z09,1965.0,24.231422,2206.759630790206,0.0,203.80770749508147,0.0,0
7491,MEL_Z09,1983.0,27.078938,2118.8495552602467,0.0,199.3949458837469,0.0,0
7492,MEL_Z09,1932.0,31.79692,2057.352246561142,0.0,368.84555164216647,0.0,0
7493,MEL_Z09,1842.0,29.634176,2025.0612571065124,0.0,595.5933375561835,0.0,0
7494,MEL_Z09,1740.0,23.872738,1974.4768116330267,0.0,424.9435592365175,0.0,0
7495,MEL_Z08,1663.0,43.15493,1853.7019121193741,0.0,195.6425833925219,0.0,0
7496,MEL_Z08,1646.0,27.432941,1748.798636610507,8.787951841087544,24.306371197865342,0.0,0
7497,MEL_Z08,1719.0,36.565693,1671.7746231705598,0.0,247.96303440378503,0.0,0
7498,MEL_Z08,1721.0,29.719824,1629.179322638939,0.0,450.77813583376087,0.0,0
7499,MEL_Z08,1597.0,31.434834,1621.7105783178968,0.0,252.92209588735543,0.0,0
7500,MEL_Z08,1767.0,33.89537,1650.0881265271798,0.0,217.88377732259275,0.0,0
7501,MEL_Z08,1690.0,15.128379,1714.776707754496,7.237358698217703,23.88410758631069,0.0,0
7502,MEL_Z08,1785.0,18.359552,1751.3068161691729,0.0,185.76406865003702,0.0,0
7503,MEL_Z08,1852.0,35.42211,1791.5538863780068,0.49655378024945696,84.88493647079407,0.0,0
7504,MEL_Z08,1979.0,37.71382,1863.5636701623996,4.732814762656805,58.08449280547805,0.0,0
7505,MEL_Z08,2172.0,30.95034,1963.1483829709248,0.0,185.77515005694278,0.0,0
7506,MEL_Z08,2176.0,34.53258,2086.6869034428896,0.0,410.276229542156,0.0,0
7507,MEL_Z08,2036.0,38.05546,2184.047303581203,0.0,649.3786059473363,0.0,0
7508,MEL_Z08,1989.0,28.88008,2269.4374824485403,0.0,594.7443029077397,0.0,0
7509,MEL_Z08,1999.0,28.48547,2374.7109091044317,0.0,406.2363443117658,0.0,0
7510,MEL_Z08,2080.0,36.88517,2500.6313836503023,0.0,306.2126483348269,0.0,0
7511,MEL_Z08,2060.0,44.534985,2644.2508829485246,0.0,155.76064155506373,0.0,0
7512,MEL_Z08,2047.0,30.35032,2783.232292371809,13.447924072643099,1.4005088186099146,0.0,0
7513,MEL_Z08,2182.0,25.352953,2867.501282882864,2.582237420311252,112.07279377493109,0.0,0
7514,MEL_Z08,2316.0,37.6711,2968.9877203333435,6.606312432975775,54.59440758207894,0.0,0
7515,MEL_Z08,2521.0,47.2271,3087.313032832038,0.0,160.34877056295366,0.0,0
7516,MEL_Z07,2695.0,26.762798,3220.28200082716,0.0,281.59623891228534,0.0,0
7517,MEL_Z07,2636.0,31.370735,3266.558025908956,0.0,500.8151851442401,0.0,0
7518,MEL_Z07,2521.0,31.370735,3264.4246652340325,0.0,623.5831664524201,0.0,0
7519,MEL_Z07,2530.0,30.218225,3273.1786067160383,0.0,402.49621687815414,0.0,0
7520,MEL_Z06,2634.0,22.351099,3293.8961099023186,0.0,199.9881032765162,0.0,0
7521,MEL_Z06,2654.0,36.15918,3319.5567833111054,0.0,189.39357699783204,0.0,0
7522,MEL_Z06,2850.0,31.921627,3363.3477829378794,0.0,363.2364902959788,0.0,0
7523,MEL_Z06,2940.0,31.502226,3424.7145476092414,0.0,534.8996504779591,0.0,0
7524,MEL_Z06,3093.0,36.034477,3502.691535432121,0.0,440.9715800628981,0.0,0
7525,MEL_Z06,3226.0,31.876701,3592.493870667746,0.0,232.25062103115198,0.0,0
7537,MEL_Z05,3573.0,30.205471,3431.3648565083395,0.0,252.6483372047496,0.0,0
7603,MEL_Z12,815.0,3.5204053,39.482552963048555,0.0,368.094076376936,0.0,0
7604,MEL_Z12,869.0,13.27067,167.36512773211965,0.0,182.8252322735786,0.0,0
7630,MEL_Z10,1942.0,9.232868,3131.6682107031434,0.0,908.4575860870824,0.0,0
7631,MEL_Z09,1965.0,26.05587,3054.263703724164,0.0,714.9426004891428,0.0,0
7632,MEL_Z09,1914.0,25.08153,2973.744583428887,0.0,477.9500226921247,0.0,0
7633,MEL_Z09,1878.0,30.83772,2912.522433056686,0.0,265.86257220299564,0.0,0
7634,MEL_Z09,1892.0,21.667921,2871.831645247373,0.0,191.4320943011643,0.0,0
7635,MEL_Z09,1988.0,33.01956,2836.0425866841233,3.396008793777928,54.96116639201582,0.0,0
7636,MEL_Z09,2128.0,37.210026,2797.1923314257097,0.8933130400497841,115.37621594197387,0.0,0
7637,MEL_Z09,2134.0,23.923403,2659.4564075623284,0.0,355.3537970288352,0.0,0
7638,MEL_Z09,2080.0,26.008183,2538.9217391716143,0.0,337.9237632531543,0.0,0
7639,MEL_Z09,2077.0,16.108475,2438.03264920001,0.0,183.79809291190782,0.0,0
7640,MEL_Z09,2078.0,32.025974,2358.4270239226926,0.0,155.63218237533536,0.0,0
7641,MEL_Z09,2015.0,27.83998,2303.335159235946,0.0,345.3402318013245,0.0,0
7642,MEL_Z09,1911.0,26.71871,2274.5390048042946,0.0,481.0152450301792,0.0,0
7643,MEL_Z09,1764.0,46.67599,2193.232938731046,0.0,324.44626078039744,0.0,0
7644,MEL_Z08,1689.0,34.07494,2078.6130613308196,0.0,153.83119981670515,0.0,0
7645,MEL_Z08,1727.0,37.502308,1982.9689805948503,30.01007097347615,0.0,0.0,0
7646,MEL_Z08,1839.0,31.459694,1915.384999750097,0.0,223.7161613137551,0.0,0
7647,MEL_Z08,1827.0,24.3887,1878.0487573664047,0.0,377.0616109242143,0.0,0
7648,MEL_Z08,1697.0,34.42233,1871.4757186914005,0.12987784189659643,131.3336144144919,0.0,0
7649,MEL_Z08,1793.0,26.380993,1896.2099184515496,6.426013339068601,26.782057187397793,0.0,0
7650,MEL_Z08,1781.0,23.714077,1952.762245380989,3.606405898322746,122.1495537916245,0.0,0
7651,MEL_Z08,1868.0,32.0511,2000.3896273059784,0.7756196613351852,121.43301574034695,0.0,0
7652,MEL_Z08,1943.0,28.6321,2035.718159389675,3.171926908939778,71.54643121170264,0.0,0
7653,MEL_Z08,2105.0,26.899036,2099.82716527686,0.6500489864109538,117.59433968602043,0.0,0
7654,MEL_Z08,2221.0,34.74021,2189.4462897146736,0.0,237.98338481627445,0.0,0
7655,MEL_Z08,2260.0,29.501541,2301.432540856617,0.0,459.81700634887454,0.0,0
7656,MEL_Z08,2188.0,24.50837,2424.2070287283973,0.0,700.8244441896998,0.0,0
7657,MEL_Z08,2084.0,24.793058,2501.769734065928,0.0,758.7678096247447,0.0,0
7658,MEL_Z08,2131.0,32.954876,2598.7122840180427,0.0,620.4288369107206,0.0,0
7659,MEL_Z08,2214.0,22.904099,2714.2606636400087,0.0,507.74511121184366,0.0,0
7660,MEL_Z08,2225.0,17.78938,2847.1242272266113,0.0,326.11208984108976,0.0,0
7661,MEL_Z08,2169.0,25.682186,2994.9994624937676,0.5879979675500355,144.89730394801907,0.0,0
7662,MEL_Z08,2268.0,34.93279,3100.7309366582476,37.41637440957383,2.981733295312796,0.0,0
7663,MEL_Z08,2419.0,38.868427,3195.3092258636675,18.25639564970328,62.0521576392824,0.0,0
7664,MEL_Z08,2564.0,36.353207,3305.543030743034,0.0,131.458028127742,0.0,0
7665,MEL_Z08,2759.0,38.517387,3430.4190186327864,0.0,256.46028022946587,0.0,0
7666,MEL_Z07,2740.0,27.06968,3516.3035910163208,0.0,474.9952119309066,0.0,0
7667,MEL_Z07,2654.0,33.59476,3514.321841060147,0.0,703.9941354292324,0.0,0
7668,MEL_Z07,2656.0,29.486883,3522.777119356425,0.0,552.218704314896,0.0,0
7669,MEL_Z06,2755.0,31.21539,3543.403270424252,0.0,427.3332130132775,0.0,0
7670,MEL_Z06,2790.0,34.39564,3567.2695989580643,0.0,427.12827310635623,0.0,0
7671,MEL_Z06,2890.0,36.247665,3608.127977435003,0.0,532.7884129269546,0.0,0
7672,MEL_Z06,3063.0,28.147823,3665.3988766793755,0.0,710.5328346633348,0.0,0
7673,MEL_Z06,3205.0,38.255093,3727.7946305152846,0.0,612.2567711726575,0.0,0
7674,MEL_Z06,3244.0,17.447954,3728.2395721287944,0.0,411.90167609567936,0.0,0
7781,MEL_Z09,2004.0,20.368845,3204.5853581640217,0.0,593.4293509054984,0.0,0
7782,MEL_Z09,2014.0,34.358,3157.6508449410658,0.0,463.9376190905816,0.0,0
7783,MEL_Z09,1998.0,32.765812,3120.158479010773,0.0,249.91112793514114,0.0,0
7784,MEL_Z09,2017.0,23.586384,3083.626195190692,0.3850772027449683,115.5574616706321,0.0,0
7785,MEL_Z09,2206.0,33.20468,3004.0046460145854,1.1155455823680784,100.70594483033086,0.0,0
7786,MEL_Z09,2257.0,20.544415,2876.18829828492,0.0,346.9528785980926,0.0,0
7787,MEL_Z09,2206.0,34.090065,2765.1174190448032,0.0,275.2105236790308,0.0,0
7788,MEL_Z09,2147.0,20.255396,2672.38803093928,1.4548608311268902,40.62567422799668,0.0,0
7789,MEL_Z09,2072.0,14.302914,2599.967810668269,0.2621817662742972,124.50634131947854,0.0,0
7790,MEL_Z09,2058.0,25.603033,2550.099497101002,0.0,332.2871949614651,0.0,0
7791,MEL_Z09,1915.0,37.822926,2524.1200989094027,0.0,376.00304449347317,0.0,0
7792,MEL_Z09,1765.0,38.733936,2412.6786435059075,0.056697000137034284,134.66638525925947,0.0,0
7793,MEL_Z08,1830.0,27.435963,2306.404466984421,0.6855617690254321,121.05256059130593,0.0,0
7794,MEL_Z08,1863.0,26.707668,2220.593453244423,5.911922749379901,73.35097820122604,0.0,0
7795,MEL_Z08,1954.0,21.854914,2160.455739851731,0.41677854646813467,124.31866896636079,0.0,0
7796,MEL_Z08,1900.0,20.368845,2127.0963789992743,0.0,348.85737902277975,0.0,0
7797,MEL_Z08,1792.0,43.546604,2121.295178931452,3.90224694311878,105.57784956171699,0.0,0
7798,MEL_Z08,1841.0,45.167126,2143.229638737316,14.097698571039894,66.12238874372757,0.0,0
7799,MEL_Z08,1849.0,25.574308,2193.422352515232,0.0,262.0607283700342,0.0,0
7800,MEL_Z08,1942.0,32.7942,2249.675922817795,0.0,323.77771890266774,0.0,0
7801,MEL_Z08,2043.0,35.50364,2281.146974910129,0.0,313.71854784649526,0.0,0
7802,MEL_Z08,2177.0,36.83591,2338.7789694549638,0.0,315.45837123506396,0.0,0
7803,MEL_Z08,2286.0,25.770985,2420.0115615131735,0.0,440.309690509693,0.0,0
7804,MEL_Z08,2333.0,19.211348,2522.1647888466246,0.0,590.7331694235102,0.0,0
7805,MEL_Z08,2248.0,27.30717,2643.387841216967,0.0,793.0747297714851,0.0,0
7806,MEL_Z08,2200.0,31.331438,2736.8903697707997,0.0,959.6075498765546,0.0,0
7807,MEL_Z08,2276.0,29.752645,2827.076081111534,0.0,834.7046349762453,0.0,0
7808,MEL_Z08,2315.0,16.705328,2933.6435678981484,0.0,587.4446569428229,0.0,0
7809,MEL_Z08,2316.0,24.201992,3056.987078570566,0.0,344.16656184254,0.0,0
7810,MEL_Z08,2313.0,31.110603,3195.164379750224,0.740685807169224,129.65345969297886,0.0,0
7811,MEL_Z08,2385.0,48.9001,3336.3904261588154,32.329143504443124,0.0,0.0,0
7812,MEL_Z08,2455.0,14.920967,3424.925402733431,5.644485695316281,80.52492775045803,0.0,0
7813,MEL_Z08,2590.0,35.287823,3527.992020043855,14.80153931956033,36.50809971011568,0.0,0
7814,MEL_Z08,2780.0,45.86825,3645.3177327494363,0.0,172.6654010539717,0.0,0
7815,MEL_Z07,2825.0,36.647667,3766.0829188638863,0.0,352.5083771060135,0.0,0
7816,MEL_Z07,2816.0,35.984325,3764.232672154637,0.0,547.6583843021136,0.0,0
7817,MEL_Z07,2801.0,35.80393,3772.42880302051,0.0,666.1472853955939,0.0,0
7818,MEL_Z06,2860.0,37.48272,3792.9753348627173,0.0,670.993374361002,0.0,0
7819,MEL_Z06,2944.0,26.496473,3815.280795128202,0.0,672.9786668129924,0.0,0
7820,MEL_Z06,2997.0,41.924187,3853.578427138244,0.0,748.3953307827879,0.0,0
7821,MEL_Z06,3177.0,42.717743,3907.253270229419,0.0,884.009628402497,0.0,0
7932,MEL_Z09,2100.0,21.96561,3363.598278405462,0.0,430.7042850398949,0.0,0
7933,MEL_Z09,2139.0,19.4161,3331.569287023055,0.0,307.686976458101,0.0,0
7934,MEL_Z09,2235.0,28.264492,3216.9542515777234,0.0,294.01174488043563,0.0,0
7935,MEL_Z09,2316.0,10.759584,3097.9363890593177,0.0,201.34680877179633,0.0,0
7936,MEL_Z09,2283.0,21.908232,2995.100179388291,4.618729404273356,38.09388140094593,0.0,0
7937,MEL_Z09,2174.0,21.229261,2909.349132924721,0.0,237.8570579351494,0.0,0
7938,MEL_Z09,2138.0,21.315788,2842.9715450305607,0.0,354.330927928424,0.0,0
7939,MEL_Z09,2028.0,31.22619,2797.438477331912,0.0,475.61085321679064,0.0,0
7940,MEL_Z09,1928.0,29.21271,2751.3775061538363,0.0,370.7482116676466,0.0,0
7941,MEL_Z09,1914.0,30.29837,2637.5681508018315,0.4047222394507101,121.18996966372482,0.0,0
7942,MEL_Z08,1932.0,31.034311,2538.3795760122844,12.807096299215045,17.900319415824377,0.0,0
7943,MEL_Z08,1987.0,21.242603,2460.6715732056978,0.0,155.26520176225554,0.0,0
7944,MEL_Z08,2044.0,12.814238,2406.459278883817,0.0,215.6653678273252,0.0,0
7945,MEL_Z08,1964.0,12.407764,2376.344014670046,0.0,367.2295266898492,0.0,0
7946,MEL_Z08,1870.0,44.723305,2371.1526957714364,2.080688684643209,122.3913991343954,0.0,0
7947,MEL_Z08,1932.0,41.816494,2390.868987186487,27.881547336477418,26.792880397872437,0.0,0
7948,MEL_Z08,1912.0,32.526943,2435.9644591088577,0.0,211.6326366655734,0.0,0
7949,MEL_Z08,1911.0,28.407398,2499.104810602957,0.0,457.0827312892799,0.0,0
7950,MEL_Z08,2020.0,28.378914,2527.4719816081797,0.0,562.4060332544461,0.0,0
7951,MEL_Z08,2134.0,35.177883,2579.77587441026,0.0,556.9555989828701,0.0,0
7952,MEL_Z08,2231.0,17.047607,2653.838828780476,0.0,653.247488512126,0.0,0
7953,MEL_Z08,2340.0,21.092936,2747.9153378664587,0.0,719.8617721839204,0.0,0
7954,MEL_Z08,2330.0,27.111296,2859.8873034876965,0.0,801.6255246721128,1.9857784872907402,1
7955,MEL_Z08,2314.0,27.638466,2974.4387689108657,0.0,935.7455287089111,0.0,0
7956,MEL_Z08,2376.0,24.757524,3058.489508589514,0.0,835.7680517482181,0.0,0
7957,MEL_Z08,2421.0,34.41739,3157.5810704963465,0.0,589.4797341277584,0.0,0
7958,MEL_Z08,2434.0,28.454285,3272.495016319212,0.0,348.5175427028794,0.0,0
7959,MEL_Z08,2413.0,28.862091,3401.9301943031264,2.387418441073948,131.13247654208638,0.0,0
7960,MEL_Z08,2507.0,17.687824,3544.296046041941,0.8922724902399192,119.053535034279,0.0,0
7961,MEL_Z08,2541.0,20.023485,3656.8797338225454,0.0,178.51405241354402,0.0,0
7962,MEL_Z08,2646.0,33.64145,3753.910049387492,5.637582238340348,7.478636879808411,0.0,0
7963,MEL_Z08,2818.0,36.911438,3864.382788764174,9.271019977651134,40.708912874769666,0.0,0
7964,MEL_Z08,2977.0,25.923983,3987.488936323353,0.0,194.2661350033652,0.0,0
7965,MEL_Z07,2979.0,25.54892,4014.154608093776,0.0,360.6216587889508,0.0,0
7966,MEL_Z07,2953.0,31.454966,4022.123756805149,0.0,447.5957214840652,0.0,0
7967,MEL_Z06,3020.0,35.388645,4041.790587215727,0.0,628.1254094139946,0.0,0
7968,MEL_Z06,3068.0,27.240105,4063.5357387006875,0.0,844.4795663952269,0.0,0
7969,MEL_Z06,3117.0,34.607944,4094.9996604451267,0.0,969.1126201387996,0.0,0
8082,MEL_Z09,2216.0,14.054954,3555.5291793889887,0.0,419.75302435743225,0.0,0
8083,MEL_Z09,2291.0,28.306063,3434.901075753241,0.0,179.988204335169,0.0,0
8084,MEL_Z09,2360.0,12.052739,3323.6968294543144,2.7717304851388276,42.57264049308477,0.0,0
8085,MEL_Z09,2320.0,24.920338,3227.815381645688,0.0160554395486052,148.6527041621778,0.0,0
8086,MEL_Z09,2294.0,32.63194,3148.3276460038473,0.0,308.1358579523482,0.0,0
8087,MEL_Z09,2152.0,31.643215,3087.0927739858676,0.0,525.6766694601588,0.0,0
8088,MEL_Z09,2101.0,29.508194,3045.212081908153,0.0,643.6012082248108,0.0,0
8089,MEL_Z09,2064.0,23.228376,2971.670522562013,0.0,397.6226061564331,0.0,0
8090,MEL_Z09,2012.0,23.218588,2864.5604303698356,0.0,150.8884116168397,0.0,0
8091,MEL_Z08,2007.0,26.443645,2773.4888098759143,20.01572480614342,26.774710085918283,0.0,0
8092,MEL_Z08,2095.0,23.691282,2702.5495180982743,0.0,246.928094695199,0.0,0
8093,MEL_Z08,2104.0,14.907016,2653.15224770033,0.0,443.44264338600397,0.0,0
8094,MEL_Z08,2015.0,36.78991,2625.7347060517136,0.0,422.55039457675394,0.0,0
8095,MEL_Z08,1863.0,6.457955,2621.0373856872925,0.0,199.13292832994833,0.0,0
8096,MEL_Z08,1934.0,37.180916,2638.9535318792928,4.877707861662409,8.042720986411132,0.0,0
8097,MEL_Z08,2017.0,31.27411,2679.8776232450546,0.0,168.8643062079675,0.0,0
8098,MEL_Z08,1999.0,25.137222,2743.066241949132,0.0,418.8596815076489,0.0,0
8099,MEL_Z08,2044.0,21.191391,2774.4544895325143,0.0,668.8585139431806,0.0,0
8100,MEL_Z08,2080.0,21.271475,2822.266372602462,0.0,514.9071421109048,0.0,0
8101,MEL_Z08,2168.0,27.023315,2890.37456057661,0.0,436.35809654282167,0.0,0
8102,MEL_Z08,2262.0,23.149897,2977.4217181723066,0.0,475.5346202971411,0.0,0
8103,MEL_Z08,2388.0,20.023485,3081.1814082643887,0.0,585.2960461229196,2.391391175488514,1
8104,MEL_Z08,2447.0,27.226349,3200.8961753214235,0.0,757.9698118161792,0.0015532093025721863,0
8105,MEL_Z08,2505.0,41.341587,3291.819431258034,0.0,906.2176584603551,0.0,0
8106,MEL_Z08,2549.0,30.818056,3385.169397540325,0.0,685.7175549230816,0.0,0
8107,MEL_Z08,2522.0,13.582103,3492.6032218276323,0.0,480.60499264008564,0.0,0
8108,MEL_Z08,2521.0,13.593767,3614.164174494289,0.0,329.3902242004211,0.0,0
8109,MEL_Z08,2581.0,32.483643,3748.478103880989,0.0,180.45388024732247,0.0,0
8110,MEL_Z08,2663.0,34.187553,3890.9816398765897,3.910918488986945,45.447690809762676,0.0,0
8111,MEL_Z08,2753.0,31.19857,3982.7068212826925,17.010331766709882,82.84958078990415,0.0,0
8112,MEL_Z08,2905.0,43.15945,4086.999792451188,58.400116910987556,0.0,0.0,0
8113,MEL_Z08,3099.0,34.5208,4203.591438603475,19.907122918943113,49.439257305578835,0.0,0
8114,MEL_Z08,3120.0,14.408699,4263.420777183877,0.8111148380567895,110.70618468230585,0.0,0
8115,MEL_Z06,3093.0,38.697674,4272.574680760047,0.0,299.92439758650596,0.0,0
8116,MEL_Z06,3123.0,33.086147,4280.65798197715,0.0,524.1939016735471,0.0,0
8117,MEL_Z06,3175.0,30.025826,4269.084153794092,0.0,766.8584315011698,0.0,0
8232,MEL_Z09,2321.0,16.416441,3600.273176538486,0.0,236.2648390836331,0.0,0
8233,MEL_Z09,2379.0,12.814238,3481.1406150583957,0.0,81.59996747046642,0.0,0
8234,MEL_Z09,2414.0,24.242445,3428.6189177101105,0.0,284.3315738780118,0.0,0
8235,MEL_Z09,2364.0,27.702444,3382.169773141862,0.0,509.88622466564016,0.0,0
8236,MEL_Z09,2271.0,29.954718,3332.085890930493,0.0,660.5777644785856,0.0,0
8237,MEL_Z09,2232.0,21.26038,3293.3222152017997,0.0,704.4284459660832,0.0,0
8238,MEL_Z09,2193.0,25.254934,3196.3374677838187,0.0,481.5301591308612,0.0,0
8239,MEL_Z08,2120.0,23.964567,3095.088975430469,0.0,275.39203714378084,0.0,0
8240,MEL_Z08,2132.0,22.007977,3010.998087860158,0.0,164.1228212565409,0.0,0
8241,MEL_Z08,2177.0,10.683509,2945.7839710956114,0.0,317.8547528845255,0.0,0
8242,MEL_Z08,2102.0,22.902102,2900.4115980371835,0.0,547.5458271417885,0.0,0
8243,MEL_Z08,1975.0,23.374489,2875.231228452906,0.0,548.7671789351102,0.0,0
8244,MEL_Z08,1960.0,23.964567,2870.942153314275,0.0,337.0169052667514,0.0,0
8245,MEL_Z08,1982.0,35.73211,2887.368520460498,0.0,224.4488404158521,0.0,0
8246,MEL_Z08,2124.0,19.563465,2924.818849962783,0.0,291.08840850033675,0.0,0
8247,MEL_Z08,2112.0,28.515182,2982.8230985509326,0.0,484.54905135772435,0.0,0
8248,MEL_Z08,2143.0,30.332603,3021.9332903225827,0.0,553.880550806684,0.0,0
8249,MEL_Z08,2138.0,12.416386,3065.8882195206343,0.0,329.7624017875562,0.0,0
8250,MEL_Z08,2192.0,24.79838,3128.9059947319083,0.0,187.35246188611646,0.0,0
8251,MEL_Z08,2299.0,33.670433,3209.5867232793703,0.0,243.0336996190401,0.0,0
8252,MEL_Z08,2435.0,33.880066,3306.569574743304,0.0,408.00735622419523,0.0,0
8253,MEL_Z08,2542.0,32.782192,3418.5258573230813,0.0,628.2315163426731,0.0,0
8254,MEL_Z08,2605.0,20.887278,3527.4342321103322,0.0,862.246745266146,0.0,0
8255,MEL_Z08,2654.0,12.659326,3615.71922075404,0.0,821.0996007037039,0.0,0
8256,MEL_Z08,2665.0,29.954718,3716.4944367518474,0.0,601.0106581389047,0.0,0
8257,MEL_Z08,2652.0,36.751476,3830.9576235563686,0.0,416.2007545852561,0.0,0
8258,MEL_Z08,2699.0,35.726643,3957.921389891655,0.0,182.69366935694174,0.0,0
8259,MEL_Z08,2831.0,34.684906,4096.223522177363,2.295215124661712,60.09864836630211,0.0,0
8260,MEL_Z08,2895.0,32.76909,4213.787658833151,20.029273059787986,56.13861457190191,0.0,0
8261,MEL_Z08,3032.0,36.5631,4299.474242781613,16.0735991532588,53.74077352344133,0.0,0
8384,MEL_Z09,2442.0,23.50004,3566.4040047805584,0.0,632.7276266827845,0.0,0
8385,MEL_Z09,2402.0,34.623558,3577.7717889603246,0.0,844.1300075959416,0.0,0
8386,MEL_Z09,2322.0,17.416233,3530.670354550035,0.0,828.287094174743,0.0,0
8387,MEL_Z09,2281.0,19.23424,3422.997422312138,0.0,627.583618846653,0.0,0
8388,MEL_Z08,2233.0,23.345371,3328.4298208647633,0.0,468.96780091717574,0.0,0
8389,MEL_Z08,2243.0,21.622444,3250.3813301962186,0.0,412.86463837940823,0.0,0
8390,MEL_Z08,2205.0,19.29511,3190.064656234171,0.0,495.284050779155,0.0,0
8391,MEL_Z08,2072.0,31.889385,3148.1038779843175,0.0,666.3940874927622,0.0,0
8392,MEL_Z08,2080.0,25.865946,3124.808232128355,0.0,690.3130537751323,0.0,0
8393,MEL_Z08,2035.0,27.844397,3120.8621754545866,0.0,537.1711515395816,0.0,0
8394,MEL_Z08,2096.0,43.602577,3136.0354274903048,0.0,474.37760280751183,0.0,0
8395,MEL_Z08,2218.0,23.48464,3170.549878905183,0.0,509.78906028383034,0.0,0
8396,MEL_Z08,2248.0,28.50953,3224.136297797759,0.0,632.600549900402,0.0,0
8397,MEL_Z08,2259.0,25.87093,3269.795698179416,0.0,524.160415541127,0.0,0
8398,MEL_Z08,2227.0,19.875778,3310.4612475104054,0.0,277.00621508028576,0.0,0
8399,MEL_Z08,2269.0,26.340706,3369.03683834025,5.417949414837924,51.06904068241595,0.0,0
8400,MEL_Z08,2388.0,29.433481,3444.2490481288814,4.096704300655678,72.26143360769494,0.0,0
8401,MEL_Z08,2476.0,22.638163,3535.268848984771,0.0,320.99811427247346,0.0,0
8402,MEL_Z08,2602.0,34.858913,3640.1981428447684,0.0,570.6293512621007,0.0,0
8403,MEL_Z08,2722.0,22.872103,3758.845801601564,0.0,820.4851757814567,0.0,0
8404,MEL_Z08,2731.0,31.179329,3847.9320991763598,0.0,754.7454770164255,0.0,0
8405,MEL_Z08,2783.0,39.30881,3943.524379497876,0.0,507.0801053483486,0.0,0
8406,MEL_Z08,2838.0,39.493908,4051.5786980844064,0.0,263.8555123612788,0.0,0
8407,MEL_Z08,2881.0,41.290516,4161.633738106543,0.2328390663422892,94.47043821988582,0.0,0
8408,MEL_Z08,2945.0,28.454285,4262.646797360383,1.9157587586530644,53.694789099011516,0.0,0
8409,MEL_Z08,3020.0,32.35641,4409.852845446257,0.0,173.75413864689992,0.0,0
8410,MEL_Z08,3120.0,30.293293,4511.212395096449,0.0,150.3136647435618,0.0,0
8534,MEL_Z09,2531.0,22.928055,3811.092299079083,0.0,979.3407472308145,0.0,0
8535,MEL_Z09,2441.0,36.28204,3744.99391278684,0.0,973.1552601069645,0.0,0
8536,MEL_Z09,2352.0,20.55372,3652.5033415106077,0.0,814.202245229634,0.0,0
8537,MEL_Z08,2330.0,26.644436,3564.03063665458,0.0,698.8932017583551,0.0,0
8538,MEL_Z08,2318.0,15.887266,3491.2530842490855,0.0,662.5542383768385,0.0,0
8539,MEL_Z08,2200.0,26.127953,3435.168382706305,0.0,717.2897114264084,0.0,0
8540,MEL_Z08,2158.0,29.241146,3396.1343635273315,0.0,844.603887553353,0.0,0
8541,MEL_Z08,2186.0,26.127953,3374.447859736977,0.0,702.4463335102529,0.0,0
8542,MEL_Z08,2131.0,30.770023,3370.794059074132,0.0,486.7366782439617,0.0,0
8543,MEL_Z08,2145.0,33.197235,3384.8987329021165,0.0,324.13860771756134,0.0,0
8544,MEL_Z08,2310.0,28.253004,3416.900315220467,0.0,309.106409448733,0.0,0
8545,MEL_Z08,2382.0,19.078377,3466.6808471944883,0.0,423.91755011086013,0.0,0
8546,MEL_Z08,2377.0,23.842638,3517.960631460415,0.0,602.8473769510565,0.0,0
8547,MEL_Z08,2347.0,33.440258,3555.789190593404,0.0,354.3449719748351,0.0,0
8548,MEL_Z08,2358.0,29.43749,3610.5076806895268,0.6213965283560252,112.67545620464176,0.0,0
8549,MEL_Z08,2466.0,27.892912,3680.9314143056517,0.08196563094312156,130.67317227318378,0.0,0
8550,MEL_Z08,2533.0,26.644436,3766.302343062686,0.0,373.82785178359774,0.0,0
8551,MEL_Z08,2678.0,32.811646,3865.328705447248,0.0,611.8366072060569,0.0,0
8552,MEL_Z08,2797.0,22.991756,3977.2707584124682,0.0,849.9595879931534,0.0,0
8553,MEL_Z08,2879.0,20.556046,4082.0703734413537,0.0,768.1032565423808,0.0,0
8554,MEL_Z08,2947.0,21.854914,4173.180821026185,0.0,526.6133398083371,0.0,0
8685,MEL_Z09,2436.0,26.568233,3833.8497513841126,0.0,980.2763830581562,0.0,0
8686,MEL_Z08,2425.0,18.568613,3787.6250226229395,0.0,929.1338219214683,0.0,0
8687,MEL_Z08,2366.0,31.917023,3733.3252476672005,0.0,912.4138468688787,0.0,0
8688,MEL_Z08,2316.0,22.662525,3680.9247556034143,0.0,952.9036883573982,0.0,0
8689,MEL_Z08,2288.0,36.162727,3644.434003200289,0.0,887.9144043871758,0.0,0
8690,MEL_Z08,2273.0,30.749044,3624.137170222699,0.0,638.4853150168294,0.0,0
8691,MEL_Z08,2256.0,28.03178,3620.735347853498,0.0,389.57682197303996,0.0,0
8692,MEL_Z08,2264.0,34.618683,3633.918086794253,0.0,144.48620865738962,0.0,0
8693,MEL_Z08,2371.0,39.426918,3663.7452140783175,1.5521922754765909,73.5841411952361,0.0,0
8694,MEL_Z08,2485.0,30.191423,3710.215266778081,0.0,275.8113826817675,0.0,0
8695,MEL_Z08,2472.0,30.633791,3766.3682906983627,0.0,513.8136850011042,0.0,0
8696,MEL_Z08,2447.0,28.44293,3801.725906034474,0.0,461.8507156745207,0.0,0
8697,MEL_Z08,2475.0,25.635077,3853.0130583803084,0.0,316.9250429299401,0.0,0
8698,MEL_Z08,2544.0,28.356092,3919.211448719464,0.0,322.8684456349954,0.0,0
8699,MEL_Z08,2653.0,28.778828,3999.5547140456747,0.0,476.7019087433921,0.0,0
8700,MEL_Z08,2749.0,29.374537,4093.3469781022095,0.0,689.3804366330892,0.0,0
8701,MEL_Z08,2827.0,15.951767,4174.015836274321,0.0,867.3384042467461,0.0,0
8703,MEL_Z08,2890.0,17.576967,4324.0502415788515,0.0,602.6567446144843,0.0,0
8836,MEL_Z08,2480.0,23.525032,3969.34915075849,0.0,1163.466861172588,0.0,0
8837,MEL_Z08,2456.0,28.728668,3927.133690389423,0.0,1152.7251961131342,0.0,0
8838,MEL_Z08,2419.0,23.925276,3892.951295897982,0.0,907.2453354933413,0.0,0
8839,MEL_Z08,2400.0,24.2608,3873.8665566970835,0.0,665.141202899645,0.0,0
8840,MEL_Z08,2404.0,37.320156,3870.684219837898,0.0,432.12445061017803,0.0,0
8841,MEL_Z08,2420.0,42.810497,3883.0634672972396,0.0,234.04074772142107,0.0,0
8842,MEL_Z08,2430.0,38.781403,3910.9909515632776,0.0,129.8091643579575,3.6799313684522286,1
8843,MEL_Z08,2552.0,17.189201,3954.556682532342,0.0,282.9842925780354,2.0740296102888816,1
8844,MEL_Z08,2559.0,12.50651,4013.2514109525423,0.0,517.4176141720515,0.0,0
8845,MEL_Z08,2562.0,18.884432,4048.160441643388,0.0,652.7264419144418,0.0,0
8846,MEL_Z08,2605.0,22.092365,4096.363353600596,0.0,559.1199346468449,0.0,0
8847,MEL_Z08,2643.0,29.833769,4158.794882414631,0.0,562.1963884938345,0.0,0
8848,MEL_Z08,2737.0,28.005558,4224.405532546183,0.0,645.7324020504889,0.0,0
8849,MEL_Z08,2809.0,20.814295,4273.839175813183,0.0,794.3260125004304,0.0,0
8986,MEL_Z08,2578.0,20.262514,4161.559112896412,0.0,1149.685990959452,0.0,0
8987,MEL_Z08,2551.0,20.85767,4139.209208431143,0.0,896.5341231954501,0.0,0
8988,MEL_Z08,2547.0,33.65905,4123.628738090088,0.0,647.4858699976792,0.0,0
8989,MEL_Z08,2555.0,35.887165,4120.639295086194,0.0,398.2687989641206,0.0,0
8990,MEL_Z08,2548.0,21.108643,4132.312079282797,0.0,151.65131258909284,0.0,0
8991,MEL_Z08,2557.0,29.088926,4128.323199500858,1.5051067335252177,71.20123071290686,0.0,0
8992,MEL_Z08,2628.0,20.957651,4113.405875567221,0.0,309.0823108382682,0.0,0
8994,MEL_Z08,2625.0,26.628592,4223.236499920096,0.0,806.9519528469367,0.0,0
8995,MEL_Z08,2697.0,26.360056,4280.50218911552,0.0,744.6098541885303,0.0,0
8996,MEL_Z08,2774.0,29.794569,4383.578603104519,0.0,791.1931123410947,0.0,0
8997,MEL_Z08,2808.0,20.664955,4404.623334259502,0.0,813.5724675790614,0.0,0
9137,MEL_Z08,2655.0,19.610611,4351.160826161454,0.0,703.9843033115703,0.0,0
9138,MEL_Z08,2627.0,17.605476,4286.232695903392,0.0,442.84951021766443,0.0,0
9139,MEL_Z08,2639.0,16.11801,4311.428249447146,0.0,263.12767162947495,0.0,0
