<?xml version="1.0" encoding="UTF-8"?>
<kml xmlns="http://www.opengis.net/kml/2.2">
  <Document id="root_doc">
    <Schema id="Landslide_Oct2021_Dec2023" name="Landslide_Oct2021_Dec2023">
      <SimpleField name="id" type="float"/>
    </Schema>
    <Schema id="landslide_fluvial_erosion_Oct2021_Dec2023.schema">
      <SimpleField name="id" type="float"/>
    </Schema>
    <Folder>
      <name>Landslide_Oct2021_Dec2023</name>
      <Placemark>
        <Style>
          <LineStyle>
            <color>ff0000ff</color>
          </LineStyle>
          <PolyStyle>
            <fill>0</fill>
          </PolyStyle>
        </Style>
        <MultiGeometry>
          <Polygon>
            <outerBoundaryIs>
              <LinearRing>
                <coordinates>
                  85.5598042215231,27.9689474363099,0
                  85.5597943272791,27.9688946670083,0
                  85.5597514522216,27.9688056188119,0
                  85.5596953848386,27.9687330610222,0
                  85.5596624040251,27.9686473109071,0
                  85.5595964423982,27.9685153876532,0
                  85.5595271826899,27.968324098935,0
                  85.559481009551,27.9681855795184,0
                  85.5594315383308,27.9681097236473,0
                  85.55940515368,27.9677931078379,0
                  85.5592864227514,27.9675622421435,0
                  85.5590423647316,27.9673181841237,0
                  85.5588444798507,27.9670444433718,0
                  85.5586696815393,27.9668366642468,0
                  85.5585608448548,27.9667113371556,0
                  85.5584948832278,27.9666717601794,0
                  85.5584948832278,27.9667509141318,0
                  85.5585212678786,27.9668465584909,0
                  85.558610316075,27.9669718855821,0
                  85.5589104414777,27.967311587961,0
                  85.5590423647316,27.9675490498181,0
                  85.5591808841483,27.9677172519669,0
                  85.5592171630431,27.967964608068,0
                  85.5591808841483,27.9681591948676,0
                  85.559263336182,27.968399954806,0
                  85.559622827049,27.968835301544,0
                  85.5597349618148,27.9689705228793,0
                  85.5597778368724,27.9689837152047,0
                  85.5598042215231,27.9689474363099,0
                </coordinates>
              </LinearRing>
            </outerBoundaryIs>
          </Polygon>
        </MultiGeometry>
      </Placemark>
      <Placemark>
        <Style>
          <LineStyle>
            <color>ff0000ff</color>
          </LineStyle>
          <PolyStyle>
            <fill>0</fill>
          </PolyStyle>
        </Style>
        <MultiGeometry>
          <Polygon>
            <outerBoundaryIs>
              <LinearRing>
                <coordinates>
                  85.5559388701827,27.9684840558804,0
                  85.5559619567521,27.9684543731483,0
                  85.5559586586708,27.9684378827415,0
                  85.5559421682641,27.9683867624806,0
                  85.55593227402,27.9683356422197,0
                  85.5559537115488,27.9682713296334,0
                  85.5559636057928,27.96826308443,0
                  85.5559833942809,27.9682465940233,0
                  85.5560345145418,27.9681987718437,0
                  85.556069144396,27.9681575458269,0
                  85.5561004761688,27.9681377573388,0
                  85.5561285098602,27.9681229159727,0
                  85.5561713849178,27.9680833389966,0
                  85.5561796301212,27.9680487091424,0
                  85.5561433512263,27.9680223244916,0
                  85.5561054232908,27.9679662571087,0
                  85.5560707934366,27.9679481176613,0
                  85.5560576011112,27.9679464686206,0
                  85.5560295674198,27.9679514157426,0
                  85.5560097789317,27.9679728532714,0
                  85.5560048318097,27.9679843965561,0
                  85.5559751490775,27.9680388148983,0
                  85.5559586586708,27.9680536562644,0
                  85.5559421682641,27.968101478444,0
                  85.5559025912879,27.9681493006235,0
                  85.555851471027,27.9681361082981,0
                  85.5558118940508,27.968101478444,0
                  85.5557657209119,27.9680717957118,0
                  85.5557376872204,27.9680965313219,0
                  85.5557525285865,27.9681558967862,0
                  85.5558069469288,27.9682004208844,0
                  85.5558234373355,27.9682251564945,0
                  85.5558217882948,27.9682564882674,0
                  85.5558036488474,27.9683142046909,0
                  85.5558036488474,27.9683686230332,0
                  85.5557970526847,27.9683966567247,0
                  85.5557937546034,27.9684510750669,0
                  85.5558201392542,27.9684972482058,0
                  85.5558910480031,27.9685087914905,0
                  85.5559388701827,27.9684840558804,0
                </coordinates>
              </LinearRing>
            </outerBoundaryIs>
          </Polygon>
        </MultiGeometry>
      </Placemark>
      <Placemark>
        <Style>
          <LineStyle>
            <color>ff0000ff</color>
          </LineStyle>
          <PolyStyle>
            <fill>0</fill>
          </PolyStyle>
        </Style>
        <MultiGeometry>
          <Polygon>
            <outerBoundaryIs>
              <LinearRing>
                <coordinates>
                  85.5559464227103,27.9641766907974,0
                  85.5559454663454,27.9641767616393,0
                  85.5560246202978,27.9642823002424,0
                  85.5560543030299,27.9643515599507,0
                  85.556064197274,27.9644966755301,0
                  85.5560905819247,27.9647110508177,0
                  85.5561367550636,27.9649023395359,0
                  85.5561730339585,27.964988089651,0
                  85.5562983610497,27.9651068205795,0
                  85.5564401785477,27.9652123591827,0
                  85.5565819960457,27.9653607728434,0
                  85.5566116787778,27.9654432248771,0
                  85.5566710442421,27.9656246193513,0
                  85.5567007269742,27.9658323984762,0
                  85.5567436020317,27.965924744754,0
                  85.5567897751706,27.966010494869,0
                  85.5568194579028,27.9661259277162,0
                  85.5567941534723,27.966217943827,0
                  85.5567699866825,27.966228168238,0
                  85.5567238135436,27.9662529038481,0
                  85.5566463086319,27.9662809375396,0
                  85.5566100297371,27.9663106202717,0
                  85.5565984864524,27.9663980194275,0
                  85.5566166258998,27.9664656300951,0
                  85.5566281691845,27.9665332407628,0
                  85.5566100297371,27.966663514976,0
                  85.556580347005,27.9667327746843,0
                  85.5565721018016,27.9667822459046,0
                  85.5565391209881,27.9668679960196,0
                  85.5565077892153,27.9669405538093,0
                  85.5564302843036,27.9670510395345,0
                  85.5564104958155,27.9670873184293,0
                  85.5563808130834,27.9671450348529,0
                  85.5563890582868,27.9672258378459,0
                  85.5563824621241,27.9672983956356,0
                  85.5563791640427,27.9674253717675,0
                  85.5563461832293,27.967605117201,0
                  85.5562901158463,27.9677123048448,0
                  85.5562439427074,27.9678063001633,0
                  85.5561944714872,27.9679332762952,0
                  85.5561845772432,27.9680388148983,0
                  85.5561895243652,27.968101478444,0
                  85.5562060147719,27.9681394063795,0
                  85.5562241542194,27.9682020699251,0
                  85.5562340484634,27.9682993633249,0
                  85.5562274523007,27.9683702720739,0
                  85.5562142599753,27.9684197432941,0
                  85.5562142599753,27.9684543731483,0
                  85.5562340484634,27.9685071424498,0
                  85.5562736254396,27.9685912435242,0
                  85.5563115533751,27.968612681053,0
                  85.5563280437818,27.9685599117514,0
                  85.5563379380259,27.9684675654737,0
                  85.5563445341886,27.9684016038467,0
                  85.5563115533751,27.9682861709995,0
                  85.5563016591311,27.9681806323963,0
                  85.5562851687243,27.9679959398408,0
                  85.5562983610497,27.9679233820512,0
                  85.5563379380259,27.9678640165869,0
                  85.5563940054088,27.967732093333,0
                  85.556443476629,27.9676166604858,0
                  85.5564797555239,27.9673956890354,0
                  85.5564929478493,27.9672736600255,0
                  85.5565391209881,27.9670922655513,0
                  85.5566149768591,27.9669504480534,0
                  85.5567122702589,27.9666882505861,0
                  85.5567666886012,27.9666503226506,0
                  85.5568293521468,27.9665959043084,0
                  85.5568771743263,27.9665151013154,0
                  85.5569052080178,27.9663980194275,0
                  85.5568986118551,27.9663106202717,0
                  85.5568932524729,27.9662932022796,0
                  85.5569085060991,27.9662512548075,0
                  85.5569151022619,27.9661457162043,0
                  85.5568920156924,27.9660137929504,0
                  85.5568062655774,27.9657994176627,0
                  85.5567172173809,27.9653640709247,0
                  85.5565457171508,27.9651562917998,0
                  85.5563247457005,27.9649748973256,0
                  85.5562521879108,27.964846272153,0
                  85.5562093128533,27.9646351949467,0
                  85.5561862262838,27.9644538004725,0
                  85.5561620285329,27.964408561199,0
                  85.5561581925924,27.9643548580321,0
                  85.5560427597452,27.9641371846631,0
                  85.5557393362611,27.9638370592604,0
                  85.5553567588247,27.9633621355462,0
                  85.5551654701065,27.9629399811336,0
                  85.5550764219101,27.9625145286396,0
                  85.5551654701065,27.9622572782944,0
                  85.555208345164,27.9621253550405,0
                  85.5551786624319,27.9620033260306,0
                  85.5551390854557,27.9621847205048,0
                  85.5550533353406,27.9623562207349,0
                  85.5549873737137,27.9625969806733,0
                  85.5550368449339,27.9628608271812,0
                  85.5551258931303,27.963104885201,0
                  85.5553171818485,27.9634841645561,0
                  85.5555315571362,27.9637381168199,0
                  85.5557624228306,27.9640118575719,0
                  85.5559464227103,27.9641766907974,0
                </coordinates>
              </LinearRing>
            </outerBoundaryIs>
          </Polygon>
        </MultiGeometry>
      </Placemark>
      <Placemark>
        <Style>
          <LineStyle>
            <color>ff0000ff</color>
          </LineStyle>
          <PolyStyle>
            <fill>0</fill>
          </PolyStyle>
        </Style>
        <MultiGeometry>
          <Polygon>
            <outerBoundaryIs>
              <LinearRing>
                <coordinates>
                  85.5462166412262,27.8935182191257,0
                  85.5462309677334,27.8935516476425,0
                  85.5464816219159,27.8935648399679,0
                  85.5466861029595,27.8935648399679,0
                  85.5469037763285,27.8934658975274,0
                  85.5469697379555,27.8933405704362,0
                  85.5470488919078,27.8929777814879,0
                  85.5470159110943,27.8927864927696,0
                  85.5470818727213,27.8925754155633,0
                  85.5471016612094,27.8923379537062,0
                  85.5471676228364,27.8922060304523,0
                  85.5473127384157,27.8920477225476,0
                  85.5474182770189,27.8918498376667,0
                  85.5474116808562,27.8915002410437,0
                  85.5472137959753,27.8914012986033,0
                  85.5468905840031,27.8913815101152,0
                  85.546719083773,27.8914540679048,0
                  85.5466597183087,27.891559606508,0
                  85.5466135451698,27.8916717412738,0
                  85.5465871605191,27.8917706837143,0
                  85.5465871605191,27.8920345302222,0
                  85.5465146027294,27.8923577421943,0
                  85.5464486411024,27.8925160500991,0
                  85.546435448777,27.8927667042816,0
                  85.5464816219159,27.8930239546267,0
                  85.5464618334278,27.8930965124164,0
                  85.5463892756381,27.8931822625315,0
                  85.5462829923069,27.8932413088266,0
                  85.5462111792453,27.8932614164838,0
                  85.5459605250628,27.8933999359005,0
                  85.5455581591383,27.8935450514798,0
                  85.5452547356543,27.8937033593845,0
                  85.5448127927536,27.8938220903131,0
                  85.54419275346,27.8938484749639,0
                  85.5439552916029,27.8938814557774,0
                  85.5439816762537,27.8939144365908,0
                  85.5441993496227,27.8939144365908,0
                  85.5444829846187,27.89388805194,0
                  85.5447534272893,27.8939408212416,0
                  85.5452151586781,27.8939144365908,0
                  85.5455317744875,27.8938352826385,0
                  85.5457692363446,27.8937429363607,0
                  85.5459011595986,27.8936373977576,0
                  85.5460066982017,27.8935714361306,0
                  85.5461188329676,27.8935384553171,0
                  85.5462166412262,27.8935182191257,0
                </coordinates>
              </LinearRing>
            </outerBoundaryIs>
          </Polygon>
        </MultiGeometry>
      </Placemark>
      <Placemark>
        <Style>
          <LineStyle>
            <color>ff0000ff</color>
          </LineStyle>
          <PolyStyle>
            <fill>0</fill>
          </PolyStyle>
        </Style>
        <MultiGeometry>
          <Polygon>
            <outerBoundaryIs>
              <LinearRing>
                <coordinates>
                  85.5068848572458,27.862562875292,0
                  85.5067595301546,27.8628267217999,0
                  85.5064824913213,27.8629784335419,0
                  85.5061328946983,27.863149933772,0
                  85.5058954328413,27.8633214340021,0
                  85.5058162788889,27.8634599534188,0
                  85.5057898942381,27.863717203764,0
                  85.5056843556349,27.8638887039941,0
                  85.5057305287738,27.8640997812004,0
                  85.5060009714444,27.8641855313155,0
                  85.5061460870237,27.8643372430575,0
                  85.5062648179523,27.8645087432876,0
                  85.5063439719046,27.8646010895654,0
                  85.5066605877141,27.8646538588669,0
                  85.5070035881743,27.8646538588669,0
                  85.5072146653807,27.8647066281685,0
                  85.5074059540989,27.8647198204939,0
                  85.5075642620036,27.8646340703788,0
                  85.5077093775829,27.8644493778233,0
                  85.5078544931623,27.8643174545694,0
                  85.5079864164162,27.8640931850377,0
                  85.5080457818805,27.863868915506,0
                  85.5081315319955,27.8634599534188,0
                  85.5081843012971,27.8632488762125,0
                  85.508382186178,27.86299822203,0
                  85.5086328403605,27.8629520488911,0
                  85.5089758408207,27.8629718373792,0
                  85.5094243798841,27.8629586450538,0
                  85.5097805726698,27.8628992795895,0
                  85.5102027270824,27.8627739524983,0
                  85.5106842469593,27.8628069333118,0
                  85.510842554864,27.8627343755221,0
                  85.5108359587013,27.8626684138952,0
                  85.510492958241,27.8626354330817,0
                  85.5102686887093,27.8625958561055,0
                  85.5100444191776,27.8625892599428,0
                  85.5096156686023,27.8626024522682,0
                  85.5092594758167,27.862562875292,0
                  85.5088373214041,27.8625430868039,0
                  85.5085075132693,27.8623979712246,0
                  85.5083492053645,27.8622990287841,0
                  85.5081183396701,27.8622066825064,0
                  85.5078017238607,27.8620945477405,0
                  85.5075180888647,27.861975816812,0
                  85.5073927617734,27.861909855185,0
                  85.5072542423568,27.8618768743715,0
                  85.5072080692179,27.8620022014628,0
                  85.5072608385195,27.8622066825064,0
                  85.5072146653806,27.8623254134349,0
                  85.5071289152656,27.8623649904111,0
                  85.507010184337,27.8623979712246,0
                  85.5069640111981,27.86241116355,0
                  85.5068848572458,27.862562875292,0
                </coordinates>
              </LinearRing>
            </outerBoundaryIs>
          </Polygon>
        </MultiGeometry>
      </Placemark>
      <Placemark>
        <Style>
          <LineStyle>
            <color>ff0000ff</color>
          </LineStyle>
          <PolyStyle>
            <fill>0</fill>
          </PolyStyle>
        </Style>
        <MultiGeometry>
          <Polygon>
            <outerBoundaryIs>
              <LinearRing>
                <coordinates>
                  85.5039825456591,27.8638920020754,0
                  85.5040353149607,27.8637040114386,0
                  85.5040814880996,27.8635621939406,0
                  85.5041177669944,27.8634698476628,0
                  85.5042266036789,27.8632620685379,0
                  85.5043255461194,27.8631631260974,0
                  85.5044970463495,27.8630345009248,0
                  85.5045564118138,27.8629454527284,0
                  85.5045696041392,27.8628728949388,0
                  85.504398103909,27.8630377990062,0
                  85.5042002190281,27.8631664241788,0
                  85.5041276612385,27.8632554723752,0
                  85.5040616996115,27.8634269726053,0
                  85.5039759494964,27.8636314536489,0
                  85.5038869013,27.8637040114386,0
                  85.503801151185,27.8637996557977,0
                  85.5037978531036,27.8639084924822,0
                  85.503877007056,27.8639117905635,0
                  85.5039297763576,27.8639183867262,0
                  85.5039825456591,27.8638920020754,0
                </coordinates>
              </LinearRing>
            </outerBoundaryIs>
          </Polygon>
        </MultiGeometry>
      </Placemark>
      <Placemark>
        <Style>
          <LineStyle>
            <color>ff0000ff</color>
          </LineStyle>
          <PolyStyle>
            <fill>0</fill>
          </PolyStyle>
        </Style>
        <MultiGeometry>
          <Polygon>
            <outerBoundaryIs>
              <LinearRing>
                <coordinates>
                  85.5531965155414,27.9909538841078,0
                  85.5532196021108,27.990927499457,0
                  85.5532163040295,27.9909176052129,0
                  85.5532031117041,27.9908912205621,0
                  85.5531899193787,27.99086153783,0
                  85.5531800251347,27.9908450474233,0
                  85.5531536404839,27.9908021723657,0
                  85.5531107654263,27.9907527011455,0
                  85.5530579961248,27.9906735471931,0
                  85.5529788421724,27.9905647105086,0
                  85.552889793976,27.9905053450444,0
                  85.5528106400236,27.9904789603936,0
                  85.5527545726407,27.990492152719,0
                  85.5527446783966,27.9905218354511,0
                  85.5527413803153,27.9905581143459,0
                  85.5527512745594,27.9906141817289,0
                  85.5527710630474,27.9906405663797,0
                  85.5528106400236,27.9906735471931,0
                  85.5528667074066,27.9907164222507,0
                  85.5530019287418,27.9908153646911,0
                  85.5530876788569,27.9908978167248,0
                  85.5531965155414,27.9909538841078,0
                </coordinates>
              </LinearRing>
            </outerBoundaryIs>
          </Polygon>
        </MultiGeometry>
      </Placemark>
      <Placemark>
        <Style>
          <LineStyle>
            <color>ff0000ff</color>
          </LineStyle>
          <PolyStyle>
            <fill>0</fill>
          </PolyStyle>
        </Style>
        <MultiGeometry>
          <Polygon>
            <outerBoundaryIs>
              <LinearRing>
                <coordinates>
                  85.5433991897667,27.8829855366834,0
                  85.5433937979648,27.882993085206,0
                  85.543399459357,27.8830440377359,0
                  85.5441184561679,27.8830666833047,0
                  85.544469462485,27.8831176358346,0
                  85.5449053896854,27.8831742497568,0
                  85.5453356554935,27.8832704934244,0
                  85.5455564497897,27.8833440915231,0
                  85.5458678263614,27.883366737092,0
                  85.5461678801486,27.8833554143075,0
                  85.5462471396396,27.8833384301309,0
                  85.5463886744449,27.8832308636789,0
                  85.5464735953281,27.8831232972269,0
                  85.546524547858,27.8830666833047,0
                  85.5466377757022,27.8829817624216,0
                  85.5467057124087,27.8828572117929,0
                  85.5467000510165,27.8827100155954,0
                  85.5465981459567,27.8825514966135,0
                  85.5464283041904,27.8823986390237,0
                  85.5463037535617,27.8822740883951,0
                  85.5460999434421,27.8821099080209,0
                  85.5459244402835,27.8819966801767,0
                  85.5457659213016,27.8818834523324,0
                  85.5457149687717,27.8818381611948,0
                  85.5456886140149,27.8818176630506,0
                  85.5456923232029,27.8818324998026,0
                  85.5456640162418,27.8818551453714,0
                  85.5455677725742,27.8818664681559,0
                  85.5455281428287,27.8819174206858,0
                  85.5454602061222,27.8819683732157,0
                  85.5453866080234,27.8820249871378,0
                  85.5453130099247,27.882109908021,0
                  85.5452394118259,27.882189167512,0
                  85.5452394118259,27.8823137181406,0
                  85.5452167662571,27.8823873162394,0
                  85.545165813727,27.8824127925044,0
                  85.545123722507,27.8824338381144,0
                  85.5450582472752,27.8824665757303,0
                  85.5448317915867,27.8824722371225,0
                  85.5447525320957,27.8824892212992,0
                  85.5446845953892,27.8825175282602,0
                  85.5446336428593,27.8825684807902,0
                  85.544627981467,27.8826137719278,0
                  85.5446053358982,27.8827269997721,0
                  85.5445034308384,27.8827722909098,0
                  85.5444957250534,27.8827724481707,0
                  85.54422602262,27.882777952302,0
                  85.5441071333835,27.8827383225565,0
                  85.543931630225,27.8827326611643,0
                  85.5438410479496,27.8827553067331,0
                  85.5437391428898,27.8827892750864,0
                  85.5436202536533,27.8828402276163,0
                  85.5435987999568,27.8828536361767,0
                  85.5435296713779,27.8828968415384,0
                  85.5434617346714,27.8829308098917,0
                  85.5433991897667,27.8829855366834,0
                </coordinates>
              </LinearRing>
            </outerBoundaryIs>
          </Polygon>
        </MultiGeometry>
      </Placemark>
      <Placemark>
        <Style>
          <LineStyle>
            <color>ff0000ff</color>
          </LineStyle>
          <PolyStyle>
            <fill>0</fill>
          </PolyStyle>
        </Style>
        <MultiGeometry>
          <Polygon>
            <outerBoundaryIs>
              <LinearRing>
                <coordinates>
                  85.539587207632,28.0820868332652,0
                  85.5397225787216,28.0817601769405,0
                  85.5397461215198,28.0816983770953,0
                  85.5397932071161,28.0815953773532,0
                  85.539846178412,28.0815041490103,0
                  85.5399138639568,28.0813717207705,0
                  85.5399668352527,28.0812981495262,0
                  85.540013920849,28.0812451782303,0
                  85.5401139777413,28.081171606986,0
                  85.5402228631829,28.0811245213897,0
                  85.5403170343756,28.0810568358449,0
                  85.5404259198171,28.0809685503517,0
                  85.5405112624605,28.080939121854,0
                  85.5405877765546,28.0808832077083,0
                  85.5406554620994,28.0808066936143,0
                  85.5407084333953,28.0807919793654,0
                  85.5407878903391,28.0807537223184,0
                  85.5408761758323,28.0806772082243,0
                  85.5409585756259,28.0806242369284,0
                  85.5410321468702,28.08060363698,0
                  85.5411704608095,28.0805889227311,0
                  85.5411998893072,28.0805506656841,0
                  85.5412616891524,28.0804829801393,0
                  85.5413676317443,28.0804005803457,0
                  85.5414029459415,28.0803917517964,0
                  85.5414676886365,28.0804064660452,0
                  85.5415442027306,28.0803770375475,0
                  85.5415971740265,28.0803387805005,0
                  85.5416795738201,28.0803034663032,0
                  85.5417413736653,28.0803005234534,0
                  85.5417855164119,28.080279923505,0
                  85.541797287811,28.0802504950073,0
                  85.5417678593133,28.0802298950589,0
                  85.5417090023178,28.0802063522607,0
                  85.5417031166183,28.0801798666128,0
                  85.5417560879142,28.0801210096173,0
                  85.541823773459,28.0800680383214,0
                  85.5418502591069,28.0800386098237,0
                  85.5418679162055,28.0800032956264,0
                  85.5418002306608,28.0800209527251,0
                  85.5417708021631,28.0800327241242,0
                  85.5417031166183,28.0800444955232,0
                  85.5416619167215,28.0800709811712,0
                  85.5416001168763,28.0801062953685,0
                  85.541538317031,28.080138666716,0
                  85.541461802937,28.0802181236598,0
                  85.5414235458899,28.0802563807068,0
                  85.5413382032465,28.0803211234018,0
                  85.5412616891524,28.0803917517964,0
                  85.5412146035561,28.080435894543,0
                  85.5411292609127,28.0804653230407,0
                  85.5410586325182,28.0804947515384,0
                  85.5409732898748,28.0805330085854,0
                  85.540867347283,28.0806006941302,0
                  85.5407849474893,28.0806448368768,0
                  85.5406584049491,28.0807272366704,0
                  85.5405936622542,28.0808037507645,0
                  85.5405406909583,28.0808567220604,0
                  85.5404259198171,28.080900864807,0
                  85.5403611771221,28.0809273504549,0
                  85.5403140915258,28.0809597218024,0
                  85.540208148934,28.0810568358449,0
                  85.540181663286,28.0810774357933,0
                  85.5401228062906,28.0810950928919,0
                  85.5400286350979,28.0811598355869,0
                  85.5399844923513,28.0812039783335,0
                  85.5399079782572,28.0812275211317,0
                  85.5398402927125,28.0812657781787,0
                  85.5397843785668,28.0813334637235,0
                  85.5397696643179,28.0813834921696,0
                  85.5397049216229,28.0814246920664,0
                  85.539678435975,28.0814541205642,0
                  85.5396195789795,28.0815070918601,0
                  85.5395607219841,28.0815424060573,0
                  85.5395254077868,28.0815777202546,0
                  85.5395077506882,28.0816012630528,0
                  85.5394636079416,28.0816189201514,0
                  85.5394018080964,28.0816395200998,0
                  85.539381208148,28.0816836628464,0
                  85.5393311797018,28.0817336912925,0
                  85.5393076369037,28.0817778340391,0
                  85.5393105797534,28.0818396338843,0
                  85.5393194083028,28.081857290983,0
                  85.5393282368521,28.0819043765793,0
                  85.5393252940023,28.0819308622273,0
                  85.5392958655046,28.0819632335748,0
                  85.5392193514105,28.0820073763213,0
                  85.5391958086123,28.0820426905186,0
                  85.5391840372132,28.0820780047159,0
                  85.5391693229644,28.0821074332136,0
                  85.5391575515653,28.0821309760118,0
                  85.5391251802178,28.0822016044063,0
                  85.539122237368,28.0822398614533,0
                  85.5391369516169,28.0823075469981,0
                  85.5391604944151,28.0823310897963,0
                  85.5391781515137,28.0823516897447,0
                  85.53922523711,28.0823664039936,0
                  85.5392458370585,28.0823487468949,0
                  85.5392840941055,28.0823458040451,0
                  85.5393341225516,28.0823193183972,0
                  85.5393635510493,28.0822928327492,0
                  85.5393929795471,28.0822545757022,0
                  85.5394224080448,28.0822457471529,0
                  85.5394518365425,28.0822428043031,0
                  85.5394900935895,28.0821986615565,0
                  85.5395018649886,28.0821810044579,0
                  85.5395224649371,28.08215451881,0
                  85.5395430648855,28.0821368617113,0
                  85.539587207632,28.0820868332652,0
                </coordinates>
              </LinearRing>
            </outerBoundaryIs>
          </Polygon>
        </MultiGeometry>
      </Placemark>
      <Placemark>
        <Style>
          <LineStyle>
            <color>ff0000ff</color>
          </LineStyle>
          <PolyStyle>
            <fill>0</fill>
          </PolyStyle>
        </Style>
        <MultiGeometry>
          <Polygon>
            <outerBoundaryIs>
              <LinearRing>
                <coordinates>
                  85.5432863697958,28.082387003942,0
                  85.5433187411433,28.0823487468949,0
                  85.5433128554437,28.0823399183456,0
                  85.5432863697958,28.0823281469465,0
                  85.5432422270492,28.0823252040967,0
                  85.5432157414012,28.0823369754958,0
                  85.5431686558049,28.0823664039936,0
                  85.5431451130067,28.082398775341,0
                  85.5431097988094,28.0824429180876,0
                  85.543050941814,28.0825017750831,0
                  85.5430215133163,28.0825312035808,0
                  85.5429979705181,28.0825518035292,0
                  85.5429920848186,28.0825841748767,0
                  85.5429979705181,28.0826077176749,0
                  85.5430067990674,28.0826253747735,0
                  85.543050941814,28.0826165462242,0
                  85.5430980274104,28.0825812320269,0
                  85.5431274559081,28.0825459178297,0
                  85.5431598272556,28.0824958893835,0
                  85.5431951414528,28.0824517466369,0
                  85.543218684251,28.0824340895383,0
                  85.5432863697958,28.082387003942,0
                </coordinates>
              </LinearRing>
            </outerBoundaryIs>
          </Polygon>
        </MultiGeometry>
      </Placemark>
      <Placemark>
        <Style>
          <LineStyle>
            <color>ff0000ff</color>
          </LineStyle>
          <PolyStyle>
            <fill>0</fill>
          </PolyStyle>
        </Style>
        <MultiGeometry>
          <Polygon>
            <outerBoundaryIs>
              <LinearRing>
                <coordinates>
                  85.5377302694257,28.0937081470158,0
                  85.5376566981814,28.0937640611614,0
                  85.537636098233,28.0937787754103,0
                  85.5375448698901,28.0938258610067,0
                  85.5375124985426,28.0938435181053,0
                  85.537300613359,28.0939229750491,0
                  85.537209385016,28.0939435749976,0
                  85.5371770136685,28.0939700606455,0
                  85.5371446423211,28.0939936034437,0
                  85.5370475282786,28.0940318604907,0
                  85.5369974998324,28.0940730603875,0
                  85.5369356999872,28.0941113174346,0
                  85.5368533001936,28.0941613458807,0
                  85.5368327002452,28.0941819458291,0
                  85.5368238716959,28.0942025457775,0
                  85.5368709572922,28.094196660078,0
                  85.5369415856868,28.0941613458807,0
                  85.5370298711799,28.0941024888853,0
                  85.5370534139781,28.0940789460871,0
                  85.5372152707156,28.0939818320446,0
                  85.5372682420115,28.0939759463451,0
                  85.5373329847065,28.0939759463451,0
                  85.5374183273499,28.0939406321478,0
                  85.5374624700964,28.0939112036501,0
                  85.537506612843,28.0938906037017,0
                  85.5375478127398,28.0938582323542,0
                  85.5376213839841,28.0938199753071,0
                  85.5376802409796,28.0938023182085,0
                  85.537739097975,28.0937964325089,0
                  85.5377773550221,28.0937758325605,0
                  85.5378156120691,28.0937405183633,0
                  85.5378832976139,28.0936816613678,0
                  85.5379362689098,28.093640461471,0
                  85.5379921830555,28.0936139758231,0
                  85.5381098970463,28.0935698330765,0
                  85.5382423252861,28.0935404045788,0
                  85.5383541535774,28.0934786047335,0
                  85.5384012391738,28.0934374048367,0
                  85.5384954103665,28.093407976339,0
                  85.5385483816624,28.0933491193436,0
                  85.5385336674135,28.0933461764938,0
                  85.5384571533195,28.0933638335924,0
                  85.5383865249249,28.0933991477897,0
                  85.5383276679295,28.0934197477381,0
                  85.5382982394318,28.0934374048367,0
                  85.5382070110888,28.0934521190856,0
                  85.5381481540934,28.0934609476349,0
                  85.5380657542998,28.0934844904331,0
                  85.5380451543514,28.0935050903815,0
                  85.5379244975107,28.0935639473769,0
                  85.5378214977687,28.0936551757199,0
                  85.5377302694257,28.0937081470158,0
                </coordinates>
              </LinearRing>
            </outerBoundaryIs>
          </Polygon>
        </MultiGeometry>
      </Placemark>
      <Placemark>
        <Style>
          <LineStyle>
            <color>ff0000ff</color>
          </LineStyle>
          <PolyStyle>
            <fill>0</fill>
          </PolyStyle>
        </Style>
        <MultiGeometry>
          <Polygon>
            <outerBoundaryIs>
              <LinearRing>
                <coordinates>
                  85.5403092548051,28.1137909426164,0
                  85.5403131537019,28.1138260326877,0
                  85.540289760321,28.1138728194493,0
                  85.5402663669402,28.113919606211,0
                  85.5402741647338,28.113978089663,0
                  85.5402663669402,28.1140248764247,0
                  85.5402624680434,28.1140638653927,0
                  85.5402819625274,28.1141145510512,0
                  85.5402975581146,28.1141340455352,0
                  85.5403521426699,28.1141145510512,0
                  85.5403638393603,28.1140833598768,0
                  85.5403833338443,28.1140443709087,0
                  85.5404223228124,28.1140443709087,0
                  85.5404340195028,28.1140911576704,0
                  85.5404964018517,28.1140833598768,0
                  85.5405353908197,28.1140521687023,0
                  85.5405548853038,28.1140209775279,0
                  85.5405665819942,28.113978089663,0
                  85.540550986407,28.1139468984886,0
                  85.5404730084709,28.1139001117269,0
                  85.5404028283284,28.1138455271717,0
                  85.5403599404635,28.1137870437196,0
                  85.5403365470827,28.1137558525452,0
                  85.5403092548051,28.1137909426164,0
                </coordinates>
              </LinearRing>
            </outerBoundaryIs>
          </Polygon>
        </MultiGeometry>
      </Placemark>
      <Placemark>
        <Style>
          <LineStyle>
            <color>ff0000ff</color>
          </LineStyle>
          <PolyStyle>
            <fill>0</fill>
          </PolyStyle>
        </Style>
        <MultiGeometry>
          <Polygon>
            <outerBoundaryIs>
              <LinearRing>
                <coordinates>
                  85.5139331094517,28.0943102538178,0
                  85.5138762648845,28.0943651382275,0
                  85.51380563649,28.0944504808709,0
                  85.5136996938982,28.0945358235143,0
                  85.5136172941046,28.0946211661576,0
                  85.5135407800105,28.0946976802517,0
                  85.5134495516675,28.0948183370924,0
                  85.5133288948269,28.094900736886,0
                  85.5133024091789,28.0949890223792,0
                  85.5133730375735,28.0949801938299,0
                  85.513443665968,28.094965479581,0
                  85.51354666571,28.0949478224824,0
                  85.513611408405,28.0949213368344,0
                  85.5137144081471,28.0948536512897,0
                  85.5137879793914,28.0947830228951,0
                  85.5138998076827,28.094732994449,0
                  85.5140028074247,28.0946564803549,0
                  85.5141146357161,28.0945711377115,0
                  85.5141649685949,28.0945224284739,0
                  85.5142028729661,28.0944857468244,0
                  85.514258835355,28.0944239952229,0
                  85.5143059209513,28.094306281232,0
                  85.5143794921956,28.0941915100909,0
                  85.5144412920408,28.0940178819543,0
                  85.5144707205385,28.093879568015,0
                  85.5144883776372,28.093608825836,0
                  85.514503091886,28.0935028832442,0
                  85.5145119204354,28.0934322548497,0
                  85.5145590060317,28.093311598009,0
                  85.5146002059285,28.0932262553656,0
                  85.5146502343747,28.0931144270743,0
                  85.514788548314,28.0928672276934,0
                  85.5148091482624,28.0927583422518,0
                  85.5148326910605,28.0926935995568,0
                  85.5148709481076,28.0926111997632,0
                  85.5149092051546,28.0924758286737,0
                  85.5149092051546,28.0924110859787,0
                  85.5149327479528,28.0922845434385,0
                  85.5149415765021,28.092225686443,0
                  85.5150004334976,28.092149172349,0
                  85.5150504619437,28.0920167441092,0
                  85.5150887189907,28.0919402300151,0
                  85.5150955274483,28.0918993792698,0
                  85.5151269760377,28.0918534159469,0
                  85.5152623471272,28.0916474164628,0
                  85.5152858899254,28.0916003308665,0
                  85.5153859468176,28.091411988481,0
                  85.5153800611181,28.0914531883778,0
                  85.515368289719,28.0915179310728,0
                  85.5153153184231,28.091606216566,0
                  85.5152858899254,28.0917239305569,0
                  85.5152858899254,28.0918298731487,0
                  85.5152800042258,28.0919122729423,0
                  85.5152741185263,28.0920476440318,0
                  85.5152976613245,28.0921594723232,0
                  85.5153565183199,28.0922359864173,0
                  85.5153859468176,28.0923242719104,0
                  85.5154801180104,28.0924419859013,0
                  85.515562517804,28.0924243288027,0
                  85.5156390318981,28.0923125005113,0
                  85.5156331461985,28.0922065579195,0
                  85.5155978320012,28.09207118683,0
                  85.5155978320012,28.091929930041,0
                  85.5156037177008,28.0918122160501,0
                  85.5156213747994,28.0917298162564,0
                  85.5156743460953,28.0916238736646,0
                  85.5157096602926,28.0916591878619,0
                  85.5157332030908,28.0917239305569,0
                  85.5157332030908,28.091800444651,0
                  85.5157273173912,28.0919063872428,0
                  85.515756745889,28.09194170144,0
                  85.5157861743867,28.0919240443414,0
                  85.5158156028844,28.091865187346,0
                  85.5158626884808,28.0917710161533,0
                  85.5158685741803,28.0916621307117,0
                  85.5158303171333,28.0915973880167,0
                  85.5158038314853,28.0915208739226,0
                  85.5158391456826,28.0915091025235,0
                  85.5159215454762,28.0914855597253,0
                  85.5159833453214,28.0914149313308,0
                  85.5160539737159,28.0913796171335,0
                  85.5161010593123,28.0914355312792,0
                  85.516092230763,28.0914973311244,0
                  85.5161216592607,28.0915561881199,0
                  85.5161540306082,28.0915591309697,0
                  85.5161922876552,28.0915944451669,0
                  85.5162629160498,28.0915856166176,0
                  85.516324715895,28.0915532452701,0
                  85.5163659157918,28.0915002739742,0
                  85.5164041728388,28.0914090456313,0
                  85.5163835728904,28.0913413600865,0
                  85.5163364872941,28.0912295317952,0
                  85.5163306015945,28.0911589034006,0
                  85.5163541443927,28.0911294749029,0
                  85.5163924014397,28.0911265320531,0
                  85.5164100585384,28.0911383034522,0
                  85.5164806869329,28.0911471320015,0
                  85.5165277725293,28.0911383034522,0
                  85.5165513153274,28.0911471320015,0
                  85.5166749150179,28.0911589034006,0
                  85.5167779147599,28.0910735607572,0
                  85.5168132289572,28.0909617324659,0
                  85.5168632574033,28.0908410756252,0
                  85.5168632574033,28.0907939900289,0
                  85.5168514860042,28.0907616186814,0
                  85.5168014575581,28.0906909902868,0
                  85.5167926290088,28.0906203618923,0
                  85.5167838004595,28.0905232478498,0
                  85.5167985147083,28.0904202481078,0
                  85.5168250003563,28.0903584482626,0
                  85.5168750288024,28.0902907627178,0
                  85.5169162286992,28.0902672199196,0
                  85.5170045141924,28.090211305774,0
                  85.5170633711878,28.0901171345812,0
                  85.5170574854883,28.090081820384,0
                  85.5170368855399,28.0900229633885,0
                  85.5170280569905,28.0899641063931,0
                  85.5170368855399,28.0899317350456,0
                  85.5170721997371,28.0898787637497,0
                  85.5171016282349,28.0898287353036,0
                  85.5171457709814,28.0897816497072,0
                  85.5171575423805,28.0897492783597,0
                  85.5171575423805,28.0896845356647,0
                  85.5171487138312,28.0896433357679,0
                  85.5171369424321,28.0896315643688,0
                  85.5170721997371,28.0895638788241,0
                  85.517048656939,28.0895197360775,0
                  85.516983914244,28.0894667647816,0
                  85.5169309429481,28.0894255648848,0
                  85.516919171549,28.0893696507391,0
                  85.5169691999951,28.0892489938984,0
                  85.5170574854883,28.0891489370062,0
                  85.5171575423805,28.0890959657103,0
                  85.5173135134185,28.0890312230153,0
                  85.5174753701559,28.0889458803719,0
                  85.5176019126961,28.0888605377285,0
                  85.5177049124382,28.0887575379865,0
                  85.5177402266354,28.088569195601,0
                  85.5175607127993,28.0885103386056,0
                  85.5174900844048,28.088492681507,0
                  85.5174017989116,28.0885221100047,0
                  85.5173135134185,28.0885485956526,0
                  85.517189913728,28.0885839098499,0
                  85.517086913986,28.0886280525965,0
                  85.5169868570937,28.0886251097467,0
                  85.5168809145019,28.0886398239956,0
                  85.5167985147083,28.0886927952915,0
                  85.5167396577129,28.0887310523385,0
                  85.5166454865202,28.0887781379349,0
                  85.5165071725809,28.0888075664326,0
                  85.5164012299891,28.0888693662778,0
                  85.5163570872425,28.0890106230669,0
                  85.5163070587963,28.089151879856,0
                  85.5162658588995,28.0892607652975,0
                  85.5161805162562,28.0893166794432,0
                  85.5161864019557,28.0893990792368,0
                  85.5161981733548,28.0894991361291,0
                  85.5161981733548,28.0895991930213,0
                  85.5161510877584,28.0897110213127,0
                  85.516092230763,28.089822849604,0
                  85.5160981164625,28.0899170207967,0
                  85.5160569165657,28.0899699920926,0
                  85.5159215454762,28.0900347347876,0
                  85.5159392025748,28.0901524487785,0
                  85.515898002678,28.0902995912671,0
                  85.5157037745931,28.0904526194553,0
                  85.5156037177008,28.0905762191457,0
                  85.5156331461985,28.0906586189393,0
                  85.5156213747994,28.0907586758316,0
                  85.5155448607053,28.0908410756252,0
                  85.5154448038131,28.0909646753157,0
                  85.5152917756249,28.0911118178043,0
                  85.5151328617372,28.0912825030911,0
                  85.5149301095356,28.0914633361357,0
                  85.5149003766053,28.0914782026009,0
                  85.5148385767601,28.0915870880425,0
                  85.514788548314,28.0916783163854,0
                  85.5147708912153,28.0918078017754,0
                  85.5147797197646,28.0919902584613,0
                  85.5147856054642,28.092084429654,0
                  85.5147826626144,28.0921668294476,0
                  85.5146767200226,28.0922757148892,0
                  85.5145884345294,28.0923698860819,0
                  85.5145178061349,28.092446400176,0
                  85.5145178061349,28.0925847141153,0
                  85.5144883776372,28.0926847710075,0
                  85.5144530634399,28.092743628003,0
                  85.5143736064961,28.092884884792,0
                  85.5143088638011,28.0930290844309,0
                  85.5142558925052,28.0930997128254,0
                  85.5141764355613,28.0932703981122,0
                  85.5141146357161,28.0935146546433,0
                  85.5141146357161,28.0936294257844,0
                  85.5141146357161,28.0937324255264,0
                  85.5140940357677,28.0938471966676,0
                  85.5140587215704,28.0939590249589,0
                  85.5140028074248,28.0940973388982,0
                  85.5139704360773,28.0942297671379,0
                  85.5139380647298,28.0942974526827,0
                  85.5139331094517,28.0943102538178,0
                </coordinates>
              </LinearRing>
            </outerBoundaryIs>
          </Polygon>
        </MultiGeometry>
      </Placemark>
      <Placemark>
        <Style>
          <LineStyle>
            <color>ff0000ff</color>
          </LineStyle>
          <PolyStyle>
            <fill>0</fill>
          </PolyStyle>
        </Style>
        <MultiGeometry>
          <Polygon>
            <outerBoundaryIs>
              <LinearRing>
                <coordinates>
                  85.5099829916407,28.0981293834641,0
                  85.5100005317345,28.0981025574382,0
                  85.5100226031078,28.0980495861423,0
                  85.5100240745327,28.0979804291727,0
                  85.5100255459575,28.0979436435505,0
                  85.5100505601806,28.097898029379,0
                  85.5100917600774,28.0978627151818,0
                  85.510149145648,28.0978126867357,0
                  85.5101903455448,28.0977479440407,0
                  85.510213888343,28.0977008584443,0
                  85.5102756881882,28.0976596585475,0
                  85.5103095309606,28.097614044376,0
                  85.5103566165569,28.0975772587539,0
                  85.5103934021791,28.0975551873806,0
                  85.5104434306252,28.0975478302562,0
                  85.5105125875949,28.0975478302562,0
                  85.5105905731138,28.0975066303593,0
                  85.510600873088,28.0974580733381,0
                  85.5106082302125,28.0974212877159,0
                  85.5106464872595,28.0973962734929,0
                  85.5106832728816,28.097356545021,0
                  85.5107097585296,28.0973197593988,0
                  85.5107362441775,28.0972873880513,0
                  85.510768615525,28.0972255882061,0
                  85.5107803869241,28.0971637883609,0
                  85.5107877440486,28.0971299455885,0
                  85.5108760295417,28.0970519600695,0
                  85.5109657864598,28.0969666174261,0
                  85.5110099292064,28.0968959890316,0
                  85.511065843352,28.0968444891606,0
                  85.5111350003217,28.0967841607402,0
                  85.5111938573171,28.0967532608176,0
                  85.51122181439,28.0967311894443,0
                  85.5111585431199,28.0967311894443,0
                  85.511130586047,28.0967400179937,0
                  85.5110820290258,28.0967650322167,0
                  85.5109849149833,28.0968077035384,0
                  85.510884858091,28.0969077604307,0
                  85.5108539581684,28.0969651460012,0
                  85.5107553727011,28.097032831546,0
                  85.5106509015341,28.0970872742668,0
                  85.5105949873885,28.0971328884383,0
                  85.5105302446935,28.0972035168328,0
                  85.5104919876464,28.0972594309785,0
                  85.5104434306252,28.0973330022228,0
                  85.5103992878786,28.0974154020164,0
                  85.5103286594841,28.0975022160847,0
                  85.5102904024371,28.0975360588571,0
                  85.5102197740425,28.0975875587281,0
                  85.5101920376833,28.0976181643658,0
                  85.5102197740425,28.0975669587797,0
                  85.5102286025918,28.0975139874838,0
                  85.5102550882397,28.097446301939,0
                  85.5102933452868,28.097408044892,0
                  85.5102874595872,28.0973933306431,0
                  85.5102609739393,28.0974139305915,0
                  85.5102050597936,28.0974816161363,0
                  85.5101844598452,28.0975345874322,0
                  85.5101550313475,28.0975963872774,0
                  85.5101197171502,28.0976434728738,0
                  85.5100608601548,28.0976758442213,0
                  85.5100284888073,28.0977023298692,0
                  85.5100049460091,28.0977347012167,0
                  85.5099725746616,28.0977670725642,0
                  85.5099107748164,28.0978377009587,0
                  85.5099122462412,28.097899500804,0
                  85.5098901748679,28.0979421721257,0
                  85.509876932044,28.0979877862971,0
                  85.509890174868,28.0980319290437,0
                  85.5099034176919,28.0980687146659,0
                  85.5098975319924,28.098170242983,0
                  85.5098960605675,28.0982276285536,0
                  85.5099137176661,28.0983085569223,0
                  85.5099563889878,28.0984056709648,0
                  85.509979931786,28.0984615851105,0
                  85.509979931786,28.0985160278312,0
                  85.509941674739,28.0985439849041,0
                  85.5098945891426,28.0985778276765,0
                  85.5098842891684,28.098635213247,0
                  85.5097945322504,28.0987102559162,0
                  85.509785703701,28.098777941461,0
                  85.5097562752033,28.0988250270573,0
                  85.5097386181047,28.0988706412288,0
                  85.5097165467314,28.0989206696749,0
                  85.5097136038816,28.0990133694428,0
                  85.5096915325083,28.0990663407387,0
                  85.5096856468088,28.0990972406613,0
                  85.5097003610577,28.0991325548585,0
                  85.5097239038558,28.0991590405065,0
                  85.50973420383,28.0991987689784,0
                  85.50973420383,28.0992340831757,0
                  85.5097297895554,28.0992796973471,0
                  85.5097239038558,28.0993047115702,0
                  85.509709189607,28.0993370829177,0
                  85.5096915325083,28.0993694542652,0
                  85.5096812325341,28.0994356683851,0
                  85.5096944753581,28.0995739823244,0
                  85.5096944753581,28.0996122393714,0
                  85.5096900610835,28.0996534392682,0
                  85.5096768182595,28.0997064105641,0
                  85.5096467000313,28.0997666470204,0
                  85.5096429754871,28.0997740961089,0
                  85.5096238469636,28.0997991103319,0
                  85.5095973613156,28.0998388388039,0
                  85.5095429185948,28.0998932815247,0
                  85.5095096722794,28.0999013903821,0
                  85.5094590473763,28.0999874527174,0
                  85.5093884189818,28.1000816239101,0
                  85.5093413333854,28.1001463666051,0
                  85.5092412764932,28.1002346520982,0
                  85.5091235625023,28.1002346520982,0
                  85.5089319829822,28.1002346520982,0
                  85.5088896059454,28.1002214092742,0
                  85.5088238337729,28.1001913828477,0
                  85.5088219204006,28.1001905093516,0
                  85.508817506126,28.1001713808281,0
                  85.5087954347527,28.1001331237811,0
                  85.5087807205038,28.1001051667082,0
                  85.5088027918771,28.1000551382621,0
                  85.5088807773961,28.1000360097386,0
                  85.5089131487436,28.1000330668888,0
                  85.5089959420102,28.1000214758315,0
                  85.5090705912064,28.0999697956187,0
                  85.5092236193945,28.0998638530269,0
                  85.5092662234938,28.0998416248012,0
                  85.5093060191882,28.0997932246324,0
                  85.509360461909,28.099772624684,0
                  85.5094075475053,28.0997490818858,0
                  85.5094561045266,28.0997255390876,0
                  85.5094884758741,28.099694639165,0
                  85.5095326186207,28.0996769820664,0
                  85.5095767613672,28.0996534392682,0
                  85.5096213945887,28.0996191060209,0
                  85.5096650468604,28.0995754537493,0
                  85.5096768182595,28.0994930539556,0
                  85.5096768182595,28.0994636254579,0
                  85.5095924899771,28.0994946937725,0
                  85.5095488042944,28.0995283681529,0
                  85.5094987758483,28.0995901679981,0
                  85.5094310903035,28.0996401964442,0
                  85.5093575190592,28.0996799249162,0
                  85.5092765906905,28.0997181819632,0
                  85.5092059622959,28.0997579104351,0
                  85.5091338624765,28.0998152960057,0
                  85.5090264484598,28.0998932815246,0
                  85.508946991516,28.0999315385717,0
                  85.5088704774219,28.0999580242196,0
                  85.508791020478,28.0999668527689,0
                  85.5087233349333,28.0999580242196,0
                  85.5086703636374,28.099953609945,0
                  85.5086409351398,28.0999462528206,0
                  85.5086409351396,28.0999462528206,0
                  85.5085467639469,28.0999344814215,0
                  85.5085173354492,28.0999344814215,0
                  85.5083848422937,28.0999752485462,0
                  85.5083760786602,28.0999830384427,0
                  85.5083683908026,28.0999889173926,0
                  85.5083510644371,28.1000021669662,0
                  85.5083857062089,28.1000200851241,0
                  85.5083937357588,28.1000242383395,0
                  85.5084202214068,28.100030124039,0
                  85.5084261071063,28.100043366863,0
                  85.5084253625298,28.1000582583921,0
                  85.5084246356814,28.1000727953607,0
                  85.508390792909,28.1001242952318,0
                  85.5083558465683,28.1001718222552,0
                  85.5083540072869,28.1001743236779,0
                  85.5083528083479,28.1001754681196,0
                  85.5083216359394,28.1002052236005,0
                  85.5083180363163,28.1002141279313,0
                  85.5082936788666,28.1002743805701,0
                  85.5082792158365,28.1002869774028,0
                  85.5082480646951,28.1003141090421,0
                  85.5082201076223,28.1003435375398,0
                  85.5082156933476,28.1004068088099,0
                  85.5082009790987,28.1004553658311,0
                  85.508184816781,28.1004917310461,0
                  85.5081774363006,28.100508337127,0
                  85.5081362364038,28.1005686655474,0
                  85.5080759079834,28.1006186939935,0
                  85.5080214652626,28.1006731367143,0
                  85.5079890939151,28.1007128651862,0
                  85.5078949227224,28.1007952649798,0
                  85.5078764248095,28.1008013346075,0
                  85.5078653373724,28.100811036115,0
                  85.5078500442634,28.1008423505762,0
                  85.5078397442892,28.1008688362241,0
                  85.5078073729417,28.1009085646961,0
                  85.5077323302725,28.1009747788159,0
                  85.5077043731997,28.1009924359146,0
                  85.5076969727978,28.1009971098526,0
                  85.5076812087679,28.101007066082,0
                  85.5076764161269,28.1010100930132,0
                  85.5076652506086,28.1010106123396,0
                  85.5075815092216,28.1010292215367,0
                  85.5074814523294,28.1010939642317,0
                  85.5074284810335,28.101194021124,0
                  85.5074118048848,28.1012523876443,0
                  85.5074174453469,28.1012749494927,0
                  85.5074321595958,28.1013205636642,0
                  85.5074277453211,28.101375006385,0
                  85.5073997882483,28.1014220919813,0
                  85.5073813954371,28.1014383209323,0
                  85.5073747740252,28.1014441633546,0
                  85.5073630026261,28.101478006127,0
                  85.5073541740768,28.1015265631482,0
                  85.5073394598279,28.1015589344957,0
                  85.5073291598537,28.1015692344699,0
                  85.5072850171072,28.1015780630192,0
                  85.5072542518461,28.1015939760853,0
                  85.5072423457855,28.1016001343925,0
                  85.5072173315624,28.1016163200663,0
                  85.5071937887642,28.1016104343667,0
                  85.5071731888157,28.1016045486672,0
                  85.5071525888674,28.1015986629676,0
                  85.5071290460692,28.1016251486156,0
                  85.5071183426398,28.1016387711621,0
                  85.5071128603955,28.101645748564,0
                  85.5070746033484,28.1016531056884,0
                  85.5070481177005,28.1016266200405,0
                  85.5070628319494,28.1015868915686,0
                  85.507063964394,28.1015843178306,0
                  85.5070790176231,28.1015501059464,0
                  85.5070760747733,28.1015118488994,0
                  85.5070569462498,28.1014765347021,0
                  85.5070554748249,28.1014441633546,0
                  85.5070643033742,28.1013853063592,0
                  85.5070481177005,28.1013279207886,0
                  85.5070476659471,28.1013266558791,0
                  85.5070334034516,28.1012867208918,0
                  85.5070275177521,28.1012558209692,0
                  85.5070231034774,28.101219035347,0
                  85.5070142749281,28.1011999068235,0
                  85.5069907321299,28.1011925496991,0
                  85.5069686607566,28.1012043210982,0
                  85.5069554179327,28.101232278171,0
                  85.5069407036838,28.1012984922909,0
                  85.5069189667251,28.1013397925123,0
                  85.5069105394736,28.101388249209,0
                  85.5068811109758,28.1014765347021,0
                  85.5068634538772,28.1015824772939,0
                  85.506839911079,28.101723734083,0
                  85.5068222539804,28.1017649339798,0
                  85.5067516255858,28.1018944193698,0
                  85.5067045399895,28.1019650477643,0
                  85.5066809971913,28.1020533332575,0
                  85.5065868259986,28.1022181328447,0
                  85.5065632832004,28.1022946469388,0
                  85.5065298498909,28.1023746480723,0
                  85.5065220833037,28.102382932432,0
                  85.5064691120078,28.1024653322256,0
                  85.5064440977847,28.1025006464228,0
                  85.506441154935,28.1025330177703,0
                  85.5064549917286,28.1025537729607,0
                  85.5064558691838,28.1025550891436,0
                  85.5064602834585,28.1025712748174,0
                  85.5064617548834,28.1026213032635,0
                  85.5064558691838,28.1026551460359,0
                  85.5064499834843,28.1026963459327,0
                  85.5064337978105,28.1027272458553,0
                  85.5063455123174,28.1027934599752,0
                  85.5063322694934,28.102834659872,0
                  85.506324912369,28.1028979311421,0
                  85.5063146123948,28.1029391310389,0
                  85.5063028409957,28.1029803309357,0
                  85.5063057838454,28.1030082880086,0
                  85.5063087266952,28.1030244736823,0
                  85.5063087266952,28.1030745021284,0
                  85.5063101981201,28.1030921592271,0
                  85.5063131409699,28.1031289448492,0
                  85.5062895981717,28.1031657304714,0
                  85.5062748839228,28.10318338757,0
                  85.5062822410473,28.1032172303424,0
                  85.5062792981975,28.1032407731406,0
                  85.5062645839486,28.1032790301876,0
                  85.5062734124979,28.1033334729084,0
                  85.5062822410473,28.1033761442301,0
                  85.5062954838712,28.1034085155776,0
                  85.5062925410215,28.1034717868477,0
                  85.5062631125238,28.103493858221,0
                  85.5062395697256,28.1034644297233,0
                  85.5062263269016,28.103415872702,0
                  85.5062130840776,28.1033805585047,0
                  85.5062101412279,28.1033364157582,0
                  85.5062101412279,28.1032849158871,0
                  85.5061970110129,28.1032630321956,0
                  85.5061976341163,28.1032437159903,0
                  85.5062042555283,28.1032187017673,0
                  85.506202048391,28.1031863304198,0
                  85.5061983698288,28.1031605804843,0
                  85.5062057269532,28.1031260019994,0
                  85.5062116126527,28.1030965735017,0
                  85.5062314768887,28.10305390218,0
                  85.5062395697256,28.1030310950943,0
                  85.5062351554509,28.1030259451072,0
                  85.5062263269016,28.1030333022316,0
                  85.5062108769403,28.1030502236178,0
                  85.5062027841034,28.1030730307035,0
                  85.5061998412536,28.1031002520639,0
                  85.5061873341421,28.1031392448234,0
                  85.5061814484426,28.1031738233082,0
                  85.5061718841808,28.1032157589175,0
                  85.5061726198932,28.1032650516512,0
                  85.5061838703092,28.1032954939533,0
                  85.5061924841291,28.1034247012514,0
                  85.5061866442813,28.1035122989679,0
                  85.5062027841034,28.1035291724182,0
                  85.5062189697772,28.1035733151648,0
                  85.5062174983523,28.1035983293879,0
                  85.5062160269274,28.1036307007354,0
                  85.5062116126527,28.1036777863317,0
                  85.5062116126527,28.1037189862286,0
                  85.506208669803,28.1037587147005,0
                  85.5062189697772,28.1038013860222,0
                  85.5062292697514,28.1038352287946,0
                  85.5062498696998,28.1038852572407,0
                  85.5062557553993,28.1039352856868,0
                  85.5062517665969,28.1039568252201,0
                  85.5062525295831,28.1039611488089,0
                  85.5062204412021,28.1039956141071,0
                  85.5062189697772,28.1040426997035,0
                  85.5062160269274,28.1041059709736,0
                  85.5062130840776,28.1041633565442,0
                  85.5062086067419,28.1041782809965,0
                  85.5062042555283,28.1041927850419,0
                  85.5061748270306,28.1042030850161,0
                  85.5061684297211,28.1042027942293,0
                  85.5061424556831,28.1042016135912,0
                  85.5061262700094,28.1042310420889,0
                  85.5061292128591,28.1042884276595,0
                  85.5061267070664,28.1042990772787,0
                  85.5061090278493,28.1043398754718,0
                  85.506065941589,28.1043634703287,0
                  85.5060468130655,28.104372298878,0
                  85.5060556416148,28.104462055796,0
                  85.5060641510598,28.1045014119789,0
                  85.5060674130139,28.1045164985168,0
                  85.5060703558637,28.1045576984136,0
                  85.5061100843356,28.1045988983105,0
                  85.5061395128333,28.1046415696322,0
                  85.5061674699062,28.1046915980783,0
                  85.5061851270048,28.1047327979751,0
                  85.5061895412795,28.1047681121724,0
                  85.5061851270048,28.1048063692194,0
                  85.5061851270048,28.1048284405927,0
                  85.5062145555025,28.104875526189,0
                  85.5062366268758,28.1049078975365,0
                  85.5062513411247,28.1049417403089,0
                  85.5062322126012,28.1050197258279,0
                  85.5062425125754,28.1050550400251,0
                  85.5062645839487,28.1051138970206,0
                  85.5062778267726,28.1051595111921,0
                  85.5062778267726,28.1052301395866,0
                  85.5062675267984,28.1053169536549,0
                  85.5062689982233,28.1053449107277,0
                  85.5062689982233,28.1053728678006,0
                  85.506260169674,28.1053993534485,0
                  85.5062366268758,28.1053905248992,0
                  85.5062232046097,28.1053952621696,0
                  85.5062160269273,28.1054081819978,0
                  85.5061924841291,28.1054846960919,0
                  85.506187647252,28.1055765967568,0
                  85.5062366268758,28.1056333100054,0
                  85.5062425125754,28.1056436099796,0
                  85.5062042555283,28.1056715670524,0
                  85.5061968984039,28.1056759813271,0
                  85.5061983698288,28.1056951098506,0
                  85.5061946565631,28.1057203600573,0
                  85.5062042555282,28.1057907524682,0
                  85.5061990048004,28.1059220206632,0
                  85.5062013126786,28.1059261235577,0
                  85.506202604145,28.1059467870212,0
                  85.5062027841035,28.1059496663559,0
                  85.5062057269532,28.1059982233772,0
                  85.5062189697772,28.1060217661753,0
                  85.5062233840519,28.106039423274,0
                  85.5062292697514,28.1060688517717,0
                  85.5062233840519,28.1060879802952,0
                  85.5062027841035,28.1061115230934,0
                  85.5062292697514,28.1061453658658,0
                  85.5062483982749,28.1061674372391,0
                  85.5062645839487,28.1061836229128,0
                  85.5062719410731,28.1062424799083,0
                  85.5062910695966,28.1062880940797,0
                  85.5062998981459,28.106323408277,0
                  85.506311669545,28.1063454796503,0
                  85.5063043124206,28.1063601938991,0
                  85.5063087266953,28.1064043366457,0
                  85.5063190266695,28.1064205223195,0
                  85.506338155193,28.1064499508172,0
                  85.5063639862525,28.1065178769365,0
                  85.5063778836649,28.1065544219841,0
                  85.5064131978622,28.1065912076063,0
                  85.5064220264115,28.1066603645759,0
                  85.5064323263857,28.1067015644727,0
                  85.5064382120852,28.1067251072709,0
                  85.5064385203838,28.1067269570624,0
                  85.5064440977848,28.1067604214682,0
                  85.5064470406345,28.1067795499917,0
                  85.5064558691839,28.1067986785152,0
                  85.5065353261277,28.1070017351495,0
                  85.5065985973978,28.1071871346851,0
                  85.5066206687711,28.1073416342982,0
                  85.5066383258698,28.1074004912936,0
                  85.5066469132017,28.1074326937884,0
                  85.5066515686936,28.1075211481343,0
                  85.5066515686936,28.1075976622284,0
                  85.5066493518332,28.1076142886814,0
                  85.5066250830458,28.1076241478763,0
                  85.506608897372,28.1076682906229,0
                  85.5066074259471,28.1077197904939,0
                  85.5066324401702,28.1077874760387,0
                  85.5066574543932,28.107861047283,0
                  85.5066751114919,28.1079302042526,0
                  85.5066912971656,28.1079964183725,0
                  85.5066942400154,28.1081126609385,0
                  85.5066986542901,28.1081729893589,0
                  85.5066971828652,28.1082333177792,0
                  85.5067104256892,28.108326017547,0
                  85.5067217439117,28.1083664397702,0
                  85.5067163113886,28.1085511455546,0
                  85.5067516255858,28.10873948794,0
                  85.5067516255858,28.1088984018277,0
                  85.5066751114918,28.1091809154059,0
                  85.506633911595,28.109333943594,0
                  85.5065985973977,28.1095399430781,0
                  85.5065279690032,28.109787142459,0
                  85.5064903391207,28.1099157112241,0
                  85.5064838262567,28.1099269278231,0
                  85.5064514549092,28.1099916705181,0
                  85.5064161407119,28.1100740703117,0
                  85.5063925979138,28.1101240987579,0
                  85.506363169416,28.1101888414528,0
                  85.5063661122658,28.1102535841478,0
                  85.5063602265663,28.1103124411433,0
                  85.5063484551672,28.110380126688,0
                  85.5062631125238,28.1106302689187,0
                  85.5062071983781,28.1108038970552,0
                  85.506118912885,28.1110246107882,0
                  85.5060777129881,28.1111482104786,0
                  85.5060159131429,28.1112600387699,0
                  85.5059982560443,28.1113247814649,0
                  85.5060688844388,28.1113306671645,0
                  85.5061012557863,28.1112835815681,0
                  85.5061836555799,28.1111864675256,0
                  85.5062366268758,28.1111276105302,0
                  85.506389655064,28.1108686397502,0
                  85.5064102550124,28.1108244970037,0
                  85.5064367406603,28.1107332686607,0
                  85.5064808834069,28.1105655262237,0
                  85.5065809402992,28.1104330979839,0
                  85.5066103687969,28.1103359839415,0
                  85.5066250830458,28.1102094414012,0
                  85.506648625844,28.1100122704665,0
                  85.5066780543417,28.1099122135743,0
                  85.5067221970883,28.109785671034,0
                  85.5067781112339,28.1096679570432,0
                  85.5068516824782,28.109488443207,0
                  85.5069017109244,28.1093354150189,0
                  85.5069252537225,28.1092118153285,0
                  85.5069311394221,28.1090381871919,0
                  85.5069223108728,28.108882216154,0
                  85.5069429108212,28.1087586164635,0
                  85.5069958821171,28.1084231315895,0
                  85.5070164820655,28.1082759891009,0
                  85.5070164820655,28.1080582182177,0
                  85.5069870535678,28.1079022471798,0
                  85.5069517393705,28.1077345047428,0
                  85.5069399679714,28.1076638763483,0
                  85.5069370251216,28.1075844194044,0
                  85.5069311394221,28.107537333808,0
                  85.5069105394737,28.1074931910615,0
                  85.506903274313,28.1074532326779,0
                  85.5068693395767,28.107085606368,0
                  85.5067928254826,28.1068619497853,0
                  85.5066986542899,28.1066618360008,0
                  85.5066397972945,28.1065029221131,0
                  85.5065985973977,28.106349893925,0
                  85.5065691689,28.1060438375487,0
                  85.5065573975009,28.1059143521587,0
                  85.5065691689,28.1057142383742,0
                  85.5065691689,28.1055435530874,0
                  85.5065515118013,28.1054140676974,0
                  85.5065397404022,28.1052963537065,0
                  85.5065103119045,28.1051138970206,0
                  85.5065103119045,28.1047901835457,0
                  85.5065103119045,28.1046194982589,0
                  85.506504426205,28.1045253270662,0
                  85.5065338547027,28.1044017273757,0
                  85.5065573975009,28.1042898990844,0
                  85.5065573975009,28.1041839564926,0
                  85.5065456261018,28.1040544711026,0
                  85.5065338547027,28.103972071309,0
                  85.5065691689,28.1038072717217,0
                  85.5065868259986,28.1037601861254,0
                  85.5066751114918,28.1036248150359,0
                  85.5067575112854,28.1034129298523,0
                  85.5067633969849,28.1032834444623,0
                  85.5067987111822,28.1032069303682,0
                  85.5068222539804,28.1031304162741,0
                  85.5068457967785,28.1030597878796,0
                  85.5069458536708,28.1028891025928,0
                  85.506969396469,28.1028243598978,0
                  85.5070576819622,28.1027243030056,0
                  85.5071047675585,28.1026360175124,0
                  85.5072165958499,28.1025595034183,0
                  85.5073166527421,28.1024535608265,0
                  85.5074461381321,28.1022946469388,0
                  85.5075167665266,28.1021828186475,0
                  85.5076462519166,28.1020239047598,0
                  85.5077521945084,28.1019003050693,0
                  85.5078404800016,28.1018002481771,0
                  85.5078934512975,28.1016648770875,0
                  85.5079993938893,28.1015059631998,0
                  85.5080582508847,28.101323506514,0
                  85.5081112221806,28.1012411067203,0
                  85.5082348218711,28.1011645926263,0
                  85.5083289930638,28.1010763071331,0
                  85.5084525927542,28.100935050344,0
                  85.5086115066419,28.1008232220527,0
                  85.5087351063323,28.1007584793577,0
                  85.5088881345205,28.1006348796673,0
                  85.5090470484082,28.100534822775,0
                  85.5091412196009,28.1005289370755,0
                  85.5092765906904,28.1004347658828,0
                  85.5093943046813,28.1003876802864,0
                  85.5095061329727,28.1002758519951,0
                  85.5095237900713,28.1001287095064,0
                  85.5095237900713,28.1000404240133,0
                  85.5096238469636,28.0999639099192,0
                  85.5096656664077,28.0998635432533,0
                  85.5096900610835,28.0998358959541,0
                  85.5097489180789,28.0997181819632,0
                  85.5097489180789,28.0996534392682,0
                  85.5097459752291,28.0995886965732,0
                  85.5097430323794,28.0994856968312,0
                  85.5097812894264,28.099397411338,0
                  85.5098077750743,28.0993267829435,0
                  85.5098048322246,28.0992414403001,0
                  85.5097901179757,28.0991796404549,0
                  85.5097960036753,28.0991354977083,0
                  85.5098107179241,28.0990648693138,0
                  85.5098195464734,28.0989854123699,0
                  85.5098430892716,28.0989206696749,0
                  85.5098519178209,28.0988441555808,0
                  85.5098725177693,28.0987970699845,0
                  85.5099078319666,28.0987440986886,0
                  85.5099490318634,28.0986499274959,0
                  85.5100078888589,28.0985910705004,0
                  85.5100284888073,28.098505727857,0
                  85.5100226031077,28.0984527565611,0
                  85.5100137745584,28.0984056709648,0
                  85.5099872889105,28.0983615282182,0
                  85.5099784603611,28.0982379285278,0
                  85.5099784603611,28.0981731858328,0
                  85.5099829916407,28.0981293834641,0
                </coordinates>
              </LinearRing>
            </outerBoundaryIs>
          </Polygon>
        </MultiGeometry>
      </Placemark>
      <Placemark>
        <Style>
          <LineStyle>
            <color>ff0000ff</color>
          </LineStyle>
          <PolyStyle>
            <fill>0</fill>
          </PolyStyle>
        </Style>
        <MultiGeometry>
          <Polygon>
            <outerBoundaryIs>
              <LinearRing>
                <coordinates>
                  85.538516010315,28.0665485864677,0
                  85.5385454388127,28.0664279296271,0
                  85.5385572102118,28.0664073296787,0
                  85.5385866387095,28.0663690726316,0
                  85.5386366671556,28.066286672838,0
                  85.5386896384515,28.0662013301946,0
                  85.5387926381936,28.0661159875512,0
                  85.5389044664849,28.0660394734571,0
                  85.5390015805274,28.0660100449594,0
                  85.5391428373165,28.0659806164617,0
                  85.5392164085608,28.0659276451658,0
                  85.539278208406,28.065886445269,0
                  85.5393311797019,28.0658011026256,0
                  85.5393194083028,28.065756959879,0
                  85.5393017512042,28.0657128171324,0
                  85.5392899798051,28.0656598458365,0
                  85.5392693798567,28.0655656746438,0
                  85.5393046940539,28.0654862176999,0
                  85.5393517796503,28.0653861608077,0
                  85.5393782652982,28.0653037610141,0
                  85.5393252940023,28.0653243609625,0
                  85.5392458370585,28.0653655608593,0
                  85.5391663801146,28.0653861608077,0
                  85.5390780946215,28.0654450178031,0
                  85.5390251233256,28.0654862176999,0
                  85.5389956948278,28.0655185890474,0
                  85.5389250664333,28.0655951031415,0
                  85.538877980837,28.0655951031415,0
                  85.5388750379872,28.0655509603949,0
                  85.538877980837,28.0654950462493,0
                  85.5389015236351,28.0654391321036,0
                  85.5389103521845,28.0653891036575,0
                  85.5388956379356,28.0653802751081,0
                  85.538889752236,28.065394989357,0
                  85.5388397237899,28.0654361892538,0
                  85.5387838096442,28.0654862176999,0
                  85.5387514382968,28.0655480175452,0
                  85.5387308383483,28.065653960137,0
                  85.5386631528036,28.065756959879,0
                  85.538619010057,28.065859959621,0
                  85.5385748673104,28.0659129309169,0
                  85.5385277817141,28.0659541308137,0
                  85.5384394962209,28.0660365306074,0
                  85.5383747535259,28.0661424731992,0
                  85.5383394393286,28.0661954444951,0
                  85.5383129536807,28.0662837299882,0
                  85.5382982394318,28.0663425869837,0
                  85.5382128967884,28.0664102725284,0
                  85.5381775825912,28.0664838437727,0
                  85.5381775825912,28.0665515293175,0
                  85.5381687540418,28.0666457005102,0
                  85.5381599254925,28.066686900407,0
                  85.5381599254925,28.0667398717029,0
                  85.5381893539902,28.0667575288016,0
                  85.5382482109857,28.0667634145011,0
                  85.53832178223,28.0667428145527,0
                  85.5383570964273,28.0667163289047,0
                  85.538386524925,28.0667075003554,0
                  85.5384188962725,28.0666986718061,0
                  85.5384777532679,28.0666663004586,0
                  85.538516010315,28.0665986149139,0
                  85.538516010315,28.0665485864677,0
                </coordinates>
              </LinearRing>
            </outerBoundaryIs>
          </Polygon>
        </MultiGeometry>
      </Placemark>
      <Placemark>
        <Style>
          <LineStyle>
            <color>ff0000ff</color>
          </LineStyle>
          <PolyStyle>
            <fill>0</fill>
          </PolyStyle>
        </Style>
        <MultiGeometry>
          <Polygon>
            <outerBoundaryIs>
              <LinearRing>
                <coordinates>
                  85.5450477707812,28.082375324929,0
                  85.5450380051275,28.0823789870491,0
                  85.5450157868335,28.0823873189094,0
                  85.5450135988556,28.0823886863956,0
                  85.5450016333527,28.082458086312,0
                  85.5449959719605,28.0825373458029,0
                  85.5449704956956,28.0826250973822,0
                  85.5449874798722,28.0826930340888,0
                  85.5450214482255,28.0827383252265,0
                  85.5450497551865,28.0828232461096,0
                  85.5450695700593,28.0828713679434,0
                  85.5451176918931,28.082913828385,0
                  85.5451459988541,28.0829223204733,0
                  85.5451743058152,28.0829477967383,0
                  85.5451997820801,28.082967611611,0
                  85.5452677187867,28.0830100720526,0
                  85.5452790415711,28.083072347367,0
                  85.5452857522739,28.0830969532773,0
                  85.5452960257477,28.0831346226813,0
                  85.5452790415711,28.0832110514762,0
                  85.5452563960023,28.0833299407126,0
                  85.5452648880906,28.0833780625464,0
                  85.5452648880906,28.0834261843802,0
                  85.54526255025,28.0834364708788,0
                  85.5452507346101,28.0834884596945,0
                  85.5452280890412,28.0835082745673,0
                  85.5451997820802,28.0835422429205,0
                  85.5451629830308,28.0835960261466,0
                  85.5451629830308,28.083635655892,0
                  85.5451318453736,28.0837064232947,0
                  85.5451035384126,28.0837488837363,0
                  85.5450780621476,28.0837913441779,0
                  85.5450469244904,28.0838366353156,0
                  85.5450299403138,28.0838904185416,0
                  85.5450214482255,28.0839158948065,0
                  85.5449988026566,28.0839526938559,0
                  85.5449716549391,28.0839946494193,0
                  85.5449676649995,28.0840008156897,0
                  85.5449450194306,28.0840574296118,0
                  85.5449195431657,28.0841281970145,0
                  85.5449064666094,28.0841428586079,0
                  85.5448261301942,28.0842329327704,0
                  85.5448034846253,28.0842697318198,0
                  85.5447723469682,28.0843235150458,0
                  85.5447525320954,28.0843857903601,0
                  85.5447100716538,28.0844650498511,0
                  85.5446676112122,28.0845414786459,0
                  85.5446308121629,28.0846518757941,0
                  85.544554383368,28.0847452887656,0
                  85.5444609703965,28.0848811621787,0
                  85.5444488388417,28.0849088914467,0
                  85.5444241713471,28.0849406067969,0
                  85.5443449118562,28.0850142048956,0
                  85.5441184561677,28.0850991257788,0
                  85.5440505194612,28.0851217713477,0
                  85.5439769213624,28.0851500783087,0
                  85.5438410479493,28.0851897080542,0
                  85.5437108359285,28.0852180150153,0
                  85.5435980754876,28.085262138666,0
                  85.5435806239076,28.0852689675452,0
                  85.54348438024,28.0853142586829,0
                  85.543397702089,28.0853402621282,0
                  85.5433711523957,28.0853482270361,0
                  85.5432352789826,28.0853935181738,0
                  85.5431922871226,28.0854460637805,0
                  85.5431843264527,28.0854557934882,0
                  85.5432089063465,28.0855049532756,0
                  85.5432775412465,28.0855049532756,0
                  85.5433893695378,28.0855284960738,0
                  85.5435011978292,28.0855814673697,0
                  85.5435306263269,28.0856050101679,0
                  85.5437130830128,28.0856697528629,0
                  85.5438305689151,28.0856807671662,0
                  85.5438338575165,28.0856798966541,0
                  85.5439293804882,28.0856701494121,0
                  85.5439742178015,28.0856526043764,0
                  85.544063892428,28.085601918718,0
                  85.5441340725705,28.0855570814047,0
                  85.5442763823038,28.0855102946431,0
                  85.5443346339648,28.0855001976885,0
                  85.5444949387498,28.0853765339972,0
                  85.5446308121629,28.0851783852698,0
                  85.544687426085,28.0850991257788,0
                  85.5448119767137,28.0850142048956,0
                  85.5449704956956,28.0849745751502,0
                  85.5450327710099,28.0849462681891,0
                  85.5450667393632,28.0850085435034,0
                  85.5450214482255,28.0851161099555,0
                  85.5449931412644,28.0852236764075,0
                  85.5450214482255,28.0852972745062,0
                  85.5450101254411,28.0854218251349,0
                  85.5450010456494,28.0854375084114,0
                  85.5450844510066,28.0855284960738,0
                  85.5451138795044,28.0855932387688,0
                  85.5451079938048,28.0856697528629,0
                  85.5451138795044,28.085758038356,0
                  85.5451550794012,28.0857992382528,0
                  85.5452669076925,28.0858757523469,0
                  85.5453139932889,28.0859404950419,0
                  85.5453846216834,28.0860228948355,0
                  85.5454140501811,28.0860464376337,0
                  85.5455141070734,28.0860758661314,0
                  85.5457201065574,28.0860699804319,0
                  85.5457966206515,28.0860523233332,0
                  85.5459499165485,28.0860523233332,0
                  85.5459499165485,28.0860332554938,0
                  85.5459838849017,28.0859370118262,0
                  85.546097112746,28.0857105561378,0
                  85.546125419707,28.0855463757636,0
                  85.5461593880603,28.0853652112128,0
                  85.5461480652759,28.0852293377998,0
                  85.5461537266681,28.0850934643867,0
                  85.5461933564136,28.0849519295814,0
                  85.5462443089435,28.0848273789527,0
                  85.5462499703357,28.0847141511085,0
                  85.5461367424914,28.0846009232642,0
                  85.5460914513537,28.0844537270667,0
                  85.5460744671771,28.0843857903602,0
                  85.5460574830005,28.0842612397315,0
                  85.5460744671771,28.0841197049262,0
                  85.5460801285693,28.0839102334144,0
                  85.546017853255,28.0837630372169,0
                  85.5459272709796,28.0836101796272,0
                  85.5458649956653,28.0834573220374,0
                  85.545831027312,28.0833214486243,0
                  85.5457177994678,28.083151606858,0
                  85.5456725083301,28.0830270562293,0
                  85.5455819260547,28.0828402302863,0
                  85.5454403912494,28.082698695481,0
                  85.545270549483,28.0825458378913,0
                  85.5451799672076,28.0824326100471,0
                  85.5450477707812,28.082375324929,0
                </coordinates>
              </LinearRing>
            </outerBoundaryIs>
          </Polygon>
        </MultiGeometry>
      </Placemark>
      <Placemark>
        <Style>
          <LineStyle>
            <color>ff0000ff</color>
          </LineStyle>
          <PolyStyle>
            <fill>0</fill>
          </PolyStyle>
        </Style>
        <MultiGeometry>
          <Polygon>
            <outerBoundaryIs>
              <LinearRing>
                <coordinates>
                  85.5461978018452,28.0862221485697,0
                  85.5462355779482,28.0862374388971,0
                  85.5463057580907,28.0862374388971,0
                  85.5464441689273,28.086241337794,0
                  85.5465650347282,28.0862920234524,0
                  85.5466332654223,28.0862959223492,0
                  85.546839906953,28.0863329618689,0
                  85.5469100870955,28.0863641530433,0
                  85.5471128297293,28.0864011925629,0
                  85.5472219988398,28.0863992431145,0
                  85.547338965744,28.0864440804278,0
                  85.5474364381641,28.086469423257,0
                  85.547537809481,28.0864772210506,0
                  85.5476196863139,28.086469423257,0
                  85.5476294335559,28.086459676015,0
                  85.5475865456911,28.0864148387018,0
                  85.5475300116874,28.0863758497337,0
                  85.5475241633422,28.0863524563529,0
                  85.5475436578262,28.0862920234524,0
                  85.5475007699614,28.0862393883456,0
                  85.5474422865093,28.0861887026871,0
                  85.5474481348545,28.0861711576515,0
                  85.5474968710646,28.0861575115126,0
                  85.5475553545166,28.0861516631674,0
                  85.5476157874171,28.0861321686834,0
                  85.5476801192144,28.086130219235,0
                  85.5476854803604,28.086128687479,0
                  85.5477035873039,28.0861347231269,0
                  85.5478036441962,28.0861111803287,0
                  85.5478213012948,28.0860876375305,0
                  85.5478507297926,28.0859875806383,0
                  85.5478625011916,28.0859169522437,0
                  85.5478978153889,28.0858110096519,0
                  85.5479390152857,28.0857227241588,0
                  85.5479625580839,28.0856697528629,0
                  85.5479390152857,28.0855991244683,0
                  85.5479331295862,28.0854696390783,0
                  85.5479344169928,28.0854490405717,0
                  85.5479471936455,28.0853796816001,0
                  85.5479452441971,28.08533094539,0
                  85.5479647386811,28.0852510180055,0
                  85.5479861826136,28.0852022817955,0
                  85.5479915735042,28.0851820659555,0
                  85.5479939804072,28.0851730400694,0
                  85.5479920309588,28.0851262533078,0
                  85.5479907174706,28.0851026105216,0
                  85.5479900815104,28.0850911632365,0
                  85.547988132062,28.0850658204073,0
                  85.5479510925423,28.0850229325425,0
                  85.5479103055713,28.0850059379712,0
                  85.5479043057806,28.0850034380584,0
                  85.5478904632305,28.0849924793729,0
                  85.5478107322573,28.0849293590191,0
                  85.5476859675596,28.0848923194995,0
                  85.5476305759222,28.0848766653411,0
                  85.5476246573374,28.0848749926976,0
                  85.5475962929331,28.0848669766703,0
                  85.547508567755,28.084831886599,0
                  85.5474247414737,28.0848084932182,0
                  85.5473136229147,28.0847948470794,0
                  85.5472161504946,28.0848065437698,0
                  85.5471737968937,28.0848110358184,0
                  85.5470452851238,28.0847704531542,0
                  85.5469919639283,28.0847461108693,0
                  85.5469256826827,28.0847227174885,0
                  85.5468262608141,28.0846876274173,0
                  85.5467521817748,28.08467203183,0
                  85.5466508104579,28.0846700823816,0
                  85.5466252351535,28.0846742458033,0
                  85.5465669841766,28.0846837285204,0
                  85.5464987534825,28.0846798296236,0
                  85.546409078856,28.0846661834848,0
                  85.5463600370032,28.0846611101897,0
                  85.5463462140033,28.0848500245216,0
                  85.5463405526111,28.0850198662879,0
                  85.5463235684344,28.085234999192,0
                  85.5462952614734,28.0855237301948,0
                  85.5462777263129,28.0856289411575,0
                  85.5462726159045,28.0856596036079,0
                  85.5462612931201,28.0857332017066,0
                  85.546254267951,28.08583623752,0
                  85.5462443089435,28.0859823029639,0
                  85.5461990178058,28.0862200814368,0
                  85.5461978018452,28.0862221485697,0
                </coordinates>
              </LinearRing>
            </outerBoundaryIs>
          </Polygon>
        </MultiGeometry>
      </Placemark>
      <Placemark>
        <Style>
          <LineStyle>
            <color>ff0000ff</color>
          </LineStyle>
          <PolyStyle>
            <fill>0</fill>
          </PolyStyle>
        </Style>
        <MultiGeometry>
          <Polygon>
            <outerBoundaryIs>
              <LinearRing>
                <coordinates>
                  85.5454360148743,28.0880216365875,0
                  85.5454234070727,28.087935483277,0
                  85.5454856823871,28.0877429959418,0
                  85.5455309735248,28.0876467522742,0
                  85.5455479577014,28.0875278630378,0
                  85.5455989102313,28.0873353757026,0
                  85.5456385399768,28.0872447934272,0
                  85.545644201369,28.0871032586219,0
                  85.5456539066129,28.0870547324026,0
                  85.5455762646623,28.0871372269751,0
                  85.5454973410166,28.0871642865108,0
                  85.5453979308076,28.0871145814063,0
                  85.545143168158,28.0871315655829,0
                  85.5450129561371,28.087108920014,0
                  85.5448317915864,28.0871202427985,0
                  85.5446223200745,28.0871655339362,0
                  85.544589897694,28.0871856883889,0
                  85.544611687429,28.0872043653047,0
                  85.5446187958329,28.0872141393601,0
                  85.5446135950431,28.0872765488385,0
                  85.544537080949,28.0873354058339,0
                  85.5445017667517,28.0874295770267,0
                  85.5443781670613,28.0874825483226,0
                  85.5442427959718,28.0875060911207,0
                  85.5441133105818,28.0876120337125,0
                  85.5440662249854,28.087735633403,0
                  85.5440250250886,28.0878239188961,0
                  85.5439602823937,28.0879357471875,0
                  85.5438873232654,28.0879469716688,0
                  85.5438750163025,28.0879920971991,0
                  85.5438410479493,28.0880317269446,0
                  85.5437334814972,28.0881336320044,0
                  85.5437297438791,28.0881429760498,0
                  85.5437617884583,28.0882128914954,0
                  85.5439429530091,28.0882978123785,0
                  85.544475123877,28.088309135163,0
                  85.5446562884278,28.0882242142798,0
                  85.5447185637421,28.088150616181,0
                  85.5448374529786,28.08812230922,0
                  85.5450186175293,28.0881166478278,0
                  85.545222427649,28.0881279706122,0
                  85.5452903643555,28.0880996636511,0
                  85.5454360148743,28.0880216365875,0
                </coordinates>
              </LinearRing>
            </outerBoundaryIs>
          </Polygon>
        </MultiGeometry>
      </Placemark>
      <Placemark>
        <Style>
          <LineStyle>
            <color>ff0000ff</color>
          </LineStyle>
          <PolyStyle>
            <fill>0</fill>
          </PolyStyle>
        </Style>
        <MultiGeometry>
          <Polygon>
            <outerBoundaryIs>
              <LinearRing>
                <coordinates>
                  85.5456016615621,28.0881198488954,0
                  85.5456102330157,28.0881562775733,0
                  85.5456215558002,28.0882525212409,0
                  85.5456317098607,28.0882890758589,0
                  85.5456498627612,28.0883544263007,0
                  85.5456668469378,28.0885072838905,0
                  85.5456498627612,28.0886374959113,0
                  85.5456215558002,28.0887846921088,0
                  85.5456180690899,28.0888858067056,0
                  85.5456158944079,28.088948872483,0
                  85.5456328785846,28.0890847458961,0
                  85.5457177994678,28.0892262807014,0
                  85.5457744133899,28.0894017838599,0
                  85.5458140431354,28.0895433186652,0
                  85.5458332734802,28.0896875462515,0
                  85.5458357182317,28.0896901348119,0
                  85.5458359410258,28.0896899120178,0
                  85.5458495871646,28.0896918614662,0
                  85.5459431606879,28.0897074570534,0
                  85.5459977452432,28.0897211031922,0
                  85.5460191891756,28.0897269515374,0
                  85.5460192741516,28.0897270315148,0
                  85.5460698748341,28.0897308504342,0
                  85.5461342066314,28.0897133053986,0
                  85.5462648196743,28.0897308504342,0
                  85.5463525448524,28.0897308504342,0
                  85.5464168766497,28.0897191537438,0
                  85.5464987534826,28.0896918614662,0
                  85.5465825797639,28.0896840636726,0
                  85.5466118214899,28.0896645691885,0
                  85.5465416413474,28.0896431252561,0
                  85.5464500172725,28.0896567713949,0
                  85.5463661909912,28.0896314285657,0
                  85.5463096569876,28.0896041362881,0
                  85.5462141340158,28.0896002373913,0
                  85.546161498909,28.0896041362881,0
                  85.5460815715245,28.0895768440104,0
                  85.5460367342112,28.0895768440104,0
                  85.5460315307994,28.0895766953415,0
                  85.5460379343329,28.0895425431631,0
                  85.5460661649867,28.0895012829768,0
                  85.5460952176633,28.0894949671775,0
                  85.5461400549766,28.0894832704871,0
                  85.5461731955994,28.0894637760031,0
                  85.5462141340159,28.0894618265547,0
                  85.5462511735355,28.0894657254515,0
                  85.5463057580908,28.0894696243483,0
                  85.5463564437492,28.0894891188323,0
                  85.5463817865785,28.0894949671775,0
                  85.5464149272013,28.0894969166259,0
                  85.5464168766497,28.0894852199355,0
                  85.5464012810625,28.0894696243483,0
                  85.5463759382332,28.0894501298643,0
                  85.5463272020232,28.0894247870351,0
                  85.546301859194,28.0893838486186,0
                  85.5462589713291,28.0893409607538,0
                  85.5462238812579,28.0893253651665,0
                  85.546171246151,28.0893039212341,0
                  85.5461887911866,28.0892707806113,0
                  85.5462121845675,28.0892532355756,0
                  85.5462511735355,28.0892434883336,0
                  85.5462823647099,28.08923569054,0
                  85.5463252525748,28.0892200949528,0
                  85.5463135558844,28.089196701572,0
                  85.5462921119519,28.0891791565364,0
                  85.5462492240871,28.0891538137071,0
                  85.5462238812579,28.0891401675683,0
                  85.5462121845675,28.0891167741875,0
                  85.5462199823611,28.0891070269455,0
                  85.5462570218807,28.0890680379774,0
                  85.5463252525748,28.0890582907354,0
                  85.546340848162,28.0890504929418,0
                  85.5463954327173,28.0890154028706,0
                  85.5463934832689,28.0889783633509,0
                  85.5464071294077,28.0889471721765,0
                  85.5464085182761,28.0889411537465,0
                  85.5464558190005,28.0889127733119,0
                  85.5465205616955,28.0887774022224,0
                  85.5465029045969,28.0886361454333,0
                  85.5464205048033,28.0885478599401,0
                  85.5464381619019,28.0884654601465,0
                  85.5464381619019,28.0884473477851,0
                  85.5463973821657,28.0884247200046,0
                  85.5463954327173,28.0883993771754,0
                  85.5463525448524,28.0883311464813,0
                  85.5463291514716,28.0883038542037,0
                  85.5462628702259,28.0882453707516,0
                  85.5462082856706,28.0882044323352,0
                  85.5461342066313,28.0881712917123,0
                  85.5460757231793,28.0881206060539,0
                  85.5460698748341,28.0880757687406,0
                  85.5460913187665,28.088048476463,0
                  85.5461030154569,28.0879841446657,0
                  85.5461205604925,28.0879237117652,0
                  85.5461322571829,28.0878827733488,0
                  85.546142004425,28.0878320876903,0
                  85.546142004425,28.0877969976191,0
                  85.5461030154569,28.0877599580994,0
                  85.5460952176633,28.0877502108574,0
                  85.5461459033217,28.0877365647186,0
                  85.5461770944962,28.087738514167,0
                  85.5462531229839,28.0877599580994,0
                  85.5462823647099,28.0877833514803,0
                  85.5463349998168,28.0878203909999,0
                  85.5463510296722,28.0878424320512,0
                  85.5463661909912,28.0878632788648,0
                  85.5463886046108,28.0879043705007,0
                  85.5463895843721,28.0879061667296,0
                  85.5464188260981,28.0879646501817,0
                  85.546435931418,28.0879912584571,0
                  85.5464488551014,28.0880113619646,0
                  85.5464539161693,28.0880133863917,0
                  85.5464792589986,28.0880172852885,0
                  85.5464968040342,28.0880211841854,0
                  85.5465467422223,28.0880618745609,0
                  85.546549439141,28.0880640720502,0
                  85.5465591863831,28.0880933137762,0
                  85.5465611358315,28.0881108588119,0
                  85.5465923270059,28.0881498477799,0
                  85.5466157203867,28.0881556961251,0
                  85.5466644565968,28.0881439994347,0
                  85.5466839510808,28.0881225555023,0
                  85.5467034455648,28.088097212673,0
                  85.5467385356361,28.0880796676374,0
                  85.5467580301201,28.0880835665342,0
                  85.5467931201913,28.0881069599151,0
                  85.5468262608142,28.0881128082603,0
                  85.5468418564014,28.0880835665342,0
                  85.5468379575046,28.0880523753598,0
                  85.5468671992306,28.0880328808758,0
                  85.5469042387503,28.0879997402529,0
                  85.5469373793731,28.0880016897013,0
                  85.5469510255119,28.0880114369433,0
                  85.546970519996,28.0880094874949,0
                  85.5469978122736,28.0880153358401,0
                  85.5470407001384,28.0880231336338,0
                  85.5470874869001,28.0880094874949,0
                  85.5471089308325,28.0879899930109,0
                  85.5471615659394,28.0879743974237,0
                  85.5471849593202,28.0879802457689,0
                  85.5472395438755,28.0880075380465,0
                  85.5472824317403,28.0880543248082,0
                  85.5472980273276,28.0880601731534,0
                  85.5473253196052,28.088058223705,0
                  85.5473233701568,28.0880328808758,0
                  85.5473253196052,28.0879763468721,0
                  85.5473155723632,28.0879451556977,0
                  85.5472785328435,28.0879120150748,0
                  85.5472375944271,28.0878574305196,0
                  85.5471947065622,28.0878320876903,0
                  85.5471852714257,28.0878226525538,0
                  85.5472798169368,28.0878121474971,0
                  85.5473210168336,28.0877827189993,0
                  85.5473285116783,28.0877815659463,0
                  85.5473623591249,28.0877989470675,0
                  85.5474032975413,28.0878223404483,0
                  85.5474617809934,28.0878359865871,0
                  85.5475553545167,28.0878847227972,0
                  85.5476255346592,28.0878944700392,0
                  85.5476840181113,28.087908116178,0
                  85.5477347037697,28.0879022678328,0
                  85.5477580971505,28.0878515821743,0
                  85.5478068333606,28.0878008965159,0
                  85.5477853894282,28.0877560592026,0
                  85.5477561477021,28.0877268174766,0
                  85.5476703719724,28.0876917274053,0
                  85.5475767984491,28.0876741823697,0
                  85.547508567755,28.0876410417469,0
                  85.5474149942317,28.0876118000209,0
                  85.5473369189117,28.0875900115595,0
                  85.5473311679504,28.08758840664,0
                  85.547310906456,28.087577655643,0
                  85.5472356449787,28.0875377209816,0
                  85.5472061005572,28.0875278728411,0
                  85.5471713131814,28.0875162770491,0
                  85.5471147791778,28.0875026309103,0
                  85.5470699418645,28.0874714397359,0
                  85.5470484979321,28.0874519452519,0
                  85.5470543462773,28.0874324507678,0
                  85.5470796891065,28.0874032090418,0
                  85.5470855374517,28.0873583717285,0
                  85.5470835880033,28.0873466750381,0
                  85.5470857975762,28.0873372843535,0
                  85.5470913857969,28.0873135344153,0
                  85.5470543462773,28.087249202618,0
                  85.547047955228,28.0872440098905,0
                  85.5470312155791,28.0872304089257,0
                  85.5470231551028,28.0872238597888,0
                  85.5470036606188,28.0872160619952,0
                  85.5469684919062,28.0872068875484,0
                  85.5469588233056,28.0872043653048,0
                  85.5469536483574,28.0872013212176,0
                  85.5469256826827,28.0871848708207,0
                  85.5469105289642,28.0871851514451,0
                  85.546820412469,28.0871868202691,0
                  85.5467872718462,28.0871575785431,0
                  85.5467677773621,28.0871029939878,0
                  85.5467615514654,28.0870793355802,0
                  85.5467580301201,28.0870659544682,0
                  85.5467452974934,28.0870561156203,0
                  85.5467151422553,28.0870328138453,0
                  85.5466878499776,28.0870230666033,0
                  85.5466578197411,28.0870001864231,0
                  85.5466469115612,28.0869918754289,0
                  85.5466352148708,28.0869743303933,0
                  85.546585909182,28.0869696789132,0
                  85.5465318941054,28.0869645831513,0
                  85.5464636634114,28.0869411897704,0
                  85.5464012810625,28.0869119480444,0
                  85.5463759529518,28.0868876330581,0
                  85.5463525448524,28.0868651612827,0
                  85.5463410193176,28.0868634537961,0
                  85.5462609637597,28.0868515937134,0
                  85.5461763722367,28.0867918820502,0
                  85.546131081099,28.0867692364813,0
                  85.5460574830003,28.0866899769904,0
                  85.5460413075942,28.0866851243685,0
                  85.5459895462939,28.0868145276191,0
                  85.5459612393329,28.0869560624244,0
                  85.5459499165485,28.0870353219154,0
                  85.5459216095874,28.087239132035,0
                  85.545831027312,28.0875052174689,0
                  85.5457347836444,28.0877033661964,0
                  85.5457121380755,28.0877599801185,0
                  85.5456725083301,28.087799609864,0
                  85.5455932488391,28.0878958535316,0
                  85.5455875874469,28.087986435807,0
                  85.5455875874469,28.0880600339057,0
                  85.5456016615621,28.0881198488954,0
                </coordinates>
              </LinearRing>
            </outerBoundaryIs>
          </Polygon>
        </MultiGeometry>
      </Placemark>
      <Placemark>
        <Style>
          <LineStyle>
            <color>ff0000ff</color>
          </LineStyle>
          <PolyStyle>
            <fill>0</fill>
          </PolyStyle>
        </Style>
        <MultiGeometry>
          <Polygon>
            <outerBoundaryIs>
              <LinearRing>
                <coordinates>
                  85.5459381582723,28.0902359682278,0
                  85.5459527472445,28.0902651461722,0
                  85.5459697314212,28.0903274214866,0
                  85.5459810542056,28.0904066809775,0
                  85.5459810542056,28.0904632948997,0
                  85.5459672154837,28.0905151901069,0
                  85.545994534387,28.0905425090102,0
                  85.5460289364176,28.0905476693148,0
                  85.5460974456043,28.0905593660052,0
                  85.5461088638021,28.0905613154536,0
                  85.5461453051956,28.0905623566363,0
                  85.5461770944962,28.090563264902,0
                  85.5461889985747,28.0905700672326,0
                  85.5461946395318,28.0905710626957,0
                  85.5462146421514,28.090574188105,0
                  85.5462471396393,28.090553877175,0
                  85.5463207377381,28.0905255702139,0
                  85.5463433833069,28.0905029246451,0
                  85.5463540311338,28.0904912120355,0
                  85.5463508923052,28.0904874846765,0
                  85.5463817865785,28.0904579946883,0
                  85.5463817865785,28.0904209551687,0
                  85.5464090788561,28.090374168407,0
                  85.5464149272013,28.0903215333002,0
                  85.5464090788561,28.0902766959869,0
                  85.5464051799593,28.0902123641896,0
                  85.5464246744433,28.09017532467,0
                  85.5464578150661,28.0901285379083,0
                  85.5464500172725,28.0901012456307,0
                  85.5464266238917,28.090073953353,0
                  85.5464051799593,28.0900486105238,0
                  85.5463993316141,28.0900135204526,0
                  85.5463759382333,28.0899589358973,0
                  85.5462862636067,28.089904351342,0
                  85.546210235119,28.0898575645804,0
                  85.5461731955994,28.0898283228543,0
                  85.5461674406782,28.0898264730583,0
                  85.5461381055282,28.0897951822315,0
                  85.5460776726277,28.0897678899539,0
                  85.5460523297985,28.0897581427119,0
                  85.5460191891756,28.0897269515374,0
                  85.5459977452432,28.0897211031922,0
                  85.5459431606879,28.0897074570534,0
                  85.5458495871646,28.0896918614662,0
                  85.5458359410258,28.0896899120178,0
                  85.5458338656345,28.089691987409,0
                  85.5458366887042,28.0897131604316,0
                  85.5458649956653,28.0898094040992,0
                  85.545910286803,28.0899962300422,0
                  85.545938593764,28.0901037964942,0
                  85.545938593764,28.0902340085151,0
                  85.5459381582723,28.0902359682278,0
                </coordinates>
              </LinearRing>
            </outerBoundaryIs>
          </Polygon>
        </MultiGeometry>
      </Placemark>
      <Placemark>
        <Style>
          <LineStyle>
            <color>ff0000ff</color>
          </LineStyle>
          <PolyStyle>
            <fill>0</fill>
          </PolyStyle>
        </Style>
        <MultiGeometry>
          <Polygon>
            <outerBoundaryIs>
              <LinearRing>
                <coordinates>
                  85.5459131174991,28.0921022679458,0
                  85.545918778891,28.0921220828177,0
                  85.5459414244599,28.0921786967398,0
                  85.545998038382,28.0922466334463,0
                  85.5460433295197,28.0922862631918,0
                  85.5460829592651,28.0923428771139,0
                  85.546170470955,28.0923843300196,0
                  85.5461961871094,28.0924164752127,0
                  85.5462358168549,28.0925127188803,0
                  85.5463886744446,28.0926259467245,0
                  85.5465075636811,28.0927052062155,0
                  85.5465755003876,28.0928014498831,0
                  85.5466094687409,28.0928693865896,0
                  85.5466282092833,28.0928806309151,0
                  85.5467226965851,28.0929373232962,0
                  85.5468302630372,28.0929712916495,0
                  85.5468925383515,28.0929712916495,0
                  85.5469887820191,28.0928297568442,0
                  85.5471020098633,28.0927788043143,0
                  85.5471586237854,28.0927674815298,0
                  85.547226560492,28.0927504973532,0
                  85.5472831744141,28.0926938834311,0
                  85.5472986589442,28.0926695505981,0
                  85.5473494868877,28.0926485183457,0
                  85.5473896514025,28.0926043373794,0
                  85.5474598315449,28.0925224605465,0
                  85.5474832249258,28.09243278592,0
                  85.5474481348545,28.0923859991583,0
                  85.5473974491961,28.0923275157062,0
                  85.5474082309311,28.0922915765895,0
                  85.5473680952973,28.0922692790152,0
                  85.5473794180817,28.0921900195242,0
                  85.5473511111206,28.0921447283865,0
                  85.5473001585907,28.0921164214255,0
                  85.5472661902375,28.0921220828177,0
                  85.547226560492,28.0921164214255,0
                  85.5471189940399,28.0921334056021,0
                  85.5470057661957,28.0920937758566,0
                  85.5469378294892,28.0919805480124,0
                  85.5469265067047,28.0919409182669,0
                  85.5469259989566,28.0919400297076,0
                  85.5469208453125,28.0919409182669,0
                  85.5468415858216,28.0919579024435,0
                  85.5467566649384,28.091918272698,0
                  85.5466717440552,28.0918390132071,0
                  85.5466547598786,28.0917937220694,0
                  85.546666082663,28.0917201239706,0
                  85.5466547598786,28.0916748328329,0
                  85.5466774054474,28.0916125575186,0
                  85.5467679877228,28.0915219752432,0
                  85.5468585699982,28.0914144087912,0
                  85.5468550584143,28.0912985265213,0
                  85.5468189402527,28.0912898581625,0
                  85.5467510035462,28.0911992758871,0
                  85.5466377757019,28.0911256777884,0
                  85.5465811617798,28.0910577410818,0
                  85.5466321143097,28.0910011271597,0
                  85.5466547598786,28.0909614974142,0
                  85.5467170351929,28.0908595923544,0
                  85.5468925383515,28.090769010079,0
                  85.546909189505,28.0907573542716,0
                  85.5469491522736,28.0907123961569,0
                  85.5469944434113,28.0906727664114,0
                  85.5470057661957,28.0905991683127,0
                  85.5469717978424,28.0905878455283,0
                  85.5468642313904,28.0905765227438,0
                  85.5466830668396,28.0906218138815,0
                  85.5465302092499,28.0906218138815,0
                  85.5464613890546,28.0906089100949,0
                  85.5464110283045,28.0906197989057,0
                  85.5463319433953,28.0906232373801,0
                  85.5462921119519,28.0906159000089,0
                  85.5462180329126,28.0905866582829,0
                  85.5461770944962,28.090563264902,0
                  85.5461088638021,28.0905613154536,0
                  85.5460289364176,28.0905476693148,0
                  85.5459899474496,28.0905418209696,0
                  85.5459605268411,28.0905402725165,0
                  85.5459584086367,28.0905482157828,0
                  85.5459414244601,28.0906614436271,0
                  85.5459414244601,28.0908086398246,0
                  85.5459369058137,28.0909035314001,0
                  85.5459335304062,28.090974414956,0
                  85.5459244402835,28.0911653075339,0
                  85.5459074561068,28.091301180947,0
                  85.5458904719302,28.0914540385367,0
                  85.5458961333224,28.0916691714408,0
                  85.5459131174991,28.0919522410514,0
                  85.5459131174991,28.0921022679458,0
                </coordinates>
              </LinearRing>
            </outerBoundaryIs>
          </Polygon>
        </MultiGeometry>
      </Placemark>
      <Placemark>
        <Style>
          <LineStyle>
            <color>ff0000ff</color>
          </LineStyle>
          <PolyStyle>
            <fill>0</fill>
          </PolyStyle>
        </Style>
        <MultiGeometry>
          <Polygon>
            <outerBoundaryIs>
              <LinearRing>
                <coordinates>
                  85.5443837138066,28.0927132828086,0
                  85.544383601966,28.0927135064899,0
                  85.5443719052756,28.092771989942,0
                  85.5443797030692,28.092830473394,0
                  85.544394104826,28.0928472754437,0
                  85.5443930336899,28.0928665558935,0
                  85.5444185099549,28.0928892014624,0
                  85.5444524783081,28.0929118470312,0
                  85.5445090922303,28.0929203391196,0
                  85.5445855210251,28.0928835400702,0
                  85.5446279814667,28.0928693865896,0
                  85.5446987488694,28.0928580638052,0
                  85.5447468707032,28.0928240954519,0
                  85.5447383786149,28.0928014498831,0
                  85.5447298865265,28.0927788043143,0
                  85.5447383786149,28.0927221903921,0
                  85.5447402834329,28.092715523529,0
                  85.5447851883369,28.092670618625,0
                  85.5449138519314,28.0926004384825,0
                  85.5450109641963,28.0925479453664,0
                  85.5449988026566,28.0925297030569,0
                  85.5449167124695,28.0924957347037,0
                  85.5448204688019,28.0925268723608,0
                  85.5447440400071,28.0925919783713,0
                  85.5446194893784,28.092611793244,0
                  85.5445204150147,28.0926259467245,0
                  85.5443930336899,28.0926967141272,0
                  85.5443837138066,28.0927132828086,0
                </coordinates>
              </LinearRing>
            </outerBoundaryIs>
          </Polygon>
        </MultiGeometry>
      </Placemark>
      <Placemark>
        <Style>
          <LineStyle>
            <color>ff0000ff</color>
          </LineStyle>
          <PolyStyle>
            <fill>0</fill>
          </PolyStyle>
        </Style>
        <MultiGeometry>
          <Polygon>
            <outerBoundaryIs>
              <LinearRing>
                <coordinates>
                  85.5460413075942,28.0866851243685,0
                  85.5460574830003,28.0866899769904,0
                  85.546131081099,28.0867692364813,0
                  85.5461763722367,28.0867918820502,0
                  85.546200559615,28.0868089554936,0
                  85.5462180329126,28.0868105767274,0
                  85.5462901625035,28.0868203239695,0
                  85.5463544943008,28.0868105767274,0
                  85.5464480678241,28.0867715877594,0
                  85.5464812084469,28.0867267504461,0
                  85.5464714612049,28.0866955592717,0
                  85.5464968040341,28.0866117329904,0
                  85.5464909556889,28.0865493506415,0
                  85.5465026523793,28.0864947660863,0
                  85.5464656128597,28.0863972936661,0
                  85.5464695117565,28.0863544058013,0
                  85.5464168766496,28.0862569333812,0
                  85.5462901625035,28.0862354894487,0
                  85.546210235119,28.0862257422067,0
                  85.5461995767883,28.0862171467787,0
                  85.5461990178058,28.0862200814368,0
                  85.5461557066085,28.0862937104722,0
                  85.5461537266681,28.0863333092811,0
                  85.546125419707,28.0864748440864,0
                  85.5460857899615,28.0865937333228,0
                  85.5460461602161,28.0866729928138,0
                  85.5460413075942,28.0866851243685,0
                </coordinates>
              </LinearRing>
            </outerBoundaryIs>
          </Polygon>
        </MultiGeometry>
      </Placemark>
      <Placemark>
        <Style>
          <LineStyle>
            <color>ff0000ff</color>
          </LineStyle>
          <PolyStyle>
            <fill>0</fill>
          </PolyStyle>
        </Style>
        <MultiGeometry>
          <Polygon>
            <outerBoundaryIs>
              <LinearRing>
                <coordinates>
                  85.5453985643018,28.0889281697848,0
                  85.5453485789252,28.0889413238312,0
                  85.5452277131242,28.0889920094897,0
                  85.5451419373945,28.0890699874258,0
                  85.5449742848319,28.0891518642587,0
                  85.544713058746,28.0892142466076,0
                  85.5444869227313,28.0893156179245,0
                  85.5441750109869,28.0894364837254,0
                  85.5439020882106,28.0894988660743,0
                  85.5436603566087,28.0895924395976,0
                  85.5435005018397,28.0896665186369,0
                  85.543395231626,28.0897016087082,0
                  85.5433913327292,28.0897600921602,0
                  85.5435121985301,28.089705507605,0
                  85.543594075363,28.0896548219465,0
                  85.5437695257193,28.0896002373912,0
                  85.5439059871074,28.089584641804,0
                  85.5441438198125,28.0895534506296,0
                  85.5442724834071,28.0895729451136,0
                  85.5444440348665,28.0896002373912,0
                  85.5445999907387,28.0896275296689,0
                  85.5447364521268,28.0896548219465,0
                  85.5448573179278,28.0896002373912,0
                  85.5449352958639,28.0895144616615,0
                  85.5450366671808,28.0894442815191,0
                  85.5451497351881,28.0893624046862,0
                  85.5452861965763,28.0891635609491,0
                  85.5454382535517,28.0891089763938,0
                  85.5454499502421,28.089066088529,0
                  85.5454552900961,28.0890340494048,0
                  85.5454234070727,28.0889885022285,0
                  85.5453985643018,28.0889281697848,0
                </coordinates>
              </LinearRing>
            </outerBoundaryIs>
          </Polygon>
        </MultiGeometry>
      </Placemark>
      <Placemark>
        <Style>
          <LineStyle>
            <color>ff0000ff</color>
          </LineStyle>
          <PolyStyle>
            <fill>0</fill>
          </PolyStyle>
        </Style>
        <MultiGeometry>
          <Polygon>
            <outerBoundaryIs>
              <LinearRing>
                <coordinates>
                  85.5481362901406,28.0849449546064,0
                  85.5481206945533,28.0848669766703,0
                  85.5481050989661,28.0848201899086,0
                  85.5480817055853,28.0847578075597,0
                  85.5480544133077,28.0847149196949,0
                  85.5479725364748,28.0846408406556,0
                  85.5478789629515,28.0846603351396,0
                  85.5478750640547,28.0846954252109,0
                  85.5478789629515,28.0847695042502,0
                  85.5478906596419,28.0848201899086,0
                  85.5479296486099,28.0848630777735,0
                  85.5479569408875,28.0848903700511,0
                  85.548007626546,28.0849293590191,0
                  85.5480895033789,28.0849800446776,0
                  85.5481362901406,28.0849449546064,0
                </coordinates>
              </LinearRing>
            </outerBoundaryIs>
          </Polygon>
        </MultiGeometry>
      </Placemark>
      <Placemark>
        <Style>
          <LineStyle>
            <color>ff0000ff</color>
          </LineStyle>
          <PolyStyle>
            <fill>0</fill>
          </PolyStyle>
        </Style>
        <MultiGeometry>
          <Polygon>
            <outerBoundaryIs>
              <LinearRing>
                <coordinates>
                  85.5435084411569,28.0853029358984,0
                  85.5435806239076,28.0852689675452,0
                  85.5437108359285,28.0852180150153,0
                  85.5437904560176,28.0852007063002,0
                  85.5438467093415,28.0851500783087,0
                  85.5439089846558,28.0850708188178,0
                  85.5439259688325,28.0850425118567,0
                  85.5439316302247,28.0850085435034,0
                  85.5437278201051,28.0850311890723,0
                  85.5436542220063,28.0850255276801,0
                  85.5435409941621,28.0850255276801,0
                  85.5433937979646,28.0850425118567,0
                  85.5433145384736,28.0850425118567,0
                  85.5432296175904,28.0850538346411,0
                  85.5430880827851,28.08507648021,0
                  85.543031468863,28.0851614010931,0
                  85.5430371302552,28.0852293377997,0
                  85.5430258074708,28.0853029358984,0
                  85.5429578707642,28.0853538884283,0
                  85.5430088232942,28.0854048409583,0
                  85.5431163897462,28.0853821953894,0
                  85.5431730036683,28.0853482270361,0
                  85.5433201998658,28.0853085972907,0
                  85.5434107821412,28.0853029358984,0
                  85.5435084411569,28.0853029358984,0
                </coordinates>
              </LinearRing>
            </outerBoundaryIs>
          </Polygon>
        </MultiGeometry>
      </Placemark>
      <Placemark>
        <Style>
          <LineStyle>
            <color>ff0000ff</color>
          </LineStyle>
          <PolyStyle>
            <fill>0</fill>
          </PolyStyle>
        </Style>
        <MultiGeometry>
          <Polygon>
            <outerBoundaryIs>
              <LinearRing>
                <coordinates>
                  85.5439542757935,28.084702828324,0
                  85.5439825827546,28.0846348916174,0
                  85.5439712599702,28.084623568833,0
                  85.5438636935181,28.084623568833,0
                  85.5437278201051,28.0846405530096,0
                  85.5435183485932,28.0846575371863,0
                  85.5433485068269,28.0846971669318,0
                  85.5431786650605,28.0847707650305,0
                  85.5430201460786,28.0848613473059,0
                  85.5429861777253,28.0849406067969,0
                  85.5430484530396,28.0850198662878,0
                  85.5432409403748,28.0849236226202,0
                  85.5435013644166,28.0848443631293,0
                  85.543620253653,28.0848273789526,0
                  85.5437957568116,28.0847877492072,0
                  85.5439542757935,28.084702828324,0
                </coordinates>
              </LinearRing>
            </outerBoundaryIs>
          </Polygon>
        </MultiGeometry>
      </Placemark>
      <Placemark>
        <Style>
          <LineStyle>
            <color>ff0000ff</color>
          </LineStyle>
          <PolyStyle>
            <fill>0</fill>
          </PolyStyle>
        </Style>
        <MultiGeometry>
          <Polygon>
            <outerBoundaryIs>
              <LinearRing>
                <coordinates>
                  85.5482362011932,28.0966738817339,0
                  85.5483021628202,28.0967728241744,0
                  85.548328547471,28.0967926126625,0
                  85.5483747206099,28.0968387858013,0
                  85.5484011052607,28.0968849589402,0
                  85.5484011052607,28.0969707090553,0
                  85.5483813167726,28.0970960361465,0
                  85.5483879129353,28.0972213632378,0
                  85.5484340860742,28.0973137095155,0
                  85.548480259213,28.0973532864917,0
                  85.5485989901416,28.0973862673052,0
                  85.5487572980463,28.0973994596306,0
                  85.5488232596733,28.097412651956,0
                  85.5489353944391,28.0975313828845,0
                  85.5490409330423,28.0976633061385,0
                  85.5491398754827,28.0978545948567,0
                  85.5491926447843,28.0979601334598,0
                  85.5492388179232,28.0980986528765,0
                  85.5492849910621,28.0981580183407,0
                  85.5493047795502,28.0980590759003,0
                  85.5493113757129,28.0979799219479,0
                  85.5493179718756,28.0978743833448,0
                  85.549265202574,28.0977556524162,0
                  85.5491662601335,28.0976171329996,0
                  85.549047529205,28.097478613583,0
                  85.5489485867645,28.0973400941663,0
                  85.5487902788598,28.0972279594005,0
                  85.5487045287447,28.097194978587,0
                  85.5485857978162,28.0971224207973,0
                  85.5486055863043,28.0970498630077,0
                  85.5486781440939,28.0969443244045,0
                  85.5486847402566,28.0968651704521,0
                  85.548697932582,28.096759631849,0
                  85.548697932582,28.0966343047577,0
                  85.5486451632805,28.0964957853411,0
                  85.5485923939789,28.0964232275514,0
                  85.5484472783995,28.0962781119721,0
                  85.5483549321218,28.0962121503451,0
                  85.5482230088679,28.0961198040674,0
                  85.548110874102,28.0960802270912,0
                  85.5478338352687,28.0958823422103,0
                  85.5477678736418,28.0957833997698,0
                  85.5477151043402,28.0955657264008,0
                  85.5477678736418,28.0954008223334,0
                  85.5477348928283,28.0952491105914,0
                  85.5477282966656,28.0951963412898,0
                  85.5475567964355,28.0949456871073,0
                  85.5473127384157,28.0947609945518,0
                  85.5471346420229,28.094668648274,0
                  85.5470291034197,28.0946026866471,0
                  85.5468510070269,28.094516936532,0
                  85.5467322760983,28.0943982056035,0
                  85.5466201413325,28.0941937245599,0
                  85.5464948142412,28.0939760511909,0
                  85.5464024679635,28.0939100895639,0
                  85.546217775408,28.0937385893338,0
                  85.5460726598286,28.0936528392187,0
                  85.5459671212255,28.0936594353814,0
                  85.5459605250628,28.0938111471234,0
                  85.5460132943644,28.0938968972385,0
                  85.5461386214556,28.0940420128178,0
                  85.5462309677334,28.0941277629329,0
                  85.5463299101738,28.0942464938614,0
                  85.5463628909873,28.0943718209527,0
                  85.5463628909873,28.0945037442066,0
                  85.5463562948246,28.0945960904844,0
                  85.5463826794754,28.0946554559486,0
                  85.5464618334278,28.0947214175756,0
                  85.5465146027293,28.0948335523415,0
                  85.5465607758682,28.0948929178057,0
                  85.5466003528444,28.0949588794327,0
                  85.5466069490071,28.0950248410597,0
                  85.5466267374952,28.0951963412898,0
                  85.5466729106341,28.0953414568691,0
                  85.5468641993523,28.0955327455873,0
                  85.5469367571419,28.0957438227937,0
                  85.5470093149316,28.095822976746,0
                  85.5470686803959,28.0958625537222,0
                  85.5471610266736,28.0959087268611,0
                  85.5472467767887,28.0960076693015,0
                  85.5474050846934,28.0960934194166,0
                  85.5475831810863,28.0961791695317,0
                  85.5476557388759,28.0962187465078,0
                  85.547741488991,28.0962781119721,0
                  85.547807450618,28.0963704582499,0
                  85.5478206429433,28.0964694006903,0
                  85.5478536237568,28.0965551508054,0
                  85.5479393738719,28.0965551508054,0
                  85.5480185278243,28.0965023815038,0
                  85.5480712971258,28.0965155738292,0
                  85.5481570472409,28.0965683431308,0
                  85.5482362011932,28.0966738817339,0
                </coordinates>
              </LinearRing>
            </outerBoundaryIs>
          </Polygon>
        </MultiGeometry>
      </Placemark>
      <Placemark>
        <Style>
          <LineStyle>
            <color>ff0000ff</color>
          </LineStyle>
          <PolyStyle>
            <fill>0</fill>
          </PolyStyle>
        </Style>
        <MultiGeometry>
          <Polygon>
            <outerBoundaryIs>
              <LinearRing>
                <coordinates>
                  85.5156244169753,28.1307888065295,0
                  85.5154851222905,28.1309716308034,0
                  85.5155286518795,28.1309803367212,0
                  85.5156244169753,28.1309803367212,0
                  85.5157288879889,28.13094551305,0
                  85.5158333590026,28.1308497479542,0
                  85.5159291240984,28.1307452769405,0
                  85.5160248891942,28.1306843355159,0
                  85.5161990075503,28.1305624526667,0
                  85.5162251253037,28.1304928053242,0
                  85.5163208903995,28.1304057461462,0
                  85.5163818318241,28.1303535106394,0
                  85.5164514791666,28.130327392886,0
                  85.5166778330294,28.1303099810504,0
                  85.5167213626185,28.130240333708,0
                  85.5167474803719,28.1301532745299,0
                  85.5166691271116,28.1300575094341,0
                  85.5166691271116,28.1299965680095,0
                  85.5167735981253,28.1299269206671,0
                  85.5168345395499,28.1298224496534,0
                  85.5168606573033,28.129752802311,0
                  85.5170173638237,28.1296483312974,0
                  85.5171479525908,28.1295612721193,0
                  85.5172785413578,28.1295264484481,0
                  85.5174004242071,28.1295351543659,0
                  85.5175919543987,28.1295351543659,0
                  85.5177747786726,28.1294742129413,0
                  85.5178096023438,28.1293871537633,0
                  85.517844426015,28.1293000945853,0
                  85.5179227792752,28.1292130354072,0
                  85.5179401911108,28.1291607999004,0
                  85.517800896426,28.1290737407224,0
                  85.5177051313302,28.1291085643936,0
                  85.5176267780699,28.1292130354072,0
                  85.5176006603165,28.1292652709141,0
                  85.5175048952207,28.1293349182565,0
                  85.5173046591112,28.1293523300921,0
                  85.517182776262,28.1294219774345,0
                  85.5170608934128,28.1294916247769,0
                  85.5169651283169,28.1295264484481,0
                  85.5168519513855,28.1295960957906,0
                  85.5167126567006,28.1296309194618,0
                  85.5165733620158,28.1296831549686,0
                  85.5165124205912,28.1297963319,0
                  85.5163992436597,28.1298920969958,0
                  85.5162599489749,28.1299704502561,0
                  85.5161293602079,28.1300749212697,0
                  85.5160510069476,28.1301880982011,0
                  85.515859476756,28.1303535106394,0
                  85.5157985353314,28.130457981653,0
                  85.5157288879889,28.1306408059269,0
                  85.5156244169753,28.1307888065295,0
                </coordinates>
              </LinearRing>
            </outerBoundaryIs>
          </Polygon>
        </MultiGeometry>
      </Placemark>
      <Placemark>
        <Style>
          <LineStyle>
            <color>ff0000ff</color>
          </LineStyle>
          <PolyStyle>
            <fill>0</fill>
          </PolyStyle>
        </Style>
        <MultiGeometry>
          <Polygon>
            <outerBoundaryIs>
              <LinearRing>
                <coordinates>
                  85.5156331228931,28.1311457491595,0
                  85.5155808873863,28.1311892787485,0
                  85.5156331228931,28.1312676320087,0
                  85.5157375939067,28.1313633971045,0
                  85.515859476756,28.1314591622004,0
                  85.516033595112,28.1314852799538,0
                  85.5162512430571,28.1315113977072,0
                  85.5163644199885,28.1315026917894,0
                  85.5165124205912,28.1315375154606,0
                  85.5167039507828,28.1315810450496,0
                  85.5168345395499,28.1315375154606,0
                  85.5169477164813,28.1314330444469,0
                  85.5170173638237,28.1313895148579,0
                  85.5172175999332,28.1312415142553,0
                  85.5174091301249,28.1310848077348,0
                  85.5175745425631,28.1307017473515,0
                  85.5176093662343,28.1305363349133,0
                  85.5177399550014,28.1303796283928,0
                  85.5178531319328,28.1303012751326,0
                  85.517887955604,28.1301619804477,0
                  85.5180794857957,28.1300400975985,0
                  85.5182797219051,28.1298572733246,0
                  85.5183406633298,28.129752802311,0
                  85.5184277225078,28.1296135076262,0
                  85.518462546179,28.1294742129413,0
                  85.5184103106722,28.1293697419277,0
                  85.5183493692476,28.1293871537633,0
                  85.5183058396586,28.1294393892701,0
                  85.5182710159873,28.1295612721193,0
                  85.5182274863983,28.1296918608864,0
                  85.5181491331381,28.1298137437356,0
                  85.5180359562067,28.1299182147493,0
                  85.517887955604,28.1299617443383,0
                  85.5177486609192,28.1299443325027,0
                  85.5175919543987,28.1299791561739,0
                  85.5175048952207,28.1300400975985,0
                  85.5174178360427,28.1303012751326,0
                  85.5173830123715,28.130501511242,0
                  85.5173220709468,28.1306495118447,0
                  85.517226305851,28.1307626887761,0
                  85.5169651283169,28.1309368071322,0
                  85.5168345395499,28.1310238663102,0
                  85.5166691271116,28.131119631406,0
                  85.516564656098,28.1311631609951,0
                  85.5163034785639,28.1311979846663,0
                  85.5161728897969,28.1312676320087,0
                  85.5160597128654,28.1312763379265,0
                  85.5158420649204,28.1312328083375,0
                  85.5156331228931,28.1311457491595,0
                </coordinates>
              </LinearRing>
            </outerBoundaryIs>
          </Polygon>
        </MultiGeometry>
      </Placemark>
      <Placemark>
        <Style>
          <LineStyle>
            <color>ff0000ff</color>
          </LineStyle>
          <PolyStyle>
            <fill>0</fill>
          </PolyStyle>
        </Style>
        <MultiGeometry>
          <Polygon>
            <outerBoundaryIs>
              <LinearRing>
                <coordinates>
                  85.5201863179039,28.1276894997917,0
                  85.5201863179039,28.1277939708054,0
                  85.52036043626,28.1278287944766,0
                  85.5204997309448,28.1278375003944,0
                  85.5206042019585,28.1278375003944,0
                  85.5208392617392,28.1277852648876,0
                  85.5209959682596,28.1276546761205,0
                  85.5210307919308,28.1276285583671,0
                  85.5211526747801,28.1276024406137,0
                  85.5213442049717,28.1275850287781,0
                  85.5214225582319,28.1275066755179,0
                  85.5215009114922,28.1273847926686,0
                  85.5215879706702,28.1273499689974,0
                  85.5217882067797,28.1273760867508,0
                  85.522040678396,28.1273412630796,0
                  85.5221886789986,28.1272629098194,0
                  85.5222757381766,28.1272542039016,0
                  85.5224846802039,28.1273064394084,0
                  85.5225804452997,28.1273499689974,0
                  85.5227806814092,28.1273760867508,0
                  85.5229025642584,28.1273586749152,0
                  85.5230157411899,28.1272890275728,0
                  85.5230940944501,28.1272542039016,0
                  85.5233030364774,28.1272629098194,0
                  85.523407507491,28.1272890275728,0
                  85.5235032725868,28.1273412630796,0
                  85.5237122146141,28.1273151453262,0
                  85.5237644501209,28.1272890275728,0
                  85.5238776270523,28.1272542039016,0
                  85.5239646862304,28.1271758506414,0
                  85.5240517454084,28.1271410269702,0
                  85.5242258637644,28.1270800855456,0
                  85.5243825702849,28.1269843204497,0
                  85.5244957472163,28.1268885553539,0
                  85.5245741004766,28.1268537316827,0
                  85.5246524537368,28.1268102020937,0
                  85.5248701016819,28.1267144369978,0
                  85.5249832786133,28.12670573108,0
                  85.5251051614625,28.1267318488334,0
                  85.5252705739008,28.1267318488334,0
                  85.525348927161,28.1266534955732,0
                  85.5254098685856,28.1265577304774,0
                  85.5254621040924,28.1264184357925,0
                  85.5254621040924,28.1263662002857,0
                  85.5254533981746,28.1262356115187,0
                  85.5254969277637,28.126131140505,0
                  85.5255839869417,28.1260353754092,0
                  85.5257145757087,28.1259309043956,0
                  85.525836458558,28.1257916097107,0
                  85.5258886940648,28.1256697268615,0
                  85.5259496354894,28.1255913736013,0
                  85.526097636092,28.1255217262588,0
                  85.5262108130235,28.1254607848342,0
                  85.5263414017905,28.1254346670808,0
                  85.526454578722,28.1253650197384,0
                  85.5264284609686,28.1253127842316,0
                  85.5263501077083,28.1253301960672,0
                  85.5261759893523,28.1253476079028,0
                  85.5260889301742,28.1253476079028,0
                  85.5260192828318,28.1253737256562,0
                  85.5258190467224,28.125425961163,0
                  85.5256971638731,28.1254346670808,0
                  85.5254446922568,28.125513020341,0
                  85.5254446922568,28.1256000795191,0
                  85.5256275165307,28.1256871386971,0
                  85.5257058697909,28.1257654919573,0
                  85.5256101046951,28.1258438452176,0
                  85.5253576330788,28.1259396103134,0
                  85.5252531620652,28.1259309043956,0
                  85.5250006904489,28.1259309043956,0
                  85.5248352780106,28.1260179635736,0
                  85.5247917484216,28.1261050227516,0
                  85.5249484549421,28.1261398464228,0
                  85.5250790437091,28.1261398464228,0
                  85.525218338394,28.1261398464228,0
                  85.5252705739008,28.1261920819297,0
                  85.525261867983,28.1262965529433,0
                  85.5251661028872,28.1263836121213,0
                  85.5248701016819,28.1265229068062,0
                  85.5247395129148,28.1265664363952,0
                  85.5246089241478,28.1265664363952,0
                  85.5244522176273,28.1266360837376,0
                  85.5244348057917,28.1267405547512,0
                  85.5243477466137,28.1268276139293,0
                  85.5241475105042,28.1268972612717,0
                  85.5240778631618,28.1269233790251,0
                  85.5239124507235,28.1269756145319,0
                  85.5237557442031,28.1270365559565,0
                  85.5236251554361,28.1270887914634,0
                  85.5234423311622,28.1270626737099,0
                  85.5233291542308,28.1270191441209,0
                  85.5232420950527,28.1269582026963,0
                  85.5230940944501,28.1269233790251,0
                  85.522919976094,28.1269320849429,0
                  85.5226587985599,28.1269669086141,0
                  85.5224846802039,28.1269756145319,0
                  85.5222670322588,28.1270017322853,0
                  85.5219797369713,28.1270974973812,0
                  85.5218491482043,28.1271323210524,0
                  85.5216576180126,28.1271758506414,0
                  85.5214922055744,28.1272193802304,0
                  85.5213354990539,28.1272977334906,0
                  85.5211352629445,28.1273760867508,0
                  85.5209263209172,28.1274631459289,0
                  85.5208392617392,28.1275850287781,0
                  85.5207347907255,28.1276894997917,0
                  85.5206216137941,28.1276894997917,0
                  85.5204213776846,28.1276546761205,0
                  85.5201863179039,28.1276894997917,0
                </coordinates>
              </LinearRing>
            </outerBoundaryIs>
          </Polygon>
        </MultiGeometry>
      </Placemark>
      <Placemark>
        <Style>
          <LineStyle>
            <color>ff0000ff</color>
          </LineStyle>
          <PolyStyle>
            <fill>0</fill>
          </PolyStyle>
        </Style>
        <MultiGeometry>
          <Polygon>
            <outerBoundaryIs>
              <LinearRing>
                <coordinates>
                  85.5220755020672,28.1284382087228,0
                  85.5221799730808,28.1286384448322,0
                  85.5221799730808,28.1287516217637,0
                  85.5221364434918,28.1288996223663,0
                  85.522171267163,28.1290302111334,0
                  85.5222409145054,28.1290650348046,0
                  85.52230185593,28.1292565649962,0
                  85.522214796752,28.1294393892701,0
                  85.5220232665603,28.1295699780371,0
                  85.5218404422865,28.129665743133,0
                  85.5217969126975,28.1297702141466,0
                  85.5217011476016,28.129883391078,0
                  85.521640206177,28.1299182147493,0
                  85.5214225582319,28.1299704502561,0
                  85.5211265570266,28.1301358626943,0
                  85.520935026835,28.1302490396258,0
                  85.5207086729721,28.1303012751326,0
                  85.5204736131914,28.1303535106394,0
                  85.5203778480956,28.1304318638996,0
                  85.5201253764793,28.1305189230776,0
                  85.5198119634384,28.1305624526667,0
                  85.5196204332468,28.1307191591871,0
                  85.5194898444797,28.1308497479542,0
                  85.5192025491922,28.1308932775432,0
                  85.5191154900142,28.1309803367212,0
                  85.518950077576,28.1310412781458,0
                  85.5187150177953,28.1310586899814,0
                  85.5184973698502,28.1311631609951,0
                  85.5182884278229,28.1313198675155,0
                  85.5180968976313,28.1313895148579,0
                  85.5180098384533,28.1314417503647,0
                  85.5177921905082,28.131563633214,0
                  85.5174613656317,28.1316158687208,0
                  85.5171740703442,28.1316681042276,0
                  85.5171131289196,28.1318422225837,0
                  85.5170173638237,28.1320250468575,0
                  85.516651715276,28.1321034001178,0
                  85.5163731259063,28.1322078711314,0
                  85.5162425371393,28.132355871734,0
                  85.5160858306188,28.1324603427477,0
                  85.5159813596052,28.132712814364,0
                  85.5157637116601,28.1329217563912,0
                  85.5156679465643,28.1331306984185,0
                  85.5157550057423,28.1332090516787,0
                  85.5159639477696,28.1332699931033,0
                  85.5163034785639,28.1331481102541,0
                  85.5163470081529,28.1331132865829,0
                  85.5165124205912,28.1330262274049,0
                  85.5165472442624,28.1329130504734,0
                  85.51647759692,28.132799873542,0
                  85.516564656098,28.1327824617064,0
                  85.5167126567006,28.1328172853776,0
                  85.5169564223991,28.1326605788571,0
                  85.5168171277143,28.1325735196791,0
                  85.5168084217965,28.1324516368299,0
                  85.5170260697415,28.1323210480628,0
                  85.5171740703442,28.1322601066382,0
                  85.5175745425631,28.1321730474602,0
                  85.5176006603165,28.1321469297068,0
                  85.5174700715495,28.1320076350219,0
                  85.5174961893029,28.1319292817617,0
                  85.5176528958233,28.1320076350219,0
                  85.5177747786726,28.1320337527753,0
                  85.5179140733574,28.1319815172685,0
                  85.517931485193,28.1318335166659,0
                  85.5180359562067,28.1317551634056,0
                  85.5181665449737,28.1317116338166,0
                  85.518506075768,28.131650692392,0
                  85.5186714882063,28.1315288095428,0
                  85.5188717243157,28.1314330444469,0
                  85.5189849012472,28.1313895148579,0
                  85.519167725521,28.1313285734333,0
                  85.5193157261237,28.1313024556799,0
                  85.5194637267263,28.1313111615977,0
                  85.5195507859044,28.1312066905841,0
                  85.5196465510002,28.1311718669129,0
                  85.5198467871097,28.1311022195704,0
                  85.5199164344521,28.1310064544746,0
                  85.5200992587259,28.1308410420364,0
                  85.520273377082,28.1307801006117,0
                  85.5205345546161,28.1307801006117,0
                  85.5207347907255,28.1307104532693,0
                  85.5209002031638,28.1304840994064,0
                  85.5211004392733,28.1303883343106,0
                  85.5213442049717,28.1302751573792,0
                  85.5214922055744,28.1302316277902,0
                  85.5217620890263,28.1301445686121,0
                  85.5219013837111,28.1300488035163,0
                  85.5220929139028,28.1299443325027,0
                  85.522258326341,28.1299008029137,0
                  85.5223889151081,28.1298137437356,0
                  85.5224759742861,28.1298224496534,0
                  85.5226500926422,28.1297266845576,0
                  85.5226326808065,28.1296483312974,0
                  85.5227110340668,28.1295351543659,0
                  85.5227980932448,28.1294306833523,0
                  85.5229983293543,28.1292478590784,0
                  85.5231985654637,28.1291520939826,0
                  85.5232246832171,28.1290998584758,0
                  85.5231028003679,28.1290302111334,0
                  85.5232333891349,28.12900409338,0
                  85.5233988015732,28.1289779756266,0
                  85.5235468021758,28.1289344460375,0
                  85.5235468021758,28.1288647986951,0
                  85.5234771548334,28.1287167980925,0
                  85.5235468021758,28.1286645625857,0
                  85.5236948027785,28.1286558566679,0
                  85.5239037448058,28.1286210329966,0
                  85.5238689211345,28.1285339738186,0
                  85.5237383323675,28.1284382087228,0
                  85.5237383323675,28.1283337377092,0
                  85.5239646862304,28.1282640903667,0
                  85.5239995099016,28.1282118548599,0
                  85.5240082158194,28.1281160897641,0
                  85.5241213927508,28.1280638542573,0
                  85.5243477466137,28.1280116187504,0
                  85.5243912762027,28.1278897359012,0
                  85.5245479827231,28.1277591471342,0
                  85.5247569247504,28.1276111465315,0
                  85.5248004543394,28.1274544400111,0
                  85.5247221010792,28.1274109104221,0
                  85.5246524537368,28.1274109104221,0
                  85.5244260998739,28.1274631459289,0
                  85.5243129229425,28.1275414991891,0
                  85.5241649223398,28.1276024406137,0
                  85.5239298625592,28.1276459702027,0
                  85.5238166856277,28.1277156175452,0
                  85.5235642140114,28.1277939708054,0
                  85.5235119785046,28.127767853052,0
                  85.5233813897376,28.127811382641,0
                  85.5231985654637,28.1279245595724,0
                  85.5231724477103,28.1280551483395,0
                  85.5230679766967,28.1281073838463,0
                  85.5230070352721,28.1280551483395,0
                  85.5229722116008,28.1279942069148,0
                  85.5228677405872,28.1280464424217,0
                  85.5228242109982,28.1281160897641,0
                  85.5227980932448,28.1282292666955,0
                  85.5226849163134,28.1282902081201,0
                  85.5226936222312,28.1281335015997,0
                  85.5226587985599,28.1280203246683,0
                  85.5225456216285,28.1280203246683,0
                  85.5224846802039,28.1281073838463,0
                  85.5223802091903,28.1282815022023,0
                  85.5223366796012,28.1282640903667,0
                  85.5223105618478,28.1281422075175,0
                  85.5223192677656,28.1279942069148,0
                  85.522258326341,28.127898441819,0
                  85.5221016198206,28.127941971408,0
                  85.5220319724781,28.1280899720107,0
                  85.5219536192179,28.1281335015997,0
                  85.5217969126975,28.1280725601751,0
                  85.521596676588,28.127985500997,0
                  85.521466087821,28.1280029128326,0
                  85.5212310280403,28.1280377365039,0
                  85.5209959682596,28.1280116187504,0
                  85.5209176149994,28.1281073838463,0
                  85.5211352629445,28.1282292666955,0
                  85.5214312641498,28.1282292666955,0
                  85.5215009114922,28.1282553844489,0
                  85.521683735766,28.1283163258735,0
                  85.5217620890263,28.1283250317913,0
                  85.5219275014645,28.1284033850516,0
                  85.5220755020672,28.1284382087228,0
                </coordinates>
              </LinearRing>
            </outerBoundaryIs>
          </Polygon>
        </MultiGeometry>
      </Placemark>
      <Placemark>
        <Style>
          <LineStyle>
            <color>ff0000ff</color>
          </LineStyle>
          <PolyStyle>
            <fill>0</fill>
          </PolyStyle>
        </Style>
        <MultiGeometry>
          <Polygon>
            <outerBoundaryIs>
              <LinearRing>
                <coordinates>
                  85.5209611445884,28.1311544550773,0
                  85.5210307919308,28.1310412781458,0
                  85.5209959682596,28.1310412781458,0
                  85.5208044380679,28.1311457491595,0
                  85.5206912611365,28.1311979846663,0
                  85.5205258486982,28.1312502201731,0
                  85.5203778480956,28.1313982207757,0
                  85.5203343185066,28.131520103625,0
                  85.5200992587259,28.131650692392,0
                  85.5199599640411,28.1318335166659,0
                  85.5197945516028,28.1318857521727,0
                  85.5196639628358,28.1318683403371,0
                  85.5195420799865,28.1320337527753,0
                  85.5194463148907,28.1320772823644,0
                  85.5192634906168,28.1320859882822,0
                  85.5190719604252,28.1323036362272,0
                  85.5189500775759,28.1325561078435,0
                  85.5188804302335,28.1325038723367,0
                  85.5187759592199,28.1324429309121,0
                  85.5186714882063,28.1325474019257,0
                  85.5185408994392,28.1327389321174,0
                  85.5183841929188,28.1328172853776,0
                  85.5182187804805,28.1327911676242,0
                  85.5181752508915,28.1328259912954,0
                  85.517844426015,28.1329043445556,0
                  85.5177225431657,28.1329652859802,0
                  85.5176616017411,28.1330958747473,0
                  85.5174961893029,28.1331394043363,0
                  85.5174439537961,28.1330523451583,0
                  85.5172872472756,28.1330697569939,0
                  85.5172350117688,28.1332264635143,0
                  85.5171044230018,28.1334266996238,0
                  85.5168258336321,28.1334702292128,0
                  85.5166430093582,28.1335398765552,0
                  85.516521126509,28.1336878771579,0
                  85.5164079495775,28.1337923481715,0
                  85.5162512430571,28.1339055251029,0
                  85.5162599489749,28.13403611387,0
                  85.5164514791665,28.1339751724454,0
                  85.5167039507828,28.1338271718427,0
                  85.5169390105635,28.1337139949113,0
                  85.5170260697415,28.1336878771579,0
                  85.5172959531934,28.1336791712401,0
                  85.5175484248097,28.1337139949113,0
                  85.5179053674396,28.1335659943086,0
                  85.5180359562066,28.133548582473,0
                  85.5182884278229,28.1334876410484,0
                  85.5185844290282,28.1333222286102,0
                  85.5186976059597,28.1332438753499,0
                  85.5189500775759,28.1331219925007,0
                  85.5191154900142,28.1329130504734,0
                  85.5192634906168,28.1326866966105,0
                  85.5194376089729,28.1326083433503,0
                  85.5196378450824,28.1324690486655,0
                  85.5197684338494,28.1323819894874,0
                  85.5199425522055,28.132312342145,0
                  85.5201427883149,28.1321730474602,0
                  85.5202211415751,28.1319553995151,0
                  85.520273377082,28.1318335166659,0
                  85.52036043626,28.1316681042276,0
                  85.520447495438,28.1315897509674,0
                  85.5206738493009,28.131520103625,0
                  85.5208479676569,28.1314069266935,0
                  85.5209611445884,28.1311544550773,0
                </coordinates>
              </LinearRing>
            </outerBoundaryIs>
          </Polygon>
        </MultiGeometry>
      </Placemark>
      <Placemark>
        <Style>
          <LineStyle>
            <color>ff0000ff</color>
          </LineStyle>
          <PolyStyle>
            <fill>0</fill>
          </PolyStyle>
        </Style>
        <MultiGeometry>
          <Polygon>
            <outerBoundaryIs>
              <LinearRing>
                <coordinates>
                  85.5274818770227,28.1235019533286,0
                  85.527377406009,28.1236368950545,0
                  85.527155405105,28.1237457190271,0
                  85.526981286749,28.1239503080954,0
                  85.5269334042011,28.1241157205337,0
                  85.5269595219545,28.1242419563418,0
                  85.52693775716,28.1243594862322,0
                  85.5268637568586,28.1244204276568,0
                  85.5267679917628,28.1244900749992,0
                  85.5268550509409,28.1245336045882,0
                  85.526981286749,28.124498780917,0
                  85.5270552870503,28.1244160746979,0
                  85.5271205814338,28.1243116036843,0
                  85.5270944636804,28.1241548971638,0
                  85.5271771698995,28.1239198373831,0
                  85.5273208175433,28.1237761897394,0
                  85.5275602302829,28.1236978364792,0
                  85.5276559953787,28.1236238361778,0
                  85.5276690542554,28.1235411299587,0
                  85.527642936502,28.1234976003697,0
                  85.5276298776253,28.1234758355752,0
                  85.5274818770227,28.1235019533286,0
                </coordinates>
              </LinearRing>
            </outerBoundaryIs>
          </Polygon>
        </MultiGeometry>
      </Placemark>
      <Placemark>
        <Style>
          <LineStyle>
            <color>ff0000ff</color>
          </LineStyle>
          <PolyStyle>
            <fill>0</fill>
          </PolyStyle>
        </Style>
        <MultiGeometry>
          <Polygon>
            <outerBoundaryIs>
              <LinearRing>
                <coordinates>
                  85.5273034057077,28.126884202395,0
                  85.5275384654884,28.1267274958745,0
                  85.5277648193512,28.1264314946692,0
                  85.5278083489403,28.1262399644776,0
                  85.5278257607759,28.1261093757105,0
                  85.5278257607759,28.1259352573545,0
                  85.5277822311868,28.1258133745052,0
                  85.5276690542554,28.1257001975738,0
                  85.5277474075156,28.1255434910534,0
                  85.5278779962827,28.1254477259575,0
                  85.5279563495429,28.1252910194371,0
                  85.5279737613785,28.1250820774098,0
                  85.5280521146387,28.1248992531359,0
                  85.5280782323921,28.1247773702867,0
                  85.5280434087209,28.1247773702867,0
                  85.5279563495429,28.1249253708894,0
                  85.5278779962827,28.1250994892454,0
                  85.5277474075156,28.1252300780125,0
                  85.5275907009952,28.1251865484234,0
                  85.5273208175433,28.1252300780125,0
                  85.5272598761187,28.1253345490261,0
                  85.5272511702009,28.1255957265602,0
                  85.5272076406119,28.1257176094094,0
                  85.5270944636804,28.125822080423,0
                  85.5269290512422,28.1258569040943,0
                  85.5267810506395,28.1259613751079,0
                  85.5267375210505,28.1260919638749,0
                  85.5265285790232,28.1261180816283,0
                  85.5264241080096,28.1264053769158,0
                  85.5266939914615,28.1266752603677,0
                  85.5269986985846,28.1268929083128,0
                  85.5270770518448,28.1270060852442,0
                  85.527155405105,28.1271889095181,0
                  85.5273382293789,28.127415263381,0
                  85.5275732891596,28.1275719699014,0
                  85.5276516424198,28.1276242054082,0
                  85.5277822311868,28.1278070296821,0
                  85.5278431726115,28.1278853829423,0
                  85.5279389377073,28.1279027947779,0
                  85.5280085850497,28.1278766770245,0
                  85.5279389377073,28.1277460882575,0
                  85.52772999568,28.1276067935726,0
                  85.5275384654884,28.1273891456275,0
                  85.5273991708035,28.1272150272715,0
                  85.5273382293789,28.1271192621757,0
                  85.5273034057077,28.126884202395,0
                </coordinates>
              </LinearRing>
            </outerBoundaryIs>
          </Polygon>
        </MultiGeometry>
      </Placemark>
      <Placemark>
        <Style>
          <LineStyle>
            <color>ff0000ff</color>
          </LineStyle>
          <PolyStyle>
            <fill>0</fill>
          </PolyStyle>
        </Style>
        <MultiGeometry>
          <Polygon>
            <outerBoundaryIs>
              <LinearRing>
                <coordinates>
                  85.5268855216532,28.1274762048056,0
                  85.5267288151327,28.1273107923673,0
                  85.5265634026945,28.1271192621757,0
                  85.5264676375986,28.126971261573,0
                  85.5263718725028,28.1268580846416,0
                  85.5263283429138,28.126927731984,0
                  85.5263370488316,28.1269451438196,0
                  85.5262412837358,28.126971261573,0
                  85.5261890482289,28.1269538497374,0
                  85.5261368127221,28.127014791162,0
                  85.5261194008865,28.1270931444223,0
                  85.5259017529415,28.1270322029976,0
                  85.5257363405032,28.1270409089154,0
                  85.5256928109142,28.127058320751,0
                  85.5256841049964,28.1271453799291,0
                  85.5256928109142,28.1272498509427,0
                  85.5255448103115,28.1272237331893,0
                  85.5254664570513,28.1271192621757,0
                  85.5253881037911,28.1271366740113,0
                  85.5254142215445,28.1273282042029,0
                  85.5256666931608,28.127545852148,0
                  85.5258843411059,28.1275719699014,0
                  85.5259539884483,28.12745879297,0
                  85.5260932831331,28.1274500870522,0
                  85.526493755352,28.1276503231616,0
                  85.5267897565573,28.1277025586684,0
                  85.526850697982,28.127676440915,0
                  85.526894227571,28.1276154994904,0
                  85.5268855216532,28.1274762048056,0
                </coordinates>
              </LinearRing>
            </outerBoundaryIs>
          </Polygon>
        </MultiGeometry>
      </Placemark>
      <Placemark>
        <Style>
          <LineStyle>
            <color>ff0000ff</color>
          </LineStyle>
          <PolyStyle>
            <fill>0</fill>
          </PolyStyle>
        </Style>
        <MultiGeometry>
          <Polygon>
            <outerBoundaryIs>
              <LinearRing>
                <coordinates>
                  85.5281391738168,28.1283119729146,0
                  85.52808693831,28.128163972312,0
                  85.5280347028031,28.1280246776271,0
                  85.5278518785293,28.1279811480381,0
                  85.5275732891596,28.1278244415177,0
                  85.5272424642831,28.12745879297,0
                  85.5269899926668,28.1270931444223,0
                  85.5266765796259,28.126797143217,0
                  85.5264763435164,28.1267100840389,0
                  85.5264328139274,28.1267449077101,0
                  85.5265198731054,28.1268580846416,0
                  85.5267810506395,28.127058320751,0
                  85.5270161104202,28.1273978515453,0
                  85.5271815228585,28.127545852148,0
                  85.5274165826391,28.1278592651889,0
                  85.5276081128308,28.1280507953806,0
                  85.5277996430225,28.1281987959832,0
                  85.5278954081183,28.12825103149,0
                  85.5281391738168,28.1283119729146,0
                </coordinates>
              </LinearRing>
            </outerBoundaryIs>
          </Polygon>
        </MultiGeometry>
      </Placemark>
      <Placemark>
        <Style>
          <LineStyle>
            <color>ff0000ff</color>
          </LineStyle>
          <PolyStyle>
            <fill>0</fill>
          </PolyStyle>
        </Style>
        <MultiGeometry>
          <Polygon>
            <outerBoundaryIs>
              <LinearRing>
                <coordinates>
                  85.5254403392979,28.1306451588858,0
                  85.5254055156267,28.1304536286941,0
                  85.5252923386953,28.1301837452422,0
                  85.5252749268597,28.130105391982,0
                  85.5252662209418,28.1300009209684,0
                  85.5253445742021,28.1298180966945,0
                  85.5253271623665,28.1296962138453,0
                  85.5252662209418,28.1294176244756,0
                  85.5252052795172,28.1292435061195,0
                  85.5251791617638,28.1290955055169,0
                  85.525170455846,28.128912681243,0
                  85.5251878676816,28.1286602096268,0
                  85.5251617499282,28.1284860912707,0
                  85.5251443380926,28.1283293847502,0
                  85.5251356321748,28.1281552663942,0
                  85.5251878676816,28.1279637362025,0
                  85.5252575150241,28.1278070296821,0
                  85.5252749268597,28.1277460882575,0
                  85.5252923386953,28.127545852148,0
                  85.5252488091062,28.1275284403124,0
                  85.5251182203392,28.1276590290794,0
                  85.5250137493256,28.1278331474355,0
                  85.5249528079009,28.1280246776271,0
                  85.5249441019832,28.128294561079,0
                  85.5249005723941,28.1284860912707,0
                  85.5248135132161,28.1286863273802,0
                  85.5247961013805,28.1289039753252,0
                  85.5248570428051,28.1289649167499,0
                  85.5248309250517,28.1290867995991,0
                  85.5248135132161,28.1292522120373,0
                  85.5249092783119,28.1294524481468,0
                  85.5249005723941,28.1295220954892,0
                  85.5249179842297,28.1296962138453,0
                  85.52499633749,28.1298616262835,0
                  85.5250659848324,28.1300009209684,0
                  85.525083396668,28.1300879801464,0
                  85.5250485729968,28.1301402156532,0
                  85.5250050434078,28.1302533925847,0
                  85.5250485729968,28.1304362168585,0
                  85.525039867079,28.1304884523653,0
                  85.5249092783119,28.1304536286941,0
                  85.5248309250517,28.1302359807491,0
                  85.5247699836271,28.1300966860642,0
                  85.5247090422025,28.1299922150506,0
                  85.5247177481203,28.1298790381191,0
                  85.5246655126135,28.1295569191604,0
                  85.5246132771066,28.1294089185578,0
                  85.5245262179286,28.1292957416264,0
                  85.5244478646684,28.1293305652976,0
                  85.5244391587506,28.1294176244756,0
                  85.524421746915,28.1296788020097,0
                  85.5244043350794,28.1297571552699,0
                  85.5243433936548,28.1297571552699,0
                  85.5242476285589,28.1296439783385,0
                  85.5241692752987,28.1295220954892,0
                  85.5241344516275,28.1293740948866,0
                  85.5240735102029,28.1292522120373,0
                  85.5240212746961,28.1292260942839,0
                  85.5239690391892,28.1292348002017,0
                  85.523890685929,28.1294089185578,0
                  85.5238993918468,28.1295569191604,0
                  85.5239516273536,28.1297571552699,0
                  85.5239429214358,28.1299138617904,0
                  85.5239168036824,28.1299573913794,0
                  85.5238558622578,28.130018332804,0
                  85.5239516273536,28.1302969221737,0
                  85.5240996279563,28.1302882162559,0
                  85.5241953930521,28.1302620985025,0
                  85.5243520995726,28.1303926872695,0
                  85.5244913942574,28.130592923379,0
                  85.5247351599559,28.1306190411324,0
                  85.5247961013805,28.1304971582831,0
                  85.5247873954627,28.1304449227763,0
                  85.5248744546407,28.130592923379,0
                  85.5249615138187,28.1307496298994,0
                  85.5250659848324,28.1309150423377,0
                  85.5251443380926,28.1309498660089,0
                  85.5251965735994,28.1308541009131,0
                  85.5251965735994,28.1307409239816,0
                  85.525213985435,28.1306625707214,0
                  85.525257515024,28.1306103352146,0
                  85.5252923386953,28.1306451588858,0
                  85.5253532801199,28.1306886884748,0
                  85.5253619860377,28.1306886884748,0
                  85.5254403392979,28.1306451588858,0
                </coordinates>
              </LinearRing>
            </outerBoundaryIs>
          </Polygon>
        </MultiGeometry>
      </Placemark>
      <Placemark>
        <Style>
          <LineStyle>
            <color>ff0000ff</color>
          </LineStyle>
          <PolyStyle>
            <fill>0</fill>
          </PolyStyle>
        </Style>
        <MultiGeometry>
          <Polygon>
            <outerBoundaryIs>
              <LinearRing>
                <coordinates>
                  85.5289705889669,28.1252779605604,0
                  85.5291316484462,28.125338901985,0
                  85.5292665901722,28.1253737256562,0
                  85.5293754141447,28.1253867845329,0
                  85.5294929440351,28.125382431574,0
                  85.5295930620898,28.1253301960672,0
                  85.5296017680076,28.1252126661769,0
                  85.5294798851584,28.1250429007797,0
                  85.5294320026104,28.1249906652729,0
                  85.5294102378159,28.1250603126153,0
                  85.5294189437337,28.1250907833276,0
                  85.5294581203638,28.1251734895467,0
                  85.529449414446,28.1252300780125,0
                  85.5293580023091,28.1252823135193,0
                  85.5292361194599,28.1252736076015,0
                  85.529053295186,28.125208313218,0
                  85.5290010596792,28.1251996073001,0
                  85.5289618830491,28.1252300780125,0
                  85.5289401182546,28.125251842807,0
                  85.5289705889669,28.1252779605604,0
                </coordinates>
              </LinearRing>
            </outerBoundaryIs>
          </Polygon>
        </MultiGeometry>
      </Placemark>
      <Placemark>
        <Style>
          <LineStyle>
            <color>ff0000ff</color>
          </LineStyle>
          <PolyStyle>
            <fill>0</fill>
          </PolyStyle>
        </Style>
        <MultiGeometry>
          <Polygon>
            <outerBoundaryIs>
              <LinearRing>
                <coordinates>
                  85.5289705889669,28.1248774883414,0
                  85.5289140005012,28.1247599584511,0
                  85.528831294282,28.1246685463142,0
                  85.5287616469396,28.1245858400951,0
                  85.5286702348027,28.1244813690814,0
                  85.5286484700082,28.1243943099034,0
                  85.5285831756247,28.124281132972,0
                  85.5284961164466,28.1241636030816,0
                  85.5284525868576,28.1240634850269,0
                  85.5284569398165,28.1239633669722,0
                  85.5285178812411,28.1238980725886,0
                  85.5286092933781,28.1237805426983,0
                  85.5286310581726,28.1236847776025,0
                  85.5285744697069,28.1236194832189,0
                  85.5284134102275,28.1236543068902,0
                  85.5282741155427,28.1237544249449,0
                  85.5281783504468,28.1238719548352,0
                  85.5281043501455,28.1239851317667,0
                  85.5280651735154,28.1240939557392,0
                  85.5281348208578,28.1242463093007,0
                  85.5282175270769,28.1243725451089,0
                  85.5282131741181,28.1244465454102,0
                  85.5281522326934,28.1244639572458,0
                  85.528082585351,28.1243856039856,0
                  85.527995526173,28.1242985448076,0
                  85.5279302317895,28.1242288974651,0
                  85.5278214078169,28.1241723089994,0
                  85.5276081128307,28.1241157205337,0
                  85.5275036418171,28.1241723089994,0
                  85.5274557592692,28.1242593681774,0
                  85.5274339944747,28.1243420743966,0
                  85.527377406009,28.1244813690814,0
                  85.5275341125294,28.1246032519307,0
                  85.5277038779266,28.1246511344786,0
                  85.5278344666936,28.124677252232,0
                  85.5279607025018,28.1246641933553,0
                  85.5280869383099,28.1247164288621,0
                  85.5281348208578,28.1247686643689,0
                  85.5281652915701,28.1249253708894,0
                  85.5282654096249,28.1250254889441,0
                  85.5283611747207,28.125073371492,0
                  85.5284874105288,28.1251430188344,0
                  85.5286745877616,28.1251517247522,0
                  85.5287529410218,28.125116901081,0
                  85.5288269413231,28.1250603126153,0
                  85.5289705889669,28.1248774883414,0
                </coordinates>
              </LinearRing>
            </outerBoundaryIs>
          </Polygon>
        </MultiGeometry>
      </Placemark>
      <Placemark>
        <Style>
          <LineStyle>
            <color>ff0000ff</color>
          </LineStyle>
          <PolyStyle>
            <fill>0</fill>
          </PolyStyle>
        </Style>
        <MultiGeometry>
          <Polygon>
            <outerBoundaryIs>
              <LinearRing>
                <coordinates>
                  85.5229156231351,28.1305232760365,0
                  85.5230200941487,28.1304231579818,0
                  85.5231419769979,28.1302533925847,0
                  85.5232159772993,28.1301445686121,0
                  85.5232769187239,28.1299922150506,0
                  85.5232551539294,28.1298877440369,0
                  85.5231506829157,28.129883391078,0
                  85.5230984474089,28.129931273626,0
                  85.5229417408885,28.1299835091328,0
                  85.5228329169159,28.1301184508587,0
                  85.5227719754913,28.130240333708,0
                  85.5226587985599,28.1303970402284,0
                  85.5225456216284,28.1304405698174,0
                  85.5224150328614,28.1304100991051,0
                  85.5222800911355,28.1304666875708,0
                  85.5221538553273,28.130636452968,0
                  85.5221016198205,28.130679982557,0
                  85.5217751479029,28.1307365710227,0
                  85.5216445591359,28.1308236302007,0
                  85.521727265355,28.1308671597898,0
                  85.5220711491082,28.1308932775432,0
                  85.5222278556286,28.1308541009131,0
                  85.5224193858203,28.1308497479542,0
                  85.5225586805051,28.130810571324,0
                  85.5226675044777,28.1307539828583,0
                  85.5227066811078,28.130723512146,0
                  85.5229156231351,28.1305232760365,0
                </coordinates>
              </LinearRing>
            </outerBoundaryIs>
          </Polygon>
        </MultiGeometry>
      </Placemark>
      <Placemark>
        <Style>
          <LineStyle>
            <color>ff0000ff</color>
          </LineStyle>
          <PolyStyle>
            <fill>0</fill>
          </PolyStyle>
        </Style>
        <MultiGeometry>
          <Polygon>
            <outerBoundaryIs>
              <LinearRing>
                <coordinates>
                  85.548654669119,28.131167513954,0
                  85.5484979625986,28.1313938678168,0
                  85.5485153744342,28.1313764559812,0
                  85.5486285513656,28.1312632790498,0
                  85.5488200815573,28.131211043543,0
                  85.5490464354201,28.1310891606937,0
                  85.5492466715296,28.1309846896801,0
                  85.5494643194747,28.1308453949953,0
                  85.549673261502,28.1306625707214,0
                  85.54976032068,28.13054939379,0
                  85.5498647916936,28.1303926872695,0
                  85.549977968625,28.1302708044203,0
                  85.5500998514743,28.130148921571,0
                  85.5501694988167,28.1300096268862,0
                  85.5500911455565,28.1300096268862,0
                  85.5499953804606,28.1300531564752,0
                  85.549847379858,28.1301315097354,0
                  85.5497342029266,28.1302533925847,0
                  85.5496558496663,28.1303752754339,0
                  85.5495252608993,28.1305145701188,0
                  85.549359848461,28.1306538648036,0
                  85.5492205537762,28.1307931594884,0
                  85.5490464354201,28.1309150423377,0
                  85.5488549052285,28.1309933955979,0
                  85.548654669119,28.131167513954,0
                </coordinates>
              </LinearRing>
            </outerBoundaryIs>
          </Polygon>
        </MultiGeometry>
      </Placemark>
      <Placemark>
        <Style>
          <LineStyle>
            <color>ff0000ff</color>
          </LineStyle>
          <PolyStyle>
            <fill>0</fill>
          </PolyStyle>
        </Style>
        <MultiGeometry>
          <Polygon>
            <outerBoundaryIs>
              <LinearRing>
                <coordinates>
                  85.5483064324069,28.1314461033237,0
                  85.5479233720236,28.1315244565839,0
                  85.5476360767361,28.1316376335153,0
                  85.5473574873664,28.1317421045289,0
                  85.5472181926816,28.1318204577892,0
                  85.5470179565721,28.1319858702274,0
                  85.5468525441339,28.1320990471589,0
                  85.5467916027092,28.1321686945013,0
                  85.5468177204626,28.1321948122547,0
                  85.5470092506543,28.1321338708301,0
                  85.5473400755308,28.1319858702274,0
                  85.5476012530649,28.1318639873782,0
                  85.547862430599,28.1317246926933,0
                  85.5481410199687,28.1316289275975,0
                  85.5482193732289,28.1315853980085,0
                  85.5483064324069,28.1314461033237,0
                </coordinates>
              </LinearRing>
            </outerBoundaryIs>
          </Polygon>
        </MultiGeometry>
      </Placemark>
      <Placemark>
        <Style>
          <LineStyle>
            <color>ff0000ff</color>
          </LineStyle>
          <PolyStyle>
            <fill>0</fill>
          </PolyStyle>
        </Style>
        <MultiGeometry>
          <Polygon>
            <outerBoundaryIs>
              <LinearRing>
                <coordinates>
                  85.5541219854992,28.1225704201237,0
                  85.5539478671431,28.1227663032743,0
                  85.5538477490884,28.1228490094934,0
                  85.5537215132803,28.1229621864248,0
                  85.5536126893077,28.1230840692741,0
                  85.5534777475818,28.1231972462055,0
                  85.5534037472805,28.123262540589,0
                  85.5532862173901,28.1233931293561,0
                  85.5531948052532,28.1234671296574,0
                  85.5531382167875,28.1235454829176,0
                  85.5530642164861,28.1236934835203,0
                  85.553025039856,28.123750071986,0
                  85.5530424516916,28.1238023074928,0
                  85.553116451993,28.1237587779038,0
                  85.5531904522943,28.1236107773011,0
                  85.5532557466778,28.1234976003697,0
                  85.5534385709517,28.1233887763972,0
                  85.5536301011433,28.1232886583424,0
                  85.5537476310337,28.1231493636576,0
                  85.5538477490884,28.122997010096,0
                  85.5539565730609,28.1228925390824,0
                  85.5540479851979,28.1227924210277,0
                  85.5541393973348,28.1226966559318,0
                  85.5542090446772,28.1226183026716,0
                  85.5542221035539,28.1225660671648,0
                  85.5541219854992,28.1225704201237,0
                </coordinates>
              </LinearRing>
            </outerBoundaryIs>
          </Polygon>
        </MultiGeometry>
      </Placemark>
      <Placemark>
        <Style>
          <LineStyle>
            <color>ff0000ff</color>
          </LineStyle>
          <PolyStyle>
            <fill>0</fill>
          </PolyStyle>
        </Style>
        <MultiGeometry>
          <Polygon>
            <outerBoundaryIs>
              <LinearRing>
                <coordinates>
                  85.552054330021,28.124986312314,0
                  85.5520760948155,28.1249079590538,0
                  85.5521544480758,28.1247773702867,0
                  85.552232801336,28.1246685463142,0
                  85.5523024486784,28.1245553693827,0
                  85.5523503312263,28.1244770161225,0
                  85.5524156256099,28.1243725451089,0
                  85.5524765670345,28.1242637211363,0
                  85.5525244495824,28.1242071326706,0
                  85.5525026847879,28.1241636030816,0
                  85.5524460963222,28.1241984267528,0
                  85.5523459782674,28.1243507803144,0
                  85.552232801336,28.1245205457115,0
                  85.552145742158,28.1246685463142,0
                  85.5520848007333,28.1247599584511,0
                  85.5520456241032,28.1248557235469,0
                  85.5519977415553,28.1249601945606,0
                  85.551967270843,28.1250951362865,0
                  85.5519280942129,28.12516043067,0
                  85.5518758587061,28.1252474898481,0
                  85.5518149172815,28.1253650197384,0
                  85.5517713876924,28.1255043144232,0
                  85.551793152487,28.1255565499301,0
                  85.5518018584048,28.1256740798204,0
                  85.5518236231993,28.1256784327793,0
                  85.551836682076,28.125647962067,0
                  85.5518323291171,28.1255521969712,0
                  85.551836682076,28.1254825496287,0
                  85.5518540939116,28.1254172552452,0
                  85.5519150353362,28.1253127842316,0
                  85.5519585649252,28.1251865484234,0
                  85.5520020945142,28.1250994892454,0
                  85.552054330021,28.124986312314,0
                </coordinates>
              </LinearRing>
            </outerBoundaryIs>
          </Polygon>
        </MultiGeometry>
      </Placemark>
      <Placemark>
        <Style>
          <LineStyle>
            <color>ff0000ff</color>
          </LineStyle>
          <PolyStyle>
            <fill>0</fill>
          </PolyStyle>
        </Style>
        <MultiGeometry>
          <Polygon>
            <outerBoundaryIs>
              <LinearRing>
                <coordinates>
                  85.5466784257778,28.132181753378,0
                  85.546800308627,28.1320685764466,0
                  85.546978779942,28.131959752474,0
                  85.5470832509556,28.1318509285015,0
                  85.5471311335035,28.1318073989125,0
                  85.5470832509556,28.1317638693235,0
                  85.5469396033119,28.1318465755426,0
                  85.5466784257778,28.1320119879808,0
                  85.5465043074217,28.1321556356246,0
                  85.5463737186547,28.1322862243916,0
                  85.5462431298876,28.1323645776518,0
                  85.5460124230659,28.1324864605011,0
                  85.5458687754221,28.1325517548846,0
                  85.545655480436,28.1325822255969,0
                  85.5453072437238,28.1326170492681,0
                  85.54512441945,28.1326779906927,0
                  85.544902418546,28.1327519909941,0
                  85.5446194762174,28.1327781087475,0
                  85.5444366519436,28.1328390501721,0
                  85.5441885332862,28.1329696389391,0
                  85.5440710033958,28.1330392862816,0
                  85.544018767889,28.1330741099528,0
                  85.5440361797246,28.1331132865829,0
                  85.5442668865464,28.1330610510761,0
                  85.544506299286,28.1330175214871,0
                  85.544771829779,28.1330001096515,0
                  85.5449764188473,28.1329914037336,0
                  85.5452637141348,28.1329696389391,0
                  85.5454378324909,28.1329130504734,0
                  85.5456641863538,28.132843403131,0
                  85.5459427757234,28.1327215202818,0
                  85.5461430118329,28.1325996374325,0
                  85.5462518358054,28.1325038723367,0
                  85.5466784257778,28.132181753378,0
                </coordinates>
              </LinearRing>
            </outerBoundaryIs>
          </Polygon>
        </MultiGeometry>
      </Placemark>
    </Folder>
    <Document id="landslide_fluvial_erosion_Oct2021_Dec2023">
      <name>landslide_fluvial_erosion_Oct2021_Dec2023</name>
      <Placemark id="landslide_fluvial_erosion_Oct2021_Dec2023.1">
        <Polygon>
          <outerBoundaryIs>
            <LinearRing>
              <coordinates>
                85.5598042215231,27.9689474363099,0
                85.5597943272791,27.9688946670083,0
                85.5597514522216,27.9688056188119,0
                85.5596953848386,27.9687330610222,0
                85.5596624040251,27.9686473109071,0
                85.5595964423982,27.9685153876532,0
                85.5595271826899,27.968324098935,0
                85.559481009551,27.9681855795184,0
                85.5594315383308,27.9681097236473,0
                85.55940515368,27.9677931078379,0
                85.5592864227514,27.9675622421435,0
                85.5590423647316,27.9673181841237,0
                85.5588444798507,27.9670444433718,0
                85.5586696815393,27.9668366642468,0
                85.5585608448548,27.9667113371556,0
                85.5584948832278,27.9666717601794,0
                85.5584948832278,27.9667509141318,0
                85.5585212678786,27.9668465584909,0
                85.558610316075,27.9669718855821,0
                85.5589104414777,27.967311587961,0
                85.5590423647316,27.9675490498181,0
                85.5591808841483,27.9677172519669,0
                85.5592171630431,27.967964608068,0
                85.5591808841483,27.9681591948676,0
                85.559263336182,27.968399954806,0
                85.559622827049,27.968835301544,0
                85.5597349618148,27.9689705228793,0
                85.5597778368724,27.9689837152047,0
                85.5598042215231,27.9689474363099,0
              </coordinates>
            </LinearRing>
          </outerBoundaryIs>
        </Polygon>
      </Placemark>
      <Placemark id="landslide_fluvial_erosion_Oct2021_Dec2023.2">
        <Polygon>
          <outerBoundaryIs>
            <LinearRing>
              <coordinates>
                85.5559388701827,27.9684840558804,0
                85.5559619567521,27.9684543731483,0
                85.5559586586708,27.9684378827415,0
                85.5559421682641,27.9683867624806,0
                85.55593227402,27.9683356422197,0
                85.5559537115488,27.9682713296334,0
                85.5559636057928,27.96826308443,0
                85.5559833942809,27.9682465940233,0
                85.5560345145418,27.9681987718437,0
                85.556069144396,27.9681575458269,0
                85.5561004761688,27.9681377573388,0
                85.5561285098602,27.9681229159727,0
                85.5561713849178,27.9680833389966,0
                85.5561796301212,27.9680487091424,0
                85.5561433512263,27.9680223244916,0
                85.5561054232908,27.9679662571087,0
                85.5560707934366,27.9679481176613,0
                85.5560576011112,27.9679464686206,0
                85.5560295674198,27.9679514157426,0
                85.5560097789317,27.9679728532714,0
                85.5560048318097,27.9679843965561,0
                85.5559751490775,27.9680388148983,0
                85.5559586586708,27.9680536562644,0
                85.5559421682641,27.968101478444,0
                85.5559025912879,27.9681493006235,0
                85.555851471027,27.9681361082981,0
                85.5558118940508,27.968101478444,0
                85.5557657209119,27.9680717957118,0
                85.5557376872204,27.9680965313219,0
                85.5557525285865,27.9681558967862,0
                85.5558069469288,27.9682004208844,0
                85.5558234373355,27.9682251564945,0
                85.5558217882948,27.9682564882674,0
                85.5558036488474,27.9683142046909,0
                85.5558036488474,27.9683686230332,0
                85.5557970526847,27.9683966567247,0
                85.5557937546034,27.9684510750669,0
                85.5558201392542,27.9684972482058,0
                85.5558910480031,27.9685087914905,0
                85.5559388701827,27.9684840558804,0
              </coordinates>
            </LinearRing>
          </outerBoundaryIs>
        </Polygon>
      </Placemark>
      <Placemark id="landslide_fluvial_erosion_Oct2021_Dec2023.3">
        <Polygon>
          <outerBoundaryIs>
            <LinearRing>
              <coordinates>
                85.5559464227103,27.9641766907974,0
                85.5559454663454,27.9641767616393,0
                85.5560246202978,27.9642823002424,0
                85.5560543030299,27.9643515599507,0
                85.556064197274,27.9644966755301,0
                85.5560905819247,27.9647110508177,0
                85.5561367550636,27.9649023395359,0
                85.5561730339585,27.964988089651,0
                85.5562983610497,27.9651068205795,0
                85.5564401785477,27.9652123591827,0
                85.5565819960457,27.9653607728434,0
                85.5566116787778,27.9654432248771,0
                85.5566710442421,27.9656246193513,0
                85.5567007269742,27.9658323984762,0
                85.5567436020317,27.965924744754,0
                85.5567897751706,27.966010494869,0
                85.5568194579028,27.9661259277162,0
                85.5567941534723,27.966217943827,0
                85.5567699866825,27.966228168238,0
                85.5567238135436,27.9662529038481,0
                85.5566463086319,27.9662809375396,0
                85.5566100297371,27.9663106202717,0
                85.5565984864524,27.9663980194275,0
                85.5566166258998,27.9664656300951,0
                85.5566281691845,27.9665332407628,0
                85.5566100297371,27.966663514976,0
                85.556580347005,27.9667327746843,0
                85.5565721018016,27.9667822459046,0
                85.5565391209881,27.9668679960196,0
                85.5565077892153,27.9669405538093,0
                85.5564302843036,27.9670510395345,0
                85.5564104958155,27.9670873184293,0
                85.5563808130834,27.9671450348529,0
                85.5563890582868,27.9672258378459,0
                85.5563824621241,27.9672983956356,0
                85.5563791640427,27.9674253717675,0
                85.5563461832293,27.967605117201,0
                85.5562901158463,27.9677123048448,0
                85.5562439427074,27.9678063001633,0
                85.5561944714872,27.9679332762952,0
                85.5561845772432,27.9680388148983,0
                85.5561895243652,27.968101478444,0
                85.5562060147719,27.9681394063795,0
                85.5562241542194,27.9682020699251,0
                85.5562340484634,27.9682993633249,0
                85.5562274523007,27.9683702720739,0
                85.5562142599753,27.9684197432941,0
                85.5562142599753,27.9684543731483,0
                85.5562340484634,27.9685071424498,0
                85.5562736254396,27.9685912435242,0
                85.5563115533751,27.968612681053,0
                85.5563280437818,27.9685599117514,0
                85.5563379380259,27.9684675654737,0
                85.5563445341886,27.9684016038467,0
                85.5563115533751,27.9682861709995,0
                85.5563016591311,27.9681806323963,0
                85.5562851687243,27.9679959398408,0
                85.5562983610497,27.9679233820512,0
                85.5563379380259,27.9678640165869,0
                85.5563940054088,27.967732093333,0
                85.556443476629,27.9676166604858,0
                85.5564797555239,27.9673956890354,0
                85.5564929478493,27.9672736600255,0
                85.5565391209881,27.9670922655513,0
                85.5566149768591,27.9669504480534,0
                85.5567122702589,27.9666882505861,0
                85.5567666886012,27.9666503226506,0
                85.5568293521468,27.9665959043084,0
                85.5568771743263,27.9665151013154,0
                85.5569052080178,27.9663980194275,0
                85.5568986118551,27.9663106202717,0
                85.5568932524729,27.9662932022796,0
                85.5569085060991,27.9662512548075,0
                85.5569151022619,27.9661457162043,0
                85.5568920156924,27.9660137929504,0
                85.5568062655774,27.9657994176627,0
                85.5567172173809,27.9653640709247,0
                85.5565457171508,27.9651562917998,0
                85.5563247457005,27.9649748973256,0
                85.5562521879108,27.964846272153,0
                85.5562093128533,27.9646351949467,0
                85.5561862262838,27.9644538004725,0
                85.5561620285329,27.964408561199,0
                85.5561581925924,27.9643548580321,0
                85.5560427597452,27.9641371846631,0
                85.5557393362611,27.9638370592604,0
                85.5553567588247,27.9633621355462,0
                85.5551654701065,27.9629399811336,0
                85.5550764219101,27.9625145286396,0
                85.5551654701065,27.9622572782944,0
                85.555208345164,27.9621253550405,0
                85.5551786624319,27.9620033260306,0
                85.5551390854557,27.9621847205048,0
                85.5550533353406,27.9623562207349,0
                85.5549873737137,27.9625969806733,0
                85.5550368449339,27.9628608271812,0
                85.5551258931303,27.963104885201,0
                85.5553171818485,27.9634841645561,0
                85.5555315571362,27.9637381168199,0
                85.5557624228306,27.9640118575719,0
                85.5559464227103,27.9641766907974,0
              </coordinates>
            </LinearRing>
          </outerBoundaryIs>
        </Polygon>
      </Placemark>
      <Placemark id="landslide_fluvial_erosion_Oct2021_Dec2023.4">
        <Polygon>
          <outerBoundaryIs>
            <LinearRing>
              <coordinates>
                85.5462166412262,27.8935182191257,0
                85.5462309677334,27.8935516476425,0
                85.5464816219159,27.8935648399679,0
                85.5466861029595,27.8935648399679,0
                85.5469037763285,27.8934658975274,0
                85.5469697379555,27.8933405704362,0
                85.5470488919078,27.8929777814879,0
                85.5470159110943,27.8927864927696,0
                85.5470818727213,27.8925754155633,0
                85.5471016612094,27.8923379537062,0
                85.5471676228364,27.8922060304523,0
                85.5473127384157,27.8920477225476,0
                85.5474182770189,27.8918498376667,0
                85.5474116808562,27.8915002410437,0
                85.5472137959753,27.8914012986033,0
                85.5468905840031,27.8913815101152,0
                85.546719083773,27.8914540679048,0
                85.5466597183087,27.891559606508,0
                85.5466135451698,27.8916717412738,0
                85.5465871605191,27.8917706837143,0
                85.5465871605191,27.8920345302222,0
                85.5465146027294,27.8923577421943,0
                85.5464486411024,27.8925160500991,0
                85.546435448777,27.8927667042816,0
                85.5464816219159,27.8930239546267,0
                85.5464618334278,27.8930965124164,0
                85.5463892756381,27.8931822625315,0
                85.5462829923069,27.8932413088266,0
                85.5462111792453,27.8932614164838,0
                85.5459605250628,27.8933999359005,0
                85.5455581591383,27.8935450514798,0
                85.5452547356543,27.8937033593845,0
                85.5448127927536,27.8938220903131,0
                85.54419275346,27.8938484749639,0
                85.5439552916029,27.8938814557774,0
                85.5439816762537,27.8939144365908,0
                85.5441993496227,27.8939144365908,0
                85.5444829846187,27.89388805194,0
                85.5447534272893,27.8939408212416,0
                85.5452151586781,27.8939144365908,0
                85.5455317744875,27.8938352826385,0
                85.5457692363446,27.8937429363607,0
                85.5459011595986,27.8936373977576,0
                85.5460066982017,27.8935714361306,0
                85.5461188329676,27.8935384553171,0
                85.5462166412262,27.8935182191257,0
              </coordinates>
            </LinearRing>
          </outerBoundaryIs>
        </Polygon>
      </Placemark>
      <Placemark id="landslide_fluvial_erosion_Oct2021_Dec2023.5">
        <Polygon>
          <outerBoundaryIs>
            <LinearRing>
              <coordinates>
                85.5068848572458,27.862562875292,0
                85.5067595301546,27.8628267217999,0
                85.5064824913213,27.8629784335419,0
                85.5061328946983,27.863149933772,0
                85.5058954328413,27.8633214340021,0
                85.5058162788889,27.8634599534188,0
                85.5057898942381,27.863717203764,0
                85.5056843556349,27.8638887039941,0
                85.5057305287738,27.8640997812004,0
                85.5060009714444,27.8641855313155,0
                85.5061460870237,27.8643372430575,0
                85.5062648179523,27.8645087432876,0
                85.5063439719046,27.8646010895654,0
                85.5066605877141,27.8646538588669,0
                85.5070035881743,27.8646538588669,0
                85.5072146653807,27.8647066281685,0
                85.5074059540989,27.8647198204939,0
                85.5075642620036,27.8646340703788,0
                85.5077093775829,27.8644493778233,0
                85.5078544931623,27.8643174545694,0
                85.5079864164162,27.8640931850377,0
                85.5080457818805,27.863868915506,0
                85.5081315319955,27.8634599534188,0
                85.5081843012971,27.8632488762125,0
                85.508382186178,27.86299822203,0
                85.5086328403605,27.8629520488911,0
                85.5089758408207,27.8629718373792,0
                85.5094243798841,27.8629586450538,0
                85.5097805726698,27.8628992795895,0
                85.5102027270824,27.8627739524983,0
                85.5106842469593,27.8628069333118,0
                85.510842554864,27.8627343755221,0
                85.5108359587013,27.8626684138952,0
                85.510492958241,27.8626354330817,0
                85.5102686887093,27.8625958561055,0
                85.5100444191776,27.8625892599428,0
                85.5096156686023,27.8626024522682,0
                85.5092594758167,27.862562875292,0
                85.5088373214041,27.8625430868039,0
                85.5085075132693,27.8623979712246,0
                85.5083492053645,27.8622990287841,0
                85.5081183396701,27.8622066825064,0
                85.5078017238607,27.8620945477405,0
                85.5075180888647,27.861975816812,0
                85.5073927617734,27.861909855185,0
                85.5072542423568,27.8618768743715,0
                85.5072080692179,27.8620022014628,0
                85.5072608385195,27.8622066825064,0
                85.5072146653806,27.8623254134349,0
                85.5071289152656,27.8623649904111,0
                85.507010184337,27.8623979712246,0
                85.5069640111981,27.86241116355,0
                85.5068848572458,27.862562875292,0
              </coordinates>
            </LinearRing>
          </outerBoundaryIs>
        </Polygon>
      </Placemark>
      <Placemark id="landslide_fluvial_erosion_Oct2021_Dec2023.6">
        <Polygon>
          <outerBoundaryIs>
            <LinearRing>
              <coordinates>
                85.5039825456591,27.8638920020754,0
                85.5040353149607,27.8637040114386,0
                85.5040814880996,27.8635621939406,0
                85.5041177669944,27.8634698476628,0
                85.5042266036789,27.8632620685379,0
                85.5043255461194,27.8631631260974,0
                85.5044970463495,27.8630345009248,0
                85.5045564118138,27.8629454527284,0
                85.5045696041392,27.8628728949388,0
                85.504398103909,27.8630377990062,0
                85.5042002190281,27.8631664241788,0
                85.5041276612385,27.8632554723752,0
                85.5040616996115,27.8634269726053,0
                85.5039759494964,27.8636314536489,0
                85.5038869013,27.8637040114386,0
                85.503801151185,27.8637996557977,0
                85.5037978531036,27.8639084924822,0
                85.503877007056,27.8639117905635,0
                85.5039297763576,27.8639183867262,0
                85.5039825456591,27.8638920020754,0
              </coordinates>
            </LinearRing>
          </outerBoundaryIs>
        </Polygon>
      </Placemark>
      <Placemark id="landslide_fluvial_erosion_Oct2021_Dec2023.7">
        <Polygon>
          <outerBoundaryIs>
            <LinearRing>
              <coordinates>
                85.5531965155414,27.9909538841078,0
                85.5532196021108,27.990927499457,0
                85.5532163040295,27.9909176052129,0
                85.5532031117041,27.9908912205621,0
                85.5531899193787,27.99086153783,0
                85.5531800251347,27.9908450474233,0
                85.5531536404839,27.9908021723657,0
                85.5531107654263,27.9907527011455,0
                85.5530579961248,27.9906735471931,0
                85.5529788421724,27.9905647105086,0
                85.552889793976,27.9905053450444,0
                85.5528106400236,27.9904789603936,0
                85.5527545726407,27.990492152719,0
                85.5527446783966,27.9905218354511,0
                85.5527413803153,27.9905581143459,0
                85.5527512745594,27.9906141817289,0
                85.5527710630474,27.9906405663797,0
                85.5528106400236,27.9906735471931,0
                85.5528667074066,27.9907164222507,0
                85.5530019287418,27.9908153646911,0
                85.5530876788569,27.9908978167248,0
                85.5531965155414,27.9909538841078,0
              </coordinates>
            </LinearRing>
          </outerBoundaryIs>
        </Polygon>
      </Placemark>
      <Placemark id="landslide_fluvial_erosion_Oct2021_Dec2023.8">
        <Polygon>
          <outerBoundaryIs>
            <LinearRing>
              <coordinates>
                85.5433991897667,27.8829855366834,0
                85.5433937979648,27.882993085206,0
                85.543399459357,27.8830440377359,0
                85.5441184561679,27.8830666833047,0
                85.544469462485,27.8831176358346,0
                85.5449053896854,27.8831742497568,0
                85.5453356554935,27.8832704934244,0
                85.5455564497897,27.8833440915231,0
                85.5458678263614,27.883366737092,0
                85.5461678801486,27.8833554143075,0
                85.5462471396396,27.8833384301309,0
                85.5463886744449,27.8832308636789,0
                85.5464735953281,27.8831232972269,0
                85.546524547858,27.8830666833047,0
                85.5466377757022,27.8829817624216,0
                85.5467057124087,27.8828572117929,0
                85.5467000510165,27.8827100155954,0
                85.5465981459567,27.8825514966135,0
                85.5464283041904,27.8823986390237,0
                85.5463037535617,27.8822740883951,0
                85.5460999434421,27.8821099080209,0
                85.5459244402835,27.8819966801767,0
                85.5457659213016,27.8818834523324,0
                85.5457149687717,27.8818381611948,0
                85.5456886140149,27.8818176630506,0
                85.5456923232029,27.8818324998026,0
                85.5456640162418,27.8818551453714,0
                85.5455677725742,27.8818664681559,0
                85.5455281428287,27.8819174206858,0
                85.5454602061222,27.8819683732157,0
                85.5453866080234,27.8820249871378,0
                85.5453130099247,27.882109908021,0
                85.5452394118259,27.882189167512,0
                85.5452394118259,27.8823137181406,0
                85.5452167662571,27.8823873162394,0
                85.545165813727,27.8824127925044,0
                85.545123722507,27.8824338381144,0
                85.5450582472752,27.8824665757303,0
                85.5448317915867,27.8824722371225,0
                85.5447525320957,27.8824892212992,0
                85.5446845953892,27.8825175282602,0
                85.5446336428593,27.8825684807902,0
                85.544627981467,27.8826137719278,0
                85.5446053358982,27.8827269997721,0
                85.5445034308384,27.8827722909098,0
                85.5444957250534,27.8827724481707,0
                85.54422602262,27.882777952302,0
                85.5441071333835,27.8827383225565,0
                85.543931630225,27.8827326611643,0
                85.5438410479496,27.8827553067331,0
                85.5437391428898,27.8827892750864,0
                85.5436202536533,27.8828402276163,0
                85.5435987999568,27.8828536361767,0
                85.5435296713779,27.8828968415384,0
                85.5434617346714,27.8829308098917,0
                85.5433991897667,27.8829855366834,0
              </coordinates>
            </LinearRing>
          </outerBoundaryIs>
        </Polygon>
      </Placemark>
      <Placemark id="landslide_fluvial_erosion_Oct2021_Dec2023.9">
        <Polygon>
          <outerBoundaryIs>
            <LinearRing>
              <coordinates>
                85.539587207632,28.0820868332652,0
                85.5397225787216,28.0817601769405,0
                85.5397461215198,28.0816983770953,0
                85.5397932071161,28.0815953773532,0
                85.539846178412,28.0815041490103,0
                85.5399138639568,28.0813717207705,0
                85.5399668352527,28.0812981495262,0
                85.540013920849,28.0812451782303,0
                85.5401139777413,28.081171606986,0
                85.5402228631829,28.0811245213897,0
                85.5403170343756,28.0810568358449,0
                85.5404259198171,28.0809685503517,0
                85.5405112624605,28.080939121854,0
                85.5405877765546,28.0808832077083,0
                85.5406554620994,28.0808066936143,0
                85.5407084333953,28.0807919793654,0
                85.5407878903391,28.0807537223184,0
                85.5408761758323,28.0806772082243,0
                85.5409585756259,28.0806242369284,0
                85.5410321468702,28.08060363698,0
                85.5411704608095,28.0805889227311,0
                85.5411998893072,28.0805506656841,0
                85.5412616891524,28.0804829801393,0
                85.5413676317443,28.0804005803457,0
                85.5414029459415,28.0803917517964,0
                85.5414676886365,28.0804064660452,0
                85.5415442027306,28.0803770375475,0
                85.5415971740265,28.0803387805005,0
                85.5416795738201,28.0803034663032,0
                85.5417413736653,28.0803005234534,0
                85.5417855164119,28.080279923505,0
                85.541797287811,28.0802504950073,0
                85.5417678593133,28.0802298950589,0
                85.5417090023178,28.0802063522607,0
                85.5417031166183,28.0801798666128,0
                85.5417560879142,28.0801210096173,0
                85.541823773459,28.0800680383214,0
                85.5418502591069,28.0800386098237,0
                85.5418679162055,28.0800032956264,0
                85.5418002306608,28.0800209527251,0
                85.5417708021631,28.0800327241242,0
                85.5417031166183,28.0800444955232,0
                85.5416619167215,28.0800709811712,0
                85.5416001168763,28.0801062953685,0
                85.541538317031,28.080138666716,0
                85.541461802937,28.0802181236598,0
                85.5414235458899,28.0802563807068,0
                85.5413382032465,28.0803211234018,0
                85.5412616891524,28.0803917517964,0
                85.5412146035561,28.080435894543,0
                85.5411292609127,28.0804653230407,0
                85.5410586325182,28.0804947515384,0
                85.5409732898748,28.0805330085854,0
                85.540867347283,28.0806006941302,0
                85.5407849474893,28.0806448368768,0
                85.5406584049491,28.0807272366704,0
                85.5405936622542,28.0808037507645,0
                85.5405406909583,28.0808567220604,0
                85.5404259198171,28.080900864807,0
                85.5403611771221,28.0809273504549,0
                85.5403140915258,28.0809597218024,0
                85.540208148934,28.0810568358449,0
                85.540181663286,28.0810774357933,0
                85.5401228062906,28.0810950928919,0
                85.5400286350979,28.0811598355869,0
                85.5399844923513,28.0812039783335,0
                85.5399079782572,28.0812275211317,0
                85.5398402927125,28.0812657781787,0
                85.5397843785668,28.0813334637235,0
                85.5397696643179,28.0813834921696,0
                85.5397049216229,28.0814246920664,0
                85.539678435975,28.0814541205642,0
                85.5396195789795,28.0815070918601,0
                85.5395607219841,28.0815424060573,0
                85.5395254077868,28.0815777202546,0
                85.5395077506882,28.0816012630528,0
                85.5394636079416,28.0816189201514,0
                85.5394018080964,28.0816395200998,0
                85.539381208148,28.0816836628464,0
                85.5393311797018,28.0817336912925,0
                85.5393076369037,28.0817778340391,0
                85.5393105797534,28.0818396338843,0
                85.5393194083028,28.081857290983,0
                85.5393282368521,28.0819043765793,0
                85.5393252940023,28.0819308622273,0
                85.5392958655046,28.0819632335748,0
                85.5392193514105,28.0820073763213,0
                85.5391958086123,28.0820426905186,0
                85.5391840372132,28.0820780047159,0
                85.5391693229644,28.0821074332136,0
                85.5391575515653,28.0821309760118,0
                85.5391251802178,28.0822016044063,0
                85.539122237368,28.0822398614533,0
                85.5391369516169,28.0823075469981,0
                85.5391604944151,28.0823310897963,0
                85.5391781515137,28.0823516897447,0
                85.53922523711,28.0823664039936,0
                85.5392458370585,28.0823487468949,0
                85.5392840941055,28.0823458040451,0
                85.5393341225516,28.0823193183972,0
                85.5393635510493,28.0822928327492,0
                85.5393929795471,28.0822545757022,0
                85.5394224080448,28.0822457471529,0
                85.5394518365425,28.0822428043031,0
                85.5394900935895,28.0821986615565,0
                85.5395018649886,28.0821810044579,0
                85.5395224649371,28.08215451881,0
                85.5395430648855,28.0821368617113,0
                85.539587207632,28.0820868332652,0
              </coordinates>
            </LinearRing>
          </outerBoundaryIs>
        </Polygon>
      </Placemark>
      <Placemark id="landslide_fluvial_erosion_Oct2021_Dec2023.10">
        <Polygon>
          <outerBoundaryIs>
            <LinearRing>
              <coordinates>
                85.5432863697958,28.082387003942,0
                85.5433187411433,28.0823487468949,0
                85.5433128554437,28.0823399183456,0
                85.5432863697958,28.0823281469465,0
                85.5432422270492,28.0823252040967,0
                85.5432157414012,28.0823369754958,0
                85.5431686558049,28.0823664039936,0
                85.5431451130067,28.082398775341,0
                85.5431097988094,28.0824429180876,0
                85.543050941814,28.0825017750831,0
                85.5430215133163,28.0825312035808,0
                85.5429979705181,28.0825518035292,0
                85.5429920848186,28.0825841748767,0
                85.5429979705181,28.0826077176749,0
                85.5430067990674,28.0826253747735,0
                85.543050941814,28.0826165462242,0
                85.5430980274104,28.0825812320269,0
                85.5431274559081,28.0825459178297,0
                85.5431598272556,28.0824958893835,0
                85.5431951414528,28.0824517466369,0
                85.543218684251,28.0824340895383,0
                85.5432863697958,28.082387003942,0
              </coordinates>
            </LinearRing>
          </outerBoundaryIs>
        </Polygon>
      </Placemark>
      <Placemark id="landslide_fluvial_erosion_Oct2021_Dec2023.11">
        <Polygon>
          <outerBoundaryIs>
            <LinearRing>
              <coordinates>
                85.5377302694257,28.0937081470158,0
                85.5376566981814,28.0937640611614,0
                85.537636098233,28.0937787754103,0
                85.5375448698901,28.0938258610067,0
                85.5375124985426,28.0938435181053,0
                85.537300613359,28.0939229750491,0
                85.537209385016,28.0939435749976,0
                85.5371770136685,28.0939700606455,0
                85.5371446423211,28.0939936034437,0
                85.5370475282786,28.0940318604907,0
                85.5369974998324,28.0940730603875,0
                85.5369356999872,28.0941113174346,0
                85.5368533001936,28.0941613458807,0
                85.5368327002452,28.0941819458291,0
                85.5368238716959,28.0942025457775,0
                85.5368709572922,28.094196660078,0
                85.5369415856868,28.0941613458807,0
                85.5370298711799,28.0941024888853,0
                85.5370534139781,28.0940789460871,0
                85.5372152707156,28.0939818320446,0
                85.5372682420115,28.0939759463451,0
                85.5373329847065,28.0939759463451,0
                85.5374183273499,28.0939406321478,0
                85.5374624700964,28.0939112036501,0
                85.537506612843,28.0938906037017,0
                85.5375478127398,28.0938582323542,0
                85.5376213839841,28.0938199753071,0
                85.5376802409796,28.0938023182085,0
                85.537739097975,28.0937964325089,0
                85.5377773550221,28.0937758325605,0
                85.5378156120691,28.0937405183633,0
                85.5378832976139,28.0936816613678,0
                85.5379362689098,28.093640461471,0
                85.5379921830555,28.0936139758231,0
                85.5381098970463,28.0935698330765,0
                85.5382423252861,28.0935404045788,0
                85.5383541535774,28.0934786047335,0
                85.5384012391738,28.0934374048367,0
                85.5384954103665,28.093407976339,0
                85.5385483816624,28.0933491193436,0
                85.5385336674135,28.0933461764938,0
                85.5384571533195,28.0933638335924,0
                85.5383865249249,28.0933991477897,0
                85.5383276679295,28.0934197477381,0
                85.5382982394318,28.0934374048367,0
                85.5382070110888,28.0934521190856,0
                85.5381481540934,28.0934609476349,0
                85.5380657542998,28.0934844904331,0
                85.5380451543514,28.0935050903815,0
                85.5379244975107,28.0935639473769,0
                85.5378214977687,28.0936551757199,0
                85.5377302694257,28.0937081470158,0
              </coordinates>
            </LinearRing>
          </outerBoundaryIs>
        </Polygon>
      </Placemark>
      <Placemark id="landslide_fluvial_erosion_Oct2021_Dec2023.12">
        <Polygon>
          <outerBoundaryIs>
            <LinearRing>
              <coordinates>
                85.5403092548051,28.1137909426164,0
                85.5403131537019,28.1138260326877,0
                85.540289760321,28.1138728194493,0
                85.5402663669402,28.113919606211,0
                85.5402741647338,28.113978089663,0
                85.5402663669402,28.1140248764247,0
                85.5402624680434,28.1140638653927,0
                85.5402819625274,28.1141145510512,0
                85.5402975581146,28.1141340455352,0
                85.5403521426699,28.1141145510512,0
                85.5403638393603,28.1140833598768,0
                85.5403833338443,28.1140443709087,0
                85.5404223228124,28.1140443709087,0
                85.5404340195028,28.1140911576704,0
                85.5404964018517,28.1140833598768,0
                85.5405353908197,28.1140521687023,0
                85.5405548853038,28.1140209775279,0
                85.5405665819942,28.113978089663,0
                85.540550986407,28.1139468984886,0
                85.5404730084709,28.1139001117269,0
                85.5404028283284,28.1138455271717,0
                85.5403599404635,28.1137870437196,0
                85.5403365470827,28.1137558525452,0
                85.5403092548051,28.1137909426164,0
              </coordinates>
            </LinearRing>
          </outerBoundaryIs>
        </Polygon>
      </Placemark>
      <Placemark id="landslide_fluvial_erosion_Oct2021_Dec2023.13">
        <Polygon>
          <outerBoundaryIs>
            <LinearRing>
              <coordinates>
                85.5139331094517,28.0943102538178,0
                85.5138762648845,28.0943651382275,0
                85.51380563649,28.0944504808709,0
                85.5136996938982,28.0945358235143,0
                85.5136172941046,28.0946211661576,0
                85.5135407800105,28.0946976802517,0
                85.5134495516675,28.0948183370924,0
                85.5133288948269,28.094900736886,0
                85.5133024091789,28.0949890223792,0
                85.5133730375735,28.0949801938299,0
                85.513443665968,28.094965479581,0
                85.51354666571,28.0949478224824,0
                85.513611408405,28.0949213368344,0
                85.5137144081471,28.0948536512897,0
                85.5137879793914,28.0947830228951,0
                85.5138998076827,28.094732994449,0
                85.5140028074247,28.0946564803549,0
                85.5141146357161,28.0945711377115,0
                85.5141649685949,28.0945224284739,0
                85.5142028729661,28.0944857468244,0
                85.514258835355,28.0944239952229,0
                85.5143059209513,28.094306281232,0
                85.5143794921956,28.0941915100909,0
                85.5144412920408,28.0940178819543,0
                85.5144707205385,28.093879568015,0
                85.5144883776372,28.093608825836,0
                85.514503091886,28.0935028832442,0
                85.5145119204354,28.0934322548497,0
                85.5145590060317,28.093311598009,0
                85.5146002059285,28.0932262553656,0
                85.5146502343747,28.0931144270743,0
                85.514788548314,28.0928672276934,0
                85.5148091482624,28.0927583422518,0
                85.5148326910605,28.0926935995568,0
                85.5148709481076,28.0926111997632,0
                85.5149092051546,28.0924758286737,0
                85.5149092051546,28.0924110859787,0
                85.5149327479528,28.0922845434385,0
                85.5149415765021,28.092225686443,0
                85.5150004334976,28.092149172349,0
                85.5150504619437,28.0920167441092,0
                85.5150887189907,28.0919402300151,0
                85.5150955274483,28.0918993792698,0
                85.5151269760377,28.0918534159469,0
                85.5152623471272,28.0916474164628,0
                85.5152858899254,28.0916003308665,0
                85.5153859468176,28.091411988481,0
                85.5153800611181,28.0914531883778,0
                85.515368289719,28.0915179310728,0
                85.5153153184231,28.091606216566,0
                85.5152858899254,28.0917239305569,0
                85.5152858899254,28.0918298731487,0
                85.5152800042258,28.0919122729423,0
                85.5152741185263,28.0920476440318,0
                85.5152976613245,28.0921594723232,0
                85.5153565183199,28.0922359864173,0
                85.5153859468176,28.0923242719104,0
                85.5154801180104,28.0924419859013,0
                85.515562517804,28.0924243288027,0
                85.5156390318981,28.0923125005113,0
                85.5156331461985,28.0922065579195,0
                85.5155978320012,28.09207118683,0
                85.5155978320012,28.091929930041,0
                85.5156037177008,28.0918122160501,0
                85.5156213747994,28.0917298162564,0
                85.5156743460953,28.0916238736646,0
                85.5157096602926,28.0916591878619,0
                85.5157332030908,28.0917239305569,0
                85.5157332030908,28.091800444651,0
                85.5157273173912,28.0919063872428,0
                85.515756745889,28.09194170144,0
                85.5157861743867,28.0919240443414,0
                85.5158156028844,28.091865187346,0
                85.5158626884808,28.0917710161533,0
                85.5158685741803,28.0916621307117,0
                85.5158303171333,28.0915973880167,0
                85.5158038314853,28.0915208739226,0
                85.5158391456826,28.0915091025235,0
                85.5159215454762,28.0914855597253,0
                85.5159833453214,28.0914149313308,0
                85.5160539737159,28.0913796171335,0
                85.5161010593123,28.0914355312792,0
                85.516092230763,28.0914973311244,0
                85.5161216592607,28.0915561881199,0
                85.5161540306082,28.0915591309697,0
                85.5161922876552,28.0915944451669,0
                85.5162629160498,28.0915856166176,0
                85.516324715895,28.0915532452701,0
                85.5163659157918,28.0915002739742,0
                85.5164041728388,28.0914090456313,0
                85.5163835728904,28.0913413600865,0
                85.5163364872941,28.0912295317952,0
                85.5163306015945,28.0911589034006,0
                85.5163541443927,28.0911294749029,0
                85.5163924014397,28.0911265320531,0
                85.5164100585384,28.0911383034522,0
                85.5164806869329,28.0911471320015,0
                85.5165277725293,28.0911383034522,0
                85.5165513153274,28.0911471320015,0
                85.5166749150179,28.0911589034006,0
                85.5167779147599,28.0910735607572,0
                85.5168132289572,28.0909617324659,0
                85.5168632574033,28.0908410756252,0
                85.5168632574033,28.0907939900289,0
                85.5168514860042,28.0907616186814,0
                85.5168014575581,28.0906909902868,0
                85.5167926290088,28.0906203618923,0
                85.5167838004595,28.0905232478498,0
                85.5167985147083,28.0904202481078,0
                85.5168250003563,28.0903584482626,0
                85.5168750288024,28.0902907627178,0
                85.5169162286992,28.0902672199196,0
                85.5170045141924,28.090211305774,0
                85.5170633711878,28.0901171345812,0
                85.5170574854883,28.090081820384,0
                85.5170368855399,28.0900229633885,0
                85.5170280569905,28.0899641063931,0
                85.5170368855399,28.0899317350456,0
                85.5170721997371,28.0898787637497,0
                85.5171016282349,28.0898287353036,0
                85.5171457709814,28.0897816497072,0
                85.5171575423805,28.0897492783597,0
                85.5171575423805,28.0896845356647,0
                85.5171487138312,28.0896433357679,0
                85.5171369424321,28.0896315643688,0
                85.5170721997371,28.0895638788241,0
                85.517048656939,28.0895197360775,0
                85.516983914244,28.0894667647816,0
                85.5169309429481,28.0894255648848,0
                85.516919171549,28.0893696507391,0
                85.5169691999951,28.0892489938984,0
                85.5170574854883,28.0891489370062,0
                85.5171575423805,28.0890959657103,0
                85.5173135134185,28.0890312230153,0
                85.5174753701559,28.0889458803719,0
                85.5176019126961,28.0888605377285,0
                85.5177049124382,28.0887575379865,0
                85.5177402266354,28.088569195601,0
                85.5175607127993,28.0885103386056,0
                85.5174900844048,28.088492681507,0
                85.5174017989116,28.0885221100047,0
                85.5173135134185,28.0885485956526,0
                85.517189913728,28.0885839098499,0
                85.517086913986,28.0886280525965,0
                85.5169868570937,28.0886251097467,0
                85.5168809145019,28.0886398239956,0
                85.5167985147083,28.0886927952915,0
                85.5167396577129,28.0887310523385,0
                85.5166454865202,28.0887781379349,0
                85.5165071725809,28.0888075664326,0
                85.5164012299891,28.0888693662778,0
                85.5163570872425,28.0890106230669,0
                85.5163070587963,28.089151879856,0
                85.5162658588995,28.0892607652975,0
                85.5161805162562,28.0893166794432,0
                85.5161864019557,28.0893990792368,0
                85.5161981733548,28.0894991361291,0
                85.5161981733548,28.0895991930213,0
                85.5161510877584,28.0897110213127,0
                85.516092230763,28.089822849604,0
                85.5160981164625,28.0899170207967,0
                85.5160569165657,28.0899699920926,0
                85.5159215454762,28.0900347347876,0
                85.5159392025748,28.0901524487785,0
                85.515898002678,28.0902995912671,0
                85.5157037745931,28.0904526194553,0
                85.5156037177008,28.0905762191457,0
                85.5156331461985,28.0906586189393,0
                85.5156213747994,28.0907586758316,0
                85.5155448607053,28.0908410756252,0
                85.5154448038131,28.0909646753157,0
                85.5152917756249,28.0911118178043,0
                85.5151328617372,28.0912825030911,0
                85.5149301095356,28.0914633361357,0
                85.5149003766053,28.0914782026009,0
                85.5148385767601,28.0915870880425,0
                85.514788548314,28.0916783163854,0
                85.5147708912153,28.0918078017754,0
                85.5147797197646,28.0919902584613,0
                85.5147856054642,28.092084429654,0
                85.5147826626144,28.0921668294476,0
                85.5146767200226,28.0922757148892,0
                85.5145884345294,28.0923698860819,0
                85.5145178061349,28.092446400176,0
                85.5145178061349,28.0925847141153,0
                85.5144883776372,28.0926847710075,0
                85.5144530634399,28.092743628003,0
                85.5143736064961,28.092884884792,0
                85.5143088638011,28.0930290844309,0
                85.5142558925052,28.0930997128254,0
                85.5141764355613,28.0932703981122,0
                85.5141146357161,28.0935146546433,0
                85.5141146357161,28.0936294257844,0
                85.5141146357161,28.0937324255264,0
                85.5140940357677,28.0938471966676,0
                85.5140587215704,28.0939590249589,0
                85.5140028074248,28.0940973388982,0
                85.5139704360773,28.0942297671379,0
                85.5139380647298,28.0942974526827,0
                85.5139331094517,28.0943102538178,0
              </coordinates>
            </LinearRing>
          </outerBoundaryIs>
        </Polygon>
      </Placemark>
      <Placemark id="landslide_fluvial_erosion_Oct2021_Dec2023.14">
        <Polygon>
          <outerBoundaryIs>
            <LinearRing>
              <coordinates>
                85.5099829916407,28.0981293834641,0
                85.5100005317345,28.0981025574382,0
                85.5100226031078,28.0980495861423,0
                85.5100240745327,28.0979804291727,0
                85.5100255459575,28.0979436435505,0
                85.5100505601806,28.097898029379,0
                85.5100917600774,28.0978627151818,0
                85.510149145648,28.0978126867357,0
                85.5101903455448,28.0977479440407,0
                85.510213888343,28.0977008584443,0
                85.5102756881882,28.0976596585475,0
                85.5103095309606,28.097614044376,0
                85.5103566165569,28.0975772587539,0
                85.5103934021791,28.0975551873806,0
                85.5104434306252,28.0975478302562,0
                85.5105125875949,28.0975478302562,0
                85.5105905731138,28.0975066303593,0
                85.510600873088,28.0974580733381,0
                85.5106082302125,28.0974212877159,0
                85.5106464872595,28.0973962734929,0
                85.5106832728816,28.097356545021,0
                85.5107097585296,28.0973197593988,0
                85.5107362441775,28.0972873880513,0
                85.510768615525,28.0972255882061,0
                85.5107803869241,28.0971637883609,0
                85.5107877440486,28.0971299455885,0
                85.5108760295417,28.0970519600695,0
                85.5109657864598,28.0969666174261,0
                85.5110099292064,28.0968959890316,0
                85.511065843352,28.0968444891606,0
                85.5111350003217,28.0967841607402,0
                85.5111938573171,28.0967532608176,0
                85.51122181439,28.0967311894443,0
                85.5111585431199,28.0967311894443,0
                85.511130586047,28.0967400179937,0
                85.5110820290258,28.0967650322167,0
                85.5109849149833,28.0968077035384,0
                85.510884858091,28.0969077604307,0
                85.5108539581684,28.0969651460012,0
                85.5107553727011,28.097032831546,0
                85.5106509015341,28.0970872742668,0
                85.5105949873885,28.0971328884383,0
                85.5105302446935,28.0972035168328,0
                85.5104919876464,28.0972594309785,0
                85.5104434306252,28.0973330022228,0
                85.5103992878786,28.0974154020164,0
                85.5103286594841,28.0975022160847,0
                85.5102904024371,28.0975360588571,0
                85.5102197740425,28.0975875587281,0
                85.5101920376833,28.0976181643658,0
                85.5102197740425,28.0975669587797,0
                85.5102286025918,28.0975139874838,0
                85.5102550882397,28.097446301939,0
                85.5102933452868,28.097408044892,0
                85.5102874595872,28.0973933306431,0
                85.5102609739393,28.0974139305915,0
                85.5102050597936,28.0974816161363,0
                85.5101844598452,28.0975345874322,0
                85.5101550313475,28.0975963872774,0
                85.5101197171502,28.0976434728738,0
                85.5100608601548,28.0976758442213,0
                85.5100284888073,28.0977023298692,0
                85.5100049460091,28.0977347012167,0
                85.5099725746616,28.0977670725642,0
                85.5099107748164,28.0978377009587,0
                85.5099122462412,28.097899500804,0
                85.5098901748679,28.0979421721257,0
                85.509876932044,28.0979877862971,0
                85.509890174868,28.0980319290437,0
                85.5099034176919,28.0980687146659,0
                85.5098975319924,28.098170242983,0
                85.5098960605675,28.0982276285536,0
                85.5099137176661,28.0983085569223,0
                85.5099563889878,28.0984056709648,0
                85.509979931786,28.0984615851105,0
                85.509979931786,28.0985160278312,0
                85.509941674739,28.0985439849041,0
                85.5098945891426,28.0985778276765,0
                85.5098842891684,28.098635213247,0
                85.5097945322504,28.0987102559162,0
                85.509785703701,28.098777941461,0
                85.5097562752033,28.0988250270573,0
                85.5097386181047,28.0988706412288,0
                85.5097165467314,28.0989206696749,0
                85.5097136038816,28.0990133694428,0
                85.5096915325083,28.0990663407387,0
                85.5096856468088,28.0990972406613,0
                85.5097003610577,28.0991325548585,0
                85.5097239038558,28.0991590405065,0
                85.50973420383,28.0991987689784,0
                85.50973420383,28.0992340831757,0
                85.5097297895554,28.0992796973471,0
                85.5097239038558,28.0993047115702,0
                85.509709189607,28.0993370829177,0
                85.5096915325083,28.0993694542652,0
                85.5096812325341,28.0994356683851,0
                85.5096944753581,28.0995739823244,0
                85.5096944753581,28.0996122393714,0
                85.5096900610835,28.0996534392682,0
                85.5096768182595,28.0997064105641,0
                85.5096467000313,28.0997666470204,0
                85.5096429754871,28.0997740961089,0
                85.5096238469636,28.0997991103319,0
                85.5095973613156,28.0998388388039,0
                85.5095429185948,28.0998932815247,0
                85.5095096722794,28.0999013903821,0
                85.5094590473763,28.0999874527174,0
                85.5093884189818,28.1000816239101,0
                85.5093413333854,28.1001463666051,0
                85.5092412764932,28.1002346520982,0
                85.5091235625023,28.1002346520982,0
                85.5089319829822,28.1002346520982,0
                85.5088896059454,28.1002214092742,0
                85.5088238337729,28.1001913828477,0
                85.5088219204006,28.1001905093516,0
                85.508817506126,28.1001713808281,0
                85.5087954347527,28.1001331237811,0
                85.5087807205038,28.1001051667082,0
                85.5088027918771,28.1000551382621,0
                85.5088807773961,28.1000360097386,0
                85.5089131487436,28.1000330668888,0
                85.5089959420102,28.1000214758315,0
                85.5090705912064,28.0999697956187,0
                85.5092236193945,28.0998638530269,0
                85.5092662234938,28.0998416248012,0
                85.5093060191882,28.0997932246324,0
                85.509360461909,28.099772624684,0
                85.5094075475053,28.0997490818858,0
                85.5094561045266,28.0997255390876,0
                85.5094884758741,28.099694639165,0
                85.5095326186207,28.0996769820664,0
                85.5095767613672,28.0996534392682,0
                85.5096213945887,28.0996191060209,0
                85.5096650468604,28.0995754537493,0
                85.5096768182595,28.0994930539556,0
                85.5096768182595,28.0994636254579,0
                85.5095924899771,28.0994946937725,0
                85.5095488042944,28.0995283681529,0
                85.5094987758483,28.0995901679981,0
                85.5094310903035,28.0996401964442,0
                85.5093575190592,28.0996799249162,0
                85.5092765906905,28.0997181819632,0
                85.5092059622959,28.0997579104351,0
                85.5091338624765,28.0998152960057,0
                85.5090264484598,28.0998932815246,0
                85.508946991516,28.0999315385717,0
                85.5088704774219,28.0999580242196,0
                85.508791020478,28.0999668527689,0
                85.5087233349333,28.0999580242196,0
                85.5086703636374,28.099953609945,0
                85.5086409351398,28.0999462528206,0
                85.5086409351396,28.0999462528206,0
                85.5085467639469,28.0999344814215,0
                85.5085173354492,28.0999344814215,0
                85.5083848422937,28.0999752485462,0
                85.5083760786602,28.0999830384427,0
                85.5083683908026,28.0999889173926,0
                85.5083510644371,28.1000021669662,0
                85.5083857062089,28.1000200851241,0
                85.5083937357588,28.1000242383395,0
                85.5084202214068,28.100030124039,0
                85.5084261071063,28.100043366863,0
                85.5084253625298,28.1000582583921,0
                85.5084246356814,28.1000727953607,0
                85.508390792909,28.1001242952318,0
                85.5083558465683,28.1001718222552,0
                85.5083540072869,28.1001743236779,0
                85.5083528083479,28.1001754681196,0
                85.5083216359394,28.1002052236005,0
                85.5083180363163,28.1002141279313,0
                85.5082936788666,28.1002743805701,0
                85.5082792158365,28.1002869774028,0
                85.5082480646951,28.1003141090421,0
                85.5082201076223,28.1003435375398,0
                85.5082156933476,28.1004068088099,0
                85.5082009790987,28.1004553658311,0
                85.508184816781,28.1004917310461,0
                85.5081774363006,28.100508337127,0
                85.5081362364038,28.1005686655474,0
                85.5080759079834,28.1006186939935,0
                85.5080214652626,28.1006731367143,0
                85.5079890939151,28.1007128651862,0
                85.5078949227224,28.1007952649798,0
                85.5078764248095,28.1008013346075,0
                85.5078653373724,28.100811036115,0
                85.5078500442634,28.1008423505762,0
                85.5078397442892,28.1008688362241,0
                85.5078073729417,28.1009085646961,0
                85.5077323302725,28.1009747788159,0
                85.5077043731997,28.1009924359146,0
                85.5076969727978,28.1009971098526,0
                85.5076812087679,28.101007066082,0
                85.5076764161269,28.1010100930132,0
                85.5076652506086,28.1010106123396,0
                85.5075815092216,28.1010292215367,0
                85.5074814523294,28.1010939642317,0
                85.5074284810335,28.101194021124,0
                85.5074118048848,28.1012523876443,0
                85.5074174453469,28.1012749494927,0
                85.5074321595958,28.1013205636642,0
                85.5074277453211,28.101375006385,0
                85.5073997882483,28.1014220919813,0
                85.5073813954371,28.1014383209323,0
                85.5073747740252,28.1014441633546,0
                85.5073630026261,28.101478006127,0
                85.5073541740768,28.1015265631482,0
                85.5073394598279,28.1015589344957,0
                85.5073291598537,28.1015692344699,0
                85.5072850171072,28.1015780630192,0
                85.5072542518461,28.1015939760853,0
                85.5072423457855,28.1016001343925,0
                85.5072173315624,28.1016163200663,0
                85.5071937887642,28.1016104343667,0
                85.5071731888157,28.1016045486672,0
                85.5071525888674,28.1015986629676,0
                85.5071290460692,28.1016251486156,0
                85.5071183426398,28.1016387711621,0
                85.5071128603955,28.101645748564,0
                85.5070746033484,28.1016531056884,0
                85.5070481177005,28.1016266200405,0
                85.5070628319494,28.1015868915686,0
                85.507063964394,28.1015843178306,0
                85.5070790176231,28.1015501059464,0
                85.5070760747733,28.1015118488994,0
                85.5070569462498,28.1014765347021,0
                85.5070554748249,28.1014441633546,0
                85.5070643033742,28.1013853063592,0
                85.5070481177005,28.1013279207886,0
                85.5070476659471,28.1013266558791,0
                85.5070334034516,28.1012867208918,0
                85.5070275177521,28.1012558209692,0
                85.5070231034774,28.101219035347,0
                85.5070142749281,28.1011999068235,0
                85.5069907321299,28.1011925496991,0
                85.5069686607566,28.1012043210982,0
                85.5069554179327,28.101232278171,0
                85.5069407036838,28.1012984922909,0
                85.5069189667251,28.1013397925123,0
                85.5069105394736,28.101388249209,0
                85.5068811109758,28.1014765347021,0
                85.5068634538772,28.1015824772939,0
                85.506839911079,28.101723734083,0
                85.5068222539804,28.1017649339798,0
                85.5067516255858,28.1018944193698,0
                85.5067045399895,28.1019650477643,0
                85.5066809971913,28.1020533332575,0
                85.5065868259986,28.1022181328447,0
                85.5065632832004,28.1022946469388,0
                85.5065298498909,28.1023746480723,0
                85.5065220833037,28.102382932432,0
                85.5064691120078,28.1024653322256,0
                85.5064440977847,28.1025006464228,0
                85.506441154935,28.1025330177703,0
                85.5064549917286,28.1025537729607,0
                85.5064558691838,28.1025550891436,0
                85.5064602834585,28.1025712748174,0
                85.5064617548834,28.1026213032635,0
                85.5064558691838,28.1026551460359,0
                85.5064499834843,28.1026963459327,0
                85.5064337978105,28.1027272458553,0
                85.5063455123174,28.1027934599752,0
                85.5063322694934,28.102834659872,0
                85.506324912369,28.1028979311421,0
                85.5063146123948,28.1029391310389,0
                85.5063028409957,28.1029803309357,0
                85.5063057838454,28.1030082880086,0
                85.5063087266952,28.1030244736823,0
                85.5063087266952,28.1030745021284,0
                85.5063101981201,28.1030921592271,0
                85.5063131409699,28.1031289448492,0
                85.5062895981717,28.1031657304714,0
                85.5062748839228,28.10318338757,0
                85.5062822410473,28.1032172303424,0
                85.5062792981975,28.1032407731406,0
                85.5062645839486,28.1032790301876,0
                85.5062734124979,28.1033334729084,0
                85.5062822410473,28.1033761442301,0
                85.5062954838712,28.1034085155776,0
                85.5062925410215,28.1034717868477,0
                85.5062631125238,28.103493858221,0
                85.5062395697256,28.1034644297233,0
                85.5062263269016,28.103415872702,0
                85.5062130840776,28.1033805585047,0
                85.5062101412279,28.1033364157582,0
                85.5062101412279,28.1032849158871,0
                85.5061970110129,28.1032630321956,0
                85.5061976341163,28.1032437159903,0
                85.5062042555283,28.1032187017673,0
                85.506202048391,28.1031863304198,0
                85.5061983698288,28.1031605804843,0
                85.5062057269532,28.1031260019994,0
                85.5062116126527,28.1030965735017,0
                85.5062314768887,28.10305390218,0
                85.5062395697256,28.1030310950943,0
                85.5062351554509,28.1030259451072,0
                85.5062263269016,28.1030333022316,0
                85.5062108769403,28.1030502236178,0
                85.5062027841034,28.1030730307035,0
                85.5061998412536,28.1031002520639,0
                85.5061873341421,28.1031392448234,0
                85.5061814484426,28.1031738233082,0
                85.5061718841808,28.1032157589175,0
                85.5061726198932,28.1032650516512,0
                85.5061838703092,28.1032954939533,0
                85.5061924841291,28.1034247012514,0
                85.5061866442813,28.1035122989679,0
                85.5062027841034,28.1035291724182,0
                85.5062189697772,28.1035733151648,0
                85.5062174983523,28.1035983293879,0
                85.5062160269274,28.1036307007354,0
                85.5062116126527,28.1036777863317,0
                85.5062116126527,28.1037189862286,0
                85.506208669803,28.1037587147005,0
                85.5062189697772,28.1038013860222,0
                85.5062292697514,28.1038352287946,0
                85.5062498696998,28.1038852572407,0
                85.5062557553993,28.1039352856868,0
                85.5062517665969,28.1039568252201,0
                85.5062525295831,28.1039611488089,0
                85.5062204412021,28.1039956141071,0
                85.5062189697772,28.1040426997035,0
                85.5062160269274,28.1041059709736,0
                85.5062130840776,28.1041633565442,0
                85.5062086067419,28.1041782809965,0
                85.5062042555283,28.1041927850419,0
                85.5061748270306,28.1042030850161,0
                85.5061684297211,28.1042027942293,0
                85.5061424556831,28.1042016135912,0
                85.5061262700094,28.1042310420889,0
                85.5061292128591,28.1042884276595,0
                85.5061267070664,28.1042990772787,0
                85.5061090278493,28.1043398754718,0
                85.506065941589,28.1043634703287,0
                85.5060468130655,28.104372298878,0
                85.5060556416148,28.104462055796,0
                85.5060641510598,28.1045014119789,0
                85.5060674130139,28.1045164985168,0
                85.5060703558637,28.1045576984136,0
                85.5061100843356,28.1045988983105,0
                85.5061395128333,28.1046415696322,0
                85.5061674699062,28.1046915980783,0
                85.5061851270048,28.1047327979751,0
                85.5061895412795,28.1047681121724,0
                85.5061851270048,28.1048063692194,0
                85.5061851270048,28.1048284405927,0
                85.5062145555025,28.104875526189,0
                85.5062366268758,28.1049078975365,0
                85.5062513411247,28.1049417403089,0
                85.5062322126012,28.1050197258279,0
                85.5062425125754,28.1050550400251,0
                85.5062645839487,28.1051138970206,0
                85.5062778267726,28.1051595111921,0
                85.5062778267726,28.1052301395866,0
                85.5062675267984,28.1053169536549,0
                85.5062689982233,28.1053449107277,0
                85.5062689982233,28.1053728678006,0
                85.506260169674,28.1053993534485,0
                85.5062366268758,28.1053905248992,0
                85.5062232046097,28.1053952621696,0
                85.5062160269273,28.1054081819978,0
                85.5061924841291,28.1054846960919,0
                85.506187647252,28.1055765967568,0
                85.5062366268758,28.1056333100054,0
                85.5062425125754,28.1056436099796,0
                85.5062042555283,28.1056715670524,0
                85.5061968984039,28.1056759813271,0
                85.5061983698288,28.1056951098506,0
                85.5061946565631,28.1057203600573,0
                85.5062042555282,28.1057907524682,0
                85.5061990048004,28.1059220206632,0
                85.5062013126786,28.1059261235577,0
                85.506202604145,28.1059467870212,0
                85.5062027841035,28.1059496663559,0
                85.5062057269532,28.1059982233772,0
                85.5062189697772,28.1060217661753,0
                85.5062233840519,28.106039423274,0
                85.5062292697514,28.1060688517717,0
                85.5062233840519,28.1060879802952,0
                85.5062027841035,28.1061115230934,0
                85.5062292697514,28.1061453658658,0
                85.5062483982749,28.1061674372391,0
                85.5062645839487,28.1061836229128,0
                85.5062719410731,28.1062424799083,0
                85.5062910695966,28.1062880940797,0
                85.5062998981459,28.106323408277,0
                85.506311669545,28.1063454796503,0
                85.5063043124206,28.1063601938991,0
                85.5063087266953,28.1064043366457,0
                85.5063190266695,28.1064205223195,0
                85.506338155193,28.1064499508172,0
                85.5063639862525,28.1065178769365,0
                85.5063778836649,28.1065544219841,0
                85.5064131978622,28.1065912076063,0
                85.5064220264115,28.1066603645759,0
                85.5064323263857,28.1067015644727,0
                85.5064382120852,28.1067251072709,0
                85.5064385203838,28.1067269570624,0
                85.5064440977848,28.1067604214682,0
                85.5064470406345,28.1067795499917,0
                85.5064558691839,28.1067986785152,0
                85.5065353261277,28.1070017351495,0
                85.5065985973978,28.1071871346851,0
                85.5066206687711,28.1073416342982,0
                85.5066383258698,28.1074004912936,0
                85.5066469132017,28.1074326937884,0
                85.5066515686936,28.1075211481343,0
                85.5066515686936,28.1075976622284,0
                85.5066493518332,28.1076142886814,0
                85.5066250830458,28.1076241478763,0
                85.506608897372,28.1076682906229,0
                85.5066074259471,28.1077197904939,0
                85.5066324401702,28.1077874760387,0
                85.5066574543932,28.107861047283,0
                85.5066751114919,28.1079302042526,0
                85.5066912971656,28.1079964183725,0
                85.5066942400154,28.1081126609385,0
                85.5066986542901,28.1081729893589,0
                85.5066971828652,28.1082333177792,0
                85.5067104256892,28.108326017547,0
                85.5067217439117,28.1083664397702,0
                85.5067163113886,28.1085511455546,0
                85.5067516255858,28.10873948794,0
                85.5067516255858,28.1088984018277,0
                85.5066751114918,28.1091809154059,0
                85.506633911595,28.109333943594,0
                85.5065985973977,28.1095399430781,0
                85.5065279690032,28.109787142459,0
                85.5064903391207,28.1099157112241,0
                85.5064838262567,28.1099269278231,0
                85.5064514549092,28.1099916705181,0
                85.5064161407119,28.1100740703117,0
                85.5063925979138,28.1101240987579,0
                85.506363169416,28.1101888414528,0
                85.5063661122658,28.1102535841478,0
                85.5063602265663,28.1103124411433,0
                85.5063484551672,28.110380126688,0
                85.5062631125238,28.1106302689187,0
                85.5062071983781,28.1108038970552,0
                85.506118912885,28.1110246107882,0
                85.5060777129881,28.1111482104786,0
                85.5060159131429,28.1112600387699,0
                85.5059982560443,28.1113247814649,0
                85.5060688844388,28.1113306671645,0
                85.5061012557863,28.1112835815681,0
                85.5061836555799,28.1111864675256,0
                85.5062366268758,28.1111276105302,0
                85.506389655064,28.1108686397502,0
                85.5064102550124,28.1108244970037,0
                85.5064367406603,28.1107332686607,0
                85.5064808834069,28.1105655262237,0
                85.5065809402992,28.1104330979839,0
                85.5066103687969,28.1103359839415,0
                85.5066250830458,28.1102094414012,0
                85.506648625844,28.1100122704665,0
                85.5066780543417,28.1099122135743,0
                85.5067221970883,28.109785671034,0
                85.5067781112339,28.1096679570432,0
                85.5068516824782,28.109488443207,0
                85.5069017109244,28.1093354150189,0
                85.5069252537225,28.1092118153285,0
                85.5069311394221,28.1090381871919,0
                85.5069223108728,28.108882216154,0
                85.5069429108212,28.1087586164635,0
                85.5069958821171,28.1084231315895,0
                85.5070164820655,28.1082759891009,0
                85.5070164820655,28.1080582182177,0
                85.5069870535678,28.1079022471798,0
                85.5069517393705,28.1077345047428,0
                85.5069399679714,28.1076638763483,0
                85.5069370251216,28.1075844194044,0
                85.5069311394221,28.107537333808,0
                85.5069105394737,28.1074931910615,0
                85.506903274313,28.1074532326779,0
                85.5068693395767,28.107085606368,0
                85.5067928254826,28.1068619497853,0
                85.5066986542899,28.1066618360008,0
                85.5066397972945,28.1065029221131,0
                85.5065985973977,28.106349893925,0
                85.5065691689,28.1060438375487,0
                85.5065573975009,28.1059143521587,0
                85.5065691689,28.1057142383742,0
                85.5065691689,28.1055435530874,0
                85.5065515118013,28.1054140676974,0
                85.5065397404022,28.1052963537065,0
                85.5065103119045,28.1051138970206,0
                85.5065103119045,28.1047901835457,0
                85.5065103119045,28.1046194982589,0
                85.506504426205,28.1045253270662,0
                85.5065338547027,28.1044017273757,0
                85.5065573975009,28.1042898990844,0
                85.5065573975009,28.1041839564926,0
                85.5065456261018,28.1040544711026,0
                85.5065338547027,28.103972071309,0
                85.5065691689,28.1038072717217,0
                85.5065868259986,28.1037601861254,0
                85.5066751114918,28.1036248150359,0
                85.5067575112854,28.1034129298523,0
                85.5067633969849,28.1032834444623,0
                85.5067987111822,28.1032069303682,0
                85.5068222539804,28.1031304162741,0
                85.5068457967785,28.1030597878796,0
                85.5069458536708,28.1028891025928,0
                85.506969396469,28.1028243598978,0
                85.5070576819622,28.1027243030056,0
                85.5071047675585,28.1026360175124,0
                85.5072165958499,28.1025595034183,0
                85.5073166527421,28.1024535608265,0
                85.5074461381321,28.1022946469388,0
                85.5075167665266,28.1021828186475,0
                85.5076462519166,28.1020239047598,0
                85.5077521945084,28.1019003050693,0
                85.5078404800016,28.1018002481771,0
                85.5078934512975,28.1016648770875,0
                85.5079993938893,28.1015059631998,0
                85.5080582508847,28.101323506514,0
                85.5081112221806,28.1012411067203,0
                85.5082348218711,28.1011645926263,0
                85.5083289930638,28.1010763071331,0
                85.5084525927542,28.100935050344,0
                85.5086115066419,28.1008232220527,0
                85.5087351063323,28.1007584793577,0
                85.5088881345205,28.1006348796673,0
                85.5090470484082,28.100534822775,0
                85.5091412196009,28.1005289370755,0
                85.5092765906904,28.1004347658828,0
                85.5093943046813,28.1003876802864,0
                85.5095061329727,28.1002758519951,0
                85.5095237900713,28.1001287095064,0
                85.5095237900713,28.1000404240133,0
                85.5096238469636,28.0999639099192,0
                85.5096656664077,28.0998635432533,0
                85.5096900610835,28.0998358959541,0
                85.5097489180789,28.0997181819632,0
                85.5097489180789,28.0996534392682,0
                85.5097459752291,28.0995886965732,0
                85.5097430323794,28.0994856968312,0
                85.5097812894264,28.099397411338,0
                85.5098077750743,28.0993267829435,0
                85.5098048322246,28.0992414403001,0
                85.5097901179757,28.0991796404549,0
                85.5097960036753,28.0991354977083,0
                85.5098107179241,28.0990648693138,0
                85.5098195464734,28.0989854123699,0
                85.5098430892716,28.0989206696749,0
                85.5098519178209,28.0988441555808,0
                85.5098725177693,28.0987970699845,0
                85.5099078319666,28.0987440986886,0
                85.5099490318634,28.0986499274959,0
                85.5100078888589,28.0985910705004,0
                85.5100284888073,28.098505727857,0
                85.5100226031077,28.0984527565611,0
                85.5100137745584,28.0984056709648,0
                85.5099872889105,28.0983615282182,0
                85.5099784603611,28.0982379285278,0
                85.5099784603611,28.0981731858328,0
                85.5099829916407,28.0981293834641,0
              </coordinates>
            </LinearRing>
          </outerBoundaryIs>
        </Polygon>
      </Placemark>
      <Placemark id="landslide_fluvial_erosion_Oct2021_Dec2023.15">
        <Polygon>
          <outerBoundaryIs>
            <LinearRing>
              <coordinates>
                85.538516010315,28.0665485864677,0
                85.5385454388127,28.0664279296271,0
                85.5385572102118,28.0664073296787,0
                85.5385866387095,28.0663690726316,0
                85.5386366671556,28.066286672838,0
                85.5386896384515,28.0662013301946,0
                85.5387926381936,28.0661159875512,0
                85.5389044664849,28.0660394734571,0
                85.5390015805274,28.0660100449594,0
                85.5391428373165,28.0659806164617,0
                85.5392164085608,28.0659276451658,0
                85.539278208406,28.065886445269,0
                85.5393311797019,28.0658011026256,0
                85.5393194083028,28.065756959879,0
                85.5393017512042,28.0657128171324,0
                85.5392899798051,28.0656598458365,0
                85.5392693798567,28.0655656746438,0
                85.5393046940539,28.0654862176999,0
                85.5393517796503,28.0653861608077,0
                85.5393782652982,28.0653037610141,0
                85.5393252940023,28.0653243609625,0
                85.5392458370585,28.0653655608593,0
                85.5391663801146,28.0653861608077,0
                85.5390780946215,28.0654450178031,0
                85.5390251233256,28.0654862176999,0
                85.5389956948278,28.0655185890474,0
                85.5389250664333,28.0655951031415,0
                85.538877980837,28.0655951031415,0
                85.5388750379872,28.0655509603949,0
                85.538877980837,28.0654950462493,0
                85.5389015236351,28.0654391321036,0
                85.5389103521845,28.0653891036575,0
                85.5388956379356,28.0653802751081,0
                85.538889752236,28.065394989357,0
                85.5388397237899,28.0654361892538,0
                85.5387838096442,28.0654862176999,0
                85.5387514382968,28.0655480175452,0
                85.5387308383483,28.065653960137,0
                85.5386631528036,28.065756959879,0
                85.538619010057,28.065859959621,0
                85.5385748673104,28.0659129309169,0
                85.5385277817141,28.0659541308137,0
                85.5384394962209,28.0660365306074,0
                85.5383747535259,28.0661424731992,0
                85.5383394393286,28.0661954444951,0
                85.5383129536807,28.0662837299882,0
                85.5382982394318,28.0663425869837,0
                85.5382128967884,28.0664102725284,0
                85.5381775825912,28.0664838437727,0
                85.5381775825912,28.0665515293175,0
                85.5381687540418,28.0666457005102,0
                85.5381599254925,28.066686900407,0
                85.5381599254925,28.0667398717029,0
                85.5381893539902,28.0667575288016,0
                85.5382482109857,28.0667634145011,0
                85.53832178223,28.0667428145527,0
                85.5383570964273,28.0667163289047,0
                85.538386524925,28.0667075003554,0
                85.5384188962725,28.0666986718061,0
                85.5384777532679,28.0666663004586,0
                85.538516010315,28.0665986149139,0
                85.538516010315,28.0665485864677,0
              </coordinates>
            </LinearRing>
          </outerBoundaryIs>
        </Polygon>
      </Placemark>
      <Placemark id="landslide_fluvial_erosion_Oct2021_Dec2023.16">
        <Polygon>
          <outerBoundaryIs>
            <LinearRing>
              <coordinates>
                85.5450477707812,28.082375324929,0
                85.5450380051275,28.0823789870491,0
                85.5450157868335,28.0823873189094,0
                85.5450135988556,28.0823886863956,0
                85.5450016333527,28.082458086312,0
                85.5449959719605,28.0825373458029,0
                85.5449704956956,28.0826250973822,0
                85.5449874798722,28.0826930340888,0
                85.5450214482255,28.0827383252265,0
                85.5450497551865,28.0828232461096,0
                85.5450695700593,28.0828713679434,0
                85.5451176918931,28.082913828385,0
                85.5451459988541,28.0829223204733,0
                85.5451743058152,28.0829477967383,0
                85.5451997820801,28.082967611611,0
                85.5452677187867,28.0830100720526,0
                85.5452790415711,28.083072347367,0
                85.5452857522739,28.0830969532773,0
                85.5452960257477,28.0831346226813,0
                85.5452790415711,28.0832110514762,0
                85.5452563960023,28.0833299407126,0
                85.5452648880906,28.0833780625464,0
                85.5452648880906,28.0834261843802,0
                85.54526255025,28.0834364708788,0
                85.5452507346101,28.0834884596945,0
                85.5452280890412,28.0835082745673,0
                85.5451997820802,28.0835422429205,0
                85.5451629830308,28.0835960261466,0
                85.5451629830308,28.083635655892,0
                85.5451318453736,28.0837064232947,0
                85.5451035384126,28.0837488837363,0
                85.5450780621476,28.0837913441779,0
                85.5450469244904,28.0838366353156,0
                85.5450299403138,28.0838904185416,0
                85.5450214482255,28.0839158948065,0
                85.5449988026566,28.0839526938559,0
                85.5449716549391,28.0839946494193,0
                85.5449676649995,28.0840008156897,0
                85.5449450194306,28.0840574296118,0
                85.5449195431657,28.0841281970145,0
                85.5449064666094,28.0841428586079,0
                85.5448261301942,28.0842329327704,0
                85.5448034846253,28.0842697318198,0
                85.5447723469682,28.0843235150458,0
                85.5447525320954,28.0843857903601,0
                85.5447100716538,28.0844650498511,0
                85.5446676112122,28.0845414786459,0
                85.5446308121629,28.0846518757941,0
                85.544554383368,28.0847452887656,0
                85.5444609703965,28.0848811621787,0
                85.5444488388417,28.0849088914467,0
                85.5444241713471,28.0849406067969,0
                85.5443449118562,28.0850142048956,0
                85.5441184561677,28.0850991257788,0
                85.5440505194612,28.0851217713477,0
                85.5439769213624,28.0851500783087,0
                85.5438410479493,28.0851897080542,0
                85.5437108359285,28.0852180150153,0
                85.5435980754876,28.085262138666,0
                85.5435806239076,28.0852689675452,0
                85.54348438024,28.0853142586829,0
                85.543397702089,28.0853402621282,0
                85.5433711523957,28.0853482270361,0
                85.5432352789826,28.0853935181738,0
                85.5431922871226,28.0854460637805,0
                85.5431843264527,28.0854557934882,0
                85.5432089063465,28.0855049532756,0
                85.5432775412465,28.0855049532756,0
                85.5433893695378,28.0855284960738,0
                85.5435011978292,28.0855814673697,0
                85.5435306263269,28.0856050101679,0
                85.5437130830128,28.0856697528629,0
                85.5438305689151,28.0856807671662,0
                85.5438338575165,28.0856798966541,0
                85.5439293804882,28.0856701494121,0
                85.5439742178015,28.0856526043764,0
                85.544063892428,28.085601918718,0
                85.5441340725705,28.0855570814047,0
                85.5442763823038,28.0855102946431,0
                85.5443346339648,28.0855001976885,0
                85.5444949387498,28.0853765339972,0
                85.5446308121629,28.0851783852698,0
                85.544687426085,28.0850991257788,0
                85.5448119767137,28.0850142048956,0
                85.5449704956956,28.0849745751502,0
                85.5450327710099,28.0849462681891,0
                85.5450667393632,28.0850085435034,0
                85.5450214482255,28.0851161099555,0
                85.5449931412644,28.0852236764075,0
                85.5450214482255,28.0852972745062,0
                85.5450101254411,28.0854218251349,0
                85.5450010456494,28.0854375084114,0
                85.5450844510066,28.0855284960738,0
                85.5451138795044,28.0855932387688,0
                85.5451079938048,28.0856697528629,0
                85.5451138795044,28.085758038356,0
                85.5451550794012,28.0857992382528,0
                85.5452669076925,28.0858757523469,0
                85.5453139932889,28.0859404950419,0
                85.5453846216834,28.0860228948355,0
                85.5454140501811,28.0860464376337,0
                85.5455141070734,28.0860758661314,0
                85.5457201065574,28.0860699804319,0
                85.5457966206515,28.0860523233332,0
                85.5459499165485,28.0860523233332,0
                85.5459499165485,28.0860332554938,0
                85.5459838849017,28.0859370118262,0
                85.546097112746,28.0857105561378,0
                85.546125419707,28.0855463757636,0
                85.5461593880603,28.0853652112128,0
                85.5461480652759,28.0852293377998,0
                85.5461537266681,28.0850934643867,0
                85.5461933564136,28.0849519295814,0
                85.5462443089435,28.0848273789527,0
                85.5462499703357,28.0847141511085,0
                85.5461367424914,28.0846009232642,0
                85.5460914513537,28.0844537270667,0
                85.5460744671771,28.0843857903602,0
                85.5460574830005,28.0842612397315,0
                85.5460744671771,28.0841197049262,0
                85.5460801285693,28.0839102334144,0
                85.546017853255,28.0837630372169,0
                85.5459272709796,28.0836101796272,0
                85.5458649956653,28.0834573220374,0
                85.545831027312,28.0833214486243,0
                85.5457177994678,28.083151606858,0
                85.5456725083301,28.0830270562293,0
                85.5455819260547,28.0828402302863,0
                85.5454403912494,28.082698695481,0
                85.545270549483,28.0825458378913,0
                85.5451799672076,28.0824326100471,0
                85.5450477707812,28.082375324929,0
              </coordinates>
            </LinearRing>
          </outerBoundaryIs>
        </Polygon>
      </Placemark>
      <Placemark id="landslide_fluvial_erosion_Oct2021_Dec2023.17">
        <Polygon>
          <outerBoundaryIs>
            <LinearRing>
              <coordinates>
                85.5461978018452,28.0862221485697,0
                85.5462355779482,28.0862374388971,0
                85.5463057580907,28.0862374388971,0
                85.5464441689273,28.086241337794,0
                85.5465650347282,28.0862920234524,0
                85.5466332654223,28.0862959223492,0
                85.546839906953,28.0863329618689,0
                85.5469100870955,28.0863641530433,0
                85.5471128297293,28.0864011925629,0
                85.5472219988398,28.0863992431145,0
                85.547338965744,28.0864440804278,0
                85.5474364381641,28.086469423257,0
                85.547537809481,28.0864772210506,0
                85.5476196863139,28.086469423257,0
                85.5476294335559,28.086459676015,0
                85.5475865456911,28.0864148387018,0
                85.5475300116874,28.0863758497337,0
                85.5475241633422,28.0863524563529,0
                85.5475436578262,28.0862920234524,0
                85.5475007699614,28.0862393883456,0
                85.5474422865093,28.0861887026871,0
                85.5474481348545,28.0861711576515,0
                85.5474968710646,28.0861575115126,0
                85.5475553545166,28.0861516631674,0
                85.5476157874171,28.0861321686834,0
                85.5476801192144,28.086130219235,0
                85.5476854803604,28.086128687479,0
                85.5477035873039,28.0861347231269,0
                85.5478036441962,28.0861111803287,0
                85.5478213012948,28.0860876375305,0
                85.5478507297926,28.0859875806383,0
                85.5478625011916,28.0859169522437,0
                85.5478978153889,28.0858110096519,0
                85.5479390152857,28.0857227241588,0
                85.5479625580839,28.0856697528629,0
                85.5479390152857,28.0855991244683,0
                85.5479331295862,28.0854696390783,0
                85.5479344169928,28.0854490405717,0
                85.5479471936455,28.0853796816001,0
                85.5479452441971,28.08533094539,0
                85.5479647386811,28.0852510180055,0
                85.5479861826136,28.0852022817955,0
                85.5479915735042,28.0851820659555,0
                85.5479939804072,28.0851730400694,0
                85.5479920309588,28.0851262533078,0
                85.5479907174706,28.0851026105216,0
                85.5479900815104,28.0850911632365,0
                85.547988132062,28.0850658204073,0
                85.5479510925423,28.0850229325425,0
                85.5479103055713,28.0850059379712,0
                85.5479043057806,28.0850034380584,0
                85.5478904632305,28.0849924793729,0
                85.5478107322573,28.0849293590191,0
                85.5476859675596,28.0848923194995,0
                85.5476305759222,28.0848766653411,0
                85.5476246573374,28.0848749926976,0
                85.5475962929331,28.0848669766703,0
                85.547508567755,28.084831886599,0
                85.5474247414737,28.0848084932182,0
                85.5473136229147,28.0847948470794,0
                85.5472161504946,28.0848065437698,0
                85.5471737968937,28.0848110358184,0
                85.5470452851238,28.0847704531542,0
                85.5469919639283,28.0847461108693,0
                85.5469256826827,28.0847227174885,0
                85.5468262608141,28.0846876274173,0
                85.5467521817748,28.08467203183,0
                85.5466508104579,28.0846700823816,0
                85.5466252351535,28.0846742458033,0
                85.5465669841766,28.0846837285204,0
                85.5464987534825,28.0846798296236,0
                85.546409078856,28.0846661834848,0
                85.5463600370032,28.0846611101897,0
                85.5463462140033,28.0848500245216,0
                85.5463405526111,28.0850198662879,0
                85.5463235684344,28.085234999192,0
                85.5462952614734,28.0855237301948,0
                85.5462777263129,28.0856289411575,0
                85.5462726159045,28.0856596036079,0
                85.5462612931201,28.0857332017066,0
                85.546254267951,28.08583623752,0
                85.5462443089435,28.0859823029639,0
                85.5461990178058,28.0862200814368,0
                85.5461978018452,28.0862221485697,0
              </coordinates>
            </LinearRing>
          </outerBoundaryIs>
        </Polygon>
      </Placemark>
      <Placemark id="landslide_fluvial_erosion_Oct2021_Dec2023.18">
        <Polygon>
          <outerBoundaryIs>
            <LinearRing>
              <coordinates>
                85.5454360148743,28.0880216365875,0
                85.5454234070727,28.087935483277,0
                85.5454856823871,28.0877429959418,0
                85.5455309735248,28.0876467522742,0
                85.5455479577014,28.0875278630378,0
                85.5455989102313,28.0873353757026,0
                85.5456385399768,28.0872447934272,0
                85.545644201369,28.0871032586219,0
                85.5456539066129,28.0870547324026,0
                85.5455762646623,28.0871372269751,0
                85.5454973410166,28.0871642865108,0
                85.5453979308076,28.0871145814063,0
                85.545143168158,28.0871315655829,0
                85.5450129561371,28.087108920014,0
                85.5448317915864,28.0871202427985,0
                85.5446223200745,28.0871655339362,0
                85.544589897694,28.0871856883889,0
                85.544611687429,28.0872043653047,0
                85.5446187958329,28.0872141393601,0
                85.5446135950431,28.0872765488385,0
                85.544537080949,28.0873354058339,0
                85.5445017667517,28.0874295770267,0
                85.5443781670613,28.0874825483226,0
                85.5442427959718,28.0875060911207,0
                85.5441133105818,28.0876120337125,0
                85.5440662249854,28.087735633403,0
                85.5440250250886,28.0878239188961,0
                85.5439602823937,28.0879357471875,0
                85.5438873232654,28.0879469716688,0
                85.5438750163025,28.0879920971991,0
                85.5438410479493,28.0880317269446,0
                85.5437334814972,28.0881336320044,0
                85.5437297438791,28.0881429760498,0
                85.5437617884583,28.0882128914954,0
                85.5439429530091,28.0882978123785,0
                85.544475123877,28.088309135163,0
                85.5446562884278,28.0882242142798,0
                85.5447185637421,28.088150616181,0
                85.5448374529786,28.08812230922,0
                85.5450186175293,28.0881166478278,0
                85.545222427649,28.0881279706122,0
                85.5452903643555,28.0880996636511,0
                85.5454360148743,28.0880216365875,0
              </coordinates>
            </LinearRing>
          </outerBoundaryIs>
        </Polygon>
      </Placemark>
      <Placemark id="landslide_fluvial_erosion_Oct2021_Dec2023.19">
        <Polygon>
          <outerBoundaryIs>
            <LinearRing>
              <coordinates>
                85.5456016615621,28.0881198488954,0
                85.5456102330157,28.0881562775733,0
                85.5456215558002,28.0882525212409,0
                85.5456317098607,28.0882890758589,0
                85.5456498627612,28.0883544263007,0
                85.5456668469378,28.0885072838905,0
                85.5456498627612,28.0886374959113,0
                85.5456215558002,28.0887846921088,0
                85.5456180690899,28.0888858067056,0
                85.5456158944079,28.088948872483,0
                85.5456328785846,28.0890847458961,0
                85.5457177994678,28.0892262807014,0
                85.5457744133899,28.0894017838599,0
                85.5458140431354,28.0895433186652,0
                85.5458332734802,28.0896875462515,0
                85.5458357182317,28.0896901348119,0
                85.5458359410258,28.0896899120178,0
                85.5458495871646,28.0896918614662,0
                85.5459431606879,28.0897074570534,0
                85.5459977452432,28.0897211031922,0
                85.5460191891756,28.0897269515374,0
                85.5460192741516,28.0897270315148,0
                85.5460698748341,28.0897308504342,0
                85.5461342066314,28.0897133053986,0
                85.5462648196743,28.0897308504342,0
                85.5463525448524,28.0897308504342,0
                85.5464168766497,28.0897191537438,0
                85.5464987534826,28.0896918614662,0
                85.5465825797639,28.0896840636726,0
                85.5466118214899,28.0896645691885,0
                85.5465416413474,28.0896431252561,0
                85.5464500172725,28.0896567713949,0
                85.5463661909912,28.0896314285657,0
                85.5463096569876,28.0896041362881,0
                85.5462141340158,28.0896002373913,0
                85.546161498909,28.0896041362881,0
                85.5460815715245,28.0895768440104,0
                85.5460367342112,28.0895768440104,0
                85.5460315307994,28.0895766953415,0
                85.5460379343329,28.0895425431631,0
                85.5460661649867,28.0895012829768,0
                85.5460952176633,28.0894949671775,0
                85.5461400549766,28.0894832704871,0
                85.5461731955994,28.0894637760031,0
                85.5462141340159,28.0894618265547,0
                85.5462511735355,28.0894657254515,0
                85.5463057580908,28.0894696243483,0
                85.5463564437492,28.0894891188323,0
                85.5463817865785,28.0894949671775,0
                85.5464149272013,28.0894969166259,0
                85.5464168766497,28.0894852199355,0
                85.5464012810625,28.0894696243483,0
                85.5463759382332,28.0894501298643,0
                85.5463272020232,28.0894247870351,0
                85.546301859194,28.0893838486186,0
                85.5462589713291,28.0893409607538,0
                85.5462238812579,28.0893253651665,0
                85.546171246151,28.0893039212341,0
                85.5461887911866,28.0892707806113,0
                85.5462121845675,28.0892532355756,0
                85.5462511735355,28.0892434883336,0
                85.5462823647099,28.08923569054,0
                85.5463252525748,28.0892200949528,0
                85.5463135558844,28.089196701572,0
                85.5462921119519,28.0891791565364,0
                85.5462492240871,28.0891538137071,0
                85.5462238812579,28.0891401675683,0
                85.5462121845675,28.0891167741875,0
                85.5462199823611,28.0891070269455,0
                85.5462570218807,28.0890680379774,0
                85.5463252525748,28.0890582907354,0
                85.546340848162,28.0890504929418,0
                85.5463954327173,28.0890154028706,0
                85.5463934832689,28.0889783633509,0
                85.5464071294077,28.0889471721765,0
                85.5464085182761,28.0889411537465,0
                85.5464558190005,28.0889127733119,0
                85.5465205616955,28.0887774022224,0
                85.5465029045969,28.0886361454333,0
                85.5464205048033,28.0885478599401,0
                85.5464381619019,28.0884654601465,0
                85.5464381619019,28.0884473477851,0
                85.5463973821657,28.0884247200046,0
                85.5463954327173,28.0883993771754,0
                85.5463525448524,28.0883311464813,0
                85.5463291514716,28.0883038542037,0
                85.5462628702259,28.0882453707516,0
                85.5462082856706,28.0882044323352,0
                85.5461342066313,28.0881712917123,0
                85.5460757231793,28.0881206060539,0
                85.5460698748341,28.0880757687406,0
                85.5460913187665,28.088048476463,0
                85.5461030154569,28.0879841446657,0
                85.5461205604925,28.0879237117652,0
                85.5461322571829,28.0878827733488,0
                85.546142004425,28.0878320876903,0
                85.546142004425,28.0877969976191,0
                85.5461030154569,28.0877599580994,0
                85.5460952176633,28.0877502108574,0
                85.5461459033217,28.0877365647186,0
                85.5461770944962,28.087738514167,0
                85.5462531229839,28.0877599580994,0
                85.5462823647099,28.0877833514803,0
                85.5463349998168,28.0878203909999,0
                85.5463510296722,28.0878424320512,0
                85.5463661909912,28.0878632788648,0
                85.5463886046108,28.0879043705007,0
                85.5463895843721,28.0879061667296,0
                85.5464188260981,28.0879646501817,0
                85.546435931418,28.0879912584571,0
                85.5464488551014,28.0880113619646,0
                85.5464539161693,28.0880133863917,0
                85.5464792589986,28.0880172852885,0
                85.5464968040342,28.0880211841854,0
                85.5465467422223,28.0880618745609,0
                85.546549439141,28.0880640720502,0
                85.5465591863831,28.0880933137762,0
                85.5465611358315,28.0881108588119,0
                85.5465923270059,28.0881498477799,0
                85.5466157203867,28.0881556961251,0
                85.5466644565968,28.0881439994347,0
                85.5466839510808,28.0881225555023,0
                85.5467034455648,28.088097212673,0
                85.5467385356361,28.0880796676374,0
                85.5467580301201,28.0880835665342,0
                85.5467931201913,28.0881069599151,0
                85.5468262608142,28.0881128082603,0
                85.5468418564014,28.0880835665342,0
                85.5468379575046,28.0880523753598,0
                85.5468671992306,28.0880328808758,0
                85.5469042387503,28.0879997402529,0
                85.5469373793731,28.0880016897013,0
                85.5469510255119,28.0880114369433,0
                85.546970519996,28.0880094874949,0
                85.5469978122736,28.0880153358401,0
                85.5470407001384,28.0880231336338,0
                85.5470874869001,28.0880094874949,0
                85.5471089308325,28.0879899930109,0
                85.5471615659394,28.0879743974237,0
                85.5471849593202,28.0879802457689,0
                85.5472395438755,28.0880075380465,0
                85.5472824317403,28.0880543248082,0
                85.5472980273276,28.0880601731534,0
                85.5473253196052,28.088058223705,0
                85.5473233701568,28.0880328808758,0
                85.5473253196052,28.0879763468721,0
                85.5473155723632,28.0879451556977,0
                85.5472785328435,28.0879120150748,0
                85.5472375944271,28.0878574305196,0
                85.5471947065622,28.0878320876903,0
                85.5471852714257,28.0878226525538,0
                85.5472798169368,28.0878121474971,0
                85.5473210168336,28.0877827189993,0
                85.5473285116783,28.0877815659463,0
                85.5473623591249,28.0877989470675,0
                85.5474032975413,28.0878223404483,0
                85.5474617809934,28.0878359865871,0
                85.5475553545167,28.0878847227972,0
                85.5476255346592,28.0878944700392,0
                85.5476840181113,28.087908116178,0
                85.5477347037697,28.0879022678328,0
                85.5477580971505,28.0878515821743,0
                85.5478068333606,28.0878008965159,0
                85.5477853894282,28.0877560592026,0
                85.5477561477021,28.0877268174766,0
                85.5476703719724,28.0876917274053,0
                85.5475767984491,28.0876741823697,0
                85.547508567755,28.0876410417469,0
                85.5474149942317,28.0876118000209,0
                85.5473369189117,28.0875900115595,0
                85.5473311679504,28.08758840664,0
                85.547310906456,28.087577655643,0
                85.5472356449787,28.0875377209816,0
                85.5472061005572,28.0875278728411,0
                85.5471713131814,28.0875162770491,0
                85.5471147791778,28.0875026309103,0
                85.5470699418645,28.0874714397359,0
                85.5470484979321,28.0874519452519,0
                85.5470543462773,28.0874324507678,0
                85.5470796891065,28.0874032090418,0
                85.5470855374517,28.0873583717285,0
                85.5470835880033,28.0873466750381,0
                85.5470857975762,28.0873372843535,0
                85.5470913857969,28.0873135344153,0
                85.5470543462773,28.087249202618,0
                85.547047955228,28.0872440098905,0
                85.5470312155791,28.0872304089257,0
                85.5470231551028,28.0872238597888,0
                85.5470036606188,28.0872160619952,0
                85.5469684919062,28.0872068875484,0
                85.5469588233056,28.0872043653048,0
                85.5469536483574,28.0872013212176,0
                85.5469256826827,28.0871848708207,0
                85.5469105289642,28.0871851514451,0
                85.546820412469,28.0871868202691,0
                85.5467872718462,28.0871575785431,0
                85.5467677773621,28.0871029939878,0
                85.5467615514654,28.0870793355802,0
                85.5467580301201,28.0870659544682,0
                85.5467452974934,28.0870561156203,0
                85.5467151422553,28.0870328138453,0
                85.5466878499776,28.0870230666033,0
                85.5466578197411,28.0870001864231,0
                85.5466469115612,28.0869918754289,0
                85.5466352148708,28.0869743303933,0
                85.546585909182,28.0869696789132,0
                85.5465318941054,28.0869645831513,0
                85.5464636634114,28.0869411897704,0
                85.5464012810625,28.0869119480444,0
                85.5463759529518,28.0868876330581,0
                85.5463525448524,28.0868651612827,0
                85.5463410193176,28.0868634537961,0
                85.5462609637597,28.0868515937134,0
                85.5461763722367,28.0867918820502,0
                85.546131081099,28.0867692364813,0
                85.5460574830003,28.0866899769904,0
                85.5460413075942,28.0866851243685,0
                85.5459895462939,28.0868145276191,0
                85.5459612393329,28.0869560624244,0
                85.5459499165485,28.0870353219154,0
                85.5459216095874,28.087239132035,0
                85.545831027312,28.0875052174689,0
                85.5457347836444,28.0877033661964,0
                85.5457121380755,28.0877599801185,0
                85.5456725083301,28.087799609864,0
                85.5455932488391,28.0878958535316,0
                85.5455875874469,28.087986435807,0
                85.5455875874469,28.0880600339057,0
                85.5456016615621,28.0881198488954,0
              </coordinates>
            </LinearRing>
          </outerBoundaryIs>
        </Polygon>
      </Placemark>
      <Placemark id="landslide_fluvial_erosion_Oct2021_Dec2023.20">
        <Polygon>
          <outerBoundaryIs>
            <LinearRing>
              <coordinates>
                85.5459381582723,28.0902359682278,0
                85.5459527472445,28.0902651461722,0
                85.5459697314212,28.0903274214866,0
                85.5459810542056,28.0904066809775,0
                85.5459810542056,28.0904632948997,0
                85.5459672154837,28.0905151901069,0
                85.545994534387,28.0905425090102,0
                85.5460289364176,28.0905476693148,0
                85.5460974456043,28.0905593660052,0
                85.5461088638021,28.0905613154536,0
                85.5461453051956,28.0905623566363,0
                85.5461770944962,28.090563264902,0
                85.5461889985747,28.0905700672326,0
                85.5461946395318,28.0905710626957,0
                85.5462146421514,28.090574188105,0
                85.5462471396393,28.090553877175,0
                85.5463207377381,28.0905255702139,0
                85.5463433833069,28.0905029246451,0
                85.5463540311338,28.0904912120355,0
                85.5463508923052,28.0904874846765,0
                85.5463817865785,28.0904579946883,0
                85.5463817865785,28.0904209551687,0
                85.5464090788561,28.090374168407,0
                85.5464149272013,28.0903215333002,0
                85.5464090788561,28.0902766959869,0
                85.5464051799593,28.0902123641896,0
                85.5464246744433,28.09017532467,0
                85.5464578150661,28.0901285379083,0
                85.5464500172725,28.0901012456307,0
                85.5464266238917,28.090073953353,0
                85.5464051799593,28.0900486105238,0
                85.5463993316141,28.0900135204526,0
                85.5463759382333,28.0899589358973,0
                85.5462862636067,28.089904351342,0
                85.546210235119,28.0898575645804,0
                85.5461731955994,28.0898283228543,0
                85.5461674406782,28.0898264730583,0
                85.5461381055282,28.0897951822315,0
                85.5460776726277,28.0897678899539,0
                85.5460523297985,28.0897581427119,0
                85.5460191891756,28.0897269515374,0
                85.5459977452432,28.0897211031922,0
                85.5459431606879,28.0897074570534,0
                85.5458495871646,28.0896918614662,0
                85.5458359410258,28.0896899120178,0
                85.5458338656345,28.089691987409,0
                85.5458366887042,28.0897131604316,0
                85.5458649956653,28.0898094040992,0
                85.545910286803,28.0899962300422,0
                85.545938593764,28.0901037964942,0
                85.545938593764,28.0902340085151,0
                85.5459381582723,28.0902359682278,0
              </coordinates>
            </LinearRing>
          </outerBoundaryIs>
        </Polygon>
      </Placemark>
      <Placemark id="landslide_fluvial_erosion_Oct2021_Dec2023.21">
        <Polygon>
          <outerBoundaryIs>
            <LinearRing>
              <coordinates>
                85.5459131174991,28.0921022679458,0
                85.545918778891,28.0921220828177,0
                85.5459414244599,28.0921786967398,0
                85.545998038382,28.0922466334463,0
                85.5460433295197,28.0922862631918,0
                85.5460829592651,28.0923428771139,0
                85.546170470955,28.0923843300196,0
                85.5461961871094,28.0924164752127,0
                85.5462358168549,28.0925127188803,0
                85.5463886744446,28.0926259467245,0
                85.5465075636811,28.0927052062155,0
                85.5465755003876,28.0928014498831,0
                85.5466094687409,28.0928693865896,0
                85.5466282092833,28.0928806309151,0
                85.5467226965851,28.0929373232962,0
                85.5468302630372,28.0929712916495,0
                85.5468925383515,28.0929712916495,0
                85.5469887820191,28.0928297568442,0
                85.5471020098633,28.0927788043143,0
                85.5471586237854,28.0927674815298,0
                85.547226560492,28.0927504973532,0
                85.5472831744141,28.0926938834311,0
                85.5472986589442,28.0926695505981,0
                85.5473494868877,28.0926485183457,0
                85.5473896514025,28.0926043373794,0
                85.5474598315449,28.0925224605465,0
                85.5474832249258,28.09243278592,0
                85.5474481348545,28.0923859991583,0
                85.5473974491961,28.0923275157062,0
                85.5474082309311,28.0922915765895,0
                85.5473680952973,28.0922692790152,0
                85.5473794180817,28.0921900195242,0
                85.5473511111206,28.0921447283865,0
                85.5473001585907,28.0921164214255,0
                85.5472661902375,28.0921220828177,0
                85.547226560492,28.0921164214255,0
                85.5471189940399,28.0921334056021,0
                85.5470057661957,28.0920937758566,0
                85.5469378294892,28.0919805480124,0
                85.5469265067047,28.0919409182669,0
                85.5469259989566,28.0919400297076,0
                85.5469208453125,28.0919409182669,0
                85.5468415858216,28.0919579024435,0
                85.5467566649384,28.091918272698,0
                85.5466717440552,28.0918390132071,0
                85.5466547598786,28.0917937220694,0
                85.546666082663,28.0917201239706,0
                85.5466547598786,28.0916748328329,0
                85.5466774054474,28.0916125575186,0
                85.5467679877228,28.0915219752432,0
                85.5468585699982,28.0914144087912,0
                85.5468550584143,28.0912985265213,0
                85.5468189402527,28.0912898581625,0
                85.5467510035462,28.0911992758871,0
                85.5466377757019,28.0911256777884,0
                85.5465811617798,28.0910577410818,0
                85.5466321143097,28.0910011271597,0
                85.5466547598786,28.0909614974142,0
                85.5467170351929,28.0908595923544,0
                85.5468925383515,28.090769010079,0
                85.546909189505,28.0907573542716,0
                85.5469491522736,28.0907123961569,0
                85.5469944434113,28.0906727664114,0
                85.5470057661957,28.0905991683127,0
                85.5469717978424,28.0905878455283,0
                85.5468642313904,28.0905765227438,0
                85.5466830668396,28.0906218138815,0
                85.5465302092499,28.0906218138815,0
                85.5464613890546,28.0906089100949,0
                85.5464110283045,28.0906197989057,0
                85.5463319433953,28.0906232373801,0
                85.5462921119519,28.0906159000089,0
                85.5462180329126,28.0905866582829,0
                85.5461770944962,28.090563264902,0
                85.5461088638021,28.0905613154536,0
                85.5460289364176,28.0905476693148,0
                85.5459899474496,28.0905418209696,0
                85.5459605268411,28.0905402725165,0
                85.5459584086367,28.0905482157828,0
                85.5459414244601,28.0906614436271,0
                85.5459414244601,28.0908086398246,0
                85.5459369058137,28.0909035314001,0
                85.5459335304062,28.090974414956,0
                85.5459244402835,28.0911653075339,0
                85.5459074561068,28.091301180947,0
                85.5458904719302,28.0914540385367,0
                85.5458961333224,28.0916691714408,0
                85.5459131174991,28.0919522410514,0
                85.5459131174991,28.0921022679458,0
              </coordinates>
            </LinearRing>
          </outerBoundaryIs>
        </Polygon>
      </Placemark>
      <Placemark id="landslide_fluvial_erosion_Oct2021_Dec2023.22">
        <Polygon>
          <outerBoundaryIs>
            <LinearRing>
              <coordinates>
                85.5443837138066,28.0927132828086,0
                85.544383601966,28.0927135064899,0
                85.5443719052756,28.092771989942,0
                85.5443797030692,28.092830473394,0
                85.544394104826,28.0928472754437,0
                85.5443930336899,28.0928665558935,0
                85.5444185099549,28.0928892014624,0
                85.5444524783081,28.0929118470312,0
                85.5445090922303,28.0929203391196,0
                85.5445855210251,28.0928835400702,0
                85.5446279814667,28.0928693865896,0
                85.5446987488694,28.0928580638052,0
                85.5447468707032,28.0928240954519,0
                85.5447383786149,28.0928014498831,0
                85.5447298865265,28.0927788043143,0
                85.5447383786149,28.0927221903921,0
                85.5447402834329,28.092715523529,0
                85.5447851883369,28.092670618625,0
                85.5449138519314,28.0926004384825,0
                85.5450109641963,28.0925479453664,0
                85.5449988026566,28.0925297030569,0
                85.5449167124695,28.0924957347037,0
                85.5448204688019,28.0925268723608,0
                85.5447440400071,28.0925919783713,0
                85.5446194893784,28.092611793244,0
                85.5445204150147,28.0926259467245,0
                85.5443930336899,28.0926967141272,0
                85.5443837138066,28.0927132828086,0
              </coordinates>
            </LinearRing>
          </outerBoundaryIs>
        </Polygon>
      </Placemark>
      <Placemark id="landslide_fluvial_erosion_Oct2021_Dec2023.23">
        <Polygon>
          <outerBoundaryIs>
            <LinearRing>
              <coordinates>
                85.5460413075942,28.0866851243685,0
                85.5460574830003,28.0866899769904,0
                85.546131081099,28.0867692364813,0
                85.5461763722367,28.0867918820502,0
                85.546200559615,28.0868089554936,0
                85.5462180329126,28.0868105767274,0
                85.5462901625035,28.0868203239695,0
                85.5463544943008,28.0868105767274,0
                85.5464480678241,28.0867715877594,0
                85.5464812084469,28.0867267504461,0
                85.5464714612049,28.0866955592717,0
                85.5464968040341,28.0866117329904,0
                85.5464909556889,28.0865493506415,0
                85.5465026523793,28.0864947660863,0
                85.5464656128597,28.0863972936661,0
                85.5464695117565,28.0863544058013,0
                85.5464168766496,28.0862569333812,0
                85.5462901625035,28.0862354894487,0
                85.546210235119,28.0862257422067,0
                85.5461995767883,28.0862171467787,0
                85.5461990178058,28.0862200814368,0
                85.5461557066085,28.0862937104722,0
                85.5461537266681,28.0863333092811,0
                85.546125419707,28.0864748440864,0
                85.5460857899615,28.0865937333228,0
                85.5460461602161,28.0866729928138,0
                85.5460413075942,28.0866851243685,0
              </coordinates>
            </LinearRing>
          </outerBoundaryIs>
        </Polygon>
      </Placemark>
      <Placemark id="landslide_fluvial_erosion_Oct2021_Dec2023.24">
        <Polygon>
          <outerBoundaryIs>
            <LinearRing>
              <coordinates>
                85.5453985643018,28.0889281697848,0
                85.5453485789252,28.0889413238312,0
                85.5452277131242,28.0889920094897,0
                85.5451419373945,28.0890699874258,0
                85.5449742848319,28.0891518642587,0
                85.544713058746,28.0892142466076,0
                85.5444869227313,28.0893156179245,0
                85.5441750109869,28.0894364837254,0
                85.5439020882106,28.0894988660743,0
                85.5436603566087,28.0895924395976,0
                85.5435005018397,28.0896665186369,0
                85.543395231626,28.0897016087082,0
                85.5433913327292,28.0897600921602,0
                85.5435121985301,28.089705507605,0
                85.543594075363,28.0896548219465,0
                85.5437695257193,28.0896002373912,0
                85.5439059871074,28.089584641804,0
                85.5441438198125,28.0895534506296,0
                85.5442724834071,28.0895729451136,0
                85.5444440348665,28.0896002373912,0
                85.5445999907387,28.0896275296689,0
                85.5447364521268,28.0896548219465,0
                85.5448573179278,28.0896002373912,0
                85.5449352958639,28.0895144616615,0
                85.5450366671808,28.0894442815191,0
                85.5451497351881,28.0893624046862,0
                85.5452861965763,28.0891635609491,0
                85.5454382535517,28.0891089763938,0
                85.5454499502421,28.089066088529,0
                85.5454552900961,28.0890340494048,0
                85.5454234070727,28.0889885022285,0
                85.5453985643018,28.0889281697848,0
              </coordinates>
            </LinearRing>
          </outerBoundaryIs>
        </Polygon>
      </Placemark>
      <Placemark id="landslide_fluvial_erosion_Oct2021_Dec2023.25">
        <Polygon>
          <outerBoundaryIs>
            <LinearRing>
              <coordinates>
                85.5481362901406,28.0849449546064,0
                85.5481206945533,28.0848669766703,0
                85.5481050989661,28.0848201899086,0
                85.5480817055853,28.0847578075597,0
                85.5480544133077,28.0847149196949,0
                85.5479725364748,28.0846408406556,0
                85.5478789629515,28.0846603351396,0
                85.5478750640547,28.0846954252109,0
                85.5478789629515,28.0847695042502,0
                85.5478906596419,28.0848201899086,0
                85.5479296486099,28.0848630777735,0
                85.5479569408875,28.0848903700511,0
                85.548007626546,28.0849293590191,0
                85.5480895033789,28.0849800446776,0
                85.5481362901406,28.0849449546064,0
              </coordinates>
            </LinearRing>
          </outerBoundaryIs>
        </Polygon>
      </Placemark>
      <Placemark id="landslide_fluvial_erosion_Oct2021_Dec2023.26">
        <Polygon>
          <outerBoundaryIs>
            <LinearRing>
              <coordinates>
                85.5435084411569,28.0853029358984,0
                85.5435806239076,28.0852689675452,0
                85.5437108359285,28.0852180150153,0
                85.5437904560176,28.0852007063002,0
                85.5438467093415,28.0851500783087,0
                85.5439089846558,28.0850708188178,0
                85.5439259688325,28.0850425118567,0
                85.5439316302247,28.0850085435034,0
                85.5437278201051,28.0850311890723,0
                85.5436542220063,28.0850255276801,0
                85.5435409941621,28.0850255276801,0
                85.5433937979646,28.0850425118567,0
                85.5433145384736,28.0850425118567,0
                85.5432296175904,28.0850538346411,0
                85.5430880827851,28.08507648021,0
                85.543031468863,28.0851614010931,0
                85.5430371302552,28.0852293377997,0
                85.5430258074708,28.0853029358984,0
                85.5429578707642,28.0853538884283,0
                85.5430088232942,28.0854048409583,0
                85.5431163897462,28.0853821953894,0
                85.5431730036683,28.0853482270361,0
                85.5433201998658,28.0853085972907,0
                85.5434107821412,28.0853029358984,0
                85.5435084411569,28.0853029358984,0
              </coordinates>
            </LinearRing>
          </outerBoundaryIs>
        </Polygon>
      </Placemark>
      <Placemark id="landslide_fluvial_erosion_Oct2021_Dec2023.27">
        <Polygon>
          <outerBoundaryIs>
            <LinearRing>
              <coordinates>
                85.5439542757935,28.084702828324,0
                85.5439825827546,28.0846348916174,0
                85.5439712599702,28.084623568833,0
                85.5438636935181,28.084623568833,0
                85.5437278201051,28.0846405530096,0
                85.5435183485932,28.0846575371863,0
                85.5433485068269,28.0846971669318,0
                85.5431786650605,28.0847707650305,0
                85.5430201460786,28.0848613473059,0
                85.5429861777253,28.0849406067969,0
                85.5430484530396,28.0850198662878,0
                85.5432409403748,28.0849236226202,0
                85.5435013644166,28.0848443631293,0
                85.543620253653,28.0848273789526,0
                85.5437957568116,28.0847877492072,0
                85.5439542757935,28.084702828324,0
              </coordinates>
            </LinearRing>
          </outerBoundaryIs>
        </Polygon>
      </Placemark>
      <Placemark id="landslide_fluvial_erosion_Oct2021_Dec2023.28">
        <Polygon>
          <outerBoundaryIs>
            <LinearRing>
              <coordinates>
                85.5482362011932,28.0966738817339,0
                85.5483021628202,28.0967728241744,0
                85.548328547471,28.0967926126625,0
                85.5483747206099,28.0968387858013,0
                85.5484011052607,28.0968849589402,0
                85.5484011052607,28.0969707090553,0
                85.5483813167726,28.0970960361465,0
                85.5483879129353,28.0972213632378,0
                85.5484340860742,28.0973137095155,0
                85.548480259213,28.0973532864917,0
                85.5485989901416,28.0973862673052,0
                85.5487572980463,28.0973994596306,0
                85.5488232596733,28.097412651956,0
                85.5489353944391,28.0975313828845,0
                85.5490409330423,28.0976633061385,0
                85.5491398754827,28.0978545948567,0
                85.5491926447843,28.0979601334598,0
                85.5492388179232,28.0980986528765,0
                85.5492849910621,28.0981580183407,0
                85.5493047795502,28.0980590759003,0
                85.5493113757129,28.0979799219479,0
                85.5493179718756,28.0978743833448,0
                85.549265202574,28.0977556524162,0
                85.5491662601335,28.0976171329996,0
                85.549047529205,28.097478613583,0
                85.5489485867645,28.0973400941663,0
                85.5487902788598,28.0972279594005,0
                85.5487045287447,28.097194978587,0
                85.5485857978162,28.0971224207973,0
                85.5486055863043,28.0970498630077,0
                85.5486781440939,28.0969443244045,0
                85.5486847402566,28.0968651704521,0
                85.548697932582,28.096759631849,0
                85.548697932582,28.0966343047577,0
                85.5486451632805,28.0964957853411,0
                85.5485923939789,28.0964232275514,0
                85.5484472783995,28.0962781119721,0
                85.5483549321218,28.0962121503451,0
                85.5482230088679,28.0961198040674,0
                85.548110874102,28.0960802270912,0
                85.5478338352687,28.0958823422103,0
                85.5477678736418,28.0957833997698,0
                85.5477151043402,28.0955657264008,0
                85.5477678736418,28.0954008223334,0
                85.5477348928283,28.0952491105914,0
                85.5477282966656,28.0951963412898,0
                85.5475567964355,28.0949456871073,0
                85.5473127384157,28.0947609945518,0
                85.5471346420229,28.094668648274,0
                85.5470291034197,28.0946026866471,0
                85.5468510070269,28.094516936532,0
                85.5467322760983,28.0943982056035,0
                85.5466201413325,28.0941937245599,0
                85.5464948142412,28.0939760511909,0
                85.5464024679635,28.0939100895639,0
                85.546217775408,28.0937385893338,0
                85.5460726598286,28.0936528392187,0
                85.5459671212255,28.0936594353814,0
                85.5459605250628,28.0938111471234,0
                85.5460132943644,28.0938968972385,0
                85.5461386214556,28.0940420128178,0
                85.5462309677334,28.0941277629329,0
                85.5463299101738,28.0942464938614,0
                85.5463628909873,28.0943718209527,0
                85.5463628909873,28.0945037442066,0
                85.5463562948246,28.0945960904844,0
                85.5463826794754,28.0946554559486,0
                85.5464618334278,28.0947214175756,0
                85.5465146027293,28.0948335523415,0
                85.5465607758682,28.0948929178057,0
                85.5466003528444,28.0949588794327,0
                85.5466069490071,28.0950248410597,0
                85.5466267374952,28.0951963412898,0
                85.5466729106341,28.0953414568691,0
                85.5468641993523,28.0955327455873,0
                85.5469367571419,28.0957438227937,0
                85.5470093149316,28.095822976746,0
                85.5470686803959,28.0958625537222,0
                85.5471610266736,28.0959087268611,0
                85.5472467767887,28.0960076693015,0
                85.5474050846934,28.0960934194166,0
                85.5475831810863,28.0961791695317,0
                85.5476557388759,28.0962187465078,0
                85.547741488991,28.0962781119721,0
                85.547807450618,28.0963704582499,0
                85.5478206429433,28.0964694006903,0
                85.5478536237568,28.0965551508054,0
                85.5479393738719,28.0965551508054,0
                85.5480185278243,28.0965023815038,0
                85.5480712971258,28.0965155738292,0
                85.5481570472409,28.0965683431308,0
                85.5482362011932,28.0966738817339,0
              </coordinates>
            </LinearRing>
          </outerBoundaryIs>
        </Polygon>
      </Placemark>
      <Placemark id="landslide_fluvial_erosion_Oct2021_Dec2023.29">
        <Polygon>
          <outerBoundaryIs>
            <LinearRing>
              <coordinates>
                85.5156244169753,28.1307888065295,0
                85.5154851222905,28.1309716308034,0
                85.5155286518795,28.1309803367212,0
                85.5156244169753,28.1309803367212,0
                85.5157288879889,28.13094551305,0
                85.5158333590026,28.1308497479542,0
                85.5159291240984,28.1307452769405,0
                85.5160248891942,28.1306843355159,0
                85.5161990075503,28.1305624526667,0
                85.5162251253037,28.1304928053242,0
                85.5163208903995,28.1304057461462,0
                85.5163818318241,28.1303535106394,0
                85.5164514791666,28.130327392886,0
                85.5166778330294,28.1303099810504,0
                85.5167213626185,28.130240333708,0
                85.5167474803719,28.1301532745299,0
                85.5166691271116,28.1300575094341,0
                85.5166691271116,28.1299965680095,0
                85.5167735981253,28.1299269206671,0
                85.5168345395499,28.1298224496534,0
                85.5168606573033,28.129752802311,0
                85.5170173638237,28.1296483312974,0
                85.5171479525908,28.1295612721193,0
                85.5172785413578,28.1295264484481,0
                85.5174004242071,28.1295351543659,0
                85.5175919543987,28.1295351543659,0
                85.5177747786726,28.1294742129413,0
                85.5178096023438,28.1293871537633,0
                85.517844426015,28.1293000945853,0
                85.5179227792752,28.1292130354072,0
                85.5179401911108,28.1291607999004,0
                85.517800896426,28.1290737407224,0
                85.5177051313302,28.1291085643936,0
                85.5176267780699,28.1292130354072,0
                85.5176006603165,28.1292652709141,0
                85.5175048952207,28.1293349182565,0
                85.5173046591112,28.1293523300921,0
                85.517182776262,28.1294219774345,0
                85.5170608934128,28.1294916247769,0
                85.5169651283169,28.1295264484481,0
                85.5168519513855,28.1295960957906,0
                85.5167126567006,28.1296309194618,0
                85.5165733620158,28.1296831549686,0
                85.5165124205912,28.1297963319,0
                85.5163992436597,28.1298920969958,0
                85.5162599489749,28.1299704502561,0
                85.5161293602079,28.1300749212697,0
                85.5160510069476,28.1301880982011,0
                85.515859476756,28.1303535106394,0
                85.5157985353314,28.130457981653,0
                85.5157288879889,28.1306408059269,0
                85.5156244169753,28.1307888065295,0
              </coordinates>
            </LinearRing>
          </outerBoundaryIs>
        </Polygon>
      </Placemark>
      <Placemark id="landslide_fluvial_erosion_Oct2021_Dec2023.30">
        <Polygon>
          <outerBoundaryIs>
            <LinearRing>
              <coordinates>
                85.5156331228931,28.1311457491595,0
                85.5155808873863,28.1311892787485,0
                85.5156331228931,28.1312676320087,0
                85.5157375939067,28.1313633971045,0
                85.515859476756,28.1314591622004,0
                85.516033595112,28.1314852799538,0
                85.5162512430571,28.1315113977072,0
                85.5163644199885,28.1315026917894,0
                85.5165124205912,28.1315375154606,0
                85.5167039507828,28.1315810450496,0
                85.5168345395499,28.1315375154606,0
                85.5169477164813,28.1314330444469,0
                85.5170173638237,28.1313895148579,0
                85.5172175999332,28.1312415142553,0
                85.5174091301249,28.1310848077348,0
                85.5175745425631,28.1307017473515,0
                85.5176093662343,28.1305363349133,0
                85.5177399550014,28.1303796283928,0
                85.5178531319328,28.1303012751326,0
                85.517887955604,28.1301619804477,0
                85.5180794857957,28.1300400975985,0
                85.5182797219051,28.1298572733246,0
                85.5183406633298,28.129752802311,0
                85.5184277225078,28.1296135076262,0
                85.518462546179,28.1294742129413,0
                85.5184103106722,28.1293697419277,0
                85.5183493692476,28.1293871537633,0
                85.5183058396586,28.1294393892701,0
                85.5182710159873,28.1295612721193,0
                85.5182274863983,28.1296918608864,0
                85.5181491331381,28.1298137437356,0
                85.5180359562067,28.1299182147493,0
                85.517887955604,28.1299617443383,0
                85.5177486609192,28.1299443325027,0
                85.5175919543987,28.1299791561739,0
                85.5175048952207,28.1300400975985,0
                85.5174178360427,28.1303012751326,0
                85.5173830123715,28.130501511242,0
                85.5173220709468,28.1306495118447,0
                85.517226305851,28.1307626887761,0
                85.5169651283169,28.1309368071322,0
                85.5168345395499,28.1310238663102,0
                85.5166691271116,28.131119631406,0
                85.516564656098,28.1311631609951,0
                85.5163034785639,28.1311979846663,0
                85.5161728897969,28.1312676320087,0
                85.5160597128654,28.1312763379265,0
                85.5158420649204,28.1312328083375,0
                85.5156331228931,28.1311457491595,0
              </coordinates>
            </LinearRing>
          </outerBoundaryIs>
        </Polygon>
      </Placemark>
      <Placemark id="landslide_fluvial_erosion_Oct2021_Dec2023.31">
        <Polygon>
          <outerBoundaryIs>
            <LinearRing>
              <coordinates>
                85.5201863179039,28.1276894997917,0
                85.5201863179039,28.1277939708054,0
                85.52036043626,28.1278287944766,0
                85.5204997309448,28.1278375003944,0
                85.5206042019585,28.1278375003944,0
                85.5208392617392,28.1277852648876,0
                85.5209959682596,28.1276546761205,0
                85.5210307919308,28.1276285583671,0
                85.5211526747801,28.1276024406137,0
                85.5213442049717,28.1275850287781,0
                85.5214225582319,28.1275066755179,0
                85.5215009114922,28.1273847926686,0
                85.5215879706702,28.1273499689974,0
                85.5217882067797,28.1273760867508,0
                85.522040678396,28.1273412630796,0
                85.5221886789986,28.1272629098194,0
                85.5222757381766,28.1272542039016,0
                85.5224846802039,28.1273064394084,0
                85.5225804452997,28.1273499689974,0
                85.5227806814092,28.1273760867508,0
                85.5229025642584,28.1273586749152,0
                85.5230157411899,28.1272890275728,0
                85.5230940944501,28.1272542039016,0
                85.5233030364774,28.1272629098194,0
                85.523407507491,28.1272890275728,0
                85.5235032725868,28.1273412630796,0
                85.5237122146141,28.1273151453262,0
                85.5237644501209,28.1272890275728,0
                85.5238776270523,28.1272542039016,0
                85.5239646862304,28.1271758506414,0
                85.5240517454084,28.1271410269702,0
                85.5242258637644,28.1270800855456,0
                85.5243825702849,28.1269843204497,0
                85.5244957472163,28.1268885553539,0
                85.5245741004766,28.1268537316827,0
                85.5246524537368,28.1268102020937,0
                85.5248701016819,28.1267144369978,0
                85.5249832786133,28.12670573108,0
                85.5251051614625,28.1267318488334,0
                85.5252705739008,28.1267318488334,0
                85.525348927161,28.1266534955732,0
                85.5254098685856,28.1265577304774,0
                85.5254621040924,28.1264184357925,0
                85.5254621040924,28.1263662002857,0
                85.5254533981746,28.1262356115187,0
                85.5254969277637,28.126131140505,0
                85.5255839869417,28.1260353754092,0
                85.5257145757087,28.1259309043956,0
                85.525836458558,28.1257916097107,0
                85.5258886940648,28.1256697268615,0
                85.5259496354894,28.1255913736013,0
                85.526097636092,28.1255217262588,0
                85.5262108130235,28.1254607848342,0
                85.5263414017905,28.1254346670808,0
                85.526454578722,28.1253650197384,0
                85.5264284609686,28.1253127842316,0
                85.5263501077083,28.1253301960672,0
                85.5261759893523,28.1253476079028,0
                85.5260889301742,28.1253476079028,0
                85.5260192828318,28.1253737256562,0
                85.5258190467224,28.125425961163,0
                85.5256971638731,28.1254346670808,0
                85.5254446922568,28.125513020341,0
                85.5254446922568,28.1256000795191,0
                85.5256275165307,28.1256871386971,0
                85.5257058697909,28.1257654919573,0
                85.5256101046951,28.1258438452176,0
                85.5253576330788,28.1259396103134,0
                85.5252531620652,28.1259309043956,0
                85.5250006904489,28.1259309043956,0
                85.5248352780106,28.1260179635736,0
                85.5247917484216,28.1261050227516,0
                85.5249484549421,28.1261398464228,0
                85.5250790437091,28.1261398464228,0
                85.525218338394,28.1261398464228,0
                85.5252705739008,28.1261920819297,0
                85.525261867983,28.1262965529433,0
                85.5251661028872,28.1263836121213,0
                85.5248701016819,28.1265229068062,0
                85.5247395129148,28.1265664363952,0
                85.5246089241478,28.1265664363952,0
                85.5244522176273,28.1266360837376,0
                85.5244348057917,28.1267405547512,0
                85.5243477466137,28.1268276139293,0
                85.5241475105042,28.1268972612717,0
                85.5240778631618,28.1269233790251,0
                85.5239124507235,28.1269756145319,0
                85.5237557442031,28.1270365559565,0
                85.5236251554361,28.1270887914634,0
                85.5234423311622,28.1270626737099,0
                85.5233291542308,28.1270191441209,0
                85.5232420950527,28.1269582026963,0
                85.5230940944501,28.1269233790251,0
                85.522919976094,28.1269320849429,0
                85.5226587985599,28.1269669086141,0
                85.5224846802039,28.1269756145319,0
                85.5222670322588,28.1270017322853,0
                85.5219797369713,28.1270974973812,0
                85.5218491482043,28.1271323210524,0
                85.5216576180126,28.1271758506414,0
                85.5214922055744,28.1272193802304,0
                85.5213354990539,28.1272977334906,0
                85.5211352629445,28.1273760867508,0
                85.5209263209172,28.1274631459289,0
                85.5208392617392,28.1275850287781,0
                85.5207347907255,28.1276894997917,0
                85.5206216137941,28.1276894997917,0
                85.5204213776846,28.1276546761205,0
                85.5201863179039,28.1276894997917,0
              </coordinates>
            </LinearRing>
          </outerBoundaryIs>
        </Polygon>
      </Placemark>
      <Placemark id="landslide_fluvial_erosion_Oct2021_Dec2023.32">
        <Polygon>
          <outerBoundaryIs>
            <LinearRing>
              <coordinates>
                85.5220755020672,28.1284382087228,0
                85.5221799730808,28.1286384448322,0
                85.5221799730808,28.1287516217637,0
                85.5221364434918,28.1288996223663,0
                85.522171267163,28.1290302111334,0
                85.5222409145054,28.1290650348046,0
                85.52230185593,28.1292565649962,0
                85.522214796752,28.1294393892701,0
                85.5220232665603,28.1295699780371,0
                85.5218404422865,28.129665743133,0
                85.5217969126975,28.1297702141466,0
                85.5217011476016,28.129883391078,0
                85.521640206177,28.1299182147493,0
                85.5214225582319,28.1299704502561,0
                85.5211265570266,28.1301358626943,0
                85.520935026835,28.1302490396258,0
                85.5207086729721,28.1303012751326,0
                85.5204736131914,28.1303535106394,0
                85.5203778480956,28.1304318638996,0
                85.5201253764793,28.1305189230776,0
                85.5198119634384,28.1305624526667,0
                85.5196204332468,28.1307191591871,0
                85.5194898444797,28.1308497479542,0
                85.5192025491922,28.1308932775432,0
                85.5191154900142,28.1309803367212,0
                85.518950077576,28.1310412781458,0
                85.5187150177953,28.1310586899814,0
                85.5184973698502,28.1311631609951,0
                85.5182884278229,28.1313198675155,0
                85.5180968976313,28.1313895148579,0
                85.5180098384533,28.1314417503647,0
                85.5177921905082,28.131563633214,0
                85.5174613656317,28.1316158687208,0
                85.5171740703442,28.1316681042276,0
                85.5171131289196,28.1318422225837,0
                85.5170173638237,28.1320250468575,0
                85.516651715276,28.1321034001178,0
                85.5163731259063,28.1322078711314,0
                85.5162425371393,28.132355871734,0
                85.5160858306188,28.1324603427477,0
                85.5159813596052,28.132712814364,0
                85.5157637116601,28.1329217563912,0
                85.5156679465643,28.1331306984185,0
                85.5157550057423,28.1332090516787,0
                85.5159639477696,28.1332699931033,0
                85.5163034785639,28.1331481102541,0
                85.5163470081529,28.1331132865829,0
                85.5165124205912,28.1330262274049,0
                85.5165472442624,28.1329130504734,0
                85.51647759692,28.132799873542,0
                85.516564656098,28.1327824617064,0
                85.5167126567006,28.1328172853776,0
                85.5169564223991,28.1326605788571,0
                85.5168171277143,28.1325735196791,0
                85.5168084217965,28.1324516368299,0
                85.5170260697415,28.1323210480628,0
                85.5171740703442,28.1322601066382,0
                85.5175745425631,28.1321730474602,0
                85.5176006603165,28.1321469297068,0
                85.5174700715495,28.1320076350219,0
                85.5174961893029,28.1319292817617,0
                85.5176528958233,28.1320076350219,0
                85.5177747786726,28.1320337527753,0
                85.5179140733574,28.1319815172685,0
                85.517931485193,28.1318335166659,0
                85.5180359562067,28.1317551634056,0
                85.5181665449737,28.1317116338166,0
                85.518506075768,28.131650692392,0
                85.5186714882063,28.1315288095428,0
                85.5188717243157,28.1314330444469,0
                85.5189849012472,28.1313895148579,0
                85.519167725521,28.1313285734333,0
                85.5193157261237,28.1313024556799,0
                85.5194637267263,28.1313111615977,0
                85.5195507859044,28.1312066905841,0
                85.5196465510002,28.1311718669129,0
                85.5198467871097,28.1311022195704,0
                85.5199164344521,28.1310064544746,0
                85.5200992587259,28.1308410420364,0
                85.520273377082,28.1307801006117,0
                85.5205345546161,28.1307801006117,0
                85.5207347907255,28.1307104532693,0
                85.5209002031638,28.1304840994064,0
                85.5211004392733,28.1303883343106,0
                85.5213442049717,28.1302751573792,0
                85.5214922055744,28.1302316277902,0
                85.5217620890263,28.1301445686121,0
                85.5219013837111,28.1300488035163,0
                85.5220929139028,28.1299443325027,0
                85.522258326341,28.1299008029137,0
                85.5223889151081,28.1298137437356,0
                85.5224759742861,28.1298224496534,0
                85.5226500926422,28.1297266845576,0
                85.5226326808065,28.1296483312974,0
                85.5227110340668,28.1295351543659,0
                85.5227980932448,28.1294306833523,0
                85.5229983293543,28.1292478590784,0
                85.5231985654637,28.1291520939826,0
                85.5232246832171,28.1290998584758,0
                85.5231028003679,28.1290302111334,0
                85.5232333891349,28.12900409338,0
                85.5233988015732,28.1289779756266,0
                85.5235468021758,28.1289344460375,0
                85.5235468021758,28.1288647986951,0
                85.5234771548334,28.1287167980925,0
                85.5235468021758,28.1286645625857,0
                85.5236948027785,28.1286558566679,0
                85.5239037448058,28.1286210329966,0
                85.5238689211345,28.1285339738186,0
                85.5237383323675,28.1284382087228,0
                85.5237383323675,28.1283337377092,0
                85.5239646862304,28.1282640903667,0
                85.5239995099016,28.1282118548599,0
                85.5240082158194,28.1281160897641,0
                85.5241213927508,28.1280638542573,0
                85.5243477466137,28.1280116187504,0
                85.5243912762027,28.1278897359012,0
                85.5245479827231,28.1277591471342,0
                85.5247569247504,28.1276111465315,0
                85.5248004543394,28.1274544400111,0
                85.5247221010792,28.1274109104221,0
                85.5246524537368,28.1274109104221,0
                85.5244260998739,28.1274631459289,0
                85.5243129229425,28.1275414991891,0
                85.5241649223398,28.1276024406137,0
                85.5239298625592,28.1276459702027,0
                85.5238166856277,28.1277156175452,0
                85.5235642140114,28.1277939708054,0
                85.5235119785046,28.127767853052,0
                85.5233813897376,28.127811382641,0
                85.5231985654637,28.1279245595724,0
                85.5231724477103,28.1280551483395,0
                85.5230679766967,28.1281073838463,0
                85.5230070352721,28.1280551483395,0
                85.5229722116008,28.1279942069148,0
                85.5228677405872,28.1280464424217,0
                85.5228242109982,28.1281160897641,0
                85.5227980932448,28.1282292666955,0
                85.5226849163134,28.1282902081201,0
                85.5226936222312,28.1281335015997,0
                85.5226587985599,28.1280203246683,0
                85.5225456216285,28.1280203246683,0
                85.5224846802039,28.1281073838463,0
                85.5223802091903,28.1282815022023,0
                85.5223366796012,28.1282640903667,0
                85.5223105618478,28.1281422075175,0
                85.5223192677656,28.1279942069148,0
                85.522258326341,28.127898441819,0
                85.5221016198206,28.127941971408,0
                85.5220319724781,28.1280899720107,0
                85.5219536192179,28.1281335015997,0
                85.5217969126975,28.1280725601751,0
                85.521596676588,28.127985500997,0
                85.521466087821,28.1280029128326,0
                85.5212310280403,28.1280377365039,0
                85.5209959682596,28.1280116187504,0
                85.5209176149994,28.1281073838463,0
                85.5211352629445,28.1282292666955,0
                85.5214312641498,28.1282292666955,0
                85.5215009114922,28.1282553844489,0
                85.521683735766,28.1283163258735,0
                85.5217620890263,28.1283250317913,0
                85.5219275014645,28.1284033850516,0
                85.5220755020672,28.1284382087228,0
              </coordinates>
            </LinearRing>
          </outerBoundaryIs>
        </Polygon>
      </Placemark>
      <Placemark id="landslide_fluvial_erosion_Oct2021_Dec2023.33">
        <Polygon>
          <outerBoundaryIs>
            <LinearRing>
              <coordinates>
                85.5209611445884,28.1311544550773,0
                85.5210307919308,28.1310412781458,0
                85.5209959682596,28.1310412781458,0
                85.5208044380679,28.1311457491595,0
                85.5206912611365,28.1311979846663,0
                85.5205258486982,28.1312502201731,0
                85.5203778480956,28.1313982207757,0
                85.5203343185066,28.131520103625,0
                85.5200992587259,28.131650692392,0
                85.5199599640411,28.1318335166659,0
                85.5197945516028,28.1318857521727,0
                85.5196639628358,28.1318683403371,0
                85.5195420799865,28.1320337527753,0
                85.5194463148907,28.1320772823644,0
                85.5192634906168,28.1320859882822,0
                85.5190719604252,28.1323036362272,0
                85.5189500775759,28.1325561078435,0
                85.5188804302335,28.1325038723367,0
                85.5187759592199,28.1324429309121,0
                85.5186714882063,28.1325474019257,0
                85.5185408994392,28.1327389321174,0
                85.5183841929188,28.1328172853776,0
                85.5182187804805,28.1327911676242,0
                85.5181752508915,28.1328259912954,0
                85.517844426015,28.1329043445556,0
                85.5177225431657,28.1329652859802,0
                85.5176616017411,28.1330958747473,0
                85.5174961893029,28.1331394043363,0
                85.5174439537961,28.1330523451583,0
                85.5172872472756,28.1330697569939,0
                85.5172350117688,28.1332264635143,0
                85.5171044230018,28.1334266996238,0
                85.5168258336321,28.1334702292128,0
                85.5166430093582,28.1335398765552,0
                85.516521126509,28.1336878771579,0
                85.5164079495775,28.1337923481715,0
                85.5162512430571,28.1339055251029,0
                85.5162599489749,28.13403611387,0
                85.5164514791665,28.1339751724454,0
                85.5167039507828,28.1338271718427,0
                85.5169390105635,28.1337139949113,0
                85.5170260697415,28.1336878771579,0
                85.5172959531934,28.1336791712401,0
                85.5175484248097,28.1337139949113,0
                85.5179053674396,28.1335659943086,0
                85.5180359562066,28.133548582473,0
                85.5182884278229,28.1334876410484,0
                85.5185844290282,28.1333222286102,0
                85.5186976059597,28.1332438753499,0
                85.5189500775759,28.1331219925007,0
                85.5191154900142,28.1329130504734,0
                85.5192634906168,28.1326866966105,0
                85.5194376089729,28.1326083433503,0
                85.5196378450824,28.1324690486655,0
                85.5197684338494,28.1323819894874,0
                85.5199425522055,28.132312342145,0
                85.5201427883149,28.1321730474602,0
                85.5202211415751,28.1319553995151,0
                85.520273377082,28.1318335166659,0
                85.52036043626,28.1316681042276,0
                85.520447495438,28.1315897509674,0
                85.5206738493009,28.131520103625,0
                85.5208479676569,28.1314069266935,0
                85.5209611445884,28.1311544550773,0
              </coordinates>
            </LinearRing>
          </outerBoundaryIs>
        </Polygon>
      </Placemark>
      <Placemark id="landslide_fluvial_erosion_Oct2021_Dec2023.34">
        <Polygon>
          <outerBoundaryIs>
            <LinearRing>
              <coordinates>
                85.5274818770227,28.1235019533286,0
                85.527377406009,28.1236368950545,0
                85.527155405105,28.1237457190271,0
                85.526981286749,28.1239503080954,0
                85.5269334042011,28.1241157205337,0
                85.5269595219545,28.1242419563418,0
                85.52693775716,28.1243594862322,0
                85.5268637568586,28.1244204276568,0
                85.5267679917628,28.1244900749992,0
                85.5268550509409,28.1245336045882,0
                85.526981286749,28.124498780917,0
                85.5270552870503,28.1244160746979,0
                85.5271205814338,28.1243116036843,0
                85.5270944636804,28.1241548971638,0
                85.5271771698995,28.1239198373831,0
                85.5273208175433,28.1237761897394,0
                85.5275602302829,28.1236978364792,0
                85.5276559953787,28.1236238361778,0
                85.5276690542554,28.1235411299587,0
                85.527642936502,28.1234976003697,0
                85.5276298776253,28.1234758355752,0
                85.5274818770227,28.1235019533286,0
              </coordinates>
            </LinearRing>
          </outerBoundaryIs>
        </Polygon>
      </Placemark>
      <Placemark id="landslide_fluvial_erosion_Oct2021_Dec2023.35">
        <Polygon>
          <outerBoundaryIs>
            <LinearRing>
              <coordinates>
                85.5273034057077,28.126884202395,0
                85.5275384654884,28.1267274958745,0
                85.5277648193512,28.1264314946692,0
                85.5278083489403,28.1262399644776,0
                85.5278257607759,28.1261093757105,0
                85.5278257607759,28.1259352573545,0
                85.5277822311868,28.1258133745052,0
                85.5276690542554,28.1257001975738,0
                85.5277474075156,28.1255434910534,0
                85.5278779962827,28.1254477259575,0
                85.5279563495429,28.1252910194371,0
                85.5279737613785,28.1250820774098,0
                85.5280521146387,28.1248992531359,0
                85.5280782323921,28.1247773702867,0
                85.5280434087209,28.1247773702867,0
                85.5279563495429,28.1249253708894,0
                85.5278779962827,28.1250994892454,0
                85.5277474075156,28.1252300780125,0
                85.5275907009952,28.1251865484234,0
                85.5273208175433,28.1252300780125,0
                85.5272598761187,28.1253345490261,0
                85.5272511702009,28.1255957265602,0
                85.5272076406119,28.1257176094094,0
                85.5270944636804,28.125822080423,0
                85.5269290512422,28.1258569040943,0
                85.5267810506395,28.1259613751079,0
                85.5267375210505,28.1260919638749,0
                85.5265285790232,28.1261180816283,0
                85.5264241080096,28.1264053769158,0
                85.5266939914615,28.1266752603677,0
                85.5269986985846,28.1268929083128,0
                85.5270770518448,28.1270060852442,0
                85.527155405105,28.1271889095181,0
                85.5273382293789,28.127415263381,0
                85.5275732891596,28.1275719699014,0
                85.5276516424198,28.1276242054082,0
                85.5277822311868,28.1278070296821,0
                85.5278431726115,28.1278853829423,0
                85.5279389377073,28.1279027947779,0
                85.5280085850497,28.1278766770245,0
                85.5279389377073,28.1277460882575,0
                85.52772999568,28.1276067935726,0
                85.5275384654884,28.1273891456275,0
                85.5273991708035,28.1272150272715,0
                85.5273382293789,28.1271192621757,0
                85.5273034057077,28.126884202395,0
              </coordinates>
            </LinearRing>
          </outerBoundaryIs>
        </Polygon>
      </Placemark>
      <Placemark id="landslide_fluvial_erosion_Oct2021_Dec2023.36">
        <Polygon>
          <outerBoundaryIs>
            <LinearRing>
              <coordinates>
                85.5268855216532,28.1274762048056,0
                85.5267288151327,28.1273107923673,0
                85.5265634026945,28.1271192621757,0
                85.5264676375986,28.126971261573,0
                85.5263718725028,28.1268580846416,0
                85.5263283429138,28.126927731984,0
                85.5263370488316,28.1269451438196,0
                85.5262412837358,28.126971261573,0
                85.5261890482289,28.1269538497374,0
                85.5261368127221,28.127014791162,0
                85.5261194008865,28.1270931444223,0
                85.5259017529415,28.1270322029976,0
                85.5257363405032,28.1270409089154,0
                85.5256928109142,28.127058320751,0
                85.5256841049964,28.1271453799291,0
                85.5256928109142,28.1272498509427,0
                85.5255448103115,28.1272237331893,0
                85.5254664570513,28.1271192621757,0
                85.5253881037911,28.1271366740113,0
                85.5254142215445,28.1273282042029,0
                85.5256666931608,28.127545852148,0
                85.5258843411059,28.1275719699014,0
                85.5259539884483,28.12745879297,0
                85.5260932831331,28.1274500870522,0
                85.526493755352,28.1276503231616,0
                85.5267897565573,28.1277025586684,0
                85.526850697982,28.127676440915,0
                85.526894227571,28.1276154994904,0
                85.5268855216532,28.1274762048056,0
              </coordinates>
            </LinearRing>
          </outerBoundaryIs>
        </Polygon>
      </Placemark>
      <Placemark id="landslide_fluvial_erosion_Oct2021_Dec2023.37">
        <Polygon>
          <outerBoundaryIs>
            <LinearRing>
              <coordinates>
                85.5281391738168,28.1283119729146,0
                85.52808693831,28.128163972312,0
                85.5280347028031,28.1280246776271,0
                85.5278518785293,28.1279811480381,0
                85.5275732891596,28.1278244415177,0
                85.5272424642831,28.12745879297,0
                85.5269899926668,28.1270931444223,0
                85.5266765796259,28.126797143217,0
                85.5264763435164,28.1267100840389,0
                85.5264328139274,28.1267449077101,0
                85.5265198731054,28.1268580846416,0
                85.5267810506395,28.127058320751,0
                85.5270161104202,28.1273978515453,0
                85.5271815228585,28.127545852148,0
                85.5274165826391,28.1278592651889,0
                85.5276081128308,28.1280507953806,0
                85.5277996430225,28.1281987959832,0
                85.5278954081183,28.12825103149,0
                85.5281391738168,28.1283119729146,0
              </coordinates>
            </LinearRing>
          </outerBoundaryIs>
        </Polygon>
      </Placemark>
      <Placemark id="landslide_fluvial_erosion_Oct2021_Dec2023.38">
        <Polygon>
          <outerBoundaryIs>
            <LinearRing>
              <coordinates>
                85.5254403392979,28.1306451588858,0
                85.5254055156267,28.1304536286941,0
                85.5252923386953,28.1301837452422,0
                85.5252749268597,28.130105391982,0
                85.5252662209418,28.1300009209684,0
                85.5253445742021,28.1298180966945,0
                85.5253271623665,28.1296962138453,0
                85.5252662209418,28.1294176244756,0
                85.5252052795172,28.1292435061195,0
                85.5251791617638,28.1290955055169,0
                85.525170455846,28.128912681243,0
                85.5251878676816,28.1286602096268,0
                85.5251617499282,28.1284860912707,0
                85.5251443380926,28.1283293847502,0
                85.5251356321748,28.1281552663942,0
                85.5251878676816,28.1279637362025,0
                85.5252575150241,28.1278070296821,0
                85.5252749268597,28.1277460882575,0
                85.5252923386953,28.127545852148,0
                85.5252488091062,28.1275284403124,0
                85.5251182203392,28.1276590290794,0
                85.5250137493256,28.1278331474355,0
                85.5249528079009,28.1280246776271,0
                85.5249441019832,28.128294561079,0
                85.5249005723941,28.1284860912707,0
                85.5248135132161,28.1286863273802,0
                85.5247961013805,28.1289039753252,0
                85.5248570428051,28.1289649167499,0
                85.5248309250517,28.1290867995991,0
                85.5248135132161,28.1292522120373,0
                85.5249092783119,28.1294524481468,0
                85.5249005723941,28.1295220954892,0
                85.5249179842297,28.1296962138453,0
                85.52499633749,28.1298616262835,0
                85.5250659848324,28.1300009209684,0
                85.525083396668,28.1300879801464,0
                85.5250485729968,28.1301402156532,0
                85.5250050434078,28.1302533925847,0
                85.5250485729968,28.1304362168585,0
                85.525039867079,28.1304884523653,0
                85.5249092783119,28.1304536286941,0
                85.5248309250517,28.1302359807491,0
                85.5247699836271,28.1300966860642,0
                85.5247090422025,28.1299922150506,0
                85.5247177481203,28.1298790381191,0
                85.5246655126135,28.1295569191604,0
                85.5246132771066,28.1294089185578,0
                85.5245262179286,28.1292957416264,0
                85.5244478646684,28.1293305652976,0
                85.5244391587506,28.1294176244756,0
                85.524421746915,28.1296788020097,0
                85.5244043350794,28.1297571552699,0
                85.5243433936548,28.1297571552699,0
                85.5242476285589,28.1296439783385,0
                85.5241692752987,28.1295220954892,0
                85.5241344516275,28.1293740948866,0
                85.5240735102029,28.1292522120373,0
                85.5240212746961,28.1292260942839,0
                85.5239690391892,28.1292348002017,0
                85.523890685929,28.1294089185578,0
                85.5238993918468,28.1295569191604,0
                85.5239516273536,28.1297571552699,0
                85.5239429214358,28.1299138617904,0
                85.5239168036824,28.1299573913794,0
                85.5238558622578,28.130018332804,0
                85.5239516273536,28.1302969221737,0
                85.5240996279563,28.1302882162559,0
                85.5241953930521,28.1302620985025,0
                85.5243520995726,28.1303926872695,0
                85.5244913942574,28.130592923379,0
                85.5247351599559,28.1306190411324,0
                85.5247961013805,28.1304971582831,0
                85.5247873954627,28.1304449227763,0
                85.5248744546407,28.130592923379,0
                85.5249615138187,28.1307496298994,0
                85.5250659848324,28.1309150423377,0
                85.5251443380926,28.1309498660089,0
                85.5251965735994,28.1308541009131,0
                85.5251965735994,28.1307409239816,0
                85.525213985435,28.1306625707214,0
                85.525257515024,28.1306103352146,0
                85.5252923386953,28.1306451588858,0
                85.5253532801199,28.1306886884748,0
                85.5253619860377,28.1306886884748,0
                85.5254403392979,28.1306451588858,0
              </coordinates>
            </LinearRing>
          </outerBoundaryIs>
        </Polygon>
      </Placemark>
      <Placemark id="landslide_fluvial_erosion_Oct2021_Dec2023.39">
        <Polygon>
          <outerBoundaryIs>
            <LinearRing>
              <coordinates>
                85.5289705889669,28.1252779605604,0
                85.5291316484462,28.125338901985,0
                85.5292665901722,28.1253737256562,0
                85.5293754141447,28.1253867845329,0
                85.5294929440351,28.125382431574,0
                85.5295930620898,28.1253301960672,0
                85.5296017680076,28.1252126661769,0
                85.5294798851584,28.1250429007797,0
                85.5294320026104,28.1249906652729,0
                85.5294102378159,28.1250603126153,0
                85.5294189437337,28.1250907833276,0
                85.5294581203638,28.1251734895467,0
                85.529449414446,28.1252300780125,0
                85.5293580023091,28.1252823135193,0
                85.5292361194599,28.1252736076015,0
                85.529053295186,28.125208313218,0
                85.5290010596792,28.1251996073001,0
                85.5289618830491,28.1252300780125,0
                85.5289401182546,28.125251842807,0
                85.5289705889669,28.1252779605604,0
              </coordinates>
            </LinearRing>
          </outerBoundaryIs>
        </Polygon>
      </Placemark>
      <Placemark id="landslide_fluvial_erosion_Oct2021_Dec2023.40">
        <Polygon>
          <outerBoundaryIs>
            <LinearRing>
              <coordinates>
                85.5289705889669,28.1248774883414,0
                85.5289140005012,28.1247599584511,0
                85.528831294282,28.1246685463142,0
                85.5287616469396,28.1245858400951,0
                85.5286702348027,28.1244813690814,0
                85.5286484700082,28.1243943099034,0
                85.5285831756247,28.124281132972,0
                85.5284961164466,28.1241636030816,0
                85.5284525868576,28.1240634850269,0
                85.5284569398165,28.1239633669722,0
                85.5285178812411,28.1238980725886,0
                85.5286092933781,28.1237805426983,0
                85.5286310581726,28.1236847776025,0
                85.5285744697069,28.1236194832189,0
                85.5284134102275,28.1236543068902,0
                85.5282741155427,28.1237544249449,0
                85.5281783504468,28.1238719548352,0
                85.5281043501455,28.1239851317667,0
                85.5280651735154,28.1240939557392,0
                85.5281348208578,28.1242463093007,0
                85.5282175270769,28.1243725451089,0
                85.5282131741181,28.1244465454102,0
                85.5281522326934,28.1244639572458,0
                85.528082585351,28.1243856039856,0
                85.527995526173,28.1242985448076,0
                85.5279302317895,28.1242288974651,0
                85.5278214078169,28.1241723089994,0
                85.5276081128307,28.1241157205337,0
                85.5275036418171,28.1241723089994,0
                85.5274557592692,28.1242593681774,0
                85.5274339944747,28.1243420743966,0
                85.527377406009,28.1244813690814,0
                85.5275341125294,28.1246032519307,0
                85.5277038779266,28.1246511344786,0
                85.5278344666936,28.124677252232,0
                85.5279607025018,28.1246641933553,0
                85.5280869383099,28.1247164288621,0
                85.5281348208578,28.1247686643689,0
                85.5281652915701,28.1249253708894,0
                85.5282654096249,28.1250254889441,0
                85.5283611747207,28.125073371492,0
                85.5284874105288,28.1251430188344,0
                85.5286745877616,28.1251517247522,0
                85.5287529410218,28.125116901081,0
                85.5288269413231,28.1250603126153,0
                85.5289705889669,28.1248774883414,0
              </coordinates>
            </LinearRing>
          </outerBoundaryIs>
        </Polygon>
      </Placemark>
      <Placemark id="landslide_fluvial_erosion_Oct2021_Dec2023.41">
        <Polygon>
          <outerBoundaryIs>
            <LinearRing>
              <coordinates>
                85.5229156231351,28.1305232760365,0
                85.5230200941487,28.1304231579818,0
                85.5231419769979,28.1302533925847,0
                85.5232159772993,28.1301445686121,0
                85.5232769187239,28.1299922150506,0
                85.5232551539294,28.1298877440369,0
                85.5231506829157,28.129883391078,0
                85.5230984474089,28.129931273626,0
                85.5229417408885,28.1299835091328,0
                85.5228329169159,28.1301184508587,0
                85.5227719754913,28.130240333708,0
                85.5226587985599,28.1303970402284,0
                85.5225456216284,28.1304405698174,0
                85.5224150328614,28.1304100991051,0
                85.5222800911355,28.1304666875708,0
                85.5221538553273,28.130636452968,0
                85.5221016198205,28.130679982557,0
                85.5217751479029,28.1307365710227,0
                85.5216445591359,28.1308236302007,0
                85.521727265355,28.1308671597898,0
                85.5220711491082,28.1308932775432,0
                85.5222278556286,28.1308541009131,0
                85.5224193858203,28.1308497479542,0
                85.5225586805051,28.130810571324,0
                85.5226675044777,28.1307539828583,0
                85.5227066811078,28.130723512146,0
                85.5229156231351,28.1305232760365,0
              </coordinates>
            </LinearRing>
          </outerBoundaryIs>
        </Polygon>
      </Placemark>
      <Placemark id="landslide_fluvial_erosion_Oct2021_Dec2023.42">
        <Polygon>
          <outerBoundaryIs>
            <LinearRing>
              <coordinates>
                85.548654669119,28.131167513954,0
                85.5484979625986,28.1313938678168,0
                85.5485153744342,28.1313764559812,0
                85.5486285513656,28.1312632790498,0
                85.5488200815573,28.131211043543,0
                85.5490464354201,28.1310891606937,0
                85.5492466715296,28.1309846896801,0
                85.5494643194747,28.1308453949953,0
                85.549673261502,28.1306625707214,0
                85.54976032068,28.13054939379,0
                85.5498647916936,28.1303926872695,0
                85.549977968625,28.1302708044203,0
                85.5500998514743,28.130148921571,0
                85.5501694988167,28.1300096268862,0
                85.5500911455565,28.1300096268862,0
                85.5499953804606,28.1300531564752,0
                85.549847379858,28.1301315097354,0
                85.5497342029266,28.1302533925847,0
                85.5496558496663,28.1303752754339,0
                85.5495252608993,28.1305145701188,0
                85.549359848461,28.1306538648036,0
                85.5492205537762,28.1307931594884,0
                85.5490464354201,28.1309150423377,0
                85.5488549052285,28.1309933955979,0
                85.548654669119,28.131167513954,0
              </coordinates>
            </LinearRing>
          </outerBoundaryIs>
        </Polygon>
      </Placemark>
      <Placemark id="landslide_fluvial_erosion_Oct2021_Dec2023.43">
        <Polygon>
          <outerBoundaryIs>
            <LinearRing>
              <coordinates>
                85.5483064324069,28.1314461033237,0
                85.5479233720236,28.1315244565839,0
                85.5476360767361,28.1316376335153,0
                85.5473574873664,28.1317421045289,0
                85.5472181926816,28.1318204577892,0
                85.5470179565721,28.1319858702274,0
                85.5468525441339,28.1320990471589,0
                85.5467916027092,28.1321686945013,0
                85.5468177204626,28.1321948122547,0
                85.5470092506543,28.1321338708301,0
                85.5473400755308,28.1319858702274,0
                85.5476012530649,28.1318639873782,0
                85.547862430599,28.1317246926933,0
                85.5481410199687,28.1316289275975,0
                85.5482193732289,28.1315853980085,0
                85.5483064324069,28.1314461033237,0
              </coordinates>
            </LinearRing>
          </outerBoundaryIs>
        </Polygon>
      </Placemark>
      <Placemark id="landslide_fluvial_erosion_Oct2021_Dec2023.44">
        <Polygon>
          <outerBoundaryIs>
            <LinearRing>
              <coordinates>
                85.5541219854992,28.1225704201237,0
                85.5539478671431,28.1227663032743,0
                85.5538477490884,28.1228490094934,0
                85.5537215132803,28.1229621864248,0
                85.5536126893077,28.1230840692741,0
                85.5534777475818,28.1231972462055,0
                85.5534037472805,28.123262540589,0
                85.5532862173901,28.1233931293561,0
                85.5531948052532,28.1234671296574,0
                85.5531382167875,28.1235454829176,0
                85.5530642164861,28.1236934835203,0
                85.553025039856,28.123750071986,0
                85.5530424516916,28.1238023074928,0
                85.553116451993,28.1237587779038,0
                85.5531904522943,28.1236107773011,0
                85.5532557466778,28.1234976003697,0
                85.5534385709517,28.1233887763972,0
                85.5536301011433,28.1232886583424,0
                85.5537476310337,28.1231493636576,0
                85.5538477490884,28.122997010096,0
                85.5539565730609,28.1228925390824,0
                85.5540479851979,28.1227924210277,0
                85.5541393973348,28.1226966559318,0
                85.5542090446772,28.1226183026716,0
                85.5542221035539,28.1225660671648,0
                85.5541219854992,28.1225704201237,0
              </coordinates>
            </LinearRing>
          </outerBoundaryIs>
        </Polygon>
      </Placemark>
      <Placemark id="landslide_fluvial_erosion_Oct2021_Dec2023.45">
        <Polygon>
          <outerBoundaryIs>
            <LinearRing>
              <coordinates>
                85.552054330021,28.124986312314,0
                85.5520760948155,28.1249079590538,0
                85.5521544480758,28.1247773702867,0
                85.552232801336,28.1246685463142,0
                85.5523024486784,28.1245553693827,0
                85.5523503312263,28.1244770161225,0
                85.5524156256099,28.1243725451089,0
                85.5524765670345,28.1242637211363,0
                85.5525244495824,28.1242071326706,0
                85.5525026847879,28.1241636030816,0
                85.5524460963222,28.1241984267528,0
                85.5523459782674,28.1243507803144,0
                85.552232801336,28.1245205457115,0
                85.552145742158,28.1246685463142,0
                85.5520848007333,28.1247599584511,0
                85.5520456241032,28.1248557235469,0
                85.5519977415553,28.1249601945606,0
                85.551967270843,28.1250951362865,0
                85.5519280942129,28.12516043067,0
                85.5518758587061,28.1252474898481,0
                85.5518149172815,28.1253650197384,0
                85.5517713876924,28.1255043144232,0
                85.551793152487,28.1255565499301,0
                85.5518018584048,28.1256740798204,0
                85.5518236231993,28.1256784327793,0
                85.551836682076,28.125647962067,0
                85.5518323291171,28.1255521969712,0
                85.551836682076,28.1254825496287,0
                85.5518540939116,28.1254172552452,0
                85.5519150353362,28.1253127842316,0
                85.5519585649252,28.1251865484234,0
                85.5520020945142,28.1250994892454,0
                85.552054330021,28.124986312314,0
              </coordinates>
            </LinearRing>
          </outerBoundaryIs>
        </Polygon>
      </Placemark>
      <Placemark id="landslide_fluvial_erosion_Oct2021_Dec2023.46">
        <Polygon>
          <outerBoundaryIs>
            <LinearRing>
              <coordinates>
                85.5466784257778,28.132181753378,0
                85.546800308627,28.1320685764466,0
                85.546978779942,28.131959752474,0
                85.5470832509556,28.1318509285015,0
                85.5471311335035,28.1318073989125,0
                85.5470832509556,28.1317638693235,0
                85.5469396033119,28.1318465755426,0
                85.5466784257778,28.1320119879808,0
                85.5465043074217,28.1321556356246,0
                85.5463737186547,28.1322862243916,0
                85.5462431298876,28.1323645776518,0
                85.5460124230659,28.1324864605011,0
                85.5458687754221,28.1325517548846,0
                85.545655480436,28.1325822255969,0
                85.5453072437238,28.1326170492681,0
                85.54512441945,28.1326779906927,0
                85.544902418546,28.1327519909941,0
                85.5446194762174,28.1327781087475,0
                85.5444366519436,28.1328390501721,0
                85.5441885332862,28.1329696389391,0
                85.5440710033958,28.1330392862816,0
                85.544018767889,28.1330741099528,0
                85.5440361797246,28.1331132865829,0
                85.5442668865464,28.1330610510761,0
                85.544506299286,28.1330175214871,0
                85.544771829779,28.1330001096515,0
                85.5449764188473,28.1329914037336,0
                85.5452637141348,28.1329696389391,0
                85.5454378324909,28.1329130504734,0
                85.5456641863538,28.132843403131,0
                85.5459427757234,28.1327215202818,0
                85.5461430118329,28.1325996374325,0
                85.5462518358054,28.1325038723367,0
                85.5466784257778,28.132181753378,0
              </coordinates>
            </LinearRing>
          </outerBoundaryIs>
        </Polygon>
      </Placemark>
    </Document>
  </Document>
</kml>
