<?xml version="1.0" encoding="utf-8" ?>
<kml xmlns="http://www.opengis.net/kml/2.2">
<Document id="root_doc">
<Folder><name>thalweg_2021</name>
  <Placemark>
	<Style><LineStyle><color>ff0000ff</color></LineStyle><PolyStyle><fill>0</fill></PolyStyle></Style>
      <MultiGeometry><LineString><coordinates>85.5771841986397,27.8324014467354 85.5771630420843,27.8324047923467 85.5771619970917,27.8324053962218 85.5771188618007,27.8324490976139 85.5770723032458,27.8324833038216 85.576993290287,27.8325581681924 85.5769216584331,27.8326110355777 85.576843180083,27.8326449125745 85.5767078733148,27.8326845100728 85.5765335123593,27.8327268579334 85.5764090921971,27.8327476476662 85.5762635568203,27.8327556063009 85.5761286201662,27.832766827418 85.5759970243056,27.8327938493274 85.5758581292802,27.8328365622461 85.5757160168906,27.8328540154923 85.5754995074885,27.8328643941493 85.5753184644063,27.8328751385779 85.5752411779214,27.8328850104666 85.5752155803818,27.8328985020462 85.5752022415297,27.8329029423051 85.5751438967435,27.832933248976 85.5750617062516,27.8329796997736 85.5750258279574,27.8330108622432 85.5749433901919,27.8330762301548 85.5748681280064,27.8331353655291 85.5747356662275,27.8332285963609 85.5745289306528,27.8333052934903 85.5743685485126,27.8333635493888 85.5742047844233,27.8334091569993 85.574009182787,27.8334481288804 85.5738280562234,27.8334651770372 85.5736932422431,27.8334669371405 85.5734982176705,27.8334617682084 85.5734488566325,27.8334539294058 85.5733495470311,27.8334381584419 85.5732041756403,27.8334335023569 85.5730414010241,27.833403439874 85.5728892664472,27.8333734872241 85.5727336678332,27.8333371920085 85.5726277223492,27.8333014101566 85.5725252410515,27.8332719706318 85.5724158728672,27.8332266933549 85.5723380531063,27.8332101219386 85.5721541230959,27.8331703797181 85.5720621168672,27.8331536613784 85.5719947307359,27.8331529641601 85.5718243269602,27.8331638140621 85.5718134735698,27.8331659472384 85.5718008778869,27.8331622843741 85.5716787496308,27.8331749206875 85.5715508641804,27.8331893635595 85.5714051216148,27.8332130813336 85.5712842054732,27.833237055958 85.5711634131951,27.8332515718957 85.5709716880785,27.833265353285 85.5708440916515,27.8332577254803 85.5707590136079,27.833253691165 85.5706596663779,27.833255815592 85.5705353687039,27.8332671413862 85.5704110710092,27.8332784670675 85.5703078464914,27.8333057773695 85.5701865167263,27.8333612796006 85.5701255211248,27.8334142535386 85.5700571014819,27.8334923768171 85.5699456672163,27.833604740502 85.5699092912174,27.8336737358678 85.569861779098,27.833780455256 85.5698506016739,27.8338213321465 85.569835298774,27.8339063122865 85.5698022211911,27.8339942615118 85.5697766503373,27.8340507556632 85.5697547915065,27.8340946751348 85.569722375351,27.8341321786198 85.5695892878858,27.8342726971427 85.5694960405889,27.8343505627781 85.5693885650984,27.8344314341416 85.569291605404,27.8345218742871 85.5691874694584,27.834618546529 85.5690798693766,27.8347088761987 85.5690153257896,27.8347618128142 85.5689469458569,27.8348367826102 85.5688893713921,27.8348992512813 85.5688176100915,27.8349615728046 85.5687209390942,27.8350299425194 85.568649136232,27.8350954168023 85.5685989031441,27.8351390417773 85.5685487113989,27.8351795138771 85.5684625968258,27.8352362965696 85.5684592576012,27.8352384984032 85.5683948789512,27.8352788232822 85.5683446042889,27.8353256010112 85.5682728837894,27.8353847693707 85.5682476015409,27.8354191932042 85.5682220709189,27.835472534159 85.5681715477255,27.8355382289439 85.5681215626181,27.8355629366018 85.5680607303654,27.8356032981102 85.5680354479978,27.8356377218993 85.5680278002698,27.835657350568 85.5680173004414,27.8356690664327 85.5679741602672,27.8357127647609 85.5679380306887,27.83576284239 85.5679124584271,27.8358193361302 85.5678940623851,27.8358695977672 85.5678684486696,27.8359292443503 85.5678281511656,27.836026577944 85.5677808015359,27.8361206850516 85.5677552705092,27.8361740259001 85.567747638747,27.8362149393769 85.5677276665089,27.8362771671028 85.5677218178187,27.836290350191 85.5676850667741,27.8363877205382 85.5676556576062,27.8364662473769 85.5676262483937,27.8365447742068 85.5675899941264,27.8366043102819 85.5675037126377,27.836691706604 85.5674284026024,27.8367539904989 85.5672028862305,27.8369093133905 85.5671813985845,27.8369248567054 85.5671097592445,27.8369777186794 85.566973863897,27.8370614462038 85.5668345873274,27.8371325253444 85.5667062409445,27.8371816448883 85.5665353332996,27.8372303222134 85.5664460010813,27.8372798467598 85.5663565858835,27.837335676947 85.5662602014195,27.8373819748219 85.5661961108853,27.8374002286294 85.5661140377475,27.8374372152473 85.5660250368559,27.8374615167018 85.5659183020777,27.8374856338088 85.565846993496,27.8375132722841 85.5657223174336,27.8375529691861 85.5656188804505,27.8375960400179 85.5655368069825,27.8376330262785 85.5654048712184,27.8376852605459 85.5652908766259,27.8377219148081 85.5651621555406,27.8377994085024 85.5650432033495,27.83794322254 85.5649676836166,27.8380212692399 85.5648922467624,27.8380930101962 85.5648275331707,27.8381585560705 85.5647416217451,27.8382175748814 85.5646239550922,27.8382636502161 85.5644922256829,27.8383001193208 85.5643998014961,27.8383149242446 85.5642931070849,27.8383358871988 85.5642078179514,27.8383476129454 85.5641154352111,27.8383592648281 85.5639766949861,27.8383893539238 85.5638200546048,27.8384318697014 85.5637736970796,27.8384503069064 85.5636809404544,27.8384903341145 85.5635916474995,27.8385367038699 85.5634950947269,27.8385956111075 85.5634267501352,27.8386674250485 85.5633763056408,27.8387268121915 85.5633187259341,27.8387892783073 85.56327883867,27.8388550818803 85.5632534294037,27.8388989632307 85.563210036788,27.8389615770056 85.5631703986625,27.8390084634656 85.5629809631985,27.8391168556217 85.5629026423254,27.839138112939 85.5628456854501,27.8391532861551 85.5627531356908,27.8391775484741 85.5626819083763,27.839198879545 85.5626177746777,27.839220284468 85.5625819739667,27.8392451377745 85.5625389549028,27.8392793757118 85.562477702904,27.83935126303 85.5624590958857,27.8394172880245 85.5624082348347,27.8395082032206 85.5623679726261,27.8396023820936 85.562352538198,27.839696819619 85.5623449041129,27.8397377326915 85.5623406505785,27.8397912940932 85.5623217108212,27.8398825418136 85.5623246756678,27.8399267185868 85.5623273495178,27.8399929652694 85.5623303559388,27.8400339891977 85.5622892204239,27.8401943777577 85.5622742015521,27.8402572868203 85.5622665258151,27.8403013527267 85.5622368205877,27.8404019480887 85.5622185042416,27.8404459031217 85.5621818299266,27.8405369660218 85.5621564613812,27.8405776942846 85.5621059321259,27.8406433865754 85.5620624965461,27.8407091527668 85.5620262378167,27.8407686871792 85.5620081708095,27.8407937251158 85.5619358195278,27.8409001825215 85.5618315461995,27.8410063071809 85.5616864685264,27.8412475973173 85.5616318926549,27.8413510865468 85.56155228045,27.8414700811394 85.5614727512648,27.8415827699928 85.5614432945058,27.8416644480718 85.5614244368039,27.8417493899202 85.5614020737666,27.8418311419426 85.5613797522949,27.8419097411172 85.5613182483722,27.8420005448615 85.5612642958311,27.8420567412798 85.5611921925913,27.8421442811676 85.5611453337444,27.8422005515033 85.5610949279309,27.8422567848331 85.5609594376192,27.8423089775373 85.560888332773,27.8423208490592 85.5607534249829,27.8423289017796 85.5605870111611,27.8423050929558 85.5604525196768,27.8422816169755 85.5603642214335,27.842252316277 85.560265199225,27.842229210178 85.5601561817379,27.8422159400029 85.5600951971351,27.8422085166014 85.5599712217085,27.8421946097195 85.5598224595748,27.8421772907477 85.559691140498,27.8421822266137 85.559538290004,27.8422058572265 85.5593852728108,27.8422420990239 85.5592712715921,27.8422787480335 85.559196161384,27.8423252628698 85.5590709775635,27.8424027875002 85.5589486320433,27.8425339473054 85.5589017718972,27.842590216826 85.5588163051571,27.8426841557288 85.5587937803881,27.8427089133001 85.5587432897953,27.8427714513881 85.5586743142079,27.8428905552847 85.5586269952452,27.8429815059135 85.5585696606586,27.843025052797 85.5585299356669,27.8430782434415 85.558432625779,27.8431938979177 85.5583713688361,27.8432657831886 85.5583028094475,27.8433533584928 85.5581914363477,27.8434594060208 85.55814098675,27.8435187910189 85.5580616193393,27.8436188663378 85.5580149250659,27.8436625241674 85.5579357242511,27.8437499880576 85.5578815188812,27.843825100059 85.5578306518606,27.8439160132901 85.557762008196,27.8440098939579 85.5576863121789,27.8441005475951 85.5575954269637,27.8442667209234 85.5575620858041,27.8443735836111 85.5575361305663,27.8444584506018 85.5575137639898,27.8445402018322 85.5574801723374,27.8446659815022 85.5574540917946,27.8447603069748 85.5574209172105,27.8448545582692 85.5573770598446,27.8449518511282 85.5573477659232,27.8450209168041 85.5572933508566,27.8451117926966 85.5572608019161,27.8451587514159 85.5571994178729,27.8452400945801 85.5571599000219,27.8452775205846 85.5571097411113,27.8453148352955 85.5569274662585,27.8454169869229 85.5568309873138,27.8454695834062 85.5566772550763,27.845559420153 85.5566051458151,27.8456469573743 85.5565511055403,27.8457094574282 85.5564935599283,27.8457687675145 85.5564573799141,27.8458219945761 85.5564139387978,27.8458877587352 85.556363361813,27.8459566014838 85.556305648942,27.8460285228134 85.5562515665438,27.8460941755661 85.5561655189883,27.8461626470589 85.556115317571,27.8462031142082 85.5559832000884,27.8462679501721 85.555918935694,27.8462988102508 85.5558547965726,27.8463202118009 85.555815612034,27.8463324147241 85.5557764274872,27.8463446176358 85.5556767343368,27.8463719534667 85.5555805046281,27.8464056320219 85.5555020936465,27.8464331905278 85.5554379543722,27.8464545918777 85.5553416409542,27.8464945759235 85.5552594738712,27.846537861303 85.5550850416623,27.8465833336597 85.5549712853294,27.8466010618814 85.5548324070194,27.8466405997479 85.5547428529165,27.8467058803132 85.5547428529165,27.8467058803132 85.5547139748603,27.8467434170263 85.5546313056849,27.846824535979 85.5545663298709,27.8469089935138 85.5544977650832,27.8469965666803 85.5544543223118,27.8470623301491 85.5544067888548,27.8471690432257 85.5543630950706,27.8472537236388 85.5543267880686,27.847316408562 85.5542686131414,27.847423010074 85.5542058037152,27.8476115479512 85.5541833920859,27.8476964513162 85.5541537607822,27.8477907388177 85.5541460392861,27.8478379569112 85.5541346870488,27.8478914434888 85.5541479553322,27.8479609544253 85.5541861787542,27.8480212670811 85.5542246531358,27.8480626627516 85.554259789543,27.8480882570952 85.5543087380002,27.8481423755725 85.5543505086726,27.8482027253563 85.5543819726069,27.848237740991 85.554397499598,27.8482571955613 85.5544098894584,27.8482727194523 85.5544518274892,27.8483204578904 85.5544938073687,27.8483650434872 85.5545000825944,27.8483814610612 85.5545426724417,27.8484254675476 85.5546093149273,27.8484829245735 85.5546933585869,27.8485657900078 85.5547418476069,27.848654589471 85.554786956803,27.8487307404423 85.5548284353325,27.8488131599033 85.5548556836246,27.8488985835592 85.5548655307453,27.8489585987932 85.5548709946931,27.8490816334653 85.5548580123194,27.8492580804584 85.5548465348358,27.8493210255803 85.5548270851605,27.8494501058052 85.554793655878,27.8495632732427 85.55475713925,27.8496417223858 85.554709688456,27.8497421298385 85.5546553523143,27.8498266988 85.5545901655551,27.8499269203884 85.5544634642806,27.8501179421369 85.5544058314948,27.8501835568419 85.5543555857111,27.8502271760619 85.5542946983843,27.8502706837454 85.5542407798776,27.8503237242324 85.5541976283045,27.8503674177363 85.554122426669,27.8504202351215 85.554050855793,27.8504667839854 85.5540398120937,27.8504724179469 85.5539115538685,27.8505378489826 85.5538329303093,27.8505811705336 85.5537365289595,27.8506274589305 85.5535940978798,27.8506669581302 85.5535299138968,27.8506915112991 85.5533909880002,27.850734200302 85.5533055208441,27.8507585301848 85.5532093702505,27.8507859012379 85.55309164351,27.8508351187858 85.5530237028425,27.8508753986382 85.5529414477942,27.8509249881031 85.5528627398606,27.8509746147258 85.5527833619902,27.851074686515 85.5527183820935,27.8511591429791 85.5526535695773,27.8512309881052 85.5525818300696,27.8512901474599 85.5525279939819,27.8513368815683 85.5524484061482,27.8514527172646 85.5524368857914,27.8514734934389 85.5524194003544,27.8514997118705 85.5523402310855,27.8515840192422 85.5522541766885,27.8516524879857 85.5521397444926,27.8517206588382 85.5520291944874,27.851763644226 85.5518194481011,27.8517961284272 85.5517769234386,27.8517925287435 85.5517688728299,27.8517910559213 85.5516672112353,27.8517724573517 85.5516496008759,27.8517628126704 85.5515898011019,27.8517243456548 85.5515474440925,27.851708134606 85.5514661516044,27.8516852081889 85.551392121201,27.8516497449276 85.551169988374,27.8515465077387 85.5509365436462,27.8514936035971 85.5508410626569,27.8514705277808 85.5506957531964,27.8514595414732 85.5505537393814,27.8514675092192 85.5504542500266,27.8514790769166 85.5503368568959,27.8515030694542 85.5502514304777,27.851524244571 85.5501622471092,27.8515611464637 85.5500624220701,27.8515979364486 85.549994043746,27.8516283413361 85.5499446511917,27.8516503040393 85.5498480795414,27.8517092008994 85.5497018888177,27.8517644227848 85.5496054428199,27.8518138610018 85.5494554528444,27.851887962246 85.549337639411,27.8519434821141 85.5492625183622,27.8519899910662 85.5492050074197,27.8520461449635 85.5491046779395,27.8521207680675 85.5490189989634,27.8521608593127 85.5488764384303,27.8522098119511 85.5487764444581,27.8522592122421 85.5487153859007,27.8523153286015 85.5486898835263,27.8523655124857 85.5486393405832,27.8524311992217 85.5485782818575,27.8524873155127 85.5484995708929,27.8525369395165 85.5483961132144,27.8525799965493 85.5483177380916,27.8526043978912 85.5482251739963,27.8526286498631 85.5480829065619,27.8526555319108 85.5480148004303,27.8526689025907 85.5479761954423,27.8526764815531 85.5479262400696,27.852698028546 85.5478404341929,27.8527475774769 85.5478224039107,27.8527694604971 85.5477969850445,27.8528133385569 85.5477675567514,27.8528918602667 85.5477595379303,27.8529611475767 85.5477512670026,27.8530493517929 85.5477671965804,27.8531851096832 85.5477841345551,27.853245199941 85.5477901366729,27.853327247893 85.5477928788922,27.8533647335448 85.5477961387969,27.8534092958441 85.5478018888366,27.8535102607013 85.5477870695522,27.8535574035949 85.5477685769396,27.8536139675953 85.5477572628756,27.8536643006457 85.5477314656003,27.8537365540379 85.5477127208152,27.8538120349325 85.5476794507476,27.8539125889763 85.5476607058906,27.8539880698595 85.5476423391913,27.8540351753821 85.5476199629588,27.8541169245432 85.5476156172663,27.8541767907228 85.5476150709841,27.854217777347 85.547635304167,27.8542968218694 85.5476486108794,27.8543631804242 85.5476619176061,27.8544295389776 85.5476621144576,27.8544327330001 85.5476925406204,27.8545276124388 85.5477125217891,27.8546255738538 85.5477221132002,27.8547045063234 85.5477490209544,27.854815153695 85.5477653288502,27.8549225362075 85.5477605209758,27.8550170833746 85.5477451551838,27.8551052128667 85.5477191474112,27.8551932303134 85.5476931395934,27.8552812477526 85.5476493110695,27.8553753840721 85.5475650330115,27.855576305275 85.5475426983759,27.8556549015752 85.5475314680049,27.8556989289479 85.5475094695365,27.8557523027084 85.5474728193817,27.8558402080266 85.5474540739871,27.8559156888433 85.5474279396661,27.8560131646574 85.5474056468591,27.8560886081074 85.5473798487025,27.8561608613785 85.5473214518118,27.8562832234715 85.5472994951449,27.85633344437 85.5472523706798,27.8564086262664 85.5471948142616,27.8564679319786 85.5469937236756,27.8566487028299 85.546936293126,27.8566985499765 85.5468541991498,27.8567355242386 85.5467400106073,27.8567847733427 85.5466081271749,27.8568306826449 85.5465012014047,27.8568673950403 85.5464191492244,27.8569012162178 85.5463189394943,27.8569663785599 85.5462757821038,27.8570100693246 85.5462288249015,27.8570726395702 85.5462034043202,27.8571165172475 85.5461634576499,27.8571854678716 85.5461058160883,27.8572510787123 85.5460520163475,27.857294657223 85.5459160376505,27.8573815150077 85.5458266797408,27.8574310250821 85.5456339424616,27.8575172841805 85.5455190791656,27.8576169772208 85.5454648160224,27.8576952364237 85.5454142264725,27.8577640745737 85.5453816685051,27.8578110300693 85.5453200998862,27.8579049784458 85.5453019419243,27.857936319506 85.5452690891806,27.8580053446557 85.5452181204754,27.8581025580297 85.5451425723991,27.8581805925896 85.5450566766952,27.8582364451622 85.5449639387104,27.8582733059637 85.5448073893172,27.8583063402351 85.5446805587018,27.85832469038 85.5446651979548,27.8583269127997 85.5445515122195,27.8583383262467 85.5443880784103,27.8583555211135 85.5442103706419,27.8583788716407 85.5440500206975,27.8584307844579 85.5439714297736,27.858470947164 85.5439071127442,27.8585049540011 85.5437747204435,27.8585886941768 85.543702802727,27.858660459724 85.5436414007597,27.8587417960281 85.5435942305616,27.8588201293231 85.5435283958732,27.8589676371074 85.5435055939018,27.8590809134813 85.5434743060307,27.8592981576267 85.5434628206789,27.8593611014233 85.5434511245548,27.8594398092629 85.5434250278432,27.8595341312931 85.5434026893038,27.859612726735 85.5433767189644,27.8596975903243 85.5433499897905,27.8598392044627 85.5433491045315,27.8599054134448 85.5433587773575,27.8599780404398 85.5433574283904,27.8600789303153 85.5433422689281,27.8601512950492 85.5433311206374,27.860189016353 85.5433053187126,27.8602612686809 85.5432796853836,27.8603209097685 85.5432603038092,27.8604436819525 85.5432182881436,27.8606671191746 85.5432033814547,27.8607205670322 85.5431803257223,27.8608527601457 85.5431646600616,27.8609629585387 85.5431563001818,27.8610574678318 85.5431514034613,27.8611583202104 85.5431386105996,27.8613190009888 85.5431409353571,27.8614104698846 85.5431604917298,27.8615399598337 85.5431667856572,27.8615999381233 85.5431868902052,27.8616884415689 85.5432239734854,27.8618338829049 85.5432759215576,27.8619290291903 85.5432999110591,27.8619923476301 85.5433305740582,27.8620872690799 85.5433679527542,27.8622106407281 85.5433674468479,27.8622484744195 85.5433803300924,27.8623463613262 85.5433863712147,27.8624252564507 85.5434025490886,27.8625420976671 85.5434260328882,27.8626432497775 85.5434674231374,27.8627319779849 85.5434985923349,27.8627890657107 85.5435539621649,27.862893707793 85.5435919736559,27.8629697872731 85.5436334484592,27.8630522098213 85.5436611967162,27.8630998016294 85.5436923661134,27.8631568893163 85.5436990397447,27.863188492314 85.5436949442087,27.8632294413526 85.5436870481859,27.8632892697753 85.5436721413038,27.863342717659 85.5436536025226,27.8634024336932 85.5436528571771,27.8634051060872 85.5436318533664,27.8634368898017 85.5435737431338,27.8635371802235 85.5435121273623,27.8636342803424 85.5434182037396,27.8637594184791 85.5432926467042,27.8638621496511 85.5432352527378,27.8639088421905 85.5431311917866,27.8639960340069 85.543084356135,27.8640491445182 85.5430337198059,27.8641211343705 85.5430083383567,27.8641618584978 85.5429394999783,27.8642683417786 85.542902210355,27.8644035376181 85.5428767444328,27.864450567327 85.5428476043414,27.8645070179636 85.5428326546777,27.8645636185313 85.5428179158922,27.8646044550675 85.5428027974793,27.8646736668529 85.5427660980567,27.8647647233576 85.5427724340477,27.8648215488313 85.5427610319192,27.8648781868719 85.5427487439632,27.8650010338262 85.542747478509,27.8650956179899 85.5427426654137,27.8651901646647 85.5427345999461,27.8652626042126 85.5427231133748,27.8653255478547 85.5427115002382,27.8653979499106 85.5426965081758,27.8654577032542 85.5426816426493,27.8655079981797 85.542663018535,27.8655740196381 85.5426002616753,27.8657562449812 85.5425563397988,27.8658566848261 85.5424980584362,27.8659695858926 85.542443830921,27.8660446907698 85.5424078479759,27.8660821494561 85.5423077116665,27.8661410027784 85.5422006487154,27.8661871698013 85.5421220092228,27.866230483975 85.5420149039049,27.8662798036507 85.5419505393719,27.8663169621432 85.5419077140761,27.8663354288465 85.541843222844,27.8663820456968 85.5418286100462,27.8664134236828 85.541803269793,27.8664509947342 85.5417777606721,27.8665011769938 85.5417560102705,27.8665356327453 85.5417127204976,27.8665887802194 85.5416909700571,27.8666232359587 85.5416619975919,27.8666670750693 85.5416046014225,27.8667137668287 85.541529551223,27.8667539653536 85.5414546276364,27.8667847054267 85.5413797884581,27.8668091398519 85.5413156767597,27.8668273812093 85.541233868837,27.8668422820924 85.5411380390733,27.8668444215936 85.5410706752669,27.8668405556876 85.5408359788712,27.8668790647602 85.5407505809271,27.8668970806155 85.5406864690849,27.8669153216741 85.5406293681064,27.8669399433936 85.5405793624818,27.8669646401794 85.5404970896207,27.8670142214329 85.5404471684374,27.8670326125654 85.5403296720709,27.8670629014131 85.5402438935911,27.8671092921546 85.5401935919899,27.8671560584001 85.5401540179563,27.867196631694 85.5400215697893,27.8672835204528 85.5399638344799,27.86735543389 85.5399130254276,27.8674400336274 85.5398726903358,27.8675373572364 85.5398574004892,27.8676191797846 85.5398418992634,27.8677167663299 85.5398267784471,27.8677859776704 85.5398152475984,27.8678520737739 85.5398144444351,27.8679119769746 85.5398172735341,27.8679656121411 85.5398270289932,27.8680319336394 85.5398401631017,27.8681109039027 85.5398500453973,27.8681677669993 85.539873864995,27.868243697156 85.5398943905125,27.8683006729447 85.5399079473924,27.8683481152023 85.5399458734703,27.8684305012049 85.540068311355,27.8685610806772 85.5401210202952,27.8685994776768 85.5401915525137,27.8686317568455 85.5402696083835,27.8686558007855 85.5402763602719,27.868657880601 85.540357620328,27.8686839667525 85.5404459759172,27.8687101279597 85.540509497322,27.8687360262681 85.5405943474968,27.8687589970328 85.5406793244545,27.8687725093441 85.5407499837009,27.8687953298342 85.5407887554725,27.8688146596108 85.5408839955724,27.8688566596346 85.5409438427,27.8688919786131 85.5409965521197,27.868930375294 85.5410543198766,27.8689719058777 85.541063325886,27.8689783805024 85.5411123609247,27.8690261980102 85.5411576793072,27.8690865891742 85.5411848788224,27.8691751678757 85.5411985630636,27.8692131516219 85.5412191739093,27.8692638216362 85.541229225939,27.8693080734505 85.5412353501083,27.869380662945 85.541230830969,27.8694531398439 85.5412232286204,27.8694908983958 85.5412074326227,27.869610554714 85.5411997880175,27.8696514660642 85.5411847522001,27.8697143719551 85.5411809510072,27.8697332512285 85.5411766429846,27.8697899641148 85.5411780132911,27.8698053944905 85.5411724616639,27.8698372185972 85.5411643101904,27.8699159635551 85.5411454730984,27.8699977487089 85.5411268471636,27.8700637698536 85.5411044199804,27.8701486702635 85.5410675481344,27.8702523373248 85.5410312253459,27.870315017964 85.5409913969553,27.870374508252 85.5409579563003,27.8704292267533 85.5409224679436,27.8704872958093 85.5408755438143,27.8705467109755 85.5408141749133,27.8706248927496 85.5407637873514,27.8706779647278 85.5407380654259,27.8707439107096 85.5407047830742,27.8708444623905 85.5406786385476,27.8709419363555 85.5406522404513,27.871058327111 85.5406186621308,27.8711809483577 85.5405852950062,27.8712878055935 85.5405330054391,27.8714827534417 85.5405245653637,27.8715265313327 85.5405107464845,27.871555042512 85.5404851298227,27.8716131064266 85.5404756685908,27.8716571517318 85.5404661439608,27.8717059262347 85.5404599558666,27.8717705022865 85.5404518670582,27.8718445179572 85.5404192591853,27.8720270610827 85.5404168513321,27.8720743342895 85.540414189904,27.8721405242894 85.540413429187,27.87219727467 85.5404164487709,27.8722367222123 85.5404228260395,27.8722903949055 85.5404362990419,27.8723441427099 85.5404482094306,27.872382107741 85.5404774999459,27.8724470593367 85.5405034116649,27.8724993621771 85.5405363557616,27.8725564693187 85.5405428862974,27.8725657794156 85.5405486031662,27.8725840021654 85.5405708836662,27.8726277828248 85.5406542578885,27.8727611016204 85.5407203576947,27.8728595518371 85.540772392837,27.8729483934374 85.5409087746291,27.8730980392976 85.5410270793489,27.873272719721 85.5410898008688,27.8733585210391 85.5411488478552,27.8734537431907 85.5412113161227,27.8735584612552 85.5412668576495,27.8736504930248 85.5413048286671,27.8737297259021 85.541353105576,27.8738342937683 85.5413755894425,27.8739440025022 85.5413756857346,27.8739444723532 85.5413764204365,27.8739480572856 85.541378996896,27.8740206092064 85.5413855014154,27.8740648234654 85.5413967365041,27.8742856695555 85.5413845721557,27.8743990577293 85.5413761669047,27.8744967194375 85.5413789967897,27.8745503545581 85.5413843222759,27.8745745064565 85.5413780464249,27.8746212925395 85.5413806651184,27.8746906916549 85.5414008968219,27.8747697368377 85.5414316034454,27.8748615058144 85.5414587621663,27.8749532372525 85.5414895955916,27.8750355478204 85.5415620331545,27.8751908231318 85.5415859397289,27.8752604474234 85.5416063828348,27.8753237285838 85.5416336684988,27.8754060015939 85.5416542383521,27.8754598243505 85.5417025585208,27.8755612393117 85.5417540889144,27.8756879141775 85.5417808680224,27.8758080207522 85.5418046903985,27.8758839506086 85.5418218391169,27.8759282774207 85.5418430209341,27.8759757588224 85.5418458515675,27.8759900196745 85.5418587344692,27.8760879065443 85.5418823880454,27.8761764475853 85.5419198958286,27.8762903611063 85.5419178689826,27.8764416954639 85.5419310053387,27.8765206655309 85.5419157576678,27.8765993354161 85.5418930761383,27.8767031526423 85.5418709012981,27.8767691362753 85.5418626651106,27.8768541867951 85.5418649040419,27.8769519610823 85.5418638060969,27.8770339338499 85.5418626236894,27.8771222122139 85.5418573865001,27.8772482866352 85.5418523604399,27.8773585970608 85.5418404072178,27.8774562212384 85.5418769862872,27.8776394963322 85.5419175780248,27.8777881281576 85.541948243591,27.8778830498277 85.5419752344749,27.877987392364 85.5419832645446,27.8780214089459 85.5420095537595,27.8780744695489 85.5420368825474,27.8781535896868 85.5420643380478,27.8782232514244 85.5420917091327,27.8782992187543 85.5421049302234,27.8783718832005 85.5421113085424,27.8784255558146 85.5421202637826,27.8785517803119 85.5421086484133,27.8786241821138 85.5420826718287,27.8787090450223 85.5420678461434,27.8787561869103 85.5420482187047,27.8787995016002 85.5420492823476,27.8788174788656 85.5420415950166,27.8788615429952 85.5420154494037,27.8789590170764 85.5419895993409,27.8790344215636 85.54198478439,27.8791289679786 85.541980011656,27.8792203615939 85.5419651013869,27.8792738090589 85.5419389555894,27.8793712831136 85.5419377308953,27.8794627142483 85.5419648065487,27.8795607511826 85.5419847860364,27.8796587130624 85.5420289688824,27.8798042295745 85.5420806281163,27.8799214459404 85.5421500702712,27.8800356970983 85.5422056578767,27.8801245757638 85.5423147207549,27.880195100389 85.5424697827596,27.880275571006 85.542618213082,27.8803212856563 85.5427313310795,27.8803540138962 85.5428550091277,27.8803931601536 85.5429823620088,27.8804228854071 85.5430705167043,27.8804648092688 85.5431339189234,27.8805001650061 85.5432114715314,27.8805388234931 85.5432924035583,27.8805901306272 85.5433203667302,27.8806219585552 85.5433376433064,27.8806568268035 85.5433616786402,27.8807169924249 85.5433891777605,27.8807835011311 85.5434063278099,27.8808278277694 85.5434233513013,27.8808816128032 85.5434613261874,27.8809608451613 85.5435208009817,27.8810245384383 85.5436334981602,27.8810887939659 85.543682834856,27.8811145411321 85.5437462798376,27.8811467438068 85.5438309716243,27.8811823241306 85.5438906998226,27.8812271004609 85.5439430365161,27.881293871412 85.5439990901351,27.8813480686213 85.544026969357,27.8813862020173 85.5440474570527,27.8814463300589 85.5440678182509,27.8815159164971 85.5440847156469,27.8815791598599 85.5441084563756,27.881661394965 85.5441076551067,27.8817212981604 85.5440669382386,27.8818469979401 85.544037667138,27.8819129069359 85.5440119020089,27.8819820061987 85.543961383895,27.8820445375191 85.5438717091154,27.8821161149483 85.5437752331154,27.8821655477567 85.5436179737217,27.8822490240315 85.5435536421832,27.882283030053 85.5433967200082,27.8823412836731 85.5433144363891,27.8823908661087 85.5432570322791,27.8824375581653 85.5431958689215,27.8824999766892 85.5431489827026,27.8825562395816 85.5430665721988,27.8826152802509 85.5430019448377,27.8826713555829 85.542944456031,27.8827243530921 85.5428760142644,27.8827886831762 85.5428150743521,27.8828459619889 85.5427362538759,27.8829018871534 85.5426431982477,27.8829608150189 85.542539328994,27.8830322414611 85.5424677735677,27.8830756303022 85.5423927543151,27.8831126759917 85.5422996983263,27.8831716036096 85.5422457571374,27.8832246383218 85.5421953641191,27.8832777105345 85.5421306514542,27.8833400910131 85.5420483665172,27.8833896726352 85.5419626177528,27.8834329110831 85.5419126046493,27.883457608019 85.5418590432941,27.8834822674031 85.5417732521423,27.8835286585225 85.5417298707307,27.88358811121 85.5416994993399,27.8837359923037 85.5416926233582,27.8838047093081 85.5416913044756,27.8838178899095 85.5416796880919,27.8838902915895 85.5416815042351,27.8840195937354 85.5416873333379,27.8841142526695 85.5416889382478,27.8842593187876 85.5417056233649,27.8843383263573 85.5417330800202,27.8844079881517 85.5417534401851,27.8844775748678 85.5417806011905,27.88456930622 85.5418153234549,27.8846264318915 85.5418326846004,27.8846549947243 85.541884810332,27.8847375304158 85.5418984120333,27.8847818196836 85.5419294171866,27.884851518977 85.541953452545,27.8849116848141 85.5419632103352,27.8849780061108 85.5419515939704,27.885050407804 85.5419476232834,27.8850818982234 85.5419325853333,27.8851448039951 85.5419140835619,27.8852013666403 85.5419165758021,27.8852802240502 85.5419370629463,27.8853403523563 85.5419613940897,27.8853784486269 85.5419824303981,27.8853975905912 85.5420105632997,27.8854168076154 85.5420210392219,27.8854295313896 85.542041948835,27.8854581317308 85.5420731654427,27.8855120670203 85.5420937794239,27.8855627369206 85.5421139710553,27.8856449347697 85.5421060297121,27.885707915614 85.5420942021522,27.8857960812879 85.5420969479424,27.8858560219233 85.5421029463798,27.8859380696529 85.5421156613115,27.8860485675954 85.5421113949575,27.88610212758 85.5421241521465,27.8862094727254 85.5421196323598,27.8862819494782 85.5421025668601,27.886496189405 85.5421019755179,27.8865403285312 85.5421045101173,27.8866160331346 85.5420856702312,27.8866978181422 85.5420668725541,27.8867764503506 85.5420515809462,27.8868582728812 85.5420398376552,27.8869401329408 85.5420247994494,27.8870030386984 85.5419954411095,27.8870752527019 85.5419430183619,27.8872796588434 85.5418918205478,27.8873926339252 85.5418539872702,27.8874690913543 85.5418366095317,27.8875402521768 85.5418216133586,27.8876000051055 85.5418102500316,27.8876534899832 85.5417809758556,27.8877193983348 85.5417448161598,27.8877694676279 85.5417052348169,27.887810040987 85.5416764675731,27.8878381157886 85.5416367171609,27.8878913002995 85.5416005150837,27.8879445223422 85.5415533720404,27.8880197012882 85.5415383756344,27.8880794541736 85.5415087630987,27.8881705847981 85.5414976531018,27.888205152879 85.5414757711651,27.8882490666924 85.5414539314708,27.8882898277083 85.5414318381912,27.8883495054776 85.5414171797604,27.8883840359996 85.5414024367951,27.8884248721052 85.5413841031636,27.8884688234502 85.5413762879052,27.8885223458253 85.541357193493,27.8886230474345 85.541345787544,27.8886796850461 85.5413306641216,27.8887488962736 85.5412864349261,27.8888714045404 85.5412571178074,27.8889404655374 85.5411779961173,27.8890184591109 85.5411313172734,27.889058957158 85.5410701911095,27.8891182217007 85.5409878589468,27.889170955257 85.5409165524521,27.8891954263274 85.5408132679109,27.8892227120531 85.5407311469663,27.8892596814897 85.5407024636479,27.8892814504751 85.5406594175063,27.8893156803367 85.5405876456853,27.8893748319345 85.5405472023439,27.8894124245375 85.5405373334725,27.8894215977737 85.5404975819032,27.8894747819011 85.5404956361591,27.8894797693824 85.5404859639448,27.8895471833699 85.5404637429779,27.8896163193166 85.5404233569027,27.8897167952811 85.5403655246445,27.8897950137994 85.540325688256,27.8898545034475 85.5402678135536,27.8899358747084 85.5402351585346,27.8899891339077 85.5402338895613,27.8900837176225 85.5402295374309,27.8901435830582 85.5402358306325,27.8902035612424 85.5402525576889,27.8902794161262 85.5402868155311,27.8903712228703 85.5403350134651,27.8904820966731 85.5403837613374,27.8905519841851 85.5404255392346,27.8906123381531 85.5404567140856,27.890669426586 85.5405053352388,27.8907487724309 85.5405857235029,27.890841067599 85.5407153676235,27.8909654166414 85.5407571881431,27.8910226177276 85.5408272273757,27.8910927305189 85.5408824808311,27.8912068320806 85.5409101076005,27.8912638828541 85.5409233713372,27.8913333945205 85.5409504907877,27.8914282787774 85.5409492223592,27.8915228625027 85.54093452102,27.8915605457266 85.5409048646141,27.8916548289123 85.5408828125485,27.8917113537374 85.5408100666316,27.8918430195576 85.5407449249952,27.8919369269906 85.5406787682875,27.8921065013518 85.5406562085148,27.8922008596105 85.5406622905637,27.8922766017216 85.540682397525,27.8923651052894 85.540716614018,27.8924600647286 85.5407720371331,27.8925615551743 85.540827460348,27.8926630456002 85.5408687741115,27.8927580801476 85.54092419751,27.892859570539 85.5409937305928,27.8929675167592 85.5410490696458,27.8930753126864 85.5411044088043,27.8931831085939 85.5411458075465,27.8932718374873 85.5411938806819,27.8933921693974 85.5412139036884,27.8934869784786 85.5412132272573,27.8935374231231 85.5412193097253,27.893613165213 85.5412253921992,27.8936889073022 85.5412661147996,27.8938280808076 85.5412931505191,27.8939292705791 85.5413537274119,27.8941758642884 85.5413795796251,27.8943653321683 85.5413809519623,27.8943824208582 85.5413917448365,27.8945168163274 85.5413972356211,27.8946366974664 85.5414224116092,27.8948766099723 85.5414560376262,27.895015708308 85.5414968454836,27.8951485761695 85.5415301334965,27.8953128968078 85.5415501570717,27.895407705839 85.5415494807418,27.8954581504771 85.5415482971602,27.8955464285927 85.5415678135386,27.8956790710981 85.5416017781004,27.8957929470808 85.5416430936092,27.895887981425 85.5417111076018,27.8961094277705 85.5417165987351,27.8962293088863 85.5417363690035,27.8963430346292 85.5417772621594,27.8964695968354 85.5418324345615,27.8965900036509 85.5418743422324,27.8966408988776 85.5419299374411,27.8967297777606 85.5419996428769,27.8968251123868 85.5420979913219,27.8969018305905 85.5422316575942,27.8969915352925 85.5422808319575,27.8970298943248 85.5423653240898,27.8970812398722 85.5424922314258,27.8971456469393 85.5425272957336,27.8971775501735 85.5425278588784,27.897177882426 85.5425430025829,27.8972020919479 85.5425612079048,27.8972396836646 85.5425747366442,27.8972772259187 85.5426110916751,27.8973565642172 85.5426293527136,27.8973900010512 85.5426477047738,27.8974236045282 85.5426514786695,27.8974453120892 85.542650211398,27.8975398958037 85.5426350872957,27.897609107073 85.5426263846643,27.8977288380462 85.5426181044468,27.8978170411134 85.5425955449187,27.8979113996329 85.5426014594718,27.8979997528218 85.5426426076397,27.8981073980624 85.5426771653765,27.89817713475 85.5427044567625,27.8982594075323 85.5427315792207,27.8983542914707 85.5427662215679,27.8984177225583 85.5428007794745,27.8984874592186 85.5428284089349,27.8985445096575 85.5428770773414,27.8986207019865 85.5429189862535,27.8986715969291 85.5430242655094,27.8987610007497 85.5430942265395,27.8988374181378 85.5431642721271,27.8989075299121 85.5432273047871,27.898971261039 85.5433112921468,27.8990604395543 85.5434509617534,27.8992321907746 85.5435489756109,27.8993341303648 85.5436187685009,27.899423158672 85.5437015744879,27.8996006151169 85.5437212628592,27.8997206462049 85.5437691725393,27.8998535884874 85.5438035626602,27.8999359360877 85.543816660199,27.9000180586649 85.5438158159358,27.9000811144839 85.5438850185413,27.9002142817468 85.5439261687311,27.9003219266504 85.5439877675334,27.9004928523585 85.5440073719196,27.9006191889906 85.5440129499954,27.9007327644616 85.5439969820257,27.9008650316825 85.5439525391549,27.9010033044775 85.5439303176742,27.901072440867 85.5438421913138,27.9012922361444 85.5438096636596,27.9016009095614 85.5437862598735,27.9017583240381 85.5437701225476,27.9019032023577 85.5437618427743,27.9019914054649 85.5437678427767,27.9020734530175 85.5437949669647,27.9021683367669 85.5438217534606,27.902288442831 85.5438488777409,27.9023833265708 85.5438824243196,27.902528729953 85.5439159709792,27.9026741333274 85.5439981887007,27.9028957286835 85.5440112022113,27.902984156807 85.543995402631,27.903103812814 85.5439632123403,27.9033872638675 85.5439674394935,27.9036017285659 85.5439808751844,27.9036586287905 85.5440151821056,27.9037472819246 85.5440425601394,27.9038232488897 85.5440771204319,27.903892985273 85.5441541831598,27.9039694772225 85.5441822366946,27.9039949995291 85.5442732419452,27.9040905581477 85.544336278139,27.9041542888592 85.5444492523583,27.9041996276976 85.5445482842278,27.9042258997501 85.5446688627921,27.9042334799101 85.544779799122,27.9042408167231 85.5447823435558,27.904240984999 85.544980998221,27.9042493894951 85.5450592430207,27.9042376028274 85.5451018299597,27.9042380525334 85.5451585281832,27.9042449577027 85.5452715028702,27.9042902958826 85.5452924589285,27.9043157430335 85.5454033250019,27.9045187206666 85.5454590955779,27.9045949871241 85.5454634182631,27.9046029012224 85.5455145288533,27.9046964758908 85.5455632017351,27.9047726673804 85.5456473640074,27.9048492334757 85.5456750807814,27.9048999778276 85.5457307674032,27.9049825497683 85.5457866227676,27.905052510523 85.545855746381,27.9051919824968 85.5458549031158,27.9052550383257 85.545853806867,27.9053370109024 85.5458310795911,27.9054439810646 85.5458157874965,27.9055258038063 85.5457934817926,27.9056012460447 85.5457785269724,27.9056578464495 85.5457628974657,27.9057648915089 85.5457477739333,27.9058341030717 85.5457465932417,27.9059223812195 85.5457455812162,27.9059980482025 85.5457358688456,27.9061934463159 85.5457624052754,27.9063324687981 85.5457824341394,27.906427277284 85.5457957867326,27.9064904829397 85.5458165746502,27.9065285411867 85.5458231006456,27.9065566388313 85.5458440810655,27.9065950494658 85.5458786011663,27.9066679382378 85.5458920381685,27.9067248383036 85.5459124466822,27.9067912716552 85.5459400375432,27.9068514743357 85.5459535589228,27.9069020688145 85.5459562646556,27.9069651620869 85.5459551684042,27.907047134647 85.5459471849534,27.9071132683392 85.5459460886883,27.9071952408971 85.5459343453823,27.9072771010827 85.5459301217338,27.9073275082751 85.5459396303306,27.9074127459926 85.5459402408526,27.9074269824224 85.5460154319145,27.9075838207246 85.5460848945693,27.9076980702808 85.5461827496057,27.9078126194206 85.5462243261929,27.9078887358103 85.5462720734724,27.9080342884845 85.5462849206341,27.9081353275854 85.5462893391606,27.9081799233231 85.5462768390638,27.9082078020245 85.5462520647931,27.9083114271315 85.5462420995134,27.9083570320469 85.5462364224035,27.9084317704385 85.5462357162825,27.9084358174431 85.5461947689159,27.9085064580566 85.5461364662777,27.9086193592635 85.5460500240186,27.908713044053 85.5459280909887,27.9088063541932 85.5458277051636,27.9088809722516 85.5456983362268,27.9089994295638 85.5456407076157,27.9090618858932 85.5455682077938,27.9091746369484 85.5455383811018,27.9092815320252 85.5455584101891,27.9093763405175 85.5455929730673,27.9094460765696 85.5456412262015,27.9095537959549 85.5457248016231,27.9096745011424 85.5458220675344,27.9098331896093 85.5458917843292,27.9099285225376 85.5459617542561,27.9100049386974 85.5460245417389,27.910087585487 85.5461372697944,27.9101518399002 85.5462216894408,27.9102094890215 85.5463131230804,27.910273518576 85.546376332556,27.9103246373199 85.5464182474072,27.9103755313467 85.5465015713792,27.9105151528449 85.5465206741103,27.9106793225988 85.5465042012842,27.9108494234632 85.5464668551411,27.9109877717358 85.5464227478763,27.9111008227771 85.5463856544803,27.9112202542789 85.5463343644156,27.9113395359587 85.5462975237986,27.9114400506907 85.5462607674349,27.9115342598305 85.5462235893642,27.9116599968472 85.5462005235098,27.9117921892506 85.5461991742288,27.9118930784954 85.546211684287,27.9120193398737 85.5462247003452,27.912107767784 85.5462592644437,27.9121775036911 85.5463283084444,27.9123232810599 85.5463697180655,27.912412008582 85.5464185633969,27.9124755886844 85.5464949591072,27.9126025241476 85.5465432144023,27.9127102432558 85.5465557249104,27.912836504607 85.5465402634225,27.912930938481 85.5464588083064,27.913182337687 85.5464225573519,27.9132387133671 85.5463146475462,27.9133447845718 85.546221440392,27.9134131720544 85.5461493597334,27.9134943953788 85.54608404003,27.9136009158864 85.5460548028321,27.9136636719518 85.5460326640444,27.9137265029346 85.5460243847401,27.9138147060668 85.5460163584629,27.9138839924707 85.5460293745119,27.9139724203787 85.5460353764588,27.9140544677842 85.5460625894829,27.9141430455399 85.5460900555827,27.9142127065649 85.5461106762655,27.9142633759367 85.5461166782795,27.9143454233382 85.5461158348403,27.9144084790906 85.546093274187,27.9145028379477 85.5460849948423,27.9145910410735 85.5460770528698,27.9146540218977 85.5460829705187,27.9147423748709 85.5461510036176,27.9149638192262 85.5461499071435,27.9150457916982 85.5461346979354,27.9151213087483 85.5461190669702,27.9152283536677 85.5460672684135,27.9153854685437 85.5460381150288,27.9154419189972 85.5460015256331,27.9155235168075 85.5459716129644,27.9156367174068 85.5459913902704,27.9157504425309 85.5460191097449,27.915801186847 85.5460770662102,27.9158498542286 85.5461103791069,27.9158778278067 85.5462651985594,27.9159803652903 85.5463778483783,27.916050925264 85.54644131411,27.916083127341 85.5464834840712,27.916115104668 85.5466374610202,27.9162806975047 85.5466858022359,27.9163821109993 85.5467414107963,27.9164709882245 85.5468393583143,27.9165792315058 85.5469517562202,27.9166687077679 85.5471001533178,27.9167207248824 85.5472272546192,27.9167725172299 85.5473615389785,27.9168180787525 85.5475814286568,27.9168330105273 85.5476876556747,27.9168530500149 85.5478148416882,27.9168985362579 85.5479278304896,27.9169438727168 85.5479772683863,27.9169633132909 85.5480475810889,27.917014506229 85.5481247398176,27.9170846906944 85.5481809395532,27.9171294283382 85.5482367181807,27.9172056938537 85.5482715377473,27.9172565125798 85.5483132033517,27.9173263228508 85.5483726216236,27.9173902210554 85.5483901940253,27.9174091183368 85.5484740308598,27.9175109053291 85.5485653034098,27.9175875447628 85.5486428839209,27.9176262010637 85.548826271572,27.9177164238669 85.5489177971279,27.9177741463408 85.5490022240595,27.9178317939749 85.5490929921545,27.9179462665612 85.54916998386,27.9180290616429 85.5493106118458,27.9181314463464 85.5493360859621,27.9181457437856 85.5493390122969,27.9181529335848 85.5493434124964,27.9181737572224 85.5493482929924,27.9181857482528 85.5494337991112,27.9182849497013 85.5494707689235,27.9183664723958 85.5494969757438,27.9185307165367 85.54950222294,27.9186695140742 85.5495074701412,27.9188083116093 85.5494980989324,27.9189784875263 85.5494965839744,27.9190919879744 85.5495092666362,27.9192056379406 85.5495504287685,27.9193132813583 85.5496128033048,27.9194274546115 85.5496968110965,27.9195166297713 85.5498233279259,27.9196125589376 85.5499288008597,27.9196893470356 85.5500341898081,27.9197724406389 85.5501677219686,27.9198747498232 85.5502867201603,27.9200021317711 85.5503760613586,27.9202237984869 85.5504036998486,27.9202808475905 85.5504522985857,27.9203633431598 85.55054382722,27.9204210646479 85.5506001137646,27.9204594958037 85.5507608655732,27.9206503814332 85.5508592412587,27.9207270941711 85.5509855923556,27.9208356335107 85.5510343599361,27.920905517728 85.5510550681621,27.9209498808634 85.5511105984629,27.9210450620729 85.5512371183184,27.9211409900335 85.5512864746701,27.9211667350856 85.5513781725566,27.9212118448874 85.5514622672171,27.9212947134703 85.5514971736073,27.9213392258737 85.5515385065542,27.9214342576015 85.551537581954,27.9215036190248 85.551508093336,27.9215852929682 85.5514929707494,27.9216545050631 85.5514269783788,27.9218114726626 85.5513759404005,27.9219118393136 85.5513319172591,27.9220185861962 85.5513094432693,27.9221066403354 85.5512945726823,27.922156935648 85.5512796180083,27.9222135365406 85.5512569757809,27.9223142018306 85.5512628136989,27.9224088602427 85.551289948729,27.9225037426831 85.5513245191282,27.922573477464 85.5513588373625,27.9226621289842 85.551392735312,27.9227823084085 85.5513913902261,27.9228831977249 85.5513827779284,27.9229966235319 85.5513890363091,27.9230597540249 85.5514094928477,27.9231230338607 85.5514367962892,27.92320530511 85.5514769529085,27.9233886150044 85.5514756919318,27.9234831987337 85.5514741787517,27.9235966992072 85.5514801850065,27.9236787464393 85.5515134949052,27.9238430649056 85.5515478977105,27.9239254108021 85.5516106130442,27.9240143609279 85.5517083198598,27.9241415178155 85.5517920807449,27.9242496085859 85.5518263157828,27.924344565585 85.5518324904147,27.9244140016406 85.5518236262321,27.9245463442093 85.5518082511925,27.9246344730474 85.5517638069729,27.9247727479097 85.55174834779,27.9248671823167 85.5517402399391,27.9249427746346 85.5517393153309,27.9250121360288 85.5517450696477,27.925113099987 85.5517725418832,27.9251827600128 85.5518495405686,27.9252655537819 85.5519475008616,27.925373793786 85.5519519106574,27.9255756470404 85.5519147335187,27.9257013854127 85.5519205720526,27.9257960437803 85.5519480445542,27.9258657037751 85.5519755170893,27.9259353637651 85.552010088924,27.9260050983978 85.5521010347791,27.9261069580835 85.5522196216372,27.9262658664982 85.5522819186521,27.9263863442679 85.5523442998257,27.926500516431 85.5523505588723,27.9265636468778 85.5523562297464,27.9266709163944 85.5523402665656,27.9268031843397 85.5523248075076,27.9268976187925 85.5523095164776,27.9269794420792 85.5523087602127,27.9270361923083 85.5523280415291,27.9271877501535 85.5523978586259,27.9272767746087 85.5524469659239,27.927321436081 85.5525450126067,27.9274233701394 85.5526078986898,27.9274997087111 85.5526570061743,27.9275443701142 85.5526931929403,27.9275747506254 85.5527482899014,27.927621007095 85.5527879424864,27.9277094985178 85.5527965574627,27.9277287242689 85.5527953814082,27.9278170024123 85.5527726551524,27.9279239734626 85.5527849218195,27.9280691510605 85.5527694629131,27.9281635855541 85.5527529958776,27.9283336870167 85.5527587511676,27.9284346509274 85.5527720259376,27.9285041615468 85.5527840406093,27.9286682558778 85.5528318885957,27.9288075009463 85.5528801567126,27.9289152180959 85.5529503953147,27.9289727144032 85.5530704142547,27.9290244273054 85.5531620354302,27.9290758417279 85.5532962535402,27.929127703631 85.5533033332924,27.9291341422392 85.5533383465236,27.9291659846482 85.5533678127669,27.9292028796751 85.5533942186247,27.9292359427319 85.5534218607966,27.9292929913031 85.553470213672,27.9293944026865 85.5535118869769,27.9294642115659 85.5535458730654,27.9295780849324 85.5535513772045,27.9296979655686 85.5535425983411,27.9298240026303 85.5535476826363,27.9299754111716 85.5535723022428,27.9302594606564 85.5535908299847,27.9304677685767 85.5536243965919,27.9306131698295 85.5536582991377,27.9307333487491 85.5536998890768,27.9308094631638 85.5537482428244,27.9309108744629 85.5538607449125,27.9309940400948 85.5539592998106,27.9310581397767 85.554058106654,27.9311033226453 85.5541637613818,27.9311674967421 85.554304662526,27.9312509602239 85.5543962022299,27.9313086794841 85.5544801388947,27.9314041576521 85.5546128501111,27.9315695188845 85.5546754043211,27.9316710789452 85.5547589219838,27.9317980848752 85.5549050783526,27.932020345143 85.5551908803138,27.9324206516718 85.5552940207224,27.9326739924878 85.5554262314605,27.9328771865168 85.5554395083581,27.9329466969199 85.5554519465871,27.9330792631643 85.555443001725,27.9332179115279 85.5553989774071,27.9333246595195 85.555340669598,27.9334375640888 85.5552540464663,27.9335438650524 85.5551750262577,27.933612406959 85.5550889900636,27.933674568726 85.5550028698749,27.9337430360173 85.554909733695,27.9338051231511 85.5548305452657,27.9338862760058 85.5547369893005,27.9339798909206 85.554486062544,27.9341601441147 85.5544067056714,27.9342539078604 85.5543549085679,27.9344110255441 85.5543034470663,27.9345429208805 85.5542596728758,27.9346307516871 85.5542086308762,27.9347311190794 85.5541570850792,27.9348693199218 85.5540990269589,27.9349633071248 85.5540335330396,27.9350824420471 85.5539683748202,27.9351763546182 85.5539030485533,27.9352828783088 85.5538665415396,27.9353581723749 85.5538432266059,27.9355092825117 85.5538414632199,27.9356416996381 85.5539105309932,27.9357874736678 85.5540087542904,27.9358767957458 85.5542405331211,27.9360684236518 85.5543170374065,27.9361890497436 85.5543300652737,27.9362287452446 85.5543411736692,27.9362429080932 85.5543443878645,27.9362681676822 85.554350522455,27.9363407563834 85.5543421213648,27.9364384182918 85.5543409461349,27.9365266963839 85.5543291209492,27.9366148626447 85.5543101957682,27.9367029543478 85.55429498844,27.936778472169 85.5542535039731,27.9369609238509 85.5541874212177,27.9371241978135 85.5541213802336,27.9372843189448 85.55410783354,27.9375017494855 85.5541135062106,27.9376090188513 85.5541227289066,27.9377163254993 85.5541393875069,27.9377984844075 85.5541667381834,27.9378776023738 85.5541803925458,27.9379187377492 85.5542001394701,27.938035614602 85.5541986282093,27.9381491149725 85.554193818782,27.9382436613308 85.5541679190089,27.9383222200505 85.5541303195194,27.9384794866065 85.5541187037886,27.9385518888718 85.5541103442077,27.9386463979337 85.5541295033932,27.9388074138139 85.554128873651,27.9388547056284 85.5541166281164,27.9389743997017 85.5541126582205,27.9390058902918 85.5541117765634,27.9390720988296 85.5540931865596,27.9391349681502 85.5540710884503,27.9391946473929 85.5540528342849,27.9392322944066 85.5540309880501,27.9392730569168 85.5540017477443,27.9393358143562 85.5539329107264,27.93943914783 85.553907766268,27.9394609563033 85.5538253586548,27.9395168487455 85.5537431609343,27.939556977201 85.5536859397055,27.9395879083268 85.5536037838818,27.9396248839081 85.5535287701693,27.9396587812543 85.5534570964748,27.9397084797923 85.5533672522258,27.9397895196253 85.5532558132429,27.9398924050457 85.5531556125083,27.9399512633001 85.553062974026,27.9399755154628 85.5529772255975,27.9400156061209 85.5528274493534,27.9400644833373 85.5527171442899,27.94008224309 85.5525823668011,27.9400713664077 85.5524728603284,27.9400292230516 85.5524233692106,27.9400129365145 85.5523422215472,27.9399742444813 85.5522403619646,27.939891189412 85.5522017314109,27.9398592508798 85.5521615188704,27.9398439756395 85.5520992834363,27.9398203346943 85.5520580619896,27.9398051860815 85.5519759975549,27.9397465137621 85.5518985685354,27.939695247684 85.5518350034974,27.9396693532174 85.5516507358266,27.939642188888 85.5515368809693,27.9396599103549 85.5514227737018,27.939696548427 85.5513796679761,27.9397339335542 85.551343578254,27.9397776989488 85.5512634571939,27.939928210649 85.5512554315189,27.9399974971572 85.5512395484079,27.940123459037 85.5512304438138,27.9401482954857 85.5512027012309,27.9402239744781 85.5511725334682,27.9403560924593 85.5511201393849,27.9405573474628 85.5510828711874,27.9406893906816 85.5510100175801,27.9408273657777 85.5509731699235,27.9409278811305 85.550928969472,27.9410472384227 85.5508920374952,27.9411540593091 85.5508546004547,27.9412987135646 85.5508666127147,27.941462807712 85.5508868194108,27.9415450042717 85.5509283269866,27.9416274250545 85.5509560548441,27.9416781685276 85.5510111740058,27.9418048777144 85.5510315491763,27.9418744631278 85.5510520085263,27.9419377429747 85.5510723837442,27.9420073283827 85.5510854903646,27.9420894501814 85.5510548168965,27.9422594014587 85.55101078424,27.9423661476111 85.5509740201554,27.9424603573596 85.5508353260714,27.9427426875316 85.5507846134902,27.9428178310281 85.5506685664644,27.9429994962484 85.5505532767375,27.9431244112998 85.5505495119521,27.9431299438414 85.5504808416539,27.9432308581764 85.5504008008421,27.9433750635997 85.5503343712039,27.943563557442 85.5503041170662,27.9437019806562 85.550266341378,27.9438718568769 85.5502499510879,27.9440356518675 85.5502482668962,27.9441617630596 85.5502475090065,27.9442185130953 85.5502671261777,27.9443448486319 85.5502443932141,27.9444518187923 85.5502361137836,27.9445400218375 85.5502493041934,27.9446158381152 85.5502627472516,27.9446727377141 85.5502763587431,27.9447170261936 85.5503036659659,27.94479929759 85.5503309732274,27.9448815689815 85.5503439953197,27.9449699963686 85.5503671302201,27.9450209992133 85.5503680892199,27.9450270081273 85.5503781084359,27.945074411988 85.5503869498982,27.9451252306753 85.5503880013519,27.9451312741865 85.5503946387367,27.9451660295389 85.5504534774745,27.9452801651996 85.5504809112555,27.945352978226 85.5505042896086,27.9454635872158 85.5505243282308,27.9455583949183 85.5505619498554,27.9456660006625 85.5505748880041,27.9457607335876 85.5505482679042,27.9458928886275 85.5505185184504,27.9459934784776 85.5504601140255,27.9461126858901 85.5503871714637,27.9462569659427 85.5503650276028,27.9463197971785 85.5502934322087,27.9463631882448 85.5502073829091,27.9464253463639 85.5501499043567,27.9464751924872 85.5500779718639,27.9465438056611 85.5500204089576,27.9465999572816 85.5499843162891,27.9466437221711 85.5498975084376,27.9467626300852 85.5498464562414,27.9468629953224 85.5497958251773,27.946931832757 85.5497382619152,27.9469879842432 85.5497023375034,27.9470191379363 85.5496236407507,27.9470624538045 85.5494955765276,27.9470800236141 85.5493746971765,27.9470913625836 85.5492823046289,27.9470966952534 85.5491688630145,27.9470828866644 85.5490922882549,27.9470572413655 85.5490133233811,27.9470307955479 85.5488503460725,27.9470038516116 85.5487581222036,27.9469965728257 85.5486017397568,27.9470075367799 85.5484804388173,27.9470504027237 85.5483661540901,27.9470996489953 85.5483016580534,27.947143113858 85.5482372463029,27.947180273137 85.5481091817771,27.9471978416423 85.5479956559015,27.9471903376385 85.5479178863027,27.9471642914466 85.547847048658,27.9471509312261 85.5477338603256,27.9471182048093 85.547677139632,27.9471112998914 85.5475990326775,27.9471104757219 85.5475065557036,27.9471221127447 85.5474139943278,27.9471400552535 85.5473505450503,27.9471618200131 85.547292903799,27.9471671562549 85.5471860988854,27.9471881014959 85.5470651770662,27.9472025911967 85.5469798428154,27.9472111500405 85.5468801806552,27.9472290172249 85.5467803918321,27.9472563426563 85.5467053707772,27.947290235968 85.5465836888941,27.9473614751568 85.5464903672329,27.9474361669452 85.546436352373,27.9474923544638 85.5463462008085,27.9475954585936 85.5462524987376,27.9476985251578 85.546198483622,27.9477547125715 85.5461336907474,27.9478202457731 85.546054654205,27.9478887816974 85.5459689392395,27.9479257148389 85.5459043995516,27.9479723312901 85.5458432834326,27.9480284435339 85.5457252350009,27.94809341387 85.5456281505444,27.9481838313644 85.5455773049828,27.9482684309668 85.545537363895,27.9483342264732 85.5455112439266,27.9484285469817 85.5455032982081,27.9484915273672 85.5455022841964,27.9485671938742 85.5454942117059,27.9486396325707 85.5454718532387,27.9487182267279 85.5454351242537,27.9488092818793 85.5453628069827,27.9489062673322 85.545326542657,27.9489626419688 85.5452477160541,27.9490154135152 85.5451583650312,27.9490586141165 85.5450583205432,27.9491048548339 85.5449119519761,27.949163218607 85.544833251846,27.9492065315917 85.5446758514013,27.949293157418 85.5446075062934,27.949358652276 85.5445536163281,27.9494053806593 85.5444812133048,27.9495086711345 85.5444339588747,27.949590155019 85.5444046254828,27.9496592155525 85.5443787155925,27.9497377719343 85.5443636682896,27.9498006771146 85.5443489592586,27.9498383601408 85.5443233452899,27.9498948471251 85.544258507696,27.9499635321017 85.5441798490187,27.9500036919074 85.5440513154136,27.9500559369314 85.5439336867072,27.9500893779058 85.543858578234,27.9501295750805 85.5437867662968,27.9501887263851 85.5436859163865,27.9502948686242 85.543620951227,27.9503730115753 85.5435560282832,27.9504480017238 85.5434729723258,27.9505511788756 85.5434216161477,27.9506736107549 85.5434069489766,27.9507081408918 85.5433956206457,27.9507584724386 85.5433952398045,27.9507868473428 85.5434017059303,27.950834214002 85.5434116378627,27.9508879237709 85.5434358138576,27.950938631074 85.5434567779519,27.9509640786615 85.5434776151149,27.9509989845475 85.5434941825265,27.9510874498983 85.5435143850302,27.9511696472864 85.5435479628496,27.9512001834009 85.5435493393985,27.9512110089909 85.5435736001464,27.9512554107383 85.5435875057505,27.9512776303965 85.5435916280105,27.9512858165437 85.5436082583909,27.9513188417994 85.5436247413258,27.9514136126707 85.5436241066725,27.951460904178 85.5436124398605,27.951536457875 85.5436148479251,27.9516216201576 85.5436210180043,27.9516910561756 85.5436549571352,27.951808084267 85.5436892348071,27.9518998902145 85.543755551375,27.9519857287395 85.5438470597914,27.952046608063 85.5439206467322,27.952119910578 85.5439415688566,27.9521485108675 85.5439693381345,27.9521961028843 85.5440144791243,27.9522722576133 85.5440348937031,27.9523386910979 85.5440545046147,27.9524650271587 85.5440641831869,27.9525376534896 85.5440762309137,27.952632396004 85.5440770315674,27.9526386922857 85.5440867524637,27.9527081658472 85.5441036589594,27.9527714089943 85.5441379372818,27.9528632148435 85.5441934340769,27.9529615515709 85.544224373502,27.9530375560064 85.5442448729227,27.9530976839286 85.5442579752834,27.9531798061053 85.5442606375999,27.9532460517741 85.5442878151588,27.9533377824762 85.544290181432,27.9534260975141 85.5442783456247,27.9535142623247 85.5442836702809,27.9536467536563 85.5442866709711,27.9536877771849 85.5443064092303,27.953804654905 85.5443440270756,27.9539122620998 85.544385322406,27.9540104485391 85.544430210639,27.954105519754 85.5444990646632,27.9542670619307 85.5445228612495,27.9543461439701 85.5445326248226,27.9544124647329 85.5445599297246,27.9544947370847 85.5446219790568,27.9546341347362 85.5446562160511,27.954729093238 85.5446970890929,27.9548588072657 85.5446971126043,27.9548591658738 85.544708881111,27.9550386651786 85.5447041042654,27.9551300578741 85.5446736699271,27.9552810903004 85.5446544792683,27.9553880966274 85.5446213822436,27.9554728833811 85.5445919626204,27.9555482493751 85.5445261912269,27.9556862951656 85.5444755102021,27.9557582830409 85.5444072453088,27.9558174720491 85.5443101948761,27.955904735447 85.5442526662016,27.9559577315148 85.5442344147664,27.9559704713419 85.5441236177897,27.9560478094872 85.5440126606522,27.9561128530403 85.5439161173623,27.9561622829495 85.54380900679,27.9562052945408 85.5436555266329,27.9562635813874 85.5434018250326,27.9563807183007 85.5433303048501,27.956417799798 85.5432411162063,27.9564483877929 85.543176781823,27.956479238852 85.5430802378461,27.9565286681454 85.5430228352603,27.9565722053672 85.5429439172149,27.9566312808138 85.5428723967179,27.9566683620596 85.5427760641614,27.9567020273088 85.5427257626115,27.9567456395963 85.5426859435076,27.9568019757231 85.5426528444826,27.9568867619119 85.5426199994985,27.9569526315105 85.542590874506,27.9570059276512 85.5425367679939,27.9570684188334 85.5424789413685,27.9571434834355 85.5424176487343,27.9572122048745 85.5423779987191,27.957255929845 85.5422842418642,27.9573621458718 85.5422445917393,27.9574058707989 85.5422011367626,27.9574684746722 85.5421611900195,27.9575342689081 85.5421357000152,27.9575812970255 85.5421064898752,27.957640898568 85.5420843810093,27.9577005753397 85.5420154780709,27.9578070544796 85.5419899031966,27.9578603880872 85.541974810799,27.9579264456014 85.5419559134958,27.9580113820613 85.5419301690548,27.9580773267003 85.5419008739128,27.958143233709 85.541861223338,27.9581869585041 85.541796760412,27.958227267141 85.5417074003586,27.9582704651066 85.5416535893468,27.9583108865584 85.5415995240067,27.9583702245543 85.5415704404914,27.9584203676739 85.5415304506125,27.9584893144511 85.5414870371554,27.9585487652965 85.541461377062,27.9586084043056 85.5414463266057,27.9586713089779 85.5414240475959,27.9587435966562 85.5413986841331,27.9587811663242 85.5413445336324,27.9588468097229 85.5412832816809,27.9589123778161 85.5412507743492,27.9589530249313 85.5412040218201,27.9589966742275 85.541107347524,27.9590555602807 85.5410289354076,27.9590768013801 85.5409648108554,27.9590918875111 85.5408580355084,27.9591096745551 85.5407585311556,27.9591149257857 85.5406839665009,27.9591141350219 85.5406057663284,27.9591196120781 85.5404988636641,27.9591468571178 85.5403881981603,27.9591898282036 85.5403060230215,27.9592267950122 85.540191000608,27.9593296306829 85.5401720591976,27.9594177195776 85.5401605585744,27.9594806617396 85.5401491427874,27.9595372983825 85.5401487185308,27.959568825968 85.5401481669962,27.9596098118289 85.5401329034865,27.9596884801071 85.5401169430292,27.9597424192969 85.5401143013691,27.9597513469179 85.5400847925012,27.9598330172572 85.5400628517488,27.9598800825936 85.5400223511889,27.9599868619599 85.539978511974,27.9600778398437 85.5399385204436,27.9601467860807 85.5399021644614,27.9602094644656 85.5398371055091,27.9602939107089 85.539804724524,27.9603250991652 85.539657658905,27.9604339006972 85.5395574742062,27.9604895951271 85.5394895432169,27.960523559384 85.5394359000545,27.9605513688535 85.5393569347041,27.9606135947829 85.5392818171801,27.9606537890597 85.5392104201686,27.9606814099628 85.5391246078448,27.9607246438166 85.539038370853,27.9607994051783 85.5389697601187,27.9608838132645 85.5389228784479,27.9609369199759 85.5388393425769,27.961074774024 85.5387739425216,27.9611844417504 85.5386947639764,27.961262431041 85.5386263225651,27.9613342279068 85.5385435930337,27.9614121793882 85.5384784898101,27.9614997776626 85.5384243361606,27.9615654197685 85.5383665467058,27.9616373296408 85.5382010441956,27.9617963849526 85.5381470176905,27.9618525686704 85.5380503817082,27.9619082996378 85.5379540430845,27.9619419612526 85.5378682717721,27.961982041504 85.5377826278946,27.9620126634371 85.5377256452852,27.9620246706844 85.5376686201622,27.9620398306615 85.5376081717469,27.9620454946136 85.537537325996,27.9620321287932 85.537463184525,27.9619998086722 85.5374278891999,27.9619836674693 85.5373609343894,27.9619451172759 85.5372371245735,27.9619091158366 85.5371783863843,27.9618975972545 85.5371521183499,27.9618924460737 85.5370532917029,27.961847250468 85.5369686682602,27.961802205817 85.5369051369395,27.9617731514257 85.5368027597332,27.9617279178901 85.5366967042502,27.961692104777 85.5366012586315,27.9616595576321 85.5364664993479,27.9616455114919 85.5363885099395,27.9616352223099 85.536018931692,27.9616533629643 85.5358973543385,27.9617151334273 85.5357616588558,27.9617704471284 85.5356328945529,27.9618384472748 85.5355327917238,27.9618878331329 85.5354043251194,27.9619337637979 85.5353079431698,27.9619705762779 85.5352257642926,27.9620075398916 85.5351327201271,27.9620601537962 85.5350684653695,27.9620846953249 85.5349041924,27.9621523167008 85.5348179940286,27.9622239224983 85.5347531002984,27.9622957551184 85.5347060030439,27.9623646240287 85.5346943711075,27.9624370238241 85.5346788902246,27.962531455048 85.5346668323426,27.9626353823322 85.5346625149077,27.9626920940051 85.5346592714496,27.9627100450995 85.534647161724,27.9627770669717 85.5346425035372,27.9628590006365 85.534634081567,27.9629566602288 85.5346188560915,27.9630321749394 85.5345374157144,27.9632772573487 85.5345008425597,27.9633556978645 85.5344605481289,27.9634467115404 85.5344024568648,27.9635406888311 85.5343590800541,27.9635969844113 85.5342837030686,27.9636560922837 85.5342299292655,27.9636933578463 85.5341264436873,27.9637300937574 85.5340751368318,27.9637566884912 85.5340727976244,27.9637579010105 85.5339974629864,27.9638138559666 85.5339820315885,27.9638252217503 85.5339819670382,27.9638252692939 85.5339257217281,27.9638666959669 85.5338398196406,27.9639162318242 85.5337644421554,27.9639753393902 85.5336891072099,27.9640312941639 85.5336066278648,27.9640903259501 85.5335348436104,27.9641463184775 85.5334593379159,27.964214884103 85.5333799402238,27.9643086338062 85.5333772940033,27.9643123767591 85.5333401134292,27.9643649668783 85.5332678598773,27.9644556394649 85.5331920979758,27.964543121405 85.5331523136323,27.9645963016676 85.5331126145276,27.9646431764242 85.5330624333467,27.9646773266037 85.5330123374192,27.9647051712712 85.5329729367181,27.9647299767606 85.5328519086369,27.9647507586115 85.5327382381569,27.9647526996167 85.5326618429605,27.9647495446127 85.5326353055926,27.9647484486503 85.5325393041539,27.9647568843359 85.5324469388907,27.9647590523394 85.5323366912941,27.9647704891235 85.5322832149327,27.9647856846574 85.5322795787353,27.9647919522673 85.5321470445158,27.9648756747461 85.5321353251947,27.9649543797139 85.532130835615,27.965023702214 85.5321339171403,27.9650584202902 85.5321474806342,27.9651058629976 85.5321497514708,27.9652004832223 85.5321592520848,27.9652857209801 85.5321800027243,27.9653269339629 85.5322149569348,27.965368298474 85.5322233184134,27.9653766645957 85.532249996503,27.9654033574877 85.5323202890258,27.9654577117663 85.5323341512874,27.9654830852441 85.5323652987364,27.9655433283094 85.5323784357601,27.965622298445 85.5323921274068,27.9656602828968 85.5324198520179,27.9657110298385 85.5324543798357,27.9657839217431 85.5324606710964,27.9658438996485 85.532467047683,27.9658975720639 85.5324875852488,27.9659545487296 85.5324940045123,27.9660050683988 85.5325004237807,27.9660555880676 85.5325316141318,27.9661126783554 85.5325487288267,27.9661601589032 85.5325548921767,27.9662295950383 85.5325862532326,27.9662740743361 85.5326139780795,27.9663248212437 85.5326342598561,27.9664007143589 85.5326585191417,27.9664451178958 85.5327320648808,27.9665215790761 85.5327807115595,27.9666009278806 85.5328015906229,27.9666326825457 85.5327934224567,27.96671142543 85.5327710078772,27.966793169578 85.5327343895045,27.9668747622365 85.5326766787041,27.9669403639246 85.5326228173803,27.9669839342479 85.5325937699621,27.9670309224192 85.5325784570492,27.9671127422737 85.5325560848718,27.9671913336284 85.5325482150887,27.9672480072736 85.5325330300859,27.9673203688853 85.5325181010292,27.9673738140288 85.5325098472525,27.9674588623664 85.5324982558105,27.9675281091037 85.5324653585774,27.9675971285668 85.5324185987611,27.9676407745482 85.532386298762,27.9676656555739 85.5323216987198,27.9677154176005 85.5323052445076,27.9677344162892 85.5322675808436,27.9677779042218 85.5322025539659,27.9678591936226 85.532152114939,27.9679122598477 85.5320947872887,27.9679494865577 85.5320228716095,27.9680149363684 85.531972219029,27.9680837662358 85.531949675465,27.9681749684289 85.5319588346346,27.9682854281127 85.5319403541563,27.9683388352774 85.5319356934868,27.9684207686996 85.53193817747,27.9684996251651 85.531947976842,27.9685627937028 85.5319469098367,27.9686416122734 85.5319460562293,27.9687046671292 85.531945117258,27.9687740274698 85.5319301023175,27.9688337780053 85.5319116217187,27.9688871851579 85.5318821039396,27.9689688533036 85.5318708533569,27.9690128780117 85.5318628976723,27.9690758570695 85.5318728677695,27.9691264146378 85.5318896411205,27.9691991171944 85.5319844088105,27.9692821116539 85.5320303159545,27.9693015207165 85.5321713876114,27.9693054355404 85.5322149261976,27.9693066437333 85.5322826088978,27.9692915998645 85.5323146107266,27.9692887880895 85.5324314103008,27.9693184129304 85.5324454863743,27.969328022687 85.5324974716919,27.9694231731979 85.5325285775949,27.9694865689826 85.5325419710655,27.9695466226221 85.5325906615158,27.969622818763 85.5326326765924,27.9696674117013 85.5327452857527,27.9697442895667 85.5328621286027,27.9697707613195 85.532975505784,27.9697908896192 85.5331170354081,27.9698302372122 85.5332091917762,27.9698438326441 85.5333371143998,27.9698388901468 85.5334435602388,27.9698463313705 85.5335675054739,27.9698728782472 85.5337340632514,27.9698998792093 85.5338050840479,27.9699006361717 85.5339220126172,27.9699208015497 85.5340528896724,27.9699600346652 85.5341552732409,27.9700052704467 85.5342047321531,27.9700247166461 85.5342470463771,27.970047239902 85.5342506785674,27.9700507004603 85.5342647163732,27.9700537345717 85.5343354816069,27.9700734077372 85.5343884490201,27.970096044452 85.5344982332259,27.9701192864324 85.5345651492527,27.9701609908737 85.5346566670636,27.9702218765411 85.5347376170211,27.9702763431885 85.5347868631655,27.9703115529167 85.5348714069121,27.970362904566 85.5349458939125,27.9703700042638 85.5350058785332,27.9703990218794 85.535041005773,27.9704277747605 85.5350689457256,27.9704627574956 85.5351039026352,27.9705041213474 85.5351106640251,27.9705294189474 85.5351381781154,27.970595929134 85.5351837882914,27.9706374064081 85.5352292707366,27.9706883419076 85.5352887019813,27.9707583451133 85.535312622575,27.9708279702057 85.5353384146543,27.9709119146153 85.5353394554859,27.9709449243016 85.5353600379957,27.9709987478449 85.5353807482794,27.9710431131459 85.5353976945759,27.9711032043694 85.53540077723,27.971137922389 85.5354249960551,27.9711854782382 85.5354457063977,27.9712298435306 85.535473306019,27.9712900481649 85.5355012463242,27.9713250308217 85.5355325248328,27.9713758150109 85.5355670989821,27.9714455534772 85.53558049434,27.9715056068773 85.5356004809533,27.9716035688417 85.5356283362194,27.9716448569689 85.535663421442,27.9716767624542 85.5356913619041,27.9717117450765 85.5357192860416,27.9717350238564 85.5357335067975,27.9717468788933 85.5357757794422,27.9717725544577 85.5358493308937,27.9718490141343 85.5358702969592,27.9718744628888 85.5359441465357,27.9719288532903 85.5359969874971,27.9719609476678 85.5360298215688,27.9719804610087 85.5360336719936,27.9719818378148 85.536073281993,27.9719947255971 85.536128031234,27.9720129687444 85.5361629895027,27.9720237292918 85.536256122781,27.972059002504 85.5363187532679,27.9721001842202 85.5363454518206,27.9721160511043 85.5363629427031,27.9721296876298 85.5363697824362,27.972133970496 85.5363941691437,27.9721477350656 85.5364057705136,27.9721551304771 85.5364196697264,27.972165666897 85.5364289452169,27.9721719987065 85.5364393766399,27.9721793816676 85.5364486521327,27.9721857134758 85.5364579136063,27.972193083988 85.5364671750812,27.9722004544996 85.5364904058841,27.9722131679011 85.5365171745897,27.9722238412308 85.5365288040157,27.9722291592234 85.5365341760159,27.9722318353342 85.5365404474626,27.9722334385106 85.5365870352786,27.9722495169449 85.5366660032952,27.9722939888741 85.5367218246243,27.9723195151721 85.5367425271201,27.9723277427881 85.5367449515132,27.9723299474086 85.5367748595156,27.9723507613487 85.5368047888025,27.9723699989088 85.5368454352957,27.9723846206565 85.5368862094307,27.9723897841483 85.5369204126187,27.9723854841485 85.5369324591574,27.9723839696643 85.5369644618344,27.9723811568385 85.5369929771945,27.9723735771148 85.5370285522632,27.9723692256677 85.537092366186,27.972377787331 85.5371057012041,27.9723838851911 85.537110015475,27.972385858028 85.5371488651881,27.9724020371794 85.5371665144855,27.9724101078694 85.5371840787159,27.9724244840542 85.5372241193976,27.9724531654813 85.5372563664461,27.9724630911617 85.5373058058028,27.972484112677 85.537340849269,27.9725191705082 85.537377668324,27.9725542472103 85.537421547142,27.9725925521666 85.5374442680271,27.9726195959509 85.5374688708087,27.9726387767378 85.5375075080397,27.9726707195369 85.5375319194807,27.9727040876831 85.5375474318272,27.9727389378147 85.5375753306489,27.9727770728313 85.537583932094,27.9727976600823 85.5375993806841,27.972837239332 85.5376132875907,27.9728594595851 85.5376165198105,27.9728831429543 85.5376143565883,27.972891609344 85.5376153411802,27.9728952927706 85.537616349718,27.9728957539498 85.5376321172529,27.9729116875797 85.5376494902759,27.9729402510795 85.5376634184661,27.9729608949536 85.5376754860449,27.9729878254488 85.5376925189218,27.9730416109349 85.5376975479979,27.9730637368033 85.5377007377192,27.9730905729196 85.5376968889206,27.9731126044112 85.537691285805,27.9731330406526 85.5376839071108,27.9731534580182 85.5376766134574,27.9731675698855 85.5376550726657,27.9731846834942 85.5376264720824,27.9731985688454 85.5375766921404,27.9732027694223 85.5375393837607,27.9732039493751 85.5374863716162,27.9731844665498 85.5374510089333,27.9731730543629 85.5374403554748,27.973172941091 85.5374117336046,27.9731884027709 85.5373865778194,27.9732102077002 85.5373650582408,27.9732257448872 85.5373452291702,27.9732476064471 85.537332096085,27.9732555618752 85.5373273245322,27.9732584522651 85.5373075592472,27.9732755846967 85.5372769278179,27.9733083675812 85.537251708176,27.9733349016056 85.5372336759091,27.9733552056548 85.5372210129096,27.9733724135982 85.5372062340386,27.973414824643 85.5372026813074,27.9734296685669 85.5371972701116,27.9734408202822 85.5371947690184,27.9734527405025 85.5371916969555,27.9734636157972 85.537191041902,27.9734688030997 85.5371912667554,27.9734772169504 85.5371914306879,27.9734833511861 85.5371907476061,27.9734906158979 85.5371888455081,27.9735015036343 85.5371869924592,27.9735087559042 85.5371874863506,27.9735155137055 85.5371873952587,27.9735222652859 85.5371867752399,27.9735248558266 85.5371830411122,27.9735414377756 85.5371805890644,27.9735497225291 85.5371781019805,27.9735606040441 85.537173859945,27.9735714668961 85.5371713938813,27.973580790354 85.537169554844,27.9735870039189 85.5371656761123,27.9735940177221 85.5371664796942,27.9735972874997 85.5371606850306,27.9736319110789 85.5371585691448,27.9736571141793 85.5371511903112,27.9736775315096 85.5371437689364,27.9737011015872 85.5371345719729,27.9737246527812 85.5371200057094,27.9737513000725 85.5371161993029,27.9737701787927 85.5371159227977,27.9737906716531 85.5371065556614,27.9738268338353 85.5371007396931,27.9738630337835 85.5370993479311,27.9738853025746 85.5370984748964,27.9738992714984 85.5370994773274,27.9739025338051 85.53710527947,27.9739214162663 85.53710673601,27.9739450807573 85.5371027381629,27.9739781468406 85.5371076608021,27.9740081545939 85.5371126897932,27.9740302804778 85.5371225350829,27.9740902959834 85.5371413008819,27.9741472531567 85.5371534109856,27.9741710309456 85.537166956379,27.9742200495975 85.5371753026165,27.9742595533571 85.5372085071845,27.974299321472 85.5372256463444,27.974345225136 85.5372358107438,27.9743815950269 85.5372598609009,27.9744417615798 85.5372699827834,27.9744812842161 85.5372869943879,27.9745366461163 85.5373306825363,27.9745891384846 85.5373601871901,27.9746399034219 85.5373653863905,27.9746494183069 85.5374228115803,27.9747367419178 85.5374560589109,27.9747733572315 85.5374749525805,27.9748208561215 85.5375028306118,27.9748605675349 85.5375412984983,27.9749051213362 85.5375601922261,27.9749526202159 85.5375898459273,27.9749923504917 85.5376197335474,27.9750147406482 85.5376319076356,27.9750337892778 85.5376457935461,27.9750575859057 85.5376562132986,27.9750750392822 85.5376702267959,27.9750893776641 85.5377038570364,27.9750976181916 85.5377393691994,27.9750979957171 85.5377784751019,27.9750952582364 85.5378226739615,27.9751099174844 85.5378367725273,27.9751179503539 85.5379017684849,27.9751706690518 85.5379404704928,27.9751978826344 85.5380022554563,27.9752253415543 85.5380497930496,27.9752558022195 85.5381055285164,27.9753368012018 85.5381210201301,27.9753732276513 85.5381608602023,27.9754477512742 85.5381794567089,27.9755173193183 85.5381822214788,27.9755756829059 85.5381691332303,27.9756244184113 85.5381594686679,27.9756826499017 85.5381410110246,27.975734481538 85.5381262533991,27.9757753162948 85.5381198449159,27.9757978308628 85.53812265172,27.9758633958499 85.5381140275656,27.9758955086527 85.5380982293709,27.9759389725963 85.5380753551715,27.9759865167445 85.5380630249078,27.9760331341024 85.5380302023935,27.9761242043535 85.5380198352772,27.9761524635746 85.5380249278104,27.9761778489506 85.5380228333054,27.976201475687 85.5380206537646,27.9762314079192 85.5380343698352,27.9762678155044 85.5380445559165,27.9763026089689 85.5380435992875,27.9763735457964 85.5380341896757,27.9764128607798 85.5380287963848,27.9764423687078 85.5380284376114,27.9764443316388 85.5380262793228,27.976472687496 85.5380152428758,27.9765009489865 85.5380148814728,27.9765277473426 85.5380233982305,27.9765546400652 85.5380336481072,27.9765847044083 85.5380400916179,27.9766336474911 85.5380502989885,27.9766668645808 85.5380694483133,27.9766954469124 85.5380780076124,27.9767191868842 85.5380899481209,27.9767555755918 85.5381000067105,27.9767998272954 85.5380979547193,27.9768203012834 85.5380990713558,27.9768691877458 85.538117540475,27.9769482140353 85.5381172216064,27.9769718596431 85.5381112994641,27.9770159414936 85.5381090631973,27.9770309632782 85.5381054410907,27.977055294222 85.5380879480338,27.9771044163668 85.5380869831566,27.9771071258312 85.5380632833127,27.9771525953224 85.538046643501,27.9772012930498 85.5380175529084,27.977251435032 85.5379831566149,27.9772999440103 85.5379648686596,27.9773391646082 85.5379374473311,27.9773972073124 85.5379174900011,27.9774285271592 85.5379066235082,27.9774441776437 85.5378866661602,27.9774754974852 85.5378470491015,27.9775160679283 85.5378197552385,27.9775646523624 85.5377904730683,27.9776289816476 85.5377724401459,27.9776492857319 85.5377396278848,27.9777120008757 85.5377230728891,27.9777543930577 85.537711929895,27.9777905363777 85.5377059224693,27.9778409236913 85.537717756634,27.9778851942922 85.5377224669249,27.9779309657536 85.5377308561162,27.9779673167306 85.5377385259417,27.9779787646761 85.5377500055679,27.977995899107 85.5377564064749,27.9780479949384 85.537766741454,27.9780717538042 85.5377895273022,27.9780940684372 85.5378229458424,27.9781180727016 85.5378474223183,27.9781467116961 85.5378560667186,27.9781641461859 85.5378749398234,27.9782132214007 85.5378763327568,27.9782416149981 85.5378779595788,27.978252668488 85.5378830526713,27.9782700652238 85.5378824573208,27.9783142036786 85.5378785445346,27.9783409642736 85.537887146429,27.9783615515084 85.537899257126,27.9783853292416 85.537906083365,27.9784058975993 85.5379164821942,27.9784249273351 85.5379266471448,27.9784612971773 85.5379263282142,27.978484942778 85.53792740223,27.9785369819748 85.5379268494152,27.978577967682 85.5379172269085,27.9786330463697 85.5379143742348,27.9786389251052 85.5379140919959,27.9786598500465 85.5379111775301,27.9787024120443 85.5379071770998,27.9787387293785 85.5379020206527,27.9787739955701 85.5378953719362,27.9788331395199 85.5378820253053,27.9788683186436 85.5378731205833,27.9789212054895 85.5378739123181,27.9789492629404 85.5378934828574,27.979000433371 85.5378923788757,27.9790269320506 85.537880959364,27.9790835682267 85.5378662649157,27.9791196737959 85.5378515491934,27.9791573557361 85.5378171521816,27.9792058646341 85.537775758758,27.9792464161443 85.5377273476589,27.9792805866334 85.5376914513347,27.9793085837675 85.5376018380489,27.9793691183207 85.5375447398644,27.979389006982 85.5374929686957,27.9794089522645 85.5374589330275,27.9794306627241 85.5374374334507,27.9794446234896 85.5373890434299,27.9794772174785 85.5373480751713,27.9794862413936 85.537299982915,27.9794967661314 85.5372550803735,27.9795341269573 85.5372109003336,27.9795641906911 85.5372048933052,27.979568278365 85.5372047918877,27.9795683051284 85.5371532070899,27.9795819180231 85.537105072225,27.9795955954353 85.5370370431603,27.9796358633971 85.5369656541746,27.9796619061935 85.5369189544913,27.9797008243853 85.5368422171079,27.9797283868185 85.5367567927906,27.9797416673992 85.5366997368304,27.9797584029508 85.5365945671284,27.9797872393333 85.5365768315708,27.9797854740229 85.5364918328651,27.9797672269944 85.5364583077216,27.9797511042642 85.5364157977474,27.9797427689066 85.5363661424765,27.9797375106938 85.5363093206196,27.9797369059897 85.5362774860487,27.9797271076018 85.5362350186759,27.9797156194454 85.5362102655603,27.9797074730074 85.5361694461533,27.979705461961 85.5361356868993,27.9797066792448 85.5361072334024,27.979709529592 85.5360609166289,27.9797200727877 85.5360233505153,27.9797401687035 85.535987602654,27.9797571307665 85.5359375002703,27.9797849762047 85.5358766798789,27.9798174373208 85.5358015262112,27.9798592054067 85.5357405566735,27.9799027010597 85.5357006397698,27.9799653400071 85.5356805961159,27.9800029649613 85.5356799785292,27.9800486797329 85.5356935451521,27.9800961221206 85.5357018273101,27.980140355048 85.5357225605986,27.9801831439405 85.535739699931,27.9802290477631 85.5357481737734,27.9802590933452 85.5357511714782,27.980300116812 85.53573418936,27.9803740361226 85.5357086268901,27.9804257917029 85.5356830430984,27.9804791236485 85.5356663164614,27.9805341264903 85.5356622965402,27.9805687688466 85.5356792868233,27.9806257072746 85.5356964900874,27.9806668819879 85.5357262510291,27.9806987308104 85.535736266342,27.9807461353823 85.5357466862829,27.9807635888987 85.5357658782478,27.9807890187964 85.5357816252977,27.9808065290254 85.5357973297624,27.9808271919953 85.5358077497206,27.9808446455076 85.5358145118054,27.9808699430669 85.535817552131,27.9809078137877 85.5358154357104,27.9809330168245 85.5358115009959,27.9809613536991 85.5358161892547,27.981008701552 85.5358561786568,27.9810721912029 85.5358968412111,27.981114866042 85.535910309868,27.9811405611852 85.5359327978258,27.9811849453251 85.5359341519479,27.981187739894 85.5359466201984,27.9812134712337 85.5359585178186,27.9812530128377 85.535975870329,27.9812831529207 85.5360125640115,27.9813276882693 85.5360354140132,27.981345274081 85.5360883020434,27.9813742158131 85.5361431148469,27.9813921418263 85.5361799789556,27.9814240661619 85.536195726162,27.9814415763479 85.5362221276404,27.9814591999301 85.536246625681,27.9814862628372 85.5362567051467,27.9815289382628 85.5362418820589,27.9815745018418 85.5362182868374,27.9816120890629 85.5362016028463,27.9816639392219 85.5361654498414,27.9817108523602 85.5361536799677,27.9817228502826 85.5361348368629,27.9817420584766 85.5361150059118,27.9817639197645 85.5361041174091,27.981781146442 85.5360380113494,27.9818103981333 85.536023401054,27.9818401979693 85.5360229964918,27.9818701490232 85.536026015609,27.9819095961092 85.5360238992059,27.9819347991466 85.5360147650967,27.9819536210891 85.5360037487992,27.9819803059841 85.5359995798569,27.9820259829436 85.5360076280255,27.982087555934 85.5360068614699,27.9821443052967 85.5360007464494,27.9822025743215 85.5359928556967,27.9822608244423 85.5359959173939,27.9822971187845 85.5359883673284,27.982330146966 85.5359627831771,27.9823834789375 85.5359373906503,27.9824226235633 85.5359190371295,27.9824665729132 85.5358650199618,27.982521178765 85.5358327161156,27.9825460604099 85.535776752759,27.9826132582854 85.5357265211823,27.9826505618086 85.5356938551951,27.982702241722 85.5356792020776,27.9827351942512 85.5356640803773,27.9828028269358 85.5356635053086,27.9828453889468 85.5356523184322,27.9828846847698 85.5356340073091,27.9829254813299 85.5356391002209,27.9829428781321 85.5356474464159,27.9829823819402 85.5356504654075,27.9830218290243 85.535642829979,27.9830611626604 85.5356066762439,27.9831080756157 85.5355670988035,27.9831454925181 85.5355667153936,27.9831738671895 85.535498087038,27.9832582726389 85.5354979943374,27.9832583529807 85.535440581678,27.9833081113632 85.5354010254092,27.9833439518413 85.5353701347877,27.9833956505703 85.5353160103457,27.9834581380232 85.5352764965905,27.9834908257204 85.5352257530884,27.9835659619216 85.5351570389845,27.9836566726577 85.5350888787719,27.9837063977295 85.5350476317268,27.9837359136978 85.5349833212457,27.9837636073639 85.5348874734833,27.9837594330738 85.5347811204334,27.9837441106104 85.5346782975976,27.9837304022776 85.5346038014804,27.9837233021006 85.5345148862373,27.9837318141981 85.5344489704259,27.9837468777284 85.5343795031027,27.9837619033769 85.5342637597249,27.9837843187621 85.5341671870658,27.9838337405336 85.53411126465,27.9838977849156 85.534042741327,27.9839743077227 85.5339690185984,27.9840413154846 85.5338992737966,27.9840768336806 85.5338137391181,27.9840979941268 85.5337532142414,27.984108385 85.5336642133241,27.9841232020086 85.5335677467549,27.9841647414898 85.5335175137114,27.9842020441417 85.5334386765698,27.9842532311013 85.5333937280411,27.9842937432536 85.5333549981131,27.9843059429774 85.5333151467878,27.9843260137115 85.5332687637876,27.9843412849809 85.5332206476903,27.9843533845565 85.5331707558267,27.9843654651742 85.5331332942481,27.9843776783625 85.5330584777576,27.9843942228646 85.5329998137704,27.9843983268647 85.5329483168262,27.9843977775088 85.5329378504968,27.9843986691428 85.532875297396,27.9844127644848 85.5327767770805,27.9844747772323 85.5327444932987,27.9844980817274 85.532613795722,27.9845755169956 85.5325616369908,27.9846238349056 85.5325039161195,27.9846894359945 85.5324730664262,27.9847379812596 85.5324526791548,27.9848008275309 85.5324396724318,27.9848432568155 85.5324087372712,27.9848981075343 85.5324132636976,27.9849014121736 85.5324030684078,27.9849232725694 85.5323812682149,27.9849593016192 85.5323523435942,27.984996831226 85.5323324685803,27.9850218446426 85.5322998215933,27.9850719472759 85.5322762455668,27.9851079573533 85.5322275525568,27.9851626184943 85.5321897916837,27.9851969005587 85.5321628348681,27.9852202617636 85.5321356645178,27.98525938664 85.5321098855685,27.9853269050836 85.5320971135226,27.9853519942807 85.5320753344905,27.9853864469049 85.5320553739241,27.9854177657455 85.5320265131261,27.9854505661696 85.5319886026045,27.9854958827442 85.5319258098507,27.9855425102709 85.5318791271595,27.9855798501863 85.5318468214971,27.9856047308146 85.5318287220277,27.9856297631062 85.5318047826403,27.9856925713352 85.5317953057402,27.9857366148256 85.5317875618943,27.985783830009 85.5317709818608,27.9858277976583 85.5317615262909,27.9858702647773 85.5317643516684,27.9859238991858 85.5317637536345,27.9859680374704 85.5317718636437,27.9860248814925 85.5317856854567,27.9860534077819 85.5317940731365,27.9860897590279 85.531793880914,27.9861039463335 85.5318232149309,27.9861673233356 85.5318424282021,27.9861911773958 85.5318550168007,27.9862125424209 85.5318667339102,27.9862324283702 85.5318819044202,27.986292500956 85.5318831676404,27.98633035273 85.5318785054981,27.9864122859119 85.5318816299343,27.9864438511748 85.5318989606908,27.9864755681062 85.53192872199,27.9865074177429 85.5319462663322,27.9865233709959 85.531974251867,27.9865552016657 85.5319914118224,27.9865995295251 85.5320106679146,27.98662023083 85.5320422477883,27.9866489466667 85.5320474683925,27.9866568853735 85.5320719451128,27.9866855253771 85.53207678134,27.9867218386953 85.5320763756042,27.9867517896749 85.5320865819291,27.9867850071269 85.532103955505,27.9868135713005 85.5321230194701,27.9868484598974 85.5321366492879,27.9868911734619 85.5321415923116,27.9869196049412 85.5321339125679,27.9869620910367 85.5321154712541,27.9870123452323 85.5320983145681,27.9870988748282 85.5320973109034,27.9871729640899 85.5320930118862,27.987228099031 85.5320952662734,27.987239529264 85.5320979976188,27.9872533777762 85.5321292360251,27.9873073154743 85.532133944164,27.9873530869925 85.5321226700592,27.987398687906 85.5320951147224,27.9874661873507 85.5320801821975,27.9875196321815 85.532074363605,27.9875558317558 85.5320807407586,27.9876095040664 85.5321117870567,27.9876776290737 85.5321238333406,27.9877061363774 85.5321374846049,27.9877472735736 85.5321562497706,27.9878042313082 85.5321806627032,27.9878376004002 85.5322050542968,27.9878725458555 85.5322258729253,27.9879090297639 85.5322431185857,27.9879470521267 85.5322479122003,27.9879865181711 85.5322402110489,27.9880305806321 85.5322238229909,27.9880603610118 85.5321897835283,27.9880820699974 85.5321397830563,27.9881020320004 85.5320934409782,27.9881141500633 85.5320488106389,27.9881310161687 85.5320037958629,27.9881762568646 85.5320103438576,27.9882173182382 85.5320593406684,27.9882714455341 85.5321210245337,27.9883067891077 85.5322319402845,27.988378919856 85.5322655527705,27.9883887382063 85.5323378917054,27.9884241954163 85.5324011594128,27.9884737451287 85.532430750578,27.9885182056118 85.5324589075517,27.9885374252613 85.5324865948311,27.9885913249842 85.5324983851042,27.9886387486655 85.5325100899869,27.9886924778146 85.5325131292417,27.9887303485314 85.53251449942,27.9887603184601 85.5325368165937,27.9888173140527 85.532545204697,27.9888536652564 85.5325375889861,27.9888914222622 85.5325188912845,27.9889605928988 85.5324774279996,27.9890058716428 85.5324306798851,27.9890479407791 85.532398181103,27.9890870087938 85.5323762732423,27.9891309196248 85.5323615968164,27.9891654480663 85.5323540023676,27.9892016286901 85.5323532550221,27.9892568015341 85.5323509240133,27.9892977681207 85.5323433081965,27.9893355251096 85.5323477175316,27.9894033657513 85.5323612623008,27.9894523847614 85.5323749565499,27.9894903692018 85.5323938288619,27.9895394450716 85.5323984944598,27.9895883693082 85.5324194202175,27.9896169713588 85.5324401538193,27.9896597607089 85.532453784064,27.9897024742432 85.532467307561,27.989753069611 85.532473428769,27.9898256583022 85.5324780303546,27.9898793116367 85.5324739235214,27.9899202592699 85.5324629054607,27.9899469437875 85.5324462395705,27.9899972169462 85.532450947906,27.9900429884458 85.5324504995127,27.9900760921496 85.532442734197,27.990124883707 85.5324386273367,27.9901658313369 85.5324435491958,27.9901958391677 85.5324538199648,27.9902243274925 85.5324693542396,27.9902576017776 85.5325045723655,27.9902800499778 85.5325451821182,27.9902978259266 85.5325680974031,27.9903106832422 85.5326065043238,27.9903599675591 85.5326270886803,27.990413791453 85.5326669299302,27.9904883165767 85.5326734142277,27.990534107021 85.5326961160881,27.9905627279863 85.5327241028371,27.9905945585333 85.532751833424,27.9906453054783 85.5327635172542,27.9907006109706 85.5327610796021,27.9907494593951 85.5327483710493,27.9907698195143 85.5327335664012,27.990813806185 85.5327451434935,27.9908769935123 85.5327642296698,27.9909103056684 85.5327974160288,27.9909516512545 85.5328090785603,27.9910085331097 85.532803174575,27.9910510381667 85.5327734157836,27.9911500460805 85.5327657145577,27.9911941085509 85.5327491126328,27.9912396526352 85.5327290016527,27.9912820060817 85.5327123142998,27.9913338556269 85.5326990292243,27.9913967776385 85.5326963566652,27.9914629660891 85.5326976414933,27.9914992414745 85.5327004673478,27.9915528758445 85.5327051758271,27.991598647332 85.5327007060355,27.9916663931961 85.5326933036334,27.9916883865237 85.5326945244095,27.9917293910079 85.5327241165232,27.9917738514458 85.5327557834274,27.9917962616953 85.5327945965548,27.9918155950057 85.5328330894748,27.9918585738062 85.5328682654899,27.9918841746643 85.5329048758475,27.9919350163307 85.5329149120651,27.9919808446591 85.5329355395399,27.9920315157786 85.5329791254298,27.9920918914218 85.5329941478044,27.9921629984572 85.5330300325607,27.9922674365637 85.5330406493922,27.9924015603689 85.5330565085305,27.9925420464804 85.5330830657468,27.9926794935381 85.5330955225901,27.9928089071824 85.5331374866712,27.9929890866511 85.5331399712317,27.993067942877 85.5331427759645,27.9931231536026 85.5331454312854,27.9931893988941 85.533130327588,27.9932554547185 85.5331206796508,27.9933121091815 85.5331057680272,27.9933639777018 85.5330961414106,27.9934190557947 85.5330712402323,27.9935528006305 85.5330655282792,27.9935811183839 85.5330739595459,27.9936143168188 85.533082561586,27.9936349043214 85.5330875691202,27.9936586066613 85.5330797824089,27.9937089745977 85.5330631161385,27.9937592477935 85.5330410794249,27.9938126168744 85.5330296768128,27.9938676760082 85.5330219754439,27.9939117384727 85.533001821327,27.9939572446611 85.5329943547633,27.9939839670932 85.5329702004813,27.99406253907 85.5329515873951,27.9941254042266 85.5329476299415,27.9941553172863 85.5329629940899,27.9942012024544 85.5329750198961,27.9942312860596 85.5330119939561,27.994255329486 85.5330471707669,27.9942809303208 85.5330520929279,27.994310938126 85.5330375653641,27.994334432032 85.5330211337881,27.994367365185 85.5330172830802,27.9943893964149 85.5330238317237,27.9944304577331 85.5330514993077,27.9944859337316 85.5330634611253,27.9945207464288 85.5330751454387,27.9945760518864 85.5331011011987,27.994626779829 85.5331149670499,27.9946521532727 85.5331410082303,27.9946965757435 85.5331602232232,27.9947204296593 85.5331918056728,27.9947491453004 85.5332147006108,27.9947635789051 85.5332446779184,27.9947796646576 85.5332782284339,27.9947942119293 85.5332913199176,27.994801670361 85.533292329132,27.9948022453269 85.5333168079292,27.9948308851583 85.5333376068215,27.9948689452939 85.5333496968286,27.9948942997711 85.5333733005968,27.9949875706149 85.5333742230958,27.9950260013007 85.5333744362354,27.9950348805507 85.5333720626961,27.9950789998639 85.5333698385567,27.9951120846124 85.5333711449384,27.9951467836167 85.5333882853228,27.9951926876879 85.533410838896,27.995232343125 85.5334316378923,27.9952704032484 85.5334469170146,27.9953225938344 85.5334589217247,27.9953542537686 85.5334761902271,27.995390699632 85.5335478512455,27.995476600087 85.5335651411366,27.9955114695741 85.5335735940204,27.9955430916144 85.5335909906317,27.9955700792667 85.5336008188542,27.9955796116206 85.5336172882951,27.9955955852606 85.5336384715452,27.9956052707607 85.5336577294816,27.9956259718812 85.5336716809399,27.9956450398092 85.5336802618989,27.9956672036454 85.5336885654528,27.9957098602447 85.5336916905562,27.9957414254554 85.5336948583392,27.9957698379331 85.5336907516337,27.9958107855777 85.5336683519858,27.9958909529682 85.5336178999386,27.9959440190537 85.5335872820334,27.99597522436 85.5335546320668,27.9960253271108 85.5335345417589,27.9960661042587 85.5334908732238,27.9961428915568 85.5334674657384,27.9961662907766 85.53344581285,27.9961912853027 85.5334317821965,27.9962050623661 85.5334188107558,27.9962177993565 85.5333759318087,27.9962362610657 85.533340135308,27.9962563749109 85.533300488057,27.9962985199777 85.5332699339958,27.9963249961065 85.5332518969735,27.9963452993943 85.5332582963671,27.9963973952598 85.5332544029229,27.996422579221 85.5332380777959,27.996447630551 85.5332164034503,27.9964742014017 85.5331946437057,27.9965070777121 85.5331711933813,27.9965336296067 85.53314431922,27.9965506854043 85.5331100210004,27.9965913108875 85.5330844104024,27.9966462184006 85.533051354355,27.9967262719601 85.5330133546747,27.9967778940747 85.5329663470516,27.9968388796158 85.5329517764023,27.9968655262222 85.5328791365654,27.9969829955697 85.5328465500106,27.9970283690246 85.532812251523,27.9970689944208 85.5327851422828,27.99710339016 85.5327635103982,27.9971268081968 85.5327487474709,27.9971676420661 85.5327430779064,27.9971928070504 85.5327334720267,27.997246308703 85.5327240156185,27.9972887757964 85.5327066865522,27.9973879162226 85.5327029424187,27.9974020656011 85.5326425201706,27.9975354311276 85.5326260025191,27.9975746696565 85.532616588747,27.9976139840074 85.5326071749675,27.9976532983572 85.5325996012249,27.9976879025666 85.5325990886625,27.9977257353314 85.5326057867844,27.9977557620957 85.532607092912,27.9977904610862 85.5326048898007,27.9978219694335 85.5326199766113,27.9978883473778 85.5326337786589,27.9979184499654 85.532656396538,27.9979533764267 85.5327370665143,27.9980299139008 85.5327648629077,27.9980759317668 85.5327856835248,27.9981124156196 85.5328133304805,27.9981694680336 85.5328729665154,27.9982252852383 85.5329064326108,27.9982461380934 85.5329772370864,27.9982642362042 85.5330213804719,27.9982836263779 85.5330726278123,27.9983030923407 85.5330890693862,27.9983071209333 85.5331157417517,27.9983251022555 85.5331529922453,27.9983400436084 85.5333250614127,27.9984249874005 85.5333874663732,27.9984838287203 85.5334245975448,27.9985311619352 85.5334408231776,27.9985410152149 85.5334558533908,27.9985546805941 85.5334733084656,27.9985621387442 85.5334802314254,27.9985694845401 85.533506978066,27.9985822360505 85.5335336262653,27.9986022584501 85.5335614447104,27.9986222933278 85.5335927176204,27.9986465204451 85.5336182799945,27.9986602981513 85.5336379771297,27.9986750521409 85.53365534786,27.9986887424643 85.5336587460672,27.9986970895045 85.533663300449,27.998706487726 85.5336701109291,27.9987221431069 85.5336793040733,27.9987347073537 85.5336827163464,27.9987420156942 85.5336895971441,27.9987524775781 85.5337010323308,27.998772337682 85.5337044586689,27.9987786073228 85.5337229715371,27.9987943875186 85.5337367893967,27.9988111564854 85.5337575443178,27.9988342325347 85.5337793710538,27.9988645919571 85.5337861815597,27.9988802473328 85.5337877780708,27.9988840249433 85.5337909817732,27.9989035547943 85.5337940429325,27.9989398490904 85.5337881600902,27.9989807777748 85.5337965065592,27.9990202816274 85.5337976209998,27.9990691679072 85.5337880794488,27.9991179405356 85.5337803138876,27.9991667321047 85.533786863024,27.999207793381 85.5338007295742,27.9992331667674 85.5338269214356,27.9992665545722 85.5338365255039,27.9992973850318 85.5338456465252,27.9993266648246 85.5338441006494,27.9993561611859 85.5338432516591,27.9993723604888 85.5338408994706,27.9994149034211 85.5338403232836,27.9994574652946 85.5338468297747,27.9995016792992 85.5338587069674,27.999542797396 85.5338829308534,27.9995903535419 85.5339161841712,27.9996269698274 85.533963816282,27.9996511267003 85.5339974323951,27.9996609447501 85.5340502218647,27.999697769339 85.5340744245307,27.9997469018204 85.5340951818823,27.9997881145924 85.5341068885026,27.9998418435971 85.534132845899,27.9998925713735 85.534157155323,27.9999338220131 85.5341742326978,27.999984455094 85.5341754326418,28.0000270359078 85.5341872033298,28.000076035809 85.5342061847669,28.000117229629 85.5342130328026,28.0001362217668 85.5342493477225,28.0002091322668 85.5342487716768,28.0002516941431 85.5342501209935,28.0002832403954 85.534253224994,28.00031638195 85.5342562649909,28.0003542526018 85.5342612090191,28.0003826839954 85.5342782865039,28.0004333170647 85.5342973533706,28.0004682054107 85.534319844287,28.0005125898208 85.5343509593282,28.000575985295 85.5343876798102,28.0006189448131 85.534438437855,28.0006746667252 85.5344466468983,28.0006830096328 85.5344557714527,28.0007063833855 85.5344695316766,28.0007396385414 85.534483664884,28.000766817925 85.5344868439611,28.000772931564 85.5344935214269,28.0008045346161 85.5345000069088,28.0008503249604 85.5345066203865,28.0008866571094 85.5345081830961,28.0009024397013 85.5345199113487,28.0009545923089 85.5345299702395,28.0009988441529 85.5345257568965,28.0010476736258 85.5345074419561,28.0010884697992 85.5344872229749,28.0011387052298 85.5344778521655,28.0011748669709 85.5344777805645,28.0011752585294 85.534466342659,28.0012378079936 85.5344746681792,28.0012788881742 85.5344809150328,28.0013036193599 85.5344898418558,28.0013389604798 85.5344998794299,28.0013847886903 85.534509298374,28.0014763315052 85.5345106904296,28.0015047250216 85.5345135812036,28.0015536302257 85.5345237254647,28.0015915766058 85.5345251388563,28.0016183937561 85.5345193200917,28.0016545933644 85.5345118532764,28.001681315844 85.5345025677501,28.00171117212 85.5344842526768,28.0017519682819 85.5344518145793,28.0017863074991 85.5344301820581,28.001809725761 85.5344058309934,28.0018447864041 85.5343921384473,28.0018645009083 85.5343756206839,28.0019037396226 85.5343466279201,28.0019459985106 85.534306680156,28.0020102128859 85.5342797834257,28.0020288452131 85.5342616175658,28.0020586067806 85.5342450357125,28.0021025745714 85.5342321979751,28.0021323929474 85.5342191041838,28.0021811277057 85.5342239629138,28.0022158645574 85.5342501982606,28.0022460995691 85.5342888873135,28.0022748907732 85.5343202161519,28.0023225226036 85.5343358805812,28.0023463385164 85.53437418566,28.0024035042751 85.5343858499703,28.002460385983 85.534389018048,28.0024887984322 85.5343938555069,28.0025251116443 85.5343987996432,28.0025535430294 85.5343928100908,28.0026023535468 85.5343870338839,28.0026354004101 85.5343724413929,28.0026636234944 85.5343506806562,28.0026964999253 85.534332344006,28.0027388724181 85.5343156980545,28.0027875693061 85.5343026468802,28.0028331513358 85.5342701443753,28.002872219586 85.534232399014,28.0029049255514 85.534190973477,28.002947051818 85.5340975299469,28.0030264615726 85.5340632512455,28.0030655108275 85.5340360981163,28.0031030594725 85.5340037021386,28.0031342458268 85.5339568628604,28.0031826206494 85.5339315710993,28.0032138827534 85.533909639372,28.0032593700216 85.5338894623498,28.0033064525934 85.5338812028588,28.0033159861278 85.5338732216246,28.0033251984815 85.5338444630434,28.0033501172206 85.533824520759,28.003379859768 85.5338133734312,28.0034160024925 85.5338040021652,28.0034521641601 85.5337962148617,28.0035025320536 85.5337886623416,28.0035355599342 85.5337828431983,28.0035717594883 85.5337752906683,28.0036047873675 85.5337728550837,28.0036382036559 85.5337709274127,28.0036646513353 85.5337687030922,28.0036977360482 85.5337612999641,28.0037197293731 85.5337536406881,28.003760639073 85.5337509040672,28.0038315565357 85.5337484876245,28.0038788285286 85.5337610953291,28.0039972074355 85.5337569454956,28.0040413077529 85.5337489873485,28.0041042865535 85.5337411145743,28.0041609598946 85.5337352313334,28.0042018885352 85.5337274652736,28.0042506800517 85.5337216674064,28.0042853032328 85.53372802462,28.0043405517735 85.5337403420759,28.0043839538286 85.5337432836103,28.0043943186783 85.5337656896501,28.0044450086348 85.533775961943,28.0044734968681 85.5337762651722,28.004582284962 85.5337795611993,28.0046012392264 85.5337860465278,28.0046470295771 85.5337924464782,28.0046991253851 85.5337953582887,28.0047464542089 85.533801459408,28.0048206191181 85.5338113048302,28.0048806346373 85.5337944875047,28.0049419423412 85.5337760861792,28.0049890438169 85.5337681279471,28.005052022608 85.5337551616121,28.0050912990948 85.5337224020335,28.0051492835414 85.5337039579427,28.0051995377321 85.5336819402879,28.0052513303893 85.5336796091451,28.0052922969122 85.5336702376422,28.0053284585533 85.533676722953,28.0053742489043 85.5336707969036,28.0054183302601 85.5336506833769,28.0054606836708 85.5336455554696,28.0054707550738 85.5336435691554,28.0054795710493 85.5336374643983,28.0054982051914 85.5336302033958,28.0055157881498 85.5336240986342,28.0055344222911 85.5336179516685,28.0055561725264 85.5336157255297,28.0055621332167 85.5336224406737,28.0055786267641 85.5336219069495,28.005618035867 85.533616023558,28.0056589644893 85.5336081505623,28.0057156378035 85.5336078089736,28.0057408596287 85.5336076595284,28.0057518941772 85.5336071471443,28.0057897269148 85.5336022506185,28.0058139992358 85.53360316794,28.0058212162991 85.5336025488054,28.0058669308565 85.5336162025961,28.0059080679088 85.5336192851311,28.0059427858143 85.5336189435417,28.0059680076388 85.5336185592532,28.0059963821913 85.5336217058381,28.0060263710043 85.5336265431394,28.0060626842216 85.533625598128,28.0060680903785 85.5336278382855,28.0060793380735 85.5336306093345,28.006090794966 85.5336327037871,28.0061089971534 85.5336313013568,28.0061261231865 85.5336300184998,28.0061344202858 85.533631937109,28.0061656061992 85.5336374792119,28.006188519984 85.5336413010087,28.0062088182954 85.5336446009511,28.0062244362226 85.5336454899208,28.0062452226696 85.5336482047055,28.006260834354 85.5336497843407,28.006273836808 85.5336520124388,28.0062821713631 85.5336535147041,28.0063008866564 85.5336498068035,28.0063153909735 85.5336460707669,28.0063319726866 85.5336443940178,28.0063693533314 85.5336452548523,28.0063922171741 85.533647342277,28.0064109387098 85.5336434655605,28.006437907403 85.5336453701072,28.0064701320132 85.5336509595565,28.006499411879 85.5336518522341,28.0065548508479 85.5336635378535,28.0066101562225 85.5336736181547,28.0066528317367 85.533674480576,28.0066541912629 85.5336927498682,28.0066829910785 85.5337096998437,28.0067430823846 85.5337108995518,28.0067856631579 85.5337085470101,28.0068282060355 85.5337097680659,28.0068692104444 85.5337109677731,28.0069117912169 85.5337296939158,28.0069719014682 85.5337329686387,28.0069924320936 85.533742080787,28.007143996146 85.5337325245045,28.0071563928822 85.5337316313328,28.0071643936375 85.5336998923315,28.0072049190996 85.5336727379723,28.0072424676069 85.5336702145988,28.0072976213903 85.5336766786377,28.0073449880969 85.5336705816429,28.0074016803462 85.5336804058081,28.0074632722229 85.5336813066014,28.007527922084 85.5336664356579,28.00757663777 85.5336642752182,28.0076049933677 85.5336653895009,28.0076538795905 85.5336893800953,28.0077187757823 85.5337067358474,28.0077489161763 85.5337185069929,28.0077979160881 85.5337179519042,28.0078389015436 85.5337157701197,28.0078688335051 85.5337365500903,28.0079084699743 85.5337504389941,28.0079322670129 85.5337643492529,28.0079544876865 85.5337804898842,28.0079830807135 85.533779928917,28.0079846091247 85.5337597295105,28.0080332679743 85.5337432318219,28.0080709301705 85.533737113453,28.0081291987804 85.5337293256774,28.008179566623 85.5337199965944,28.0082125755167 85.5336998611645,28.0082565052626 85.5336871078696,28.0082800180743 85.5336797257176,28.0083004350046 85.533668769913,28.0083223903996 85.5336561447087,28.0083364450266 85.5336325636838,28.0083724550438 85.5335930186376,28.008406718142 85.5335713845451,28.0084301361897 85.5335548653725,28.0084693747198 85.5335508219592,28.0085055931766 85.533550544375,28.0085260859008 85.5335466504264,28.0085512698133 85.5335356305088,28.0085779542851 85.5335210369244,28.0086061772166 85.53351885506,28.008636109169 85.5335113233757,28.0086675606304 85.5335003461434,28.0086910923714 85.5334872510905,28.0087398269725 85.5334866104771,28.0087871178713 85.5334930744929,28.008834484577 85.533490785844,28.0088722983439 85.5334938683772,28.0089070162394 85.5334862512474,28.0089447731502 85.5334782497376,28.0090109045986 85.5334670375622,28.0090517763296 85.533450496892,28.009092591202 85.5334287131409,28.0091270437608 85.5333996752358,28.009172455045 85.5333922716057,28.0091944483161 85.5333914600938,28.0092543501147 85.533403359359,28.0092938918653 85.5333957635197,28.0093300724038 85.5333901360426,28.0093520846271 85.5333825615497,28.0093866888011 85.5333944608239,28.0094262305522 85.5334065523063,28.0094515850346 85.5334094639755,28.0094989138333 85.5334305003794,28.0095196339905 85.5334392103826,28.0095323396597 85.5334511951112,28.0095655759541 85.5334683161641,28.009613056373 85.5334963291575,28.0096433105097 85.5335174083137,28.0096608779286 85.5335261610459,28.0096704308667 85.5336650693595,28.0097759679607 85.5337038035472,28.0098016066687 85.5337355611635,28.0098177113904 85.5337603421968,28.0098242821301 85.5337682424981,28.0098295960811 85.5337743807855,28.0098370446266 85.5338078078474,28.0098610500972 85.5338572845494,28.0098804970005 85.5338925732147,28.009898215946 85.5339065904802,28.0099125547931 85.5339489838685,28.0099303495129 85.5339842512183,28.0099496447993 85.5340107230863,28.0099625398951 85.5340371309202,28.0099801640762 85.5340740037091,28.0100120891934 85.5340859246427,28.0100500545299 85.5340926024326,28.0100816575775 85.5341135536967,28.0101086830913 85.5341432151053,28.0101484142308 85.5341517117877,28.0101768834933 85.534184904245,28.0102182288762 85.5342092585083,28.0102563268083 85.5342530654169,28.0103009385629 85.534289853003,28.0103391690814 85.5343426476107,28.0103759937035 85.53441001454,28.0103861716536 85.5344653323327,28.0103678424455 85.5344941354006,28.010339770939 85.5345443806852,28.0103024685142 85.5345964874733,28.0102588795529 85.5346398840196,28.0102025849711 85.5346867261926,28.0101542100669 85.5347441400538,28.0101122542189 85.5347848893354,28.010079227923 85.5348069250795,28.0100672024238 85.5348605944779,28.0100393959278 85.5349265690927,28.010021180132 85.5349817159533,28.0100154616171 85.5350315129421,28.0100112626464 85.5351060910974,28.010013634159 85.5351538346062,28.0100299089464 85.5352069279966,28.0100446641446 85.535252938015,28.0100577672397 85.5353054982219,28.0101119315075 85.5353388190831,28.0101438184423 85.5353805729924,28.0102089036611 85.5354281886708,28.0102346365435 85.535491470127,28.0102841852177 85.5355228016567,28.010331816828 85.5355629288367,28.0103858485195 85.5356068856448,28.0104194253139 85.5356437377365,28.0104529263955 85.535668369781,28.0104705313515 85.5357001065798,28.0104882120004 85.5357282483701,28.0105090075237 85.5357351354203,28.0105148771953 85.5357563475265,28.0105329557705 85.5357667701067,28.0105504093208 85.5357875086671,28.0105931982419 85.5357942083056,28.0106232248599 85.5358063218023,28.0106470027887 85.5358149895328,28.0106628610483 85.5358219023975,28.0106771240202 85.53583037824,28.0107071695595 85.5358371845026,28.0107293143532 85.5358422145769,28.010751440224 85.5358596353505,28.0107768512808 85.5358753652237,28.0107959379553 85.5358891696656,28.0108260402579 85.5359031020378,28.0108466843721 85.5359152582222,28.0108673095633 85.5359253610553,28.0109084085709 85.5359229239337,28.0109572569494 85.5359098083169,28.0110075681612 85.5358878756691,28.0110530556669 85.5358783550581,28.0111002519894 85.535870674599,28.0111427381398 85.5358452747951,28.0111818823336 85.5358198536503,28.0112226028862 85.5358142478667,28.0112430388535 85.5357862828823,28.0113404895915 85.5357892808963,28.0113815129112 85.5357762078028,28.0114286713743 85.535748754488,28.0114882893566 85.535710388031,28.0115667101542 85.5356740536158,28.0116262334933 85.535654003563,28.0116638580538 85.5356427492278,28.0117078826961 85.5356137328101,28.0117517180766 85.5355837676778,28.0117848710305 85.5355794303968,28.011792343942 85.5355592309936,28.0118410030337 85.5355550601093,28.0118866797372 85.5355529213492,28.0119134589988 85.5355380292142,28.0119637512304 85.5355019931456,28.0120012054163 85.5354605644326,28.0120433318987 85.5354372177381,28.0120620021959 85.5354175514323,28.0120712521631 85.5353942473825,28.0120867697246 85.5353671776064,28.0121180130615 85.5353382676114,28.0121539665537 85.5353130593371,28.0121789233531 85.5352967107925,28.0122055511639 85.5352408162233,28.0122664424926 85.5352301098646,28.0122739750349 85.5352121194639,28.0122866323175 85.5351546192497,28.012334893766 85.5351148811562,28.0123833445191 85.535070198385,28.0124033639141 85.5350092949539,28.0124405528843 85.5349624092098,28.0124920805779 85.5349298185227,28.012537454284 85.5349010576242,28.0125623731285 85.5348454186957,28.0126043479173 85.5348185833461,28.012618251136 85.5347810479869,28.0126351934515 85.5347685290851,28.012641366342 85.5347433845825,28.012661593936 85.5347127620289,28.0126927992528 85.5346877028633,28.0127067213826 85.5346499540499,28.0127394272923 85.5346245320719,28.0127801475839 85.5346045454519,28.0128130428737 85.5345719758573,28.0128568401205 85.5345498928511,28.012913361907 85.5345422970798,28.0129495424954 85.5345309781107,28.0129982961057 85.5345234463534,28.0130297476029 85.5345172212809,28.0130958980273 85.5345146126861,28.013157357244 85.5345104199421,28.0132046102517 85.5345150443197,28.0132566870544 85.5345340279542,28.0132978808449 85.5345513634244,28.0133295975144 85.5345882374654,28.0133615225275 85.5345966269959,28.013369149124 85.534600799495,28.0133865822933 85.5346140675357,28.0134077757429 85.5346475409896,28.013442561003 85.5346614947726,28.0134616288763 85.5346701838783,28.013475910841 85.534682382775,28.0134933834098 85.5346907731186,28.0135297344561 85.5346867938353,28.0135612238387 85.5346737412982,28.0136068057913 85.5346710658044,28.0136163797218 85.5346662735541,28.0136335282046 85.5346660814852,28.0136477154717 85.5346657400291,28.0136729372797 85.5346739383096,28.0137234755934 85.5346928367161,28.0137709748167 85.5347013124428,28.0138010204099 85.5347124175898,28.0138191263847 85.5347256462977,28.0138406946317 85.5347447368059,28.0138740065816 85.5347582638608,28.0139246017069 85.5347578584023,28.013954552604 85.5347613325296,28.0139818818076 85.5347626749734,28.0139924421316 85.5347656774026,28.0139983356542 85.5347747885806,28.0140162201457 85.5347974956395,28.014044840877 85.5348095025635,28.0140765007035 85.5348390585578,28.0141241135365 85.5348559247886,28.0141905101586 85.5348550925773,28.014251988316 85.5348221385125,28.0143241601341 85.5348188408669,28.0143265930665 85.5347736889742,28.0143599051481 85.5347144752,28.014403418322 85.534685585689,28.0144377952712 85.5346583443594,28.0144816493305 85.5346488015007,28.0145304218762 85.5346430459019,28.0145618923108 85.5346392687881,28.0145825447832 85.5346409068321,28.0145886715376 85.534638618365,28.0146264853035 85.5346310224754,28.0146626658846 85.5346286699746,28.0147052087381 85.5346278376161,28.0147666868846 85.5346219539393,28.0148076154929 85.5346105920854,28.0148595218164 85.5346012412514,28.0148941070899 85.5345776376559,28.0149316935565 85.5345575083317,28.0149549253835 85.5345505669005,28.0149629366841 85.5345198795772,28.0149988710088 85.5344892989574,28.0150269235129 85.5344620573903,28.0150707775211 85.5344600083336,28.0151088590169 85.5344596834613,28.0151148967289 85.5344627236975,28.0151527673156 85.5344459902435,28.0152077695142 85.5343883173162,28.0152686414501 85.5343806071974,28.0152744087237 85.534348833915,28.015298175559 85.5343146152441,28.0153324955782 85.5342748756209,28.015380946012 85.5342635562253,28.0154296995694 85.5342576083176,28.0154753572386 85.5342536074614,28.0155084229548 85.5342548713611,28.0155462745957 85.5342507424077,28.015588798485 85.5342501619517,28.0155919721952 85.5342427642244,28.0156007026968 85.5342332039241,28.0156151445811 85.5342105298524,28.0156471069851 85.5342056652925,28.0156605601076 85.5342019148812,28.0156781805018 85.5341981222654,28.0156989169867 85.5341968533706,28.0157061753805 85.5341964397841,28.0157079023805 85.5341943999868,28.0157144599867 85.534190607368,28.0157351964711 85.5341892540651,28.0157486870462 85.5341843894975,28.0157621401674 85.5341818798397,28.0157745795608 85.5341814718697,28.0158047017705 85.5341800622926,28.0158223471328 85.5341751836521,28.0158368389503 85.534174646962,28.0158425416425 85.5341545974167,28.0158668293595 85.5341304810212,28.0159422484209 85.5341048445292,28.0159987321829 85.5340685930532,28.0160519495224 85.5340481572198,28.0161179482891 85.5340509410962,28.0161747352192 85.5340574056462,28.0162221018751 85.5340604244014,28.0162615488227 85.5340543909366,28.0163135119206 85.5340661843383,28.0163609354228 85.5340973246902,28.016422754618 85.5341286999412,28.0164672338252 85.5341423337271,28.0165099471841 85.5341449681948,28.0165777686452 85.5341570392237,28.0166046994349 85.5341937861097,28.0166460827489 85.5342181417142,28.0166841806999 85.5342285218852,28.0167047870889 85.5342384964101,28.016755344355 85.5342398456983,28.0167868905418 85.5342231972409,28.0168355872389 85.5342119203396,28.0168811880515 85.5342148110551,28.0169300931665 85.5342691501884,28.0169842768325 85.5342849873698,28.0169954818861 85.5343340403891,28.0170464559647 85.5343584388246,28.0170814011699 85.534368605573,28.0171177711696 85.5343554670076,28.0171696584957 85.5343443822598,28.0172010720602 85.5343561331704,28.017251648264 85.5343682470171,28.0172754263135 85.534396198107,28.0173104094046 85.5344116510843,28.0173499889611 85.5344181585344,28.0173942028769 85.5344173900064,28.0174509519077 85.534400997691,28.0174807322776 85.5343925688859,28.0175783909353 85.5343886960536,28.0176019984728 85.5343934912472,28.0176414643571 85.5343984358831,28.0176698957078 85.5343906261647,28.0177218398678 85.5343668296921,28.0177736135138 85.5343574784844,28.0178081987441 85.5343676879872,28.017841416019 85.534381193922,28.0178935875271 85.5343786703996,28.017948741245 85.5343692978286,28.0179849028367 85.5343793365564,28.0180307310051 85.5344373783601,28.0180739179794 85.5344774863205,28.018129526379 85.5344806760311,28.0181563624198 85.5344727595661,28.0182161883902 85.5344668969287,28.0182555406009 85.5344947415512,28.0182984054869 85.5345245332878,28.0183286784176 85.5345935106984,28.0183514862936 85.5346233665151,28.0183770301185 85.5346391398952,28.0183929642239 85.5346616556719,28.0184357722505 85.5346591109209,28.0184925023363 85.5346639275828,28.0185303918495 85.5346726170638,28.0185446738193 85.5346883264394,28.0185653370056 85.5347217563182,28.0185893423341 85.5347426025677,28.0186242495976 85.5347495370909,28.0186369362594 85.5347774032629,28.0186782247319 85.534791315013,28.0187004453281 85.5347981428284,28.0187210137974 85.5347943127186,28.0187414686205 85.534790311857,28.0187745343388 85.5347862683046,28.0188107527805 85.5347837876324,28.018862753782 85.5348043778264,28.0189165773802 85.5348252455046,28.018949908271 85.5348545893038,28.0190132847377 85.5348737020315,28.0190450203196 85.5349330513703,28.0191229060092 85.5349961455215,28.0191866422953 85.5350380518324,28.0192406931257 85.5350568445467,28.0192960741145 85.5350671184061,28.0193245622579 85.5350727512562,28.019433406986 85.5351163700108,28.0194922058196 85.5351441725131,28.0195382233123 85.5351631360395,28.0195809933923 85.535171377547,28.019628378936 85.5351619410483,28.0196692696636 85.5351436015151,28.0197116420666 85.5351290493801,28.0197367123598 85.5351180925946,28.0197586678023 85.5351123154401,28.01979171459 85.5351129820974,28.0198737043467 85.5351144810167,28.0198942159889 85.5351122138536,28.0199304533747 85.5350740997452,28.0199899574286 85.5350502176784,28.0200480366172 85.5350437362211,28.0201331033385 85.5350270875336,28.0201818001042 85.5350030346586,28.0202524901744 85.534986044455,28.0203264087203 85.5349731831725,28.0203578033766 85.5349617354038,28.0204160151196 85.5349664028264,28.0204649391508 85.5349550404118,28.0205168454452 85.5349404240873,28.0205466447947 85.5349128183595,28.0206172969596 85.5349120713305,28.0206724696148 85.5349291732131,28.0207215262298 85.5349319148681,28.0207814658503 85.5349097875429,28.0208411403006 85.534875439139,28.0208849185422 85.5348463343987,28.020935059045 85.5348386099634,28.02098069776 85.5348416290537,28.0210201446799 85.5348427437157,28.0210690308262 85.5348260947746,28.0211177275523 85.5348112862155,28.0211617141337 85.5348143052977,28.0212011610529 85.5348115683804,28.0212720783722 85.5348091302987,28.0213209266318 85.5348087247282,28.0213508774974 85.5347920970687,28.0213979978539 85.5347861062413,28.0214468082262 85.5347745728434,28.0215113253816 85.5347560620397,28.0215663085944 85.5347464544055,28.0216198101599 85.5347528340846,28.0216734822155 85.5347518307768,28.0217475711928 85.5347333412628,28.0218009780376 85.5346916948458,28.0218588676882 85.5346843758753,28.0218745555221 85.5345837888327,28.0219554653739 85.5345387603276,28.0220007061919 85.5345186223892,28.0220446358879 85.5344789870008,28.0220852044404 85.5344374043904,28.0221383649196 85.5344258920446,28.0222013056679 85.5344235818614,28.0222406957417 85.5343961888425,28.0222955841484 85.5343653925067,28.0223394001249 85.534341509486,28.0223974791371 85.5343195950056,28.0224413898465 85.5343032659043,28.022466441072 85.5342475574119,28.0225131444406 85.5342130800509,28.0225663806399 85.5342124607378,28.0226120950984 85.5342170851561,28.0226641718519 85.5342290927432,28.0226958317205 85.5342376970521,28.0227164191624 85.5342585652284,28.0227497501426 85.5342740615457,28.0227861769904 85.5342733781878,28.0228366205305 85.5342677286979,28.0228602090887 85.5342708116641,28.0228949269229 85.5342556822742,28.0229625588244 85.5342354586024,28.0230127939041 85.5342101406524,28.0230456321602 85.5341860224542,28.023121051096 85.5341923591938,28.0231778758801 85.5341952499319,28.0232267809582 85.5341554217586,28.0232815366336 85.5341051487458,28.0233204149752 85.5340639071889,28.0233483535414 85.5340062294941,28.0234092250748 85.5339867494529,28.0234238464248 85.5339693754724,28.0234411518959 85.5339315050668,28.0234825273901 85.5339213931048,28.0235076449001 85.5338887450493,28.0235569590472 85.5338669476197,28.0235921996805 85.5338532187451,28.0236220083524 85.5338501366401,28.023625305056 85.5338225713275,28.0236547896555 85.5338018436385,28.0236766406939 85.5337837805438,28.0236985201646 85.5337820521261,28.0237002044345 85.5337604309616,28.02371719004 85.5337263161383,28.023743627964 85.5336992428176,28.0237748707922 85.5336809019474,28.0238172429274 85.5336554554447,28.0238595392238 85.5336210628001,28.0239064697974 85.5336116466352,28.0239457839977 85.533612782073,28.0239930937541 85.5336230559335,28.0240215819893 85.5336335434528,28.0240343066248 85.5336511366042,28.0240471070962 85.5336523361537,28.0240896877726 85.5336465155289,28.0241258871726 85.5336387475672,28.0241746784915 85.5336431153542,28.0242456715633 85.5336582057117,28.0243120493104 85.5337016332337,28.0243850358369 85.5336989595015,28.0244512239921 85.5336945307138,28.0245158168278 85.5337026009271,28.0245758132952 85.5337145444527,28.024612202282 85.5337335173942,28.0246370362037 85.5337352900202,28.0246519501956 85.5337619747144,28.0247561195367 85.5338029872294,28.0248396648659 85.5339133301677,28.0249904361458 85.5339567381235,28.0250510804424 85.5339881141011,28.0250739087324 85.5340158960723,28.0251215028134 85.5340261274121,28.0251531437417 85.5340539948602,28.0251944323762 85.5340854151837,28.0252357589141 85.5341202602304,28.0252865815128 85.5341444040169,28.0253404431027 85.5341826311147,28.025403914474 85.5342247101308,28.0254453547012 85.5342594698773,28.0255024827081 85.5342976970969,28.0255659540506 85.5343248813352,28.0256576861561 85.5343557466262,28.0257399979988 85.534397356008,28.0258161180991 85.5344140525982,28.0258951256051 85.5344268546418,28.0259993169687 85.53435100547,28.0260899499128 85.5343400905378,28.0261087525235 85.5342254584844,28.0261768994142 85.5341930553303,28.0262080854523 85.5341284625673,28.0262546939057 85.5340818905272,28.0262825755606 85.5340314237879,28.0263356410419 85.534005827245,28.0263889718883 85.5339941859048,28.0264613706938 85.5339827581718,28.0265180059012 85.5339678629782,28.0265682977554 85.5339457765176,28.0266248192179 85.5339125185988,28.0267190595592 85.5339081965994,28.0267757705853 85.5339040455055,28.0268198707349 85.5338962817378,28.0268450366388 85.5338905848546,28.0268954032841 85.533865030827,28.0269455813736 85.5338163187507,28.0270002420728 85.533751896275,28.0270342394454 85.533702529948,28.0270473525807 85.5336948359942,28.0270493963171 85.5336238418295,28.027043908805 85.5335706977144,28.0270323054409 85.5335030214133,28.0270441957413 85.5334636188119,28.0270674239386 85.5334436503692,28.027098742521 85.5334165119692,28.027134714321 85.533400224646,28.0271566126698 85.5333893308073,28.0271738388327 85.5333567347588,28.0272192118795 85.53332435241,28.0272488213278 85.5332899157306,28.0272989044677 85.5332517764786,28.0273599841769 85.5332100628828,28.0274226022984 85.533206018341,28.0274588206172 85.533203643386,28.0275029396967 85.5331887476764,28.0275532314406 85.5331615876973,28.0275907795391 85.5331236192719,28.0276392483339 85.5331158721233,28.027686463222 85.5330919657467,28.0277461182617 85.5330272219405,28.0278037606447 85.533009243476,28.0278193345344 85.5329481807941,28.0278675566644 85.5328945873927,28.027889056556 85.5328279814033,28.0279529852991 85.5328239794671,28.0279860508816 85.5328251786597,28.0280286315309 85.5328083565519,28.0280899387568 85.532796885227,28.0281497265393 85.5328279637673,28.0282162750958 85.5328379384356,28.0282668323971 85.5328349860142,28.0283535131341 85.5328397809263,28.0283929790095 85.5328849644891,28.0284675611241 85.5329057691231,28.0285056213841 85.5329190405507,28.028536121767 85.5329229994302,28.0285452200571 85.5329366767866,28.0285847807859 85.5329717574533,28.0286182637304 85.5329891160743,28.0286484042458 85.5330278352571,28.0286756196845 85.5330557031574,28.028716908521 85.5330496254734,28.0287720241559 85.5330221016852,28.0288363702992 85.5330090890591,28.0288787991826 85.532960525304,28.0289224250058 85.532935355168,28.0289442284246 85.5328955241296,28.0289989835868 85.5328860857901,28.0290398740406 85.532898050839,28.0290746867255 85.532915516408,28.0290969454592 85.5329398955244,28.0291334673009 85.5329514116214,28.0292013835046 85.5329364086229,28.0292595569869 85.5328530649807,28.029378487488 85.5327992783579,28.0294141745315 85.5327135361662,28.0294479436558 85.5325835739972,28.0294670511033 85.5325723182686,28.0294689644707 85.5324963118478,28.029481884817 85.5323962933812,28.0295202309905 85.532322601458,28.0295825071516 85.5322827698671,28.0296372621105 85.5322518207302,28.0296921119596 85.5322370525774,28.029732945411 85.5322202940013,28.0297895234548 85.5321966219239,28.0298318383517 85.532163540962,28.0298759206215 85.5321336751072,28.0299017910763 85.5320982195978,28.0299263444868 85.5320720440835,28.0299572301176 85.5320603826331,28.0299696568777 85.5320267863392,28.0299886403555 85.5319878520686,28.0300282573733 85.5319301695036,28.0300891277984 85.5318526671464,28.0301702819941 85.5316862108876,28.0302599448943 85.5316255100176,28.0302813682754 85.5315665856331,28.0303028106185 85.5315175929424,28.030323896341 85.5314613399012,28.0303787067683 85.5314321813184,28.0304050620458 85.5314051588243,28.0304145991259 85.5313584130492,28.030455090601 85.5313277842708,28.0304862948571 85.5313022709585,28.0305333196538 85.5312893216453,28.0305710192605 85.5312747028374,28.030600818088 85.5312277428682,28.0306570730795 85.5311971568071,28.0306851245888 85.5311719216821,28.0307116567198 85.5311591649667,28.0307351691014 85.5311480991307,28.0307650059035 85.5311476281627,28.0307996857484 85.5311480160235,28.030803603619 85.5311507530429,28.0308312508713 85.5311394517073,28.030878427594 85.5311193105854,28.0309223566218 85.5311041992853,28.030988411626 85.5310841009443,28.0310291879336 85.5310445036789,28.0310666025573 85.5309973935088,28.0311338919489 85.5309772094567,28.0311809736631 85.5309657367166,28.0312407612158 85.5309544994823,28.0312832088468 85.5309503897486,28.0313241561144 85.5309283434659,28.0313775242446 85.5309048203983,28.0314088043831 85.5308900514781,28.0314496376516 85.5308912498811,28.0314922182697 85.5308871401118,28.031533165533 85.5308700593267,28.0316133887034 85.5308485520855,28.0316471174865 85.5308301191576,28.0316760249499 85.5307992543205,28.0317245689813 85.5307647721486,28.0317778040704 85.5307608978718,28.0318014114091 85.5307569379359,28.0318313241719 85.5307404994344,28.031864256636 85.5307187527353,28.031895555736 85.530764086049,28.0319591040194 85.5307850832598,28.0319829773746 85.5308042611165,28.0320099844383 85.5307963626591,28.0320682336085 85.5307761569126,28.032116891633 85.5307577491,28.0321639922991 85.5307375004867,28.0322158030278 85.5307385703339,28.0322678417764 85.5307521616268,28.0323137081135 85.530765945662,28.0323453872457 85.5308635690313,28.0324835942697 85.5308843736438,28.0325216548168 85.5308997843969,28.0325643874292 85.5309274382696,28.0326214402422 85.5309516461374,28.0326705732715 85.5309848438236,28.032711919512 85.5310200107845,28.0327390975393 85.5310642532016,28.0327521833436 85.5311649598197,28.032794251449 85.5312213384068,28.0328295391666 85.5312528025107,28.0328677136388 85.5312805850888,28.0329153082511 85.5312976227492,28.0329690943132 85.5313249344156,28.0330513687539 85.5313663729331,28.0331401005694 85.5313907309527,28.0331781990363 85.5314256627031,28.033222716886 85.5314430417443,28.0332431777957 85.5314851238018,28.0332927223293 85.5315272902866,28.033327857989 85.5315658608737,28.0333661083655 85.531607513734,28.0334390765535 85.5315989092494,28.0335493455279 85.5315765203122,28.0336279354403 85.5315292594387,28.0337062594538 85.5314357221651,28.0337903950414 85.531403187411,28.0338310384074 85.5313598647863,28.0338810259322 85.5312916273544,28.0339339002153 85.5312365975447,28.0339720069686 85.5312019425732,28.0339960046354 85.5311477890864,28.0340584889506 85.5311078909253,28.0341179725166 85.5310924793164,28.0342060964533 85.5310917085004,28.0342628452605 85.5310838313859,28.0343195180728 85.5310468866912,28.0344231775706 85.5310100275734,28.0345205316317 85.5310340431487,28.0345838518516 85.5310584441739,28.0346187976663 85.5310707947054,28.0346442775778 85.5310722713861,28.0346473240607 85.5310642229246,28.0347166077123 85.5310134936637,28.0347885880834 85.5309928828954,28.0348140546832 85.5309695059052,28.0348695637085 85.5309095006055,28.0349897733909 85.5309106643839,28.0350334355087 85.5308975858306,28.0350805931616 85.5308668698869,28.0351181026616 85.5308304775406,28.0351474478348 85.5308147706213,28.0351601131893 85.5308021203415,28.0351757437235 85.5307891488054,28.0352150195861 85.5307803259301,28.035245819266 85.5307760915909,28.035260600868 85.5307742931887,28.035263240247 85.5307579616031,28.0352872088744 85.5307325539034,28.0353263517048 85.530716114812,28.0353592841293 85.530706824912,28.0353891398579 85.5306846919111,28.0354488133032 85.5306521135158,28.0354926091625 85.5306337906821,28.0355334043451 85.5306115505091,28.0356009595503 85.5305772811221,28.0356384309622 85.5305341501525,28.0356742309765 85.5305052105046,28.0357117593878 85.5304850467128,28.0357572646038 85.530473680205,28.0358091702733 85.5304696128795,28.0358469647771 85.5304600872191,28.035894160387 85.5304631477068,28.0359304545657 85.5304786444003,28.0359668817973 85.5304818548493,28.0359921414911 85.5304814478304,28.0360220922345 85.530495317893,28.0360474659726 85.5305001549969,28.0360837791576 85.5304888955647,28.0361278030506 85.5304758595185,28.0361718079343 85.5304591417161,28.0362252329294 85.5304424453187,28.0362770815666 85.5304417169404,28.0363306776305 85.5304483306415,28.0363670098239 85.5304779974031,28.0364067418299 85.5305131225436,28.0364370727233 85.5305359399715,28.0364578124301 85.5305586288799,28.0364880102626 85.53057951977,28.03651976544 85.5306235280271,28.0365501913397 85.5306340805876,28.0365581871498 85.5306604941257,28.0365758121394 85.5306923017643,28.0365887650748 85.5307063218788,28.0366031043097 85.5307220543514,28.0366221916128 85.5307377868294,28.0366412789143 85.530792626201,28.0366592079502 85.5308054467336,28.0366621979534 85.5308850528748,28.0366570434109 85.5309330856559,28.0366528274099 85.5309807329575,28.036676985784 85.5310083878213,28.0367340385891 85.5310253830254,28.036790977384 85.5310444332514,28.0368274425611 85.5310704186391,28.0368765945789 85.531096575361,28.0369131357511 85.5311061931112,28.0369345911793 85.5311207199334,28.0369669978257 85.5311538975134,28.0370099204079 85.5311961509276,28.0370387507809 85.5312385542485,28.0370565466553 85.5312785600334,28.0371200378209 85.5312889628193,28.0371390680706 85.5313206850593,28.0371583262896 85.5313342985277,28.0372026162148 85.5313548900332,28.0372564402584 85.5313794201872,28.0372819278981 85.5314216737678,28.037310758207 85.5314810513502,28.0373870691181 85.5315372182903,28.0374381203311 85.5315925718094,28.0375490730264 85.5316560594622,28.0375844366173 85.5317195043464,28.0376229528912 85.531764968933,28.0376770427735 85.5317858603992,28.0377087977842 85.5318281142556,28.0377376279767 85.5318901037073,28.0377524798529 85.5319487111324,28.0377546828781 85.5319911362652,28.037770902178 85.5320441141975,28.0377951171741 85.5321026360518,28.0378036255572 85.5322105398474,28.0378394635871 85.532297316692,28.0378608865123 85.53235917791,28.0378851963164 85.5323977717469,28.0379218701516 85.5324684306183,28.0379525802513 85.532486089994,28.0379606518597 85.5326008866986,28.0380123290834 85.5326076264851,28.0380146261534 85.5326486419469,28.038028605131 85.5326962688605,28.0380543392986 85.5327297468735,28.0380751925454 85.5327541919768,28.03810698538 85.5327606568052,28.0381543519788 85.5327582598332,28.0382000473243 85.5327364053843,28.0382392284698 85.5327091996062,28.0382799290268 85.5326802385582,28.0383190342409 85.5326370643556,28.0383579876 85.5326160284957,28.0383699171211 85.5325797625583,28.0383904836666 85.5325524497117,28.0384390659671 85.5325235099576,28.0384765947877 85.5325053370217,28.0385063557202 85.5324817485616,28.0385423651232 85.5324692243936,28.0385612791626 85.5324672358697,28.0385642822371 85.5324507967568,28.0385972148557 85.5324273152379,28.038625342469 85.5323985251641,28.038651836769 85.5323935344809,28.0386547784163 85.5323591179902,28.0386750644423 85.532323306889,28.0386951773631 85.5322822514259,28.0387089278942 85.5322536752814,28.0387196586059 85.5322089809088,28.0387396765638 85.53215527488,28.0387690577017 85.5321210049524,28.0388065294643 85.5320957466532,28.038834638027 85.532079628404,28.0388439252631 85.5320632533334,28.0388721287617 85.5320664856097,28.03889581207 85.5320695038718,28.0389352589319 85.5320816622088,28.0389558844727 85.5320847874839,28.0389874495574 85.5320714306552,28.0390550999166 85.5320796504714,28.0391040618761 85.5320736784617,28.0391512955696 85.5320497900813,28.0392093738585 85.5320367114268,28.0392565315919 85.5320537503156,28.0393103175642 85.5320691623759,28.0393530500588 85.5320669362772,28.0393861345304 85.5320324734914,28.0394377934562 85.5320125449926,28.0394659589633 85.5320052671315,28.0394784938453 85.5320009647058,28.039533628297 85.5320378251222,28.0395671305421 85.532158188659,28.0396015252415 85.5321693510357,28.0396019641899 85.5321988592761,28.0396161491583 85.5322322200226,28.0396442258062 85.5322462941601,28.0396560706965 85.5322847387671,28.0397037790642 85.532323354596,28.0397388765792 85.5323545856154,28.0397943907617 85.532361242916,28.0398275701669 85.5323551211859,28.0398858383585 85.5323516040771,28.0399032648808 85.5323455959018,28.03993303409 85.5323184109221,28.0399721581828 85.5323175335681,28.0400367887501 85.5323398813136,28.0400922080051 85.5323639843534,28.0401492225978 85.5323770636169,28.0402329213138 85.532403050367,28.0402820731097 85.532427110683,28.0403422404033 85.5324496511169,28.0403834724448 85.5324581707387,28.0404103654086 85.5325018815326,28.040462859744 85.5325760740203,28.0404951841649 85.532628625504,28.0405509260894 85.5326954974401,28.0405989380729 85.5327379023985,28.0406167335375 85.5327730295122,28.0406470639105 85.5328238044909,28.040702786785 85.5328461098375,28.0407613586784 85.5328597029293,28.0408072248262 85.5328858611597,28.0408437656963 85.5328870388845,28.0408879226298 85.5328721408857,28.0409382141692 85.5328836364495,28.0410077066672 85.5328992629656,28.0410346755252 85.5329056851888,28.0410851948175 85.5329388860746,28.0411265406627 85.5329661152064,28.0412151202296 85.5329966259456,28.0412364672618 85.5330030192628,28.0412454695296 85.5330257953796,28.0412693615762 85.5330449967365,28.0412947920196 85.533069464007,28.0413250084592 85.5331029216905,28.041347438002 85.5331486451247,28.0413826112165 85.5331926560587,28.0414130363742 85.5332329425375,28.041456034413 85.5332872501233,28.0415133714393 85.5333258669096,28.0415484687002 85.5333556216301,28.0415818947266 85.5333849486731,28.0416468478607 85.5334516291627,28.0417090467081 85.5334862863905,28.0417740567408 85.5335424564973,28.0418251072241 85.5335827432659,28.0418681051688 85.5336263910342,28.0419253282458 85.5336422744371,28.0419333807583 85.5336741053929,28.0419447567106 85.5337450024117,28.0419581263347 85.5337926954288,28.0419791311155 85.533850941788,28.0420081314662 85.5339164232562,28.0420277495249 85.5339534133657,28.0420517931626 85.5340223841608,28.0420761781731 85.5340732459426,28.0421255951999 85.5341013525959,28.0421495439754 85.5341221814434,28.0421860277375 85.5341289035262,28.0422144780037 85.5341375946881,28.042228760029 85.5341426469417,28.0422493095501 85.5341476991971,28.0422698590711 85.5341597300395,28.0422999425838 85.5341770696388,28.0423316593426 85.5341961004622,28.0423697004873 85.5342165874074,28.0424314059341 85.5342215328171,28.042459837233 85.5342329438759,28.0425356350664 85.5342484213273,28.0425736382786 85.5342658464846,28.0425990496033 85.5342955162895,28.0426387808674 85.5343337704792,28.0427006759205 85.5343560129013,28.0427639766669 85.5343749797435,28.042806746858 85.5344028301841,28.0428496118523 85.5344255214596,28.0428798091102 85.5344427116298,28.0429225603323 85.5344702629432,28.0429874943002 85.5344741424956,28.0429945905049 85.5344791634665,28.0430183464949 85.5345340061144,28.0431186606788 85.5345428649525,28.0431561535659 85.5345650965549,28.0432436536239 85.5346702120725,28.0434359224015 85.5347019222371,28.0435152128305 85.5347244919293,28.0435777842355 85.534742040856,28.0436652343028 85.534773638503,28.0437528342607 85.534819284905,28.0438405841008 85.5348651003146,28.043915869612 85.534961752084,28.0440415619202 85.5349934063145,28.0441250070618 85.5349981304284,28.0441505485959 85.5350213136016,28.0441537397563 85.5350495705198,28.0441666538649 85.5350616658909,28.0441920082391 85.5350467470005,28.0442438763684 85.535028424155,28.0442846720939 85.5350252496065,28.0443051961334 85.5350225812128,28.0443224477817 85.5350204199306,28.0443508032397 85.5350181518297,28.0443870404785 85.5350247888061,28.0444217961309 85.5350244469916,28.04444701783 85.5350370972857,28.0444716317227 85.5350659993338,28.0445278668857 85.5350742635381,28.0445736759828 85.5350791665204,28.0446052599669 85.535079737109,28.0446525680233 85.5350800033048,28.0446746385926 85.5350581482579,28.0447138200543 85.5350163216834,28.0447843201384 85.5350034357948,28.0448172909359 85.5349938042991,28.0448723686261 85.5349863554671,28.0448975145045 85.5349874699225,28.044946400497 85.5349889475729,28.0449684884365 85.5349794656047,28.0450125316315 85.5349791237713,28.045037753328 85.5349319881131,28.0451066201556 85.5348941848558,28.0451424782702 85.5348489540519,28.0452019058851 85.5348362398085,28.045238361314 85.5348341630993,28.0452443158395 85.5348193080329,28.0452914548592 85.5348009849064,28.0453322505384 85.5347827472365,28.0453667407911 85.5347575093591,28.0453932734299 85.5347110572014,28.045411696783 85.5346807240795,28.0454208326174 85.5346287065482,28.045456538977 85.5345379208258,28.0454681828465 85.5345255048775,28.0454664737641 85.5344978631882,28.045459703682 85.5344582017265,28.0454499896717 85.5343800243046,28.0454491553251 85.5343280921634,28.0454785561445 85.5342867564317,28.0455127997947 85.5342593782556,28.0455661114132 85.5342549271336,28.0455981378136 85.5342534708283,28.0456086161149 85.5342531074412,28.0456354141563 85.5342651386431,28.0456654976608 85.5342753503369,28.0456987149107 85.534264133989,28.0457395863631 85.534233073952,28.0458023181747 85.5342272520022,28.0458385174518 85.5342254877375,28.0458431933142 85.5342262219043,28.0458485716224 85.534232908341,28.0458735752181 85.5342340480069,28.0458817209102 85.5342393130767,28.0459193526606 85.5342449914793,28.0459599386564 85.5342451504692,28.0459601054259 85.5342713744717,28.0459919170043 85.5342870233782,28.0460173093705 85.5343133115322,28.0460443918757 85.534325663417,28.0460508300456 85.534374686233,28.0461049571109 85.5344202410501,28.0461527408131 85.5344413058225,28.0461718846302 85.5344660096385,28.0461847609473 85.5344941815135,28.0462039806057 85.5345147333702,28.0462609569424 85.5345245391142,28.0463241249288 85.5345770302138,28.0463845952732 85.5346120100651,28.0464259597295 85.534632732989,28.0464703252071 85.5346496459257,28.0465335690271 85.5346772622933,28.0465937738936 85.5347080903292,28.0466792383614 85.5347208514175,28.0467865822072 85.5347265053919,28.0468938502139 85.5347217123615,28.0469852409089 85.5347133230056,28.0470797463937 85.534690377394,28.0471993218825 85.5346751372774,28.0472748352565 85.5346708570795,28.0473283934158 85.5346806629822,28.0473915613887 85.5346979179995,28.0474295835167 85.5347255345994,28.0474897883755 85.5347497258613,28.0475404971788 85.534763042674,28.0476068557759 85.5347515270921,28.0476697962304 85.5347115399955,28.0477355860354 85.5346787455286,28.0477951462479 85.5346671443858,28.0478643921116 85.5346658193377,28.0479621261307 85.5346595667675,28.0479966962257 85.5346504508383,28.0480470976198 85.5346388068981,28.0481194961872 85.534598306603,28.0482231184671 85.5345692792615,28.048266953015 85.5344893470742,28.0483953797589 85.5344782159773,28.0484299457862 85.5344699972375,28.0485118403857 85.534461949485,28.0485811241445 85.534457669099,28.0486346822814 85.5344564293207,28.048726110861 85.5344522344254,28.0487733635771 85.534469233053,28.0488303019894 85.5344792526847,28.0488777064161 85.5344821223066,28.0489281876968 85.5344816092978,28.0489660202114 85.5345182197915,28.0491492945636 85.5345387293972,28.0492094236041 85.5345627499204,28.0492727432774 85.5345885377401,28.0493005842283 85.5346187960426,28.0493332515615 85.5346643950103,28.0493778825067 85.5347028867151,28.0494224375933 85.5347238239156,28.0494510395132 85.5348153212679,28.0495182323572 85.5348361730334,28.049553139681 85.5348424682574,28.0496131170048 85.5348202914753,28.0496759436831 85.5347966540938,28.0497210858569 85.5347874536835,28.049738656595 85.5347758950852,28.0498047497342 85.5347891266396,28.0498774137377 85.5347920818976,28.0499215895922 85.5347804805333,28.049990835439 85.5347867329963,28.0500539654709 85.5347969238306,28.0500887590379 85.5347777876543,28.0501894561344 85.5347805291883,28.0502493955342 85.534764861152,28.0503564359651 85.534764177231,28.0504068793139 85.534770643422,28.050454245797 85.5347877279305,28.0505048787541 85.5348012587664,28.0505554737881 85.5348152597974,28.0505713890189 85.5348501982783,28.0506159061541 85.5348603891776,28.0506506997164 85.5348493434173,28.05067896034 85.5348022905342,28.0507415215538 85.5347628151915,28.0507694787942 85.5347231260934,28.0508131995674 85.5347011627019,28.0508602626591 85.5346970105335,28.0509043626604 85.5346801852926,28.0509656698237 85.534691853777,28.0510225513207 85.5347231103958,28.051076488691 85.5347439410339,28.0511129723857 85.534750270222,28.05114719074 85.5347540678177,28.0511524950174 85.534760726393,28.0511856743074 85.5347547546282,28.0512329080562 85.5347398344578,28.0512847760584 85.5347090294336,28.0513285916262 85.5346678301143,28.0513583126318 85.5346659573828,28.0513596636113 85.5346336319532,28.051384543945 85.5345869206389,28.0514218833939 85.5345616384765,28.0514515686274 85.5345505711706,28.0514814055719 85.534565771972,28.0515399013583 85.5345832199268,28.0515637363138 85.5346021241099,28.051611235545 85.5346333167123,28.0516699019987 85.5346240476389,28.0516981815574 85.5346073932202,28.0517468778649 85.5346017633646,28.0517688899322 85.5345923018864,28.0518113566756 85.5345721364569,28.0518568623401 85.5345679414247,28.0519041150362 85.5345869739126,28.0519421561442 85.5346131993863,28.0519739676892 85.5346818986948,28.0520188451838 85.5347366182315,28.0520462310506 85.5347427129868,28.0520484163927 85.5348091278578,28.0520722301582 85.5348588160655,28.0520774901334 85.53491509883,28.052120658436 85.5349572949045,28.0521542169145 85.5349975431685,28.052200367257 85.5350274294209,28.0522243348748 85.5350751698837,28.0522421866514 85.5351444037777,28.0522476550646 85.5351850154149,28.0522670073293 85.5352235937839,28.0523052568806 85.5352515109387,28.0523433926869 85.5352633721438,28.0523860869504 85.5353018437495,28.0524322182546 85.5353300173571,28.0524514377916 85.5354107494729,28.052526398363 85.5354780998762,28.0525397294345 85.5355437161467,28.0525498888119 85.5355844775099,28.0525582064815 85.535625196156,28.0525696768487 85.5356533912206,28.0525873199678 85.5356779257321,28.0526128069542 85.5356987142492,28.0526524432292 85.5357248761411,28.0526889836418 85.5357455792477,28.0527349253296 85.535759367088,28.0527666040231 85.5357733383808,28.0527931586174 85.5357818898242,28.0528094119461 85.5358221173235,28.0528571384198 85.5359184148781,28.052963796349 85.5359514922382,28.053014599707 85.5359793884711,28.0530543117329 85.53599663137,28.0530742697383 85.5359986352182,28.0530765891165 85.5359999529544,28.0530806027472 85.5360225292205,28.0531493666939 85.5360343908067,28.0531920609008 85.5360514122176,28.0532474227845 85.536066267956,28.0532758520571 85.5360704668078,28.0532838873534 85.5361049368209,28.0533630840128 85.5361150856344,28.0534010302033 85.5361074014648,28.0534435160038 85.5360930336104,28.0534682606534 85.5360764681859,28.0534967899921 85.5360619326943,28.0535202837464 85.5360453853787,28.0535610984556 85.5360360097,28.053597259884 85.5360319647007,28.0536334781513 85.5360402684911,28.0536675893757 85.5360454323763,28.0536888021415 85.5360751911296,28.0537222276793 85.5361067267986,28.0537556721568 85.5361415813724,28.0538064944216 85.5361659454248,28.0538445921699 85.5361724337222,28.0538903822402 85.5361609821765,28.0539485936985 85.5361249102657,28.0539876236608 85.5360744095464,28.05404226559 85.5360223881627,28.054077972295 85.5359665779967,28.0541309809844 85.5359415920996,28.0541612376166 85.5359394759099,28.0541638002122 85.5359032329714,28.0542154409459 85.5358849085721,28.0542562366767 85.5358766048002,28.0543444367349 85.5358795605385,28.0543886125595 85.535882580358,28.0544280593204 85.5358819395616,28.0544753499555 85.5358935662546,28.0545353840695 85.5359177381342,28.0545876690513 85.5359349305444,28.0546304201086 85.5359464077655,28.0547014886999 85.5359527678487,28.0547567369004 85.5359638621891,28.0547910366047 85.5359681193053,28.0548041980691 85.5359833639807,28.0548595410087 85.5359984378016,28.0549274947826 85.5360173217757,28.0549765701966 85.536052368894,28.0550132052981 85.536105163866,28.0550516062126 85.5361403178217,28.0550803595206 85.5361809734044,28.0550965588207 85.536216362307,28.05510797221 85.5362514522459,28.055141454555 85.5362845730936,28.055189105139 85.5362953821097,28.0552170084248 85.5363336222058,28.055241655274 85.5363723087762,28.0552720227685 85.5364089835627,28.0553197112116 85.5364172702994,28.0553639438562 85.5364251334156,28.0554059152848 85.5364255570421,28.0554081765002 85.536432323098,28.0554334739452 85.5364441637029,28.0554777444732 85.536449206349,28.0554865402422 85.5364632614904,28.0555110562866 85.5365019054882,28.0555445764579 85.5365229937478,28.0555621436585 85.5365652343406,28.0555925489866 85.5366094440388,28.05560878605 85.5366429921791,28.0556249094605 85.5366779970183,28.0556646971245 85.5366879327201,28.0557184068239 85.5366906966584,28.0557767698294 85.5366900987151,28.0558209197856 85.5366900134806,28.0558272131818 85.5366947251474,28.055872984288 85.5367082787865,28.0559220028 85.5367202903417,28.0559536624695 85.5367632620022,28.0560613280651 85.5368068314855,28.0561248557154 85.536861276119,28.0561727334304 85.5368963452491,28.0562077919809 85.5369293813083,28.0562617478444 85.5369654589817,28.0563535740894 85.5370107842935,28.0564186969723 85.5370706026801,28.0564634787085 85.5371444232319,28.0565241754422 85.5371743324762,28.0565465662861 85.5372632013602,28.0565957370274 85.5372731157433,28.0566012226034 85.537311995128,28.0566174026605 85.53733098667,28.0566585961406 85.5373266645084,28.0567153070575 85.5373045088371,28.0567765577189 85.5372665313321,28.0568250271431 85.5372108056392,28.0568717308679 85.5371669866084,28.0569108304841 85.5371514406232,28.0569247021189 85.537102779945,28.0569746342415 85.5370752106544,28.0570034741372 85.5370595141125,28.0570198940869 85.5370269099591,28.0570652675326 85.5370030838149,28.0571186174239 85.5370006237901,28.0571690418373 85.5370124007488,28.0572180413854 85.5370172406603,28.057254354351 85.5370152082568,28.0572671174547 85.5370094711124,28.0573031456005 85.536989433626,28.057339193457 85.5369747696919,28.0573721454109 85.5369687770723,28.057420955593 85.5369701484437,28.057450925267 85.5370068882342,28.0574938845097 85.5370312106769,28.0575351348367 85.5370587882222,28.057598491996 85.5370762803475,28.0576191739627 85.537091718031,28.0576603296021 85.5371143489573,28.0576952555621 85.5371536685789,28.0577213936987 85.5371601444579,28.0577256986059 85.5372025354614,28.0577450692845 85.5372233467898,28.0577831290035 85.5372296436052,28.0578431062163 85.5372486779943,28.0578811469982 85.5372676056825,28.0579270695512 85.5372846283626,28.0579824312969 85.5372997246932,28.0580488085906 85.5373011601835,28.0580740491983 85.537307222285,28.0581513663086 85.5372882787285,28.0582378764835 85.537260813106,28.0582974939577 85.537250409443,28.0583228807547 85.5372350817386,28.0583602830678 85.5372221520115,28.0583964066841 85.5372144891688,28.0584373161652 85.5372193291836,28.058473629122 85.5372471845216,28.0585164936395 85.5372664751447,28.0585356181655 85.5373471276352,28.058616883174 85.5373820269505,28.0586645524609 85.5374027515704,28.0586809574036 85.5374365370992,28.0587077009246 85.5374930163345,28.058736681107 85.5375702858944,28.0588052972948 85.5375948008779,28.0588323603412 85.5376101322198,28.0588813977028 85.5375879121868,28.0589473774446 85.5375623728888,28.0589959794199 85.5375532198657,28.0590102641159 85.5375242452877,28.0590554833575 85.537500717665,28.0590867643488 85.537480744002,28.0591180831979 85.53749436236,28.059162372575 85.5375470531295,28.059208654781 85.5375663866048,28.0592246265605 85.5375716074324,28.0592268888491 85.5376335280756,28.0592537202755 85.5376580645103,28.0592792069587 85.5376788976103,28.0593156902629 85.5376905897154,28.0593709951769 85.5377288940361,28.0594297367254 85.5377499618955,28.0594488801187 85.537786638638,28.0594965682419 85.5377949261815,28.0595408008106 85.5377982668043,28.0595566022123 85.5377876322232,28.0596857686572 85.5377835661461,28.0597235633132 85.5377884063901,28.0597598762528 85.5377625682492,28.0598305472203 85.5377407321627,28.0598681525919 85.5377062223416,28.059922965358 85.5376767048162,28.0599875841932 85.5376732547596,28.0599951369424 85.5376461729576,28.0600263800897 85.5376226451443,28.060057661091 85.5376127571674,28.0601316550989 85.5376475076857,28.0601903588119 85.5376860469781,28.0602317604768 85.5377153811947,28.0602967128043 85.5377362785086,28.0603284670393 85.5377731048882,28.0603651206899 85.5377884151589,28.0604157343866 85.5378021404691,28.0604521419636 85.5378176641345,28.0604869921127 85.5378299111692,28.0605013117967 85.5378747479018,28.0606026905948 85.5378900369128,28.060654880636 85.537882224766,28.0607068246262 85.537892097406,28.0607652633037 85.5379145798486,28.0608112236321 85.5379227181689,28.0608664906719 85.5379341118291,28.0609438645266 85.5379601056884,28.0609930154104 85.5379823108462,28.0610594683371 85.5380010899989,28.0611164252824 85.5380277240095,28.0611483582379 85.5380395657418,28.0611625559236 85.5380852776063,28.061199304127 85.5381150176368,28.0612343056433 85.5381410543098,28.0612803037875 85.5381632382982,28.0613483330432 85.5381642260086,28.0614066770843 85.5381754705521,28.0614950854033 85.5381696701506,28.0615297084309 85.5381914488812,28.0616276884175 85.5381884558886,28.0617175216988 85.5381713549339,28.0617577291177 85.5381664275361,28.0617693143093 85.5381264581744,28.0618335285058 85.538100662359,28.0619010467973 85.5381239407786,28.0620195383214 85.5381341976457,28.062049602602 85.5381806416131,28.0621636110724 85.5382029111135,28.0622253349036 85.5382592643709,28.0622637729596 85.5382911017525,28.0622751480528 85.5383172880516,28.0623101116882 85.5383254906495,28.0623606496412 85.5383280848217,28.0624316234341 85.5383220284263,28.0624851627161 85.538319419453,28.0625466216141 85.5383278353795,28.0625813960225 85.5383621603987,28.0626716266658 85.5383916449364,28.0627255443861 85.5384089034734,28.062763566107 85.5384298014391,28.062795320251 85.5384390093482,28.0628078967275 85.5384437618628,28.0628143878729 85.5384735450922,28.0628462366159 85.5384872709064,28.0628826441322 85.5384707868786,28.0629187299973 85.5384401290948,28.0629515117822 85.5384076461976,28.0629746071272 85.5383898810689,28.0629872381288 85.5383646183899,28.0630153475976 85.538346378579,28.0630498381682 85.5383385237585,28.0631049348771 85.5383484181359,28.0631617971653 85.5383319126834,28.0631994593632 85.5383029465005,28.0632385654511 85.5382881327444,28.0632825519821 85.5382876847573,28.0633156554197 85.5382961220542,28.0633488534739 85.5382992068507,28.063383571112 85.5383021849856,28.0634261705207 85.5383071961719,28.0634498726027 85.5383103023059,28.0634830138862 85.538314322386,28.0635220593809 85.5383150148408,28.0635287849258 85.5383152771027,28.0635309901891 85.5383182063083,28.0635556207924 85.5383066053073,28.0636248668342 85.5383041455964,28.063675291242 85.5383125189231,28.063713218357 85.5383580399342,28.0637641536874 85.5383789593959,28.0637943314873 85.5384052313951,28.0638229896968 85.5384206916972,28.0638625688491 85.5384397914665,28.0638958804269 85.5384589125781,28.0639276156481 85.5384602843599,28.0639575852984 85.5384826609959,28.0640114273178 85.5384948231775,28.0640320523703 85.5385103688599,28.064065326097 85.5385312031,28.0641018092928 85.5385576245187,28.0641194329971 85.5386054393636,28.0641305790853 85.5386072331734,28.0641309972388 85.5386460941048,28.0641487533646 85.5386653219596,28.0641726067888 85.5386915941247,28.0642012649483 85.538726410428,28.064255239363 85.5387435626688,28.0643011428186 85.5387763460361,28.0643740145551 85.5387917425664,28.0644183227334 85.5388331128177,28.0645133580052 85.5388506063504,28.0645340397805 85.5388679292866,28.0645673323881 85.5388781012705,28.0646037020363 85.5389016281275,28.0646373824562 85.5389025112151,28.0646386466604 85.5389293630702,28.0646616892454 85.5389341361148,28.0646657851726 85.5389396107965,28.064677502914 85.5389548639862,28.0647101500823 85.5389754426059,28.0647655494694 85.5389979902407,28.0648067805801 85.539035699765,28.0648276429319 85.5390473860325,28.0648341082186 85.5390933982637,28.0648487871774 85.5391410809823,28.0648713668065 85.5392241774605,28.0649037827961 85.5393021559328,28.0649203784583 85.5393286203163,28.0649348493153 85.5394079282386,28.0649845672755 85.5394430222689,28.0650180489159 85.5395064217966,28.0650612912178 85.5396090664923,28.0650939149776 85.5396267521003,28.0651004094692 85.5396603036073,28.0651165322484 85.5396724448191,28.0651387335612 85.5396790203171,28.0651782180555 85.5396999830403,28.0652052429627 85.5397068569438,28.0652226584896 85.5397063454136,28.065260491003 85.5397041633615,28.0652904228363 85.5397016189714,28.0653471526992 85.5397136962742,28.065374083073 85.5397395214222,28.0654358444972 85.5397671663179,28.0654944721133 85.5397687302805,28.065510254566 85.5397680344199,28.0655217519465 85.5397630793018,28.0655338431696 85.5397611103886,28.0655480114561 85.5397643235661,28.0655732709425 85.5397639612412,28.0656000689721 85.5397582463158,28.0656283866391 85.53976330053,28.0656489359671 85.5397808157331,28.0656680412794 85.5397964259688,28.0656965858125 85.5398192298516,28.0657189005457 85.5398366598265,28.0657443112704 85.5398470666661,28.0657633409555 85.5398893120967,28.0657937454021 85.5399229064787,28.0658067154156 85.5399336679198,28.0658120040917 85.5399643702733,28.0658398993578 85.5399924328952,28.0658712983369 85.5399891789299,28.0659004386743 85.5399852624544,28.0659271988993 85.5399759720523,28.0659570551241 85.5399704489537,28.0659711856072 85.5399649258536,28.0659853160899 85.5399414399341,28.0660134447295 85.5399232000646,28.066047935495 85.5399137178302,28.0660919789062 85.5399236771753,28.0661441120344 85.539930167564,28.0661899019354 85.5399776166329,28.0662298211999 85.5400076995684,28.0662396006813 85.54004292204,28.0662636240564 85.5400744198393,28.0663002204567 85.5401202197551,28.0663306626444 85.540146727209,28.0663419806483 85.5401714149449,28.066356432456 85.5401870040689,28.0663865533044 85.5402024653559,28.0664261322799 85.5402125527095,28.0664688072623 85.5402097528378,28.0665444533916 85.540198706632,28.066572714374 85.5401875112644,28.0666120098383 85.5401819029232,28.0666324457473 85.540165567978,28.0666574973136 85.5401472854428,28.0666951408138 85.5401380376263,28.0667218443362 85.5401357917181,28.0667565052376 85.5401494759175,28.0667960653167 85.5401739080545,28.0668294333832 85.5402089602883,28.0668660675599 85.5402565589006,28.0668949522561 85.5402811828544,28.0669141331125 85.5402931965407,28.0669457925055 85.5403069234322,28.0669821998615 85.5403137123086,28.0670059207806 85.5403234588476,28.0670738174309 85.5403085813834,28.0671225332315 85.5403025255915,28.0671760725926 85.5402842216997,28.0672152924615 85.5402749525586,28.0672435723454 85.5402674818429,28.0672702947739 85.5402671622319,28.0672939400937 85.5402791333364,28.067328752197 85.5402983620957,28.0673526054165 85.5403140579204,28.0673748444796 85.5403255603011,28.0674443363818 85.5403252407005,28.0674679817016 85.5403280066052,28.0675263446224 85.5403199819005,28.0675940522727 85.5403175229492,28.0676444767203 85.5403224281983,28.0676760605116 85.5403094129969,28.0677184897866 85.5402855645372,28.0677734164948 85.5402815415064,28.0678080584941 85.5402936618173,28.0678318361142 85.5403147530257,28.0678494028152 85.5403321834403,28.0678748134866 85.5403423987948,28.0679080303305 85.5403474105936,28.0679317323476 85.5403450368674,28.0679758513754 85.5403197521436,28.0680055375141 85.5402821553034,28.0680256332177 85.5402444945243,28.0680504579738 85.5402247329428,28.0680660136059 85.540195489017,28.0681256126506 85.5401913167738,28.0681712891247 85.5402069061414,28.0682014099731 85.5402259219419,28.068241026749 85.5402469066727,28.0682664752341 85.5402786181768,28.0682873080576 85.5403049556573,28.068311236882 85.5403188744728,28.0683334570464 85.5403378690287,28.068374650163 85.5403516174014,28.0684094811601 85.5403636312541,28.0684411405473 85.5403736762083,28.0684869682241 85.5403697597031,28.0685137284504 85.5403658005815,28.0685436413853 85.5403691204921,28.0685610190834 85.5403824214508,28.0686289535206 85.5403945844814,28.0686495784245 85.5404368950834,28.068675253675 85.5404615833792,28.0686897054473 85.5404702773606,28.0687039871301 85.5404763845824,28.0687781513834 85.5404811407743,28.0688207696488 85.5404753192959,28.0688569691055 85.540478149199,28.0689106029531 85.5404971865188,28.0689486433415 85.5405075937591,28.0689676729839 85.5405210865909,28.0690214202191 85.54054712603,28.0690674179654 85.5405594169667,28.0690785847298 85.5405675783739,28.0691322752682 85.5405619699503,28.0691527111833 85.5405544352354,28.0691841626812 85.5405806877707,28.0692143968779 85.5406016088532,28.0692445743788 85.5406260629557,28.0692763660249 85.5406592537323,28.0693192866304 85.5406783763954,28.0693510215788 85.5406883789442,28.0694000019438 85.5407019571225,28.0694474437455 85.5407364138784,28.0695282157376 85.540775085371,28.0695601585234 85.5407891109435,28.0695744968735 85.5408028595982,28.0696093278306 85.5408060943978,28.0696330109374 85.5408146606866,28.0696567507279 85.5408232695819,28.069677337809 85.5408473191223,28.0697390801552 85.5408558215246,28.069767549007 85.5408552037939,28.0698132632871 85.5408456363274,28.0698636121589 85.5408307799531,28.069910751637 85.5408247668,28.0699611382951 85.5408329283858,28.0700148288186 85.5408620538921,28.070095544099 85.5408740254585,28.0701303561556 85.5408983733279,28.0701700295319 85.5409176240048,28.0701923063248 85.5409439620774,28.0702162350429 85.540991306739,28.0702640357871 85.5410213056873,28.0702801205043 85.5410627547372,28.0703043829176 85.5410706831658,28.0703090238612 85.5410950737425,28.0703455444967 85.5411194430376,28.0703836414829 85.5411454404432,28.0704327918378 85.5411574547289,28.0704644511637 85.5411729381866,28.0705024536879 85.5411884855453,28.0705357271469 85.5412035217926,28.0706068331135 85.5411958593602,28.0706477427707 85.5411897353528,28.0706745114643 85.5411883034062,28.0706807706543 85.5411787359978,28.0707311195462 85.5411830026825,28.0708099939423 85.5411861949949,28.0708368297495 85.5411945697778,28.0708747567094 85.5412030936448,28.0709016491873 85.5412026677048,28.0709331762768 85.5412109573116,28.0709774086534 85.5412140431494,28.0710121262321 85.5412189274714,28.0710452863464 85.5412346026948,28.0710691016743 85.5412464466966,28.071113371829 85.5412532359982,28.0711370927053 85.5413004747072,28.0711927751292 85.5413162777425,28.071207132322 85.5413300480481,28.071240386878 85.5413544815003,28.0712737547648 85.5413702206698,28.0712928410154 85.541382235106,28.0713245003239 85.5413961970965,28.0713435676835 85.5414029864434,28.0713672885534 85.5414078708346,28.0714004486621 85.541409222138,28.0714319946401 85.5414069977613,28.0714650791965 85.5414153087773,28.0715077352077 85.5414432115254,28.0715474462746 85.5414554815349,28.0715601893234 85.5414817774639,28.0715872706597 85.5414993577749,28.0716016467208 85.5415097867221,28.0716190999417 85.541525270452,28.0716571024308 85.54153563553,28.0716792847137 85.541549555006,28.0717015047685 85.5415864928847,28.0717302757587 85.5416145873769,28.0717557996029 85.541647757982,28.0718002963523 85.5416706060733,28.0718194581122 85.5416870287318,28.0718423894673 85.5416967743745,28.0718559975383 85.5417034360717,28.071889176523 85.5417035725866,28.0718907284025 85.5417188448396,28.0720643407262 85.5417252723586,28.0721148596097 85.5417316573017,28.072168531202 85.5417198017992,28.0722566937501 85.5417084146735,28.0723101764963 85.5417005393691,28.0723668497193 85.5417107342177,28.0724016428265 85.5417274843507,28.0724774966878 85.5417446603155,28.0725218234575 85.5418009349442,28.0725665656705 85.5418503562396,28.0725923160755 85.5418856450149,28.0726116099856 85.5419103556805,28.0726244851757 85.5419419623253,28.0726531994349 85.5419629482813,28.0726786476891 85.5419835936517,28.0727293176141 85.5419899787456,28.0727829891958 85.5420036855788,28.072820972756 85.5420350368655,28.0728686032514 85.5420700277584,28.0729099660826 85.5421334967362,28.0729484782721 85.5421724252542,28.072961504454 85.5422334568631,28.0729918786746 85.5422565351911,28.0730218799137 85.5422839671415,28.0730720356646 85.5423524068922,28.0732078119404 85.5423707790544,28.0732350169448 85.5424074112233,28.0732977364831 85.5424136671901,28.0733125269306 85.5423875224693,28.073354781268 85.5423694097065,28.0733798141774 85.5423474019635,28.0734300310053 85.5423435069897,28.0734552149262 85.5423535744389,28.07349946612 85.5423674517395,28.0735248388107 85.542395461743,28.0735566679319 85.542416235158,28.0735978796712 85.5424336669437,28.0736232901084 85.5424476294031,28.0736423573729 85.5424508433627,28.0736676168002 85.5424540573236,28.0736928762274 85.5424536316989,28.0737244033216 85.5424529932607,28.0737716939627 85.5424524825089,28.0738095264752 85.5424765550839,28.0738696922147 85.5424868779898,28.0738950271434 85.5425199236529,28.073941536889 85.5425287016689,28.0739569579839 85.5425549345922,28.0739887682015 85.5425672475611,28.0739983584524 85.5425830511649,28.0740127155153 85.5426092094964,28.0740312112888 85.5426147435017,28.0740351242169 85.5426411679783,28.0740527472265 85.5426707639263,28.0740987823639 85.5426968267007,28.0741432033948 85.5427033824251,28.0741842641109 85.5426993385517,28.0742204825247 85.5426881431587,28.0742597781551 85.5426713606919,28.0743179334207 85.5426586008236,28.0743414466268 85.5426425660121,28.0743720668604 85.5426421800708,28.0743728038573 85.5426422177575,28.0743757673395 85.5426430423119,28.0744406059825 85.5426462350532,28.0744674417597 85.5426490660513,28.074521075566 85.5426609747873,28.074560616549 85.5426657319913,28.0746032347458 85.5426559307618,28.0746709236266 85.542655633588,28.0746929381878 85.5426553349451,28.0747150615562 85.5426546114517,28.074768657613 85.5426682123453,28.0748145228874 85.5426980638427,28.0748416417669 85.5427261806617,28.0748655890579 85.5427702076361,28.0748960116156 85.5428112691678,28.0749179512915 85.5428213861936,28.0749233569383 85.5428726711587,28.0749428204691 85.5429041936165,28.0749778399513 85.5429216044519,28.075004826689 85.5429796368154,28.075051163695 85.5430289956996,28.075081642784 85.5430482476581,28.0751039193119 85.5430727462942,28.0751325578628 85.5430934351545,28.0751800749308 85.5431018534235,28.075214849079 85.5431047059235,28.0752669065247 85.5431061853568,28.0752889943605 85.5431074520593,28.0753268457441 85.5431054195233,28.0753457431332 85.5431050366058,28.0753741175194 85.5431136038026,28.0753978571833 85.543132770741,28.0754264391202 85.5431410188561,28.0754738241044 85.5431352190719,28.0755084473053 85.5431113701165,28.0755633744337 85.5431109423642,28.0755639086748 85.5430950982048,28.0755836972279 85.5430552538442,28.0756384545249 85.5430407591735,28.0756587961809 85.543038279853,28.0757107970154 85.5430538710191,28.075740917579 85.5430908106492,28.0757696882146 85.5431348380886,28.0758001106691 85.5431557398196,28.0758318641819 85.543162253246,28.0758760775861 85.5431527712678,28.0759201211772 85.5431238669697,28.0759544990862 85.5430930577405,28.075998316247 85.5430692937413,28.0760469379411 85.5430652924394,28.0760800036489 85.5430771589258,28.0761226973084 85.5431296473866,28.0761847412068 85.5431843173637,28.0762168532166 85.5432232241195,28.0762392916713 85.5432372313729,28.0762473699837 85.5432634650361,28.0762791800842 85.5432719259725,28.0763108015126 85.5432751827188,28.0763329082119 85.5432856336518,28.0763487849595 85.5432833033181,28.0763897513145 85.5432651263991,28.0764195133842 85.5432448531112,28.0764729019031 85.5432405965738,28.076524883871 85.5432405804153,28.0765250341026 85.5432365314824,28.0765626786467 85.5432271558232,28.0765988404647 85.5432212708983,28.0766397690808 85.5432261772853,28.0766713527754 85.5432464187628,28.076689740879 85.5432507613952,28.076693685885 85.5432645754696,28.0767237875606 85.5432747711726,28.0767585805645 85.5432828925479,28.0767873474041 85.5432832534151,28.076788625637 85.543286120096,28.0767908138468 85.5433272387712,28.0768222007522 85.5433553987727,28.076842995223 85.5433727249197,28.0768762873303 85.5433846128722,28.0769174046116 85.5433698841004,28.0769550861953 85.5433563923667,28.076977440835 85.5433462476192,28.0769942498 85.5433189714618,28.0770396810846 85.5433076908635,28.0770852821656 85.5433049137996,28.0771593519614 85.5433092246152,28.0772350735787 85.5433151903081,28.0772466758573 85.5433230813118,28.0772620225403 85.5433261466429,28.0772983164274 85.5433168560253,28.0773281728285 85.5433153766871,28.0773319574943 85.5433058093828,28.0773564340071 85.543310503097,28.0774037812423 85.5433175380407,28.0774358702256 85.5433205499654,28.0774496087237 85.5433171790773,28.0774578338961 85.5433076834722,28.0774810037435 85.5432697221282,28.0775278981611 85.5432391464824,28.0775543754322 85.5432015041891,28.077577624513 85.5431745894743,28.0775962577339 85.5431439074128,28.0776306167534 85.5431291997239,28.0776667219464 85.5431391188849,28.077722007563 85.54315822239,28.0777553185656 85.5431599784133,28.077756913789 85.5432428306697,28.0778082439552 85.5433101553021,28.0778247244727 85.5433615906196,28.077833153387 85.5434357692396,28.0778686255639 85.5435099691793,28.0779025213478 85.5435468671112,28.0779344445931 85.5435481673362,28.0779357383995 85.5435837012594,28.0779710968927 85.5436063382815,28.0780060219207 85.543625293104,28.078050367346 85.543637138726,28.0780946373161 85.5436421303526,28.0781199155783 85.5436430144078,28.0781861413315 85.5436388430266,28.0782318178858 85.5436393620206,28.0782501867024 85.5436586711231,28.0783036900748 85.5436654454988,28.0783224611033 85.5436956593278,28.0783517396528 85.5437168865166,28.0783761149746 85.5437341704675,28.0784125597515 85.5437390557947,28.0784457197831 85.5437491879888,28.0784852418187 85.5437541371225,28.0785136727861 85.5437499445022,28.0785609256974 85.5437404837407,28.0786033929582 85.5437345775969,28.0786458979424 85.5437377706855,28.0786727336931 85.5437514787915,28.0787107170982 85.5437601526955,28.0787265749534 85.5437756381304,28.0787645772183 85.5437735205515,28.078789780028 85.5437553007953,28.0788226948514 85.5437496498441,28.0788462835815 85.5437545989899,28.078874714548 85.5437596332052,28.0788968400967 85.5437574730849,28.0789251956143 85.5437518008608,28.0789503606984 85.5437422337229,28.0790007097276 85.5437472041389,28.0790275643397 85.5437504823057,28.0790480946716 85.5437390527667,28.0791047302547 85.5437349451742,28.0791456777431 85.5437344985587,28.0791787811846 85.5437587430511,28.0792263358904 85.5437903095245,28.0792582024967 85.5438056456933,28.0792699940634 85.5438131807954,28.0792757875987 85.5438361584039,28.0792854909251 85.5438519629242,28.0792998478664 85.5438605730894,28.0793204347795 85.543864278664,28.0793417217046 85.5438655222805,28.0793488657421 85.5438667041667,28.0793930225264 85.5438964721283,28.0794264466039 85.5439025433308,28.079431410715 85.5439140540029,28.0794408223995 85.5439333281496,28.079461522471 85.5439384900118,28.0794741898871 85.54395753026,28.0795122298543 85.5439607446841,28.0795374892451 85.5439761239722,28.0795833732622 85.5439974724236,28.0796039795824 85.5440041997448,28.0796104730411 85.5440372885689,28.0796612747087 85.5440527954846,28.0796977005916 85.544103849034,28.0797345036417 85.5441338085197,28.0797537404819 85.5441796789575,28.0797794524501 85.5442133419612,28.0797876925065 85.5442311142022,28.0797915698213 85.5442665131057,28.0797992926828 85.544305380563,28.079817047413 85.5443105850037,28.0798265621075 85.5443082974396,28.0798643757624 85.5442955159474,28.0798894654458 85.5442863741578,28.0799082874213 85.5442825218483,28.0799303186733 85.5442534466794,28.0799773076104 85.5442388027812,28.0800086838488 85.5442348441531,28.0800385968712 85.5442325140326,28.0800795632315 85.5442331172684,28.0800986545481 85.5441957766479,28.0801674619417 85.5441952451082,28.0802068708029 85.5441965759536,28.0802399931034 85.5441979705842,28.0802683863405 85.5442004167048,28.0802916685116 85.5442011212941,28.0802983747892 85.5442061981773,28.080317347614 85.5442111900162,28.0803426258564 85.5442144045155,28.0803678852415 85.5442085834741,28.0804040848213 85.5442047736496,28.0804229633596 85.5441865962466,28.0804527255185 85.5441577547719,28.0804823745271 85.5441341815249,28.0805168091669 85.5441298763376,28.0805207564333 85.5440805209851,28.0805414650763 85.544066132119,28.0805539250378 85.5440499446406,28.0805679424924 85.5440390254006,28.0805867455864 85.5440404837826,28.0806104097596 85.5440507438383,28.0806404736472 85.5440606849395,28.0806941828477 85.5440531927972,28.0807224817862 85.5440187001976,28.0807757194947 85.5439970317779,28.0808007148404 85.5439821750305,28.0808478545822 85.5439621563435,28.0808823269065 85.5439438511962,28.0809215471505 85.5439362739408,28.0809561514963 85.5439447566437,28.0809861965294 85.5439550805008,28.0810115313606 85.5439671604492,28.081038461406 85.5440004410485,28.0810750759011 85.5440319017867,28.0811148242371 85.5440438541771,28.0811512124012 85.5440467496822,28.0812001170984 85.5440479316269,28.0812442738732 85.5440545732298,28.0812790291026 85.5440595225375,28.0813074600556 85.5440644718475,28.0813358910084 85.5440852472679,28.0813771025297 85.5441238600842,28.0814137735769 85.5441759281373,28.0814437183508 85.5441908894162,28.0814523227012 85.5442085354367,28.0814619694063 85.5442243828382,28.0814731736058 85.5442400814083,28.0814954122827 85.5442504479027,28.081517594386 85.5442644541705,28.0815335087863 85.5442732134053,28.0815430611973 85.5442921265356,28.0815905592502 85.5442955188121,28.0816052429468 85.5443050200284,28.081618216577 85.5443232819516,28.0816537308928 85.5443276022717,28.081680786575 85.5443280321407,28.0816817064007 85.5443370197757,28.0816887834831 85.5443493124959,28.0816999499567 85.5443792512967,28.0817207631142 85.5444004308466,28.0817320238625 85.5444181194511,28.0817385178343 85.5444357655389,28.0817481645123 85.5444533691115,28.0817609638967 85.5444602872387,28.0817752265047 85.5444653854842,28.081792622966 85.5444704624721,28.0818115957815 85.5444735282467,28.081847889639 85.5444767003177,28.081876301725 85.5444816922752,28.0819015799571 85.5444956135903,28.0819237997531 85.5445255312226,28.0819461892357 85.5445502868262,28.0819559113167 85.5445786609439,28.0819609420372 85.5445962858251,28.0819721650505 85.5446103347157,28.08198492671 85.5446242773248,28.0820055701398 85.5446328878311,28.0820261570101 85.5446432757101,28.0820467627326 85.5446590169597,28.0820658486576 85.5446782066743,28.082092854057 85.5446974176543,28.0821182830997 85.5447343811014,28.0821454770107 85.5447660549617,28.0821694616502 85.5448101916964,28.0821920018829 85.5448293404092,28.0822093959977 85.5448470701821,28.082225501183 85.5448876947175,28.0822448509829 85.5448969463035,28.082248558287 85.544915983918,28.0822561870548 85.544923009434,28.0822649735641 85.5449426952168,28.0822773722056 85.5449680963705,28.0823046514291 85.5449836208861,28.0823215814243 85.5450338778689,28.0823457257567 85.5450905201128,28.0823636687737 85.5451256851194,28.0823924200926 85.5451360943762,28.082411449427 85.5451440175177,28.0824259338481 85.5451551780228,28.0824463365381 85.5451690357966,28.0824732853358 85.5451915042265,28.0825208209714 85.5452247856887,28.0825574351945 85.5452513188778,28.082567176001 85.5453258413038,28.0825774256024 85.5453808975602,28.0825811624686 85.5454163814046,28.0825862683965 85.5454570911642,28.0825993126167 85.5455120412162,28.0826109312049 85.5455797091066,28.082602189045 85.5455882730196,28.08260198779 85.5456151954181,28.0826127759583 85.5456641318341,28.0826319938088 85.5456850166094,28.0826467589471 85.5457127883373,28.0826719854848 85.5457358474757,28.0826992397483 85.5457589346178,28.082724416624 85.545786678391,28.0827517205321 85.5458074232494,28.0827768725744 85.5458349991027,28.0828166407794 85.5458462907798,28.0828479256688 85.5458577504063,28.0828667462516 85.5458692380271,28.0828834894491 85.5458939398105,28.0829627031209 85.5458998717891,28.0829742386284 85.5458943914095,28.0829949397202 85.5458922104759,28.0830248716279 85.5458970541327,28.0830611843037 85.5459089861051,28.0830991486818 85.5459352221499,28.0831309583325 85.5459543486535,28.0831626926334 85.5459806272031,28.0831913495662 85.5460032872726,28.0832246978879 85.5460402726688,28.0832503151142 85.5460701060445,28.0832790097016 85.5461195969252,28.0833000296863 85.5461365195978,28.0833096613 85.5461395657508,28.0833148759158 85.546144675051,28.0833268767218 85.5461492127651,28.0833378326304 85.5461572639593,28.0833488257688 85.5461663184038,28.0833722956235 85.5461714556945,28.0833822190441 85.5461777151725,28.0833957902973 85.5461796130144,28.0833990636181 85.5461829084351,28.0834015589487 85.5461875231143,28.0834068020489 85.5461895912986,28.0834099436117 85.5461941985321,28.0834364060795 85.5462310141679,28.0834746340989 85.5462349713969,28.0834797775723 85.546243243583,28.0834905294802 85.5462391154564,28.0835330534027 85.5462263763994,28.0835549905434 85.5462048617662,28.0835941781893 85.5462039588983,28.0835996811131 85.5462035671116,28.0836287644947 85.5462055456354,28.0836557953113 85.5462065437368,28.083670690133 85.5461942070091,28.0836996950434 85.5461884076307,28.0837343183533 85.5461878555032,28.083775303584 85.5461908581746,28.0838163264817 85.5461831327356,28.0838619654419 85.5461791956876,28.083890302164 85.5461857319249,28.083932939084 85.5461816037505,28.0839754630006 85.5461721858342,28.0840147777048 85.5461753159187,28.0840463424719 85.5461821282297,28.0840684867771 85.5461850884298,28.0841126623834 85.5461827588866,28.0841536287777 85.5461972934722,28.084175147659 85.546210645248,28.0841949153472 85.5462156164605,28.084221769882 85.5462256650699,28.0842675971765 85.5462306362887,28.0842944517107 85.546217621068,28.0843368814587 85.5462101079516,28.0843667568671 85.5462077359359,28.0844108759703 85.5462039475198,28.0844281782063 85.5462037563953,28.0844423654002 85.5462246181332,28.0844772712128 85.5462331654174,28.084502587059 85.5462219700525,28.084541882929 85.5462002588564,28.08457003131 85.5461942086792,28.0845855097723 85.54619529453,28.0845906430428 85.5462020137238,28.0846135687288 85.5462063625869,28.0846385469784 85.5462448951746,28.0847345285852 85.5462496753169,28.0847533281291 85.5462757256675,28.0847742097636 85.5462896477033,28.0847964293962 85.5462962264925,28.0848359135995 85.5462884585339,28.0848847052676 85.5462897900123,28.0849178275521 85.546296262631,28.0849651935291 85.5462796712673,28.0850091619655 85.5462714759038,28.0850221165724 85.5462469769252,28.0850608426705 85.5462302793439,28.0851126928728 85.5462153804043,28.0851629855516 85.5462006088704,28.0852038200997 85.5461896045417,28.0852289287678 85.5461641896815,28.0852680739483 85.5461583477103,28.0853058499551 85.5461863617618,28.0853376784057 85.5462001351874,28.0853709325303 85.5461980179701,28.0853961353703 85.5461974020966,28.0854418496551 85.5462182640102,28.0854767554709 85.5462214294333,28.0854806811534 85.5462253108818,28.0854926744577 85.5462321140885,28.08550936799 85.5462411197325,28.0855364732617 85.5462534990016,28.0855740026824 85.5462557294252,28.085582337038 85.5462566907137,28.0855979298269 85.5462541384494,28.0856134853857 85.5462516561497,28.0856238474847 85.5462479326992,28.0856393906331 85.5462478067609,28.0856487388603 85.5462533548362,28.0856716521331 85.5462565605432,28.0856945405855 85.5462539243171,28.0857163282954 85.546250032945,28.0857443357464 85.5462462535163,28.0857640336619 85.5462353909956,28.0857878118831 85.5462150610231,28.0858187616627 85.5462090511604,28.0858301252207 85.546171055409,28.0858681596763 85.5461567772576,28.0858846298143 85.5461389575509,28.0859031401008 85.5461317904821,28.0859134525518 85.546124539445,28.0859299971532 85.5461161592013,28.0859434132673 85.5461076949875,28.0859630615316 85.5461016431207,28.0859775411593 85.5460979616185,28.0859899682262 85.5460917977899,28.0860127573877 85.5460880603056,28.0860293392213 85.5460867631624,28.0860386750357 85.5460742955403,28.086094640274 85.5460762880424,28.0861206323918 85.5460784624812,28.0861331215166 85.5460805109649,28.0861549588671 85.546082517464,28.0861799122929 85.5460846639143,28.086194478801 85.5460832967929,28.0862090080739 85.5460794473381,28.0862338994405 85.5460815518034,28.0862515820238 85.5460824570876,28.0862713295788 85.5460786356201,28.0862941435616 85.5460773104815,28.0863055567589 85.5460771705297,28.0863159436763 85.5460735030066,28.0863273320496 85.5460591687952,28.0863479569405 85.5460495613345,28.086365515403 85.5460423382423,28.086379982614 85.5460308280968,28.086397088958 85.5460209012231,28.0864032693218 85.5459976457845,28.0864140589128 85.5459671106398,28.0864373839811 85.5459364480314,28.0864701671674 85.5459163651003,28.0865093687965 85.5459086605412,28.0865534313581 85.545899114802,28.0866022041421 85.5458843429271,28.086643038636 85.5458644086433,28.0866712057757 85.5458390145467,28.0867087745167 85.5458261475427,28.0867401697178 85.5458151429545,28.0867652783414 85.5457969648337,28.0867950406637 85.5457824478229,28.0868169588947 85.5457642271947,28.0868498739198 85.5457617699153,28.086900298407 85.5457629312694,28.0869460315141 85.5457767047443,28.0869792856765 85.5457800208067,28.0869884729173 85.5457887007748,28.0870125209968 85.5457970781735,28.0870504476967 85.5458038268335,28.0870773210775 85.5458033594597,28.0871120008652 85.5457993159314,28.0871482193252 85.5457917812229,28.0871796710411 85.545777221666,28.0872047419762 85.545748357474,28.0872359675937 85.5457230694237,28.0872656545343 85.545717599883,28.0872858761842 85.5457206144479,28.0873063343329 85.5457216036609,28.0873198497366 85.5457260224872,28.0873396345348 85.5457280989089,28.0873593945023 85.5457301753312,28.0873791544697 85.5457335209514,28.0873916560124 85.5457344541697,28.0874093261816 85.5457342301836,28.0874259452442 85.5457268529807,28.0874518380376 85.5457183465677,28.0874746023408 85.5457088574759,28.0874949329051 85.5457038854214,28.0875019380345 85.545656991555,28.0875518914494 85.5456281272316,28.0875831170354 85.5456063302448,28.0876175706965 85.5455881944087,28.0876441802726 85.545580808334,28.0876645974952 85.545580383373,28.0876961245691 85.5456029167091,28.0877389310888 85.545615125235,28.0877564028849 85.5456132029428,28.0877827822216 85.5456129440651,28.0877863347616 85.5456105371347,28.0877904793528 85.5456020243011,28.0878051379438 85.5455767785675,28.0878316721412 85.5455533952818,28.0878519197633 85.5455297569998,28.0878910836244 85.5455313432258,28.0879052896516 85.5455363781418,28.0879274151363 85.5455786336385,28.087957818121 85.5456121930483,28.0879739396923 85.5456167985877,28.0879794153015 85.5456349389256,28.0880009826711 85.545643656289,28.0880136877173 85.5456627835023,28.0880454220662 85.5456641360283,28.0880769679826 85.5456548237327,28.0881084008398 85.5456437339604,28.0881398148527 85.5456395203428,28.0881886441282 85.5456321554832,28.0882074849974 85.5456121995787,28.0882372284345 85.5456009822895,28.0882781005638 85.5455952249027,28.0883095711029 85.545580558893,28.0883425237734 85.5455624229204,28.0883691333386 85.5455389120151,28.0883988390733 85.5455073026043,28.0884201094549 85.5455066199682,28.0884205688094 85.5454886327142,28.0884361438892 85.5454705604537,28.0884580243801 85.5454454845342,28.0884719477166 85.5454275397649,28.0884843700808 85.5454237085484,28.0885048249821 85.5454606742996,28.0885320187615 85.5454850405662,28.0885443642109 85.5454941913649,28.0885512930732 85.5455129430464,28.088572987305 85.54551344612,28.0885735693218 85.5455221210124,28.0885894270828 85.5455342446163,28.088613204301 85.5455464107241,28.0886338288112 85.545555170623,28.0886433811566 85.5455709129459,28.0886624670011 85.5455829728215,28.0886909732758 85.5455895515202,28.0887304574904 85.5456088488231,28.08874958102 85.5456210787049,28.088765476464 85.5456349160858,28.0887940015787 85.5456327986316,28.0888192043903 85.5456254124741,28.0888396216092 85.5456088414187,28.0888820135546 85.5456085439366,28.0889040825027 85.5456065539656,28.0889198271926 85.5456115251884,28.088946681734 85.5456201576257,28.0889656921965 85.5456161139371,28.0890019106367 85.5456014690784,28.0890332869496 85.5455726255721,28.0890629361486 85.5455600344232,28.0890738387072 85.5455411835633,28.0891106340462 85.5455399508282,28.0891130402435 85.5455402102874,28.0891222182054 85.5455411545673,28.0891556206289 85.5455410695675,28.0891619260422 85.5455409884337,28.0891679446725 85.5455406870682,28.0891903004021 85.5455315233764,28.0892106987679 85.5455275646459,28.0892406117895 85.5455273733939,28.0892547989692 85.5455217646725,28.0892752350251 85.5455141022029,28.0893161448273 85.5455490357559,28.0893622359846 85.5455613506932,28.0893718260216 85.5455930692906,28.0893926578253 85.5456039210278,28.0894025144787 85.545614781656,28.0894223676024 85.5456352476562,28.0894682935147 85.5456514908058,28.0894798929522 85.5456711496305,28.0894988004753 85.5456837671028,28.0895186721879 85.5456881299897,28.0895426117485 85.5456866647452,28.0895644118444 85.5456852835052,28.0895799797938 85.5456898284053,28.0895904163705 85.5457012886642,28.0896092369741 85.5457128609322,28.0896197480484 85.5457161823525,28.0896247930494 85.5457194477957,28.0896446736238 85.5457155528389,28.0896698575905 85.5457256228794,28.089714108544 85.5457233779313,28.0897487694738 85.545715885479,28.0897770684598 85.5457191217562,28.0898007514463 85.5457240505418,28.0898307586894 85.5457253393397,28.0898670336587 85.5457445518708,28.0898924625879 85.5457715821017,28.0899078461983 85.5457811370254,28.0899425120741 85.5457815582835,28.0899452231664 85.5458092782753,28.0899704010837 85.5458459471659,28.0900196637229 85.5458475334517,28.0900338697449 85.545870152324,28.0900703708154 85.5458680136394,28.0900971499806 85.5458676737031,28.090122371634 85.5458602237501,28.0901475179201 85.5458421512593,28.0901693984469 85.5458046324439,28.0901831899373 85.5457853798826,28.0901965174755 85.5457777149059,28.090201823535 85.5457755124519,28.090233331757 85.5457760742317,28.0902342283275 85.5457894350333,28.0902555514458 85.5457962263485,28.0902792721158 85.5458151627551,28.0903251936292 85.5458254028601,28.0903568337491 85.5458375054655,28.0903821872977 85.5458515130639,28.0903981015679 85.5458598269519,28.0904407573162 85.5458701308185,28.0904676683735 85.5458873960066,28.0905056892699 85.5458906323359,28.0905293722522 85.5458797335651,28.0905465990874 85.5458723898126,28.0905638636055 85.5458685373409,28.0905858948668 85.5458573836011,28.0906220379384 85.5458209409821,28.0906878679239 85.5458009208943,28.0907223404224 85.5457807733061,28.0907662710361 85.5457804970836,28.0907867636267 85.5457854471662,28.0908151945126 85.5458081936535,28.0908422374759 85.5458309613994,28.0908677040825 85.5458412865414,28.0908930387884 85.5458658743158,28.090915371526 85.5458849808235,28.0909486822057 85.5458775520549,28.0909722521347 85.5458629069761,28.0910036284597 85.5458410880721,28.0910396584715 85.5458122653142,28.0910677313418 85.5457911338553,28.0910810208593 85.5457497121658,28.0910922934701 85.5457158542982,28.0910982408447 85.5457014428973,28.0911122772665 85.5456887240145,28.0911326379432 85.5456795176683,28.0911561890141 85.5456791564232,28.0911829870145 85.5456893753077,28.0912162034953 85.5456908340852,28.0912398676344 85.5456866840501,28.0912839678274 85.5456881853267,28.0913044792605 85.5457003517438,28.0913251037617 85.5457126031629,28.0913394228501 85.5457245995945,28.091372658173 85.545724387102,28.0913884217025 85.5457115194422,28.09141981685 85.5457003443012,28.0914575362523 85.5457029759588,28.0914902650985 85.545719217101,28.0915081868362 85.5457402499298,28.0915304819096 85.545745306272,28.0915510310303 85.5457380474192,28.0915619901238 85.5457110020172,28.0915900818088 85.5457092949541,28.0915913483304 85.5456858616292,28.0916087342156 85.545671343902,28.0916306523949 85.5456567836678,28.0916557232779 85.5456493760444,28.0916777168357 85.5456558698956,28.0917235064495 85.5456606712227,28.0917629718063 85.5456906342409,28.0917822084091 85.5457420976394,28.0917890603173 85.5457526563235,28.0917942780275 85.5457578404291,28.0918081461503 85.5457733282371,28.0918461482162 85.545791974358,28.0918802323189 85.5457941486533,28.0918842068119 85.545797321243,28.0919126188512 85.545809508993,28.0919316669914 85.5458144591215,28.091960097874 85.5458102878465,28.09200577442 85.5458132692057,28.0920483736345 85.5458073628863,28.0920908786304 85.5458136443352,28.0921524317658 85.5458016217866,28.0921943964464 85.5457897501405,28.09221051185 85.5457912939393,28.0922278705748 85.5457964140647,28.0922436906348 85.5458015979381,28.0922547816361 85.5458048555315,28.0922768882631 85.5458116682051,28.0922990325776 85.5458273898291,28.0923196947573 85.5458324249694,28.0923418202272 85.5458339475275,28.0923607553044 85.5458353850918,28.0923859957927 85.545824252375,28.0924205624922 85.5458167809789,28.0924472851143 85.5458218373705,28.0924678342316 85.5458178573087,28.0924993235992 85.5458246062504,28.0925261969713 85.5458386141103,28.0925421112483 85.5458596684044,28.0925628299558 85.5458665873458,28.0925770925039 85.5458680036701,28.0926039093443 85.5458588609668,28.0926227313608 85.5458514533084,28.0926447249256 85.5458582660112,28.0926668692378 85.5458793203324,28.092687587943 85.5459057922917,28.0927020577627 85.5459180013915,28.0927195295425 85.5459283479584,28.0927432878898 85.5459421008931,28.0927781183907 85.5459577588669,28.092803509616 85.5459578525493,28.0928040961951 85.5459806757688,28.092817941738 85.5460017088961,28.0928402367787 85.5460102566967,28.0928655526317 85.5460134293602,28.0928939646653 85.5460180608798,28.0929460408322 85.5460480030382,28.0929668537212 85.5460814790648,28.0929892806384 85.5460970733647,28.0930194009079 85.5461001610728,28.0930541183512 85.546092689693,28.0930808409868 85.5460906996863,28.0930965856743 85.5460871994665,28.0931089641263 85.5460904659865,28.0931139255551 85.5460955012106,28.0931360510164 85.5460916061763,28.0931612349798 85.5460946301481,28.093200681481 85.5460978028396,28.0932290935125 85.5460901856046,28.0932628855745 85.5461037326211,28.0932982658731 85.5461194864195,28.0933462194466 85.5461283806049,28.0933816342446 85.5461303871701,28.0934065876496 85.5461229675873,28.0934355965028 85.5461155759981,28.093462527974 85.5461102749609,28.0935081807054 85.5461099479229,28.0935324459263 85.546125443575,28.093552584958 85.5461852432947,28.0936005161046 85.5462234573956,28.0936671373903 85.5462872796964,28.0936804264127 85.5463511444986,28.0936905627002 85.5463827582792,28.0937192761261 85.5464426431711,28.0937609017555 85.5464567362396,28.0937705105644 85.5464812822937,28.0937959959177 85.5465485324012,28.0938187806121 85.5465874689232,28.0938318058044 85.5466227228939,28.0938542514356 85.5466651296196,28.0938736196872 85.5467250996567,28.0939089397874 85.5467425780111,28.0939311970588 85.5467670392247,28.0939629877766 85.5467737672432,28.0939914374617 85.5467874781229,28.094029420594 85.5468048290938,28.0940611359769 85.5468003820458,28.0941273051421 85.54680004227,28.0941525267911 85.546824376134,28.0941937756186 85.5468383418802,28.0942128425096 85.5468484127209,28.0942570933854 85.5468727466256,28.0942983422052 85.5468829873665,28.0943299822542 85.5469211172069,28.0944029087767 85.546949091258,28.0944378898335 85.5470198970211,28.094460711974 85.5470625163818,28.0944643165809 85.5471368348792,28.0944903290268 85.5472221585591,28.0944912327428 85.547278998556,28.0944949878973 85.5473713051849,28.0945054249453 85.547417522189,28.094505914386 85.5474672518954,28.0945095941655 85.5474811753438,28.0945318137028 85.5474843484246,28.094560225712 85.5474802838339,28.0945980205475 85.5474723669086,28.0946578466832 85.5474647046943,28.0946987565767 85.5474676230524,28.0947460848264 85.5474743512964,28.0947745344827 85.5474776092862,28.0947966410777 85.5475123967826,28.0948537662707 85.547526065569,28.0948949020451 85.5475645780943,28.0949394540453 85.5475820143334,28.094964863926 85.5475884454654,28.0950153825254 85.547583956379,28.0950847044304 85.5475870021442,28.0951225745569 85.5475849645009,28.0952739044808 85.5475737895445,28.0953116240248 85.5475589320416,28.0953587640413 85.5475585499735,28.095387138401 85.5475507603698,28.0954375064142 85.5475360301956,28.0954751883067 85.5475243882119,28.0955475876158 85.5475238787715,28.0955854200937 85.5475269245213,28.0956232902186 85.5475302249927,28.0956422441047 85.5475755934462,28.0957057876402 85.5476353949892,28.0957537182085 85.5476634545079,28.0957823937215 85.5477872072575,28.0958341545088 85.5478119238658,28.0958470288188 85.547886073727,28.0958856517231 85.5479391046412,28.0959082852347 85.5480167249155,28.0959532511222 85.5480058471071,28.0959689017519 85.5480155790422,28.0960383742107 85.5480218406594,28.0961015036199 85.5480318272504,28.0961520598355 85.5480524794829,28.0962027289538 85.5480659788695,28.0962564755084 85.5480901014744,28.0963134876695 85.5481421565965,28.0964086333711 85.548162936234,28.0964498443537 85.5481908263284,28.0964911305959 85.5482505437088,28.0965453663312 85.5483138163738,28.0965996396703 85.5483734490151,28.0966601807701 85.5484509002953,28.096717757263 85.5485248388545,28.0967721433846 85.5485424453047,28.0967849423267 85.548634202545,28.0968363637957 85.548669373075,28.0968651143587 85.5486760169004,28.0968998693793 85.5486683125175,28.0969439320458 85.548667591336,28.0969975280724 85.548688201593,28.0970513498135 85.5486947181675,28.0970955629552 85.5487050020978,28.097124050178 85.5487222692566,28.0971620707589 85.5487392819024,28.0972190075824 85.5487522726913,28.0973105865682 85.5487554461554,28.0973389985524 85.5487936630935,28.0974056191954 85.5488286217534,28.0974501332611 85.5488707757867,28.0974884171332 85.5489024337478,28.0975139773218 85.5489765851455,28.0975525996847 85.5490542070316,28.0975975650347 85.5490963187922,28.0976390015495 85.549120696688,28.0976770973036 85.549162978142,28.0977059229684 85.5491804575927,28.0977281799589 85.5491944241949,28.097747246633 85.5492047507212,28.0977725811151 85.549204157006,28.0978167190246 85.5492105041919,28.0978735429778 85.549213720195,28.0978988022464 85.5492308604242,28.0979462808937 85.5492623489765,28.0979844518371 85.5492799981162,28.0979940979851 85.5493151267838,28.0980260011062 85.5493358223506,28.0980735173458 85.5493458945103,28.0981177680657 85.5493484320751,28.0981934706574 85.5493370877572,28.0982438011725 85.5493188024867,28.0982814456469 85.5492895969143,28.0983378935503 85.5492606881636,28.0983722724925 85.5492280544741,28.0984192246516 85.5492339351985,28.0985107283836 85.5492512027459,28.0985487489056 85.549268258266,28.0986025329635 85.5493202306454,28.0987039836821 85.549319000855,28.0987954122008 85.549296651287,28.0988708515506 85.5492674031205,28.0989304521456 85.549219911887,28.0990245444766 85.5491905788113,28.0990904504653 85.5491792767175,28.0991376282475 85.5491857511688,28.0991849940722 85.5491815172751,28.0992353997778 85.549158997857,28.0993234499217 85.549115358556,28.0993955108621 85.5490539001779,28.0994705364319 85.5490213932955,28.0995080303984 85.5489411401066,28.099658532803 85.5489085058657,28.0997054848577 85.5488828125702,28.0997651229637 85.5488677428185,28.0998280266229 85.5488671064924,28.099875317219 85.5488628299857,28.0999288756096 85.5488590625399,28.0999446015235 85.5488516549118,28.0999665952316 85.548868710421,28.1000203793293 85.548882210606,28.1000741258076 85.548885299308,28.1001088431946 85.5488882607465,28.1001530187003 85.5488837721232,28.1002223406208 85.5488866487182,28.1002728215384 85.5488607855694,28.1003450704547 85.5488281510725,28.1003920224767 85.5487741844351,28.1004387487665 85.5487170442429,28.1004570630576 85.5486658691605,28.1005605756284 85.5486512658736,28.1005887994846 85.5486255722044,28.1006484375218 85.5485713507579,28.1007140799557 85.5485316052946,28.1007609566427 85.5484920719683,28.1007920697895 85.5484088982023,28.1008952435839 85.5483796489518,28.1009548439337 85.5483537004048,28.1010333981389 85.5483352869594,28.1010805005522 85.5483205561909,28.1011181824804 85.5483082773343,28.1012378723704 85.5483043824314,28.1012630563762 85.5483003602037,28.1012976984967 85.5483032789706,28.1013450267049 85.5483064948251,28.1013702859783 85.5483234865873,28.1014287991887 85.548353261734,28.1014622224737 85.5483706354869,28.1014923613345 85.5483738725796,28.1015160442541 85.5483698079216,28.1015538390808 85.5483515853631,28.1015867543178 85.5483299135045,28.101611750156 85.5483010671923,28.1016413997787 85.5482509946216,28.1016629418192 85.5481796745696,28.1016779526068 85.5481403318061,28.1016948784613 85.5481167760631,28.1017277372046 85.548105791528,28.1017512695695 85.5481030025518,28.1017531443114 85.5481020875677,28.1017622663953 85.5481122443841,28.1018002117679 85.5481227407833,28.1018129355042 85.548154357334,28.1018416485952 85.5481717947547,28.101867058423 85.5481893170738,28.1018861628398 85.5481925329116,28.1019114221136 85.5481918962339,28.1019587126811 85.5481769954984,28.1020090054007 85.5481653530289,28.1020814046872 85.5481507918353,28.1021064757671 85.5481108334131,28.1021691158185 85.548074727497,28.1022097245677 85.5480246546156,28.1022312665123 85.547953164347,28.1022588879818 85.5478886575019,28.1022960428165 85.5478594500079,28.1023524903148 85.5478481469272,28.1023996679311 85.5478543237267,28.1024691027089 85.5478569451124,28.1025384998389 85.5478527953058,28.102582600044 85.5478521160048,28.1026330433035 85.5478622727999,28.1026709886897 85.5478830109662,28.1027153524231 85.5478931677786,28.1027532978073 85.5479034095079,28.1027849377834 85.5479136936977,28.1028134250552 85.5479055214606,28.1028921673549 85.5479015414751,28.102923656745 85.5478759316926,28.1029769891786 85.5478578148674,28.10300202257 85.5477897520988,28.1030391396886 85.5477288426193,28.1030731793706 85.5476678481769,28.1031135244304 85.5476596332647,28.1031954194078 85.5476624668355,28.1032490530147 85.5476580621291,28.1033120694243 85.5476497162218,28.1033375283167 85.547609256795,28.1033714624548 85.5475271842523,28.1033926652955 85.5474557143189,28.1034187101161 85.5474053222199,28.1034638970757 85.5473832887422,28.103515690708 85.5473824125259,28.1035301757569 85.5473810013558,28.1035535043092 85.5473895077427,28.1035819727843 85.5474279169662,28.1036344066386 85.5474682738326,28.1036742485016 85.5474946212411,28.1036981762089 85.547540056539,28.1037569907556 85.5475715248405,28.1037967384483 85.5476293194099,28.1038619901694 85.547641190256,28.1039046834484 85.5476494631802,28.1039504917751 85.5476486351185,28.1040119694796 85.5476425375468,28.1040686616478 85.5476402502302,28.1041064752533 85.5476485656306,28.1041491308766 85.547654975905,28.1042012257803 85.5476488358561,28.1042610706496 85.5476320293646,28.1043208025528 85.5476044502463,28.1043883032418 85.547542584385,28.1044932786091 85.5475117894344,28.1045355199973 85.5474702430584,28.1045839538035 85.5474395329966,28.1046198897686 85.5474229811602,28.1046607054237 85.5474150419628,28.1047221077934 85.547414404869,28.1047693983252 85.5474262332392,28.10481524432 85.5474647703071,28.1048582200654 85.5474982926904,28.1048774940457 85.547556300108,28.1049269822965 85.5476651404014,28.1050306124726 85.5476895830251,28.1050639794314 85.5477173051469,28.1051178766055 85.5477255144755,28.105168413978 85.5477283905491,28.1052188948694 85.5477385475006,28.1052568402584 85.5477488530832,28.1052837511885 85.547760936426,28.1053106809445 85.5477766389815,28.1053329192987 85.5477924477007,28.1053472758954 85.5478170178189,28.1053711847269 85.5478486352835,28.1053998979099 85.547910113735,28.1054557290796 85.547932842457,28.1054843481209 85.547967888129,28.1055225570347 85.5479920337508,28.1055779928626 85.5479949524088,28.105625321048 85.5479909723106,28.1056568104258 85.5480062503887,28.1057105757813 85.5480182276971,28.1057453872735 85.5480229241312,28.1057927342812 85.5480166992386,28.1058588845627 85.5479893109803,28.1059121981479 85.5479710662787,28.1059466896335 85.5479242499183,28.1059903380289 85.5478385561818,28.1060162323796 85.5477885026851,28.1060361978076 85.5477113579891,28.1060874078244 85.5476576002615,28.1061183700035 85.5476322231065,28.106154362475 85.5476300843494,28.1061811416113 85.5476367707381,28.1062127439437 85.5476539963489,28.1062539173523 85.547660576577,28.1062934014381 85.5476509869839,28.1063453268742 85.5476436210798,28.10636416777 85.5476176068089,28.1064474507597 85.5476185776523,28.1065073709194 85.5476251578784,28.1065468550055 85.5476226368762,28.1066020084539 85.5476113756294,28.1066460333004 85.5475911405399,28.1066962694008 85.5475780165465,28.1067465808163 85.5475754955106,28.1068017342613 85.5475874515469,28.1068381221357 85.5476063913017,28.1068840434315 85.5476096070958,28.1069093027016 85.5475932035808,28.1069390838986 85.5475482068793,28.1069795982661 85.547508713391,28.1070075583051 85.5474457051721,28.1070652241828 85.5474238620411,28.1071028306138 85.5473910123594,28.1071655456543 85.5473256951976,28.1072626013981 85.5472786443414,28.107323589388 85.5472474660864,28.1073942049722 85.5472201195121,28.1074443656628 85.5471875457497,28.1074865880896 85.5471603478212,28.1075257143141 85.5471437953823,28.1075665298981 85.5471395812647,28.1076153590829 85.5471424570741,28.1076658399614 85.547145901654,28.1076883047102 85.547128518188,28.1077106246711 85.5471191937251,28.1077428456684 85.5470971272741,28.1077970037108 85.5470753475963,28.107829881022 85.547039249928,28.1078697012057 85.5470218828436,28.1079049901254 85.5470124414811,28.1079458810379 85.5470005458663,28.1079709801921 85.5469991675876,28.1079890717759 85.5469630705643,28.108047046983 85.5469320193533,28.1081082043729 85.5469167558549,28.108185294807 85.5468803499177,28.1082479720136 85.5468584425912,28.1082903073815 85.5468510764015,28.1083091482193 85.546860723334,28.1083849260523 85.546888298166,28.1084626234087 85.5468893487842,28.108473216184 85.5468961529314,28.1085053756323 85.5468973926784,28.108520790695 85.5468984248551,28.1085516054829 85.546893442888,28.1085990419563 85.5468987824258,28.1086324693771 85.5469070130069,28.1086454296028 85.5469143742867,28.1086570209864 85.5469329472807,28.1086751867162 85.5469513819046,28.1087036189272 85.5469655264668,28.1087281551943 85.5469927315169,28.1087502628686 85.5470257777519,28.1087685819514 85.5470920086196,28.1087949536101 85.5471412002596,28.1087967583191 85.5471817252662,28.1087971876928 85.5472163399292,28.1088065388919 85.5472449231998,28.1088337950951 85.5472691818103,28.1088597219812 85.5473050881879,28.1088806382878 85.5473265386406,28.1089001179449 85.5473449042364,28.1089336833498 85.5473340812644,28.1089849084433 85.5473435208308,28.1090363481983 85.5473488778168,28.109068492295 85.5473629533456,28.1090981617673 85.5473872985028,28.1091176720818 85.5474072498139,28.1091409863271 85.5474257710985,28.109163001927 85.5474439638514,28.1092094004264 85.5474577108866,28.1092634527919 85.5474874304251,28.1093138238726 85.5475275579477,28.1093437692962 85.54758079791,28.1093674361316 85.5476238028495,28.1093986955004 85.5476595020053,28.1094350114503 85.54767511144,28.1094582796704 85.5476932870569,28.1095059614514 85.5476973178539,28.1095291070326 85.5477185264645,28.1095665529839 85.5477211272245,28.1095883999245 85.5477234686577,28.1096294965256 85.54773018667,28.1096680724927 85.5477630777199,28.1096979412069 85.5477871810536,28.1097354178066 85.5477937435036,28.1097855435676 85.5478062336042,28.1098254641565 85.5478102471467,28.1098498930454 85.54779541074,28.1098766892848 85.5477806434779,28.1098983522795 85.547768857325,28.1099136293768 85.5477637546302,28.1099700490592 85.5477704035196,28.1100137582665 85.5477815327356,28.1100472469749 85.547798555043,28.1100730971333 85.5478069451847,28.1100950053865 85.5478153180417,28.1101181969498 85.5478224337269,28.110127256767 85.5478520153596,28.1101878942632 85.5478777909002,28.1102087031389 85.5478932967658,28.1102396712016 85.5479204850952,28.1102630620191 85.5479507236974,28.1102749336895 85.5479736737375,28.1102905786512 85.5479951418703,28.110308774904 85.5480428004619,28.1103169805423 85.5480831877782,28.1103276761571 85.5481177338781,28.1103421603909 85.5481478861059,28.1103604485734 85.5481694925528,28.1103683783138 85.5481838277182,28.1103787980489 85.548193699871,28.1103981549843 85.5482006254888,28.1104213312025 85.5482190780153,28.1104484799487 85.548231862153,28.1104665842198 85.5482402696938,28.1104872091388 85.5482501073002,28.1105091326923 85.5482772093626,28.1105389399978 85.5483029677876,28.1105610321096 85.5483143046059,28.1105791210501 85.5483283287366,28.1106126403668 85.5483338070482,28.1106358012557 85.5483521732343,28.1106693665402 85.5483547568576,28.110692496782 85.5483427633082,28.1107231736569 85.5483205346175,28.1107614431312 85.5483129695093,28.110785749419 85.5483126065798,28.1108126989462 85.5483137601291,28.1108345305537 85.5483207722081,28.1108512902123 85.548334882783,28.1108783929744 85.5483519917581,28.1108978265168 85.5483690834575,28.1109185433681 85.5483862097266,28.1109366935958 85.5483974256254,28.1109637657063 85.5484028348405,28.1109920598358 85.5484036773424,28.1110369910376 85.5484035390908,28.1110472575242 85.5484015041674,28.1110908747693 85.5484053105013,28.1111307033729 85.5484108234135,28.111151297637 85.5484206265466,28.1111757878014 85.5484216764301,28.1112053192727 85.5484225707815,28.111246400541 85.5484222942794,28.1112669335137 85.5484261006241,28.1113067621163 85.5484285287398,28.1113414421529 85.5484278720468,28.1113902079625 85.5484187904278,28.1114196321736 85.5484138780615,28.1114619354601 85.5484163061744,28.1114966154961 85.5484202680555,28.1115248943011 85.5484257982687,28.1115442052535 85.5484342059215,28.111564830162 85.5484570698954,28.1115868916065 85.5484857578815,28.1116064477149 85.5485159796413,28.1116196025856 85.5485779742234,28.1116382277641 85.5486570606981,28.111677569735 85.5487044089412,28.1117088747618 85.5487822209283,28.1117353682348 85.5488501260142,28.111745071394 85.5489020237462,28.1117610225791 85.5489611064824,28.1117809002647 85.5490115568867,28.1117968360922 85.5490359547663,28.1118124962072 85.549054580473,28.1118268117419 85.5490660211883,28.1118372007603 85.5490817349015,28.1118527689703 85.5491088547958,28.1118812928157 85.5491807911927,28.1119141413624 85.5491951612048,28.1119219943785 85.5492538122881,28.111973954721 85.5493171509529,28.1120002947579 85.5493357421879,28.112017176879 85.5493556426285,28.1120443408004 85.5493756121615,28.1120663714745 85.5494492897207,28.1120774189094 85.5494854739003,28.1120778017113 85.5495462115179,28.1120822947308 85.5495867205346,28.1120840067511 85.5496212674064,28.1120984906309 85.5496774730034,28.1121170540862 85.5497208767729,28.1121187966871 85.5497466358689,28.1121408885477 85.5497623151942,28.1121590233071 85.5497809237939,28.1121746220596 85.5497938465178,28.1121824597067 85.5498081302847,28.1121967292183 85.5498121616122,28.1122198747492 85.5498407291641,28.1122484137676 85.5498608196904,28.1122614611955 85.5498821504148,28.1122899236656 85.5498935912602,28.112300312619 85.5499581704877,28.1123420674166 85.5500044863618,28.1123425572337 85.5500537660305,28.1123379444011 85.5500776163384,28.1123309334252 85.5500959124141,28.1123255551537 85.5501264107748,28.1123181766978 85.5501581493645,28.1123262132789 85.5501940056786,28.1123509788173 85.5502184383832,28.1123640721085 85.5502400453927,28.1123720015409 85.5502543465052,28.1123849876971 85.5502714215437,28.1124069876409 85.5503117581065,28.1124215325682 85.5503448750772,28.1124347176576 85.5503720817521,28.1124568247103 85.5503861930441,28.1124839272822 85.5504004424129,28.1125007633592 85.5504493769808,28.1125218166207 85.5504970022552,28.1125325880701 85.5505286373956,28.1125483244391 85.5506010061063,28.1125490894755 85.5506487176895,28.112553444314 85.5506759244584,28.1125755513095 85.550704630379,28.1125938236637 85.5507188453028,28.1126132263334 85.5507372470645,28.1126442247055 85.5507441561021,28.1126686841253 85.5507595941088,28.1127047851443 85.5507634605138,28.1127132970741 85.5507695531988,28.1127177253538 85.5507880585177,28.1127410238486 85.5507934684321,28.1127693179033 85.5507945189616,28.1127988493746 85.5508173319252,28.1128247603848 85.5508388355514,28.1128403895986 85.5508545496699,28.1128559576181 85.550867282768,28.1128779115999 85.5508696944294,28.112913874928 85.5508648242665,28.1129268347617 85.5508576840548,28.1129458353427 85.5508528070512,28.1129855721168 85.5508539266111,28.1130099703399 85.5508666252187,28.1130344909458 85.5509052559229,28.1130682700891 85.5509678327023,28.1130834040146 85.550977400715,28.1130857179945 85.5510005588222,28.1130859627388 85.5510583160806,28.1130968410781 85.5510929497407,28.1131049080445 85.5511189336148,28.1131103166077 85.5511490871355,28.1131286041707 85.5511719865033,28.1131480985665 85.5511962470137,28.1131740248131 85.5512090837152,28.1131882788941 85.5512317416155,28.113225739649 85.551245663478,28.1132669585735 85.5512554674347,28.113291448559 85.5512653403918,28.1133108052957 85.5512635135275,28.1133390228666 85.5512543979861,28.1133710139042 85.5512567454931,28.1133813253649 85.5512584986549,28.1133890261539 85.5512261041784,28.1134297556697 85.5512024629985,28.1134654436959 85.5511876613778,28.1134896736777 85.5511699477249,28.1135151563799 85.5511607803872,28.1135509973447 85.5511615205066,28.1136036284284 85.5511655694154,28.1136254906158 85.551178095658,28.1136628443151 85.5511903804058,28.1137181643802 85.55120898948,28.1137337629531 85.5512462076446,28.1137649600919 85.5512920929302,28.1137975322956 85.5513408730277,28.1138301350711 85.5513650129882,28.1138650444765 85.5514006803636,28.1139039261551 85.5514393805308,28.1139325719136 85.5514696378151,28.1139431595424 85.5514939503098,28.1139652358066 85.5515109741041,28.1139910855459 85.5515368202441,28.1140067605344 85.5515771403381,28.1140225884268 85.5516703070213,28.1140915978374 85.5517017531042,28.1141214503889 85.5517606997378,28.1141515934256 85.5517995725243,28.1141674059665 85.5518441486967,28.1141896962101 85.5518757327963,28.1142092822264 85.551943674265,28.1142164172936 85.5520044304787,28.1142196259588 85.5520650142956,28.1142356677205 85.5520952889714,28.1142449719038 85.5521672451358,28.1142765356524 85.5522333600334,28.1143118881659 85.5522894983172,28.1143355838537 85.552331335001,28.1143462935658 85.5523616959169,28.1143491811299 85.5523934525253,28.1143559339071 85.5524295341013,28.1143640158355 85.5524974757167,28.1143711506329 85.5525220642807,28.1143726937242 85.5525336262457,28.1143740992841 85.5525811146995,28.1143951365453 85.5526098558999,28.1144108419006 85.5526430254783,28.1144201765264 85.5526748682934,28.1144205126767 85.5527152921179,28.1144286403694 85.5527628840258,28.1144419776937 85.5527873864533,28.1144499373016 85.5528174717131,28.1144733577693 85.5528476086792,28.1144929282927 85.552863375021,28.1145046461598 85.5529136205631,28.1145359803666 85.5529161363019,28.1145642438006 85.5529187037324,28.1145886572964 85.5529604888956,28.1146032167603 85.5530243469336,28.114591055782 85.5530520715677,28.1145746629527 85.5530796928235,28.1145659699944 85.5531535792833,28.1145616157576 85.5531839402902,28.1145645031425 85.5532171616517,28.1145699876941 85.5532473503998,28.1145857081943 85.553268871962,28.1146000537362 85.553295993661,28.1146285768091 85.5533159472551,28.1146518902617 85.5533476006707,28.1146663427008 85.5534067031099,28.1146849352387 85.5534341176786,28.114691641965 85.5534526411335,28.1147136568146 85.5534579657073,28.114748367351 85.55346180843,28.114785629242 85.5534772993028,28.1148178800502 85.5534944959456,28.1148308964326 85.553522013897,28.1148299032647 85.5535438972282,28.1148172991923 85.5535585262994,28.1148059020782 85.5535680463888,28.1147976597996 85.553573138145,28.1147957882755 85.5535759705534,28.1147947471963 85.5535935051678,28.1147883021768 85.5536296731018,28.114789967232 85.5536627051228,28.1148095681231 85.5536942208643,28.1148342869902 85.5537258227246,28.1148525892849 85.5537895775217,28.1148481278318 85.5538331030543,28.1148408859808 85.5538708217345,28.1148348663612 85.5539040776589,28.114837784124 85.5539458630644,28.1148523432955 85.5540033805714,28.1148811868233 85.5540162867191,28.1148903074061 85.5540576761715,28.1149343827509 85.5541252223187,28.114971032965 85.554129237439,28.1149954617116 85.5541259638638,28.1150236640763 85.5541254129443,28.1150647301029 85.5541411106485,28.1150815810837 85.5541800357922,28.1150935430328 85.5542234408985,28.1150952842544 85.5542552495059,28.1150981866718 85.5543198837882,28.1151360895827 85.554334048053,28.1151593418475 85.5543583786348,28.1151801343184 85.5543924796353,28.1152279831997 85.5543935483578,28.1152562313571 85.5543936172066,28.115256488487 85.5544004411605,28.1152819739341 85.5544318711484,28.1153131092087 85.5544533241676,28.1153325878282 85.5545251096754,28.1153769835216 85.5545596066707,28.1153953161544 85.5546057346325,28.1154099209148 85.5546735738393,28.1154247545437 85.554722424568,28.1154522229193 85.5548462140176,28.115504867622 85.5548623784058,28.1155107989042 85.5548894300278,28.1155207250895 85.5549455867713,28.1155431364167 85.5549787225098,28.1155550371236 85.5550348964969,28.1155761651018 85.5550606919338,28.1155956893966 85.5550790610303,28.1156292538655 85.5550814569139,28.1156665004737 85.5550812726619,28.115680243506 85.5550809235489,28.1157062832001 85.5550863691212,28.1157320104934 85.5550787879142,28.1157576004951 85.5550768759472,28.1157922347113 85.5551010691744,28.115823293569 85.5550991400072,28.1158592110991 85.5550842184506,28.1158924247099 85.5550606295555,28.1159242634754 85.5550485512053,28.1159613575322 85.5550511019334,28.115987054316 85.5550709873343,28.1160155007868 85.555089442527,28.1160426486866 85.5551107237565,28.116074960348 85.5551479610824,28.1161048731753 85.5551778408709,28.1161436929202 85.5552006211848,28.1161721698816 85.5552102542454,28.1162094927546 85.5552129995501,28.1162325394198 85.5552095732547,28.1162373991099 85.5552153557861,28.1162608863176 85.5552295375889,28.1162828551851 85.5552318303045,28.116327801672 85.5552270751233,28.116358555441 85.5552295398787,28.1163906687905 85.5552175991599,28.1164174963504 85.5551999375348,28.1164391296394 85.5551736429386,28.1164568214609 85.5551184341479,28.1164716415605 85.555092053502,28.1164957499335 85.5550844206163,28.1165251898716 85.555070137704,28.116561726696 85.5550679310796,28.116567371414 85.5550677959987,28.1165774463897 85.5550674321018,28.1166045875077 85.5550611433947,28.1166417425801 85.5550505984172,28.1166724353179 85.5550445161772,28.1166941906263 85.5550358584019,28.1167068920641 85.5550297493365,28.1167158544006 85.5550106057759,28.1167400390324 85.5549855520213,28.1167731458311 85.5549821409348,28.1168116147234 85.5549945827993,28.1168553846874 85.5549998735316,28.1168926618027 85.5550088247586,28.1169260908197 85.5550082251346,28.116930503558 85.5550068464584,28.1169362586937 85.5550135907769,28.116949280156 85.5550335107469,28.1169751600077 85.5550295490467,28.1170546949315 85.5550318588869,28.117098358101 85.5550282757311,28.1171496601274 85.5549896442869,28.1172236956472 85.5549600760068,28.1172695897993 85.5549362286321,28.1173206782252 85.5549152417002,28.1173743637869 85.5548765412559,28.1174535325197 85.5548413551822,28.117486532477 85.5548352556372,28.1175095710836 85.5548206236514,28.1175518166373 85.5548201960699,28.1175530511525 85.5547731894441,28.117603895408 85.5547640228816,28.1176397366247 85.5547636442501,28.1176679695152 85.5548035531659,28.1177145960359 85.5548554203005,28.1177331117193 85.5549220028441,28.1177338135719 85.5549857249126,28.1177319182524 85.5550088598073,28.1177327839739 85.5550264229424,28.1177383305205 85.5550761576247,28.1177619300086 85.5550868817599,28.1177833433046 85.5550994291912,28.1178180884834 85.5551129894099,28.1178519568243 85.5551167311826,28.1178715215052 85.55511747031,28.1178910545398 85.5551161719789,28.1179132286339 85.555112800494,28.1179407059446 85.5551080949784,28.1179930195059 85.5550966093375,28.1180283988957 85.5550890796304,28.118067370023 85.5550926667272,28.118098470718 85.5551032957108,28.1181269830985 85.5551128643244,28.1181599218579 85.5551490285156,28.118225091317 85.555176589296,28.1182599947182 85.5552211651553,28.1182950774338 85.5552598071078,28.1183247725344 85.5552806948542,28.118334755281 85.5553205637579,28.1183476005842 85.5553584903792,28.1183559878531 85.5554024223269,28.1183644383929 85.5554323299718,28.1183736286525 85.5554452106497,28.1183835270017 85.555458973263,28.1184023097539 85.5554657653565,28.118418356523 85.5554725693472,28.118433515906 85.5554763706772,28.1184486436497 85.5554811253149,28.1184673314828 85.5554878698346,28.118486927794 85.5555133140044,28.1185164695958 85.5555136647964,28.1185216972411 85.5555117356757,28.1185576147666 85.5555141661311,28.1185922947329 85.5555267976091,28.1186219482052 85.5555292796762,28.1186527782309 85.555528884027,28.1186822944402 85.5555256450635,28.1187079302062 85.5555368462984,28.1187362851129 85.5555496670193,28.1187518221355 85.5555711725095,28.1187674506631 85.5555940566612,28.1187882276922 85.5556402550144,28.1187976989026 85.5556626913971,28.1187967992123 85.5556909505638,28.1187956660253 85.5557313418842,28.1188063595199 85.5557456273034,28.1188206284611 85.5557597063321,28.1188502971636 85.555769580576,28.1188696536096 85.5557792484313,28.1189044098176 85.5557832468342,28.118930121835 85.555787400032,28.1189442840303 85.5557943277638,28.1189674599179 85.5558174011894,28.1189741204632 85.5558419392805,28.1189795129393 85.5558475227533,28.1189949736949 85.55584719598,28.1190193566527 85.5558583973293,28.1190477115361 85.5558682372109,28.119069634603 85.5558664973726,28.1190914356856 85.5558604323346,28.1191119077102 85.5558500076975,28.1191336173035 85.5558338275885,28.1191526992752 85.5558322597301,28.1191616672215 85.5558273040585,28.1191766058125 85.5558186821627,28.1192025960177 85.5558255583182,28.1192296218442 85.5558396890141,28.119255440599 85.5558495633063,28.11927479704 85.5558652102761,28.1192954977867 85.5558779967117,28.1193136014086 85.5558877162306,28.119344507669 85.5558931793384,28.1193689516175 85.5558934236813,28.1193730705577 85.5558955411296,28.1194087648324 85.5558981093016,28.1194331782849 85.5559050542822,28.1194550708538 85.555923682219,28.1194693855225 85.5559335909402,28.1194861753312 85.5559289905581,28.1195053792914 85.5559200993547,28.1195206875679 85.5559053494696,28.1195410681065 85.5558976133585,28.1195782079584 85.5558972521917,28.1196051575416 85.5558953575592,28.119638508444 85.5559052490918,28.1196565815682 85.5559064041926,28.1196784131452 85.5558974269781,28.1197001379865 85.5558835929342,28.1197250193232 85.5558811091977,28.1197294864671 85.5558750269221,28.1197512418028 85.5558776294915,28.1197730886278 85.5558743733667,28.1198000077134 85.5558653617365,28.1198242991785 85.555859141859,28.1198563210202 85.5558339327933,28.1199009777628 85.5558350362817,28.1199266592793 85.5558318489378,28.1199484451092 85.5558213038088,28.1199791378881 85.5558120857531,28.1200188291084 85.5558159809943,28.1200522410027 85.5558242186738,28.1200856986438 85.5558179815656,28.1201190037948 85.5558102453737,28.1201561436361 85.5557953577753,28.1201867906636 85.5557775580066,28.1202186905033 85.5557497118636,28.1202440670254 85.5557233819927,28.1202643255383 85.5557028592386,28.120283361734 85.5556372409215,28.1203186082231 85.5556050866784,28.1203413723336 85.555585856547,28.1203719735801 85.5555856673173,28.1203860900249 85.5555852372493,28.1204181728538 85.5555718314375,28.1204462684775 85.55555261848,28.1204755864047 85.5555289426348,28.1205138417637 85.5555110739154,28.1205508748148 85.5555051660072,28.1205596136658 85.5555050087154,28.120571346814 85.5555046646391,28.1205970130755 85.5555043721739,28.1206188293977 85.5554937408583,28.1206559387079 85.5554729599235,28.1206942245594 85.5554638206062,28.1207076320003 85.5554581925804,28.1207158883504 85.5554404786427,28.120741371572 85.5554373255969,28.1207605907604 85.5554385150135,28.1207798557088 85.5554279696814,28.1208105484467 85.5554088598468,28.1208321664705 85.5553912319041,28.1208512331193 85.5553778087779,28.1208806120314 85.5553674698857,28.1208959050079 85.5553410365451,28.1209238633145 85.5553102435141,28.1209530591639 85.5552896001063,28.1209810784784 85.5552601512935,28.1210179894474 85.5552438847483,28.1210434878942 85.5552275493653,28.1210741195901 85.5552009094501,28.1211174776197 85.5551875378602,28.1211430065705 85.5551872797402,28.1211622562623 85.5551795088245,28.1212019626772 85.5551745640572,28.1212468328551 85.5551623990205,28.1212903434372 85.5551356557696,28.1213414013261 85.5551251447076,28.1213695274076 85.5551146680579,28.1213950868625 85.5550880108034,28.1214397281762 85.555070072928,28.1214818944043 85.5550564086914,28.1215292396532 85.5550531522885,28.1215561587031 85.5550470353068,28.1215804806116 85.5550495344744,28.1216100273179 85.555048919891,28.1216191783502 85.5550477255656,28.121636961625 85.5550369562959,28.1216843373857 85.5550262730675,28.121725296582 85.5550142111715,28.1217611072682 85.5549932921516,28.1218096595273 85.5549755090705,28.1218402759243 85.5549607758844,28.1218593730236 85.5549152148504,28.1219102324887 85.5548945539355,28.1219395350418 85.5548549549762,28.1219776223981 85.5548272802795,28.1219901655772 85.5547865264015,28.1220064213405 85.5547630564926,28.1220292767877 85.5547577756058,28.1220374089026 85.5547423610851,28.1220611459398 85.5547374677223,28.1221021661511 85.5547382333369,28.1221135767626 85.5547398807399,28.1221381294199 85.5547308342086,28.1221649874103 85.5546897876005,28.1222030594509 85.5546885011938,28.1222039192709 85.5546576498015,28.1222245399925 85.5546268734195,28.12225245235 85.5546209284511,28.1222639411096 85.5545548265088,28.1223351197549 85.5545311154441,28.1223759415275 85.554513142747,28.1224206742876 85.5545099894735,28.1224398934422 85.554515417956,28.1224669040535 85.5545164522592,28.1224977188093 85.5545195053208,28.1225129099813 85.5545218807455,28.1225247294203 85.5545257928556,28.1225568580158 85.5545312385635,28.1225825853143 85.55453065319,28.1226262179273 85.5545301883336,28.122660867355 85.5545298612119,28.1226852502855 85.5545106647668,28.1227132847199 85.5544800259432,28.1227309305392 85.5544494043277,28.1227472930391 85.5544056173305,28.1227737846415 85.5543721695392,28.1227849833445 85.5543429781878,28.122802644397 85.5543153032198,28.1228151874612 85.5542526123691,28.1228478971093 85.5542333813814,28.1228784981244 85.5542182346173,28.1229283946168 85.5542104631888,28.1229681009489 85.5541940755366,28.1230025824271 85.5541748961672,28.1230293334961 85.5541630749272,28.1230471777189 85.5541367957278,28.123063585947 85.5541062428559,28.1230748151168 85.5540959380071,28.1230875413544 85.5540183411643,28.123152180992 85.5540034181638,28.1231853944011 85.5539782936202,28.1232236341653 85.5539432086599,28.1232489339147 85.5538778463314,28.1232649297834 85.5538255977973,28.1232746465075 85.5537935800887,28.1232871436438 85.5537673180026,28.1233022684846 85.5537075045217,28.1233362917205 85.5536591161257,28.1233819869203 85.5536285114326,28.1233970659123 85.5536058283717,28.1234047286598 85.55357324717,28.1234157351694 85.5535321996715,28.1234538068236 85.5535161390869,28.1234639052909 85.5534736267966,28.1235032449623 85.5534286329639,28.1235117545949 85.5533776250247,28.1235368861537 85.5533440562758,28.123557067771 85.5533162603788,28.1235785937995 85.5532703876413,28.1236525522519 85.5532438496674,28.1236882099651 85.5532101602127,28.1237173747247 85.5531925141642,28.1237377243622 85.5531732310099,28.123772175141 85.5531437979192,28.1238078022743 85.5531276166047,28.12382688387 85.5530750402745,28.1238609832053 85.5530124518656,28.1238859923784 85.5529774009397,28.1239087252397 85.552959737579,28.1239303581548 85.5529434700297,28.1239558562816 85.5529388171804,28.1239789100354 85.5529371110984,28.1239981444188 85.5528742463431,28.124151499899 85.5528548595809,28.1241936504899 85.5528500343195,28.1242295373477 85.552840590644,28.1242859113315 85.5528155860922,28.1243151676758 85.5527834128122,28.1243392143558 85.5527541345864,28.1243632915947 85.552704694303,28.1243794549873 85.5526799655359,28.124388178332 85.5526711251657,28.1243996364228 85.5526124824139,28.1244542073959 85.552565488858,28.1245037673835 85.5525406048742,28.1245240404974 85.552512549931,28.1245648160043 85.5524991772498,28.1245903446408 85.5524678823392,28.1246567557762 85.5524732414198,28.1246888996875 85.5524783935889,28.1247364433255 85.5524879918375,28.1247763329593 85.5525105489843,28.124821493412 85.5525113316465,28.1248227299074 85.5525318137891,28.1248550887801 85.5525515620973,28.1248938021016 85.552552699281,28.1249169169781 85.5525406534075,28.1249514440761 85.5525258503806,28.1249756741157 85.5524993635487,28.1250074817252 85.5524816481752,28.1250329644966 85.5524579356995,28.1250737858438 85.5524134230257,28.1251541757875 85.5523939669105,28.1252014595356 85.5523613449071,28.1252588721713 85.5523303601099,28.1253021836716 85.5523170390222,28.1253238623515 85.55231646993,28.1253662115939 85.5523304280523,28.1254048637905 85.5523314272278,28.1254382451486 85.5523553974926,28.1254859875345 85.5523532429026,28.1255385879712 85.552346883618,28.1255808760595 85.5523420063689,28.1256206128148 85.5523388525897,28.1256398318928 85.5523470377893,28.1256771396233 85.5523538616671,28.1257080155133 85.5523575662581,28.1257555438604 85.552343900211,28.1258028887459 85.5523215143361,28.1258527085173 85.5523007312064,28.1258909937806 85.5522887541135,28.1259203876036 85.5522881849959,28.1259627368418 85.5523209441576,28.1260028711075 85.5523494813908,28.1260339763285 85.5523693505442,28.1260637065036 85.5523803619145,28.1261061780493 85.5523609228385,28.1261521784691 85.5523197013821,28.1262030827931 85.5522783246692,28.1262655368944 85.552277705544,28.126267526026 85.5522707591892,28.1262898433402 85.5522731714089,28.1263258066041 85.5522828366663,28.1263552137452 85.5522829076655,28.1263554297644 85.5522955218031,28.126386366813 85.5522951768784,28.1264120330163 85.5523079462405,28.1264314202724 85.552325110031,28.1264470034642 85.5523231623365,28.12648420417 85.5523111334376,28.1265174479208 85.5523152346811,28.1265354601306 85.5523179397399,28.1265735075132 85.552318887528,28.1265868384041 85.5523266010339,28.126612431193 85.5523285893255,28.1266190281817 85.5523283603504,28.1266203375225 85.5523223161779,28.1266548997089 85.5523157843326,28.1267100208874 85.5523138366258,28.1267472215914 85.552298774586,28.1267907012407 85.5522693058492,28.1268288947498 85.5522234481668,28.1269015694296 85.5522127287723,28.1269450949375 85.5522108155173,28.1269797290173 85.5522176739158,28.12700803829 85.5522231537379,28.1270311990319 85.5522212059881,28.1270683997315 85.5522033177101,28.1271067155443 85.5521839301032,28.1271488659932 85.5521792424259,28.1271744863196 85.5521904435422,28.1272028414658 85.5522017998956,28.1272196468216 85.5522144830903,28.127245450637 85.5522229788014,28.12725965879 85.5522270628048,28.127278954311 85.5522234087579,28.127335389368 85.5521968522337,28.1273723301232 85.5521720882343,28.1273836199654 85.552137139461,28.1273986526924 85.5521121167124,28.1274291921713 85.5520987607997,28.1274534374318 85.5520910744374,28.127486727028 85.5520788210959,28.1275366537747 85.5520727202951,28.1275596921826 85.5520316188881,28.1276016132161 85.5520168843586,28.1276207099347 85.5520091979568,28.1276539995241 85.5520074398684,28.1276770838068 85.5519969100536,28.1277064928796 85.5519806244182,28.1277332741586 85.5519382823454,28.1277597801494 85.5518671266766,28.1277757137608 85.5518263701629,28.1277919685326 85.5517812363907,28.1278107440247 85.5517533527896,28.1278386862189 85.5517312940048,28.1278641229718 85.5517003599251,28.1279035843478 85.5516753024228,28.1279366903549 85.5516605677833,28.1279557870303 85.5516002851231,28.1280244585591 85.5515797428701,28.128044777344 85.5515520317181,28.1280598863977 85.551518426685,28.1280826341085 85.5514920940706,28.1281028916853 85.551470035169,28.128128328391 85.5514678033922,28.1281327970253 85.5514132342324,28.1281533979081 85.5513694960491,28.1281760384828 85.5513313065611,28.1282167065744 85.5512753317824,28.1282879904644 85.5512517561647,28.1283185450667 85.5512022275343,28.1283411243782 85.5511586273212,28.1283534984072 85.551135155225,28.1283763531326 85.5511231257253,28.1284095967487 85.5510906228405,28.1284580258308 85.5510555699985,28.1284807581155 85.5510261348682,28.1285163846964 85.5510111410864,28.1285547309287 85.5509931140067,28.1286033130225 85.5509679352744,28.1286454020458 85.5509228010012,28.128664177234 85.5508935902151,28.1286831207657 85.5508644312137,28.128698214364 85.5508479379594,28.1287403951955 85.5508430426962,28.1287814151627 85.5508133484263,28.1288362913238 85.5508028008956,28.1288669835925 85.550772847587,28.128941109375 85.5507505638754,28.1289832289635 85.5507326574662,28.1290228278516 85.5507220926251,28.1290548034205 85.5507188866281,28.1290778723638 85.5507110961009,28.1291188617073 85.5506902599229,28.1291609965902 85.5506197909604,28.1292334103997 85.5505871839767,28.1292895391911 85.5505679852729,28.1293175729651 85.550530036839,28.12934027448 85.550448435875,28.1293791996922 85.5504277031651,28.1294136346767 85.5504244107375,28.1294431201518 85.5504256165485,28.1294611017818 85.5504195670814,28.1294802901671 85.5504106742213,28.1294955980049 85.5503642473377,28.1295028079027 85.5503409993503,28.1295089794626 85.5503205083881,28.1295254481097 85.5503028435353,28.1295470806111 85.5502981034651,28.1295765507692 85.550292088513,28.1295931725306 85.5502756985199,28.1296276534239 85.5502174143709,28.1296552737048 85.5501983882394,28.129670474336 85.5501731743863,28.1297151298028 85.550145168947,28.1297520547865 85.5501086160533,28.1297786214129 85.5500996021993,28.1298029123852 85.5500934490031,28.1298298006019 85.5500670120391,28.1298577577235 85.5500538281028,28.1298691696657 85.549972105635,28.1299170777274 85.5499354317044,28.1299526274604 85.5499147332693,28.1299844957379 85.5498445224101,28.1300376594794 85.5497875127536,28.1300781279611 85.5497494256559,28.1301110957054 85.549706909306,28.1301504340226 85.5496790245521,28.1301783757428 85.5496436770821,28.130222923864 85.5496139299381,28.1302816496402 85.5496079148372,28.1302982713645 85.5496030708483,28.1303354413345 85.5496153908389,28.1303881948354 85.5496251266699,28.1304178181541 85.5496214192352,28.1304781029856 85.5496153004362,28.1305024245566 85.5495700441828,28.1305301824115 85.549524908882,28.1305489570958 85.5494969894094,28.1305794653874 85.549480789112,28.1305998297802 85.5493965854144,28.1306169074355 85.5493397481266,28.130644542633 85.5492989555905,28.1306633632072 85.549259627943,28.1306809157846 85.5492259697503,28.1307075127992 85.5491706664236,28.1307287467087 85.5491456939015,28.1307554356488 85.5491071914688,28.130819202576 85.5491067938581,28.130848718649 85.5490992964497,28.1308678916353 85.5490889902378,28.1308806174327 85.5490627947833,28.1308906080323 85.549036651189,28.1308967487043 85.5490090599722,28.1309028740449 85.5489699396615,28.1309050268443 85.5489394359103,28.1309124048246 85.5488986432062,28.1309312252726 85.5488651404608,28.1309462724251 85.5488375838045,28.1309498311155 85.5488029965388,28.1309379134702 85.5487509686754,28.1309309450984 85.5487290987483,28.1309422649268 85.5487171892367,28.1309665251304 85.5487051240886,28.1310023350981 85.5486959541747,28.1310381757235 85.5486809764742,28.131075238336 85.5486661543987,28.1311007511813 85.5486247390158,28.1311657706017 85.5486127775733,28.1311938807152 85.5486053665197,28.1312066371336 85.5485632297893,28.131217742301 85.5485154063242,28.1312210862858 85.5484761648277,28.1312322220892 85.5484193788773,28.1312560069604 85.548381515798,28.1312722912965 85.5483377411313,28.1312974974365 85.5483158537904,28.131310100501 85.5481835144841,28.1313536208022 85.5481486157851,28.1313648025141 85.5481066000497,28.1313669243888 85.5480674795641,28.1313690769235 85.5480167261718,28.1313749566718 85.5479774845738,28.1313860923281 85.5479316994122,28.1313970183326 85.5479136679356,28.1313944006137 85.5478990705637,28.131403230379 85.5478858516057,28.1314172087079 85.5478768198,28.1314427828113 85.5478777656532,28.1314800140442 85.547877459151,28.1315027469057 85.5478774196023,28.1315056801782 85.5478750797346,28.1315091119133 85.5478626491847,28.1315273430056 85.5478393314192,28.1315386473443 85.5478089139379,28.1315396085295 85.5477915597113,28.1315381411503 85.5477408927498,28.1315376042597 85.5476830914819,28.1315292908081 85.5476483311217,28.1315302059357 85.5475976987789,28.1315271023792 85.5475424812665,28.1315419190689 85.5475174216223,28.1315750242195 85.5474781106759,28.1315912929536 85.5474677522824,28.1316078685374 85.5474673195942,28.1316399511984 85.547475728447,28.1316605761588 85.547476795312,28.1316888242432 85.547476573059,28.131690423073 85.547479586726,28.1316965547675 85.547477671795,28.1317311886981 85.5474615055588,28.1317489862154 85.5474468215633,28.1317642324609 85.547417695875,28.1317767586573 85.5473928265294,28.1317957474105 85.54735211978,28.1318081508414 85.547302675307,28.1318243121105 85.5472822699937,28.1318343637325 85.5472646214584,28.1318547124921 85.5472397001372,28.1318775511344 85.5472148999805,28.1318914066281 85.5471943042258,28.1319155746047 85.5471808600683,28.1319462358397 85.5471617292394,28.1319691358505 85.5471411853925,28.1319894538993 85.5471090777827,28.1320083658638 85.5470539984644,28.1320129158949 85.5470264241778,28.1320177575142 85.5469930074145,28.1320263876538 85.5468912228875,28.1320586792033 85.5468171165101,28.1320784292684 85.5467850088197,28.1320973411536 85.546760070026,28.132121463008 85.5467015758613,28.1321644813705 85.5466604013266,28.1322115338458 85.546610904619,28.132231544771 85.5465613559373,28.132255405595 85.5465364516952,28.1322769607933 85.5464970191157,28.1323022123696 85.546476423122,28.132326380228 85.5464543448411,28.1323530993403 85.5464235460806,28.1323822929343 85.5464015890204,28.1324000288972 85.5463767886395,28.1324138842296 85.5463185713141,28.1324363695251 85.5462778815327,28.1324474893165 85.5462413787553,28.1324702049146 85.5462192657407,28.1324994905964 85.5461957916907,28.1325223443895 85.5461606845395,28.1325489252376 85.5461314892015,28.1325665843678 85.5460878520989,28.1325815233013 85.5460256035619,28.1325808628942 85.5459820877218,28.1325868186553 85.5459440505644,28.1326159353375 85.5459047909949,28.1326283536787 85.5458758035221,28.1326306130876 85.5458234978426,28.1326441764675 85.5457829638925,28.1326437463591 85.5457468421815,28.1326382291025 85.5456973451198,28.1326582396828 85.5456594984912,28.1326732399246 85.5456347846073,28.1326806785902 85.5455943372999,28.1326738318997 85.5455582155909,28.1326683145934 85.5455089957892,28.1326677922217 85.5454697188242,28.1326814937406 85.5454479002097,28.1326889631011 85.5454042109734,28.1327077517264 85.545380875375,28.1327203389307 85.5453172484714,28.1327145296133 85.545304202362,28.1327156746221 85.5452388504675,28.1327303827817 85.5451895092962,28.1327388434288 85.5451403241425,28.1327357543137 85.5450767839322,28.1327235283604 85.5450335627303,28.1327076676336 85.5449888072112,28.1326982080481 85.5449594429419,28.132683786677 85.5449514112743,28.132679842165 85.5449053121672,28.1326626673541 85.5448619869812,28.1326545064035 85.5448099586197,28.1326475365154 85.544792586934,28.1326473520562 85.5447277032276,28.1326274107445 85.5446725368284,28.1326383763255 85.5446461671499,28.1326611990933 85.5446282925419,28.1326982304472 85.5446164339371,28.1327186403329 85.5445857906726,28.1327362837484 85.5445565256679,28.1327590757492 85.544553532608,28.1327636833999 85.5445358251004,28.1327909431221 85.5445211405563,28.1328061890311 85.5444655751318,28.1328466705279 85.5444434615655,28.1328759559006 85.5444050596626,28.1329320215285 85.5443960095517,28.1329588786658 85.5443958187557,28.1329729950146 85.5443896812737,28.1329985995989 85.5443762361807,28.1330292605191 85.544344145143,28.1330468884988 85.5443165531473,28.133053012862 85.5442976990618,28.1330553795695 85.5442267644271,28.1330546260722 85.5441744930569,28.1330656221977 85.5441468316557,28.1330768797433 85.5440932340634,28.1330788773285 85.5440381714749,28.133082142817 85.5439902777132,28.1330906184021 85.5439610818901,28.1331082770496 85.5439449669264,28.1331222242066 85.5439302128513,28.1331426032632 85.5439241099497,28.1331656412133 85.5439063217613,28.1331962559374 85.5438625453112,28.1332214605725 85.5438075347038,28.1332208760532 85.5438013965551,28.1332241474251 85.5437579502774,28.1332473024278 85.5437360099684,28.1332637546344 85.5437069008255,28.1332749967041 85.5436776528457,28.133296505199 85.5436556083897,28.1333206572154 85.5436335812781,28.1333435259239 85.5436058503336,28.1333599165707 85.5435563699279,28.1333786430444 85.5435359466343,28.1333899773861 85.5434558919906,28.1334212137651 85.5434396727746,28.1334428606806 85.5434307091618,28.1334633012228 85.5434229501973,28.1335017234036 85.5434142036055,28.1335354376258 85.543407675252,28.1335606015101 85.5433971945404,28.1335861598773 85.5433867485388,28.133609151636 85.5433426767141,28.1336561722557 85.543312223924,28.1336596990258 85.5432716896371,28.1336592681606 85.5432626522035,28.1336591720942 85.5432224694328,28.133658744951 85.5431905342662,28.1336648229123 85.5431498958169,28.1336720918325 85.5430886950769,28.1337009614396 85.5430679938912,28.1337328285635 85.5430603736669,28.1337609842886 85.5430569922325,28.1337968860059 85.5430539849011,28.1338185128953 85.5430391516044,28.1338313505122 85.5430157807745,28.1338465038992 85.5429893930893,28.1338706096236 85.5429574752116,28.1338754042241 85.5429151980164,28.1338967740168 85.5428932053569,28.1339170759874 85.5428798986285,28.1339374703095 85.5428696274622,28.133956014652 85.5428650574178,28.1339642657542 85.542854698085,28.1339808409487 85.5428129484332,28.1339997564349 85.5427993398173,28.1340059220769 85.5427544277063,28.1340080114802 85.5427251967055,28.1340282364517 85.542683093069,28.1340367731359 85.5426627390275,28.1340429741253 85.5426320603425,28.134063183681 85.5426172190527,28.1340899790955 85.5425965697525,28.1341179962288 85.542538229199,28.1341494629707 85.5425032769564,28.1341644930938 85.5424653599093,28.1341846256261 85.5424448321361,28.1342036596124 85.5424111364575,28.1342328214418 85.5423747017704,28.1342504027387 85.5423122960343,28.1342612903364 85.5422701401649,28.1342736767977 85.5421991179309,28.134279338736 85.5421569446703,28.1342930084646 85.5421056337257,28.1343399516493 85.542027442633,28.1343404032805 85.5419967811228,28.1343593293827 85.5419603810797,28.1343743439594 85.5419153819332,28.1343828495949 85.5418689003657,28.1343939064174 85.5418456508904,28.1344000764739 85.5418248275637,28.1344409265069 85.5418129161005,28.1344651860258 85.5417809284965,28.1344751135539 85.5417462193382,28.1344721772384 85.5417173182122,28.1344680192319 85.5416853479781,28.1344766634347 85.5416577207287,28.134485353847 85.5416285936742,28.1344978787553 85.5416025183555,28.1344988847468 85.5415779428393,28.1344960562323 85.5415112286674,28.1345043306317 85.5414879965312,28.1345092173233 85.5414575782196,28.1345101770644 85.5414284337555,28.1345239852314 85.5413978242384,28.1345390612858 85.5413600980705,28.134545077172 85.5413078257286,28.1345560721633 85.5412584139376,28.134569664559 85.5412319735382,28.134597619828 85.5412186316442,28.1346205805765 85.5412141148081,28.1346333673682 85.5412196620893,28.1346513952422 85.5412207099187,28.1346809266055 85.5412117631615,28.134700083677 85.541151696081,28.1347520672244 85.5411164479088,28.1347889131157 85.5410913855412,28.1348220169737 85.5410606889628,28.1348435094582 85.5410548287474,28.1348485810179 85.5409703250203,28.1348874694464 85.5409106402563,28.1349112202328 85.5408682405484,28.1349415724747 85.5408443822938,28.1349926579253 85.5408162679516,28.1350372806159 85.540775350617,28.1350650816367 85.5407432062366,28.1350865586289 85.5406123941321,28.1351236702122 85.5405919702096,28.1351350040883 85.540532598299,28.135135655268 85.5404587670713,28.1351348689339 85.540394634685,28.1351662730395 85.540368385257,28.1351801118067 85.5403212943729,28.1352360836431 85.5402863762791,28.1352485465702 85.5401855126494,28.1353193474027 85.5401212408949,28.1353610177847 85.5400645380345,28.1353783825213 85.5399973882496,28.1354187386942 85.5399013197139,28.1354562197374 85.5398070990262,28.1354642002055 85.5394671943089,28.135545288036 85.5393479626688,28.1355825218069 85.5392665446297,28.135607323686 85.5392024986788,28.1356323107029 85.5391382089634,28.1356752639016 85.5390564425966,28.1357257316685 85.5390065947328,28.1357714057399 85.5389948391882,28.1357841152726 85.5388408628328,28.1358209781523 85.5387270034569,28.135889072322 85.5386743993421,28.1359244489836 85.5386158999722,28.1359674636728 85.538516795801,28.1360151792326 85.5384687087833,28.1360377691239 85.5384540229463,28.1360530143269 85.5384437672435,28.1360618893472 85.5383959588918,28.1360639464048 85.5383742959154,28.1360598648875 85.5383262959482,28.136076038225 85.538287034323,28.1360884542971 85.5382491158482,28.136108585602 85.538232895184,28.1361302318385 85.53821662225,28.1361557279738 85.53821180883,28.1361903307529 85.5382173730915,28.1362070754284 85.5382445829362,28.1362291849462 85.5382632112072,28.1362435020026 85.5382745662185,28.1362603084458 85.5382771480209,28.136283438736 85.5382390204233,28.1363189696384 85.5382055494423,28.1363314474538 85.5381748867171,28.1363503726489 85.5381371423497,28.1363576709156 85.5381051016094,28.1363714474496 85.5380568923876,28.1364030202873 85.5380177525792,28.136406453175 85.5379786127689,28.1364098860514 85.5379119494854,28.1364143087407 85.5378915947468,28.136420508992 85.5378667923932,28.1364343627004 85.5378580365698,28.1364394032199 85.5378028327784,28.1364529325295 85.5377604141854,28.1364845670473 85.5377267688307,28.1365098777411 85.5377134608036,28.1365302715052 85.5376972748221,28.1365493510708 85.5376638385675,28.1365592621486 85.5376362279178,28.1365666684154 85.5376083209784,28.1365958907741 85.5375804663106,28.136621263227 85.5375582978123,28.1366543972731 85.5375521758965,28.1366787181691 85.5375156873412,28.1367001480064 85.537479373074,28.1367087448357 85.5374356634726,28.1367288140958 85.5374077564365,28.1367580364094 85.5374002390824,28.1367784919459 85.5373530762375,28.1368395958641 85.5372964942226,28.1368479763078 85.537264488101,28.1368591860354 85.5372248599767,28.1368985510779 85.5372053600593,28.1369483988613 85.5371658713532,28.1369774974878 85.5371119754242,28.1370013083549 85.5370766728399,28.1370420030141 85.5370590215376,28.1370623503398 85.5370104978576,28.1371170221729 85.5370027188572,28.137156727174 85.5369863059804,28.1371924895378 85.5369596720294,28.1372345601994 85.536928764713,28.1372714512862 85.5368966538036,28.1372903607171 85.5368379960463,28.1373449242779 85.5368013501767,28.1373779036024 85.5367834720585,28.1374149337778 85.5367728498661,28.1374507579452 85.5367507507003,28.1374787586442 85.536728791041,28.1374964929455 85.5366980754099,28.1375192676822 85.5366730808083,28.1375472374478 85.5366582201036,28.1375753154291 85.5366404465463,28.137604645787 85.5366272777016,28.1376147730368 85.5365821024345,28.1376361098409 85.5365485959798,28.1376511538248 85.536522328029,28.137666275108 85.5364960251856,28.1376839629839 85.5364784957662,28.1376953271319 85.5364464195393,28.1377116698504 85.5364186340821,28.137731908846 85.5364111687969,28.137748514419 85.5364108024786,28.1377754636971 85.5364060756029,28.1378036498856 85.5363982963195,28.1378433548384 85.5363891565447,28.1378766278325 85.5363655222619,28.1379110294921 85.5362968869548,28.1379539348599 85.5362690141783,28.1379805903153 85.536246792649,28.1380175740136 85.5362371992139,28.1380842127635 85.5362306756444,28.1381380494535 85.5362270474861,28.1381919170724 85.5362179599632,28.1382213401541 85.5361858835391,28.1382376828031 85.5361275040567,28.1382717132401 85.536105282415,28.1383086969099 85.5360887469152,28.1383534422333 85.5360724905726,28.1383776547755 85.536054856304,28.138396718654 85.5360155761397,28.138410417328 85.5359705225658,28.1384227708209 85.5359299342694,28.1384261876132 85.535890985638,28.1384155035782 85.5358547928323,28.1384151168585 85.5357764244049,28.1384283977945 85.5357141204176,28.1384315824736 85.5356734972074,28.1384375657864 85.5356341646243,28.1384551142438 85.5355672905767,28.1384749353199 85.5355324756502,28.1384796971796 85.5354689508396,28.1384661833956 85.5354054260463,28.1384526695828 85.5353519828852,28.1384431139562 85.5353374883056,28.1384442425106 85.5352693236253,28.1384524982813 85.5352170663142,28.13846220755 85.5351576926462,28.1384628563299 85.5351040399889,28.1384687001843 85.5350501778012,28.1384899435939 85.5349661755436,28.1384916124682 85.534905319226,28.1384948122556 85.5348529396281,28.1385135044688 85.5348065080359,28.1385207089007 85.5347485820546,28.1385213729821 85.5346937261469,28.1385092350233 85.5346879702257,28.1385066065024 85.5345810316168,28.1384913445651 85.5345000295916,28.1384853443317 85.5344550981087,28.1384887142344 85.5344027359121,28.138506122975 85.5343778278352,28.1385276757986 85.5343467795179,28.13857483263 85.5343159408047,28.1386065898819 85.5342761188011,28.1386600702703 85.5342394018311,28.1386981820472 85.5341781610275,28.1387296140514 85.5341008205961,28.1387737086376 85.5340801856564,28.1388004410545 85.5340786156341,28.1388094086485 85.5340126471636,28.1388690266525 85.5339614703267,28.1389057001627 85.5339336491591,28.1389285052164 85.5339045550063,28.1389384618011 85.5338423555597,28.1389339458319 85.5338048022733,28.1389271265876 85.533771522241,28.1389254869958 85.5337124104896,28.1389068856814 85.5336457630562,28.1389100229312 85.5335876096647,28.1389273693762 85.533528200806,28.138930584034 85.5334570878455,28.1389426577891 85.5334309065654,28.1389513619635 85.5333913112466,28.1389881592098 85.5333663154552,28.1390161283211 85.5333252548898,28.1390541933476 85.5332668915882,28.1390869392141 85.5332317092541,28.139118649712 85.5332109691373,28.1391530817672 85.5331626348931,28.1391936358472 85.533142244414,28.1392024019541 85.5330897592857,28.1392287932475 85.5330722117835,28.1392414402308 85.5330281681588,28.139285890646 85.5329624960876,28.1393236920637 85.5329188545737,28.139338626617 85.5328838469249,28.1393575040512 85.532818524516,28.139369639464 85.5327589405212,28.1393856867436 85.5327001396451,28.1394505147668 85.5326634568336,28.139486059493 85.5325877029139,28.1395199023081 85.5325136240627,28.1395370777313 85.5324829944413,28.1395534349791 85.5324262882589,28.1395707964145 85.5323797686187,28.1395844164811 85.5323156663309,28.1396132500042 85.5322645410636,28.1396460729528 85.5322089326234,28.1396891157262 85.5320503780139,28.1397426069806 85.5319950844014,28.1397625503326 85.5319485996263,28.1397736036552 85.5319092834873,28.1397898677025 85.5318450934608,28.1398251174749 85.5317881070374,28.1398630113709 85.5317442901472,28.1398907784933 85.5317004907362,28.139917262305 85.5316710635936,28.1399516010169 85.5316158923263,28.1399625611379 85.531552209699,28.1399605951879 85.5315015741505,28.1399574855548 85.5314623454032,28.1399673329899 85.5314170631547,28.139996367782 85.5313687278711,28.1400369211845 85.5313599014397,28.1400470944461 85.531279698507,28.1400885897264 85.5312300904705,28.1401162946024 85.5311893964036,28.1401274097327 85.5311528354282,28.1401539709551 85.531110501012,28.1401791867917 85.53106070029,28.1402210078524 85.5310195509131,28.1402654886103 85.5309669597096,28.1402995788194 85.5309072348664,28.1403258916242 85.5307569623411,28.1404089902405 85.5306301160956,28.1404730876608 85.5304715420989,28.1405278603038 85.5303784314666,28.1405602322194 85.5303013510091,28.1405850751171 85.5302506451492,28.1405870981918 85.5302145217837,28.1405815767758 85.5301970788523,28.1405865235983 85.5301214811183,28.1406088153326 85.5300705825118,28.1406249545827 85.5300326259268,28.140647650072 85.5300004602809,28.140670407678 85.529945235935,28.1406852169889 85.5298714538243,28.1406805749252 85.5298613196529,28.1406804661915 85.52977283234,28.1406923515697 85.5297205384851,28.1407046252679 85.5296684198815,28.1407040660005 85.5296161961184,28.1407112064802 85.5295711234076,28.1407248410949 85.5295261032699,28.140734625811 85.5294522159814,28.1407376832873 85.5293799166674,28.1407304899073 85.5293479261662,28.1407404144103 85.5292782067817,28.140756351352 85.529243303254,28.140767528045 85.5291822702772,28.1407835581763 85.5290993809204,28.1408096215118 85.5290527376347,28.1408322234692 85.5289681725206,28.1408749540038 85.5289172736339,28.1408910928134 85.5288867132521,28.1409023160427 85.5288330766861,28.1409068740862 85.528783993783,28.1408960792157 85.5287377011474,28.1408930151825 85.5286682797387,28.1408871358096 85.5286352798587,28.1408649622481 85.5285994020512,28.1408414742916 85.5285315336657,28.1408279106346 85.5284735714493,28.1408311386017 85.5283512069943,28.1408850141324 85.5282839618441,28.1409317807063 85.5282343526895,28.1409594844503 85.5281862965163,28.1409795039648 85.5281409428184,28.1410136707948 85.5280838492432,28.1410592628317 85.5280557982144,28.1410987494326 85.5280424877909,28.1411191421538 85.5280245007541,28.1411638707906 85.5279936770118,28.1411943432158 85.5279656961009,28.1412286966211 85.527949332229,28.1412606078649 85.527936056859,28.1412784339869 85.5279067685425,28.141302505477 85.527860247645,28.1413161239556 85.5278236152779,28.1413478174121 85.5278146129209,28.1413708233601 85.5277429888951,28.1414201095651 85.527706338908,28.1414530862804 85.5276769100888,28.1414874240629 85.5276678374851,28.141515563172 85.5276673285151,28.1415527786752 85.5276800247961,28.1415773012592 85.5276896851793,28.1416120590741 85.5276935194659,28.1416493212477 85.5277047153616,28.1416776781524 85.5277114627075,28.1417136881457 85.5277141125063,28.1417316853639 85.5276904044144,28.1417712185444 85.5276436024689,28.1418053696304 85.5276202804667,28.1418166703479 85.5274367051071,28.1418994072983 85.5272940528227,28.1419543472669 85.5271492071769,28.1419579242423 85.5270884717339,28.141952137423 85.5269174611628,28.1419631337664 85.526830350065,28.1419801659253 85.5267722291547,28.1419949427802 85.5265575399687,28.1420234377566 85.5263519588162,28.1420212268029 85.5261608200925,28.1420217378583 85.5259433758005,28.1420399343802 85.5257111375663,28.1420810740308 85.5254495925157,28.142147567505 85.5251214152102,28.1422159101895 85.5249034429032,28.1422726037838 85.5247318689695,28.142324662695 85.5245690517808,28.142371681761 85.5244586352012,28.1423987292684 85.5243131909017,28.1424459351167 85.5241182059743,28.1425157098213 85.5239522815902,28.1425780964324 85.5237953955416,28.1426149106106 85.5236063066488,28.1426770472105 85.5234374158121,28.1427445351369 85.5233178895464,28.1428022870552 85.5231932763002,28.1428086448288 85.5230625550751,28.1428380392889 85.522948784358,28.1428984198786 85.5228989616895,28.1429415210788 85.5228580016629,28.1429718830092 85.5227904887591,28.1430378960846 85.5226998819492,28.1430985261998 85.5226270004861,28.1431336777853 85.5225567327066,28.1431893931928 85.5225411982476,28.1432662344692 85.5225083962074,28.1433351886543 85.522400098677,28.1434187304192 85.5221484042075,28.1436111046738 85.5219585726415,28.1437271370482 85.5218852676095,28.1437930871575 85.5218408475255,28.1438644827795 85.5218020775112,28.1439462071802 85.5217106234572,28.1440684344699 85.5215639772762,28.1442029009227 85.5213392209914,28.1443313903014</coordinates></LineString></MultiGeometry>
  </Placemark>
</Folder>
</Document></kml>
