<?xml version="1.0" encoding="utf-8" ?>
<kml xmlns="http://www.opengis.net/kml/2.2">
<Document id="root_doc">
<Folder><name>melamchi_khola_catchment</name>
  <Placemark>
	<Style><LineStyle><color>ff0000ff</color></LineStyle><PolyStyle><fill>0</fill></PolyStyle></Style>
      <MultiGeometry><Polygon><outerBoundaryIs><LinearRing><coordinates>85.5567709478961,28.1333736562212 85.5567715634979,28.1333736002574 85.5568221550081,28.1333672763186 85.556905947197,28.133370438288 85.5569691865849,28.1333688573033 85.5569960633247,28.1333688573033 85.5570371689268,28.1333593713951 85.5570640456666,28.1333435615482 85.5571383519473,28.1333103608696 85.557192105427,28.1332834841297 85.5572347920137,28.1332755792063 85.5573233271567,28.1332660932981 85.5573628517741,28.1332629313287 85.557394471468,28.133261350344 85.5574624538099,28.1332439595123 85.5574719397181,28.1332170827725 85.5574893305498,28.1331838820939 85.5575335981212,28.1331443574765 85.5576030896837,28.133119340514 85.5576653966316,28.1331199962843 85.5577505586883,28.1331425387719 85.5578051297737,28.1331701708391 85.5578783018444,28.1331763524065 85.5579331627911,28.1331823412548 85.5579635364468,28.1331934839725 85.5580306772812,28.1331941904408 85.5580856831376,28.133189357643 85.5581711351104,28.1331902567024 85.5583050546215,28.1332187233692 85.5583599156215,28.1332247120482 85.5583965379115,28.1332250972931 85.5584637512042,28.1332203927563 85.5585739801781,28.1331944944084 85.5586409037808,28.13321143296 85.5587198900123,28.1332393214534 85.5587809271807,28.1332399633628 85.5588237256075,28.1332350018887 85.5588888889263,28.1332260771617 85.5588888889263,28.1332171694677 85.5589339545236,28.1332091032486 85.5590199857259,28.1331667154194 85.5590749915425,28.1331618822223 85.5591459443551,28.1331058068805 85.5591553894832,28.1330842599579 85.5591968637677,28.1330555555476 85.5592170056752,28.1330416153053 85.5592572950454,28.132996040639 85.559273024805,28.132961030885 85.5592918787874,28.1329206424159 85.5593012514861,28.132904506277 85.5593291886117,28.1328696248459 85.5593509858334,28.132837384643 85.5593665707791,28.1328131964678 85.5593792848173,28.132775449219 85.5593887660563,28.1327511968784 85.5593910329076,28.1327483665493 85.5594450086185,28.1327443683485 85.5595335437614,28.1327285585015 85.5596378887513,28.1327095866852 85.5597327478331,28.1326368613891 85.5598425146985,28.1325615311874 85.5598592266088,28.1325609741237 85.5598955892568,28.1325578121544 85.5599493427364,28.1325593931391 85.5599857053844,28.1325609741237 85.5600426208335,28.132554650185 85.5600663356039,28.1325609741237 85.5601121841601,28.1325767839707 85.5601817474867,28.1325973367718 85.5602149481653,28.1325957557871 85.5602481488439,28.1325609741237 85.5602829305072,28.1325499072309 85.5602987324095,28.1325413985142 85.5603240361093,28.1325277734451 85.5604394479921,28.1324692770114 85.560471067686,28.1324360763328 85.5605264021504,28.1323997136848 85.5605264021504,28.1323997136847 85.5606101943393,28.1323380552816 85.5606517516512,28.1323172766257 85.5606544619107,28.1323159214959 85.5606569402111,28.1323154087441 85.5607003104669,28.1323064355877 85.5607290843884,28.1322901720669 85.560741416069,28.1322858827867 85.560757225916,28.1322542630928 85.5607667118242,28.1322131574907 85.5607856836405,28.1321657279498 85.5607888456099,28.1320961646232 85.5607983315181,28.1320424111435 85.5608236272732,28.13195703797 85.5608236272732,28.1318874746433 85.5608236272732,28.1318368831331 85.5608173033344,28.1318084254085 85.5608120895486,28.1317788806225 85.5608181631423,28.1317677824263 85.5608402488982,28.1317138987546 85.5608467501922,28.131684203446 85.5608872191082,28.1316251012458 85.5609274710878,28.131582231434 85.5609951893543,28.1315396500053 85.5610474677805,28.1315104353322 85.5610936786994,28.1314784511544 85.56116845865,28.131458100047 85.5611746058756,28.1314258271122 85.5611682819369,28.1314084362805 85.5611524720899,28.1313926264336 85.5611477291358,28.1313689116631 85.5611524183671,28.131361336751 85.5611445671664,28.1313325490151 85.5611556340593,28.1313199011376 85.5611999016308,28.1313104152294 85.5612427395885,28.1313056554563 85.5613042466207,28.131270890612 85.5613722289626,28.1312329469793 85.5614433732739,28.1311633836527 85.5614670880444,28.1311349259281 85.5614908028148,28.1311017252495 85.5615050316771,28.1310669435862 85.5615240034934,28.1310416478311 85.5615714330343,28.130984732382 85.5616046337129,28.1309104261013 85.5616362534068,28.1308487676982 85.5616679090427,28.1307884712489 85.5616596410324,28.1307724215817 85.5616575028013,28.1307682708978 85.5616477590298,28.1307501753223 85.5616397002826,28.1307409653255 85.5616350994872,28.1307048697207 85.5616791974281,28.1306025128502 85.5616738886745,28.1305429299572 85.5616746112375,28.1304888219224 85.5617555471781,28.1303706169322 85.5617557639333,28.1303543845208 85.5617439180719,28.1303272023991 85.5617325057322,28.1302675554536 85.5617328669951,28.1302405014345 85.5617279194829,28.1301538645207 85.5617162904072,28.1301104499853 85.5617113429095,28.13002381307 85.561696489596,28.1299683614687 85.5616498469808,28.129937266392 85.5616066959931,28.1299024672083 85.5615468413972,28.1297771901471 85.5615078663115,28.1297298632573 85.5614595369184,28.1296090397746 85.5614521876176,28.1295906665227 85.5614466197482,28.1295433396329 85.5614647153237,28.1295001886451 85.5614953386054,28.1294236304411 85.5615677209074,28.1293122730534 85.5616247915686,28.1292412827187 85.5616832541971,28.1291354932004 85.5616943899359,28.1290561510616 85.561706917642,28.1289740249882 85.5616985658379,28.1289086025229 85.5616943899359,28.1287694057882 85.561706917642,28.1287095511923 85.5617347569889,28.1286302090536 85.5617765160093,28.1285745303597 85.5618168830624,28.1284826605148 85.5618266268338,28.1284102782128 85.5618349786379,28.1283128404986 85.5618238428991,28.1282529859027 85.5617960035522,28.1282070509802 85.5617625963359,28.1281764276986 85.56170274174,28.1280929096578 85.5616860381318,28.1280581104742 85.5616693345236,28.1280219193231 85.5616762943604,28.1279829442374 85.5616874300992,28.1279342253803 85.5616864726951,28.1278930570046 85.5616910538897,28.1278860327775 85.5616917763636,28.1278319247212 85.5616980242759,28.1278211671585 85.5616863954202,28.1277777526159 85.561705211391,28.127740069121 85.5617307087184,28.1276591632229 85.5617371733494,28.1276321732399 85.5617530869019,28.1275625982144 85.5617514605971,28.127543082556 85.5617584204338,28.1275180271437 85.5617599544886,28.1275090784907 85.5617667722379,28.1274693082866 85.5617667722379,28.127442860907 85.5617639883032,28.1273913581152 85.5617486766624,28.1273565589315 85.5617382510715,28.127337792868 85.5617532462743,28.1272868091785 85.5617532462743,28.1272488655458 85.5617595702131,28.1272140838825 85.5617690561213,28.1271793022192 85.5617785420295,28.1271634923723 85.5617975138458,28.1271350346477 85.5618196476316,28.127097091015 85.5618291335397,28.1270749572293 85.5618460613586,28.1270439228948 85.5618549808386,28.1270381373233 85.5619534293711,28.126979643049 85.5620029786282,28.1269260472518 85.5620357758049,28.126838275253 85.5620813568582,28.1267775005154 85.5621042453268,28.1267134128034 85.5621197776029,28.1266699224301 85.5621370355521,28.1266216001726 85.5621412114541,28.1265687054134 85.5621662668663,28.1265255544257 85.562205241952,28.1264503881889 85.5622409708967,28.1263335448834 85.5622567447439,28.12628196014 85.5622620832428,28.1262574030449 85.5622776242541,28.1261859143931 85.5622957198296,28.1261149240584 85.5623082475357,28.1260272301156 85.5623277502358,28.1259513862818 85.5623333029479,28.1259297924013 85.5623959414785,28.1258045153402 85.5624026110521,28.1257970611109 85.5624196049234,28.1257780679606 85.5624794595193,28.1257126454953 85.5626214401887,28.1254954985892 85.5627105260988,28.1253855331689 85.5627815164335,28.1252560802056 85.5628163156172,28.1251725621648 85.5628330192253,28.125089044124 85.5628497228335,28.1250194457567 85.5628608653149,28.1249761138843 85.5629136890411,28.1249327229665 85.5629832523677,28.1248663216092 85.5629963314229,28.1248588478634 85.5630955022811,28.124815730099 85.5631856184087,28.1247556526805 85.5632330479496,28.1247018992009 85.5632694105976,28.1246607935988 85.5632978683221,28.1246196879967 85.5633437168783,28.1245564486089 85.5633626886947,28.1245121810374 85.56336110771,28.1244647514965 85.5633120971844,28.1244030930934 85.5633010302915,28.1243461776443 85.5632994493068,28.124311395981 85.563293125368,28.1242497375779 85.5632836394599,28.1242054700064 85.5632846310834,28.1241479558413 85.5632994493069,28.1241232588022 85.5633342309702,28.1240536954756 85.5633658506641,28.1239936180571 85.563397470358,28.1239208927611 85.5634037942968,28.123879787159 85.5634164421743,28.123765956261 85.5634850644287,28.1236348115081 85.563558730797,28.1234940268933 85.5636630757869,28.1233169566073 85.5637587224633,28.1231847391429 85.5637705827462,28.1231683440459 85.563833822134,28.1230766469336 85.5638686037973,28.1229881117906 85.5638875756137,28.1228647949843 85.5639097093994,28.1227351542393 85.5639318431852,28.122539112137 85.5639286812158,28.1223557179123 85.5639191953076,28.1222418870142 85.5639002234913,28.1221343800549 85.5638749277361,28.1219731196159 85.5638591178892,28.1218656126566 85.5638433080422,28.1217739155442 85.5638376566881,28.1217343560653 85.5638306601646,28.1216853804013 85.5638211742565,28.1216063311665 85.5638193803427,28.1215839072449 85.5638148503177,28.1215272819317 85.5638053644095,28.1214640425438 85.5637863925931,28.1213660214927 85.5637674207768,28.1212932961967 85.5637421250217,28.1212237328701 85.5637199912359,28.1211478456047 85.563704181389,28.1210877681862 85.5636939791864,28.1210112516673 85.5637036948007,28.1209549011048 85.5637120466047,28.120907574215 85.5637231823435,28.1207822971538 85.563727520943,28.120744334408 85.5637398859516,28.1207154827212 85.5637593734945,28.1206431004192 85.5638067003843,28.1205373109009 85.5638317557965,28.120481632207 85.5638679469475,28.1204203856437 85.5639152738373,28.1203591390805 85.563954248923,28.120309028256 85.5639793043352,28.120272837105 85.5639932240087,28.1202255102152 85.5640043597475,28.1201475600438 85.563999587288,28.1200934721698 85.5640043597475,28.1200696098724 85.564013390175,28.1199829177687 85.5640160916559,28.1199569835518 85.5640182794209,28.1199359810071 85.5640127115516,28.1198608147704 85.5640138746267,28.119832900968 85.5640154954863,28.1197940003378 85.5640171802165,28.1197687293836 85.5640182794209,28.1197522413174 85.5640108999161,28.1197171886695 85.5640071436822,28.1196993465582 85.5640070031082,28.1196988779785 85.5639987918781,28.1196715072113 85.5639814306085,28.1196119828586 85.5639824346954,28.119607966511 85.5639982445424,28.1195542130313 85.56401089242,28.1195004595517 85.5640172163587,28.1194561919802 85.5640203783281,28.1194277342556 85.5640298642363,28.1193676568372 85.5640267022669,28.1193170653269 85.5640298642363,28.1192538259391 85.5640456990866,28.1192195170968 85.5640499936715,28.1192116681019 85.5640770896689,28.1191783257283 85.5640779255446,28.1191767854473 85.5640971716515,28.1191066365827 85.5641116259058,28.1190797112326 85.5641696561243,28.1190492213665 85.5642282467304,28.1190038366372 85.5642519542112,28.1189630115962 85.5642594822724,28.1189500480336 85.5643178565213,28.1189208957186 85.5643552309545,28.1188644655935 85.5643982757575,28.1188405642811 85.5644327788688,28.1187705751286 85.5644337159362,28.1187002344771 85.5644402513344,28.1186678334683 85.5644499463022,28.118627348183 85.564441656921,28.1185623224888 85.5644238527929,28.1185242550303 85.5644242852842,28.1184917901133 85.5644157436378,28.1184457022856 85.5644470870339,28.1183837973961 85.5644475915958,28.1183459216584 85.5644322369769,28.118313091503 85.5644409202572,28.1182783583818 85.564463054043,28.1182214429327 85.5644788638899,28.1181771753613 85.5644915117675,28.1181392317286 85.5644978357063,28.118110774004 85.5645041596451,28.1180823162795 85.5645389413084,28.1180159149223 85.5646021806962,28.1179684853814 85.5646590961452,28.1179273797793 85.5646875538698,28.1178862741772 85.5647160115943,28.1178451685751 85.5647349834106,28.1178072249424 85.564753955227,28.117762957371 85.5647855749209,28.1176997179831 85.5648077087067,28.1176269926871 85.5648140326454,28.117601696932 85.5648203565842,28.1175511054217 85.5648235185536,28.1174973519421 85.5648424903699,28.1174119787685 85.5648709480945,28.1173550633194 85.564899405819,28.1173171196867 85.5649247015741,28.1172602042377 85.5649405114211,28.1172159366662 85.5649752930844,28.1171716690947 85.5650005888395,28.1171400494008 85.5650543423192,28.1170578381966 85.5650733141355,28.1170325424415 85.5651017718601,28.1169693030537 85.5651144197376,28.1169060636658 85.5651270676152,28.1168301764004 85.5651227886457,28.1167945183217 85.5651001908754,28.1167448032269 85.5651049338295,28.1167147645176 85.5651066033493,28.1167044691453 85.5651144197376,28.1166562680839 85.5651160007223,28.1165835427879 85.5651191626917,28.1165250463541 85.5651113884281,28.1164737362145 85.5651144197376,28.1164570640122 85.5651239056458,28.1164001485632 85.5651239056458,28.1163369091753 85.5651270676152,28.1163116134202 85.565133391554,28.1162420500936 85.5651365535234,28.1161124093485 85.5651382942209,28.1160775953979 85.5651555221315,28.1160615303711 85.5651776741979,28.1160022348589 85.5652027335457,28.1159537929224 85.5652373071647,28.1158783926621 85.5652314673411,28.1158128693763 85.565263032299,28.1157804025624 85.5652914900236,28.1157234871134 85.5652883280542,28.11568870545 85.565278842146,28.115559064705 85.5652851660848,28.1155053112253 85.5653072998705,28.1154452338069 85.5653389195644,28.1153725085109 85.5653484054726,28.1152808113985 85.5653484054726,28.1152333818577 85.5653420815338,28.1151986001943 85.5653262716869,28.1151385227759 85.5652978139623,28.1150752833881 85.5652883331657,28.1150628854232 85.5652877536409,28.1150487836535 85.5652821857716,28.1150334720127 85.565259914294,28.1149889290576 85.5652362508491,28.1149457780698 85.5651986677308,28.1149151547882 85.5651763962532,28.1149012351147 85.5651095818206,28.1148650439637 85.5650719987022,28.1147815259229 85.5650650388655,28.1147606464127 85.5650441593553,28.1147161034577 85.5650344155839,28.1146701685352 85.5650370031761,28.1146486052664 85.5650385914859,28.1146353693516 85.5650385914859,28.114608921972 85.5650385914859,28.1145880424618 85.5650378490447,28.1145850726972 85.56503242006,28.1145633567581 85.5650302396818,28.1145546352455 85.5650218878777,28.1145267958985 85.5650044276635,28.1144872806768 85.5649954404982,28.1144669413026 85.5649884806614,28.1144279662169 85.5649759529553,28.1143862071965 85.5649634252492,28.1143514080129 85.5649536814778,28.11433192047 85.564946721641,28.1143082570251 85.5649495055757,28.1142845935802 85.5649481136084,28.1142303068537 85.5649481136084,28.1142024675068 85.5649481136084,28.1141662763558 85.5649487560549,28.1141637065698 85.5649564654125,28.1141440048782 85.564982912792,28.1141022458578 85.565010752139,28.1140577029028 85.5650344155839,28.1140187278171 85.565051119192,28.1139797527313 85.5650636468981,28.1139533053518 85.5650803505063,28.1139045864946 85.5650817424736,28.1138753551804 85.5650803505063,28.1138391640293 85.5650733906696,28.1137987969763 85.565051119192,28.1137612138579 85.5650455513226,28.1137472941845 85.565014928041,28.1137111030335 85.5649522895104,28.1136735199151 85.5648854750778,28.1136428966335 85.5648367562207,28.1136150572866 85.5647942995465,28.1136009050618 85.5647342283944,28.1135515601936 85.564631420627,28.1134801334223 85.5645675593643,28.1134632301118 85.5644645716338,28.1134053302809 85.5643987163214,28.1133594597481 85.5643941106044,28.1133519754581 85.5643774069963,28.1133185682417 85.564352351584,28.1132879449601 85.5643356479759,28.1132628895479 85.5643245122371,28.1132378341356 85.5643022407596,28.1132155626581 85.5642883210861,28.1132044269193 85.564279969282,28.1131877233112 85.5642883210861,28.1131571000296 85.5643105925637,28.1131236928132 85.5643189443677,28.1131042052704 85.5643300801065,28.11306244625 85.5643300801065,28.1130373908377 85.5643328640412,28.1130067675561 85.5643412158453,28.1129817121439 85.5643495676494,28.112953872797 85.5643551355187,28.1129232495153 85.564352351584,28.1129009780378 85.5643300801065,28.1128620029521 85.5643105925637,28.1128146760623 85.5642938889555,28.1127951885195 85.5642771853473,28.1127645652378 85.5642744014126,28.1127422937603 85.5642604817392,28.1127172383481 85.564243778131,28.1126949668705 85.56420758698,28.1126754793277 85.5641769636984,28.1126699114583 85.5641379886127,28.1126559917848 85.5641157171352,28.112636504242 85.5641045813964,28.112608664895 85.5640795259841,28.1125780416134 85.5640683902454,28.1125334986583 85.5640711741801,28.1125056593114 85.5640739581147,28.1124806038991 85.5640767420495,28.11242770914 85.5640656063107,28.1124026537277 85.5640544705719,28.1123720304461 85.5640572545066,28.1123358392951 85.5640600384413,28.1122968642094 85.564062822376,28.112255105189 85.5640516866372,28.1122244819074 85.5640461187678,28.1121910746911 85.5640433348331,28.1121409638666 85.5640377669637,28.1121019887809 85.5640489027025,28.1120490940217 85.5640516866372,28.1119878474585 85.5640600384413,28.1119600081115 85.5640656063107,28.1118235953116 85.5640850938535,28.111765132683 85.5640878777882,28.1117150218586 85.5640795259841,28.1116704789035 85.5640795259841,28.1116342877525 85.5640767420494,28.1116092323402 85.564062822376,28.1115591215157 85.5640321990944,28.1115062267566 85.5640071436821,28.111483955279 85.563954248923,28.1114588998668 85.5639319774454,28.1114394123239 85.5638930023597,28.1114254926505 85.5638122682536,28.1114032211729 85.5637927807108,28.1113725978913 85.5637844289067,28.1113336228056 85.5637760771026,28.1112946477199 85.5637788610373,28.1112556726342 85.5637593734944,28.1111916421363 85.5637064787353,28.1111554509852 85.5636869911924,28.111130395573 85.5636563679108,28.1110691490098 85.5635895534782,28.1109828470343 85.5635533623272,28.1109299522751 85.5634954997527,28.1108974045769 85.5635002543164,28.1108842582312 85.5634651177254,28.1107729527513 85.5634074328211,28.1107507020706 85.5633619889061,28.110725873833 85.5633412072176,28.1106823634609 85.5633355013864,28.1106525399941 85.5633237652229,28.1106172417639 85.5632846041176,28.1105789503853 85.5632456954492,28.1105217211158 85.5632463445003,28.1104730237086 85.5632379120115,28.1104188195628 85.563196060384,28.1103534420747 85.5631660891231,28.1103125411722 85.5631606357769,28.1102637798185 85.5631551103141,28.1102204292876 85.5631801330278,28.1101746930767 85.5632080987532,28.1101371050673 85.5632242202051,28.1100723350481 85.5632156074571,28.1100316579577 85.5632223949785,28.1099803190795 85.5632290743184,28.1099370964356 85.5632148279273,28.1098611850492 85.5631999685594,28.1098312656608 85.5632192132774,28.1097611167862 85.56321735199,28.1096718062258 85.5631817112106,28.1095983764448 85.563164269458,28.1095332547275 85.563189941043,28.1094388210912 85.5632124171616,28.1093551771236 85.563198315071,28.1092684440848 85.5631975011386,28.1092456377 85.563227641968,28.1091899930919 85.5632582652497,28.1090925553777 85.5632694009884,28.1090313088144 85.5632777527925,28.1089283032308 85.5632833206619,28.1088921120798 85.5632888885313,28.1088587048635 85.5633167278782,28.1088169458431 85.5633206126398,28.1088122841292 85.5633445672252,28.1087835386268 85.5633584868986,28.1087556992798 85.5633770728817,28.1087231738094 85.5634030298537,28.1086777491084 85.5634280852659,28.1086304222186 85.563464276417,28.1085803113942 85.5635171711761,28.1085190648309 85.5635561462618,28.1084633861371 85.5636675036495,28.1083798680963 85.5637259662781,28.1083102697289 85.563753805625,28.1082657267739 85.5637677252985,28.1082016962759 85.5637844289067,28.1081320979086 85.5638122682536,28.108065283476 85.5638234039924,28.1080123887168 85.5638289718617,28.1079400064148 85.5638484594046,28.1078898955903 85.5638623790781,28.1078314329617 85.5638623790781,28.1077861501842 85.5638717657667,28.107711056675 85.5638875756137,28.1076541412259 85.56390654743,28.1076067116851 85.5639286812158,28.1075466342666 85.5639729487872,28.1074802329094 85.5639850166586,28.1074488564439 85.5639824346954,28.1074264794297 85.5639761107566,28.1073632400419 85.5639508150015,28.1073063245929 85.5639381671239,28.1072652189908 85.5639160333382,28.1072083035417 85.5639033854606,28.107170359909 85.5638875756137,28.1071102824906 85.5638938995524,28.1070375571946 85.5639120754989,28.1069630358139 85.5639097093994,28.1069553459904 85.5639002234912,28.1069015925107 85.5639033854606,28.1068541629699 85.5638749277361,28.1068004094902 85.5637895545625,28.1067434940412 85.563745286991,28.1067118743472 85.5635365970112,28.1065948814798 85.5634767350693,28.1065574677661 85.5634607097458,28.1065474519389 85.5633943083886,28.1065253181531 85.5632905964189,28.1065123541569 85.5632678296129,28.1065095083062 85.5631603226536,28.1064873745204 85.5630559776637,28.1064747266429 85.5629761409634,28.1064444437566 85.5628704730714,28.1063914593697 85.5627893325733,28.1062881736727 85.562768238449,28.1062834274947 85.5627366187551,28.1062691986324 85.5626733793673,28.1062439028773 85.5626259498264,28.1062280930303 85.5625832632396,28.1062154451528 85.5625168618824,28.1062043782599 85.5624393936323,28.1061854064435 85.5623824781833,28.106172758566 85.5623382106118,28.1061411388721 85.5623034289485,28.1061079381934 85.5623030835877,28.1061071093277 85.5623018479637,28.1061063572087 85.5622924776893,28.1060905448706 85.5622765522086,28.106063670622 85.5622639043311,28.1060257269893 85.5622496754688,28.1059814594178 85.5622386085759,28.1059482587392 85.5622212177443,28.105886600336 85.5621880170657,28.1058486567033 85.5621263586625,28.1058217799635 85.5620741861676,28.1058091320859 85.5619935559481,28.1057585405757 85.5619571933001,28.1057348258052 85.5619018588357,28.105720596943 85.5618168526316,28.105684804857 85.5618133236928,28.1056810723256 85.5617990948305,28.1056621005092 85.5617722180907,28.1056415477082 85.5617485033202,28.1056225758918 85.561718464611,28.1055925371826 85.5616868449171,28.1055545935499 85.5616662921161,28.1055324597642 85.5616441583303,28.1055103259784 85.5616267674987,28.1054850302233 85.5616211537667,28.1054775452474 85.5616213116502,28.1054734402767 85.5616171357481,28.1054497768318 85.5616087839441,28.1054219374849 85.5615962562379,28.1054010579747 85.5615739847604,28.1053787864971 85.5615664657816,28.1053721029604 85.5615598296884,28.1053630462319 85.5615281323378,28.1053342669861 85.5615145175853,28.1053111219068 85.5615034506924,28.1052905691057 85.5614955457689,28.1052747592588 85.5614781549372,28.105252625473 85.5614591831209,28.105232072672 85.5614306483142,28.1052116906672 85.5614264362217,28.1052061825462 85.5614208683523,28.1051797351666 85.5614111245808,28.1051616395911 85.5614055567114,28.1051407600809 85.5613930290053,28.1051310163095 85.5613904697693,28.1051297754677 85.5613470940829,28.1051087448319 85.5613303904747,28.1050781215503 85.5613150788339,28.1050600259748 85.561292632734,28.1050364575698 85.5612900177584,28.1050233826921 85.5612710459421,28.1049538193655 85.5612360701725,28.104889248714 85.56122994034,28.1048779321001 85.5611951586767,28.1048399884674 85.5611508911052,28.1047830730183 85.5611066235337,28.1047451293856 85.5610813277786,28.1047135096917 85.5610655179316,28.1046629181815 85.5610370602071,28.1046218125794 85.5610339388151,28.1046180669089 85.5610212503602,28.104602840763 85.5609833067275,28.1045617351609 85.560939039156,28.1045048197119 85.5609010955233,28.1044668760792 85.5608374787146,28.1043850830394 85.5608404179688,28.1043556904974 85.5608501617402,28.1043181073791 85.5608502706741,28.1043179016149 85.560850504013,28.1043151015484 85.5608536659824,28.1042803198851 85.5608430449148,28.1042484566822 85.5608378561354,28.1042328903442 85.5608283702273,28.1042170804972 85.5608125603803,28.1041917847421 85.5607904265946,28.1041696509564 85.5606576238801,28.1041696509564 85.5605754126759,28.1041158974767 85.5605532788902,28.1040147144562 85.5605248211657,28.1039799327929 85.5604837155636,28.1039514750684 85.5604046663288,28.1039040455275 85.5603888564818,28.1038850737111 85.5603572367879,28.1038661018948 85.5603287790634,28.103843968109 85.5603003213389,28.1038249962927 85.5602718636143,28.1037744047824 85.5602434058898,28.1037364611497 85.5602351477502,28.1037282030101 85.5602360904685,28.1037175635247 85.5602246149854,28.1037051855305 85.5602279523362,28.1036945060078 85.5602279523362,28.1036610987915 85.5601973290546,28.1036165558364 85.5601444342955,28.1035636610773 85.5601138110138,28.1035191181222 85.5601026752751,28.1034857109059 85.560094323471,28.1034411679508 85.5600831877322,28.1034049767998 85.5600821343497,28.1034023433436 85.5600956826748,28.1033778656333 85.5601054498677,28.1033319697561 85.5601548802112,28.1032864903122 85.5601635576878,28.1032624974255 85.5601580327162,28.1032210601389 85.560164356655,28.1032052502919 85.5602086242265,28.1031514968123 85.5602465678592,28.1031325249959 85.5602813495225,28.1031135531796 85.5603099962143,28.1030875107325 85.5603161311858,28.1030819334857 85.5603351030022,28.1030597996999 85.5603698846655,28.103028180006 85.5603951804206,28.1029965603121 85.5604015043594,28.1029712645569 85.5604173142063,28.1029522927406 85.5604204761757,28.1029048631997 85.5604204761757,28.1028764054752 85.5604331240533,28.1028289759343 85.5604394479921,28.1027847083628 85.5604394479921,28.1027341168526 85.5604331240533,28.1026772014035 85.5604331240533,28.1026297718627 85.5604486895003,28.1025752927981 85.5604700580223,28.1025348835485 85.5604732534774,28.1025240939283 85.5604951160302,28.1024864423429 85.560499276102,28.1024595241325 85.5605184972269,28.1024210818828 85.5605121732881,28.1023831382501 85.5605058493493,28.102357842495 85.5604932014717,28.1023135749235 85.560486877533,28.1022882791684 85.5604742296554,28.1022629834132 85.5604584198084,28.1022313637193 85.5604457719309,28.1021997440254 85.5604457719309,28.1021491525151 85.5604489339003,28.1021017229743 85.5604394479921,28.1020606173722 85.5604331240533,28.1020100258619 85.5604426099615,28.1019499484435 85.5604451428801,28.1018942242329 85.5604464912096,28.1018905163268 85.5604522101332,28.1018798954687 85.5604562349811,28.1018724207512 85.5604687626872,28.1018557171431 85.5604757225239,28.1018445814043 85.5604785064586,28.1018334456655 85.5604783133997,28.1018297775459 85.5604963634411,28.1018139837596 85.5605216591963,28.1017855260351 85.5605501169208,28.101744420433 85.5605627647984,28.101687504984 85.5605627647984,28.1016463993819 85.5605627647984,28.1016084557492 85.5605785746453,28.1015515403001 85.5605722507065,28.1015230825756 85.5605785746453,28.1014724910653 85.5606007084311,28.1014218995551 85.5605880605535,28.1013428503203 85.5605311451044,28.1012732869936 85.5605090113187,28.1012479912385 85.5604647437472,28.1012100476058 85.5604204761758,28.1011847518507 85.5603856945124,28.1011436462486 85.5603351030022,28.1011057026159 85.5602939974001,28.1010930547383 85.5602339199816,28.1010551111056 85.5601706805938,28.1010456251975 85.5600710695751,28.1010303004253 85.5600679165886,28.1010155864882 85.5600805644661,28.1009902907331 85.5601248320376,28.100949185131 85.5601627756703,28.1009207274065 85.5601690996091,28.1009017555901 85.5601754235479,28.100860649988 85.560200719303,28.1008227063553 85.5602124496057,28.1008118783836 85.5602418249051,28.1007847627226 85.560289254446,28.1007404951512 85.5603050642929,28.1007057134879 85.5602987403541,28.1006614459164 85.5602829305072,28.1006076924367 85.5602702826296,28.1005792347122 85.560273444599,28.1005507769877 85.5602702826296,28.1005001854774 85.5602639586909,28.1004622418447 85.5602386629357,28.1003990024569 85.5601975573336,28.1003484109466 85.5601596137009,28.1002567138342 85.560158491101,28.1002545808944 85.5601569620016,28.1002354671517 85.5601527860995,28.1002020599354 85.5601486101975,28.1001825723926 85.5601416503607,28.1001491651762 85.5601402583934,28.1001227177967 85.5601388664261,28.1000865266456 85.5601388664261,28.1000726069722 85.5601332985567,28.1000266720497 85.5601249467526,28.0999932648334 85.5601249467526,28.0999709933559 85.5601332985567,28.0999431540089 85.5601527860995,28.0998958271192 85.5601694897077,28.0998624199028 85.5601806254464,28.099806741209 85.5601917611852,28.0997594143192 85.5601973290546,28.0997037356253 85.5601889772505,28.099634137258 85.5601945451199,28.099597946107 85.5602056808587,28.0995561870866 85.560202896924,28.0995088601968 85.5602001129893,28.0994921565887 85.5601999611383,28.0994917516526 85.5602001129893,28.0994865887193 85.5602015049566,28.0994545734703 85.5602112487281,28.0994225582213 85.5602265603689,28.0993975028091 85.5602349121729,28.0993794072336 85.560247439879,28.0993585277234 85.5602711033239,28.0993376482132 85.5602891988995,28.0993084168989 85.5603017266056,28.0992917132908 85.5603142543117,28.0992750096826 85.5603253900505,28.0992527382051 85.5603295659525,28.0992248988581 85.5603295659525,28.0992137631194 85.5603337418545,28.0991956675439 85.560334729159,28.0991938903958 85.5603625098471,28.0991623390275 85.5603905818291,28.0991166352273 85.5604032548699,28.0990815929562 85.5604218852398,28.0990574363795 85.5604685875147,28.0989875759805 85.5605259142254,28.0989450362523 85.560527983135,28.0989444965367 85.5605785746453,28.098942915552 85.5606291661556,28.0989413345673 85.560652880926,28.0989397535826 85.5606876625893,28.0989271057051 85.5607287681914,28.0988796761642 85.5607461590231,28.098833827608 85.5607493209925,28.0987753311743 85.5607603878853,28.0987531973885 85.5607714547782,28.0987326445875 85.5607920075793,28.0987026058783 85.5608046554568,28.0986662432303 85.560814141365,28.0986456904292 85.5608489230283,28.0986061658118 85.5608900286304,28.0985698031638 85.5609374581713,28.0985302785464 85.5609507046961,28.0985113549395 85.560959591957,28.0984986588525 85.5609810946029,28.0984556535607 85.560982398638,28.0984426132094 85.560978448399,28.0984352770511 85.5609817257427,28.0984243525718 85.5609880496815,28.0984022187861 85.5609975355897,28.0983547892452 85.5609912116509,28.0983073597043 85.5609943736203,28.0982125006226 85.5609943736203,28.098111317602 85.5610228313448,28.0980733739693 85.5610576130081,28.0980322683672 85.5611240143654,28.0979437332243 85.5611524720899,28.0978899797446 85.5611904157226,28.0978140924792 85.5612093875389,28.0977571770302 85.5612093875389,28.0976876137035 85.5612125495083,28.0975769447748 85.5612093875389,28.0975358391728 85.5612093875389,28.0975073814482 85.5612473311716,28.0974378181216 85.5613674860085,28.0973239872235 85.5614244014576,28.0972639098051 85.5614813169066,28.0972038323866 85.5615445562945,28.0971247831518 85.5615983097741,28.0970710296722 85.5616710350701,28.0970077902844 85.5617279505192,28.0969413889271 85.5617943518764,28.0968338819678 85.5618702391418,28.0967864524269 85.5619492883766,28.0967232130391 85.5619682601929,28.0966726215288 85.5619587742848,28.0966378398655 85.5619429644378,28.0965998962328 85.5619208306521,28.0965714385083 85.5619113447439,28.096552466692 85.5619018588357,28.0965081991205 85.5618923729275,28.096479741396 85.5618734011112,28.0964354738245 85.561848105356,28.0964165020081 85.5618228096009,28.0963975301918 85.5618087268281,28.096383447419 85.5618219626865,28.0963473909797 85.5617963664477,28.0962601113862 85.5617975138458,28.0962520795998 85.5617975138458,28.0962236218752 85.5617975138458,28.0961761923344 85.5618038377846,28.0961287627935 85.5618038377846,28.0960939811302 85.5618101617233,28.096068685375 85.5618133236927,28.0960402276505 85.5618196476315,28.095995960079 85.5618322955091,28.0959548544769 85.5618354574785,28.0958947770585 85.5618354574785,28.0958758052422 85.5618322955091,28.0958378616095 85.5618291335397,28.0957651363134 85.5618228096009,28.0957113828338 85.5618213900388,28.0957038118361 85.561821720094,28.0956790573786 85.5618162677878,28.0956302959205 85.5618019155998,28.0955625005875 85.5618087747001,28.0955057508342 85.5618007766178,28.0954190815665 85.561844389474,28.0953518939993 85.5618726401235,28.0952926627319 85.5618971929869,28.0952366247934 85.5618986968663,28.0952276015169 85.5619113447439,28.0951833339454 85.5619398024684,28.0951580381903 85.5619650982235,28.0951390663739 85.5619903939787,28.0951232565269 85.5620220136726,28.0950979607718 85.5620240281209,28.0950962820649 85.5620599573053,28.0950663410779 85.562082091091,28.0950315594146 85.5621073868462,28.0949936157819 85.5621168727543,28.0949714819961 85.562154816387,28.0949335383634 85.5621895980503,28.0948955947308 85.5622148938055,28.0948513271593 85.5622243797136,28.0948228694347 85.56224335153,28.0947754398939 85.5622496754688,28.0947501441387 85.562259161377,28.0946995526285 85.5622465134994,28.0946647709652 85.5622401895606,28.0946078555161 85.5622370275912,28.094582559761 85.56224335153,28.0945319682507 85.56224335153,28.0944813767405 85.5622496754688,28.0944307852302 85.5622781331933,28.0943770317505 85.5623224007648,28.0943264402403 85.5623571824281,28.0942821726688 85.5623793162138,28.0942062854034 85.5623856401526,28.0941398840462 85.5623793162138,28.0941051023828 85.5623793162138,28.0940545108726 85.5623824781832,28.0940260531481 85.5623856401526,28.0939944334541 85.5624014499996,28.093969137699 85.5624204218159,28.0939311940663 85.5624425556016,28.0938742786173 85.562445717571,28.0938458208927 85.5624609211229,28.093807812013 85.5624907486557,28.0937866027304 85.5625280065372,28.0937382888686 85.5625640985949,28.0937024055616 85.5625473564752,28.0936600235871 85.562550767722,28.0936330013835 85.5625504209603,28.093628835849 85.5625539446404,28.0936235643924 85.5625618779212,28.0936006482686 85.5625668686069,28.0935695839227 85.5625689166986,28.0935303713552 85.5625387337565,28.0935057029041 85.5625206095775,28.0934919839974 85.5624872677646,28.0934753998175 85.5624368404562,28.0934816358316 85.5623866675526,28.0934799686345 85.5623640734279,28.0934470507687 85.5622699693246,28.0934108891322 85.5622164262956,28.0933075077115 85.5621590032664,28.093266318886 85.5621265630897,28.0931820991974 85.5621006210832,28.0930681838731 85.562034190299,28.093016077395 85.5619802149158,28.0929451608953 85.5619881195259,28.0928099540102 85.5619735872038,28.0927556857631 85.561977287061,28.0927070202385 85.5619900308677,28.092666566908 85.5620029189143,28.0926152919075 85.5620004091396,28.0925746786703 85.5619975632628,28.0925410545975 85.5620041026703,28.0925253600193 85.5620138464418,28.0925156162479 85.5620402938213,28.0924933447703 85.5620695251356,28.0924696813254 85.5620862287438,28.0924432339458 85.5621043243193,28.0924028668928 85.5621140680907,28.0923708516438 85.5621196359601,28.0923541480357 85.5621446913723,28.0923290926234 85.5621572190784,28.0923179568847 85.562175314654,28.0923012532765 85.5621948021968,28.0922720219622 85.562215681707,28.092251142452 85.5622296013805,28.0922274790071 85.5622741443356,28.0921912878561 85.5622824961396,28.0921843280194 85.5623061595845,28.0921592726072 85.56232425516,28.0921342171949 85.5623381748335,28.0921133376847 85.5623576623763,28.0920841063704 85.5623715820498,28.0920618348929 85.5623757579518,28.0920465232521 85.56239246156,28.0920089401337 85.5624035972988,28.0919838847215 85.5624077732008,28.0919421257011 85.5624063812335,28.0919045425827 85.5623896776253,28.0918753112685 85.5623827177886,28.091857215693 85.5623548784416,28.0918279843787 85.5623395668008,28.0918071048685 85.5623191111706,28.0917824651321 85.5623131194212,28.0917653458481 85.5623070838105,28.0917574995541 85.5622991997478,28.0917472502726 85.5622991997478,28.0917305466644 85.5623103354865,28.0917082751869 85.562320079258,28.0916860037093 85.5623590543437,28.0916595563297 85.5624063812334,28.091616405342 85.5624272607436,28.0915829981257 85.5624425723845,28.0915621186155 85.5624662358293,28.0915384551706 85.5624871153396,28.0915106158237 85.562505210915,28.0914813845094 85.5625109762616,28.0914772664047 85.5625124192962,28.0914733747097 85.5625311559551,28.0914411015 85.5625589365011,28.0914170404435 85.5625929625767,28.0913822216407 85.5626037182731,28.0913599199574 85.5626123924007,28.0913547154809 85.5626346638783,28.0913282681013 85.5626722469966,28.0912600617013 85.5627112220823,28.0912183026809 85.5627557650374,28.091194639236 85.562786388319,28.0911723677585 85.5628156196333,28.0911500962809 85.5628197955353,28.0911236489013 85.5628197955353,28.0911137318231 85.5628197955353,28.0910972015217 85.5628178496755,28.091081634643 85.5628156196333,28.0910637943054 85.5627975240578,28.0910345629912 85.5627836043843,28.0910081156116 85.5627641168415,28.0909538288851 85.5627641168415,28.0909037180606 85.5627613329068,28.0908549992035 85.5627599409394,28.090845255432 85.562750197168,28.0907895767382 85.562746021266,28.090768697228 85.5627321015925,28.0907269382076 85.562714006017,28.090668475579 85.5626847747027,28.0906295004933 85.5626625032252,28.090600269179 85.5626277040415,28.0905793896688 85.5626087401751,28.0905667470912 85.5625676188036,28.0905363947878 85.5625374366675,28.090511726357 85.5625073987319,28.0904762362458 85.562504960872,28.0904302121633 85.562505645757,28.0903788092107 85.5624679473197,28.0903462884798 85.5624583654486,28.0902696335108 85.5624457175711,28.090206394123 85.5624330696935,28.0901305068576 85.5624204218159,28.0900546195922 85.5624140978771,28.0900103520207 85.5623951260608,28.0899407886941 85.5623571824281,28.0898901971838 85.5623255627342,28.0898396056735 85.5622812951627,28.0897320987142 85.5622686472851,28.0896562114488 85.5622496754688,28.0896056199386 85.5621990839585,28.0894917890405 85.5621737882034,28.0894032538975 85.5621611403258,28.0892957469382 85.5621484924482,28.0892261836116 85.5621358445707,28.0891629442237 85.5621231966931,28.0890807330196 85.562066281244,28.0890111696929 85.5619840700399,28.0889163106112 85.5619145067133,28.0887961557743 85.5618702391418,28.0887202685089 85.5618196476315,28.0886190854884 85.56177538006,28.0884862827739 85.5617500843049,28.0882712688553 85.5617880279376,28.0881574379572 85.5618133236927,28.088075226753 85.5618259715703,28.0880119873652 85.5618386194479,28.0879361000998 85.5618449433866,28.0878791846507 85.5618702391418,28.0877906495078 85.5618828870193,28.0877147622424 85.561920830652,28.0876072552831 85.561932255859,28.0875821198278 85.5619345140617,28.087580388539 85.5619553838132,28.0875643883963 85.5619860070948,28.0875421169187 85.562015238409,28.0875268052779 85.5620542134947,28.0874808703555 85.5620737010376,28.0874683426494 85.5621098921886,28.0874432872371 85.5621460833396,28.0874237996943 85.5621683548172,28.0874015282167 85.5621892343274,28.0873834326412 85.5622045459682,28.0873695129678 85.5622128977723,28.0873555932943 85.5622309933478,28.0873361057514 85.5622490889233,28.0873166182086 85.5622755363028,28.0872957386984 85.562292239911,28.0872720752535 85.5622964158131,28.0872637234494 85.5623172953233,28.0872372760698 85.562327387441,28.0872260626056 85.5623298230294,28.0872233563964 85.5623367828661,28.0872038688535 85.5623520945069,28.0871788134413 85.5623576623763,28.0871690696699 85.5623597942315,28.0871616081765 85.5623632302457,28.087149582127 85.5623660141804,28.0871356624535 85.5623827177885,28.0871036472046 85.5623938535273,28.087081375727 85.5624133410702,28.0870591042495 85.5624467482865,28.0870284809679 85.5624578840252,28.0870187371964 85.5625003787242,28.0869885796681 85.5625066028824,28.0869797621107 85.5625233064905,28.0869588826005 85.5625441860007,28.0869310432536 85.5625622815762,28.0869059878414 85.5625678494456,28.0868962440699 85.562577593217,28.0868851083312 85.5625901492374,28.08687597668 85.5625929048579,28.0868739725924 85.5626082164987,28.086864228821 85.5626165683028,28.0868572689842 85.5626546330562,28.0868510723965 85.5626764228986,28.0868475252128 85.5627042622456,28.0868405653761 85.5627348855272,28.086832213572 85.5627472355482,28.0868300657423 85.562769631685,28.0868234520029 85.5627749060004,28.086820089869 85.562818403568,28.0868071581598 85.5628448509476,28.086796022421 85.5628754742292,28.0867862786496 85.5628991376741,28.0867723589761 85.5629297609557,28.0867626152047 85.5629576003026,28.0867556553679 85.5629854396496,28.0867403437271 85.5630021432577,28.086727816021 85.5630051944494,28.0867253750676 85.5630160629312,28.0867166802822 85.5630327665394,28.0867069365108 85.5630508621149,28.0866985847067 85.5630689576904,28.086687448968 85.5630870532659,28.0866679614251 85.5631051488414,28.0866317702741 85.5631176765475,28.0866011469925 85.5631260283516,28.0865733076455 85.5631413399924,28.0865454682986 85.5631594355679,28.0865204128864 85.5631733552413,28.0864981414088 85.5631956267189,28.0864772618986 85.5632206821311,28.0864591663231 85.563240169674,28.0864452466497 85.5632652250862,28.0864313269762 85.5632874965638,28.086414623368 85.5633111600087,28.0863993117272 85.5633431752576,28.0863909599231 85.5633640547678,28.0863867840211 85.5633905021474,28.0863867840211 85.5634044218209,28.0863853920538 85.563416949527,28.0863840000864 85.5634299255366,28.0863800074681 85.5634315150714,28.0863785160085 85.5634684456822,28.0863545505222 85.5635006744166,28.0863400060887 85.5635360797309,28.0863160246126 85.5635819998467,28.0863043293104 85.56360665623,28.0862856468706 85.5636359424264,28.0862629542005 85.5636515912318,28.0862333542518 85.563705767815,28.0861743938712 85.5637383925666,28.0861300897397 85.5637738877805,28.0860993446425 85.5638598067411,28.0860623628791 85.5638953919115,28.0860248541933 85.5639273813247,28.085966368685 85.5639350051544,28.0859282495361 85.563947653032,28.0858776580259 85.563963462879,28.0858175806074 85.5639887586341,28.0857543412196 85.5640011632675,28.0857362981165 85.5640235402974,28.0857037497093 85.5640456740832,28.0856436722909 85.5640646458995,28.0855677850255 85.5640709698383,28.0855330033622 85.5640772937771,28.0854476301886 85.5641784767976,28.0853179894435 85.5642353922467,28.0852737218721 85.5643681949611,28.0851820247597 85.5644314343489,28.085144081127 85.5644915117674,28.0851124614331 85.5645515891858,28.0850618699228 85.5645800469104,28.0850239262901 85.5646527722063,28.0849195813002 85.5646689374435,28.0848731062435 85.5646836398123,28.0848584038746 85.5647003434205,28.0848403082991 85.5647066003238,28.0848350942131 85.5647349834105,28.0848183982797 85.5648077087066,28.0847899405551 85.5648614621862,28.0847456729837 85.5648962438495,28.0846982434428 85.5649183776353,28.0846634617795 85.5649341874822,28.0846318420856 85.5649531592986,28.0845938984529 85.5649721311149,28.084546468912 85.5649942649006,28.0844958774017 85.5650593872607,28.0843904411998 85.565071998702,28.0843879189115 85.565083371634,28.084377177809 85.5650970541142,28.0843642554666 85.5651318532979,28.0843322402176 85.5651513408408,28.0843141446421 85.5651708283836,28.0842904811972 85.565180572155,28.084269601687 85.5651861400244,28.0842570739809 85.5651875319918,28.0842528980789 85.5651917078938,28.0842222747973 85.5651986677305,28.0842097470911 85.5652042355999,28.0841916515156 85.565212587404,28.0841707720054 85.5652251151101,28.0841429326585 85.5652557383918,28.0841109174095 85.5652710500326,28.0840914298667 85.5652780098693,28.0840761182259 85.5652905375754,28.0840496708463 85.5653142010203,28.0840371431402 85.5653350805305,28.0840190475647 85.5653601359427,28.0839981680545 85.5653649531374,28.083995102567 85.5653810779511,28.0839691077302 85.5654058413777,28.083942308656 85.5654567495781,28.0838995481385 85.5654642419794,28.0838888888809 85.5654702193918,28.0838888888809 85.5654783725937,28.0838794807163 85.5655274138723,28.0838624057577 85.565555555593,28.0838577193202 85.565573278807,28.0838547678754 85.5656010386908,28.0838320587922 85.5656227335835,28.083806580496 85.5656476047862,28.0837716650992 85.565672619801,28.0837259279973 85.5657203155274,28.0836953098956 85.5657664680172,28.0836660285449 85.5657973861377,28.0836352350304 85.5658450817894,28.0836046168822 85.5659079398503,28.083580921703 85.5659757690197,28.0835275146394 85.5659838941752,28.0835193052864 85.5659871232896,28.0835188288597 85.5660440387387,28.0835077619668 85.5661610316062,28.0834587514413 85.566172098499,28.0834381986402 85.566173258398,28.0834343323104 85.5661815844072,28.0834065789463 85.5661831653919,28.0833686353136 85.5661800034225,28.0833259487268 85.5661815844072,28.0833069769105 85.566187908346,28.0832848431247 85.5662068801623,28.0832611283543 85.5662132842797,28.0832558543753 85.5662337569022,28.0832389945686 85.5662432428103,28.0832184417675 85.5662479857644,28.083189984043 85.5662590526573,28.0831552023797 85.5662574716726,28.0831314876092 85.5662416618256,28.0831014489 85.5662233969737,28.0830767376298 85.5662259396322,28.0830655499323 85.5662315075016,28.0830502382915 85.5662302704405,28.083032919435 85.5662464047797,28.0830208186805 85.5662796054583,28.0829907799713 85.5663001582594,28.0829623222468 85.5663270349992,28.0829227976294 85.5663380640194,28.0829044159291 85.5663460068156,28.0828911779355 85.5663792074942,28.0828453293793 85.5664171511269,28.0828200336242 85.5664629996831,28.0827978998384 85.5664947141533,28.0827824491991 85.5664980123193,28.0827780038449 85.5665015491668,28.0827732367895 85.566522571881,28.0827599592858 85.5665279965464,28.0827565331813 85.5665627957301,28.0827467894099 85.5666017708158,28.0827412215405 85.566663017379,28.0827356536712 85.5667006004974,28.0827314777691 85.566727047877,28.0827175580956 85.5667534952566,28.0826841508793 85.5667705429551,28.0826474327594 85.5667715908321,28.0826451757936 85.5667813346035,28.08261037661 85.5667938623096,28.0825407782426 85.5667938623096,28.0825212906998 85.5667910783749,28.0824906674182 85.5667841185382,28.0824530842998 85.5667855105055,28.0824266369202 85.5667771587015,28.0824029734753 85.5667701988647,28.082369566259 85.5667701988647,28.0823528626509 85.5667594030272,28.0823291118084 85.5667589845078,28.0823289108303 85.5667017090188,28.0822769022876 85.5666562759852,28.0822520754562 85.56660154797,28.0822379747141 85.5665562587076,28.0822023261445 85.5665228837027,28.0821884484516 85.5664897243122,28.0821583381917 85.5664811120584,28.0821176611828 85.5664693415854,28.0820850685826 85.5664613761696,28.0819956938944 85.5664620093556,28.0819480229767 85.5664612295068,28.081942564035 85.5664597901464,28.0819324885122 85.5664528303097,28.0819102170347 85.5664528303097,28.0818879455571 85.5664514383424,28.0818628901449 85.5664361267015,28.0818364427653 85.5664291668648,28.0818225230918 85.566409679322,28.0817946837449 85.5664042321071,28.0817922627605 85.5663971516158,28.0817891158755 85.566381839975,28.0817765881694 85.5663748801383,28.0817626684959 85.566373488171,28.0817571006265 85.5663762721056,28.0817292612796 85.566381839975,28.0817153416061 85.5663915837465,28.0817014219327 85.5663943676812,28.0816958540633 85.5663951436176,28.0816949811348 85.5663981531465,28.0816915954148 85.5664416084344,28.0816464388939 85.5664754504034,28.0816251460536 85.5665336956219,28.0816041081553 85.5665706598301,28.081577436305 85.5665861633825,28.0815586576547 85.5666259623889,28.0815482502173 85.5666511920128,28.0814862803264 85.5666368022977,28.0814211907483 85.5666372334507,28.0813887256242 85.5666255348584,28.0813507221811 85.5666016346749,28.0813125912706 85.5665910213986,28.081295469795 85.566587897474,28.0812548587753 85.5665863164893,28.0812422108977 85.5665578587648,28.0811694856017 85.5665325630097,28.0811188940915 85.5665167531627,28.0810825314435 85.5665025243005,28.081038263872 85.5664867144535,28.0810003202393 85.5664545371547,28.0809617074807 85.566454222277,28.080959503337 85.5664444785056,28.0809344479248 85.5664305588321,28.0809163523492 85.5664096793219,28.080891296937 85.5663985435832,28.0808620656227 85.5663915837464,28.0808258744717 85.5663999355505,28.0807980351248 85.5664143996051,28.0807787497187 85.5664166391587,28.0807757636472 85.5664319507995,28.080754884137 85.5664416945709,28.0807298287248 85.566445870473,28.0807061652799 85.566450046375,28.0806699741289 85.5664472624403,28.080610119533 85.5664472162977,28.0806098272968 85.5664440278667,28.0806044314904 85.5664440278667,28.0805876832337 85.5664187321116,28.0805181199071 85.5663776265095,28.0804359087029 85.5663523307543,28.0803758312844 85.5663428448462,28.0803252397742 85.5663365209074,28.0802588384169 85.5663365209074,28.0802114088761 85.5663207110604,28.0801133878249 85.5663080631829,28.0800691202534 85.5662764434889,28.0800280146514 85.5661887737061,28.0799896591214 85.5661752604684,28.0799837470799 85.56611518305,28.0799679372329 85.5660392957846,28.0799647752635 85.566026647907,28.0798983739063 85.5660392957846,28.0798541063348 85.5660392957846,28.0798088192567 85.5660380240404,28.079802778472 85.5660338481384,28.0797791150271 85.5660310642037,28.079766587321 85.5660227123996,28.0797498837128 85.5660074007588,28.0797150845292 85.5659886627368,28.0797000941116 85.5659865212486,28.079694205019 85.5659656417384,28.0796677576394 85.565960073869,28.0796524459986 85.5659461541955,28.0796287825537 85.5659391943588,28.0796079030435 85.5659350184568,28.0795786717292 85.5659336264894,28.0795675359905 85.5659364104241,28.0795452645129 85.5659405863261,28.0795104653292 85.5659350184568,28.0794784500803 85.5659141389466,28.0794422589293 85.5659071791098,28.0794325151578 85.565887691567,28.0794144195823 85.5658668120568,28.0793991079415 85.5658501084486,28.0793837963007 85.5658336482765,28.0793579303159 85.5658306209058,28.0793531730191 85.565823661069,28.0793378613783 85.565819485167,28.0793155899007 85.565819485167,28.0793018278485 85.565819485167,28.0792891425212 85.5658264450037,28.0792418156314 85.5658222691017,28.0792167602191 85.5658250530364,28.079172217264 85.5658347968078,28.0791402020151 85.5658334048405,28.0791026188967 85.5658250530364,28.0790733875824 85.5658167012323,28.0790399803661 85.5658111333629,28.0790107490518 85.5658083494282,28.0789968293784 85.5658083494282,28.0789717739661 85.565815309265,28.0789397587172 85.5658292289384,28.0789119193702 85.5658403646772,28.0788785121539 85.5658682040241,28.078818657558 85.5658849076323,28.0787991700152 85.5659099630445,28.0787588029621 85.5659131190071,28.0787497295698 85.5659191409477,28.0787442550784 85.5659444367028,28.0787063114457 85.565969732458,28.0786335861496 85.5659981901825,28.0785545369149 85.5660171619988,28.0785197552515 85.5660582676009,28.0784470299555 85.5660645915397,28.0783837905677 85.5660487816928,28.0783015793635 85.5660140000294,28.0781782625573 85.5660171619988,28.078127671047 85.5660171619988,28.0780834034755 85.566026647907,28.0780170021183 85.5660298098764,28.0779347909141 85.5660045141213,28.0778905233426 85.565953922611,28.077877875465 85.5658938451926,28.0778589036487 85.5657768523251,28.0778462557711 85.5656851552127,28.0778019881996 85.5656535355188,28.0777798544139 85.5656282397637,28.0777608825976 85.5655934581004,28.077732424873 85.5655365426513,28.0777229389649 85.5655238798575,28.0777209129179 85.5654574934165,28.0777102910873 85.5654321976614,28.0777039671485 85.5653910920593,28.0776818333628 85.565340500549,28.0776502136688 85.5653088808551,28.0776122700362 85.5652646132836,28.0775743264035 85.565231856332,28.0775439092341 85.5652223311753,28.0775380475992 85.5651986677304,28.0775283038278 85.5651777882202,28.0775157761217 85.5651750042855,28.0775032484156 85.5651680444488,28.0774795849707 85.565152732808,28.0774517456237 85.5651360291998,28.0774225143095 85.5651248934611,28.0773793633217 85.5651193255917,28.0773598757789 85.5650970541141,28.0773139408564 85.5650967392782,28.0773124453856 85.5650958583088,28.0773112060226 85.5650841606402,28.0772732024626 85.5650726787531,28.0772189663408 85.565061700351,28.0771268542426 85.5650566786678,28.0770456276439 85.5650617304922,28.0770318616148 85.5650566870611,28.0770174518116 85.5650525111591,28.0769923963994 85.565048335257,28.0769673409871 85.565048335257,28.0769297578688 85.5650497272244,28.0768977426198 85.5650485702618,28.0768757603303 85.565048335257,28.0768712952402 85.5650399834529,28.0768364960566 85.5650288477142,28.0768072647423 85.5650191039427,28.0767613298199 85.5650010083672,28.0767320985056 85.5649731690203,28.0766986912893 85.5649481136081,28.0766819876811 85.5649369778693,28.0766680680076 85.5649306668477,28.0766554459645 85.5649262825587,28.0766541933105 85.5648788530179,28.076609925739 85.5648535572627,28.0765877919533 85.5648440713546,28.0765719821063 85.564831423477,28.0765435243818 85.56481561363,28.0764866089327 85.5648095964443,28.0764490015222 85.5648061329387,28.0764425692975 85.5647922132653,28.0764161219179 85.5647713337551,28.0763854986363 85.5647462783428,28.0763632271588 85.5647226148979,28.0763339958445 85.5647184389959,28.0763228601057 85.5647124738342,28.076316894944 85.5646905996489,28.0762950207588 85.5646725040734,28.0762727492812 85.5646530165306,28.0762268143588 85.5646432727592,28.0761739195996 85.5646432727592,28.07614747222 85.5646418807918,28.0761168489384 85.5646390968571,28.076102929265 85.5646363129224,28.076070914016 85.5646335289877,28.0760180192568 85.5646168253795,28.075970692367 85.5646140414448,28.0759512048242 85.5646752880081,28.0758147920242 85.5646892076816,28.0757841687426 85.5647170470285,28.0757451936569 85.564739318506,28.0757090025059 85.5647476703101,28.075681163159 85.5647782935917,28.0756254844651 85.5648089168734,28.0755725897059 85.5648506758938,28.0755113431427 85.5648980027835,28.0754278251019 85.5649258421305,28.0753944178856 85.5649898726284,28.0753470909958 85.56502049591,28.0753164677142 85.565048335257,28.0752830604978 85.5650873103427,28.075263572955 85.5651652605141,28.0752301657387 85.5652348588814,28.075199542457 85.5652888560162,28.0751822633739 85.5653044572487,28.0751772709795 85.565374055616,28.075163351306 85.5654464379181,28.075154999502 85.5655076844813,28.075154999502 85.5655772828486,28.0751494316326 85.5656301776078,28.0751522155673 85.565719263518,28.0751466476979 85.5657638064731,28.0751355119591 85.5658167012323,28.0751160244163 85.5659391943587,28.0750519939183 85.5659893051832,28.0750046670285 85.5660449838771,28.0749406365306 85.5660783910934,28.0749016614449 85.5661111207496,28.0748546125641 85.5661229340485,28.074837630947 85.5661869645464,28.0747763843837 85.5662315075015,28.0747596807755 85.5663094576729,28.0747485450368 85.5663707042362,28.0747401932327 85.5664180311259,28.0747290574939 85.5664247920669,28.0747280916452 85.5664375186688,28.0747262735592 85.5664876294933,28.0747179217552 85.5665210367096,28.0747067860164 85.5665516599912,28.0746956502776 85.5665962029463,28.0746872984735 85.5666132984969,28.0746857443326 85.5666574495095,28.0746817306041 85.5667270478769,28.0746789466695 85.5668105659176,28.0746872984735 85.5668578928074,28.0746761627348 85.5668996518278,28.0746622430613 85.5669469787176,28.0746511073225 85.5669859538033,28.074628835845 85.5670241209114,28.0745988474029 85.567024928889,28.0745982125634 85.5670694718441,28.0745620214123 85.5671056629951,28.0745425338695 85.5671557738196,28.0744952069797 85.5671864779753,28.0744715883984 85.5672693701954,28.0744468229726 85.567325017083,28.0744408323989 85.5673645689216,28.0744116889389 85.5674369512236,28.0743699299185 85.5674620066358,28.074347658441 85.5674981977868,28.0743086833553 85.5675176853297,28.0742669243349 85.5675272396081,28.0742535483451 85.5675316050032,28.074247436792 85.5675399568072,28.0742001099022 85.5675455246766,28.0741444312084 85.5675594443501,28.0741110239921 85.5675789318929,28.0740831846451 85.5676095551746,28.0740469934941 85.5676206909133,28.0740135862778 85.5676204725942,28.0740083466177 85.5676234424498,28.0740044629603 85.5676550621437,28.073969681297 85.5676803578988,28.0739317376643 85.5676993297152,28.073896956001 85.5677309494091,28.0738526884295 85.5677720550112,28.0737957729805 85.5677941887969,28.0737325335926 85.5678068366745,28.0736756181436 85.5678447803072,28.0736155407251 85.567851104246,28.0735775970924 85.567835294399,28.0735206816434 85.5677388543326,28.0734052697606 85.5677309494091,28.0733957838524 85.5676961677458,28.0733325444646 85.5676787769141,28.0732882768931 85.5676503191896,28.0732455903063 85.5676028896488,28.0731776079644 85.5675760129089,28.0731428263011 85.5675349073068,28.0731033016837 85.56749222072,28.073065358051 85.5674368862557,28.0729910517703 85.5674432101945,28.0729483651835 85.5674368862557,28.0729135835202 85.567419495424,28.0728740589028 85.5673657419444,28.0727159604332 85.5673119884647,28.0726321682444 85.5672961786178,28.0725910626423 85.5672455871075,28.0725088514381 85.5672503300616,28.0724962035605 85.5672471680922,28.0724709078054 85.5672455871075,28.0724408690962 85.5672428185293,28.0724286082498 85.5672363401063,28.0723999180909 85.5672345202146,28.0723918585706 85.5672234533217,28.0723665628155 85.5672076434748,28.0723333621368 85.5671870906737,28.0722954185041 85.5671760237809,28.0722527319174 85.5671696998421,28.0722053023765 85.5671622678628,28.072165169688 85.5671648083293,28.0721565956134 85.5671728618115,28.0721294151111 85.5671823477197,28.0720756616314 85.5671949955972,28.0720076792895 85.5671839287044,28.0719349539935 85.5671776047656,28.0718938483914 85.5671728618115,28.0718290280189 85.5671633759033,28.071761045677 85.5671554709798,28.0717278449983 85.5671459850717,28.0717057112126 85.5671254322706,28.0716677675799 85.5671238512859,28.071599785238 85.5671301752247,28.0715760704676 85.5671364991635,28.0715397078196 85.5671396611329,28.0715033451715 85.5671333371941,28.0714701444929 85.567108041439,28.0714306198755 85.5670827456838,28.0713974191969 85.567055868944,28.0713705424571 85.5670274112195,28.0713499896561 85.567003696449,28.0713373417785 85.5669910485715,28.0713325988244 85.5669689147857,28.0713183699621 85.5669621944209,28.0713155698101 85.5669608983911,28.0713103856909 85.5669274911748,28.0712992499521 85.5668913000238,28.071290898148 85.5668467570687,28.0712769784745 85.5668161337871,28.0712630588011 85.5667604550932,28.0712658427358 85.5666797209871,28.0712741945398 85.5666296101626,28.0712825463439 85.5665794993381,28.071290898148 85.5665182527749,28.0713076017562 85.5664653580157,28.0713215214296 85.566463043104,28.0713223632157 85.5664200568903,28.0713235713587 85.5663888889263,28.071328262228 85.5663888889263,28.0713265662707 85.5663680971345,28.0713311460131 85.5663222810595,28.0713275380963 85.5662593468484,28.0713382250378 85.5661730448729,28.0713298732337 85.5661257179832,28.0713382250378 85.5660589035505,28.0713493607766 85.5659698176404,28.0713604965153 85.5659224907506,28.0713604965153 85.5658528923832,28.0713660643847 85.5657972136894,28.0713744161888 85.5657607707426,28.0713807540926 85.5657481327977,28.0713841961671 85.5656870226226,28.0713916749341 85.5655956628399,28.0713798968802 85.5655349480208,28.0713576158527 85.5654801537444,28.0713489257101 85.5654163169631,28.0713320236092 85.5653646087733,28.0713206598745 85.5652736085789,28.0712818273156 85.5652294749489,28.0712616740635 85.5652237231426,28.0712574909317 85.5651179336243,28.0712324355194 85.5650622549304,28.071218515846 85.5650455513223,28.0711934604337 85.5650344155835,28.0711684050215 85.5650177119753,28.0711489174786 85.5650037923019,28.0711322138705 85.5649898726284,28.0711210781317 85.5649648172162,28.0711071584583 85.5649536814774,28.0710904548501 85.5649341939345,28.0710737512419 85.5649035706529,28.0710431279603 85.5648840831101,28.0710152886134 85.5648534598284,28.070973529593 85.5648423240897,28.0709512581154 85.5648256204815,28.0709289866379 85.5648198384633,28.0709232046197 85.5648061329387,28.0708872276175 85.5647977811346,28.0708677400747 85.5647699417876,28.070837116793 85.5647476703101,28.0708092774461 85.5647337506366,28.070764734491 85.5647114791591,28.0706951361237 85.5646919916162,28.070628321691 85.5646613683346,28.0705726429972 85.5646418807918,28.0705448036503 85.5646056896408,28.0705058285646 85.5645694984897,28.0704724213482 85.5645416591428,28.070447365936 85.5645345439769,28.070435270154 85.5645317037073,28.0704109176888 85.5644656807667,28.0703290529766 85.5643833093118,28.070211193119 85.5643579194531,28.0701912439442 85.5643105925633,28.0701355652504 85.564240994196,28.0700631829484 85.5641463404164,28.0699685291688 85.5641101492654,28.0699351219525 85.5640712355898,28.069900877918 85.5640405508981,28.0698738753892 85.5640365883572,28.0698710223598 85.5640051321327,28.0698001550952 85.5639876561389,28.069776437675 85.563959816792,28.069740246524 85.5639264095756,28.069704055373 85.5639117320996,28.0696893778969 85.5638818666205,28.0696595124179 85.5637816449716,28.0695926979852 85.5637343180818,28.0695732104424 85.5636814233226,28.0695481550301 85.5636368803676,28.0695230996179 85.5636098020907,28.069513542579 85.5635652651398,28.0694978236551 85.563542226588,28.0694896924016 85.5634503567431,28.0694729887934 85.563397461984,28.0694646369893 85.5633870884352,28.0694649611627 85.5633083760738,28.069467420924 85.5632109383595,28.0694729887934 85.5631302042534,28.0694729887934 85.5631013381776,28.069471290789 85.5630555015599,28.0694754964343 85.5629705319047,28.0694421371472 85.562928119106,28.0694200466299 85.562873794137,28.0693761849333 85.5628149440972,28.0693420940954 85.5628011604842,28.0693086196069 85.5628267348827,28.0692615088729 85.5628583545766,28.0692219842555 85.5628694214695,28.0691808786534 85.5628836503317,28.0691350300972 85.5629042031328,28.0691002484339 85.5629215939644,28.0690559808624 85.5629389847961,28.0690243611685 85.562954794643,28.0689895795052 85.5629674425206,28.0689358260256 85.5629563756277,28.0688899774694 85.5629374038114,28.0688631007295 85.5629010411634,28.068834643005 85.5628852313164,28.0688030233111 85.5628488686684,28.0687524318008 85.562825153898,28.0687287170304 85.5628046010969,28.0686939353671 85.5627619145101,28.0686417628721 85.5627397807244,28.0686212100711 85.562716065954,28.0685943333313 85.5626955131529,28.0685832664384 85.5626733793672,28.0685721995455 85.5626512455814,28.0685627136373 85.5626306927804,28.0685500657598 85.5625959111171,28.0685358368975 85.5625823593863,28.0685315003437 85.5625706333801,28.0685180991937 85.5625288743597,28.0684958277162 85.5625140497198,28.0684810030763 85.5625001167459,28.0684590627143 85.5624809037811,28.0684128628109 85.5624449156755,28.0683664872048 85.5624303138051,28.0683176297865 85.5624259548555,28.0683013493044 85.5623991529005,28.0682523640983 85.5624175429558,28.0682230800676 85.5624091651679,28.068197946704 85.5624008133638,28.0681784591612 85.5623962546897,28.0681579451277 85.5623952454944,28.0681534037489 85.5623952454944,28.0681311322714 85.5623896776251,28.0680949411204 85.5623785418863,28.0680671017734 85.5623729323623,28.0680558827254 85.5623646222128,28.0680392624265 85.5623590543434,28.0680058552102 85.5623534864741,28.067952960451 85.5623423507353,28.0679223371694 85.5623284310618,28.0678750102796 85.5623367828659,28.067808195847 85.5623339989312,28.0677775725654 85.5623200792577,28.067707974198 85.562308943519,28.0676689991123 85.5623005917149,28.0676244561572 85.5622838881067,28.0675492899205 85.5622866720414,28.0675019630307 85.5622866720414,28.0674407164675 85.5622755363026,28.0673933895777 85.5622699684333,28.0673627662961 85.5622671844986,28.0673293590798 85.5622755363026,28.0672792482553 85.5622866720414,28.0672402731696 85.5622978077802,28.0672012980839 85.5623145113884,28.0671651069329 85.5623190923446,28.0671215878483 85.5623303056882,28.0670655211304 85.5623334676576,28.0669943768191 85.5623382106117,28.0669121656149 85.5623556014433,28.0668615741047 85.5623650873515,28.0668125635791 85.5623635063668,28.0667762009311 85.5623508584893,28.0667366763137 85.5623287247035,28.0666971516963 85.5622986859943,28.0666734369259 85.5622907810708,28.0666607890483 85.5622433515299,28.0666133595074 85.5621788233938,28.0665719640993 85.5621753146537,28.0665637770392 85.5621613949802,28.0665359376923 85.5621335556333,28.066474691129 85.562100148417,28.0664162285005 85.562099299081,28.0664152847938 85.5620945805476,28.066402308827 85.5620812747915,28.0663756973147 85.5620220136725,28.0663287822622 85.5619619362541,28.0662766097672 85.5619160876979,28.0662323421957 85.5618953577658,28.0662103928559 85.5618892109581,28.0662038844712 85.5618528483101,28.0661691028079 85.5618101617233,28.0661279972058 85.5618093051484,28.0661268551059 85.561782779862,28.0660738045332 85.5617549405151,28.0660236937087 85.5617271011681,28.0659958543618 85.5617048296906,28.0659680150149 85.5616602867355,28.0659513114067 85.561465411307,28.0659290399292 85.561365189658,28.065912336321 85.561338764832,28.0659081639801 85.5612594001397,28.0658956327128 85.5611703142295,28.0658844969741 85.5610923640581,28.0658789291047 85.560975438801,28.0658900648435 85.5608919207602,28.0658956327128 85.5607081810705,28.065912336321 85.560585687944,28.0659290399292 85.5605244413807,28.0659568792761 85.5604464912093,28.0659902864924 85.5603629731686,28.06601255797 85.5602293443033,28.0660348294475 85.5601068511768,28.0660793724026 85.560010450398,28.0660947965272 85.5599477617516,28.0660947965272 85.5598181210065,28.0660821486496 85.5597580435881,28.0660758247108 85.5597264238942,28.0660663388027 85.5595525155776,28.0660189092618 85.5595050860368,28.0660062613842 85.5594513325571,28.0659967754761 85.5593659593835,28.0659841275985 85.5593248537815,28.0659651557821 85.5592489665161,28.0659303741188 85.5591794031894,28.0659019163943 85.5591282367757,28.0658872974189 85.5591073897647,28.0658649613358 85.5590592483526,28.0658133812513 85.5590213047199,28.0657691136799 85.5589960089647,28.065721684139 85.5589770371484,28.0656363109654 85.5589643892708,28.0656046912715 85.5589454174545,28.0655699096082 85.5589296076075,28.0655193180979 85.5589232836687,28.0654813744652 85.5589201216993,28.0654560787101 85.5589201216993,28.0654244590162 85.5589074738218,28.0653865153835 85.5588758541278,28.0653295999344 85.5588473964033,28.0652758464548 85.5588442344339,28.0652347408527 85.558828424587,28.0652062831281 85.5588094527706,28.0651620155567 85.558828424587,28.0651145860158 85.5588410724645,28.0650608325361 85.5588410724645,28.0650134029953 85.5588442344339,28.0649817833013 85.5588568823115,28.0649122199747 85.5588473964033,28.0648426566481 85.5588537203421,28.0647857411991 85.5588841491644,28.0647809366482 85.558901149883,28.0647667693827 85.5589077809523,28.0647639274959 85.5589232836687,28.0647572834745 85.5589485794239,28.0647414736276 85.5589612273014,28.0647256637806 85.5589770371484,28.0647035299949 85.5589801991178,28.0646782342397 85.5589833610872,28.0646434525764 85.5589914538554,28.0646191742719 85.5589928469953,28.0646149948519 85.5590023329035,28.0645960230356 85.5590560863832,28.0645169738008 85.5590813821383,28.0644790301681 85.5591066778934,28.0644252766884 85.5591161638016,28.0643683612394 85.5591224877404,28.0643209316985 85.559135135618,28.0642703401882 85.5591319736486,28.064219748678 85.5591288116792,28.0641723191371 85.5591382975874,28.0640742980859 85.55917624122,28.0640363544532 85.5592268327303,28.063985762943 85.5592616143936,28.0639509812797 85.5592837481794,28.0639288474939 85.5593242987416,28.0639093231492 85.5593248537815,28.0639082946929 85.5593722833223,28.063876674999 85.5593912551387,28.0638640271214 85.5593981482597,28.063859161389 85.559398201069,28.0638591241117 85.5594181318785,28.063845055305 85.5594481705877,28.0637960447795 85.5594703043735,28.0637628441009 85.5595050860368,28.0637581011468 85.5595525155777,28.0637438722845 85.5595651589009,28.0637438722845 85.5595809733022,28.0637438722845 85.5596204979196,28.0637454532692 85.5596758323839,28.0637438722845 85.5597295858636,28.0637328053916 85.5598197019913,28.0637027666824 85.5598845223638,28.0637027666824 85.5599272089506,28.0636853758508 85.5599778004608,28.0636664040344 85.5600125821241,28.0636395272946 85.5600268109864,28.0636252984323 85.5600536877262,28.0636000026772 85.5600837264355,28.0635747069221 85.5600957672079,28.0635694718036 85.5601096619635,28.0635716761466 85.5602412399871,28.063540586648 85.5603356423143,28.0635524000004 85.560525240262,28.0635165071232 85.5606106371539,28.0635174026291 85.5606781673344,28.0634856410797 85.5607800753654,28.0633920064289 85.5608474251838,28.0633737719271 85.5609635370958,28.0633587544017 85.5610399644357,28.0633460265782 85.5610832755246,28.063300481907 85.5611142068454,28.0632683364793 85.5611788670419,28.0632230155628 85.561219488518,28.0631503845979 85.5612722013395,28.0630859977672 85.5613278198346,28.0630324645902 85.5613468037418,28.0629812532472 85.5613596158156,28.0629353888284 85.5613967547912,28.0628951909723 85.5614525893118,28.0628254251684 85.5615140190834,28.0627935992429 85.5615264347375,28.0627774945275 85.5615698534735,28.062723833398 85.561597986806,28.0626727178891 85.5616509513435,28.0625893928923 85.5617034474789,28.0625412384426 85.5617374282557,28.0625091248122 85.5618632290359,28.0624536209187 85.5619156529735,28.0624108772388 85.5619957777146,28.0623494830818 85.5620604369922,28.06230416171 85.5621340297029,28.0622751687197 85.5622141542215,28.0622137744257 85.5622641402205,28.0621250063576 85.562344300561,28.0620609065499 85.5624206188312,28.0620562942039 85.5625000000374,28.0620625478372 85.5625394549861,28.0620656560891 85.562673972416,28.0620427123842 85.5627385952365,28.0620000961036 85.5627823791745,28.061988460111 85.5627961320903,28.0619786365997 85.5628434589801,28.0619340936446 85.5628490268494,28.0619090382324 85.5628629465229,28.0618811988855 85.5628880019351,28.0618505756038 85.5629130573474,28.0618199523222 85.5629492484984,28.0617475700202 85.56297987178,28.0616807555876 85.5630132789963,28.0616278608284 85.5630271986698,28.0615749660692 85.5630188468657,28.0615025837672 85.5630383344085,28.0614719604856 85.5630633898208,28.0614524729427 85.5630940131024,28.0614357693346 85.5631357721228,28.061413497857 85.5631942347514,28.0613856585101 85.5632192901636,28.0613717388366 85.563261049184,28.0613578191632 85.5633083760738,28.0613244119468 85.5633445672248,28.0612965725999 85.5633470354654,28.0612951775074 85.5633599116328,28.0612878996737 85.5634102352927,28.0612684412192 85.5635391196143,28.06121026218 85.563607187148,28.061137917623 85.5636168042938,28.0611028427513 85.5636324131589,28.0610759479964 85.5636633430796,28.0610438019324 85.5637036023098,28.0609982244333 85.5637487993644,28.0609676560514 85.5637474508902,28.0609120973552 85.5637573917024,28.0608526735849 85.5638132955629,28.0607774958413 85.5638267359187,28.0607393921444 85.5638317557961,28.0607370017266 85.5638679469471,28.0607147302491 85.5639152738369,28.0606785390981 85.5639431131838,28.060633996143 85.563968168596,28.0605950210573 85.564032199094,28.0605476941675 85.5640739581144,28.0605031512124 85.5641073653307,28.0604586082573 85.5641713958286,28.0603834420206 85.5642382102613,28.0603138436533 85.5642883210857,28.0602720846329 85.5643579194531,28.0601746469186 85.5643996784735,28.0601022646166 85.5644275178204,28.060071641335 85.5644776286449,28.0600382341187 85.5646029057061,28.0599602839472 85.5646585843999,28.0599407964044 85.5647198309632,28.0599240927962 85.5647671578529,28.059899037384 85.5648618116325,28.0598183032779 85.5648980027835,28.0597821121269 85.564948113608,28.0597459209759 85.5649731690202,28.0597013780208 85.5649703850855,28.0596429153922 85.5649676011508,28.0595983724371 85.5649721378134,28.0595514935904 85.5649742627893,28.0595496524538 85.5649759529549,28.0595259901351 85.5649815208243,28.0594870150494 85.5649787368896,28.0594591757025 85.5649815208243,28.0594202006168 85.5649870886937,28.0593979291392 85.5650065762366,28.0593645219229 85.5650316316488,28.0593227629025 85.5650650388651,28.0592921396209 85.5651040139508,28.0592670842087 85.56515690871,28.0592420287964 85.5651958837957,28.0592058376454 85.5652320749467,28.0591863501026 85.5652849697059,28.0591612946903 85.5653128090528,28.0591445910822 85.565374055616,28.0591056159965 85.5653910746289,28.0590988083913 85.5654436539834,28.0590777766495 85.5654937648079,28.0590527212373 85.5655383077629,28.0590304497598 85.5655689310446,28.0590081782822 85.5655800667833,28.0589859068047 85.5655916249507,28.0589743486374 85.5656023382609,28.0589636353271 85.565646881216,28.0589357959802 85.5656747205629,28.058919092372 85.5657276153221,28.0588912530251 85.5657805100812,28.058882901221 85.5658222691017,28.0588494940047 85.565855676318,28.0587965992455 85.5658862995996,28.0587604080945 85.5659057871425,28.0587214330088 85.5659252746853,28.0586908097272 85.5659475461628,28.058665754315 85.5659753855098,28.0586351310334 85.5660087927261,28.0585794523395 85.5660282802689,28.0585349093844 85.5660394160077,28.0584792306905 85.5660477678118,28.0584179841273 85.5660644714199,28.0583706572375 85.5661145822444,28.0583010588702 85.5661674770036,28.0582620837845 85.566209236024,28.0582258926335 85.5662315075015,28.0581785657437 85.5662537789791,28.058139590658 85.5662983219342,28.0581006155723 85.5663372970199,28.0580532886825 85.5663985435831,28.0579948260539 85.5664319507994,28.0579530670336 85.566454222277,28.0579224437519 85.5664737098198,28.057894604405 85.5664876294933,28.057858413254 85.5664987652321,28.0578389257111 85.5665182527749,28.0578138702989 85.566526604579,28.0578027345601 85.5665864591749,28.0577400960295 85.5666226503259,28.0576955530744 85.5666393539341,28.0576704976622 85.5666602334443,28.0576551860214 85.5666797209871,28.0576356984785 85.566739575583,28.0575786278173 85.566771590832,28.0575354768296 85.5667896864075,28.057504853548 85.5668175257544,28.0574700543643 85.5668690285462,28.0574143756704 85.5669177474034,28.0573767925521 85.5669358429789,28.0573573050092 85.5669595064238,28.0573489532052 85.5669929136401,28.0573433853358 85.5670151851176,28.057336425499 85.5670434524764,28.0573283491108 85.5670444164319,28.057328073695 85.5670609598378,28.0573089851496 85.5670625120074,28.0573071941848 85.5670833915176,28.0572612592623 85.5670903513543,28.0572264600787 85.5671223666033,28.0571582536787 85.567125150538,28.0571443340052 85.567157165787,28.0571262384297 85.5671877890686,28.0571151026909 85.5672184123502,28.0571025749848 85.5672420757951,28.0570956151481 85.5672852267828,28.0570775195726 85.5673088902277,28.0570455043236 85.5673367295747,28.0570260167808 85.5673729207257,28.0570065292379 85.5674021520399,28.0569772979236 85.567442519093,28.0569313630012 85.5674870620481,28.0568951718502 85.5675483086113,28.0568325333196 85.567551092546,28.0567754626584 85.5675566604154,28.0567392715074 85.5675483086113,28.0566989044543 85.5675274291011,28.0566710651074 85.5675079415583,28.0566446177278 85.5675121174603,28.0566112105115 85.5675274291011,28.0565861550993 85.567546916644,28.0565652755891 85.567578931893,28.0565290844381 85.5675956355011,28.0564915013197 85.5676262587827,28.0564274708218 85.5676499222276,28.0563926716381 85.5676540981297,28.0563773599973 85.5676610579664,28.056352304585 85.5676527061623,28.0563216813034 85.5676429623909,28.0562966258912 85.5676373945215,28.0562771383483 85.5676165150113,28.0562451230994 85.5676056641896,28.0562378892182 85.5675998114032,28.0562339873606 85.5675782665701,28.0562117475329 85.5675604477222,28.0561933538834 85.5675566604154,28.0561894444055 85.5675444885251,28.056167964599 85.5675459741997,28.056158307714 85.5675586220772,28.056137754913 85.5675775938936,28.0561092971885 85.5675870798018,28.0560792584792 85.5675981466946,28.0560381528771 85.5675934037405,28.0560191810608 85.5675522981385,28.0559701705352 85.5675364882915,28.0559164170556 85.5675327542873,28.0558865450221 85.5675317453374,28.0558784734229 85.567528583368,28.055815234035 85.5675412312456,28.0557741284329 85.5675543843994,28.0557633667617 85.5675760129089,28.0557456707084 85.5676234424498,28.0557235369227 85.5676708719906,28.0556998221522 85.567710396608,28.0556792693512 85.5677546641795,28.0556555545808 85.5678384563684,28.0556365827644 85.5678526462898,28.0556309067959 85.5678750204152,28.0556296637889 85.5679233067941,28.0556144517062 85.5680276411767,28.0555668353339 85.5680960247586,28.0554701393002 85.5681945463972,28.0554008156659 85.5682990955502,28.0553369664385 85.568307219545,28.0553243455759 85.5683915176065,28.0552675790479 85.568435359978,28.0551814501785 85.5684986472275,28.05500893801 85.5685361033506,28.0549443890211 85.5685676704915,28.054889988546 85.5685686206763,28.0548823870671 85.5685908921539,28.0548448039488 85.5686173395334,28.0548141806671 85.568643786913,28.0547849493529 85.5686730182273,28.0547473662345 85.5687106013457,28.0546875116386 85.5687370487253,28.0546081694998 85.5687495764314,28.0545357871978 85.5687690639742,28.0544689727652 85.5687784421602,28.0544559102919 85.568788274019,28.0544340043965 85.5687899434844,28.0544299976795 85.5687904005495,28.0544292663753 85.5688038631579,28.0544077262019 85.5688428382436,28.0543659671815 85.5688706775905,28.054343695704 85.5688985169374,28.0543214242265 85.5689124366109,28.0543102884877 85.5689263562844,28.0542908009448 85.5689625474354,28.0542796652061 85.5690126582598,28.054271313402 85.5690572012149,28.0542573937285 85.5690794726925,28.054235122251 85.5691073120394,28.0541961471653 85.5691100959741,28.0541655238836 85.5691212317129,28.0541042773204 85.5691184477782,28.0540402468225 85.5691212317129,28.0539790002592 85.5691073120394,28.0539288894347 85.5691045281047,28.0538648589368 85.5690878244965,28.0538119641776 85.5690766887578,28.0537535015491 85.5690672785432,28.0537356221413 85.569053731471,28.0536293477386 85.5690060123766,28.0535476759687 85.5688971576992,28.0534761902223 85.5688792183104,28.0534489450926 85.568849008806,28.0534269836911 85.568794617396,28.0533885353287 85.5687572776498,28.0533568816513 85.568748184464,28.0533386952798 85.5687342647906,28.0533025041288 85.5687286969212,28.0532690969125 85.5687286969212,28.0532496093696 85.5687259129865,28.0532106342839 85.5687175611824,28.0531660913288 85.568711993313,28.0531243323084 85.5686980736396,28.0530992768962 85.5686841539661,28.053074221484 85.568675802162,28.0530435982024 85.5686674503579,28.0529990552473 85.5686563146192,28.052973999835 85.5686145555988,28.052937808684 85.5685978519906,28.0529071854024 85.5685895001865,28.0528793460555 85.5685588769049,28.0528320191657 85.5685560929702,28.0527707726024 85.5685560929702,28.0527345814514 85.5685449572314,28.0526900384963 85.568539389362,28.0526510634106 85.5685377028592,28.0526350416334 85.5685339376268,28.0525992719261 85.5685338214927,28.0525981686515 85.5685226857539,28.0525508417617 85.5685115193336,28.0525061760806 85.5685059821457,28.052484027329 85.5685092844006,28.0524543070348 85.5685115500151,28.0524339165046 85.5685115500151,28.052411338517 85.5685115500151,28.0523921574842 85.568494846407,28.0523114233781 85.5684697909947,28.0522613125536 85.5684642231253,28.0522334732067 85.5684621796266,28.0522171252168 85.568458655256,28.0521889302516 85.5684558713213,28.0521722266434 85.5684614391906,28.052130467623 85.568458655256,28.0520859246679 85.5684447310273,28.0520545951535 85.5684363837784,28.0520358138435 85.5684340587586,28.0519776883485 85.5684335998437,28.0519662154761 85.5684419516478,28.0519161046517 85.5684419516478,28.051877129566 85.5684363837784,28.0518465062843 85.5684419516478,28.0517991793945 85.5684335998437,28.0517295810272 85.5684335998437,28.051668334464 85.568422464105,28.051632143313 85.5684168962356,28.0516098718354 85.5683918408233,28.0515848164232 85.5683333781948,28.0515569770763 85.568286051305,28.0515152180559 85.5682693476968,28.0514790269049 85.5682526440887,28.051423348211 85.5682359404805,28.0513704534518 85.5682331565458,28.0513286944314 85.5682387244152,28.0512841514763 85.5682415083499,28.0512117691743 85.5682359404805,28.0511672262192 85.5682248047417,28.0511004117866 85.5682164529377,28.0510280294846 85.5681969653948,28.0509222399662 85.5681913975255,28.050897184554 85.5681802617868,28.0508776970113 85.5681719099826,28.0508665612724 85.568141286701,28.050824802252 85.5681217991581,28.0507830432316 85.5681023116153,28.0507078769949 85.56810509555,28.05061600715 85.5681273670275,28.0505686802602 85.5681428333314,28.050543934174 85.5681440706357,28.0505352730439 85.568149638505,28.0504935140235 85.568149638505,28.0504823782847 85.5681078794847,28.050407212048 85.5680911758765,28.0503543172889 85.5680522007908,28.0503153422031 85.5680327132479,28.0502958546603 85.5680282712391,28.0502923645105 85.5680130238672,28.0502254064261 85.5679833889969,28.050160157809 85.5679780700891,28.0501543579966 85.5679742506194,28.0501371703828 85.5679658988153,28.0500954113624 85.5679714666847,28.0500620041461 85.5679742506194,28.0500425166032 85.5679742506194,28.0500063254522 85.5679798184888,28.0499701343012 85.5679881702928,28.0499478628237 85.5679826024235,28.0499116716727 85.5679770345541,28.0498782644563 85.5679714666847,28.0498420733053 85.5679547630765,28.0498170178931 85.5679241397949,28.0497808267421 85.567896300448,28.0497446355911 85.5678853046948,28.0497299745869 85.5678712450357,28.0497112283748 85.5678517574929,28.0496945247666 85.5678467869247,28.0496875659712 85.5678099984725,28.049636062138 85.5677849430603,28.0495970870523 85.5677487519092,28.0495386244238 85.5677264804317,28.0495191368809 85.5676803870645,28.0494704827711 85.5676262587828,28.0494133473626 85.5675928515664,28.0493882919504 85.5675733640236,28.0493632365381 85.567551092546,28.0493409650606 85.5675288210685,28.0493214775177 85.5675009817216,28.0492992060402 85.5674870620481,28.049282502432 85.5674592227012,28.0492630148892 85.5674341672889,28.0492323916075 85.567406327942,28.0492017683259 85.5673979761379,28.0491544414361 85.5673962397016,28.0491379452912 85.5673924082685,28.049101546677 85.5673840564645,28.049037516179 85.5673590010522,28.0489679178117 85.5673311617053,28.0489261587913 85.5673200259665,28.0488732640321 85.567306106293,28.0488175853383 85.5673058341051,28.0488149995528 85.5673011670987,28.0487706629921 85.5673005384237,28.0487646905791 85.5672980975054,28.048759198513 85.5672894026849,28.0487396351669 85.5672476436645,28.0486978761465 85.5672365079257,28.0486811725383 85.5672058846441,28.0486254938445 85.5671418541461,28.0485364079343 85.5671223666033,28.0484946489139 85.5671093985899,28.0484573658753 85.5671000951258,28.0484306184159 85.567088959387,28.0484055630037 85.5670749687518,28.0483806907634 85.5670723142387,28.0483608154389 85.5670778236482,28.0483415325058 85.5670806075829,28.0483164770935 85.5670694718441,28.0482858538119 85.5670531634925,28.0482485775797 85.5670499843013,28.0482413108568 85.567048213463,28.0482374472097 85.5670193610196,28.0481744964242 85.566988737738,28.0481271695344 85.5669608983911,28.048085410514 85.566952546587,28.0480603551018 85.5669386269135,28.0480046764079 85.5669330590441,28.0479462137794 85.5668634606768,28.0478348563916 85.5668411891993,28.0477624740896 85.5668133498524,28.0477040114611 85.5667910783748,28.0476566845713 85.5667715908319,28.0476065737468 85.5667493193544,28.0475481111183 85.5667381836156,28.0474980002938 85.5667270478769,28.0474256179918 85.5667186960728,28.0473643714285 85.5666908567259,28.0473337481469 85.5666797209871,28.0472975569959 85.5666658013136,28.0472669337143 85.5666240422932,28.0472390943673 85.5666200048056,28.0472359068771 85.5666013513104,28.0472018113462 85.5665110164025,28.0471142822825 85.5664638042649,28.0469947335658 85.5664719124949,28.0468432925712 85.5664670336134,28.0467512439279 85.5664320911107,28.0466264116553 85.566405370233,28.046580053459 85.566390191779,28.0465625982369 85.5663567845627,28.0465264070859 85.5663400809545,28.0465069195431 85.5663289452158,28.0464846480655 85.566317809477,28.0464568087186 85.5663122416076,28.0464401051104 85.5663094576729,28.0464039139594 85.566317809477,28.0463398834615 85.566317809477,28.0462758529635 85.5662760504566,28.0462146064003 85.5662593468484,28.0461867670534 85.5662315075015,28.0461561437717 85.5662203717627,28.0461283044248 85.5662008842199,28.0460893293391 85.5661702609383,28.0460308667105 85.5661632192786,28.0459909639725 85.5661619091342,28.0459835398208 85.5661237330357,28.0459138269453 85.5660978786362,28.0458666145637 85.5660616874852,28.045835991282 85.5660449838771,28.0458081519351 85.5660143605954,28.0457496893065 85.5659920891179,28.0456967945474 85.5659811604093,28.0456621869701 85.5659753855097,28.0456438997882 85.5659531140322,28.045591005029 85.5659468583198,28.0455837868993 85.5659169228812,28.0455492460086 85.5658946514036,28.0455158387923 85.5658695959914,28.0454740797719 85.5658389727098,28.0454378886209 85.5657972136894,28.0453655063189 85.5657443189302,28.0452541489312 85.5657372509498,28.0452361577084 85.565683072367,28.0450982485884 85.5656524490853,28.0450537056333 85.5656301776078,28.0450091626782 85.5655856346527,28.0449395643109 85.5655577953058,28.0448811016823 85.5655327398935,28.0448337747925 85.5654826290691,28.0447586085558 85.56548182083,28.0447575309037 85.5654798451344,28.0447530406864 85.5654631415262,28.0447084977313 85.5654492218528,28.0446110600171 85.5654478590875,28.0446063876791 85.5654297343099,28.0445442455845 85.5654046788977,28.0444913508253 85.5653768395508,28.0444440239355 85.5653601359426,28.0444106167192 85.5653517841385,28.0443438022866 85.5653517841385,28.0443270986784 85.5653508993221,28.0443173656974 85.5653490002038,28.0442964753968 85.5653486699527,28.0442935031365 85.5653496575202,28.0442896895492 85.5653462162691,28.0442742039192 85.5653350805303,28.0442407967029 85.565329512661,28.0442073894866 85.5653239447916,28.0441656304662 85.5653183769222,28.0441266553805 85.5653183769222,28.0440654088173 85.5653183769222,28.0440375694703 85.5653211608569,28.0440125140581 85.5653267287263,28.0439735389724 85.5653350805303,28.0439345638867 85.5653434323344,28.0439178602785 85.5653545680732,28.0438816691275 85.5653789884934,28.0438499225812 85.5653824074201,28.0438454779765 85.5653935431589,28.0438204225643 85.5654046788977,28.0438009350214 85.5654185985711,28.0437647438704 85.5654269503752,28.0436700900908 85.565446437918,28.0435977077888 85.565446437918,28.0435698684419 85.565446437918,28.0435448130297 85.5654408700487,28.0434919182705 85.565438086114,28.043441807446 85.5654377109769,28.0434384312121 85.5654325182446,28.0433916966215 85.5654353021793,28.0433610733399 85.5654325182446,28.043297042842 85.5654353021793,28.0432274444746 85.5654325182446,28.0431634139767 85.5654311915257,28.0431156520971 85.5654353021793,28.04308824774 85.5654408700487,28.0430325690461 85.5654297343099,28.0429741064176 85.5654223372494,28.0429321897414 85.5654213825058,28.0429267795278 85.5654046788977,28.0428571811605 85.5653963270936,28.0428098542707 85.5653935431589,28.0427625273809 85.5653953286716,28.0427464577662 85.5653991110283,28.0427124165564 85.5654130307017,28.0426623057319 85.5654241664405,28.0426233306462 85.5654353021793,28.0425843555605 85.565438086114,28.0425593001483 85.565438086114,28.042525892932 85.5654297343099,28.042417319479 85.5654269503752,28.0423699925892 85.5654297343099,28.0423143138953 85.5654269503752,28.0422920424178 85.5654185985711,28.0422586352015 85.5654158379861,28.0422437280422 85.5654138604372,28.0422330492783 85.5654046788977,28.0421834689647 85.5653824074201,28.0421305742056 85.5653684877466,28.042099950924 85.5653573520079,28.042035920426 85.5653601359426,28.0419802417322 85.5653712716813,28.0418744522138 85.5653684877466,28.0418354771281 85.5653295126609,28.0417575269567 85.5653100251181,28.0417241197404 85.5652905375752,28.0416795767853 85.565265482163,28.0416238980914 85.5652376428161,28.0415849230057 85.5651958837957,28.041509756769 85.5651346372324,28.0414596459446 85.5650984460814,28.0414151029895 85.5650706067345,28.0413789118385 85.5650399834528,28.0413399367527 85.5650316316488,28.0412981777324 85.5650260637794,28.0412146596916 85.5650316316488,28.0411617649324 85.5650344155835,28.0411255737814 85.5650399834528,28.0410615432834 85.5650399834528,28.040983593112 85.5650539031263,28.0408416124427 85.5650371995181,28.0408082052264 85.5650065762365,28.0407441747284 85.5649898726284,28.040702415708 85.5649787368896,28.0406523048836 85.5649703850855,28.0406077619285 85.5649703850855,28.0405548671693 85.5649731690202,28.0405298117571 85.5649787368896,28.0404629973244 85.5649811947547,28.0404584912384 85.5649800360384,28.0404480627918 85.5649800360384,28.0404132811285 85.5649831980078,28.0403437178018 85.5649673881609,28.0402551826589 85.5649484163445,28.040191943271 85.5649333663435,28.0401551543797 85.5648618116325,28.0401122215531 85.5647770626489,28.0400602786277 85.5647560221142,28.0400398392511 85.5647170470284,28.0400022561327 85.5647011026752,28.0399832747598 85.5646878157142,28.0399674569491 85.5646223932489,28.0399131702226 85.564562538653,28.0398519236593 85.564490156351,28.0397990289001 85.5644409983379,28.0397623554618 85.5644191660163,28.039750310043 85.5642911050204,28.0396695759369 85.564180881225,28.0396185768674 85.5641489397113,28.0395917913229 85.5640458411743,28.0395474203876 85.5640097536142,28.0395091616551 85.5639070864301,28.0394323253361 85.5638758631465,28.0394242771893 85.563855419241,28.0394134539452 85.5638122682532,28.0393870065656 85.563787212841,28.0393661270554 85.5637635493961,28.0393452475452 85.563750036308,28.0393336648982 85.5637245743104,28.0393118403289 85.5637092626696,28.0392937447534 85.5636814233226,28.0392589455697 85.5636702875839,28.0392478098309 85.5636535839757,28.0392324981901 85.5636327044655,28.0392144026146 85.5635992972492,28.0391782114636 85.5635547542941,28.0391461962146 85.563501859535,28.0391072211289 85.5634545526724,28.0390639403823 85.5634364370697,28.039047366533 85.5633911897541,28.0390124614611 85.5633877182125,28.0390097834147 85.5633195118126,28.038974984231 85.5632707929554,28.0389485368514 85.5632297882245,28.0389075321205 85.5632234660656,28.0389012099616 85.5632039785228,28.0388761545494 85.5631817070452,28.0388427473331 85.5631705713064,28.0388204758555 85.5631622195024,28.038798204378 85.5631455158942,28.0387675810964 85.563084269331,28.0387202542066 85.56306003261,28.0387026275004 85.5630536460493,28.038697982729 85.5629923994861,28.0386729273168 85.5629172332494,28.0386395201005 85.5628838260331,28.0386228164923 85.5628428652795,28.0386013608595 85.5628287433905,28.0385939636796 85.5627964837705,28.0385548472333 85.5627777778152,28.0385118920851 85.5627491352479,28.0384461191426 85.5626466138359,28.0383584601832 85.5626247794268,28.0383484863812 85.5625709025365,28.038305384869 85.5625414020658,28.0382817844924 85.5625038189475,28.0382636889169 85.5624519617941,28.0382062756399 85.5624381766978,28.0381910135691 85.5624258687761,28.0381773869414 85.5624178381952,28.0381638955657 85.5623932310324,28.038122555532 85.5623910695924,28.0381189243129 85.5623903822011,28.0381166902912 85.562381325821,28.0380980448027 85.5623562704087,28.0380437580762 85.5623339989312,28.037990863317 85.5623075515516,28.0379337926558 85.5622602246618,28.0378767219946 85.5622212495761,28.0378280031375 85.5621989780986,28.0378112995293 85.5621265957966,28.0377625806722 85.5620416857884,28.0377222136191 85.5620079680004,28.037698364452 85.5619846151272,28.0376818465661 85.5619303284007,28.0376470473824 85.5618927452824,28.0376150321334 85.5618468103599,28.0375496096682 85.5618134625718,28.0375212640482 85.5617618423171,28.037499999992 85.561706857215,28.0374773498461 85.5616666667041,28.0374441545995 85.5616404955496,28.0374225386033 85.5615808800675,28.0373190933053 85.5615808159538,28.0373190260799 85.5615628490212,28.0372753921009 85.5615043863926,28.0372057937336 85.5614876827845,28.0371890901254 85.5614459237641,28.0371501150397 85.5613902450702,28.0371278435622 85.5613262145723,28.0370916524111 85.561292807356,28.0370526773254 85.5612677519437,28.0370304058479 85.5612371286621,28.0370164861744 85.5611730981642,28.0369886468275 85.5611369070132,28.0369691592847 85.5610506050377,28.0369274002643 85.5609893584744,28.0368939930479 85.5609002725643,28.0368466661582 85.5608501617398,28.0368216107459 85.5608056187847,28.0367909874643 85.5607817096985,28.0367790329212 85.5607276686133,28.0367102533582 85.5606914774623,28.0366740622072 85.5606107433562,28.0366462228603 85.5606005606373,28.0366426096374 85.5605244413807,28.0366155995786 85.5604715466215,28.0365821923623 85.5603935964501,28.0365460012113 85.5603156462787,28.0365042421909 85.5602738872583,28.0364819707134 85.5602293443032,28.0364652671052 85.5601736656094,28.0364429956277 85.5601541780665,28.0364346438236 85.560131906589,28.0364151562807 85.5601207708502,28.0363984526726 85.5601179869155,28.036376181195 85.5601291226543,28.0363566936522 85.560140258393,28.036339990044 85.5601430423278,28.0363010149583 85.5601410413024,28.0362830057298 85.560140258393,28.0362759595461 85.5601486101971,28.0362342005257 85.5601498127693,28.0362251812341 85.5601541780665,28.0361924415053 85.5601708816747,28.0361339788767 85.5601959370869,28.0360810841176 85.5602209924992,28.0360393250972 85.5602655354542,28.0359919982074 85.5602989426706,28.0359585909911 85.5603434856257,28.0359223998401 85.5604631530013,28.0358192383093 85.5605049538378,28.0357832031054 85.560515995967,28.0357711571464 85.5605355771195,28.0357497958891 85.560557848597,28.0357191726075 85.5605696393793,28.0356916607823 85.5605759441725,28.0356871573585 85.5606079594215,28.0356565340769 85.5606441505725,28.0356245188279 85.5606608541806,28.0355938955463 85.5606761658215,28.0355632722647 85.5607109650051,28.0354825381586 85.5607471561561,28.0354226835627 85.5607722115684,28.0353823165096 85.560816991454,28.0353311394974 85.5608209304255,28.0353266378157 85.5608515537071,28.0352820948607 85.5608793930541,28.0352166723954 85.5608895171127,28.0351983837733 85.5609002725643,28.0351456820607 85.5609336797806,28.0350816515628 85.560936798028,28.0350567055832 85.5609627539264,28.0350252852851 85.5610006975591,28.0349699508208 85.5610244123295,28.0349209402952 85.561032317253,28.0348924825707 85.5610354792224,28.034854538938 85.5610365883049,28.0348234846267 85.5610370602071,28.0348102713665 85.5610386411918,28.0347691657644 85.5610497080847,28.034729641147 85.5610876517173,28.0346758876674 85.5611382432276,28.0346284581265 85.5611757631906,28.034607310511 85.5611870178376,28.0345916790568 85.5612092893152,28.0345777593833 85.5612761037478,28.0345220806895 85.5613011591601,28.0344998092119 85.5613329911759,28.0344737648353 85.5613438871471,28.034454986305 85.5613714384703,28.0344371589783 85.5613935048208,28.0344119402919 85.5613950941298,28.0344107809288 85.5614030581642,28.0343968438686 85.5614267729346,28.0343707576211 85.5614362588428,28.0343565287588 85.5614520686897,28.0343343949731 85.5614805264143,28.0343067277409 85.5615097746311,28.0342948703557 85.5615398133404,28.0342766890317 85.5615573299322,28.0342620918718 85.5615453467868,28.034184201427 85.5615326989092,28.0341399338555 85.5615263749705,28.0340766944676 85.5615326989092,28.033950215692 85.5615453467868,28.0338806523654 85.5615896143583,28.0337984411612 85.5616338819298,28.033716229957 85.5616718255625,28.0336593145079 85.5617287410115,28.0335960751201 85.5618350600486,28.0333646748629 85.561835645691,28.0333602825455 85.5618172761545,28.0333051739361 85.5618109522157,28.0331533994053 85.5618172761545,28.0330585403235 85.5618552197872,28.0329257376091 85.5618994873587,28.0328372024661 85.5619374309914,28.0327613152007 85.5620006703792,28.0326601321802 85.5620575858283,28.0325652730984 85.5621777406651,28.0323818788737 85.5622536279305,28.0322933437308 85.5623168673184,28.0322364282817 85.5623484870123,28.0321921607102 85.5624243742777,28.0320846537509 85.5625255572982,28.0319897946692 85.5625824727473,28.0319265552813 85.5626267403188,28.0318569919547 85.562677331829,28.0317937525669 85.5627595430332,28.0317368371178 85.5628670499925,28.0316925695463 85.5629872048294,28.0316483019749 85.5630694160336,28.0316166822809 85.563145303299,28.0315913865258 85.5632528102583,28.0315534428931 85.5633172439121,28.0315171989628 85.563333431486,28.0314416569516 85.5633445672247,28.0313804103883 85.5633501350941,28.0312607011965 85.5633527613409,28.0311556513252 85.5633713573782,28.0310928055284 85.5633546446754,28.0309735747187 85.5633689966762,28.0308113756824 85.563369622637,28.0308101909912 85.563369622637,28.0307902162334 85.5633807583758,28.0307512411477 85.5633918941145,28.0307234018008 85.5633918941145,28.0306771882397 85.5633918941145,28.0306705070416 85.5633898031511,28.0306584840021 85.5633807583758,28.0306064765437 85.5633775666061,28.0305825382713 85.5633603172176,28.0305605845041 85.5633539932788,28.0305447746572 85.5633508313094,28.0305210598867 85.5633529190288,28.0305043581317 85.5633530668908,28.0305031752361 85.5633724065717,28.0304644958743 85.5633891101798,28.0304338725927 85.5634225173962,28.030394897507 85.563471017283,28.0303515028714 85.5634754121553,28.0303475706172 85.563506035437,28.0303058115968 85.5635283069145,28.0302640525764 85.5635461596275,28.0302040025416 85.5635589301961,28.0301610469928 85.5635617141308,28.0301248558418 85.5635617141308,28.0300552574744 85.5635617141308,28.0299967948459 85.563578417739,28.0299439000867 85.5636034731512,28.0298659499153 85.5636201767594,28.0298102712215 85.5636285285634,28.0297712961358 85.5636289262684,28.0297681144961 85.5636647197144,28.02973232105 85.563686991192,28.029687778095 85.5637064787348,28.0296543708786 85.5637343180818,28.0296070439889 85.5637482377552,28.0295680689032 85.563759373494,28.0295346616868 85.5637983485797,28.0294901187317 85.5638178361226,28.0294567115154 85.5638261879266,28.0293926810175 85.5638274128579,28.0293632826672 85.5638568112083,28.0293008111726 85.5638608988649,28.0292908840064 85.563852003458,28.0292831488699 85.5637697922538,28.0292357193291 85.5637223627129,28.0292009376657 85.5636812571108,28.029162994033 85.5636011672279,28.0291177258383 85.5635990459067,28.0291092405534 85.5635358065188,28.0290491631349 85.5634441094065,28.0290270293492 85.5633750180156,28.0290068776935 85.5633682221411,28.0290048955635 85.5632702010899,28.0289669519308 85.5632290954878,28.0289321702675 85.5632069617021,28.0288657689102 85.5632132856409,28.0288120154306 85.5632322574572,28.0287456140734 85.5632449053348,28.0286760507467 85.5632631926011,28.028608997437 85.5632638771511,28.0286064874201 85.5632638771511,28.0285558959099 85.5632670391205,28.0285306001547 85.5632702010899,28.0284483889505 85.5632078732609,28.0283455480326 85.5631848279164,28.0281796215522 85.5631911518552,28.0280721145929 85.5631974757939,28.0279582836948 85.5632037997327,28.0278254809804 85.5632164476103,28.0277685655313 85.5632417433654,28.0277242979598 85.5633682221411,28.0275598755515 85.5634251375901,28.0274333967758 85.5634441094065,28.0273638334492 85.5634430355301,28.0273484412208 85.5634630812228,28.027281622245 85.5634788910698,28.0272120589184 85.5634788910698,28.0271424955918 85.5634757291004,28.0271140378673 85.5634599192534,28.027079256204 85.5634346234983,28.0270318266631 85.5634156516819,28.0270007818727 85.5634156516819,28.0269243197038 85.5634535953146,28.0268610803159 85.5634915389473,28.0268421084996 85.56352948258,28.0268168127444 85.5635895599985,28.0267757071424 85.5635737501515,28.0266966579076 85.5635737501515,28.0266270945809 85.5635958839373,28.0265480453462 85.5636243416618,28.0265006158053 85.5636527993863,28.0264563482338 85.5636780951415,28.0264025947541 85.5637002289272,28.0263330314275 85.5636970669578,28.0262950877948 85.5637033908966,28.0262634681009 85.563706552866,28.0262381723458 85.5637128768048,28.0262033906825 85.5637286866517,28.0261875808355 85.5637571443762,28.0261527991722 85.5638741372437,28.0261654470498 85.5638931090601,28.0261559611416 85.5639721582949,28.0261401512946 85.5641460666114,28.0261053696313 85.5642472496319,28.0261211794783 85.5643073270504,28.0261559611416 85.564376890377,28.0262033906825 85.5644369677954,28.0262128765906 85.5644875593057,28.0262033906825 85.564522340969,28.0261907428049 85.5645760944487,28.0261812568967 85.564610876112,28.0261654470498 85.5646361718671,28.0261464752334 85.5647942703367,28.0260927217538 85.5649049392654,28.0260358063047 85.5649526318424,28.0259993355106 85.5649595015784,28.0258422640668 85.5649523688063,28.0257923346616 85.5649555307756,28.0257322572431 85.5649713406226,28.0256848277022 85.5650029603165,28.0256310742226 85.5650535518268,28.025561510896 85.5651484109085,28.0254698137836 85.5651720246878,28.0254583259991 85.5651970481288,28.0254134274479 85.5653882993338,28.0252476636404 85.5654694339968,28.0251078080561 85.5655330647751,28.0249082415674 85.5655773263804,28.0247896474942 85.5656558617141,28.0245487548377 85.5656574879806,28.0245465187212 85.5657586710011,28.0244832793334 85.5657902906951,28.0244263638844 85.5658029385726,28.024350476619 85.5657966146338,28.0242809132923 85.5658092625114,28.0242429696596 85.5658725018992,28.0241544345167 85.5659041215932,28.0240785472513 85.5659294173483,28.0240089839247 85.5660116285525,28.0238508854551 85.5660495721852,28.0237560263733 85.5660748679403,28.0236611672916 85.5661317833894,28.0235346885159 85.5661634030833,28.0234777730669 85.5661778291569,28.0234570135951 85.5662912401016,28.0233792477992 85.5663593883919,28.0232987841937 85.5664212956703,28.0232290787276 85.5665716781154,28.0231620304024 85.5665870040408,28.0231496328989 85.5667469730484,28.023043068753 85.5668831250821,28.0228929628043 85.5669023900948,28.0228826556627 85.566903303921,28.0228817418366 85.5669285996761,28.0228501221426 85.5670297826967,28.0227552630609 85.5671625854111,28.0226414321628 85.5672195008601,28.0225339252035 85.5672890641868,28.0224390661217 85.5673586275134,28.0223631788563 85.5674092190236,28.0223062634073 85.5674914302278,28.0222050803868 85.5675926132484,28.0221291931214 85.5677064441465,28.0220153622233 85.5678265989833,28.0219331510191 85.56789616231,28.02187623557 85.5680795565347,28.0217244610392 85.5681744156164,28.0216043062023 85.5682629507594,28.0215031231818 85.5683641337799,28.0214145880388 85.5684400210453,28.0213197289571 85.5685475280046,28.0212438416917 85.5687625419233,28.0210920671609 85.5687759971122,28.0210850704627 85.5688890206989,28.0209908841404 85.5689902037195,28.020883377181 85.5691546261278,28.0206936590175 85.5693064006586,28.0205102647928 85.5694265554955,28.0203458423845 85.5695340624548,28.0201750960373 85.5696099497202,28.0200612651392 85.5696900529448,28.0199971825596 85.569704808802,28.0199853778738 85.569850259394,28.0198968427309 85.5699830621084,28.0198146315267 85.5700968930065,28.0197640400164 85.5702107239047,28.0197134485061 85.5703561744967,28.0196565330571 85.5705079490275,28.0195743218529 85.5705901602316,28.0194921106487 85.5706217799256,28.0194351951997 85.5706344278031,28.0193656318731 85.5706470756807,28.0192770967301 85.5706496754584,28.0192497990643 85.5706861345103,28.0190687807272 85.5707008291603,28.0190320441022 85.5707229629461,28.0189877765307 85.570738772793,28.0189466709286 85.57075458264,28.018892917449 85.5707577446094,28.0188265160918 85.5707514206706,28.0187696006427 85.5707450967318,28.0187158471631 85.5707356108236,28.0186273120201 85.5707324488542,28.0185830444486 85.570725861418,28.0185237575225 85.5707261249155,28.0185198050608 85.5707229629461,28.0184312699178 85.5707166390073,28.0183553826524 85.5707008291603,28.0183111150809 85.5706597235582,28.0182605235707 85.570609132048,28.018206770091 85.5705427306907,28.0181561785807 85.5704921391805,28.0181087490399 85.5704607835623,28.018025134058 85.5704601994077,28.0180164442172 85.5704751099591,28.017810956379 85.5703677902124,28.0176258435533 85.5703082477101,28.0175169909365 85.5703108210754,28.017322198063 85.5702637591057,28.0171918286489 85.5702516640902,28.017063159875 85.5702391816291,28.0170210315691 85.5702202098128,28.0169324964262 85.5702043999658,28.0168155035587 85.5702043999658,28.0167332923545 85.5702202098128,28.0166732149361 85.5702486675373,28.0165910037319 85.5702509405533,28.0165432703967 85.5702126522118,28.0164444882085 85.5702767688601,28.0162070423691 85.5703268325483,28.0161101533882 85.5703282620957,28.0160019351028 85.5703326604424,28.0159895779086 85.5703372026803,28.0159032753892 85.5703561744967,28.0158052543381 85.5703877941906,28.0157135572257 85.5704099279763,28.0156376699603 85.5704122994534,28.0156258125751 85.5703877941906,28.0155522967867 85.5703403646497,28.0154700855825 85.570302421017,28.0154194940723 85.5702613154149,28.015368902562 85.5701664563331,28.0152993392354 85.570141160578,28.0152645575721 85.5701036492222,28.0151948936255 85.5700968930065,28.0151823463679 85.5700652733126,28.0151444027352 85.5700178437717,28.0150811633474 85.5699684944638,28.0149954513914 85.5699356325675,28.0149625894952 85.5698945269654,28.0149309698013 85.5698551532963,28.0148934710687 85.5698376115164,28.0148819592757 85.5697743721286,28.0148313677654 85.5696826750162,28.0147586424694 85.5696257595672,28.0147270227755 85.5695720060875,28.0146795932346 85.5695087666997,28.0146290017244 85.5694360414037,28.0145752482447 85.5693824867433,28.0145297267834 85.5693728020158,28.0145214947651 85.5693348583831,28.0144677412854 85.5693052079506,28.0144291957231 85.5692716189953,28.0143855300812 85.5692305133932,28.0143317766016 85.5691957317299,28.0142843470607 85.5691767599135,28.0142400794892 85.5691767599135,28.0142052978259 85.5691830838523,28.0141610302544 85.5691925697605,28.0141199246523 85.5691988936993,28.0140883049584 85.5692083796075,28.0140377134481 85.569221027485,28.0139839599685 85.5692463232402,28.0139365304276 85.5692716189953,28.0138954248255 85.569293752781,28.0138574811928 85.5693194367603,28.0138061132344 85.5693206472768,28.0138051388882 85.5694932225495,28.0136662322538 85.5697048103053,28.0133437350152 85.5698130049968,28.0132355324763 85.5698439354552,28.0131839817124 85.5698853314693,28.0131363135749 85.5699482804451,28.0130638268755 85.5700020339248,28.0130069114265 85.5700557874044,28.0129405100692 85.570084245129,28.0128962424978 85.5701158648229,28.0127476299363 85.5701190267923,28.0126749046403 85.5701202696324,28.0126662047593 85.5701285127004,28.0126085032831 85.570141160578,28.0125452638953 85.5701664563332,28.0124820245074 85.5702043999659,28.0124440808747 85.5702202098128,28.0124314329972 85.5702359391536,28.0124193335043 85.5702613154149,28.0123998133033 85.5702929351088,28.0123713555787 85.5703498505579,28.0123176020991 85.5703783082824,28.0122796584664 85.5703877941906,28.0122353908949 85.5703877941906,28.0121373698438 85.5703783082824,28.0120836163641 85.5703403646497,28.0120203769763 85.5702834492006,28.0119602995578 85.5702753436263,28.0119535449126 85.5702483044371,28.0118990654377 85.5700305318,28.0117669198597 85.5699345542854,28.0116468646629 85.5698014238326,28.0115697160618 85.5696411482299,28.0114667891375 85.5696362596311,28.0114557897901 85.5696306917617,28.0113889753575 85.5696306917617,28.0113555681412 85.5696362596311,28.0113054573167 85.5696362596311,28.0112275071453 85.5696473953698,28.0111773963208 85.5696585311086,28.0110883104106 85.5696696668474,28.0110047923699 85.569664098978,28.0109101385903 85.5696529632392,28.010848892027 85.569591716676,28.010776509725 85.569563877329,28.0107542382475 85.5695137665046,28.0107263989006 85.5694135448556,28.0106929916842 85.5693745697699,28.0106651523373 85.5693355946842,28.0106540165985 85.5693077553373,28.010631745121 85.5692520766434,28.0104647090394 85.5692353730353,28.0104034624762 85.569201965819,28.0103199444354 85.5691796943414,28.0102698336109 85.5691518549945,28.0102252906558 85.5691485058042,28.0102018463237 85.5691480262676,28.0101984895674 85.5691462871251,28.0101863155701 85.56910174417,28.010141772615 85.5690683369537,28.0101027975293 85.5690349297374,28.010069390313 85.5690234465688,28.0100464239759 85.569017379668,28.0099921732868 85.5690280923452,28.0099280769836 85.5690218234134,28.0098892096063 85.5690091755358,28.009781702647 85.569002851597,28.0096994914428 85.5690060135664,28.0096394140244 85.5690218234134,28.0095698506977 85.5690376332604,28.009531907065 85.5690555611119,28.0094661716094 85.569002851597,28.0091636479426 85.569002851597,28.0091619566462 85.569002851597,28.0091240130135 85.569002851597,28.0090765834726 85.569002851597,28.0089975342379 85.5690060135664,28.0089722384827 85.5689996896276,28.0089216469725 85.5689870417501,28.0088362737989 85.5689712319031,28.008773034411 85.5689522600868,28.0087097950232 85.5689427741786,28.0086686894211 85.5689364502398,28.0085580204924 85.5688985066071,28.0084947811046 85.568873210852,28.0084315417167 85.5688479150969,28.0083619783901 85.5688321052499,28.0082955770329 85.5688226193417,28.0082354996145 85.568800485556,28.0081438025021 85.5687751898008,28.0080489434204 85.5687688658621,28.0080078378183 85.5687625419233,28.0079382744917 85.5687562179845,28.0078876829814 85.5687498940457,28.0078244435936 85.5687340841988,28.0077453943588 85.5687182743518,28.0076948028485 85.5687182743518,28.0076536972464 85.5687151123824,28.0075904578586 85.5687182743518,28.0075556761953 85.568711950413,28.0074987607462 85.5686834926885,28.007432359389 85.5686518729946,28.0074039016645 85.5686076054231,28.0073786059093 85.5685601758822,28.0073469862154 85.5684874505862,28.0073122045521 85.5684305351372,28.0072805848582 85.5683799436269,28.0072647750112 85.5683780569995,28.007264497566 85.5683102093546,28.007214038274 85.5682630105444,28.0070944900733 85.568226860172,28.0070616435355 85.5680347741992,28.0068323526902 85.5680238691586,28.006734829169 85.5680029179024,28.0064748511267 85.5678834196644,28.0062896096046 85.5678494168159,28.0060944354922 85.5678634707663,28.0059538787112 85.5678286091746,28.0058236355871 85.5678053681563,28.0057368068331 85.5677211618242,28.0056493428208 85.5676122831832,28.0055832683014 85.5675032615036,28.0055280155319 85.5675000000374,28.0055271099449 85.5675000000374,28.0055051105395 85.5673582335462,28.0054290941043 85.5672865072367,28.0053201132658 85.5672793283999,28.0053135902968 85.5672100149519,28.0053217448201 85.5670835361763,28.005353364514 85.5670076489109,28.0053786602691 85.5669064658903,28.005353364514 85.5668748461964,28.0052901251262 85.5668558743801,28.0051826181668 85.5668558743801,28.005119378779 85.5668621983188,28.00506246333 85.5668621983188,28.0049992239421 85.5668432265025,28.0049549563706 85.5668242546862,28.0049106887992 85.5667610152983,28.0048600972889 85.5667357195432,28.0048221536562 85.5666977759105,28.0047525903296 85.5666792207158,28.0047015635443 85.5666724801553,28.004683027003 85.5666218886451,28.0046324354927 85.566602013409,28.0046125602566 85.5665839450124,28.0045818439824 85.5665460013797,28.0044806609619 85.5665143816858,28.0042972667372 85.5664954098694,28.0042213794718 85.5664904513265,28.004156918414 85.5664890859307,28.0041391682676 85.5664954098694,28.004037985247 85.566508057747,28.0039620979816 85.5665017338082,28.003835619206 85.5664954098694,28.0037281122467 85.5664827619919,28.0036648728588 85.5664687439276,28.0035620737207 85.5664606282061,28.0035431370373 85.5664543042673,28.0034862215882 85.5664701141143,28.0034324681086 85.5664796000225,28.0034103343228 85.5664890859307,28.0033439329656 85.5665146521432,28.0032672343281 85.5665270295634,28.0032301020675 85.5665460013797,28.003185834496 85.5665586492573,28.0030783275367 85.5665712971349,28.0029708205774 85.5665902689512,28.0028886093732 85.5666155647063,28.0027368348424 85.5666661562166,28.002604032128 85.566685128033,28.0025344688013 85.5666914519717,28.0024206379032 85.5667104237881,28.0023447506378 85.5667230716657,28.0023068070051 85.566742043482,28.002224595801 85.5667610152984,28.0021487085356 85.5667736631759,28.0021107649029 85.5668777446683,28.0018794726976 85.5669317616455,28.0017234236524 85.5669697052782,28.0015969448767 85.5669950010333,28.0015084097337 85.567032944666,28.0013756070193 85.5670392686048,28.0012428043048 85.567032944666,28.0011289734067 85.5670455925436,28.0009961706923 85.567069533169,28.0009363191288 85.56706456436,28.0008965686565 85.5670508473756,28.0006862415623 85.5670455925436,28.0006056674724 85.5670582404212,28.0004159493089 85.5670772122375,28.0002515269006 85.5670703608734,28.0000631143881 85.56706456436,27.9999037102675 85.5670582404212,27.9998278230021 85.5670835361763,27.9996760484713 85.5671278037478,27.9995811893896 85.5671341276866,27.9995116260629 85.5671530995029,27.99942309092 85.5671720713193,27.9993155839607 85.5672036910132,27.9992080770013 85.5672163388908,27.9991511615523 85.5672289867683,27.9990942461032 85.5672226628296,27.9989993870215 85.5672226628296,27.9988792321846 85.5672795782786,27.9987527534089 85.5673111979725,27.9985314155515 85.5673149924781,27.9984744979668 85.5673163773152,27.9984537254117 85.5673175219113,27.9984365564698 85.5673317458911,27.9982706100392 85.5673364937276,27.9982152186124 85.567347966549,27.998146381684 85.5674376767482,27.997998623709 85.5675768034014,27.9977393422189 85.5676210709729,27.9976571310147 85.5676906342995,27.9975116804227 85.5677412258098,27.9974104974022 85.5677791694424,27.9972650468101 85.5677728455037,27.9971512159121 85.5677665215649,27.9970753286467 85.567760256913,27.996931241654 85.5677791694425,27.9968618957127 85.5678339769119,27.9966974733043 85.5678360848915,27.9966911493656 85.5679119721569,27.9965393748348 85.567968887606,27.9964002481816 85.568025803055,27.9962864172835 85.5680700706265,27.9961789103241 85.5680824926491,27.9961427735311 85.5680890424428,27.9960903751812 85.5681016903204,27.9959828682219 85.568114338198,27.9958437415686 85.5681333100143,27.995685643099 85.5681392619567,27.9956499314447 85.5681965494022,27.9955718122009 85.5682344930349,27.9955085728131 85.5682914084839,27.9954073897926 85.5683105383987,27.9953865207947 85.5683356760554,27.9953362454812 85.5683862675657,27.9952540342771 85.5684748027086,27.9951465273177 85.5685633378516,27.995051668236 85.5687024645048,27.9948935697664 85.5687973235866,27.9947923867459 85.5689617459949,27.9947101755417 85.5690945487094,27.9946848797866 85.569221027485,27.994672231909 85.5692488076448,27.994672231909 85.5693222105056,27.994672231909 85.5694992807915,27.9946848797866 85.5696067877508,27.9946848797866 85.5696384074447,27.9946785558478 85.5701000549759,27.9945141334394 85.5705237588744,27.9942548519493 85.5706059700786,27.9941789646839 85.5707324488543,27.994058809847 85.5709284909565,27.9938943874387 85.5710233500383,27.9938058522957 85.571206744263,27.993622458071 85.5713268990999,27.993477007479 85.5714597018143,27.9933442047645 85.5715925045288,27.9932240499276 85.5716232948537,27.9931876613619 85.5716620678554,27.9931418387234 85.5717442790596,27.9930469796417 85.5717789587239,27.9930245398589 85.5718075184474,27.9929837402539 85.5719213493455,27.9928762332945 85.5720604759988,27.9927371066413 85.5721679829581,27.9926612193759 85.5722438702235,27.992629599682 85.5724399123257,27.992572684233 85.5725663911014,27.992572684233 85.5728193486527,27.9925663602942 85.5729066676536,27.9925663602942 85.572942665459,27.9925537124166 85.5731102498368,27.9924620153042 85.5731829751328,27.9924019378858 85.5732240807349,27.9923671562225 85.5732746722451,27.9923102407734 85.5733189398166,27.9922153816917 85.5733410736024,27.9921553042733 85.5733410736024,27.9921126176865 85.5733410736024,27.9920477973139 85.5733537214799,27.9919940438343 85.5734264467759,27.9919149945995 85.5735023340413,27.9918612411198 85.5735750593373,27.9918391073341 85.5736543529757,27.991817233227 85.5736667564497,27.991813811579 85.5737268338681,27.9917758679463 85.573758453562,27.9917474102217 85.5737709911382,27.9917314533066 85.5737774253785,27.9917268574207 85.5738059924204,27.9917078127261 85.5738318378254,27.9916749952618 85.5738881242315,27.9915673454553 85.5739194577175,27.9915027302685 85.5739806736918,27.9914175514195 85.5740432244896,27.9913633101659 85.574129846796,27.9912667982077 85.5741535745559,27.9912326063059 85.5741669909399,27.9912238899374 85.5743122771819,27.9911400726104 85.5743908474404,27.9911007874812 85.5743931925207,27.9910995083465 85.5745299740937,27.9910249002158 85.5746691007469,27.9909679847667 85.5746930576645,27.9909619955373 85.5748461710328,27.9909237171952 85.574928382237,27.9909047453789 85.5751181004005,27.9908668017462 85.5752572270537,27.9908351820523 85.5753457621967,27.9907972384196 85.5754469452172,27.9907529708481 85.5755228324826,27.990696055399 85.5756240155032,27.9905822245009 85.5757188745849,27.9904873654192 85.5757214838524,27.9904843833992 85.5757757900339,27.9904604886793 85.5759022688096,27.9903593056588 85.5759402124423,27.9903087141485 85.5759682541182,27.9902526307968 85.5759718321362,27.9902454747607 85.5760698531881,27.9901614567162 85.5760748925756,27.9901571372412 85.5761874105856,27.9900742292338 85.5761931699937,27.9900699854595 85.5761968211085,27.9900671030004 85.5765062049634,27.989843904648 85.5765726063206,27.9898091229846 85.5766421696472,27.9897901511683 85.5766959231269,27.9897869891989 85.5767781343311,27.9898027990459 85.576816307092,27.9898095354154 85.5768508596271,27.9898059610153 85.5769457187088,27.9897901511683 85.5769931482497,27.9897869891989 85.5770943312702,27.9897775032907 85.577189190352,27.9897648554132 85.5772187575394,27.9897523462185 85.5772334579235,27.9897332357192 85.5773251550358,27.989666834362 85.5775306830463,27.9894739542291 85.5777678307506,27.9892494544023 85.5778215842303,27.9891767291063 85.5778563658936,27.9890470883613 85.577916443312,27.9889047997386 85.5780018164856,27.9886644900649 85.5781346192001,27.9884115325135 85.5781788867716,27.9883577790339 85.5782547740369,27.9882724058603 85.5782974094593,27.988212716269 85.5783180134248,27.9881838707173 85.5783622809963,27.9880795257274 85.5785077315883,27.9879562089211 85.578545675221,27.9879087793803 85.5786531821803,27.9878297301455 85.57874423629,27.9877629571317 85.5787669335082,27.9877322687544 85.5788888889263,27.9876001289197 85.57896482974,27.9875178463386 85.578994459368,27.987499999992 85.5791666667041,27.9873962770629 85.5792474950779,27.9873475929831 85.5794192252765,27.9872222222142 85.5794444444819,27.98720381106 85.5794813953287,27.9871768352799 85.5796298157525,27.9870160176471 85.5798635728636,27.9868560811565 85.5800613235107,27.9866524789178 85.5801239800934,27.9865232452559 85.580127055427,27.9865130907178 85.5801393077944,27.9864985410316 85.5801597148995,27.9864052514082 85.5801614415801,27.9863973580111 85.5801624161138,27.9863963321861 85.5802215189986,27.9863341186232 85.5802499767231,27.9862645552966 85.5802689485394,27.9861285906128 85.580354321713,27.9860021118371 85.5803764554988,27.9859799780514 85.5804523427641,27.985888280939 85.5804839624581,27.9858566612451 85.5805060962438,27.9858376894287 85.5805408779071,27.9857965838267 85.5805756595704,27.9857554782246 85.5805706945691,27.9856983807096 85.5805693356316,27.9856827529286 85.5805661736622,27.9856163515713 85.5805756595704,27.9855562741529 85.5805977933562,27.9855056826426 85.5806325750195,27.9854171474997 85.5806958144073,27.9853507461424 85.5807600727419,27.9852887036125 85.5807811875809,27.9852479821372 85.5808191312136,27.9852132004739 85.5808728846933,27.98518158078 85.5809456099893,27.9851341512391 85.5810467930098,27.9850392921574 85.5810562618658,27.9850261180969 85.5810784127037,27.9850250632951 85.5811195183058,27.9850124154175 85.5811606239079,27.9850060914787 85.5812143773875,27.9849966055706 85.5812618069284,27.9849649858766 85.5813029125305,27.9849460140603 85.581347180102,27.9849080704276 85.5813693138877,27.9848321831622 85.5813724758571,27.9848037254377 85.5813566660102,27.9847025424171 85.5813535040408,27.9846393030293 85.581347180102,27.9845950354578 85.581347180102,27.9845412819782 85.5813495061484,27.9845110433744 85.5813598279796,27.9844891094832 85.5813756378265,27.9844258700954 85.5814009335817,27.9843341729831 85.5814107464364,27.9842921178915 85.5814230673674,27.9842393139013 85.5814452011531,27.9841381308808 85.5814831447858,27.9840337858908 85.58156535599,27.9839484127173 85.5816158010445,27.9838887958348 85.5816342168842,27.9838546294941 85.5816666667041,27.9838140360991 85.5817457741783,27.9837150758903 85.5819198421074,27.9834571094367 85.5820465625828,27.9830904206118 85.5820470187276,27.9830555555476 85.5820529339066,27.9826034334888 85.5821420902633,27.9823121209755 85.5822330638564,27.9821853170754 85.5822420174399,27.982161900011 85.5822704751644,27.9821113085007 85.5822989328889,27.9820259353271 85.5823210666747,27.9819405621536 85.5823463624298,27.9818931326127 85.5823874680319,27.9818045974697 85.582412763787,27.9817476820207 85.582428573634,27.9816717947553 85.5824443834809,27.9816180412756 85.5824816639658,27.9815180617936 85.5825139468075,27.9814314850815 85.5825289249794,27.9813929697824 85.5825360805933,27.9813745696325 85.582574024226,27.9813081682752 85.582630939675,27.9812196331323 85.5826402392252,27.9812072337321 85.5826688833077,27.981169041622 85.5826886854927,27.981149239437 85.582703664971,27.9811342599587 85.5827447705731,27.981096316326 85.5829123549509,27.9810172670912 85.5829850802469,27.9809635136116 85.5830736153899,27.980862330591 85.5830957491756,27.9808338728665 85.583171636441,27.9807453377235 85.5831769743936,27.9807391990781 85.5832348758288,27.9806726124275 85.5833107630942,27.9805967251621 85.5833627669427,27.9805471976874 85.5833771644515,27.9805334857743 85.5834245939923,27.980482894264 85.5834688615638,27.9804228168456 85.5835309174521,27.9803525957089 85.5835890164007,27.9802868521617 85.583623798064,27.9802425845903 85.5836585797273,27.9801666973249 85.5836838754824,27.9801255917228 85.5837249810845,27.9800781621819 85.5837660866866,27.9799769791614 85.5837916061706,27.9799496368571 85.5838103542581,27.9799295496205 85.5838735936459,27.9798631482633 85.5839052133399,27.9797935849366 85.5839314907209,27.9797305192221 85.5839323657512,27.9796635389374 85.5839308704629,27.9796485860546 85.5837724106253,27.9794505112576 85.5836933613905,27.9793493282371 85.5836301220027,27.9792860888492 85.5831495026552,27.9789920256958 85.5830767773592,27.9789351102468 85.582906031012,27.9787612019302 85.582849115563,27.9786473710321 85.5827953620833,27.9784797866544 85.5827795522364,27.9784228712053 85.5827257987567,27.9781920474397 85.5827447705731,27.9780624066947 85.5827471057514,27.9780273790199 85.5827510945118,27.9779675476129 85.5827542564812,27.9778726885312 85.5827523081246,27.9778200829021 85.5827510945118,27.9777873153576 85.5827416086037,27.9777272379392 85.5827289607261,27.9776861323371 85.582703664971,27.9776323788574 85.5826910170934,27.9775659775002 85.5827131508791,27.9775122240205 85.5827321226955,27.9774806043266 85.5827637423894,27.9774078790306 85.5828206578385,27.9773351537346 85.5828870591957,27.9772687523774 85.5830135379714,27.9771644073875 85.5830842079873,27.9771172940435 85.5831052350837,27.9770632243669 85.5830989111449,27.977031604673 85.583083101298,27.9770063089179 85.5830419956959,27.9769335836219 85.5830008900938,27.9768545343871 85.5829028690427,27.9767122457645 85.582849115563,27.9765984148664 85.5828206578385,27.9764592882131 85.5828143338997,27.9761936827842 85.5828459535936,27.9760577181004 85.5828680873794,27.9759596970492 85.5828965451039,27.9758869717532 85.5829534605529,27.9757668169164 85.5829882422162,27.9757099014673 85.5829882422162,27.9756624719264 85.582994566155,27.9755834226916 85.5830230238795,27.9755328311814 85.5830641294816,27.9754885636099 85.5830964267403,27.9754413599241 85.5831052350837,27.9754332291456 85.583171636441,27.9753636658189 85.5832601715839,27.9752277011351 85.5833392208187,27.9751549758391 85.5833668841443,27.9751419578035 85.5834467277781,27.9751043843288 85.5835162911047,27.9750632787267 85.583551072768,27.9750221731247 85.5835985023088,27.9749557717674 85.5836617416967,27.9748893704102 85.5837186571457,27.9748387788999 85.5838830795541,27.9747186240631 85.5839197993785,27.9746749099864 85.5839611880166,27.9746570672266 85.5843051836826,27.974454963181 85.5845021961214,27.9743054628675 85.5846514384682,27.9740797068313 85.5847272601527,27.9738748420586 85.5848277431659,27.9736485841133 85.5849354200709,27.9734961518605 85.5849360153615,27.9734901989544 85.5849549871779,27.9734332835053 85.5849739589942,27.9733890159338 85.5849929308106,27.9733384244236 85.5850182265657,27.9733004807909 85.5850561701984,27.9732562132194 85.5850941138311,27.9731929738316 85.5851320574638,27.9731423823213 85.5851573532189,27.9731107626274 85.5851826489741,27.9730664950559 85.585214268668,27.9730285514232 85.585271184117,27.9729969317293 85.5852901559334,27.9729906077905 85.5853217756273,27.9729906077905 85.5853850150151,27.9730411993008 85.5854609022805,27.973091790811 85.5855684092398,27.9731423823213 85.5856253246889,27.973237241403 85.5857644513421,27.9732941568521 85.5858593104239,27.9733131286684 85.5860174088935,27.973325776546 85.5862008031182,27.9733447483624 85.5869280560782,27.9733510723011 85.587111450303,27.9734269595665 85.5871162298931,27.9734276423651 85.5871367460581,27.9734058984659 85.5871367460581,27.973325776546 85.5871557178744,27.9732245935255 85.5871557178744,27.9731676780764 85.5871557178744,27.9730854668722 85.5871493939357,27.9729526641578 85.5871620418132,27.9728325093209 85.5872316051398,27.9726870587289 85.5872379290786,27.9726111714635 85.5872758727113,27.9724910166266 85.587313816344,27.9723455660346 85.5873264642216,27.9722317351365 85.5873327881604,27.9720862845445 85.5873707317931,27.9719281860749 85.5874213233033,27.9717953833605 85.5874466190585,27.9717258200338 85.5874719148136,27.971662580646 85.58749088663,27.9715424258091 85.5875047920212,27.9714450880704 85.5874800805819,27.9712513982634 85.5873841169628,27.9711313551722 85.5873149289146,27.970827588719 85.5872684797529,27.9707426692498 85.5872600628643,27.9706981799816 85.5872316051398,27.9706222927162 85.5871399080275,27.9704705181854 85.5871209362111,27.9703756591036 85.5871177742417,27.9702871239606 85.5871177742417,27.9701638071544 85.5871177742417,27.9700752720114 85.5871082883336,27.9700183565623 85.5870988024254,27.9699646030827 85.5870829925784,27.9699013636949 85.5870671827315,27.9698476102152 85.586934380017,27.9697464271947 85.5869090842619,27.9696673779599 85.5868920635909,27.9695992952759 85.5868901124455,27.9695914906945 85.586877464568,27.9695345752454 85.5868395209353,27.9694333922249 85.5868205491189,27.9693005895104 85.5868300350271,27.9692658078471 85.5868553307822,27.9692057304287 85.5868856810966,27.9691172086784 85.5868932744149,27.9690950615 85.5868995983537,27.969022336204 85.5869027603231,27.9689590968161 85.5868535737416,27.9687193122313 85.5868521688129,27.9687124632036 85.5868331969965,27.9685986323055 85.5868363589659,27.9685322309483 85.5868426829047,27.968481639438 85.5868521688129,27.9684152380808 85.5868711406292,27.9683646465705 85.5868901124456,27.968320378999 85.5869185701701,27.968247653703 85.5869533518334,27.9681274988661 85.5869628377416,27.9680737453865 85.5869818095579,27.9679978581211 85.5870418869764,27.9678429216209 85.5870924784866,27.9677449005698 85.5871177742418,27.9676784992125 85.5871430699969,27.9676215837635 85.5871968234765,27.9675646683144 85.5872347671093,27.9675267246817 85.5873675698237,27.9674508374163 85.5873736809714,27.9674458721088 85.587418161334,27.9674097318142 85.5874244852727,27.9673749501509 85.5874244852727,27.9673401684876 85.5874213233034,27.9672769290998 85.587418161334,27.9672389854671 85.5874055134564,27.9671504503241 85.5873928655788,27.9670777250281 85.5873485980074,27.9669133026198 85.5873359501298,27.9668563871707 85.5873215223478,27.9668053350189 85.5872948445277,27.9667109365787 85.5873011684665,27.9666698309766 85.5873141891203,27.9666021235768 85.5873169783134,27.9665876197724 85.5873201402828,27.9665496761397 85.5873264642216,27.9664927606907 85.5873329510568,27.9664538396794 85.5873359501298,27.9664358452416 85.5873612458849,27.9663726058538 85.5873897036094,27.9663441481293 85.5874244852727,27.9663093664659 85.5874323042005,27.966305457002 85.5874472694538,27.9662831065835 85.587558800347,27.9661435469819 85.5876646665654,27.9660025338479 85.5876806047934,27.9659615498329 85.5877311963037,27.9658066133327 85.5877438441813,27.9657433739448 85.5877470061507,27.9656611627407 85.5877438441813,27.9656010853222 85.5877438441813,27.9655283600262 85.5877248723649,27.9654840924547 85.5876995766098,27.9653923953424 85.587693252671,27.96530069823 85.587709062518,27.9652342968728 85.5877470061507,27.9651299518829 85.5877975976609,27.9650793603726 85.5878671609876,27.9650192829542 85.5878860134996,27.9650064901781 85.5878951274567,27.9649878760838 85.5879051046203,27.9649813393215 85.5879620200693,27.9649433956888 85.5880062876408,27.9649086140255 85.5880442312735,27.9648769943315 85.5881201185389,27.9648264028213 85.5882371114064,27.9646936001068 85.5882655691309,27.9646366846578 85.5882971888248,27.9645734452699 85.5883224845799,27.9645070439127 85.5883319704881,27.9644785861882 85.5883351483571,27.9644722304503 85.5883509423045,27.9644406425555 85.5883888859372,27.9643489454431 85.5883983718453,27.9643268116574 85.5884110197229,27.9642825440859 85.5884173436617,27.9641971709123 85.5884268295699,27.9641465794021 85.5884344660243,27.9641293973797 85.5884299915393,27.9640801780448 85.5884299915393,27.9640295865346 85.5884331535087,27.9639948048713 85.5884489633556,27.9639378894222 85.5884900689577,27.9638683260956 85.5885216886516,27.9638050867078 85.5885501463762,27.9637418473199 85.5885786041007,27.9636912558097 85.5886102237946,27.9636311783912 85.588670301213,27.963564777034 85.5887556743866,27.963507861585 85.5888220757438,27.9634699179523 85.5888245350534,27.9634686882974 85.5888726672541,27.9634446221971 85.5889058679327,27.963435136289 85.5889675263359,27.9634114215185 85.5890149558767,27.9633703159164 85.5890702903411,27.9633260483449 85.5890719884357,27.9633233313935 85.5890781952646,27.9633134004674 85.5891098149585,27.9632975906204 85.5891461776065,27.9632707138806 85.5891857022239,27.963237513202 85.5892220648719,27.9632106364621 85.5892256828946,27.9632107428746 85.5892758183516,27.9632122174468 85.5892944600722,27.9632112097863 85.5893343147853,27.9632090554774 85.5893833253109,27.9632027315387 85.5894129687739,27.9631968028461 85.5894133640201,27.9631964075999 85.5894354978058,27.9631458160896 85.5894576315916,27.96309206261 85.5894797653773,27.9629940415588 85.5895050611324,27.9629371261098 85.5895398427957,27.9628707247525 85.5895430047651,27.9628549149056 85.5895651385509,27.9628264571811 85.5895872723366,27.9628011614259 85.5896094061223,27.9627727037014 85.5896599976326,27.9627221121911 85.5896852933877,27.9626778446197 85.5896947792959,27.9626335770482 85.5896916173265,27.9625766615991 85.5896990045825,27.9625434189474 85.5897263989899,27.9625608517522 85.5897422088369,27.9625924714461 85.5898180961023,27.9626873305278 85.5898828234757,27.9627252741605 85.5899097932146,27.9627410840075 85.5899754592301,27.9627514523257 85.5900299480515,27.9627600558238 85.5901026733475,27.9627790276402 85.5901497556201,27.9628050910411 85.5902797436334,27.9628770486913 85.5903366590825,27.9629213162628 85.5903872505928,27.962914992324 85.5904346801336,27.9629118303546 85.5904884336133,27.9629339641404 85.590526377246,27.9629402880792 85.5906022645114,27.962930802171 85.5907129334401,27.9629181542934 85.5907196062858,27.9629185250071 85.5907698488891,27.9629213162628 85.5908236023688,27.9629529359567 85.590890003726,27.9630003654976 85.5909103306721,27.963019496741 85.5909437572057,27.9630509570079 85.5909658909914,27.9630889006406 85.5909911867465,27.9631236823039 85.5910164825017,27.9631458160896 85.5910607500732,27.963164787906 85.5910923697671,27.9631869216917 85.5911176655222,27.9632153794162 85.5911420578575,27.9632316409731 85.591144542262,27.9632390941867 85.5911508662008,27.9632596469877 85.5911571901396,27.9632865237275 85.5911761619559,27.9633260483449 85.5912046196805,27.9633481821307 85.5912267534662,27.9633655729623 85.5912520492213,27.9633782208399 85.5912994787622,27.9634066785644 85.59136271815,27.9634130025032 85.591430700492,27.963403516595 85.5914401864001,27.9633861257634 85.5914085667062,27.9633608300082 85.5913563942112,27.9633339532684 85.5913089646704,27.9632786188041 85.5912757639918,27.9632469991101 85.5912283344509,27.9631900836611 85.5912214176428,27.96313751592 85.5912251724815,27.9631300062427 85.5912504682366,27.9630098514058 85.5912441442978,27.9629529359567 85.5912346583897,27.9628802106607 85.5912346583897,27.9628106473341 85.5912314964203,27.9627410840075 85.5912283344509,27.9626683587115 85.5912220105121,27.962608281293 85.5911640109593,27.9625212819638 85.5911492852161,27.962499193349 85.5911224084763,27.9624738975939 85.5910986937058,27.9624312110071 85.5910923697671,27.9623995913132 85.5910892077977,27.9623679716193 85.5910923697671,27.9623316089713 85.591108179614,27.9623126371549 85.5911334753691,27.9622825984457 85.5911508662008,27.9622636266293 85.5911614975772,27.9622554114749 85.5911650950631,27.9622478167824 85.5912093626346,27.9622035492109 85.5912162135682,27.9621944146327 85.5912314964203,27.9621434717925 85.5913200315633,27.9620169930168 85.5913753660275,27.9619063240883 85.5913769470123,27.961901581134 85.5913895948899,27.9618731234095 85.5913959188287,27.961843611695 85.5914085667062,27.9617845882665 85.5914085667062,27.9617498066032 85.591399080798,27.9616960531235 85.5913959188287,27.9616834052461 85.5913959188287,27.9615237257917 85.5913959188287,27.961397247016 85.5913959188287,27.9612581203628 85.5914338624614,27.9610810500769 85.5915097497268,27.9607901488929 85.5915476933595,27.9607016137499 85.591560341237,27.9603727689332 85.5915476933595,27.9601830507697 85.591560341237,27.9600945156267 85.591560341237,27.9600802867644 85.5915887989615,27.9600233713154 85.5916109327473,27.9599601319275 85.5916172566861,27.9599000545091 85.5915824750228,27.959858948907 85.591560341237,27.9598146813355 85.5915192356349,27.9597356321007 85.5915129116961,27.9597040124068 85.5914939398798,27.9596154772638 85.5914812920022,27.9595553998454 85.5914623201859,27.9595048083351 85.5914370244307,27.9594478928861 85.591399080798,27.9593941394064 85.5913864329205,27.9593720056207 85.5913453273184,27.9593309000186 85.5913010597469,27.9592992803247 85.591269440053,27.9592708226002 85.5912675283111,27.9592691020324 85.5912447140633,27.9592326833341 85.5911371303631,27.9590692300522 85.5911293541863,27.9590476913043 85.5911271514304,27.9590036361866 85.5911492852161,27.9589309108906 85.5911935527876,27.9588676715027 85.5912314964203,27.95882972787 85.5912965426478,27.9587917842373 85.5913137076245,27.9587917842373 85.5913895948899,27.9587854602986 85.591446510339,27.9587791363598 85.5915233461952,27.9587563701802 85.5915255595737,27.9587585835587 85.5915508553289,27.9587554215893 85.5916077707779,27.9587332878036 85.5916123936572,27.958729985747 85.591619843752,27.9587246642507 85.5916425524412,27.9586906012168 85.5916978369797,27.9585549028041 85.5917279256148,27.9585135309309 85.5917300455857,27.9585077767241 85.5918161770278,27.9584051264681 85.5919683305108,27.9579520981834 85.5922406754718,27.9576301808151 85.5924027673153,27.9573504289701 85.5926122054682,27.9571793957517 85.5928087534388,27.9570623476915 85.5930177693927,27.9569237798889 85.5930354562578,27.9568975555441 85.5930591147287,27.9568835357095 85.5930960043713,27.9568669353703 85.593182431535,27.9568345251839 85.5932836145555,27.9567523139797 85.5933658257597,27.9567206942858 85.5934417130251,27.9566637788368 85.593464601908,27.9566363121772 85.5934670087802,27.9566353211122 85.5935017904435,27.9566068633877 85.5935270861986,27.9565720817244 85.593546058015,27.9565309761223 85.5935492199844,27.956480384612 85.5935618678619,27.9564456029487 85.5935622802927,27.9564444343949 85.5935808396783,27.9563918494691 85.5936820226988,27.9563286100812 85.593764233903,27.9563159622037 85.5938401211684,27.9563096382649 85.5938970366174,27.9562875044791 85.5939286563114,27.9562653706934 85.5939760858522,27.9562337509995 85.5940140294849,27.9561989693362 85.5940519731176,27.9561831594892 85.5940962406891,27.9561768355504 85.5941267652443,27.9561890453725 85.594159480077,27.9562021313056 85.5942290434036,27.9562147791831 85.5942827968832,27.9562179411525 85.5943270644547,27.9561831594892 85.5943397123323,27.9561483778259 85.5943482595346,27.9561084908819 85.5944182458852,27.9560830377886 85.5946764289392,27.9559124991165 85.5948481768025,27.9558276651496 85.5949264619988,27.955790085825 85.5949373245473,27.9557879133153 85.5949847540882,27.9557815893765 85.5950511554454,27.9557594555907 85.5950985849863,27.955737321805 85.5951396905884,27.9557278358968 85.5951902820986,27.9557120260499 85.5952313877007,27.9556898922641 85.5952566834559,27.9556582725702 85.5952788172416,27.9556234909069 85.5952440355783,27.9555634134885 85.5952124158844,27.9555317937945 85.5951839581599,27.9554938501618 85.5951428525578,27.955446420621 85.5951143948332,27.9553958291107 85.5950922610475,27.9553547235086 85.5949736871953,27.9552408926105 85.594954715379,27.9552092729166 85.5949404865167,27.9551776532227 85.5948630182666,27.9550827941409 85.5948250746339,27.9550227167225 85.5948176283632,27.9550127883616 85.5948061028176,27.9549974209674 85.5947823880471,27.9549326005948 85.5947381204757,27.9547318155385 85.5947333775216,27.9547017768292 85.5947223106287,27.9546496043343 85.5947144057052,27.9545942698699 85.5947001768429,27.9545500022984 85.5946875289654,27.9544978298035 85.5946733001031,27.9544519812473 85.5946669761643,27.9544077136758 85.5946574902562,27.9543555411809 85.5946558617366,27.9543460957672 85.5946280497684,27.9542952501509 85.5946211276081,27.9542733299767 85.5946220151785,27.9542688921248 85.5946163846541,27.9542511961909 85.5946163846541,27.9542227384664 85.5946242895776,27.9541942807419 85.594627451547,27.9541436892316 85.594627451547,27.954074125905 85.5946290325317,27.95402195341 85.5946400994245,27.9539634569763 85.5946448423786,27.9539365802365 85.594648004348,27.9538685978945 85.5946464233633,27.9538164253996 85.5946495853327,27.9537800627516 85.5946587049152,27.9537659688514 85.5946620593847,27.9537607846712 85.5946794423195,27.9537498059756 85.5947001768429,27.9537231473025 85.5947254725981,27.9536883656392 85.594757092292,27.9536440980677 85.5947866040063,27.9535973711868 85.5948234936493,27.9535666298176 85.5948558409063,27.9535396737701 85.5948709231901,27.9535271052002 85.5949262576545,27.9534891615675 85.5949568023333,27.9534764967007 85.5950747055011,27.953394696842 85.5951754814039,27.9532975372278 85.595188701114,27.9532725666642 85.5952108348997,27.9532362040162 85.5952440355783,27.9531919364447 85.5952914651192,27.9531476688732 85.5953230848131,27.9531255350875 85.5953689333693,27.9531049822865 85.5954163629102,27.953097077363 85.5954716973745,27.9530844294854 85.5955333557777,27.9530749435772 85.5955609504486,27.9530657453536 85.5956814866202,27.9529553350111 85.595734140834,27.952878901475 85.5957752464361,27.9528346339035 85.5958100280994,27.9527587466381 85.5958346211947,27.9527183436959 85.5958732674873,27.9526796974033 85.5959064681659,27.9526623065716 85.5959298846373,27.9526409715643 85.5959776124772,27.9525974861991 85.5960155561099,27.9525880002909 85.5960179548453,27.9525874551238 85.5960503377732,27.9525800953674 85.5960794161806,27.9525711481652 85.5960914433753,27.9525674474899 85.596165749656,27.9525453137041 85.5962447988908,27.9525374087807 85.5963175241868,27.9525215989337 85.5963855065287,27.9525026271173 85.596399735391,27.9524963031786 85.5964455839472,27.952467845454 85.5964772036411,27.9524393877295 85.5965056613656,27.952410930005 85.5965341190901,27.9523761483417 85.5965720627228,27.9523445286478 85.5966858936209,27.9522876131987 85.5967522949781,27.9522686413824 85.596815534366,27.9522591554742 85.5968503160293,27.9522591554742 85.5969230413253,27.9522559935048 85.5969356892029,27.9522544125201 85.5969673088968,27.9522306977497 85.5970115764683,27.9521864301782 85.5970400341928,27.9521421626067 85.5970653299479,27.952104218974 85.5970843017643,27.9520631133719 85.5971127594888,27.9519935500453 85.5971348932745,27.9519366345962 85.5971576831628,27.9518875486831 85.5971759988766,27.9518480994533 85.5972044566012,27.9517943459736 85.5972311177522,27.9517619717188 85.5972360762951,27.951724782647 85.5972329143257,27.9516868390143 85.5972329143257,27.9516267615959 85.5972392382645,27.9515571982692 85.5972455622033,27.951490796912 85.5972550481114,27.9514212335854 85.5972645340196,27.9513864519221 85.5972866678053,27.9513421843506 85.5972993156829,27.9513200505649 85.5973182874993,27.9512821069322 85.5973309353768,27.9512599731464 85.5973625550707,27.9512283534525 85.5974036606728,27.9511935717892 85.5974313492042,27.9511621914536 85.5974345537689,27.9511429735896 85.5974447662749,27.9511208464932 85.5974605761219,27.9510670930135 85.597468818392,27.9510464873383 85.597485871877,27.9510038536257 85.5975491112649,27.9509058325746 85.5975712450506,27.9508552410643 85.5976060267139,27.9508078115234 85.5976439703466,27.9507761918295 85.5976850759487,27.950731924258 85.5977051914561,27.9507102614039 85.5977514773059,27.9506813327478 85.5977736110917,27.9506560369926 85.5977989068468,27.9506339032069 85.5978400124489,27.9505991215436 85.5978684701734,27.9505738257884 85.5978906039591,27.9505548539721 85.5979064138061,27.950529558217 85.5979222236531,27.9505011004924 85.5979348715306,27.9504473470128 85.5979380335,27.9504125653495 85.5979475194082,27.9503588118698 85.5979570053164,27.9503145442983 85.5979633292552,27.9502860865738 85.5979854630409,27.9502291711247 85.5980202447042,27.9501880655227 85.5980297306124,27.9501659317369 85.5980234066736,27.9501311500736 85.5980170827348,27.9501026923491 85.598026568643,27.9500679106858 85.5980392165205,27.9500394529612 85.5980455404593,27.9500173191755 85.5980297306124,27.9499762135734 85.5980075968266,27.9499509178183 85.5979949489491,27.9499256220631 85.5979823010715,27.9498876784304 85.5979664912245,27.9498592207059 85.597953843347,27.949843410859 85.5979506813776,27.9498212770732 85.5979570053164,27.9497485517772 85.5979696531939,27.9497042842057 85.5979854630409,27.9496410448179 85.5979832611837,27.94958379653 85.5979664912245,27.9495619955831 85.5979285475918,27.9494829463483 85.5979032518367,27.9494102210523 85.597865308204,27.9493659534808 85.597792582908,27.9493058760624 85.5977678214992,27.9492756121183 85.5977124006813,27.9492437339205 85.5975966320963,27.9491202078758 85.5975838929282,27.949084538205 85.5975649211118,27.9490497565417 85.5975491112649,27.9490149748784 85.5975396253567,27.9489896791232 85.5975174915709,27.9489517354905 85.5975158783212,27.9489504448908 85.5975174915709,27.9489359256436 85.5975111676321,27.9489011439803 85.5974921958158,27.9488442285312 85.5974795479382,27.9487967989903 85.5974637380913,27.9487556933882 85.5974416043055,27.9487082638474 85.5974163085504,27.9486513483983 85.5973657170401,27.9485754611329 85.5973182874993,27.9484900879593 85.5972961537135,27.9484268485715 85.5972613720502,27.948309855704 85.5972487241726,27.9482497782856 85.5972329143257,27.9482055107141 85.5972234284175,27.948164405112 85.5971981326624,27.948107489663 85.5971823228154,27.9480727079996 85.597165255367,27.9480479601995 85.5971665129685,27.9480331833823 85.597174417892,27.9479889158108 85.5971775798614,27.9479383243005 85.5971665129685,27.9478956377137 85.5971601890297,27.9478545321116 85.5971601890297,27.947800778632 85.597158608045,27.9477580920452 85.5971475411521,27.9477154054584 85.597142798198,27.9476980146267 85.5971285693358,27.9476648139481 85.5971194412579,27.9476400377368 85.597123435447,27.9475363681806 85.5971206644123,27.947530430249 85.59710643555,27.947494067601 85.5971034712037,27.9474848451902 85.5970971900681,27.9474653038794 85.5970922066878,27.9474498000295 85.5970906257031,27.9474102754121 85.5970986529153,27.947383274789 85.5971080165347,27.9473517789784 85.5971254073664,27.9473106733763 85.5971333122899,27.9472822156517 85.5971412172133,27.947239529065 85.597142798198,27.9471905185394 85.5971254073664,27.9471494129373 85.5971095975194,27.9471098883199 85.5970969496419,27.9470766876413 85.5970843017643,27.9470608777943 85.5970542630551,27.9470308390851 85.5970258053305,27.9469992193912 85.5970252124556,27.9469985953123 85.5970137697654,27.9468749522919 85.5970068335142,27.9468379589522 85.5970005095754,27.9468031772889 85.5969878616979,27.9467510047939 85.5969799567744,27.946683022452 85.5969831187438,27.9466593076816 85.5970163194224,27.9466134591254 85.5970189643947,27.9466066997517 85.5970305482846,27.9465770964774 85.5970099954836,27.9465043711814 85.5970036715448,27.946485399365 85.597013157453,27.946444293763 85.597013157453,27.9463905402833 85.5970194813918,27.9463083290791 85.5970258053306,27.9462324418137 85.5970542630551,27.9461755263647 85.597070072902,27.9461249348544 85.5970763968408,27.9460585334972 85.5970763968408,27.9460142659257 85.5970605869939,27.9459731603236 85.5970479391163,27.9459352166909 85.5970226433612,27.9458656533643 85.5970194813918,27.9458371956398 85.5970194813918,27.9457929280683 85.5970321292694,27.9457360126192 85.5970321292694,27.9456822591396 85.5970289673,27.9456285056599 85.597013157453,27.9456063718742 85.5970068335142,27.945581076119 85.596967032279,27.9455180574966 85.5969309462488,27.9454609212821 85.5969056504937,27.9454198156801 85.5968898406467,27.9453850340167 85.596867706861,27.9452585552411 85.5968582209528,27.945201639792 85.5968613829222,27.9451605341899 85.5968550589834,27.9450909708633 85.5968266012589,27.9449897878428 85.5967886576262,27.9449297104244 85.5967570379323,27.9449012526998 85.5967190942996,27.9448664710365 85.5966716647587,27.9448474992202 85.5966273971872,27.9448348513426 85.5966084253709,27.9448158795263 85.5965799676463,27.9447779358936 85.5965546718912,27.9447305063527 85.5965515099218,27.9446862387812 85.59656099583,27.9446514571179 85.5965641577994,27.9446103515158 85.596545185983,27.9445597600055 85.5965135662891,27.9444965206177 85.5964925639959,27.9444185121 85.5964538091852,27.9443696875328 85.5964503269013,27.9443637179033 85.5964250311461,27.9443257742705 85.5963902494828,27.9442846686685 85.5963649537277,27.9442435630664 85.5963206861562,27.9441803236785 85.5962036932887,27.9440601688417 85.5961720735948,27.9440190632396 85.5961625876866,27.9439747956681 85.5961531017785,27.9439273661272 85.5961246440539,27.9438704506782 85.5961151581458,27.9438293450761 85.5961056722376,27.9437313240249 85.5961183201151,27.9435226340451 85.59609302436,27.943408803147 85.5960867004212,27.9433613736061 85.5960961863294,27.9433012961877 85.5961025102682,27.9432412187692 85.5961119961763,27.9431115780242 85.5961151581458,27.9430673104527 85.5961151581458,27.942956641524 85.5961214820845,27.9429060500137 85.5961467778397,27.9427289797278 85.5961562637478,27.9426973600339 85.5961720735948,27.942649930493 85.5961783975336,27.9426183107991 85.5961878834418,27.94256139535 85.5961878834418,27.942504479901 85.5961910454112,27.9424349165743 85.5962005313193,27.9423811630947 85.5961973693499,27.9423147617375 85.5961847214724,27.942254684319 85.5961752355642,27.9422135787169 85.5961625876866,27.9421724731148 85.5961625876866,27.9421123956964 85.5962574467684,27.9419131916247 85.5962985523705,27.9418594381451 85.5963301720644,27.9418309804205 85.5963491438807,27.9417993607266 85.5963649537277,27.9417709030021 85.5963934114522,27.9417361213388 85.5964376790237,27.9416760439204 85.5964566508401,27.9416539101346 85.5964605656593,27.9416434706166 85.5964661367482,27.9416286143795 85.5964692987176,27.9416233444306 85.5964819465952,27.9415875087774 85.5965040803809,27.9415084595426 85.5965831296157,27.9413946286445 85.5965957774933,27.9413471991036 85.5965862915851,27.9413029315321 85.5965989394627,27.9412586639607 85.5966198521448,27.9411959259141 85.5966242352178,27.9411827766953 85.5966432070341,27.9411416710932 85.5966811506668,27.941059459889 85.5966987072267,27.9410405528246 85.596799219338,27.940683869517 85.5969741574597,27.9403501241154 85.5970052236237,27.9403271630844 85.5970321292693,27.9402974252656 85.5970732348714,27.9402436717859 85.5971238263817,27.9401835943675 85.5971554460756,27.9401519746736 85.5972123615246,27.9401045451327 85.5972850868206,27.9400507916531 85.5973261924227,27.9400002001428 85.5973568240669,27.9399658927013 85.5974052416575,27.9399116649998 85.5974400233208,27.9398863692447 85.5974779669535,27.9398610734896 85.5975791499741,27.9397978341017 85.5976392273925,27.939759890469 85.5976581992089,27.9397251088057 85.5976866569334,27.9396523835097 85.5977878399539,27.9395290667034 85.5978068117703,27.9394879611013 85.5978321075254,27.939396263989 85.5978605652499,27.9393140527848 85.5979111567602,27.9392444894582 85.5979269666071,27.9391812500704 85.5979301285765,27.9390642572029 85.5979364525153,27.9389820459987 85.5979106737155,27.9388995538392 85.5979048328214,27.9388808629781 85.5978826990357,27.9388049757127 85.5978890229744,27.9387006307228 85.5979111567602,27.9386690110289 85.5979554243317,27.938564666039 85.5979933679644,27.9384982646818 85.5980155017501,27.9384729689266 85.5980407975052,27.938419215447 85.5980755791686,27.9383401662122 85.5980945509849,27.938257955008 85.5981103608319,27.9381789057732 85.5981324946176,27.9381314762323 85.5981672762809,27.9381156663854 85.5982400015769,27.9380998565384 85.5983095649035,27.9381030185078 85.5983854521689,27.9380998565384 85.5984188225539,27.9380871440108 85.5984791023132,27.9380059299171 85.598687794279,27.9378889956989 85.5987492809785,27.9378463275062 85.5987559275659,27.9378362669204 85.5987838603123,27.9378247652013 85.5988344518226,27.9377963074768 85.5988660715165,27.9377678497523 85.5988882053022,27.9377235821808 85.5989166630267,27.9376919624869 85.5989451207513,27.9376635047624 85.5989735784758,27.9376223991603 85.5989957122615,27.9375781315888 85.5989988742309,27.9375243781091 85.5990035786046,27.937496151867 85.5990842961494,27.9373843260972 85.5990974590201,27.9373086954812 85.5990779234657,27.9371966992581 85.5990779234657,27.9371481037515 85.5990810854351,27.9370753784555 85.5991063811902,27.9370342728534 85.5991097745233,27.9370296455811 85.599112705129,27.9370279489146 85.5991759445169,27.9369963292207 85.599258155721,27.9369647095268 85.599330881017,27.9369330898329 85.59941941616,27.9368983081696 85.5994984653948,27.9368540405981 85.5995269231193,27.9367844772715 85.5995617047826,27.9366769703122 85.599564866752,27.9365821112304 85.5996122962929,27.9365283577508 85.5996344300786,27.9364999000262 85.5996786976501,27.9364619563935 85.5996945074971,27.9364145268527 85.5997039934053,27.9363576114036 85.5997071553746,27.936303857924 85.5997134793134,27.9362627523219 85.5997229652216,27.9362121608116 85.5997292891604,27.9361742171789 85.5997292891604,27.9361141397605 85.5997134793134,27.9360761961278 85.5996881835583,27.9360319285563 85.5996786976501,27.9359876609848 85.5996502399256,27.9359465553827 85.5996059723541,27.9359022878112 85.5995522188745,27.9358422103928 85.5995493109179,27.9357782353478 85.5995944673335,27.9356252842352 85.5995836775314,27.93551693937 85.599536052595,27.935429866852 85.5995117110683,27.9352777777698 85.5994909398837,27.9351479966578 85.5994660612124,27.9350611559221 85.5994668457009,27.9350548800142 85.5994636837315,27.9349853166876 85.5994541978233,27.9349094294222 85.5994352260069,27.9348809716977 85.599403606313,27.9348240562487 85.5993719866191,27.934786112616 85.5993530148028,27.9347450070139 85.5993656626803,27.9346406620239 85.5993814725273,27.9345236691565 85.5993814725273,27.9344477818911 85.5993909584355,27.9342960073603 85.5994099302518,27.9342106341867 85.5994225781294,27.9341347469213 85.5994004443436,27.9340145920844 85.5993972823743,27.9339260569414 85.5993751485885,27.9337300148392 85.5993817699165,27.9337134615192 85.5994067682824,27.9336509656044 85.599435226007,27.9335687544002 85.5994541978233,27.933502353043 85.5994700076703,27.9334043319918 85.5994668457009,27.9332905010937 85.5995047893336,27.9331355645935 85.5995142752417,27.9330786491445 85.5995348948831,27.9330433011878 85.5995364090275,27.9330407055118 85.599564866752,27.9329237126443 85.5995711906908,27.9328636352258 85.5995775146296,27.9326865649399 85.5995776738653,27.9326845744929 85.5995838385683,27.9326075157051 85.5995901625071,27.9325474382867 85.5996186202317,27.9324778749601 85.5996692117419,27.9324051496641 85.5997387750685,27.9323545581538 85.5998083383952,27.9323197764905 85.599855767936,27.932275508919 85.5998641974816,27.9322705278239 85.5999063537503,27.9322298725034 85.6000528526002,27.9322097150401 85.6001634938398,27.9321350752875 85.6002777778152,27.9320958162051 85.600408309075,27.9320509758199 85.6005793169897,27.9320202433911 85.6008010164758,27.9318384965889 85.6008885415908,27.931666209637 85.6008909114403,27.9314822338595 85.6008628551873,27.9314396053689 85.6008628551873,27.9314249391526 85.6007950762162,27.9313682880723 85.6006899861581,27.9312804516059 85.6004391512888,27.9310707985808 85.6002494331253,27.9309696155602 85.6000913346557,27.9308937282948 85.5999775398889,27.9308460079088 85.5998952925534,27.9308115170907 85.599762489839,27.9307293058865 85.5996233631858,27.930596503172 85.5994462928998,27.9304637004576 85.5992628986751,27.9303751653146 85.5991300959607,27.930305601988 85.599116224095,27.9302949940907 85.5990795044504,27.9302803062329 85.5989909693074,27.9302360386614 85.5989656735523,27.9301727992736 85.5989656735523,27.9300905880694 85.5989656735523,27.9300399965591 85.5989467017359,27.9300020529264 85.5989237123966,27.9299675689174 85.5988888889263,27.929948043625 85.5988272563618,27.9299134866486 85.5987423821219,27.9298801524201 85.5986217915029,27.9297815135495 85.5985507776348,27.9296184380512 85.5985525927455,27.9294777507915 85.5986111111485,27.9293471049236 85.59861533113,27.9293376835603 85.5986901143797,27.9292085623868 85.5987409469944,27.9290467268875 85.5986248248606,27.9286017808875 85.5986151532937,27.9284068591082 85.5986431521935,27.928125732523 85.5985015453876,27.927767115218 85.5984666674045,27.9276368779984 85.5984442531947,27.9274851205832 85.59836091688,27.9273327430871 85.5982777204288,27.9271695434464 85.59813360225,27.9270057235905 85.5980383616589,27.9268315776837 85.5980107414379,27.9263627737007 85.5980170827348,27.926308872677 85.5980234066736,27.9261128305747 85.5979664912245,27.9259357602888 85.5979095757755,27.9258345772682 85.5978020688162,27.9256575069823 85.597542787326,27.9254804366964 85.597485871877,27.9254361691249 85.5973277734074,27.9253349861043 85.597194970693,27.9252654227777 85.5970811397949,27.9251515918796 85.5970305482846,27.925082028553 85.5969926046519,27.9250124652264 85.5969420131416,27.9249681976549 85.5969020858752,27.924956219475 85.5969009630127,27.9249558826162 85.5966194922637,27.9248986343283 85.5964993374268,27.9248796625119 85.5964424219778,27.9248733385732 85.5963602107736,27.9248417188792 85.5962969713857,27.9247721555526 85.596259027753,27.9247215640424 85.5962210841203,27.9246646485933 85.5961515207937,27.9245887613279 85.5961072532222,27.9245444937564 85.5960376898956,27.9244559586135 85.5960123941405,27.9243674234705 85.5960123941405,27.9242788883275 85.5959870983854,27.9242219728785 85.5959491547527,27.9241840292458 85.595879591426,27.9241334377355 85.5958037041606,27.924089170164 85.5956709014462,27.9240069589598 85.5955760423645,27.9239500435108 85.5954558875276,27.9238425365515 85.5954060168161,27.9237727175554 85.5952163161414,27.9236098814875 85.5949516269397,27.9233474168924 85.59456355984,27.9232027514877 85.5944444444819,27.9231135613814 85.5943583927807,27.9230491283771 85.5942375335888,27.9229721301676 85.5940679389247,27.9228946343475 85.5939232724938,27.922774098769 85.593870838503,27.9226836270884 85.5935334101375,27.9225398051621 85.593400607423,27.9224196503252 85.5933183962188,27.9222868476108 85.5932488328922,27.9221413970188 85.5932108892595,27.9220402139982 85.5931539738105,27.9218821155287 85.5931364775798,27.9217946343755 85.5930907344226,27.9217429888754 85.5928128735935,27.9215910337345 85.5926860023405,27.921521651018 85.5926290868914,27.9214457637526 85.5925911432587,27.9213572286097 85.5925721714424,27.9212939892218 85.592553199626,27.9211928062013 85.5925494988867,27.9211520980689 85.5925468756873,27.9211232428747 85.5925468756873,27.9210410316705 85.5925468756873,27.9209777922827 85.5925279038709,27.9208639613846 85.5925152559933,27.9207943980579 85.5925279038709,27.9206615953435 85.5925595235648,27.9205034968739 85.5925784953812,27.9204339335473 85.5925784953812,27.9203074547716 85.5925784953812,27.9202631872001 85.592554761782,27.9202236312016 85.592545545594,27.9200108533001 85.592500520293,27.919903188765 85.5925000000374,27.9199029510211 85.5922559435783,27.9197914232739 85.5917946514528,27.9196568254904 85.591456037355,27.9194585397461 85.5911913672234,27.9191960684706 85.591168755475,27.9191703607403 85.591139799308,27.9191280401885 85.5910892077977,27.9190521529231 85.5910038346241,27.9189604558108 85.5909658909914,27.9188940544536 85.5909342712975,27.9188150052188 85.5909328736987,27.9188106127652 85.5909154643161,27.9187558975628 85.5909121375118,27.9187454418922 85.5908994896342,27.9186695546268 85.5908931656954,27.9185873434226 85.5908931656954,27.9185493997899 85.5908994896342,27.9185051322184 85.590905813573,27.9184640266163 85.5909184614506,27.9183976252591 85.5909184614506,27.9183691675346 85.5909184614506,27.9183691675346 85.5909437572057,27.9182996042079 85.5909690529608,27.918211069065 85.5909817008384,27.9181604775547 85.5910006726547,27.9180719424117 85.5910133205323,27.9179264918197 85.5910322923487,27.9178442806155 85.5910259684099,27.9177557454726 85.5910259684099,27.9176735342684 85.5910069965935,27.9175154357988 85.5910006726547,27.9173383655129 85.5910259684099,27.9172308585536 85.5910639120426,27.9171486473494 85.5910722212132,27.9171292592846 85.5910984341993,27.9169654737097 85.5911198364203,27.916802874215 85.5911650950631,27.9166806758794 85.5911777429407,27.9165668449813 85.5911840668794,27.9164024225729 85.5911714190019,27.9162696198585 85.5909880247772,27.9160862256338 85.5908109544912,27.9159407750418 85.5903303351437,27.9156625217353 85.590235476062,27.9155992823475 85.5900647297148,27.9154917753882 85.5898939833677,27.9153969163064 85.589710589143,27.9153589726737 85.5894386597753,27.9153336769186 85.5892251434994,27.915258318233 85.5889551104153,27.9149953014053 85.5884456732268,27.9148169057096 85.5884312258474,27.9148078001562 85.5879715059775,27.9144420015501 85.5877501681201,27.9142775791418 85.5876110414669,27.91418272006 85.5873833796707,27.9139930018965 85.5872189572623,27.9138349034269 85.5870671827315,27.9137400443452 85.5868901124456,27.9136325373859 85.5867889294251,27.913569297998 85.5866118591392,27.9134870867939 85.5864284649144,27.9133922277121 85.5864016229874,27.9133748594064 85.5862245579429,27.9132138948938 85.5860623482002,27.913002901123 85.5860490285874,27.9129938195688 85.5859099019342,27.9128673407931 85.585895621456,27.912849165639 85.5857893169408,27.9127138689833 85.585770775281,27.9126902705072 85.5856948880156,27.9125384959764 85.5856316486277,27.9123993693231 85.5855684092399,27.9122602426699 85.5855582517428,27.9121857543575 85.5855304656072,27.9119819893634 85.5855178177296,27.9117543275672 85.5855178177296,27.9114887221383 85.5854419304642,27.911235764587 85.5849866068718,27.9107424973619 85.5849360153616,27.910476891933 85.5848221844635,27.910185990749 85.584834832341,27.9099836247079 85.5848474802186,27.9097686107893 85.584834832341,27.9096547798912 85.5846577620551,27.9093512308296 85.5844680438916,27.9090223860129 85.5843542129935,27.9087441327064 85.5842656778505,27.9083646963794 85.5843036214832,27.908200273971 85.5843921566262,27.9080737951954 85.5845312832794,27.9079346685421 85.5846577620551,27.9077828940113 85.584834832341,27.9074793449497 85.5848980717289,27.9072263873984 85.5850245505045,27.9067963595611 85.5851510292802,27.9064422189893 85.5851130856475,27.9057971772334 85.5850877898924,27.9054809802942 85.5850498462597,27.9052406706204 85.584834832341,27.9049371215588 85.5843415651159,27.9045070937216 85.5841391990749,27.9043426713132 85.5839747766665,27.9042288404151 85.5838356500133,27.9040138264965 85.5837471148703,27.903824108333 85.58369652336,27.9036217422919 85.5836838754825,27.9035205592714 85.5833676785433,27.9032043623322 85.5830767773593,27.903153770822 85.5818183135414,27.9029514047809 85.5815527081125,27.9025719684539 85.5815227880862,27.9025325999982 85.5814325532756,27.9024138699843 85.5813566660102,27.9022937151474 85.5813166651017,27.9022297136937 85.5811985675406,27.9020407575961 85.5810657648262,27.9019142788204 85.5810494554093,27.9019000080807 85.5809780134462,27.9018374963629 85.580866836512,27.9017508303593 85.5808198684676,27.9017335759337 85.5808064833361,27.9017055888406 85.5806989763768,27.901458955228 85.580515582152,27.901313504636 85.5802626246007,27.901022603452 85.5800855543148,27.9007380262068 85.5798073010083,27.9003712377573 85.579611258906,27.900263730798 85.579465808314,27.9001435759611 85.5793899210486,27.9000550408182 85.5793444977698,27.8999017372521 85.5793393295383,27.899884294471 85.5793450925918,27.8998561995854 85.5793899210486,27.8996376608585 85.5794025689262,27.8992961681642 85.5793583013547,27.8986953939798 85.5793583013547,27.8985878870204 85.5793266816608,27.8984361124896 85.5792444704566,27.8982084506934 85.5792002028851,27.8980946197953 85.5791496113748,27.8979618170809 85.579086371987,27.8978606340604 85.5790357804768,27.8977910707337 85.5788966538235,27.8976266483254 85.5788270904969,27.8975254653048 85.5784666259862,27.897228240182 85.5783717669045,27.89708278959 85.5782326402513,27.8969689586919 85.5781630769246,27.8969436629368 85.5780618939041,27.8968740996102 85.5779164433121,27.8968108602223 85.5777474005322,27.896754512629 85.5775609343523,27.8965471645345 85.5775130599975,27.8964817292994 85.5774869294342,27.8964579678376 85.5774864154748,27.8964567196505 85.577423176087,27.8963365648136 85.5773852324543,27.8962543536094 85.5773662606379,27.8960203678744 85.5772966973113,27.8959191848539 85.5772271339847,27.8958243257721 85.5769805003722,27.8956851991189 85.5769109370456,27.8956282836699 85.5767907822087,27.8955713682208 85.5766200358615,27.8954575373227 85.5765567964737,27.895362678241 85.5764872331471,27.8951982558326 85.576443637484,27.8950620193856 85.5764366416368,27.895040157363 85.5764366416368,27.8949406537353 85.5764366416368,27.8949200025261 85.576430317698,27.8947619040566 85.5764281110498,27.8946890846655 85.5764239937592,27.8945532140767 85.5763670783102,27.8943571719744 85.5762738745639,27.8940775607356 85.5761773601467,27.8937880174839 85.575816895636,27.8933516657079 85.5756162532301,27.893151023302 85.5755587212264,27.8930934912982 85.5754661343638,27.8930009044356 85.5754058396151,27.892940609687 85.5747544739204,27.8922702721759 85.5745457839406,27.8920805540124 85.574387685471,27.8919414273592 85.5742042912463,27.8917580331345 85.5741284039809,27.8916378782976 85.5740714885319,27.8914734558892 85.5740588406543,27.8910813716847 85.5740461927767,27.8910307801744 85.5740398688379,27.8909169492763 85.5740841364094,27.8907714986843 85.574152493171,27.8903298088402 85.5741663476136,27.8902402878265 85.5741347279197,27.890107485112 85.5741410518585,27.88996203452 85.5741284039809,27.889816583928 85.5739766294501,27.8896395136421 85.5739197140011,27.8895509784991 85.5738248549193,27.8894561194174 85.5736857282661,27.8893359645805 85.5735845452455,27.8892790491314 85.5735565264739,27.889252505032 85.5734643904087,27.8891652182333 85.5734011510208,27.8891146267231 85.5733442355718,27.8890387394577 85.5732620243676,27.8889502043147 85.57321304748,27.8888907323798 85.5731798131634,27.8888679931105 85.5731102498368,27.8887857819063 85.5730992624956,27.8887235203062 85.5730912780204,27.888678274947 85.5730533343877,27.8885012046611 85.573015390755,27.888387373763 85.5729711231836,27.8882608949873 85.5729395034896,27.8881597119668 85.5728319965303,27.8880016134972 85.5727497853261,27.8879699938033 85.572579038979,27.8878941065379 85.5725263765049,27.8878819536593 85.5724968277748,27.8878751347215 85.5723956447543,27.8878498389664 85.5722438702235,27.8878308671501 85.5719909126721,27.8877549798847 85.5714786736307,27.8875146702109 85.5713901384877,27.8874893744558 85.571295279406,27.8874261350679 85.5712257160794,27.8873439238637 85.5711751245691,27.8872680365983 85.5711371809364,27.887160529639 85.5711182091201,27.8870466987409 85.5709980542832,27.8869075720877 85.5709411388341,27.8868569805774 85.5708968712626,27.8868316848223 85.5705680264459,27.8868000651284 85.5703150688946,27.8867305018018 85.5701379986087,27.8866166709037 85.5698407734859,27.8864522484953 85.5695245765467,27.8862309106379 85.5694613371588,27.8860917839847 85.5694423653425,27.8859842770253 85.5694550132201,27.8858577982497 85.5695245765467,27.8856617561474 85.5695498723018,27.8854340943512 85.5695498723018,27.8850040665139 85.5695372244242,27.8848396441056 85.5695605692001,27.8846061963473 85.5695625201794,27.8845866865542 85.5695878159345,27.8842957853702 85.5696510553223,27.8840934193291 85.5696832643374,27.8839806877766 85.5696974146533,27.8839311616707 85.5697016468326,27.8839163490432 85.5697020718665,27.8839135154836 85.5697164549124,27.8838176285109 85.569777534098,27.8834104339405 85.569777534098,27.8832966030424 85.569777534098,27.8830436454911 85.569777534098,27.8829045188379 85.5696981047611,27.8823087988109 85.5696763510775,27.8821456461839 85.5696637031999,27.8820191674082 85.5696637031999,27.8819949749678 85.5696637031999,27.8818926886326 85.5696763510775,27.8817851816732 85.5696826750163,27.8816650268364 85.5697016468326,27.8815385480607 85.5697016468326,27.8811148441622 85.5697142947102,27.8810389568968 85.5697522383429,27.8809061541824 85.5697585622817,27.8808112951006 85.5697395904653,27.8807543796516 85.569720618649,27.8806911402637 85.5696573792611,27.8806152529983 85.5696228001554,27.8805806738926 85.5695735063938,27.8804673508512 85.569551985816,27.8803437297298 85.5695814919957,27.8802611124265 85.5696257595672,27.8801219857732 85.5696763510775,27.87998285912 85.569720618649,27.879925943671 85.5698281256083,27.8798057888341 85.5698534213634,27.8797425494462 85.5699166607512,27.8796476903645 85.5699862240779,27.8795085637113 85.570011519833,27.8794137046295 85.5700178437718,27.8793188455478 85.5699925480166,27.8791986907109 85.5699609283227,27.879078535874 85.5699925480166,27.8789836767922 85.5700241677106,27.8788571980166 85.5700494634657,27.8787496910573 85.570068435282,27.8785915925877 85.5700557874045,27.878465113812 85.5700465214453,27.8784249613224 85.5700641733847,27.8783510318946 85.569993375184,27.87817712127 85.5699332455649,27.878108710443 85.5699356325676,27.8780920014238 85.5699293086288,27.8780603817299 85.5699206178895,27.8780082372939 85.5699103368125,27.8779465508318 85.5699166607512,27.8778453678113 85.5698850410573,27.8777884523622 85.5698218016695,27.8777188890356 85.569720618649,27.8776366778314 85.5696384074448,27.8775544666272 85.5696004638121,27.8775101990557 85.5695688441182,27.877415339974 85.569543548363,27.8773078330147 85.5695309004855,27.8772509175656 85.5694550132201,27.8771117909124 85.5694503464088,27.8770721230167 85.5694235842911,27.8770455641468 85.5694000802718,27.8769803791499 85.5694012179665,27.876893802807 85.56942728173,27.8767641910279 85.5694768494111,27.8766997642285 85.5695762689786,27.8765492664795 85.5695633507197,27.8764881690568 85.5695814919957,27.8764035097687 85.5696131116896,27.8763086506869 85.5696215619494,27.8762959752973 85.5696510553224,27.8762517352379 85.5696763510775,27.8761758479725 85.5697142947102,27.8760746649519 85.5697459144041,27.8760367213192 85.5697982489477,27.8760081752045 85.5698154777307,27.8759987776865 85.5699103368125,27.8759292143599 85.5700241677106,27.8758596510333 85.5701127028535,27.8758027355842 85.5702138858741,27.875752144074 85.5703087449558,27.8756699328698 85.5703593364661,27.8755497780329 85.5703846322212,27.8754738907675 85.5704225758539,27.8753790316858 85.5704731673642,27.8752904965428 85.5706881812828,27.8751260741344 85.5707640685482,27.8750185671751 85.5707956882421,27.8749616517261 85.5708146600585,27.8748604687055 85.570827307936,27.8747909053789 85.57085892763,27.874670750542 85.5708778994463,27.874613835093 85.5708690670572,27.8745542164668 85.5708526036912,27.8744430887458 85.5708178220279,27.8743988211744 85.5707862023339,27.874322933909 85.5707514206706,27.8742059410415 85.5706850193134,27.8740257087862 85.5706502376501,27.8739340116738 85.5706122940174,27.8738486385002 85.5705680264459,27.87379804699 85.5705438917273,27.8737497775527 85.5705300828132,27.8737221597246 85.5704731673642,27.8735893570101 85.5704605194866,27.8734976598977 85.5704605194866,27.8734280965711 85.570447871609,27.8733680191527 85.5704194138845,27.8732858079485 85.5704162906706,27.8732735233072 85.5703719843436,27.8730992517544 85.5703688223742,27.8730202025196 85.5703561744967,27.872877913897 85.5703593364661,27.8727545970907 85.5703814702518,27.8726660619477 85.5704099279763,27.8726154704375 85.5705553785684,27.8725016395394 85.5706325617389,27.8724288668357 85.5706541120381,27.8723825641062 85.5707042451142,27.8722748484994 85.5707073702907,27.8720367632553 85.5707099272248,27.871841966231 85.5707374084225,27.8716041334345 85.5707359927113,27.8716012113964 85.5707387727931,27.8715720205382 85.5707419347625,27.8714992952422 85.5707387727931,27.8714234079768 85.5707672305176,27.8712431757215 85.5707419347625,27.871141992701 85.5707071530991,27.8710629434662 85.5706628855277,27.870996542109 85.5706028081092,27.8709301407517 85.5705300828132,27.8708732253027 85.5704921391805,27.8708479295475 85.5704352237315,27.8708005000067 85.5703941181294,27.8707499084964 85.5703624984355,27.8707024789555 85.5703372026803,27.8706613733534 85.5703119069252,27.8706424015371 85.5702794201475,27.8706217281331 85.5702423435986,27.8705981339656 85.5701822661801,27.8705760001799 85.5701285127005,27.870544380486 85.5700905690678,27.8705190847308 85.5700083578636,27.8704716551899 85.5699871975018,27.8704553040013 85.5699463154127,27.8704464723188 85.5698283647839,27.87033917852 85.5697418469451,27.870260477287 85.5697079707714,27.8702028877917 85.5697069722547,27.8702014688469 85.5696953228938,27.8701965638529 85.5695941398733,27.8701143526487 85.5694992807915,27.8700321414445 85.5693854498934,27.8699689020567 85.5693348583832,27.8699372823628 85.5692716189953,27.8698677190361 85.5692083796075,27.8697791838932 85.5691894077912,27.8697032966278 85.5691894077912,27.8695641699745 85.5691704359748,27.8694503390764 85.5691388162809,27.8693681278723 85.5691198444646,27.8692922406069 85.5691160049303,27.8692672836342 85.569107196587,27.8692100294027 85.5691008726482,27.8690898745658 85.5690313093216,27.8689886915453 85.5689427741786,27.8689001564023 85.5689238023623,27.8688622127696 85.5688876409825,27.8687537286303 85.5688267553475,27.8687052573003 85.5688293152854,27.8685104603422 85.5688298841571,27.8684671721285 85.568734738312,27.8682930081564 85.5687140808993,27.8680113819788 85.5687656358496,27.8677954464666 85.5687192010027,27.8676217880368 85.5686251938673,27.8673610475686 85.5686042523379,27.8671010654639 85.5684363273846,27.8669044987861 85.5684142483573,27.8667310930904 85.5682958877133,27.8664700995901 85.5682001752646,27.8663392235129 85.5679583339097,27.8662068300109 85.5678379826664,27.8660973448984 85.5676689220597,27.8659873537842 85.5675000000374,27.865782241239 85.5674531449888,27.8657253477792 85.5673336488783,27.8655509299518 85.5672628624646,27.8653770180851 85.5672657095462,27.865160577064 85.5672187086125,27.865030206401 85.5671725619496,27.8648349034163 85.567272542413,27.8646411185846 85.5673722378307,27.8644689777676 85.5673662062966,27.8644444444364 85.5673028754175,27.8641868453898 85.567427778678,27.8639500251842 85.5674784799105,27.8637990223799 85.5674558335107,27.8636689047536 85.5674088329057,27.8635385341436 85.5675088116574,27.8633447490452 85.5675606509533,27.8631071697373 85.5675382891856,27.8629554080016 85.5675884205097,27.8628476933382 85.5675649202675,27.8627825080538 85.5675909820291,27.8626528963204 85.5675689048966,27.8624794904682 85.5674737658889,27.8623053257498 85.5673780578793,27.8621744491989 85.5672585655198,27.8620000313693 85.5672222222596,27.8618817673108 85.5672118504576,27.8618480165849 85.5670433663326,27.861694736685 85.5669479440827,27.8615422157526 85.5669765686692,27.8612178071237 85.5669052158659,27.8610871833181 85.566833578486,27.8609782035912 85.5667622260011,27.8608475797195 85.5667642192768,27.8606960709393 85.5667905661132,27.8605448152238 85.566817197605,27.8603719153841 85.5667466997538,27.8601763591692 85.5667484082469,27.8600464944888 85.5667486929946,27.8600248503752 85.566725193791,27.8599596649633 85.5666779107038,27.8598509382423 85.5666311972413,27.85969892328 85.5666334753673,27.8595257703691 85.5667354446389,27.859180476826 85.5666405943803,27.8589846674934 85.5665950203384,27.8587460760514 85.5666460046978,27.8585734292784 85.5666732052734,27.858357241173 85.5666273466081,27.8581402938464 85.5666052715921,27.8579668878215 85.5666565402513,27.8577725968917 85.5666831710686,27.8575996969932 85.5666364584156,27.8574476820204 85.5666169461312,27.8570794788926 85.5666687837284,27.8568418996722 85.5666220713706,27.8566898846912 85.5665988576052,27.856603055134 85.5666495560707,27.8564520523937 85.5666991155342,27.8563876261255 85.5667503831511,27.8561933350836 85.5667036709134,27.8560413201226 85.5666343145826,27.8557591873397 85.5666136634614,27.8554775606431 85.5666150870563,27.8553693400089 85.5666420018816,27.8551747959127 85.5665950054483,27.8550444250431 85.5665236568056,27.8549138010951 85.5665253651852,27.8547839363284 85.5665517105326,27.8546326804919 85.5665304902554,27.854394342013 85.566680019764,27.8541361307277 85.5668773987713,27.8539433576455 85.5669530167762,27.8537493193987 85.5671512483547,27.8534916134574 85.5672257272374,27.853384151575 85.5673494789799,27.8532339071868 85.5674262337189,27.8529532920435 85.5676485300231,27.8527174822938 85.5678467580107,27.8524597751838 85.5678031744681,27.8520696748864 85.5678048811182,27.8519398099933 85.567808578821,27.8516584360495 85.5679578169002,27.8514218671779 85.568058066936,27.8512064367461 85.5680620482482,27.8509034185866 85.5681857958934,27.8507531732472 85.5682597031122,27.8506889989714 85.5684083702012,27.850495717812 85.5684842671219,27.85028003428 85.5686068764135,27.8502163651494 85.568900228699,27.8501328200956 85.5689993388784,27.8500039654923 85.5691964219685,27.8498328327149 85.569251773377,27.8498108183884 85.5692706120914,27.849747013674 85.5694444444819,27.8495359518789 85.5695181010279,27.8494465204283 85.5695177044567,27.8494444444364 85.5694725236418,27.8492079295313 85.5694980109993,27.8491216053324 85.5696953757077,27.8489288275561 85.5697222222596,27.8489016364786 85.5697348083385,27.8488888888809 85.5698434697785,27.8487788329734 85.5698709446649,27.8485409994326 85.5699703361609,27.8483904998255 85.5700000000374,27.8483673205641 85.570043495524,27.8483333333253 85.5700934531523,27.8482942965891 85.5701379986086,27.8481829329483 85.5702265337516,27.8480817499277 85.5703150688946,27.8479552711521 85.5704162519151,27.8478161444988 85.5704541955478,27.8477023136007 85.5705174349356,27.8475631869475 85.570593322201,27.8472343421308 85.570624941895,27.8471837506205 85.5706945052216,27.8469750606407 85.5707830403645,27.8468612297426 85.5708842233851,27.8466525397627 85.5709284909566,27.8465703285585 85.570972758528,27.8464564976604 85.571149828814,27.8460833852722 85.5712320400182,27.8460201458844 85.5713711666714,27.845944258619 85.5714828583856,27.8458772435905 85.5715631144858,27.8457876967129 85.5717109180177,27.8456593440094 85.5718094535124,27.8455737754439 85.5718305313386,27.8454689082837 85.5718454620801,27.8454509913939 85.5718816487283,27.845410784007 85.5719023775292,27.8453877520061 85.571965616917,27.8452928929243 85.5720162084273,27.8451727380874 85.5720667999376,27.8450083156791 85.5721490111417,27.8448249214543 85.5722122505296,27.8447490341889 85.5723260814277,27.8446225554133 85.5724272644482,27.8445782878418 85.5724369050184,27.844574672628 85.5724778559585,27.8445593160254 85.5725410953463,27.844515048454 85.5726802219995,27.8444075414946 85.5727181656323,27.8443695978619 85.5727877289589,27.844281062719 85.5728193486528,27.8442051754536 85.572869940163,27.8440344291064 85.5729268556121,27.8439395700247 85.5729711231836,27.8438510348817 85.5729964189387,27.8437624997387 85.5729837710611,27.8435601336977 85.5729521513672,27.8434652746159 85.5729205316733,27.8433893873505 85.572901559857,27.8432818803912 85.572869940163,27.8431743734319 85.5728446444079,27.8430731904114 85.5728383204691,27.8430289228399 85.5728383204691,27.8428927484326 85.5728927837672,27.8428141495478 85.5729193999693,27.8426412475767 85.5728422464271,27.842499999992 85.5728242680602,27.8424670863911 85.5729729153813,27.8422737993687 85.5729502656379,27.8421436821735 85.5729035497493,27.8419916689144 85.5729060995205,27.8417968708548 85.5728834499297,27.8416667536465 85.5729538612516,27.8415751965353 85.5728859997018,27.8414719555794 85.5728874162309,27.8413637344285 85.572889682661,27.8411905805834 85.5727710526505,27.8409512348529 85.5727979517661,27.8407566886189 85.5729480130716,27.8404551803253 85.5729760448042,27.8401740570878 85.5731725369492,27.8400462059715 85.5733211801666,27.8398529183621 85.5733333333707,27.839835378696 85.5733956431668,27.839745452368 85.5734500046083,27.8393130709871 85.5735992125603,27.839076494515 85.5737475705347,27.8389048505884 85.5737291669536,27.8384500697468 85.5736111111485,27.8383157177447 85.5735372086474,27.838231613884 85.5734650121149,27.8381659260566 85.5734185801029,27.8379922686778 85.5734205622103,27.8378407589545 85.5734231106113,27.8376459607336 85.5735230529435,27.8374521692867 85.5736111111485,27.8373910257516 85.5736459278258,27.837366850665 85.5736960402518,27.8372591327308 85.5737069351756,27.8372222222142 85.573772482548,27.8370001566504 85.5739446195513,27.8368720524899 85.5741666667041,27.8367372726502 85.5741900841597,27.836723058548 85.5742104132081,27.8366666666587 85.5742911561044,27.8364426894024 85.5746345780393,27.8362514122131 85.5747222222596,27.8361374370162 85.5747424662618,27.8361111111031 85.5748327581979,27.8359936927365 85.5749578930376,27.8357352186932 85.5752534637259,27.8354785041634 85.5754015312828,27.8353285023652 85.5755014678474,27.8351347092121 85.575555555593,27.8350769158294 85.5758225141343,27.8347916675356 85.5759708625725,27.8346200207678 85.5760968407853,27.8342966126354 85.5763187964996,27.8340824304651 85.576564816575,27.8338901433097 85.5766896622753,27.8336533116672 85.5768136601205,27.8334814127604 85.5768881151196,27.8333739444953 85.5770373070515,27.8331373635279 85.5771378032945,27.8329002803538 85.577191015893,27.8325544735989 85.5771697742959,27.8323161353117 85.5771471210205,27.8321860185142 85.5771241854387,27.8320775460122 85.577076902594,27.8319688224944 85.577030749315,27.8317735217647 85.5768634249102,27.8315336772337 85.5768668136715,27.8312739456442 85.5767957490919,27.8311216823948 85.5766063499127,27.8310807641646 85.5765774724509,27.8310544898186 85.5765055610237,27.8309671593275 85.5761663971955,27.8308337776499 85.5759478389859,27.8307882284036 85.5754858108332,27.8307401661866 85.5753646411471,27.8306956211358 85.5747820100117,27.8305597228746 85.5744660652208,27.83051316566 85.5740037561612,27.8304867428222 85.5737857656969,27.8303979016614 85.5731550108919,27.8302182049498 85.5725953161648,27.8301907706519 85.5722555933516,27.830100668136 85.5718428307019,27.8300098090597 85.5713066339735,27.830047554261 85.5708698092274,27.8299347960453 85.5705046075066,27.8299310141828 85.5703839777214,27.8299653777886 85.5703585268381,27.8299295011674 85.5701350970063,27.8298272765419 85.5698489472103,27.8297943389708 85.5694840299645,27.8297689101907 85.5689461303455,27.8299365116156 85.5686539692045,27.8299334821316 85.5680470050742,27.829797303398 85.5677044458105,27.8299236320404 85.5674598413698,27.8300076821834 85.5670700088681,27.8300252827415 85.5666804606935,27.8300212379864 85.5663378992916,27.8301475631466 85.5661179247159,27.8302102195398 85.5659701366873,27.8303385670664 85.5657982860436,27.8304450172332 85.5655785952155,27.8304860285342 85.5651664070417,27.8303518612597 85.5649741952041,27.8301550386001 85.5648776624055,27.8300890934624 85.56453652305,27.8301071931279 85.5643403246904,27.8302133882302 85.5641936742455,27.8302551570437 85.5639496365304,27.8302959124694 85.5636789718496,27.8305095675145 85.5635317507171,27.8305946239499 85.5632146714684,27.8306346178409 85.5628225552088,27.8308253596401 85.562675903425,27.8308671267842 85.5623593936954,27.8308638303387 85.5621399862947,27.8308831919206 85.5619933342051,27.8309249583261 85.5617487235603,27.8310089980838 85.5616252764375,27.8311375944172 85.5613792377185,27.8313298542554 85.5611836052572,27.831392756351 85.5609636255643,27.8314554043106 85.5604065008667,27.8312331231526 85.5602621332301,27.8311017345316 85.5599479091442,27.8309252794068 85.5596568897283,27.83083565423 85.5594884625373,27.8306823666311 85.5589780370087,27.830612097075 85.5584432654393,27.8305415713684 85.5582252887111,27.8304527060966 85.5577160100192,27.8302958554534 85.5574023650741,27.8300761065158 85.5572339423057,27.829922816312 85.5570649473995,27.8298128141498 85.5566533461867,27.8296353336946 85.556484925166,27.8294820426324 85.5563417104403,27.8292640736978 85.5560756181626,27.8291314076524 85.5556628749242,27.8290405008083 85.5553727243089,27.8288859345841 85.5549831822081,27.8288818569751 85.5545463814099,27.8287690478757 85.5542805795044,27.8286147343936 85.5537469693674,27.8284576145915 85.5534339119745,27.8281945689039 85.553122291418,27.8278233021305 85.5529779372392,27.8276919063269 85.5527115659659,27.8275808781466 85.5522017349066,27.8274672960503 85.5517915875751,27.8271815812945 85.551597969297,27.8270929614006 85.551163191679,27.8268286334786 85.5509223202843,27.8266312812476 85.5507289912493,27.826521016125 85.5504400049657,27.8262798637348 85.5501011780126,27.8261247755898 85.5497153870059,27.8258393107268 85.5493782891857,27.8255543565495 85.5488939685972,27.825354442321 85.5485096232636,27.8249607540289 85.5481470339222,27.8247621172278 85.5477580839705,27.8247147317011 85.5472729057266,27.8245797441335 85.5471008513239,27.8244444444364 85.5467427858846,27.8241628698606 85.5464517964318,27.8240732178431 85.5461358854867,27.8240265968868 85.5458644031708,27.8240581639384 85.5456263673799,27.8238913473048 85.5453597248127,27.8238019495335 85.5448977444746,27.8237537864794 85.5448255750775,27.823688084546 85.5447055816235,27.8235569372286 85.5444395181663,27.8234242497037 85.5441224549885,27.8234642002891 85.5436610545922,27.8233727451507 85.5436111111485,27.8233530886333 85.5435609166969,27.8233333333253 85.543321957958,27.8232392850125 85.5428849042727,27.8231480842286 85.5427176692622,27.8229082013371 85.5425263792161,27.8226464172368 85.542089907044,27.8225119260512 85.5418499296806,27.8222496268691 85.5415119960883,27.8220295865127 85.5411723277101,27.8219394093046 85.5410265490236,27.8219162216706 85.5407083315641,27.8220427404769 85.5403414239487,27.8221687437075 85.5400003082652,27.822186783522 85.5398290263163,27.8222499130474 85.5395365998264,27.8222684666965 85.5392679385154,27.8223305652619 85.5389247935794,27.8225001101514 85.5387027919634,27.8227142306364 85.5386222613183,27.8227777777698 85.5386111111485,27.8227865764243 85.5384320997297,27.8229278352269 85.538357905386,27.8230136377792 85.5382748210602,27.8230555555475 85.5380637367866,27.8231620519487 85.5379411421385,27.8232256946537 85.5377777778152,27.8233157069977 85.5377457876131,27.8233333333253 85.5376713173915,27.8233743657801 85.5374032326956,27.8233931726657 85.5372222222596,27.8234282951836 85.5370858776209,27.8234547509345 85.5369632821069,27.8235183927339 85.5366462167449,27.8235583260272 85.5365356428102,27.8235938595843 85.5364001538726,27.8237505405088 85.5362503089786,27.8240303628696 85.5360752469276,27.8243748586433 85.5358529454964,27.8246106180568 85.5357048408313,27.8247605761332 85.535555573705,27.8249971097297 85.535432685048,27.8250823939782 85.5352611055278,27.8251671614549 85.5351147429131,27.8251872553092 85.5348708423808,27.8252179697881 85.5347976721991,27.8252271841345 85.5345527651906,27.825332819353 85.5344545115222,27.8253967172255 85.5341348228119,27.8256314396795 85.5340107690496,27.8258032982129 85.5339096061274,27.8260836347195 85.5338968133247,27.8261111111031 85.5338888889263,27.8261281311274 85.533809315283,27.8262990394115 85.5337401804171,27.8263888888809 85.5336606236943,27.8264922828664 85.5336111111485,27.8266328830054 85.5335992141853,27.8266666666587 85.5335901543296,27.8266666666587 85.533584968539,27.8266863020743 85.5334113483807,27.8269225743666 85.53316527221,27.8271147824807 85.533055555593,27.8272100183823 85.533041496156,27.8272222222142 85.5329928146425,27.8272644786012 85.5327203534021,27.8276079343272 85.5325939659852,27.8279529424623 85.5324933795307,27.8281899898609 85.5322235352648,27.8283386494771 85.5321951121373,27.8286414049111 85.532191617415,27.8289011314687 85.5319203145348,27.8291580097774 85.5319168190822,27.8294177362835 85.5318913076537,27.829504052823 85.5314513265975,27.829629254024 85.5310365653098,27.829689781302 85.5306197627582,27.8299018143436 85.530555555593,27.8299575431901 85.5305066396174,27.829999999992 85.5302777778152,27.8301986414397 85.5301866020644,27.8302777777698 85.5301762790876,27.8302867376357 85.5300275754712,27.8304799766121 85.5300000000374,27.830500713324 85.5299270714981,27.8305555555475 85.5297222222596,27.8307096020682 85.5296585857648,27.8307574566791 85.5295953729174,27.8308333333253 85.5294444444819,27.8310144981353 85.5293639562012,27.8311111111031 85.5293368282457,27.8311436737603 85.5291666667041,27.8312846423867 85.5290408320087,27.8313888888809 85.5288888889263,27.8315147646071 85.5287950724359,27.8315924859398 85.5286783755268,27.8316666666587 85.5286111111485,27.8317094246029 85.5284912422813,27.8317856216402 85.5284782840486,27.8317818695327 85.5284759373742,27.8317839062452 85.5282553565132,27.8318897889724 85.5277921838618,27.8319281429947 85.5275211553562,27.8321633680329 85.5273718599974,27.8323998914609 85.526808374124,27.8326536410753 85.5264915718606,27.8326719060093 85.5259283751979,27.8329040080802 85.5251959178646,27.8330477114435 85.5247069288821,27.8331940136664 85.5244619947025,27.8332996297933 85.5235373936967,27.8332464475353 85.5231490138722,27.8331557043903 85.5227104750134,27.8331726578293 85.5223206300548,27.8331901312415 85.5221026803373,27.8331012098597 85.5217131289806,27.8330970377968 85.5216311591777,27.8330931214485 85.52139603172,27.8331369347084 85.5211519751677,27.8331776135651 85.5208102370146,27.833238891978 85.520661806583,27.8334104762325 85.5203426526839,27.8336018769208 85.5200258472992,27.8336201268579 85.5198298959075,27.833704612973 85.5194875678864,27.8338091754942 85.5191666667041,27.8336910541356 85.5191241248364,27.8336753947878 85.5188325480428,27.8336289720122 85.5187908166659,27.8336111111031 85.5186196676199,27.8335378598042 85.5183488415796,27.8333856641086 85.5181323653838,27.8331885179229 85.51796399555,27.833035181783 85.5175982037059,27.8330745470131 85.5173030984975,27.8332878457434 85.5171071457951,27.8333723279368 85.5168161595404,27.8332826135306 85.5165732788732,27.8332367093542 85.5164269028792,27.8332567828126 85.5161089203896,27.8333615986061 85.5159358411286,27.8335545594042 85.5158616220378,27.8336403487716 85.5155688687242,27.8336804939665 85.5152772937991,27.8336340637355 85.5151071594416,27.8336105864368 85.5145703464123,27.8336913970951 85.5144002121609,27.8336679189272 85.5141092276367,27.8335781988713 85.5140845857772,27.8335995804232 85.5133286492784,27.8336780268007 85.5130575864264,27.8339132219937 85.512641030197,27.8341035549498 85.5121027369653,27.8342925741722 85.5120032813865,27.8344430298161 85.5115870167907,27.8346117157649 85.5110991867364,27.8346713941246 85.5106829199867,27.8348400772518 85.5104367871867,27.8350322423767 85.5101413675514,27.8352671686241 85.5095306141847,27.8354121015439 85.5093253776857,27.8354462907844 85.5092494363599,27.8354956517914 85.5091534559547,27.8355696572791 85.5091386897289,27.8355810427462 85.5090845933822,27.8356194222314 85.5090034475788,27.8356769923698 85.5088440057537,27.8357618569566 85.508792605625,27.8357613015264 85.5087708155461,27.8357718895081 85.5086220671666,27.8359651035059 85.5085185204408,27.8359884546706 85.5083979074487,27.8363306768342 85.5083723757291,27.8364169881576 85.5083210160992,27.8366112544037 85.5082856838754,27.8366487037629 85.508343587354,27.8367413793103 85.5083153908941,27.8370224831958 85.5080457896534,27.8371494496008 85.5078759479982,27.8371043196276 85.5076081233342,27.8371014234696 85.5075101401021,27.8371436574158 85.5073120995354,27.837379630354 85.5070193338577,27.8374197568729 85.5066778724647,27.8374593558146 85.5065552443817,27.8375229691747 85.5063839205795,27.8375860553666 85.5060665097837,27.8376475598904 85.5057265303836,27.8375789384688 85.5053982702069,27.8375839635691 85.5048488234497,27.8376560187393 85.5048429345508,27.8376539317407 85.5044331300285,27.8377813949572 85.5038241378801,27.8377964402721 85.5034811893477,27.8379442490588 85.503186638553,27.8381142287262 85.503054286272,27.8381421207032 85.5030387685607,27.8382425054371 85.5029404855221,27.8383063795848 85.5025000000374,27.8384380834145 85.502451446621,27.8384526007394 85.5022557712569,27.8385154174117 85.502107899651,27.8386436930535 85.5018854968595,27.8388793932903 85.5015431373277,27.8389839099056 85.5012239352434,27.8391752642727 85.5010030172048,27.8393027452485 85.5008551430772,27.8394310194339 85.500632735986,27.8396667174561 85.5006303549813,27.8398398657386 85.5006039233226,27.8399911059127 85.5005516550508,27.840250299162 85.500354189317,27.8404429741381 85.5002817873002,27.8405555555475 85.5002777778152,27.8405617900904 85.5002297680864,27.8406364427474 85.500155531956,27.8407222229098 85.5000981375062,27.8408333333253 85.5000554585004,27.8409159559844 85.5000000000374,27.8409276417198 85.4998600752254,27.8409571254855 85.499444066155,27.8411041294146 85.4992477885971,27.8412102285776 85.4990500208674,27.8414245450174 85.4989508387268,27.8415533466301 85.4988029591085,27.841681618361 85.4984837443927,27.8418729658173 85.4983355656876,27.8420228805085 85.4981594600755,27.8424322520358 85.4981092717148,27.8425399394878 85.497765406198,27.8427526635732 85.4976169270234,27.8429242208841 85.4972493071083,27.8430933914745 85.4970304652498,27.8430693610995 85.4968110266539,27.8430886173548 85.4966150415149,27.8431730690164 85.4963207647308,27.8433213894438 85.4961220917112,27.8436006316832 85.4959985550616,27.8437291655237 85.4957277290865,27.8439426804205 85.4954909882633,27.8441666666587 85.4954563046389,27.8441994816774 85.4952116181846,27.8442834001696 85.4949407893131,27.8444969133901 85.4945250594944,27.8446222581602 85.4942073237092,27.8447053777263 85.4939142357528,27.8447671188834 85.4938396928074,27.8448745387435 85.4934735563619,27.8449354814937 85.4932547119549,27.8449114450216 85.4931582123648,27.8448454510091 85.4930385604286,27.8446926172108 85.4928711081174,27.8444743210467 85.4926534618831,27.8443637098937 85.4925338111718,27.8442108756959 85.492526148929,27.8441666666587 85.4925112578148,27.8440807490177 85.4924156573402,27.8439498242033 85.4922948100718,27.8438835635792 85.4921255642755,27.8437951272239 85.4919812665396,27.8436636699244 85.4914461879369,27.8436145272794 85.4912534929437,27.8434608933826 85.4911088971669,27.8433510786526 85.4907205132671,27.8432602439878 85.4905500711073,27.8432583794776 85.4901851377058,27.84323273997 85.4898932511027,27.84320789899 85.4896506620625,27.8431403036392 85.4893344270508,27.8431151949578 85.4890689896017,27.8429391149644 85.4889000480417,27.8428290313915 85.4885122682685,27.8426949038361 85.4881001408004,27.842560508428 85.4879296999408,27.8425586407247 85.4875386195945,27.8426625878774 85.4871983383173,27.8426155640762 85.4868568557931,27.8426551130027 85.4865631691127,27.8427601253832 85.4861729885265,27.8427991384343 85.4859048519632,27.8428178429931 85.4853914239188,27.8429637346848 85.4848545482009,27.8430444269306 85.4848370259863,27.8430555555475 85.484486007136,27.8432784927968 85.4844444444819,27.8432903023855 85.4842930014373,27.8433333333253 85.4839725752556,27.8434243790368 85.4833647576122,27.8433527592518 85.4832977465074,27.8433333333253 85.4829766824252,27.8432402596883 85.4827815909084,27.8432597612198 85.4822227740838,27.8431670286047 85.4817854006032,27.8430972767438 85.4815689749728,27.8429000752911 85.4812292993032,27.8428097501735 85.4809157823368,27.8425898323368 85.4806996609247,27.84237098628 85.4803852412819,27.8422159972944 85.4799265421852,27.8419295383476 85.4795381741884,27.8418386727479 85.4791507126314,27.8416828761362 85.4789096443455,27.8415070457142 85.4783267942588,27.8413923860583 85.4776702962376,27.8413202047221 85.4773549774162,27.8412301389934 85.4766972716678,27.8412445262598 85.4762340495748,27.8412827048603 85.4757690117527,27.84145074158 85.4753511559091,27.8417275311411 85.475103434215,27.8420278463331 85.4748322709774,27.8422629620699 85.4743918783518,27.8424096197432 85.4740711067451,27.8427091252078 85.4739472431818,27.8428592815831 85.473479164802,27.8432437426747 85.4729152039574,27.843518907878 85.4726702004822,27.8436244290066 85.4725216819023,27.8437959576706 85.4725204688761,27.8438825306337 85.4722499021332,27.8440743543513 85.4721996878064,27.8441820313068 85.4717352386906,27.8443067671533 85.4713943541234,27.8443029908987 85.4708355440069,27.8442102123352 85.4704712220251,27.8441412342907 85.4701056855932,27.8441588281636 85.4697109391179,27.8445224423797 85.4693423624078,27.8447564662416 85.4688773000394,27.8449244786293 85.468607940762,27.8450297220238 85.4681684418073,27.8451114294087 85.4677992515104,27.8453887352936 85.4675183947118,27.8455833854868 85.4674292986214,27.8457201480629 85.4673793830821,27.8458061798356 85.4671699802619,27.8459770260052 85.4670091231115,27.8461592345293 85.4667756741661,27.8463081663098 85.4665661172049,27.8464898330605 85.4664128585107,27.8466510975632 85.4663930835964,27.846671905464 85.466282141054,27.8467680816818 85.4660742575503,27.8468307101904 85.4659041163731,27.846807171855 85.4656968419049,27.8468265134574 85.4655866602929,27.84686858118 85.4651710443559,27.8469830141498 85.4649636170786,27.8470131762085 85.4645344533186,27.8472248659238 85.4643738948887,27.847385427945 85.4642255107518,27.8475461252854 85.4641752868703,27.8476537988861 85.4640990359144,27.8478802386706 85.4639754578317,27.8480087420565 85.4638153549575,27.8481368386217 85.4636803640707,27.8482110983015 85.4633625977347,27.8482941454157 85.4633501177529,27.8483156529412 85.4631416194365,27.8484215630936 85.4629454482054,27.8485167869945 85.4628596136485,27.8485591237064 85.462675006275,27.8486977691063 85.4624298292449,27.8488140926665 85.462245678948,27.8489202727661 85.4621584696059,27.8490600030537 85.4621443096825,27.8492005476087 85.4622021306428,27.8494176573802 85.4621257215237,27.8496549173625 85.4620503809915,27.8498164263766 85.4621202243613,27.8500444934578 85.4621421312532,27.8502179098315 85.4619911437065,27.850562570882 85.4619760669592,27.8507680447102 85.4619859512918,27.8509305037897 85.4618230924618,27.8512533857103 85.4618083207177,27.8514372163756 85.4617792352699,27.8517724130209 85.4615906490318,27.8521924169919 85.4614904968609,27.8523861186277 85.4613638545985,27.8527310502667 85.4612014494323,27.8530214665438 85.4611518310848,27.853085852547 85.4610503017976,27.8533769477012 85.4609872851016,27.853527770171 85.4608758721778,27.8536564061143 85.4607034288942,27.8537951841793 85.4605544188086,27.8539991630339 85.4604792255488,27.8541498493344 85.4602443743321,27.8543961627245 85.4601932255635,27.8545687637337 85.460142229547,27.8547305431728 85.4601393239171,27.8549361524382 85.4600883276219,27.855097931839 85.4600365664582,27.8553138189063 85.4600325899548,27.8555951789143 85.4598946809708,27.8558750435532 85.4599155142947,27.8561242108042 85.4598766927454,27.8562861260111 85.4598974252167,27.8563888888809 85.4599335944251,27.8565681657073 85.4599183594388,27.856784460485 85.4599156060989,27.8569792481317 85.4599379691857,27.8571201999958 85.4599346039839,27.8573582737761 85.4599679193048,27.8575859338637 85.4600853953143,27.8578902962892 85.4600834069166,27.8580309762454 85.4600569136829,27.8581822058486 85.4599077430288,27.8583970051235 85.4598576623915,27.8584938550832 85.4599748329985,27.8588198606574 85.459949104235,27.8589169825449 85.4599113523738,27.8590031469325 85.4598979525169,27.8590895832315 85.4599093636581,27.8591438268544 85.4598457297219,27.8593379346109 85.4598414460733,27.8596409374919 85.4597525414568,27.8598997024163 85.4596026026167,27.8601686088379 85.4594901097269,27.8603729939029 85.4593048653167,27.8605549196953 85.4590229759667,27.8606816492473 85.4588511312398,27.8607771382197 85.4584246574554,27.8607940184544 85.4582064045393,27.860726639368 85.4579878455502,27.8606809029867 85.4579394471177,27.8606587153893 85.4576001990098,27.8605358663074 85.4574300389386,27.8605123167756 85.4572346070831,27.8605534237325 85.4572099482078,27.8605747943568 85.4569444444818,27.8605549513976 85.4566990084727,27.8605366082399 85.4564420821198,27.8606203188446 85.4562320199126,27.8608344322633 85.4560597125498,27.8609623821766 85.4558752285514,27.8610901955309 85.4558137337901,27.8611327999231 85.4557137159383,27.8613156748696 85.4555532766284,27.8614654034404 85.4554905540648,27.8615945797212 85.4553177842755,27.8617549931251 85.4551687527502,27.8619589650888 85.455178780538,27.8621106025313 85.4551157501786,27.8622614216032 85.4549919912398,27.8624007371001 85.4550000000374,27.8625665719421 85.4550014048371,27.8625956605454 85.4550000000374,27.862598535533 85.4548383530113,27.8629293536562 85.4547011883069,27.863155104405 85.4546481836942,27.8634575606133 85.4546448060333,27.8636956335805 85.4544452216543,27.8640289167179 85.4543831104097,27.8641148063508 85.4544304346669,27.8642127456939 85.4545142887634,27.8643110944079 85.4546719702604,27.8643561542886 85.4547222222596,27.8643648572492 85.4548056057393,27.8643792981302 85.4549703072156,27.8643730160275 85.4550726466468,27.8644418176805 85.455222782239,27.8645896129891 85.4552947676615,27.864666181864 85.455469333885,27.8648088389586 85.4554987013283,27.8648849304065 85.455534157326,27.8649610904022 85.4555518850676,27.8649991698472 85.4556177059258,27.8650810811337 85.4556246673008,27.8650888400176 85.4556716570703,27.865141213028 85.4557130479946,27.8652282622989 85.455750294876,27.865300481461 85.4557663855425,27.8653316801657 85.4558204136018,27.8653864012572 85.4558564834787,27.8654192748068 85.4559998427521,27.8656156979317 85.4560541011728,27.8656541866863 85.4560596076621,27.8656636473603 85.4561016576601,27.8657358932682 85.4560944187798,27.8658169863734 85.4560937284757,27.865865683134 85.4560618292105,27.8659681465812 85.4560727020559,27.8660602656785 85.4561203354194,27.8661365615061 85.4561733468813,27.8662022140129 85.4562041157916,27.866240320038 85.4562511357679,27.8663599018347 85.4562521202569,27.8663802823904 85.4562740475367,27.8664011754307 85.4562862090818,27.8664631150511 85.456272651758,27.8665603722572 85.4563047189006,27.8668261082296 85.4563053476695,27.86683131875 85.4563150703746,27.8670045990916 85.4562882083254,27.8670821422294 85.4562515782026,27.8671878830324 85.4561638853311,27.8673600727761 85.4560029770209,27.8675422659085 85.455950740382,27.8677906149989 85.455935494802,27.868006908616 85.4558098886363,27.8682760824826 85.4556847421984,27.8685127917116 85.4557774017349,27.8688493490674 85.4557598537251,27.8692279650455 85.4556587533831,27.8694865899045 85.4556419721044,27.8698110983442 85.4556600419845,27.869835299938 85.4556220948187,27.8699245194482 85.4555835679397,27.870064789693 85.4553979929575,27.8702683520477 85.4553099890165,27.8704621840023 85.4551251804675,27.8706116384801 85.455000643796,27.8708050608865 85.4549263515143,27.8708908140975 85.4549012291052,27.8709446486304 85.4549593519063,27.8711401176867 85.4550429044332,27.8712601091949 85.4550879290188,27.8715203706891 85.4550739091511,27.8716500921044 85.4552422435661,27.8718035030526 85.4552892645606,27.8719230851386 85.455322726536,27.8721399241854 85.455393795682,27.8722814220634 85.4555265199972,27.872369494513 85.455555555593,27.8724018545122 85.455634429055,27.8724897585179 85.4557622956227,27.872596583881 85.4558758306845,27.8726439871306 85.4560335247186,27.8726890459097 85.4562886391931,27.8727351952776 85.4563607839077,27.8728009422627 85.4564434187313,27.8729858619649 85.4564784173401,27.8730944858764 85.4565128023854,27.8732463957518 85.4565109614924,27.8733762536651 85.4566193328132,27.873464052487 85.4566913248057,27.8735406208132 85.4567508324873,27.8736386957882 85.4567977024733,27.8737690989209 85.4569421473075,27.8738897708902 85.4570870525281,27.8739779782351 85.457207295916,27.8740875558963 85.457400452467,27.8742087724734 85.4574485500222,27.8742526034479 85.4575079054438,27.8743614996255 85.4575183967076,27.8744806723237 85.4574917414518,27.874642722278 85.4575252084026,27.8748595609176 85.4575602086124,27.8749681845936 85.4576547181724,27.875174882892 85.4578002388355,27.8752198035785 85.4579087662898,27.8752967799829 85.4579810669205,27.8753517047069 85.4580892881071,27.8754503239728 85.4581972029801,27.875570586156 85.4582568663181,27.8756578390541 85.4582675117069,27.8757661902138 85.4582892622768,27.8759504280354 85.4582996012159,27.8760804221857 85.458222702267,27.8763501425187 85.4582076123847,27.8765556147652 85.4582540254503,27.8767184819589 85.4582019416981,27.8769560101176 85.4581990296786,27.8771616185324 85.4583305361302,27.8773362605173 85.4583390361257,27.8775961125925 85.4582995899376,27.8778013124473 85.4584075072505,27.8779215745292 85.4584539210973,27.8780844416599 85.4584395974846,27.8782358064156 85.4584627278482,27.8783226507248 85.4585345709872,27.8784100397123 85.4586673052198,27.8784981094643 85.458846454344,27.8787490461143 85.4589309359099,27.8788041065666 85.4590387016908,27.878935189702 85.4592577569833,27.8789484612961 85.4594407370486,27.87892885978 85.4595754634882,27.8788762492133 85.4596862927094,27.8787909018734 85.4597844841796,27.8787378828808 85.4599808668398,27.8786318446728 85.4600312637283,27.8785133523033 85.4601055576365,27.8784275964793 85.4602771238621,27.8783537502608 85.4605331719374,27.8783349633102 85.4607271048379,27.878402068074 85.4607997149792,27.8784353484224 85.4609578786058,27.8784479374277 85.4610782837608,27.8785466904899 85.461355629446,27.8787446040877 85.4617582759926,27.8786949813286 85.4618922365932,27.8786964759971 85.4620009233453,27.8787626278846 85.462145839224,27.8788508302752 85.4623399270021,27.8789071113278 85.462495951684,27.8790711998005 85.4626280787444,27.8792025519487 85.4626741937603,27.8793870609332 85.4627337098941,27.8794851335892 85.4627568439363,27.8795719773104 85.4629009974429,27.8797142865405 85.4629612779934,27.8797582515319 85.4630078521824,27.879910295876 85.4630212299001,27.8799539681822 85.4630615852915,27.8799866574851 85.463231395206,27.8800372550614 85.4632337515226,27.8800385800389 85.4633099436694,27.880081423551 85.4634323411412,27.8801009554134 85.4634557789517,27.8801046955568 85.4635040356439,27.8801728232412 85.463521461752,27.8801974250185 85.4635453603205,27.8802301610414 85.4635962188477,27.8802831351436 85.4636293872855,27.8803176832973 85.4636591177624,27.8803538432194 85.4637012359463,27.880405069786 85.4637979761729,27.8804548523531 85.4638878636585,27.8805586745984 85.4639304882572,27.8805591495597 85.4640152793309,27.8805925640015 85.4640572931254,27.880636325003 85.4641041745812,27.8807667259949 85.4641666667041,27.8808032539224 85.4642181266657,27.8808333333253 85.4642551841094,27.8808549941612 85.4642854013134,27.8808715656236 85.4643394411429,27.8809262837377 85.4643879261336,27.880943058678 85.4644444444818,27.8809576894185 85.4644971510006,27.8809713334019 85.4645946553804,27.8809670078315 85.4646372038282,27.8809728933417 85.4647044145838,27.8809574070658 85.4647952191614,27.8809962996266 85.4648672218373,27.8810728640313 85.4649093887868,27.8811058032679 85.4649279707564,27.8811111111031 85.464988243961,27.8811283278052 85.4650000000374,27.8811480633815 85.4650239401731,27.8811882530128 85.4651397888467,27.8811787197117 85.4652133941248,27.8811416579393 85.4652503874827,27.8811096001312 85.4652748971221,27.8810990497783 85.465360375667,27.8810837665585 85.4654505703245,27.881165944804 85.4655108527362,27.8812099087445 85.4655831611836,27.8812648297458 85.4657777891119,27.8812832308355 85.4657954467881,27.8813267202565 85.4658006971143,27.8813863064275 85.4658152193423,27.8814504352234 85.4658968291154,27.8814793736984 85.4659939526506,27.8815021009746 85.4661530366338,27.8814497550411 85.466276194737,27.881353716309 85.4664101588934,27.8813552067186 85.466458415721,27.8813882132458 85.4666278484441,27.8814658606059 85.4667616603189,27.8814781722115 85.4668102221862,27.8814895355567 85.4668342744719,27.8815114495218 85.467088805394,27.8816008659854 85.467320960582,27.8815493312305 85.467515970353,27.8815406760576 85.4677237680799,27.8814888698307 85.4678708250657,27.8814255649716 85.4680416297713,27.8814058167891 85.46818685888,27.8814723700523 85.4684660526855,27.8815404115901 85.46853851518,27.8815845095655 85.4686598444022,27.8816183271255 85.468842523448,27.8816203563296 85.4689640050415,27.8816433520841 85.4690733080814,27.881666212482 85.4691215658972,27.8816992181129 85.469230716834,27.8817328999334 85.4692785181483,27.8817983701453 85.4693016578682,27.881885212968 85.4693981738636,27.8819512240652 85.4694459753709,27.8820166942249 85.4694817504508,27.8820712076074 85.4696018632336,27.8821915967321 85.4696854402229,27.882311580163 85.469830063035,27.8824214179587 85.4699140968522,27.8825089366249 85.4700587201595,27.8826187741973 85.4701916213518,27.8826960118275 85.4703132565766,27.8827081849002 85.4705320175733,27.8827430820224 85.4707382958735,27.8827994867938 85.4710550953322,27.8827921777384 85.4713361185168,27.8827303550196 85.4716157737049,27.8827659257078 85.4718101778333,27.8828005507546 85.4720793257834,27.8827169483748 85.4721405233385,27.8826959802022 85.4725072525651,27.8826026352539 85.4728121764954,27.8825735440565 85.472957865798,27.8826076277742 85.4730668671502,27.8826521281976 85.4732973524871,27.8827196205533 85.4734183810709,27.8827750771549 85.4736847961661,27.8828862597552 85.4737443242192,27.8829843280795 85.4737450064501,27.8829994285895 85.4737682265226,27.8830170624637 85.4737904595523,27.8831688340613 85.4737681381247,27.8833128968053 85.4737636738301,27.8833417094125 85.4737743350855,27.8834500599038 85.4738429528807,27.8835203975879 85.4738704000479,27.8835485327119 85.4738765267747,27.8835609166392 85.4739296251182,27.8836682440981 85.4740739507144,27.8837997207919 85.4740949358153,27.8838119156208 85.4742068563525,27.8838769547076 85.4743997464733,27.8840197918746 85.4745442822999,27.8842228630212 85.4745550385515,27.8842379754288 85.4746395326746,27.8842930266954 85.4747596537202,27.8844134116113 85.4747946739469,27.8845220315737 85.4747881601822,27.8845867271392 85.4747805233463,27.8846625771962 85.4747907306872,27.884803392337 85.4748989767438,27.8849019992542 85.4749446597497,27.8851189696137 85.4750286998126,27.8852064853742 85.4750996511343,27.8853587957625 85.4751103138221,27.8854671461805 85.475146547764,27.8854891935192 85.4752184091839,27.8855765744438 85.4753032079072,27.8856099822101 85.475411910041,27.8856761240559 85.4754353585913,27.8857413228901 85.4754460216331,27.8858496732912 85.4754941316844,27.885893498391 85.475688694444,27.8859172966518 85.4757975486975,27.8859726166413 85.4758697140885,27.8860383541117 85.4759770530042,27.8862018896805 85.4759624489224,27.8863749001565 85.4759610848926,27.8864722942951 85.4759950459964,27.8866566649904 85.4758945809847,27.886872019056 85.4758333333707,27.8869775551288 85.4758072042823,27.8870225782929 85.4758333333707,27.8870725296679 85.4759495661466,27.8872947336304 85.4760090985029,27.8873928010926 85.476055087652,27.8875881279986 85.4760418474298,27.8876637443228 85.4759756680225,27.8877777777698 85.4759419877589,27.8878358120846 85.4758897841611,27.8880841694538 85.4759234423602,27.888290183276 85.4758844789272,27.8884629243225 85.4758322748262,27.888711281631 85.4758788704248,27.8888633223028 85.4759263756165,27.8889504335602 85.4759722135584,27.8891565820382 85.4759952083742,27.8892542454885 85.476078494512,27.8893958685525 85.4761111111485,27.8894741087441 85.4761374217976,27.8895372222483 85.4761971070092,27.8896244680868 85.4762071647761,27.889776104683 85.4762166163363,27.8899710275432 85.4762387021804,27.8901336203566 85.4761624417649,27.8903600652833 85.4761111111485,27.8905392055511 85.4760727887649,27.8906729479948 85.4760702119779,27.8908569145946 85.4760186132061,27.8910619856058 85.4759431095488,27.8912343225209 85.4759397745161,27.8914723969094 85.4760343323863,27.8916790840878 85.4760456026508,27.8917441481472 85.4759332559253,27.8919377240985 85.4758706892956,27.8920560878067 85.4758808982646,27.8921969028045 85.4758793822223,27.8923051184185 85.4759384622309,27.8924356506327 85.475997997158,27.8925337181403 85.4761059485292,27.8926539674748 85.4761770572995,27.8927954558401 85.4761747836173,27.8929577792687 85.4761476953021,27.893152298024 85.4763159409041,27.8933165068408 85.4763635997829,27.8933927964222 85.4763745672462,27.8934795035779 85.4763847769106,27.8936203185415 85.4763888889263,27.8936297922222 85.4764319812853,27.8937290727887 85.4764799435226,27.8937837192119 85.4766369197861,27.8938828636537 85.4766457313615,27.8938888888809 85.4766666667041,27.8939032041637 85.4766851852637,27.8939158668856 85.4767695362759,27.8939817386754 85.4768025913164,27.8942310385029 85.476861067302,27.8944048566235 85.4769566898093,27.8945357923129 85.4769892908552,27.8948175567888 85.4771336344283,27.8949490308059 85.4772029280195,27.8952203774699 85.4772499823529,27.8953399530358 85.4773708753704,27.8954062282683 85.4774518956097,27.8957101740967 85.4774509867881,27.8957751034798 85.4776073609531,27.8959175331939 85.4776676564218,27.895961492245 85.477752161026,27.8960165419359 85.4778247883153,27.8960498139054 85.4778849325179,27.8961045944323 85.4779443196609,27.896213482763 85.4779668631703,27.8963436106135 85.4780003756795,27.8965604455125 85.4780717920925,27.8966802898905 85.4780201937432,27.8968853615243 85.4780193670222,27.8969444444364 85.4780188309509,27.8969827556078 85.4780540093102,27.8970805532753 85.478055555593,27.8970823149541 85.4781499383069,27.8971898451075 85.4782954975189,27.8972347455196 85.4784530858883,27.8972906018418 85.4785611958997,27.8974000279002 85.4786094635028,27.8974330305265 85.4787169683882,27.8975857427412 85.4787277866369,27.8976832713169 85.4787987504975,27.8978355800619 85.4789434028488,27.8979454092369 85.4789511945949,27.8982593691517 85.4790329776784,27.8985092063511 85.4790284377221,27.898833853367 85.4789532354212,27.8989845485869 85.4789999904554,27.8991257667652 85.4790231410108,27.8992126081987 85.4790082362955,27.8994072619371 85.4790551428914,27.8995376585325 85.4791143816045,27.899657367993 85.4791244436763,27.8998090043611 85.4790483327325,27.9000246289826 85.4789853102903,27.9001754586155 85.4789592839767,27.9002942269051 85.4789218336041,27.9003587529014 85.4789448329579,27.9004564159049 85.4789800131292,27.9005542133658 85.4790387982241,27.9007063875524 85.4790621004264,27.9007824074107 85.479084040592,27.9009558213411 85.479032290352,27.9011717147898 85.4790052043371,27.9013662340046 85.4788920951369,27.9016139197335 85.4788888889263,27.9016253845795 85.4788407982531,27.9017973483788 85.4788888889263,27.9018799101759 85.478935975182,27.9019607475949 85.4791295081066,27.9020602930466 85.479225442365,27.9021695842702 85.4792604719375,27.9022782032305 85.4792212049571,27.9024725880184 85.4792190862284,27.9026240898872 85.4792411782074,27.9027866822107 85.4791666667041,27.9029229281585 85.4791411570455,27.9029695731389 85.4790154111318,27.9032495890815 85.4790014136775,27.9033793133289 85.4790233540623,27.9035527272228 85.4790215376913,27.9036825859355 85.4790527833938,27.9040617439125 85.4790768430179,27.904083655967 85.4791121756789,27.9041706318366 85.4791601436533,27.9042252774824 85.4791666667041,27.9042348109504 85.4792198388276,27.904312522247 85.4792410229355,27.9045400439001 85.4793241727686,27.9046924868887 85.4793722924071,27.9047363109106 85.4794278310785,27.904999999992 85.4794408399975,27.9050617643408 85.4794444444818,27.9050712092813 85.4795113551964,27.905246537469 85.4797403792233,27.9054222364876 85.4798331396912,27.905758780142 85.4800257724151,27.9059232539451 85.4801226184407,27.9059676152886 85.4802308896496,27.9060662187496 85.4802669800962,27.9060990865524 85.4804952509609,27.9063288922256 85.4805797648797,27.9063839404772 85.4807364603099,27.9065047240663 85.4807588574906,27.9066456730521 85.4809027672163,27.9068096083941 85.4810108887767,27.9069190328554 85.481118557021,27.9070609219324 85.4811908902974,27.9071158355374 85.4812869820696,27.9072143039409 85.4812707190967,27.907506351905 85.4812940240985,27.9075823714325 85.4813780859226,27.9076698839334 85.4814613921405,27.9078115042128 85.4816302722013,27.9079324211538 85.4817983970591,27.9081074457322 85.4818695224857,27.9082489315452 85.4819173424856,27.9083143978918 85.4820370438275,27.9084672421262 85.4821693804512,27.9085877557789 85.4822980916543,27.9089679869382 85.4823931285756,27.9091422056219 85.482550283095,27.9092305226327 85.4825973486948,27.9093500966092 85.4826695331846,27.9094158310782 85.4828269903753,27.9094825046561 85.4829466942405,27.909635348176 85.4831276096171,27.9097672191468 85.483292569084,27.9101694950452 85.4834608509665,27.9103336962103 85.4837135011523,27.9105637652449 85.4840380368531,27.9108812108057 85.4841574421154,27.9110556965178 85.4843749073248,27.9111879681187 85.4845669530044,27.9113957223948 85.4846612413003,27.9116240475565 85.4848293766386,27.9117990687616 85.4847535689642,27.9119930531388 85.4848009397571,27.9120909833085 85.4850191619203,27.9121691461062 85.4852600898767,27.9123666138329 85.4854755989323,27.9126395643352 85.4856930689236,27.912771834013 85.4858488747185,27.9129575417373 85.4859564043227,27.9131102489757 85.4859924988087,27.9131431154061 85.4861496620821,27.9132314286029 85.4862221526934,27.9132755181994 85.4863426188837,27.9133742511354 85.4864367617907,27.9136133968133 85.4866047523408,27.9137992376168 85.486797108118,27.9139853458922 85.4868901979604,27.9143002423743 85.487009912686,27.9144530826929 85.4871261632911,27.914854819318 85.4871494737579,27.9149308379996 85.4872216646593,27.9149965702853 85.4872685870433,27.9151269644519 85.4872669302529,27.9152460018608 85.4872529403461,27.9153757270561 85.4873852910357,27.9154962361386 85.4875299751286,27.9156060572914 85.4875902853523,27.9156500124659 85.4876860891483,27.9157701199792 85.4878295693839,27.9159665135123 85.4878154294418,27.9161070603584 85.4878250523562,27.9162911610306 85.4878840080007,27.9164325103457 85.4879428132318,27.9165846812226 85.4880148551307,27.9166612347232 85.4880859938552,27.9168027176947 85.4881441973825,27.9169981748332 85.4882762499317,27.9171403263173 85.4883099380022,27.9173463375547 85.4883186585952,27.9175953677025 85.4884257444769,27.9177805379829 85.4883989706045,27.9179534159239 85.4884030251292,27.9185379151377 85.4884118964218,27.9187761236676 85.488458821661,27.9189065174798 85.4884204666735,27.9190359753551 85.4883939934452,27.9191872100883 85.4883046484142,27.919478456787 85.4881197962833,27.919627952998 85.4878738781372,27.9197876017365 85.4878099513495,27.9200033644886 85.4877720469406,27.9201003573855 85.4876369794425,27.9201746368976 85.4875142454238,27.9202382284864 85.4875000000374,27.920267569684 85.4874515226782,27.9203674184167 85.4873150988196,27.9205390917608 85.487275837903,27.9207334786557 85.487383678004,27.9208645418462 85.4874793352429,27.9209954711618 85.487484954463,27.9211111111031 85.4874888069738,27.9211903933003 85.4874873006355,27.9212986090424 85.4873863705838,27.9215464348009 85.4874445749543,27.9217418921556 85.4874287763074,27.9220014761004 85.4873413845409,27.9221520414301 85.4874574925614,27.9225645992858 85.4874550822267,27.9227377444353 85.4873773120352,27.9230724102667 85.487327222677,27.9231692691243 85.4872863032525,27.9234826931821 85.4872341041671,27.9237310539584 85.4872222222596,27.9237626815061 85.4871748083925,27.9238888888809 85.4871328696371,27.9240005224715 85.4870939082207,27.924173266023 85.4872225019517,27.9245643147211 85.4871826363103,27.9248019876848 85.4872770911036,27.9250194897329 85.487274529552,27.9252034563731 85.4871842716563,27.9255596311832 85.4872412719518,27.9258416611102 85.487274959924,27.9260476723784 85.4871982411704,27.9263065868848 85.4871717639759,27.9264578210924 85.487157771845,27.926587546013 85.4869231155126,27.9268122554527 85.4868486563104,27.9269088462514 85.4868334578222,27.9271251436076 85.4867832151977,27.927232823681 85.4866962702407,27.9273509236082 85.486596085915,27.9275446404856 85.4865094420378,27.9276410971531 85.4864223456614,27.9277700184347 85.4863596168458,27.9278992075092 85.4863326856161,27.9280829061337 85.4860849354191,27.9283724093083 85.4859730175261,27.9285335270029 85.4859342031317,27.9286954484253 85.485784827581,27.9289210933455 85.4856858469789,27.9290282369731 85.4855873187991,27.9291029158633 85.485555555593,27.9291379201073 85.4855294706807,27.9291666666587 85.4854511822,27.9292529434998 85.4854001826732,27.9294147306987 85.4854343205754,27.9295882775683 85.4854323589807,27.9297289577273 85.485406029168,27.929869369843 85.4852941086416,27.9300304868515 85.4851835460551,27.9300942098144 85.4850234921323,27.9302115042053 85.4850000000374,27.9302184730315 85.4847420492619,27.9302949929899 85.4845944806996,27.9303907778391 85.4844093023884,27.9305619109968 85.4842966245984,27.9307771348095 85.4842454715252,27.930949742993 85.4841944693012,27.9311115296047 85.4842386756111,27.9314367123967 85.4842478394457,27.9316532773633 85.4842825800981,27.9317835382532 85.4843049854828,27.9319244865497 85.4842905358485,27.9320866755407 85.4842872133625,27.9323247494416 85.4843093984063,27.932499999992 85.4843201419867,27.932584868807 85.4843062963327,27.9327037716211 85.4841821866567,27.9328647533503 85.4841666667041,27.9328749878633 85.4839238966163,27.9330350807243 85.4837748127367,27.933239079853 85.4837245640034,27.9333467584871 85.4836097663359,27.9337134829822 85.4835945597853,27.9339297794833 85.4835286504315,27.9342862191003 85.4834768897503,27.9345021129336 85.4833804293208,27.9347222222142 85.4833636011496,27.9347606217597 85.4833732165782,27.93494472203 85.483357858129,27.9351718399739 85.4833676246833,27.9353451187036 85.4833901805096,27.9354752455295 85.4834118295947,27.9356703015385 85.483398133522,27.9357783826243 85.4834085046811,27.9359083752184 85.4832219543556,27.9361768999691 85.4831710989407,27.9363278643976 85.4831552862414,27.9365874468357 85.4830410874075,27.9369108843698 85.482977895271,27.937072535952 85.4829613259779,27.9373862259494 85.4829346882599,27.9375482802944 85.4829316644229,27.9377647108059 85.4829281869689,27.9380136058854 85.482839565472,27.9382507394613 85.4827754648852,27.9384773200194 85.4826239512512,27.9388544617258 85.4825242018919,27.9390157100591 85.4823990231853,27.9392524402939 85.4822484146825,27.9395646523363 85.4822222222596,27.9396219896402 85.4821352686065,27.9398123381264 85.4820853174898,27.9398983728433 85.4819601367318,27.9401351025717 85.4819545384043,27.9405354986808 85.4819397808617,27.9407193300775 85.481913291876,27.9408705625414 85.4821165086099,27.9411542062439 85.4822222222596,27.9413282484043 85.4822356389923,27.9413503371047 85.4823556774367,27.9414815387742 85.4824149404248,27.9416012471572 85.4825456522057,27.9418407981835 85.4825677542336,27.9420033895909 85.4826128659722,27.9422636432916 85.482645338636,27.9425562272053 85.4827024850169,27.942827436711 85.4827602366254,27.9430553601291 85.4827946759587,27.9432072642921 85.4828166272979,27.9433806771699 85.4828024755531,27.9435212225652 85.4828972383069,27.9437170843122 85.4829062480406,27.9439444704463 85.4829411414961,27.9440639100264 85.4829512099394,27.9442155455443 85.4829364532682,27.9443993769997 85.483030763277,27.9446277032153 85.4829913326566,27.944832909102 85.4829406235061,27.9449730515757 85.4826944876713,27.9451435094487 85.4824611420399,27.9452708151524 85.4824093729263,27.945486707962 85.4822222222596,27.9456126921704 85.4821879094429,27.9456357905282 85.4820749075395,27.9458726542947 85.4821087412925,27.9460678445996 85.4821550637213,27.9462415262609 85.4820784675569,27.946489614631 85.4819776504107,27.9467266126341 85.4818641927289,27.9469959406456 85.4818483740831,27.9472555223611 85.4818893989353,27.9478079567486 85.4817637536491,27.9480771501703 85.4817002495424,27.9482604435875 85.4816723953832,27.9485090692801 85.4816451466315,27.9487144089467 85.4817161444279,27.9488667165762 85.4818230956055,27.9490627134543 85.4818190084458,27.9493548940037 85.4818266533899,27.9496796734689 85.4818978033823,27.9498211595178 85.4820423742947,27.9499418089939 85.4821270732403,27.9499860358262 85.4822222222596,27.9500659948787 85.4822836796493,27.950117640967 85.4825001590918,27.9503256683198 85.4825685867767,27.9506619411211 85.4827584255276,27.9510320219379 85.482899368225,27.9514123866862 85.4828815841529,27.9518126479734 85.4828895346638,27.9521157843944 85.4828251219525,27.9523640072211 85.482758893262,27.9527420880104 85.4827068178046,27.9529796235896 85.4824839768783,27.9532260993826 85.4823225226545,27.9534407822763 85.4822222222596,27.9535095092709 85.4820271648889,27.9536431648451 85.4818425468069,27.9537710062904 85.4815592226196,27.9539843437099 85.4815083553394,27.9541353067273 85.4815418870273,27.9543521399914 85.4815019948329,27.954589809397 85.4814127491058,27.9548702268112 85.481349694246,27.955021055241 85.4812115485146,27.9553117559907 85.4812930703372,27.955583234729 85.481228045644,27.9558747424162 85.4812253190281,27.956069529204 85.4812779682879,27.9561839722526 85.4812460575933,27.9563295139256 85.481060827919,27.9565006400047 85.4810095040852,27.9566840671688 85.4809345634171,27.956813117806 85.4807738581758,27.9569736910209 85.4807453925292,27.9572656019857 85.4806335865316,27.9574158917171 85.4804852186709,27.9575657776114 85.4802745501424,27.9578123836763 85.480247654448,27.9579402604291 85.4802360178522,27.9579526591194 85.4800264092673,27.9581235143864 85.4799258788781,27.9583388669409 85.4798143738685,27.958467512941 85.479617254226,27.9586168591966 85.4795302748447,27.9587349527794 85.4794070366646,27.9588309993142 85.4790022759797,27.9590105193297 85.4788420197821,27.9591386255831 85.4786939505709,27.9592668663779 85.4784363464008,27.9593830726592 85.4783003119789,27.9595222692299 85.4782370980336,27.9596839173248 85.4781121876934,27.9598989987316 85.4779877323261,27.9600816156027 85.4779351866785,27.9603516129751 85.4778590249355,27.9605672333398 85.4777693086522,27.9608801119797 85.4777801295059,27.9609776399804 85.4778273612086,27.9610863939359 85.4778633013174,27.9612001079474 85.4778078846754,27.9616056893089 85.4776554064833,27.9620477511321 85.4774697390819,27.962318200815 85.4774073999315,27.9623480547952 85.4772907052936,27.9624117022103 85.4772232931002,27.9624380139831 85.477185970352,27.9624917165997 85.4772521672538,27.9625519765104 85.4773617048677,27.962564011907 85.4773939594263,27.9625679548389 85.4774103798218,27.9625699621366 85.4774951622872,27.9626087813273 85.4777195722434,27.9626870263767 85.4778898969294,27.9627105570377 85.4780167455762,27.9627585830577 85.4780960257764,27.962788599243 85.4782172960453,27.9628332331701 85.4783390977557,27.962839991874 85.4784794088275,27.9628307204458 85.478655903722,27.9628489068306 85.4787281196845,27.962914644183 85.4787943177269,27.9629749033919 85.478860819362,27.9630135196409 85.478938977703,27.9630901457289 85.4789983992085,27.9631990340719 85.4790527891144,27.9632321047665 85.4791491536096,27.9633143435723 85.4793065332623,27.9633918451387 85.4793505098667,27.9634255658538 85.4793547535885,27.9634302590995 85.4794480211181,27.9635257904338 85.4795234112277,27.9635728239387 85.4795594438556,27.963611103142 85.4796305990637,27.9637525903305 85.4796951296186,27.9639318852868 85.4796933094262,27.9640617429013 85.4796866971945,27.9641666666587 85.479685471103,27.9641861224403 85.4797016294155,27.964337825002 85.4797222222596,27.9643589174074 85.4797496986129,27.9643870603088 85.4798403498444,27.9644421776716 85.4798432919899,27.9644444444364 85.4799187373801,27.9645025710532 85.4799780089356,27.9646222804889 85.479981903875,27.9647792591053 85.4799673651418,27.9649468572022 85.4800683093085,27.9651373774395 85.4801516541427,27.9652789990428 85.4801375705084,27.96541413275 85.4802452917868,27.96555602359 85.4803472225513,27.9656762041036 85.4803691727122,27.9658496168506 85.4803929424371,27.9658931719729 85.480423033675,27.9659205621995 85.4806036572242,27.9660794926966 85.4807179286105,27.9661889860978 85.480912105394,27.9662506575829 85.4810860298909,27.9664528060824 85.4811111111485,27.9664987634069 85.4812027445229,27.9666666666587 85.481234593563,27.9667250248435 85.4813180168425,27.9668612350807 85.4813823245203,27.967056761557 85.4813888889263,27.9670722196341 85.4814354290805,27.9671818139052 85.4814996972905,27.9672222222142 85.4816106438532,27.9672919792994 85.4816666667041,27.9673922535869 85.4817414577007,27.9675261206388 85.4818904788536,27.9677658743547 85.4820473367713,27.9678812482249 85.4821912493657,27.9680505948253 85.4823279323558,27.9683010351158 85.4824723759467,27.9684325062897 85.4825919130478,27.968601583608 85.4827173176233,27.9687869602616 85.4827954070555,27.9688689951048 85.4829264523403,27.9690869032268 85.4830165035651,27.9691853045832 85.4830395181285,27.9692829666803 85.4829827774617,27.9694176303016 85.4829933764111,27.969531390207 85.4830402382681,27.9696671962836 85.483034072488,27.9697222222142 85.483026308764,27.9697915088471 85.483055555593,27.9698929582042 85.4830670007741,27.9699326584492 85.4830922058135,27.969999999992 85.4831198814841,27.9700739424414 85.483178326821,27.9702531687785 85.4832015687702,27.9703345986353 85.4832619064631,27.9703785564961 85.483490766378,27.9705758962754 85.4836203016398,27.9709020185869 85.4837278813824,27.9710547284602 85.4838706658133,27.971305234576 85.4839293399318,27.9714682284217 85.4840488068317,27.9716427153611 85.4840582722777,27.971837636283 85.4840570618965,27.9719242081022 85.4840924179865,27.9720111828932 85.4841279254223,27.9720873361988 85.4842866828292,27.9720674393093 85.4844696665928,27.9720586322943 85.4845191781891,27.9720050620461 85.4846415201877,27.9719739404 85.4847885422148,27.9719214442037 85.4849841681594,27.9718803063072 85.4850000000374,27.97188165338 85.4850000000374,27.9719444444364 85.4852777778152,27.9719444444364 85.4852777778152,27.9719846060248 85.4854112302588,27.9718525397018 85.4855608212803,27.9716160774121 85.4857085980709,27.9715094727628 85.4861970557651,27.9714499100585 85.4863686050012,27.971386858887 85.4865413624151,27.9712372355667 85.4868585720372,27.9712190788774 85.4872964613507,27.9712888338151 85.4874920853673,27.9712476922652 85.4877864266642,27.9711210504237 85.4879092195835,27.9710574612972 85.4880557862569,27.9710374259863 85.4883019749401,27.9708669611142 85.4885225786929,27.9707827999331 85.4888148061879,27.970807656824 85.4891091448597,27.9706810120363 85.4892815959526,27.9705530280777 85.4895479382758,27.9706858307441 85.4899611487695,27.9707769525319 85.4902293006314,27.9707798958128 85.4904715685768,27.9708907861811 85.4907153433084,27.9708934610182 85.4910048610555,27.9711131005245 85.4910764877123,27.9712221178801 85.4911222310364,27.9714390829466 85.4912167298262,27.971656582767 85.4912886581843,27.9717439569986 85.491458699666,27.9717891145274 85.4917250478277,27.971921913177 85.4919191664954,27.9719889804766 85.4920410551727,27.9719903167147 85.4922592509712,27.9720792938172 85.4923567620089,27.9720803625785 85.492428992508,27.9721460932178 85.4923034921814,27.9724044737501 85.4922047769487,27.9724899770782 85.4919817640332,27.9727472883757 85.4919296968209,27.9729848271951 85.4919269874625,27.9731796144636 85.4918514449989,27.9733519568699 85.4917271461279,27.973523764618 85.4917049401159,27.9736505612995 85.4917157838202,27.9736832816953 85.4917246621605,27.9737023195837 85.4917274459733,27.9737212906447 85.4917264083129,27.9737322769758 85.4917721388092,27.973794837052 85.4918091868288,27.9738888888809 85.491819239196,27.9739144082887 85.4918780771847,27.974066577693 85.4919620461836,27.9741649067813 85.4919725795466,27.9742840770624 85.4920311168922,27.974457889436 85.4922110945655,27.9746655025321 85.4922222222596,27.9747413323865 85.4922333659069,27.9748172709537 85.4923526994675,27.9750025727779 85.4924593927546,27.9752202054577 85.4925060430229,27.9753722410314 85.4925168779904,27.9754697682505 85.4924651113034,27.9756856641495 85.4923290727059,27.9758248741826 85.4922420920336,27.9759429755214 85.4922222222596,27.9759708633091 85.4921426208068,27.9760825861917 85.4921280884633,27.9761111111031 85.4920548870806,27.9762547949453 85.4920405903245,27.9764061624541 85.4919784392136,27.9764920663308 85.4919444444818,27.9765215098289 85.491756320434,27.9766844477242 85.4917555676334,27.9767385552659 85.4917907808211,27.9768363498301 85.4917758813407,27.9770310033137 85.4916518789919,27.9771811677212 85.4916506744015,27.9772677397773 85.4916253920224,27.9773324014636 85.4916247897134,27.9773756874904 85.4916357745724,27.9774623932218 85.4916225310429,27.9775380100881 85.491487091333,27.9776339330962 85.4914132013366,27.9776872384494 85.4913885211207,27.9777086140593 85.4913513501717,27.9777514989696 85.4912776106439,27.977793982739 85.4911788895186,27.9778794850426 85.4911402121324,27.9780305849226 85.490991376665,27.9782129456885 85.491013797416,27.9783538926918 85.4910125922567,27.9784404647077 85.4909861040062,27.9785916982534 85.4910336572692,27.9786788052215 85.4910446417334,27.978765510971 85.4910432859329,27.9788629044843 85.4910906887104,27.9789608329373 85.4911111111485,27.9789887702293 85.4911111111485,27.9797222222142 85.4910589000769,27.9797222222142 85.491055312242,27.9797505350211 85.4910288236398,27.979901768537 85.4910998531055,27.9800540719729 85.4911227261967,27.9801625544433 85.4911455993285,27.9802710369101 85.4912416113402,27.9803803217482 85.4912638820941,27.980532090198 85.4913340085002,27.9807493225276 85.4914291173934,27.9809235362516 85.4914751657942,27.9811188580929 85.4914724546916,27.9813136450902 85.4914941234319,27.9815086995009 85.4914432549829,27.981659665646 85.4913680064459,27.9818103643238 85.4913186440286,27.9818531154236 85.4911217965982,27.9819808336405 85.490998691387,27.9820660681207 85.4908993632715,27.982194855994 85.4907265933833,27.9823444841119 85.4905547273174,27.9824291830311 85.490407542537,27.9824925063596 85.4902344700059,27.9826637767909 85.4901107602827,27.9827922963731 85.4899382899229,27.9829202804287 85.489862736792,27.9830926211178 85.4897868818128,27.9832866047282 85.4895900299972,27.9834143205539 85.4894444444818,27.9835404012942 85.4894419383323,27.983542571683 85.4893923443329,27.9836111111031 85.4893176232582,27.983714376401 85.4891666667041,27.9839193155367 85.4891436418254,27.983950574191 85.4891271240659,27.9841462541369 85.4891880275815,27.984264932925 85.4892601129741,27.9843414868426 85.4893940547868,27.9843537813694 85.4895266391536,27.9844634691327 85.4895868363066,27.9845182460244 85.4896467318793,27.9845946658627 85.4896694534177,27.9847139699716 85.4896065412577,27.9848539798409 85.4895553667465,27.9850265880211 85.4895893736038,27.9852109549365 85.4896480629362,27.9853739466552 85.4896223247634,27.9854710722309 85.4896206656434,27.9855901085528 85.4895092929444,27.9857079397913 85.4894718166844,27.9857724669745 85.4893985234137,27.9857824849991 85.4893491583667,27.9858252352669 85.4892857924871,27.9859977093705 85.4892842838272,27.9861059241836 85.4891360370972,27.9862449962571 85.4890007349367,27.9863300947077 85.4887800992643,27.9864142552487 85.488618755371,27.9866181216088 85.4885556897056,27.98676895234 85.4885773537758,27.9869640068985 85.4886736705716,27.9870516506048 85.488721376241,27.987127936865 85.4887057142702,27.9873766968457 85.4886917124834,27.9875064205777 85.4887144334139,27.9876257247785 85.4886259293749,27.9878520378633 85.4884996453141,27.9881645206596 85.4884723957208,27.9883698606528 85.4882874216548,27.9885193510521 85.4881280365064,27.9885825374864 85.4880299067855,27.9886247510336 85.4879070935102,27.9886883393347 85.4877961687596,27.9887737045276 85.4876617686291,27.9887938726516 85.4874041014713,27.988910092875 85.4872302581699,27.9891354661151 85.4871173680998,27.9893615097674 85.4870302191968,27.9894904284019 85.4868700762828,27.9896077206036 85.4866726047771,27.9897787174048 85.4866666667041,27.9897876818805 85.4865729618237,27.9899291444585 85.4864820281232,27.989999999992 85.4864496927181,27.9900251957376 85.4863888889263,27.9900634350886 85.4863143837089,27.9901102912315 85.486251463808,27.9902502991669 85.4862130767456,27.9903797540383 85.4861509125781,27.9904656546177 85.4862336785809,27.9906505589423 85.4862685882186,27.9907699976293 85.4862910045748,27.9909109450158 85.4863888889263,27.9909851967287 85.486508174309,27.9910756825302 85.4866288748367,27.9911635960795 85.486760859659,27.9913165724631 85.4867707834072,27.9914790285382 85.4867323964498,27.9916084835396 85.486705595813,27.9917813585402 85.4867049911725,27.9918246443775 85.4866789462409,27.991943412069 85.4866897768573,27.9920409393801 85.4867243850546,27.992182020883 85.4867320407071,27.9922222222142 85.4867471045271,27.9923013252843 85.4868310820262,27.9923996576253 85.4868531970508,27.9925622478474 85.4869117344967,27.9927360620198 85.4868974272633,27.9928874282776 85.4870300189994,27.9929971186272 85.4871019571873,27.9930844952096 85.4871618553902,27.9931609161553 85.4872222222596,27.9931855311979 85.487270971936,27.9932054092431 85.4874898096714,27.9932511093246 85.4875969624021,27.9934362811579 85.4877664314589,27.993524730234 85.4877756400191,27.9936111111031 85.4877777778152,27.9936311646921 85.4877987755032,27.9938281334362 85.4879560540237,27.9939164482133 85.4880763057297,27.994036825014 85.4881965577016,27.9941572017179 85.4883523269195,27.9943537307037 85.4884484987979,27.9944521961905 85.4884587271433,27.994593009255 85.4884689555063,27.994733822317 85.488515154156,27.9949183233284 85.4885140144612,27.994999999992 85.4885499811901,27.994999999992 85.4885849808764,27.9951571996971 85.4886111111485,27.9952226417691 85.4886674523226,27.9953637456641 85.4886531470047,27.9955151121311 85.4886772726768,27.9955555555476 85.4887246351684,27.99563495234 85.4888691216523,27.9957664180203 85.4888888889263,27.995792156096 85.4889205137294,27.9958333333253 85.4889529527122,27.9958755706615 85.4890488245352,27.9959956787101 85.4891666667041,27.9960635671114 85.4892491946027,27.9961111111031 85.4892786528571,27.9961280818854 85.4893995121016,27.9962051717815 85.4894444444818,27.9962511742302 85.4894956865293,27.9963036366114 85.4896157916343,27.9964348336617 85.4897127209082,27.9964791910178 85.4898683452191,27.9966865399265 85.4899896581033,27.9967311649348 85.4901096134245,27.9968731830558 85.4901671022184,27.9971227463099 85.4901893737384,27.9972745146526 85.4903096315682,27.9973948896851 85.4904405731578,27.9976236131827 85.4904876811107,27.9977431848227 85.4905585694454,27.9979063100527 85.4907614565813,27.9982224081939 85.4908334011394,27.9983097830123 85.4909297294755,27.9983974254634 85.4910243994813,27.9986041040257 85.4910593165926,27.9987235416691 85.4911428505453,27.9988543360455 85.4912498639821,27.999050326816 85.4912348077446,27.9992558009469 85.4912569303067,27.9994183906167 85.4913041906076,27.9995271405422 85.4912851749322,27.9997222222142 85.4912757363443,27.9998190526171 85.4913112570679,27.9998952043239 85.4913321738237,28.0001443657319 85.4913911742881,28.0002857138441 85.4914498734166,28.0004487048732 85.4914364754098,28.0005351428321 85.491397034983,28.0007403493462 85.4914807215301,28.0008603220878 85.4916009846372,28.0009806961411 85.49169701445,28.0010899810776 85.4918300730343,28.0011672028416 85.4920231884691,28.001310022062 85.4921083829508,28.0013217797441 85.4922222222596,28.0013382150051 85.4923517743493,28.0013569187589 85.4924369689134,28.00136867624 85.492472423281,28.0013888888809 85.4925000000374,28.0014046104721 85.4926305374267,28.0014790302276 85.4927747350721,28.0016321351311 85.4928332863312,28.0018059471223 85.4929895263338,28.0019700069747 85.4931946864439,28.0021237797889 85.4932652803254,28.0023085467442 85.4933716985425,28.0025478219527 85.4933954809275,28.0025913751219 85.4934057159701,28.0027321879382 85.4935130381781,28.002906534197 85.4936579916036,28.0030055308843 85.4937660671112,28.0031257695819 85.4939352553385,28.0032358546733 85.49407915612,28.0034106012888 85.4941491502984,28.0036386537595 85.4941590853727,28.0038011094964 85.4941690204648,28.00396356523 85.4940061535233,28.0042756515528 85.4939564803905,28.0043400460585 85.4937967734152,28.0044248810976 85.4936111111485,28.0046057170078 85.4935989830669,28.0046175298156 85.4934022460261,28.0047344279095 85.4932896518843,28.0049388330615 85.493175099518,28.0052839172163 85.4931598948699,28.0055002129569 85.4930974255639,28.0056077593116 85.4930447389484,28.0058885828127 85.4930545217845,28.0060618599902 85.4930540699351,28.006094324396 85.4930565339233,28.0061111111031 85.493076346749,28.0062460923093 85.493055555593,28.0062949499822 85.4930259190129,28.0063645937446 85.4929270214109,28.0064609174665 85.4928281236323,28.0065572411091 85.4928025329514,28.0066435454398 85.4928126166979,28.0067951796712 85.4928234536867,28.0068927065691 85.4928585256687,28.0070013223317 85.4928445251343,28.0071310462244 85.4928353448118,28.0072222222142 85.4928303739123,28.0072715915776 85.492840457713,28.0074232257974 85.4928988611102,28.0076078592107 85.4928844085774,28.0077700474906 85.4928833540662,28.0078457977459 85.4929410045284,28.0080845384664 85.4929134551412,28.0083115218277 85.4928381882524,28.0084622201041 85.4928234341402,28.008646051277 85.492905772153,28.0088634164886 85.493025141531,28.0090487183504 85.493023032588,28.0092002188417 85.4929718500312,28.0093728274677 85.4928476593711,28.0095338123552 85.4927777778152,28.0097855178261 85.4927577876355,28.0098575201953 85.4927203041955,28.0099220477951 85.4925355988,28.0100498993325 85.4923390012348,28.0101559739267 85.4922894749872,28.0102095461745 85.4922021633387,28.0103492887547 85.4922134521568,28.0104143512718 85.4922492781102,28.0104688598688 85.4922846519338,28.0105558328306 85.4922959408173,28.0106208953418 85.4923072297125,28.0106859578521 85.4923546461626,28.0107838860193 85.492365181527,28.0109030558133 85.4923882115981,28.0110007164493 85.492411392419,28.0110875556241 85.4924222292833,28.0111850824975 85.4924702488667,28.0112397248006 85.4925288040651,28.0114135368703 85.4925858524545,28.0116955634933 85.4926210762092,28.0117933578372 85.492630858432,28.0119666348955 85.4925921685206,28.012117734065 85.4925655211894,28.0122797884211 85.4926603559024,28.0124756445917 85.4927566978215,28.0125632861366 85.4927777778152,28.0125907276112 85.4929243925252,28.0127815874342 85.4929846065084,28.0128363633008 85.4930567127091,28.0129129157663 85.4931285177053,28.0130111111134 85.4932468372011,28.0132721630748 85.4933311373979,28.0133488491018 85.4934140820685,28.0135229282098 85.4934709830001,28.0138157759733 85.4935293903975,28.0140004091289 85.4935890028932,28.014098470594 85.4936072083686,28.0141666666587 85.4936111111485,28.0141812861194 85.493635367598,28.0142721485859 85.493779884062,28.0144036099604 85.4938247738288,28.0144444444364 85.4938641854947,28.0144802956971 85.4938888889263,28.0145169271466 85.493959777236,28.014622043779 85.4941051979547,28.0146885760778 85.4943832440884,28.014864792481 85.4945742793189,28.0151591093887 85.4946344954367,28.0152138845978 85.4948154451542,28.0153565671529 85.4949105874199,28.015530779023 85.4949941381118,28.0156615714352 85.495064742801,28.0158463375775 85.4951842735483,28.0160208163615 85.495329245564,28.0161198118459 85.4954012051119,28.0162071846594 85.4954972516455,28.016316467381 85.4957006366792,28.016600094921 85.4957710927136,28.0167956822118 85.4958304078892,28.0169153857353 85.4958650344646,28.017056465217 85.4958755739783,28.0171756348109 85.4958737691156,28.0173054923921 85.4958713626134,28.0174786358296 85.4958937953627,28.0176195818234 85.4959285726048,28.0177498398227 85.4959388114129,28.0178906523342 85.4959601914965,28.0181073485651 85.4960192067389,28.0182486949494 85.4960776205583,28.0184333271686 85.4961839088162,28.0186834219793 85.4962783041178,28.0189117403419 85.4962257678975,28.0191817431433 85.4962001764125,28.0192680479431 85.4963448528722,28.0193886854433 85.4964291599108,28.0194653697738 85.4965607405318,28.0196508024134 85.4966203587009,28.0197488627129 85.4966664296105,28.0199441827566 85.496738242328,28.0200423764283 85.4967730212325,28.0201726342391 85.496746527882,28.0203238679245 85.4967329804962,28.0204211276918 85.4966569578265,28.0206259350023 85.4965821377075,28.0207441705494 85.49644544323,28.0209266676284 85.4963941092219,28.0211100987033 85.4963942578699,28.0211111111031 85.4964275346084,28.0213377497322 85.4965106402133,28.0215010057451 85.4965564107829,28.0217179687216 85.496578093216,28.0219130218949 85.4965523508877,28.022010148174 85.4964770784972,28.0221608479806 85.4964385399367,28.0223011266242 85.4964117446847,28.0224740030805 85.4964591695601,28.022571930014 85.4964811526713,28.0227453402601 85.4964299680936,28.0229179498114 85.496499677117,28.0231676440599 85.4965594473855,28.0232548829515 85.4966062712215,28.023396095678 85.4966639365695,28.0236348349557 85.4966666667041,28.0236625034043 85.4966746276165,28.0237431829784 85.4966666667041,28.023759565656 85.4966118495501,28.0238723732988 85.4965746638435,28.0239152588076 85.496536124671,28.0240555374246 85.4966053834152,28.0243376959901 85.4966645528843,28.0244682206804 85.4966650187083,28.0244799414926 85.4966793452729,28.0245008518495 85.4967251171565,28.0247178147407 85.4967356579515,28.024836984206 85.4967460483964,28.0249669751267 85.4967931738364,28.0250865448793 85.496815759245,28.0252166692225 85.496813804538,28.0253573481649 85.4968488856479,28.0254659630151 85.4968713208223,28.0256069088048 85.4968079403321,28.0257793849738 85.4966838855486,28.0259295509928 85.4966666667041,28.0259735725224 85.4966585933275,28.025994212838 85.4966666667041,28.0260244488552 85.4967049671688,28.0261678898929 85.4968008730437,28.0262879933999 85.4968847344704,28.0263971419645 85.4969318606114,28.0265167116755 85.4970036776467,28.0266149052965 85.4970508040042,28.0267344749718 85.4970246096823,28.0268640656127 85.4970473459867,28.026983368455 85.497058037585,28.0270917164245 85.4970077536493,28.0271993973113 85.4969576199696,28.0272962567195 85.4969320268227,28.0273825615054 85.496930673547,28.0274799545941 85.4968558486091,28.0275981900041 85.4967811738839,28.0277056039119 85.4967807227414,28.0277380682712 85.4967435356947,28.0277809537535 85.4966666667041,28.0278341557791 85.4966203807801,28.0278661908675 85.4964963232079,28.0280163565701 85.4964708799126,28.0280918397894 85.4964585342898,28.0281025277693 85.4964079484057,28.0282318512808 85.4963079797169,28.0284039266299 85.4962084620303,28.0285435375429 85.496194762324,28.0286516185347 85.4961688673041,28.0287595660228 85.4960815443892,28.0288993103175 85.4959817249925,28.0290605639218 85.4959309875671,28.0292007086472 85.4959511649554,28.029503976191 85.4959489078192,28.0296662978814 85.4958974176162,28.029860549797 85.4959327999918,28.0299475219428 85.49593129519,28.0300557363957 85.4959648719122,28.0302725658754 85.4959005839777,28.030509970017 85.4958620411682,28.0306502481896 85.4959087163205,28.0308022825399 85.4958689694573,28.0310291322528 85.4958671635354,28.0311589895717 85.4956804674656,28.031427522439 85.4955684493688,28.0315886420154 85.4954205968004,28.0316952535495 85.4953326681765,28.0318782829386 85.4953168592473,28.0321378638877 85.4952298334438,28.0322559645492 85.4950085043547,28.0323834168406 85.4948844391235,28.0325335807037 85.4947487802892,28.0326403250545 85.4946381151395,28.0327040508302 85.4945516906736,28.0327788652697 85.4944271723994,28.0329614929689 85.494376280252,28.0331124583264 85.4942513092697,28.0333275501266 85.4941757237228,28.033499890864 85.4941359719774,28.0337267398095 85.4940734859315,28.0338342855854 85.4939610107259,28.034027867894 85.493923066777,28.0341248595914 85.4939576952434,28.0342659393303 85.4939442937043,28.034352377038 85.493880450655,28.0345573155474 85.4938790942234,28.0346547083976 85.4938649389729,28.034795253226 85.4938631303593,28.0349251103539 85.4937607393165,28.0352703261118 85.4937229454347,28.0353564962872 85.4935991763562,28.0354850158741 85.4935737290499,28.0355604983306 85.4935847190799,28.0356472034884 85.4936810814958,28.0357348449313 85.4938025898451,28.0357686466682 85.4938510726274,28.0357908244743 85.4938864550364,28.0358777970863 85.4938849478122,28.0359860113438 85.4938835913033,28.0360834041739 85.493895184507,28.0361268236104 85.4939070791627,28.0361486001951 85.4938801246385,28.0363322969556 85.4939147536133,28.0364733766867 85.4939008995045,28.0365922786259 85.4938254616028,28.0367537975568 85.4938353967759,28.0369162526604 85.4937729084376,28.037023798168 85.4936619366323,28.0371091657669 85.4935630101074,28.0372054884593 85.4935481001234,28.0374001402847 85.4935584871865,28.0375301311151 85.493433509073,28.0377452217758 85.49342569769,28.0377777777698 85.4934076086956,28.0378531684135 85.4933333333707,28.0379809974986 85.4933201235809,28.0380037317693 85.493245890141,28.0380786789243 85.4931471131407,28.0381641798363 85.4928765314569,28.0383235570232 85.4926313977518,28.0384074514491 85.4924220983297,28.0385458541238 85.4922864293459,28.038652595564 85.4922364366091,28.0387386313088 85.4921007671997,28.038845372546 85.4918306351623,28.0389722832973 85.4917445055276,28.0390254528131 85.4917068595657,28.0391008008646 85.4916681567939,28.0392518987696 85.491691492929,28.039327916525 85.4917026326384,28.0394038003343 85.4917015758964,28.0394795501995 85.4916765791032,28.0395225679467 85.4916874168841,28.0396200945735 85.4916981037149,28.0397284426076 85.4915619795701,28.039867647453 85.4915244841452,28.0399321740216 85.4914255530835,28.0400284949611 85.491302832804,28.0400812622347 85.4911920069068,28.0401558061969 85.4911305711433,28.0401876004408 85.4910319415706,28.040262278261 85.4909214173995,28.0403151791801 85.4908230896831,28.0403682140316 85.4907246108052,28.0404320702115 85.4906137841607,28.0405066136738 85.4905153050364,28.0405704696925 85.4904653099591,28.0406565046798 85.490379178312,28.0407096732481 85.4902689556088,28.0407409308081 85.4901953226511,28.0407725905304 85.4900841930338,28.0408687763321 85.4899497280104,28.0408889440382 85.4898274595583,28.0409092457273 85.4897291307889,28.040962279749 85.4896675429806,28.0410048946967 85.4895327753483,28.0410467047767 85.4894339927142,28.0411322027618 85.4893099093458,28.0412823607113 85.4891377951073,28.0413778748546 85.4890391631016,28.0414525511348 85.488866594581,28.0415805290919 85.4887919017871,28.0416879377592 85.4887659956778,28.0417958832443 85.4887161499018,28.0418710961129 85.4886403977464,28.04205425441 85.4883223746862,28.042115692483 85.4881998019393,28.0421576354284 85.4880291988392,28.0421449342097 85.4878345050402,28.0421103214142 85.487675644668,28.0421302182139 85.4874437552013,28.0421384874636 85.48722391103,28.0421577120562 85.4870155062918,28.0422311775732 85.4867817989291,28.0423693022598 85.4867077094639,28.0424334241606 85.4866209686612,28.0425298757473 85.4864604409294,28.042668806268 85.4863372608206,28.0427540330043 85.4862012775658,28.0428824106812 85.4859677193413,28.0430097124986 85.4857228732445,28.0430719511631 85.4855748436218,28.0431893723056 85.4853894649989,28.0433604965749 85.4852665865428,28.0434240795366 85.4850334810635,28.0435189155569 85.4848607529534,28.0436577094964 85.4847618126157,28.0437540252189 85.4846741588508,28.0439154036519 85.484550217403,28.0440547354915 85.4843777912644,28.0441718860244 85.4841814260668,28.0442563029696 85.4838352059565,28.04458799507 85.4836624746052,28.0447267873541 85.4836132311427,28.0447587127056 85.4834167124862,28.0448539498444 85.4832558735326,28.0450145189937 85.483167912743,28.0451975390238 85.4829221489878,28.0453247005557 85.4827730499983,28.0455178678871 85.4826605418157,28.0457114393561 85.4826323497978,28.045981703652 85.4824219596338,28.046195839329 85.482359454372,28.0463033788488 85.4822109608009,28.0464532600475 85.4820505735511,28.0465813635357 85.4819877637229,28.0467105455559 85.481874948829,28.0469257589419 85.481689557891,28.0470968776453 85.4816400087275,28.0471504449069 85.4815288649982,28.0472466231433 85.4815024939902,28.0473870308749 85.4814770351316,28.0474625105237 85.481402482882,28.0475590932908 85.4813529333579,28.0476126604315 85.481302623502,28.0477203342731 85.481203524153,28.0478274684501 85.481140408384,28.047978292678 85.4811021434282,28.0480969226867 85.4810400919467,28.0481719974561 85.4808915939194,28.0483218770161 85.4808167363114,28.0484401020911 85.4807049820115,28.0485795649221 85.4806549752787,28.0486655957898 85.4806773925224,28.0488065431296 85.4807376191941,28.0488613246306 85.4807469263733,28.0490670650372 85.4808307876372,28.0491762231147 85.4809143448564,28.0493070238253 85.4809227397312,28.0495776922581 85.4809947081931,28.0496650726252 85.481053262448,28.0498388887417 85.4811133377784,28.0499044914396 85.4811973521134,28.0500028279803 85.481329700808,28.0501341681486 85.4813403777303,28.050242516464 85.4813502943245,28.0504049714789 85.4814824916241,28.0505471328595 85.4815909021112,28.0506457389808 85.4816383244025,28.0507436706038 85.4816760854389,28.050774204436 85.4818196173191,28.0508647285407 85.4819275723867,28.0509957984423 85.4821460672007,28.0510739751839 85.4821578089417,28.0511065740557 85.482242281094,28.051172445984 85.4822901601356,28.0512379133762 85.4823624347255,28.0513036504048 85.4822759866313,28.0513784560092 85.4822145418974,28.0514102458612 85.4821293095983,28.0513984806243 85.4819220997914,28.051385366748 85.4817874684244,28.0514163471995 85.4816666667041,28.0514788460655 85.481603133652,28.0515117159923 85.4815172931211,28.0515432357324 85.4813081061072,28.0516707983196 85.4810028573794,28.0516890676561 85.4808194342744,28.051719507334 85.4805748699919,28.0517600931834 85.4803912944992,28.0518013536128 85.4802435513154,28.0518971255027 85.4801938469461,28.051961513424 85.4798988162154,28.0521205925826 85.4797872089613,28.0522492330693 85.4797114337646,28.0524323852956 85.4796242216985,28.0525612957518 85.4795251160658,28.0526684284051 85.4794250965723,28.0528404889377 85.4794118327177,28.0529161031306 85.4793375792458,28.0529910418303 85.4792020314336,28.0530869475835 85.4791890719911,28.0531409190949 85.4790411735963,28.0532475108833 85.4789057775349,28.0533325949941 85.4787837979879,28.0533312435338 85.4785520368717,28.0533286754609 85.4784660416987,28.0533710145144 85.4783307974437,28.0534452767123 85.4782319945227,28.0535307656972 85.4780478055682,28.0536153081039 85.4779730933972,28.0537227099563 85.4778863355066,28.0538191552105 85.4777997299064,28.0539047790857 85.4775479934527,28.0540210408796 85.4774557458557,28.0540741329414 85.4774000160341,28.0541330414329 85.4773751624876,28.0541652348177 85.4773624307236,28.0542029741364 85.477367767285,28.0542571483476 85.4773966612692,28.0543711103456 85.4774448435828,28.0544149367108 85.4774556692881,28.054512463813 85.4773994817545,28.0546038362331 85.4774049708355,28.0546471891276 85.4774167877053,28.054674377691 85.4773971943732,28.0547661559361 85.477310587604,28.0548517794462 85.4772537134722,28.0549918476964 85.4770635747263,28.055065499678 85.4769225334076,28.0551180500721 85.4768723678969,28.055214900556 85.4767984924618,28.0552627844527 85.4767552649378,28.0553001853517 85.476772341714,28.0553869588357 85.4767836245391,28.05545202203 85.4767643356215,28.0555221575301 85.476756176938,28.0556681775294 85.4766875611051,28.0557756462161 85.4765765564916,28.0558609984972 85.4765090847711,28.0558873072762 85.4764352850082,28.0559297802951 85.4763674317041,28.055983142267 85.4763607984688,28.0560209491498 85.4762806705141,28.0560795863481 85.4761885731505,28.0561218561441 85.4761202617161,28.0562076818973 85.4760825984886,28.0562830248213 85.4760390650246,28.0563420680719 85.4760379202311,28.0564232278519 85.4760551491974,28.0564991800919 85.4760664316703,28.0565642433226 85.4760289209109,28.0566287649182 85.4758997700686,28.0567030921662 85.4757828173781,28.0567775547186 85.4756901085198,28.0568631093515 85.4755062936731,28.056920594755 85.4754144243567,28.0569466320364 85.4753155395332,28.0570375293131 85.4751805176447,28.0570955561552 85.4750089005233,28.0571531763523 85.4749226718181,28.0572117449345 85.47483613749,28.0572919560514 85.474798931277,28.0573348346729 85.4747189542871,28.0573826495811 85.4745839316667,28.0574406758039 85.4745223285052,28.0574832832557 85.4744049156209,28.0575902084373 85.4743431594876,28.0576436370952 85.4742753804945,28.0576915872906 85.4742072957793,28.0577611800349 85.4742004324043,28.0578152187086 85.4741813705808,28.0578691218014 85.4741744307655,28.0579285711182 85.474173743004,28.0579772669328 85.4741235736225,28.058074116224 85.4740739391129,28.0581330909725 85.4739996018869,28.0582134370886 85.4740040961498,28.0583271284404 85.4739836584048,28.0584784231083 85.4738965108762,28.0586019187104 85.4738818664386,28.0587749237328 85.4738251384881,28.0589041689402 85.4737628462045,28.058995471796 85.4736944545255,28.0590867068039 85.4736688342237,28.0591730058455 85.4736190460392,28.0592428016781 85.4735570591894,28.0593124618478 85.4735246513153,28.0594473888214 85.4734565649715,28.0595169811137 85.4734132581053,28.0595597914682 85.473375974057,28.05960808028 85.4733017881949,28.0596776046561 85.4732400302953,28.0597310327335 85.473178195861,28.0597898714225 85.4731348122979,28.0598380923208 85.4731096502111,28.0598919273733 85.4730841057033,28.0599728156283 85.473053150141,28.060004940257 85.4730037435761,28.0600476826201 85.4729348151544,28.0601767916731 85.4729272625421,28.0602795260035 85.472821737711,28.0604082278724 85.4728022157181,28.0604945945527 85.4727948924291,28.0605810969439 85.4727636306121,28.0606348640558 85.4727563072772,28.0607213664417 85.4726939364878,28.0608180793523 85.4725157537325,28.0609080920916 85.4724472832247,28.0610047370037 85.4724221970161,28.0610531612579 85.4723229232442,28.0611711092735 85.472296995191,28.061279050526 85.4721433620595,28.0613585129806 85.472106612527,28.0613689269216 85.4719598439506,28.0613943506711 85.4718739163635,28.0614312745544 85.4717998813601,28.0614899767387 85.4717622131514,28.0615653182302 85.4717062466099,28.0616404559843 85.4716558435258,28.0617535360797 85.4716787867053,28.0618566098189 85.4716347125991,28.0619535258987 85.4716033732264,28.062012703334 85.4715351308652,28.0620931158078 85.4715403115576,28.062158111358 85.4714953184008,28.06231995501 85.4714380495828,28.0624870734299 85.4713209343911,28.0625723530225 85.4711854439876,28.0626628393413 85.4710803742065,28.0627590758477 85.4710550571813,28.0628237317029 85.4709678260465,28.0629526357341 85.470801454342,28.0630698350813 85.4706175498774,28.0631327240015 85.4705190383534,28.0631965641976 85.4705063030029,28.0632343026962 85.4704624571022,28.0633149864198 85.4704189176275,28.0633740275968 85.4703756079815,28.0634168368612 85.4702157176286,28.06350705025 85.4700686392108,28.0635541143625 85.4699817128812,28.0636613751599 85.4699134682492,28.06374178672 85.4698514763647,28.063811444976 85.4698010702451,28.0639245242392 85.4697495907864,28.0641133522986 85.4696321658431,28.0642202728271 85.4694845495031,28.0643052106656 85.4693549249389,28.0644119949083 85.4692065412478,28.0645510387104 85.4690155367377,28.0646841954701 85.4688923176715,28.0647694047592 85.4688306313587,28.0648174199861 85.4686763002645,28.0649455738612 85.4685720699532,28.0649822913503 85.4685286822037,28.065030510594 85.4684853711408,28.065073319196 85.4683993627535,28.0651156513481 85.4683558981405,28.0651692811567 85.4683000807756,28.0652335960656 85.4681649682513,28.0652970260112 85.4681037417922,28.0653125771336 85.4679936415764,28.0653329942089 85.4679266224696,28.065326834671 85.4678653192068,28.0653477963093 85.4677921237163,28.0653469792422 85.4677127518396,28.0653515046661 85.4676578552234,28.0653508918084 85.4676149275457,28.065366646997 85.4675862467687,28.0653385478454 85.4675360930716,28.0653332979536 85.4675176311455,28.0653271083976 85.4674276051189,28.0652400914813 85.4673063806354,28.0651846230675 85.4671967411765,28.0651725757665 85.4670745953366,28.0651820346249 85.4669766175274,28.0652079977479 85.4667865309591,28.0652762237782 85.4666877848386,28.065356292902 85.4665765320307,28.0654578681427 85.4664047436802,28.0655262980479 85.466390626072,28.0655385093727 85.4662883896858,28.0655574668206 85.4661910261084,28.0655401444012 85.4660382279554,28.0655600827417 85.4659338425333,28.0656076194031 85.4658357103787,28.0656444029217 85.4657076180424,28.0656429711213 85.4655676339415,28.0656197603491 85.4654574561528,28.0656455859752 85.4653221877987,28.0657198342666 85.4651874575149,28.0657562080968 85.4650348896273,28.0657599134494 85.46486402282,28.0657634139686 85.464735545822,28.0657890343359 85.4645642943551,28.0658195875577 85.4644848451599,28.0658295217103 85.4642818643351,28.0659463032147 85.4641776317138,28.0659830172632 85.4640421312539,28.06607349608 85.4639499438351,28.0661211676915 85.4638152896122,28.0661521295207 85.4637356861893,28.066172884453 85.4635831177434,28.066176588166 85.463516021497,28.0661758370763 85.4633389774311,28.0661846779978 85.463253736195,28.0661729006838 85.4631619333477,28.0661935186897 85.4630697454647,28.0662411896896 85.4629719968792,28.0662509180397 85.4628496185978,28.0662766049053 85.4627456932883,28.0662916753902 85.4626784429557,28.0663017451091 85.462555833479,28.0663436635376 85.4624575455495,28.0663912657839 85.462371610949,28.0664281834053 85.4622249877534,28.0664427751438 85.4621941812224,28.0664640758747 85.4620958159838,28.0665170884591 85.4620162120079,28.0665378423691 85.4619301230333,28.0665855809191 85.461856464532,28.0666172243027 85.461722811089,28.0665778461275 85.4616249079756,28.0665983947155 85.4615699338056,28.0666031900058 85.4614355096611,28.0666179176256 85.4613308129853,28.0666870930841 85.4612142251887,28.0667344892604 85.4610797237467,28.066754627129 85.4610417377669,28.0668516076766 85.4609981917673,28.0669106455748 85.4609855682911,28.066940267113 85.4609607839696,28.066967046552 85.4609238773516,28.0669882785825 85.4608687101817,28.0670066000954 85.4608195270188,28.0670331058972 85.4607914999909,28.067073377613 85.460760307411,28.0671217310259 85.4607048702197,28.0671589895852 85.4606312109927,28.0671906322788 85.4605792477854,28.0671981666665 85.4605485178554,28.0672140564001 85.4605175565212,28.0672461779386 85.4604928877136,28.0672648413786 85.4604315434869,28.0672885048912 85.4603884983759,28.0673123736479 85.4603485802445,28.0673308659997 85.4602995510978,28.067346550396 85.4602561973544,28.0673920615223 85.4602029225107,28.0674915760162 85.4601285299715,28.0675746191511 85.4601033595228,28.0676284514324 85.4600965268266,28.0676797837206 85.4600984965328,28.0677555663765 85.4600642535675,28.0678038853874 85.4600422486364,28.0678496359685 85.4599683186866,28.0679002153845 85.4599375113055,28.0679215155702 85.4599005655818,28.0679454526026 85.4598694880914,28.0679856898785 85.4598599526298,28.0680126402146 85.4598592967072,28.0680586303298 85.4598525024421,28.0681072572962 85.4597779548508,28.0682011214093 85.4597339445521,28.068292622454 85.4597030598354,28.0683193331808 85.459635730842,28.0683348119452 85.4595863152307,28.0683775490665 85.4594997606302,28.0684577495821 85.4594379137823,28.0685165815134 85.4592661935907,28.0685795914797 85.4592414084615,28.0686063705702 85.4591797157964,28.0686543811757 85.4591185635228,28.0686645175553 85.4590088445803,28.0686578742128 85.4589230614986,28.0686839683464 85.4588435326071,28.0686993097231 85.4586717345808,28.0687677295167 85.4585729021772,28.0688532029941 85.4584686649762,28.0688899125025 85.4584011809898,28.0689162118335 85.4581986515878,28.0690005202157 85.4580640696272,28.0690260655838 85.4580141895128,28.0691012656752 85.4579761226243,28.0692036557961 85.4579510279683,28.0692520770167 85.4579873950716,28.0692687200189 85.4579135018439,28.0693165929429 85.4578826936623,28.0693378926309 85.4578271770863,28.0693805605269 85.4577654060877,28.0694339810441 85.4577278025073,28.0695039075062 85.4577148300511,28.069557876363 85.4576651040004,28.0696222551125 85.4576332137035,28.0697193030658 85.4576142186098,28.069767792762 85.4576131366113,28.0698435410872 85.4575698193663,28.0698863459668 85.4575451108047,28.0699077141229 85.4575376970249,28.0699996256707 85.4574692073099,28.0700962622264 85.457449980184,28.0701609836736 85.4574243439775,28.0702472789301 85.4573501406219,28.0703167938822 85.4572828100889,28.0703322714247 85.4572092250469,28.070358501548 85.4570686959435,28.0703731561004 85.4569587435176,28.0703827428339 85.4568795224377,28.0703764406382 85.4567916496412,28.0705486193445 85.456856660586,28.0706954598144 85.4568896256756,28.0709501691643 85.4568632928617,28.0710851596071 85.4568255334212,28.0711659069429 85.4567939511788,28.0712413122661 85.4567140334673,28.0712837052723 85.4565793710125,28.0713146596398 85.4564809986793,28.0713676678778 85.456315681687,28.0714091001232 85.4562360731139,28.071429850478 85.4561624870841,28.071456079996 85.4560511408572,28.0715630565625 85.4559343908432,28.0716212690967 85.4557259867265,28.0716892731214 85.455517117979,28.071789740345 85.4553945771064,28.0718262413963 85.4552286397572,28.0719109569807 85.455057453819,28.0719360872313 85.4549834026367,28.0719947796075 85.4548905869008,28.0720857294206 85.4548529804872,28.072155654958 85.4548453318744,28.072263797991 85.4548315832573,28.0723718723395 85.4546889604201,28.0725326101329 85.4546751341572,28.0726460950389 85.4545213950002,28.0727309470648 85.4543992400324,28.0727403942453 85.4542709075826,28.0727551831924 85.4541108355501,28.0728561977799 85.4540249705758,28.072887699239 85.4539394929524,28.0728921477281 85.4538416603346,28.0729072798748 85.4537618177726,28.0729442604738 85.4534369670182,28.0730488289846 85.4533013714099,28.073144706975 85.4531851609064,28.0731650429644 85.4530447053171,28.0731742826417 85.452885561972,28.0732103687638 85.452805486268,28.0732635805218 85.4525916751029,28.0732828155779 85.4523952332636,28.0733671836185 85.4522893609139,28.0735175102944 85.4521898985915,28.0736462633652 85.4520487441473,28.073704197191 85.4518347768545,28.0737342521799 85.451651930501,28.0737213663558 85.451499506846,28.0737142350349 85.4514933291913,28.0737195767775 85.4512247717712,28.0737273689935 85.4510962049815,28.0737583866295 85.4509912620296,28.0738437853131 85.4508434632152,28.0739395230241 85.4506417729839,28.0739643032709 85.4505742063981,28.0739960091043 85.4504087281009,28.0740482551115 85.4502234737191,28.0742030951158 85.4501068732374,28.074250481286 85.4499771403058,28.0743626564077 85.4497542741985,28.0745874197264 85.4496988294683,28.0746246734955 85.4496307959975,28.0746888422564 85.4496056962749,28.0747372617132 85.449520139433,28.0747471179519 85.4494776718443,28.0747304037713 85.4494291041691,28.0747136206507 85.4493562915435,28.0746857406537 85.449296145459,28.0746255350692 85.4492600112086,28.0745926580486 85.4491816426846,28.0745268350431 85.4490540071988,28.074492923871 85.448944672052,28.0744592194296 85.4488225926251,28.0744632509763 85.4486386570975,28.0745261090556 85.4485524783259,28.0745792492364 85.4483568866275,28.0746040950189 85.4482280070063,28.0746567521559 85.4481113274566,28.074709547139 85.4480012923784,28.0747245370459 85.4479951144981,28.074729878621 85.4478182894853,28.0747224671969 85.447744310372,28.0747757448438 85.4476581309831,28.0748288844353 85.4475725739518,28.0748387394493 85.447474505463,28.0748700986394 85.4473398362909,28.0749010436377 85.4472414563974,28.0749540449124 85.4471432320638,28.0749962249847 85.4469846292209,28.0749944301223 85.4468258707065,28.0750034562025 85.4467396907071,28.0750565951899 85.4466782224858,28.0750883680741 85.4465069521609,28.0751188979254 85.4463481934511,28.0751279234437 85.4462624803599,28.0751485987487 85.4462124334458,28.0752346151662 85.4461750539594,28.0752883063425 85.4461134296897,28.0753309000824 85.4460876273261,28.0754280138687 85.4460748040075,28.0754711601982 85.4460496246391,28.0755249894887 85.4460000446875,28.0755785424481 85.4459382644022,28.0756319572186 85.4459010404186,28.0756748271862 85.4458755493404,28.0757502986774 85.4458502140133,28.0758149490421 85.4458003222368,28.0758901441565 85.4457624749109,28.0759762985549 85.4457121155809,28.0760839569855 85.4457108691404,28.0761705259322 85.4456609770925,28.0762457209817 85.4456112407896,28.0763100948919 85.4456225062564,28.076375159798 85.4456214155451,28.07645090762 85.4455719907616,28.0764936392752 85.4455105213831,28.0765254115833 85.4454360724054,28.0766111512258 85.4453616233081,28.0766968908222 85.4452999979033,28.0767394841433 85.4452374373083,28.0768470041234 85.4451501639931,28.0769758898083 85.44503895721,28.0770720355773 85.4449526187963,28.0771359944384 85.4448534562333,28.0772430994171 85.4447842607463,28.0772771366003 85.444620867903,28.0772945775901 85.4445720660465,28.077294024406 85.4445226404636,28.077336755646 85.4444979276574,28.0773581212586 85.4443878115323,28.0773785186883 85.4443136729783,28.0774426154338 85.4442761357948,28.0775071271165 85.4442389104891,28.0775499965694 85.4442018411194,28.0775820449026 85.4441763483505,28.0776575159923 85.4441270784184,28.0776894259668 85.4440291624048,28.0777099614304 85.4439437588523,28.0777089929655 85.4438580433015,28.0777296666602 85.4437469906225,28.0778149901888 85.4437097650015,28.0778578594836 85.443586979632,28.0779105811788 85.4435009517852,28.077952896849 85.4434638820619,28.0779849449666 85.4434266562703,28.0780278141768 85.4433894304487,28.0780706833754 85.4433156029491,28.0781131373266 85.4432658643729,28.0781775102791 85.4431792119017,28.0782631101406 85.443166230965,28.0783170772228 85.4431475399169,28.0783439223341 85.443104291624,28.0783813116789 85.4430611993867,28.0784078799076 85.4430421180769,28.0784617777549 85.4430231928369,28.0785048544976 85.4429736880424,28.0785529956757 85.4429180829024,28.0786010676084 85.4429112801423,28.0786496933327 85.4429048676327,28.0786712663063 85.4428798419906,28.0787142737978 85.4428541918929,28.0788005656815 85.4428535674565,28.078843850079 85.4428469988119,28.0788762441478 85.4428584969536,28.0789250775527 85.4428693706701,28.0790171953534 85.4428376982068,28.0790980074487 85.442855218639,28.0791523206327 85.4428422374122,28.0792062876668 85.4428046987023,28.079270798871 85.4427672380066,28.0793298995135 85.4427298553314,28.0793835895947 85.442728606327,28.0794701583769 85.4427278256964,28.0795242638653 85.4426776957574,28.0796156892948 85.4426526697887,28.0796586967268 85.4426514987756,28.0797398549539 85.4426556474486,28.0798751879039 85.4426460284795,28.0799075473333 85.4426085674603,28.0799666479148 85.4426048536695,28.0800126029527 85.4426164689013,28.0800533205484 85.4426251900891,28.0800831824261 85.4426216324398,28.0801183163676 85.4425934390203,28.0801694049809 85.4425805746248,28.0802152561506 85.4425249293856,28.0802660331452 85.4424784346889,28.0803169139885 85.4424620905887,28.0803924885299 85.4424216962097,28.0804434385996 85.4424032388338,28.0804540519375 85.4424030826688,28.080464873032 85.4423504483761,28.0805183898454 85.4423004737958,28.0805989939993 85.4422783414607,28.0806528570642 85.4422320417057,28.0806902114433 85.4422127642934,28.0807576354916 85.4422120224087,28.0808090356832 85.4421715887016,28.0808626909384 85.4421530140844,28.0808814200576 85.4420881395479,28.0809375034971 85.4420783250485,28.0809833892362 85.4420805942605,28.08103752933 85.4420734785111,28.0811077971583 85.4420853669892,28.0811295778789 85.4420723069914,28.081188955346 85.4420439568057,28.0812508649085 85.4420344156154,28.0812778137308 85.4420371143742,28.0813021958216 85.4420483389872,28.0813699661831 85.4420475579534,28.0814240716389 85.4420163527176,28.0814724201915 85.4419757233821,28.0815396017335 85.4419291888015,28.0815931876217 85.441901228975,28.0816280444185 85.441866817149,28.0816871793818 85.4418776120599,28.0817847077475 85.4418494178202,28.0818357961644 85.4417904867819,28.0819027697956 85.4417470803105,28.0819509797066 85.4417216627817,28.0820210396394 85.4417202565862,28.0821184294351 85.4417075087336,28.0821561646699 85.441645488111,28.0822258088535 85.4415837017963,28.082279221374 85.4415585184677,28.0823330496352 85.4415207434257,28.0824137920157 85.4414772584855,28.0824674123681 85.4414653335737,28.0824730066552 85.4414830464599,28.0824891238393 85.4415193370257,28.0825111817966 85.4415365447209,28.0825871372919 85.4416697405734,28.0826589988047 85.4417609359887,28.0826816803025 85.4418181488723,28.0827337386526 85.4418512721515,28.0827638777254 85.4418994988444,28.0827809603489 85.4419301885154,28.0827918310942 85.4419970600698,28.0828088247789 85.44203061358,28.0828393551897 85.4421003786599,28.0828370551544 85.4422158983876,28.0828654239875 85.4423799882415,28.0829105784432 85.4425256985193,28.0829609354961 85.4425795883711,28.0830318958546 85.442584785296,28.083036034176 85.4426341029288,28.0830595718279 85.4427064507212,28.0831199187925 85.4427722295976,28.0832126597557 85.4428017174725,28.0832833430634 85.4428552173148,28.0833813560544 85.4429216990676,28.0834254020385 85.4429760577865,28.0834638989785 85.4430239256593,28.0835293793986 85.4430541163188,28.083551367741 85.4431148099035,28.0835737022206 85.4431512572891,28.0835849386773 85.4431932588941,28.0836341181767 85.4432539525565,28.0836564525975 85.4433026011628,28.0836678274591 85.4433873850535,28.0837120808887 85.4434786598063,28.0837293507438 85.4435080702377,28.083805444466 85.4435320824406,28.0838327740456 85.4435618831133,28.0838818150204 85.4435601663239,28.0840008470648 85.4435834762656,28.0840768715638 85.4436130429223,28.0841421441717 85.4436058498247,28.0842178226281 85.4436351824296,28.0842993268741 85.4436833631834,28.0843431648976 85.4437192646863,28.0843922750475 85.4437241168483,28.0844789130105 85.4437783203277,28.0845282307546 85.4437826263485,28.0846527425485 85.4437698008351,28.0846958885259 85.4437385953302,28.0847442374412 85.4437377370032,28.0848037534612 85.4436815045614,28.0848951099225 85.4436743894682,28.0849653778274 85.4436737651991,28.085008662203 85.4436854202974,28.0850466744438 85.4436540585761,28.0851058444256 85.443671502212,28.0851655680619 85.4436772127157,28.0851926900026 85.4437068577345,28.0852525520478 85.4437248476442,28.0852744018504 85.4437907846985,28.0853563212909 85.4438319289548,28.0854650166385 85.443873697493,28.0855304275993 85.4439085071178,28.0856552853692 85.4439008459233,28.0857634271108 85.4438816074872,28.0858281460776 85.4438496994274,28.0859251899196 85.4438489191472,28.085979295386 85.4438177132763,28.0860276442971 85.4437866634397,28.086065172107 85.4437556916144,28.0860972893625 85.4437423628013,28.0861111111031 85.4437247197705,28.0861294066101 85.4436806100002,28.0862263119852 85.4436605129115,28.0863505469127 85.4436356417067,28.086382733345 85.4435796424191,28.0864578580712 85.4435533663593,28.0865874343038 85.4435521176376,28.0866740030291 85.4435271682754,28.0867115999812 85.4435013603657,28.0868087129238 85.443500579882,28.0868628183742 85.4434879100478,28.0868951432069 85.4434747719055,28.0869599313073 85.4434738353029,28.0870248578454 85.4434854124617,28.0870682806432 85.4434664076599,28.0871167678864 85.443441224001,28.0871705964492 85.4434464662128,28.0872301816614 85.4434459198455,28.0872680554734 85.4434265247179,28.0873435954299 85.4434255880711,28.0874085219629 85.4434428757798,28.0874790667076 85.4434418610839,28.0875494037842 85.4434347455721,28.0876196716372 85.4434211389565,28.087716922986 85.4433771062544,28.087808417661 85.4433699126165,28.0878840960496 85.4433748425701,28.0879653234337 85.4433862636544,28.0880195673242 85.4434098864244,28.0880739496644 85.443420605025,28.0881768884464 85.4433944063104,28.0883010540492 85.4433931573714,28.0883876227464 85.4434040320891,28.0884797404388 85.4433909717149,28.0885391179636 85.4433843244319,28.0885769225402 85.4433954333318,28.0886528086014 85.4433822948666,28.0887175966662 85.44341170641,28.0887936904075 85.4434409618764,28.0888806052299 85.4434215663979,28.088956145157 85.443451056084,28.0890268283479 85.4434625553499,28.0890756616868 85.443467719555,28.0891406574296 85.443448324039,28.0892161973565 85.4434107038342,28.0892861190539 85.4434334682013,28.0894000173633 85.4434082839351,28.0894538458808 85.4433578372596,28.0895669134401 85.4433575250014,28.0895885556101 85.4433306231917,28.0897614160404 85.4432926123606,28.0898583904001 85.4432799420676,28.0898907151834 85.4432776780441,28.0900476209012 85.4432889431069,28.0901126858746 85.4432876939884,28.0901992545446 85.4432934826668,28.0902209659471 85.4433114732675,28.0902428158185 85.4433754552845,28.0902489533059 85.4434330240971,28.0902766637035 85.4435025216595,28.0903234494285 85.4435451893882,28.090326639275 85.4435998639146,28.0903434939086 85.4436390909072,28.0903737018284 85.4437023315533,28.0904312393226 85.4437541898156,28.0904318276604 85.4438243509965,28.0904326236155 85.4438517273299,28.0904383456096 85.4438636951495,28.0904547156599 85.4439030002988,28.0904795129651 85.4439397622273,28.0904691071249 85.4439612326949,28.0904612335323 85.4440132470471,28.0904510006857 85.4440741397406,28.0904598085234 85.4440985046242,28.0904627905966 85.444132138015,28.0904577606477 85.4442175906749,28.0904560241254 85.4442544696029,28.090437502383 85.4443495418152,28.0904034063006 85.4444107465749,28.0903905718107 85.4444657723385,28.0903830786546 85.4445024951822,28.0903753779323 85.4445301445733,28.0903621628847 85.4446211911096,28.0903956638308 85.4446447759712,28.0904527512585 85.44466272789,28.090477306237 85.4446869757978,28.0904884040243 85.4447258911651,28.0905402538279 85.4447712585396,28.0905678253378 85.4447924559877,28.0905788885224 85.4448287499125,28.0906009457148 85.444862266333,28.0906040314056 85.4449413061811,28.0906238674531 85.4450083780406,28.0906273334993 85.4451148723836,28.0906474806647 85.445175843279,28.0906508774746 85.4452518717194,28.0906679734971 85.4453068585991,28.0906631852804 85.4453526939906,28.090658293325 85.4453894948439,28.0906451818198 85.4454441698549,28.0906620357352 85.4454864479981,28.0906922777207 85.4455256366886,28.0907251903991 85.4455865296935,28.090733997576 85.4456138672363,28.0907424244986 85.4456533288216,28.0907564002264 85.4457022147411,28.0907515427208 85.4457663531464,28.0907468580142 85.4457907571297,28.0907471345172 85.4458275969388,28.0907313176197 85.4458615421258,28.0907046450548 85.4459346761123,28.090710885047 85.4460291246241,28.0907200721774 85.446077971551,28.0907179198108 85.446111176338,28.0907426473938 85.4461262340055,28.0907563465421 85.4461778976663,28.090770460342 85.4462199812551,28.090814228483 85.4462440735633,28.0908361471017 85.4463017603616,28.0908557405111 85.4463686376479,28.0908727322724 85.4464075929353,28.0909218763592 85.4464622293074,28.0909414351548 85.4465048584583,28.0909473293681 85.4465833925069,28.091002333063 85.4466135469932,28.0910270259862 85.4467143695304,28.0910173448219 85.4467602829319,28.0910070418496 85.4468181257163,28.0910158139482 85.4469584490449,28.0910174027194 85.4470743293835,28.0910214203499 85.4471139081011,28.091027279842 85.447150669953,28.0910168731369 85.4472027232729,28.0910039338043 85.4472334230327,28.0909907527375 85.4472731185595,28.0909884963565 85.4473340508288,28.0909945974929 85.4473981114805,28.0909953225779 85.4474318227907,28.0909848812686 85.4474532931358,28.0909770071238 85.4475144979254,28.0909641712479 85.4475938500263,28.0909623635865 85.4476979175863,28.0909391898343 85.4477527877732,28.0909425164672 85.4478289725875,28.090948789979 85.4478868154508,28.0909575616292 85.4479414521388,28.0909771198467 85.4479687899501,28.0909855463092 85.4480055517166,28.090975139371 85.4480178315825,28.0909698668715 85.4480789195651,28.0909651465712 85.4481338286994,28.0909657677758 85.4481636943292,28.0909772021256 85.4482306521878,28.0909850972968 85.4482372735723,28.0909858780411 85.4482767356234,28.0909998530307 85.4483314891409,28.0910112952652 85.4483708733968,28.0910306807827 85.4483827252574,28.0910551662987 85.4483945382147,28.0910823570908 85.4484032228492,28.0911149239315 85.4484302883821,28.0911422872448 85.4484600931867,28.0911913272745 85.4484871587528,28.0912186905776 85.4484906191184,28.0912205335273 85.4484961157676,28.0912323204729 85.4485111349108,28.0912487246504 85.4485354223238,28.0912571165015 85.4485659663918,28.0912547562424 85.4486909986636,28.0912588760232 85.4487797359409,28.0912409395139 85.4489231491048,28.0912398555064 85.4490330065915,28.0912383919511 85.4490731688985,28.0912036717159 85.4491500929147,28.091158544221 85.4492389855968,28.0911297862952 85.4493617449519,28.0910797654067 85.4494841153868,28.0910567971889 85.4495578331072,28.0910224560871 85.4496218630585,28.0910075676954 85.4496921722316,28.091015857268 85.4497380076493,28.091010963845 85.4498079750416,28.0910252831502 85.4498716470732,28.0910530598714 85.4499506105751,28.0910783036384 85.4500143992811,28.0910979644582 85.4500508888482,28.0911064939202 85.4500905455341,28.0911069420023 85.4501514392284,28.0911157471751 85.4502056100937,28.0911677678627 85.4503031877547,28.0911715759849 85.4503948198265,28.0911644939981 85.4504588418152,28.0911679229378 85.450534716182,28.0911958371973 85.4506047226728,28.0912074508247 85.4506867369976,28.0912327286347 85.4508024236239,28.09125026953 85.4508543989959,28.0912427393592 85.4508852926515,28.0912160310588 85.4509315165713,28.091184084435 85.4509685889133,28.0911520344508 85.4510115680508,28.091133579752 85.451057442323,28.0911259806072 85.4510942815636,28.09111016227 85.451139961623,28.0911160895002 85.4511794241394,28.0911300636711 85.4512310110596,28.0911495861614 85.4512644890758,28.091155375582 85.4513410238553,28.0911372996287 85.4514080187316,28.0911461731274 85.4514657067411,28.0911657644076 85.4515084139934,28.0911662465176 85.4515390356635,28.0911584750303 85.4515728243339,28.091142622127 85.451615919857,28.0911160513907 85.4516588600527,28.0911003017653 85.4517383676045,28.0910876705811 85.4517845524057,28.0910584289384 85.4518457180026,28.0910482963924 85.4518946427086,28.091040731392 85.451931365349,28.0910330286687 85.451967816253,28.0910442629076 85.4520256984095,28.0910503275454 85.4520898368683,28.0910456398775 85.452147486149,28.0910679361559 85.4522173375222,28.0910903700919 85.4522809714575,28.0911208510024 85.452372215335,28.0911408205092 85.4524484783014,28.0911416809061 85.4525333107554,28.0911832237364 85.4526123526575,28.0912030554339 85.4527093873149,28.0912447358048 85.4527578464736,28.0912696338896 85.4528338379626,28.0912894310549 85.4529094803206,28.0913335757247 85.4530101088492,28.0913374163354 85.4530951356427,28.0913654324167 85.4532468474151,28.0914239633249 85.4533073925428,28.0914571146627 85.453325346647,28.0914816685889 85.4534072067632,28.091517765938 85.4534498366292,28.0915236580161 85.4535015405318,28.0915350638245 85.4535410035391,28.0915490373333 85.4535740940368,28.0915818790354 85.4536285770691,28.0916122561733 85.4536558379857,28.0916260920928 85.4536830989096,28.091639928007 85.4536978087125,28.0916779739188 85.453715220077,28.0917404017701 85.4537480780333,28.091789475136 85.4537596597869,28.0918328972226 85.4537746410641,28.0918520061411 85.4537897386699,28.0918629992069 85.453877971729,28.0918802280759 85.4539512622715,28.0918756427062 85.4539634644381,28.0918757802354 85.4540215798053,28.0918656123481 85.4540675705328,28.0918498963488 85.4541346436721,28.0918533579726 85.4541651878502,28.0918509964683 85.4542380907361,28.091873463787 85.4542682472937,28.0918981551033 85.4542926128738,28.0919011353888 85.4543048150453,28.0919012728878 85.4543629304016,28.0918911048551 85.4543962925747,28.0919050093799 85.454414402039,28.0919187420367 85.4544354457768,28.0919406249167 85.4544444036184,28.0919542544544 85.4544777658222,28.0919681589604 85.4545265745431,28.0919687088851 85.4546122610862,28.0919507342181 85.454639871002,28.0919402223866 85.4547069054782,28.0919463890183 85.4547647108284,28.0919578630944 85.4548441799966,28.0919479354068 85.4549108657756,28.0919784495055 85.4550504160325,28.0920341357557 85.4550869838631,28.0920372533343 85.4551475686731,28.0920676986075 85.4552722150641,28.0920988652898 85.4553516068336,28.0920943478818 85.4554216920136,28.0921005485209 85.4554945178967,28.0921284257595 85.4555792361859,28.0921780826348 85.4556735322229,28.0921980843484 85.45572824855,28.0922122289689 85.4558502319797,28.092216307933 85.455917499056,28.0922062422644 85.4559691648698,28.0922203524511 85.4560117177531,28.0922316543216 85.4560573599192,28.0922402852288 85.4560940052967,28.0922379919696 85.4561365969182,28.0922465885155 85.4562063725458,28.0922744310524 85.4562765353391,28.0922752206876 85.4562999229353,28.0922754838888 85.4563161538595,28.092278372274 85.4563862392389,28.0922845724269 85.4564196405261,28.0922957711869 85.4564591429356,28.0923070385934 85.4564772914491,28.0923180657031 85.4565134336597,28.092350941064 85.4565708523995,28.0923894672652 85.4566134054211,28.0924007689539 85.4566586606819,28.0924364525373 85.4566799372059,28.0924421033701 85.4567163504351,28.0924560416703 85.4567860876598,28.09248658921 85.456834780571,28.092495254185 85.4568560958158,28.0924981997038 85.4568984167285,28.0925257330315 85.4569317407551,28.0925423422464 85.4569743712711,28.0925482332516 85.4570107845775,28.0925621714764 85.4570624507233,28.0925762812629 85.457086700479,28.0925873769238 85.4571416493646,28.0925852892683 85.4572180682826,28.0925753259031 85.4572457168229,28.0925621082562 85.4573074245128,28.0925140992582 85.4573382783373,28.0924900947478 85.4573753493313,28.0924580429796 85.4573943877252,28.0924068483457 85.4574158963944,28.0923962673367 85.4574648214263,28.0923887003591 85.4575289992577,28.0923813048818 85.4575874627604,28.092346787886 85.4576398251078,28.0923122022619 85.4577225383001,28.0922887807644 85.4577777778152,28.0922747589606 85.4577837815264,28.0922732349997 85.4578297332723,28.0922602230133 85.4578908991246,28.0922500877771 85.4579458478387,28.0922479997919 85.4579580500704,28.0922481369675 85.4579951208019,28.0922160850201 85.4580136948284,28.0921973537532 85.4580506881896,28.0921707123674 85.4580905387523,28.0921576317071 85.4581271454196,28.0921580431908 85.4581482673151,28.0921745149537 85.4581846806652,28.0921884528685 85.4582304390146,28.0921889671907 85.4582395520212,28.0921917753427 85.4582576233838,28.0922082128021 85.4582664657531,28.0922299579775 85.4582601326594,28.0922461211395 85.4582749988245,28.0922733454671 85.4582806746546,28.092303172223 85.4582585088081,28.0923597432895 85.4582643779526,28.0923760435994 85.458285306598,28.0924060417895 85.4582817534194,28.0924411762632 85.4582782002378,28.0924763107367 85.4582748403687,28.0924979187636 85.4582755620316,28.092499999992 85.4583012129098,28.0925739754428 85.4582914426022,28.0926171572103 85.4582815949597,28.092665749555 85.4582904373668,28.0926874947292 85.4582868455128,28.0927253344905 85.4582525546059,28.0927763578225 85.4582486147559,28.0928385451833 85.4582602370962,28.0928792616706 85.4582471841745,28.0929386408778 85.458224902168,28.0930033277948 85.4582210396179,28.093060104574 85.4582016148206,28.0931383522179 85.4582459816376,28.0932362569516 85.4582450923418,28.093298478596 85.4582411524533,28.0933606659511 85.4582587986892,28.0934068615927 85.4582641652397,28.0934583306574 85.4582967164919,28.0935290453352 85.4583267198138,28.0935645569639 85.4583568778063,28.0935892474311 85.4583717828269,28.0936137664624 85.4583805479961,28.0936409222096 85.4584069981751,28.0937115682924 85.4584184660073,28.093763105923 85.4584146035115,28.0938198827046 85.4584476962147,28.0938527233066 85.4584932233168,28.0938694693029 85.4585507209037,28.0939025841489 85.4585773645407,28.093959703758 85.4586284903891,28.0940116870334 85.4586890000487,28.0940475413954 85.4587186170946,28.0941101058381 85.4587726777348,28.0941702392107 85.4588059252635,28.0941922585763 85.458857051331,28.0942442417735 85.458914240032,28.0942989987922 85.4589565235369,28.0943292368159 85.4589714674395,28.0943510504996 85.4589738610328,28.0943970746926 85.4590006209511,28.0944460783612 85.4590428658901,28.0944790216502 85.4590759589844,28.0945118621132 85.4590909415812,28.0945309704958 85.4591058855376,28.0945527841664 85.4591451958587,28.094577577287 85.4591690984906,28.0946130202086 85.4591960904089,28.0946457921059 85.4592325820119,28.0946543191968 85.4592784959952,28.0946440120522 85.4593214366236,28.0946282600464 85.459376386553,28.0946261715355 85.4594372831864,28.0946349726892 85.4594828880554,28.0946463077944 85.4595592310243,28.0946417537566 85.459614026429,28.0946504863109 85.4596472742829,28.0946725054837 85.4596684741589,28.094683566455 85.459729409485,28.0946896621909 85.4598181095108,28.0946744238764 85.4598853778598,28.0946643563108 85.4599279707914,28.0946729517261 85.4599705251063,28.094684252419 85.4600008382871,28.0946981213858 85.4600374072269,28.0947012376844 85.4601135957449,28.0947075045013 85.4601560342371,28.0947269210101 85.4601800530977,28.0947542478969 85.4602042264438,28.0947707536168 85.4602490591171,28.0948361942888 85.4602732711088,28.0948499947066 85.4602883698176,28.0948609870951 85.4603735173045,28.0948808829616 85.4604346072482,28.0948761572258 85.4605228054151,28.0948960872427 85.460555555593,28.0949078068884 85.460555555593,28.094999999992 85.460800139561,28.094999999992 85.4608171344466,28.0950103251254 85.460826247764,28.0950131331164 85.4608323104415,28.095015906874 85.4608333333707,28.0950172383187 85.4608532788989,28.0950431994181 85.4608588783498,28.0950784366726 85.4608735139269,28.0951218924981 85.4609035957455,28.0951519930231 85.4609307813388,28.0951712381449 85.4609544530935,28.0952229125302 85.4609631418315,28.0952554787201 85.4609721007739,28.0952691078686 85.4609733714436,28.0952777777698 85.4609776616721,28.0953070504107 85.4609955023719,28.0953397192887 85.4610285963356,28.0953725593104 85.4610406059466,28.0953862226838 85.4610494491145,28.0954079677027 85.4610735841452,28.0954271785704 85.4610826975048,28.0954299865459 85.4610977577817,28.0954436841426 85.4611111111485,28.0954503389669 85.4611310833856,28.0954602923914 85.461185763577,28.0954771402133 85.4612066550216,28.0955098432922 85.461248785289,28.0955509018153 85.4612663103669,28.0955555555476 85.4612700626957,28.0955565519673 85.4613248201429,28.0955679891526 85.4613430083096,28.0955763103628 85.4613888889263,28.0956246436262 85.461400121818,28.0956364769963 85.4614178469299,28.0956772617009 85.4614325985716,28.0957126015993 85.4614500921747,28.0957696180522 85.4614619475288,28.0957941025598 85.4614675472065,28.0958293397952 85.46147193807,28.0958333333253 85.4615097162833,28.0958676929531 85.4615370565119,28.095876116796 85.4615672544809,28.0958981013116 85.461591312543,28.0959227226791 85.4616155635403,28.0959338175821 85.4616577712949,28.0959694654054 85.4616666667041,28.095978907549 85.4616758052219,28.0959886077434 85.4617360855468,28.0960406925881 85.4617513400006,28.0960596368716 85.461799648085,28.096076579867 85.4618249025735,28.0961111111031 85.4618415473209,28.0961338699764 85.4618710510058,28.0962045496919 85.4619223338245,28.0962457106581 85.4619444444818,28.0962944969235 85.4619667052169,28.0963436143293 85.4620035929333,28.0963888888809 85.4620356750207,28.09642826519 85.462095878615,28.0964857604749 85.4621287418237,28.0965348320082 85.462207481074,28.0965763007258 85.4622222222596,28.0965897077201 85.4622406143524,28.0966064351862 85.4622551735302,28.0966553014704 85.4622620830912,28.0966666666587 85.4622700798473,28.0966798201193 85.4623182352151,28.0967263573321 85.4623111696149,28.0967939212456 85.4623227167206,28.0968400480288 85.4623251117491,28.096886072206 85.4623487845193,28.0969377463794 85.4623879036389,28.0969760650893 85.4624149356893,28.0970061311114 85.4624509270255,28.0970498261904 85.4624812026377,28.0970663999359 85.462520668927,28.0970803709756 85.4625662366302,28.0970944103979 85.4625997943481,28.0970947865575 85.4626241614,28.0970977654159 85.4626666013026,28.0971171811962 85.4627031711721,28.0971202968183 85.4627245646489,28.0971178308794 85.4627611730791,28.097118241193 85.4627777778152,28.0971194801797 85.4628038443583,28.097121425173 85.4628158543857,28.0971350884042 85.4628521929327,28.0971544357462 85.462882661415,28.0971574829402 85.4629467647501,28.0971554956163 85.4630139187883,28.0971535424493 85.4630564358901,28.0971675475254 85.4630803018231,28.0972056951193 85.463055555593,28.0972647717533 85.4630487153398,28.0972811014783 85.4630543155922,28.097316338665 85.4630415344875,28.097356781321 85.4630225362951,28.0974052714815 85.4630186759901,28.0974620484544 85.4630484891911,28.0975110856017 85.4631088481237,28.0975577593048 85.4631208582369,28.0975714225118 85.463139008335,28.0975824487937 85.4631541077204,28.0975934408891 85.4632360916,28.0976214167727 85.4632724689336,28.097638058718 85.4633333333707,28.0976584609087 85.4633392763753,28.097660453046 85.4633787815452,28.0976717185568 85.4634365139567,28.0976885997134 85.4634788000814,28.0977188364307 85.4635120111461,28.0977435600192 85.4635605529145,28.09776304389 85.4635848062334,28.0977777777698 85.4635968532729,28.0977850963406 85.4636111111485,28.097807585489 85.4636296790117,28.0978368728417 85.4636714257392,28.0979049836189 85.4637198520046,28.0979325833189 85.4637719774407,28.0979743074409 85.4638107572864,28.0979768931538 85.4639142508698,28.0979942866604 85.4639688557587,28.0980165440229 85.4640357406478,28.0980335274366 85.4641456439902,28.0980293467461 85.4642549309753,28.0980684506816 85.4643703965476,28.0981022122589 85.4644558170648,28.0981031686479 85.4645101910354,28.0981416575707 85.4645647191033,28.0981693252933 85.4646191701736,28.0982024035852 85.4646981812182,28.0982249338828 85.4647766531669,28.0982853382694 85.4649098845051,28.098357178434 85.4649704372635,28.0983903248854 85.4650303740074,28.0984667560391 85.4651273047996,28.0985165439148 85.465230722162,28.0985393470464 85.4653516741454,28.0986164608379 85.4654236603139,28.098703849562 85.4654899300129,28.0987641170254 85.4655809137452,28.0988030151458 85.4656717435941,28.0988527343927 85.4657140693073,28.0988802651623 85.4657320659558,28.0989021123028 85.4657682901879,28.0989295747999 85.4658045914079,28.0989516266956 85.4658650678194,28.0989901833658 85.4658769629956,28.0990119622378 85.4659252364204,28.0990503823819 85.4659737407638,28.0990725707316 85.4660037096694,28.0991107861099 85.4660335246789,28.0991598226683 85.4660757736502,28.0991927639264 85.4661180996019,28.0992202945792 85.466159809955,28.0992911099652 85.4661961883292,28.0993077511709 85.4662507943865,28.0993300076652 85.4663298835781,28.0993471264715 85.4664210220025,28.0993752028751 85.4664816527519,28.0994029381013 85.4665239019586,28.0994358792294 85.4665716372791,28.0995121733183 85.4666565974301,28.0995455919461 85.4667659638589,28.0995792833737 85.4668020347439,28.0996175668036 85.4668807396594,28.0996617382764 85.4669172721086,28.0996675581097 85.4669657769449,28.0996897461254 85.4670450203509,28.099696043343 85.4670939866712,28.0996857677438 85.4671733838917,28.0996812436966 85.4672221963941,28.0996817892418 85.4672644459434,28.0997147301536 85.4672883139208,28.0997528770823 85.4673060034484,28.0997963664145 85.4673178990028,28.0998181451739 85.467348176173,28.0998347178984 85.4673783764595,28.0998567012124 85.4674142169828,28.0999112162794 85.4674372392559,28.1000088797393 85.4674612611354,28.1000362054495 85.4674913846122,28.100063599337 85.4674966404276,28.100123184073 85.4675323273208,28.1001885203048 85.4675313277917,28.1002588580517 85.4675491712643,28.1002915261648 85.4675670147472,28.1003241942759 85.4675903447675,28.1004002153297 85.4676081113959,28.100438294032 85.4676135210511,28.1004870575719 85.4675942936068,28.1005517801914 85.4675868080588,28.1006491027375 85.4676223413981,28.1007252601415 85.4676281354865,28.100746970701 85.4676213419053,28.1007955978858 85.4676330069737,28.1008336084088 85.4676383397675,28.1008877825419 85.4676190353696,28.1009579157545 85.4676368789744,28.1009905838586 85.4676606704637,28.1010341413275 85.4677150470679,28.1010726290667 85.4677569897856,28.1011272122307 85.4678234928933,28.1011712468681 85.4678895348231,28.1012477450512 85.4679744198964,28.1012865735202 85.4680277974888,28.1013953988946 85.4681000950892,28.1014611439524 85.4682401259925,28.1014843538779 85.4683190634178,28.1015122927998 85.4684098199933,28.1015674209504 85.4685133179105,28.1015848111415 85.4685862306492,28.1016072711784 85.468786049388,28.101717731467 85.4688465284339,28.1017562869101 85.4689554369195,28.1018224402852 85.4690341443438,28.1018666106062 85.4691378731049,28.1018677685445 85.4692105557546,28.1019064600575 85.4692769831513,28.1019559046262 85.4693132093205,28.1019833662509 85.4693611781044,28.1020434276661 85.4694452963963,28.1021363612578 85.46948014035,28.1022612136285 85.4695217004517,28.1023428492932 85.4695511339572,28.1024189381589 85.4696171010852,28.1025008461741 85.4696471490027,28.1025336502264 85.4696697130342,28.1026637769735 85.4696750469001,28.1027179510572 85.469704787749,28.1027723974966 85.4697098912772,28.1028428033772 85.4697217108475,28.1028699925504 85.4697855104894,28.1028896445574 85.4698404262553,28.1028902573129 85.4698707430695,28.1029041242224 85.4699101741341,28.1029207985453 85.4699861773546,28.1029405866202 85.4700317485931,28.1029546236855 85.470058745882,28.1029873936182 85.4700889476021,28.1030093763818 85.4701222769809,28.1030259825742 85.4701496197559,28.1030344047891 85.4702014463433,28.1030376886685 85.4702350060304,28.1030380630328 85.4703263405637,28.1030526104867 85.4703627976308,28.1030638400523 85.4704052797179,28.1030805482676 85.4704292646459,28.103110578803 85.4704381102934,28.1031323232922 85.4704405087989,28.1031783474288 85.4704493928286,28.1031973866169 85.4704946956244,28.103230360638 85.4705068224231,28.1032359073473 85.4705553680032,28.1032553888735 85.4705858768763,28.1032557291288 85.4706315634458,28.1032616501003 85.4706523824778,28.1032997624777 85.4706579470752,28.1033377047349 85.470669728567,28.1033675991367 85.4706723190207,28.1034000967684 85.4706840621529,28.1034326964699 85.4706960738767,28.1034463590656 85.470713957177,28.1034763215099 85.4707744379102,28.1035148761588 85.4707895005498,28.1035285727683 85.4707983463012,28.1035503172372 85.4708225616379,28.1035641159053 85.4708589805682,28.1035780506479 85.4709045138359,28.1035947927377 85.4709315882766,28.1036221519105 85.4709587778198,28.1036413951756 85.4709891717212,28.1036498512483 85.4710073236685,28.1036608765511 85.4710317308639,28.103661148679 85.4710562147807,28.1036560102004 85.4711080417108,28.1036592937496 85.471147473255,28.1036759677332 85.4711991851282,28.103687367152 85.4712205414312,28.1036876052346 85.4712600113601,28.1037015738855 85.4712903285956,28.1037154404957 85.4713116081967,28.1037210891669 85.4713296067754,28.1037429356341 85.4713261339799,28.10377265994 85.4713075600807,28.1037913929924 85.4712949729187,28.103818309966 85.4713007678897,28.1038400203965 85.4713127413827,28.1038563882435 85.4713553006447,28.1038676855779 85.4713915663416,28.1038924413907 85.4714245510375,28.1039333949958 85.4714763397682,28.1039393837127 85.471522103388,28.1039398937972 85.4715583691488,28.103964649568 85.4716280031978,28.1040033058731 85.4716461169261,28.1040170363973 85.4716667830735,28.1040659698432 85.471723868475,28.1041288378097 85.4717719929131,28.1041780772465 85.4717930425756,28.1041999576579 85.4718384995782,28.1042221100557 85.4718840332814,28.1042388518353 85.4719322728608,28.1042799753141 85.4719714747348,28.1043128808849 85.4719866143161,28.1043211667677 85.4719956520604,28.104329384659 85.4720228803136,28.1043459224236 85.4720499935651,28.1043705760891 85.4720895788664,28.1043764286077 85.4721170371573,28.1043767345417 85.4721690561542,28.1043664911935 85.4721996036976,28.1043641257999 85.4722481501115,28.1043836067555 85.4722844545238,28.1044056570428 85.4723026067356,28.1044166821831 85.4723176313679,28.1044330839378 85.4723661011777,28.1044579754584 85.4723752922781,28.1044553721164 85.4724180052122,28.1044558479237 85.4724272729662,28.1044478339732 85.4724489360472,28.1044264294503 85.472479675235,28.1044105374819 85.472519567181,28.1043947474568 85.4725411919087,28.1043760482206 85.4725931725498,28.1043685100125 85.4726967889282,28.1043777812621 85.4727455653629,28.1043810302279 85.4727917890153,28.1043490762604 85.4728255407375,28.1043359234918 85.4729079922392,28.104331430228 85.4729871246229,28.1043458400642 85.4730450155106,28.1043518961453 85.4730877667278,28.1043496664391 85.4731213268684,28.1043500401132 85.473188140686,28.1043724298647 85.4732186499126,28.1043727695467 85.4732735665219,28.1043733809573 85.4732887445245,28.1043789613968 85.4733128837725,28.1043981702506 85.4733249342473,28.1044091273278 85.4733429716597,28.1044282682454 85.4733551370533,28.1044311094092 85.4733673024477,28.1044339505719 85.4734039135436,28.1044343581425 85.4734254615285,28.1044210693687 85.4734865566182,28.1044163380138 85.4735259505357,28.1044357166406 85.4735622935423,28.1044550612964 85.4735807522895,28.1044444438412 85.4736023002559,28.1044311550389 85.4736513065383,28.1044181718603 85.4736845603422,28.10444018783 85.4737118654889,28.1044513146619 85.4737667055631,28.1044573364849 85.4738216222295,28.1044579476777 85.4738701307153,28.1044801333762 85.4739001804954,28.1045129365597 85.4739147459089,28.1045618018011 85.4739417065048,28.1045972763283 85.4739597440606,28.1046164171698 85.4740018827665,28.1046574720522 85.4740748371274,28.1046772239822 85.4741655611365,28.1047350538227 85.4742568977574,28.1047495987316 85.4743239800445,28.104753050814 85.4744361373701,28.1048057074774 85.4744444444818,28.1048071844952 85.4744848375284,28.1048143664437 85.4745304102073,28.1048284020639 85.4745608047585,28.1048368573675 85.4745849443428,28.1048560660089 85.4746400143235,28.1048458556615 85.4746921098995,28.1048302007456 85.4747476008268,28.1047902319961 85.4747817479906,28.1047744967707 85.474829976119,28.104791148198 85.4749138717247,28.1049003104999 85.4749738956538,28.1049713270445 85.4750831939101,28.1050104227407 85.4751373456839,28.105065139531 85.4751915740308,28.1051144456903 85.4752340577334,28.1051311524654 85.4752763884213,28.1051586804511 85.475348769554,28.1052190113121 85.4754274821919,28.1052631781415 85.4755250361252,28.1052696741498 85.4756584365393,28.1053306831936 85.475694971485,28.105336500777 85.4757498121575,28.1053425218279 85.475780321695,28.1053428609509 85.4759146401493,28.1053389423981 85.4760428566924,28.1053349559013 85.4760976973904,28.1053409768137 85.4761831241095,28.1053419261241 85.4762236728766,28.1053316289353 85.4762352962005,28.1053208600096 85.4762878505914,28.1052727408041 85.4763373539841,28.1052245876768 85.4763442587248,28.1051678440256 85.4763413224664,28.1051596942049 85.4763263353348,28.1051405875577 85.4762900680339,28.1051158329939 85.4762414057965,28.1051044693512 85.4762018199446,28.1050986180128 85.4761178463794,28.1049948670589 85.4761218532137,28.1049272682891 85.4761137327498,28.1048541232889 85.4761575929503,28.1047734387266 85.4762462995535,28.10475819004 85.4763381335315,28.1047375645793 85.4764207382109,28.1047222479798 85.4764815658237,28.1047364524442 85.4765059733248,28.1047367236076 85.4765730557308,28.1047401745919 85.4766095140935,28.1047514025415 85.4766488705146,28.1047734856045 85.4766615869458,28.1047757801164 85.4767040931811,28.1047524531875 85.4767804812987,28.1047451845116 85.4768663092029,28.1047657739446 85.4768809329681,28.1047625346612 85.4769506459908,28.1047957777373 85.4770325246094,28.1048318616222 85.4770933904394,28.1048433604732 85.4771390400822,28.1048519846624 85.4771702959028,28.1048461890101 85.4772216447603,28.1048366675795 85.4772492178554,28.1048288565655 85.4773104277108,28.1048160075837 85.4773438734485,28.104824496156 85.4774202233893,28.1048199324326 85.4775088152914,28.1048127988499 85.4775696049231,28.1048297081478 85.4776365728546,28.104841274542 85.4776881333043,28.1048634927958 85.4777092607313,28.104879961731 85.4777670376864,28.1048941317662 85.4777759231602,28.1049131705312 85.4777696303003,28.1049266293421 85.4777571209649,28.1049481363448 85.4777674745777,28.105000726104 85.4777685099351,28.1050059850602 85.4777742044241,28.1050349094376 85.4778098997881,28.1050698630977 85.4778285867864,28.1050733933643 85.4778831983378,28.1050956454161 85.4780289565493,28.1051459664207 85.4781692239505,28.105152934607 85.478334662602,28.1051060672987 85.4784692098539,28.1050859143687 85.478565448422,28.1050775120573 85.4785748873815,28.1050693492829 85.4785792731141,28.1050709011317 85.4787990942069,28.1050625168713 85.4789119411999,28.1050664743817 85.4789936680793,28.1051133783696 85.4790452671241,28.1051328908176 85.4790849676683,28.1051306254095 85.4791800432661,28.1050965053218 85.4792444185114,28.1050755733775 85.4792931574179,28.1050815253443 85.4793387309137,28.1050955593944 85.4793721006129,28.105109458103 85.4794175596724,28.1051316080608 85.479472209764,28.1051511541822 85.4794963884855,28.1051676566838 85.4795571786701,28.1051845651194 85.4796731530982,28.1051831452144 85.4797312738218,28.105172966635 85.4798076621185,28.1051656962764 85.4798933939767,28.1051450007777 85.4800429670053,28.1051412472647 85.4800794640455,28.1051497689985 85.4801709926806,28.1051507834513 85.4802498599133,28.1051841263393 85.4804021026732,28.1052074593706 85.4804082427147,28.1052048216762 85.4804483245507,28.1051755027502 85.4805532389129,28.1050927874944 85.480647894718,28.1050884248075 85.4807666531926,28.1051059749651 85.4808608134876,28.1051367811981 85.4809641648222,28.1051649834451 85.4810400194885,28.1051955867788 85.481100924298,28.1052043786006 85.4811588162707,28.1052104312904 85.4811951991108,28.105227068671 85.4812497352852,28.1052547300378 85.4813197168165,28.1052690337613 85.4813802406542,28.1053048785957 85.4814652484314,28.1053355830638 85.4815755402465,28.1053043355335 85.4816341180702,28.1052616923781 85.4817294597337,28.1052086332988 85.4817876184141,28.1051957485266 85.4818432975097,28.1051422502412 85.4818468562809,28.1051404383345 85.4818555394286,28.105139680034 85.4821012917536,28.1050233481097 85.4823578765182,28.1050045421163 85.4825041699923,28.1050169840312 85.4825650367792,28.1050284805185 85.4826991265003,28.1050407871841 85.4827602978792,28.1050306410639 85.4829683718443,28.1049896512902 85.4832733150447,28.1050038473826 85.4835535463198,28.1050394154227 85.4838224869984,28.1050099203677 85.484066259186,28.1050342613022 85.4840988365803,28.1050322163135 85.4841090486524,28.1050293228439 85.4841887538623,28.1050031465353 85.4842316954414,28.1049873867695 85.4842622049988,28.1049877240018 85.4843663177859,28.1049618173679 85.4843846235171,28.10496201969 85.4844196109909,28.1049717498977 85.4844454144616,28.1049789259839 85.4844690615829,28.1050333020809 85.4844380196302,28.1050708393373 85.4844187251605,28.1051409752723 85.4843747947918,28.1052270733434 85.4842457415889,28.1052905846253 85.4842330052745,28.1053283241687 85.4842261426856,28.1053823630606 85.484237890161,28.1054149617604 85.4843223284653,28.1054862442472 85.4844005128218,28.1055682805133 85.4845276649975,28.1056400349617 85.4847471070603,28.105658694366 85.4848940100868,28.105627848692 85.4850599791283,28.1055430987343 85.4851704222976,28.1055010270079 85.48526217949,28.1054858061657 85.4853543927168,28.1054381214407 85.4854887874097,28.1054287828611 85.4855739865758,28.1054459582371 85.4856897714765,28.1054580598437 85.4858300401666,28.1054650202261 85.4859954764308,28.1054181435635 85.4860748776361,28.1054136087072 85.4862519098913,28.1054101515706 85.4863622765453,28.1053734894992 85.4864361074581,28.105331012602 85.4865154326422,28.105331888127 85.4866008597676,28.1053328309487 85.4867171003502,28.1053124678464 85.4867604214166,28.1052696540777 85.4868216685691,28.1052540954952 85.4868709396372,28.1052221703024 85.4869513277575,28.1051472965995 85.4870068525167,28.105104617398 85.4870426613698,28.1050674646827 85.4870439955378,28.1050671468481 85.4875357926473,28.1048128209123 85.4878436199838,28.1046214023944 85.4879832995932,28.1045736376611 85.4880215614685,28.1045530151913 85.4881136210116,28.1045161498142 85.4881567894778,28.1044841568545 85.488205832221,28.1044684630833 85.4882606734009,28.1044744791401 85.4883516708175,28.1045133626264 85.4884062844708,28.1045356105614 85.4884662415403,28.1046120321854 85.4885385542014,28.1046777670054 85.4886105635748,28.1047651443719 85.4886114052758,28.1047661978807 85.4886585446071,28.104825199479 85.4887557202244,28.1048587393164 85.4888099549686,28.1049080403284 85.488894547716,28.1049684988142 85.4889675433197,28.1049855376092 85.4889773092029,28.1049888089142 85.4890343611989,28.1050079197792 85.4891003450836,28.1050898190282 85.4891236155171,28.1051712476456 85.4891353644745,28.1052038459834 85.4891889930331,28.1052964320282 85.489200059676,28.1053777261791 85.489198770795,28.1054697071677 85.4892166990105,28.1055823314041 85.4894474723377,28.1060135951487 85.4895794420093,28.1061773932693 85.4898693063152,28.1063970450208 85.4901103556485,28.1066161586935 85.4902400539866,28.1069422756654 85.4903094901561,28.1072136142485 85.4905267399467,28.1073891733547 85.4905978436508,28.1075414775551 85.4906445392164,28.1076935130541 85.4907389911766,28.1079218349348 85.4906606149182,28.1082889530057 85.4904186168592,28.1085730975278 85.4904000238706,28.108581584591 85.4903257967922,28.1086640707947 85.4903011609309,28.108680033996 85.490251661864,28.1087281923235 85.4901899584674,28.1087762162509 85.4900361165573,28.1088665173855 85.4899928710125,28.1089039215165 85.489876248036,28.1089513404865 85.4898085937882,28.108988475734 85.4897595567439,28.1089904918098 85.4897047813777,28.1089927438071 85.4896126426194,28.1090350207469 85.4895919404391,28.1090764235639 85.4895749683561,28.1091103664645 85.4895072380963,28.1091529121989 85.4893873065332,28.1091564226479 85.4893796308744,28.1091566473178 85.4893729147168,28.1091568439027 85.4893694385729,28.1091560325308 85.4892753559539,28.1091503575835 85.4891408050862,28.1091705209896 85.4890109154133,28.1092935537207 85.4889534931305,28.1094714997216 85.4888531277841,28.1096652068576 85.4888260121676,28.1096811916651 85.4887943605584,28.1097213796945 85.4887112603453,28.1097718728303 85.488633920888,28.1098467810611 85.4886137557177,28.1099791399879 85.4886223400769,28.1100198206923 85.4886276457565,28.1100766996887 85.4885900462798,28.1101466344427 85.4885496991007,28.110194892986 85.4885526364131,28.1102030425812 85.4885453962246,28.110284134929 85.4885934553873,28.1103387794651 85.4886410594359,28.1104258878322 85.4886520501389,28.1105125926141 85.4886937037808,28.1105888124207 85.488710948498,28.110664763177 85.4887095830556,28.1107621547148 85.4887210289815,28.110816395645 85.4887629103475,28.1108763835109 85.4887747355864,28.1109035712323 85.4887558978155,28.1109412439437 85.4887677230589,28.1109684316657 85.4887857264273,28.1109902760037 85.4888460663999,28.1110396443368 85.488930891356,28.1110838710119 85.4890148062551,28.1111930253337 85.4890623351528,28.1112855442133 85.4891774443048,28.1113463388974 85.4892256559146,28.1113901619511 85.4892791357051,28.1114935692859 85.4893698360145,28.1115540948699 85.4894841874122,28.1116689957332 85.4895374401217,28.1117886349048 85.4896282166402,28.1118437496882 85.489700231427,28.1119311266141 85.4897179318964,28.1119746134103 85.4897783486538,28.1120185707215 85.4898117368894,28.1120428629061 85.4898444129567,28.1120950590773 85.4899778304246,28.112156054771 85.4900000000374,28.1121775508879 85.4900460709633,28.1122222222142 85.4900681527157,28.1122436331398 85.490140547078,28.1123039566373 85.4901735698515,28.1123065750639 85.4901891384497,28.1123207261612 85.4902777778152,28.1123656746036 85.4902982227977,28.1123760421206 85.4903340032787,28.1124359623571 85.4903455259467,28.1124847925337 85.4903517159829,28.112499999992 85.4903632267606,28.1125282792568 85.4903681924075,28.1126095061027 85.4903612564547,28.1126689559913 85.4903667525697,28.112712308331 85.4903843776448,28.1127612056953 85.4904084082238,28.1127885276729 85.4904692803758,28.1128000208409 85.4905488385197,28.1127846623137 85.490555555593,28.1127822671256 85.49062244581,28.1127584152713 85.4907383908296,28.112759691639 85.4907991114887,28.1127820059505 85.4908838628867,28.1128316421351 85.4909742622342,28.112913809304 85.4910030318797,28.1130385899567 85.4910078465141,28.1131306380828 85.4909881000632,28.1132332388411 85.4910281074025,28.1133333333253 85.4910293776003,28.113336511237 85.4910043619787,28.1133795277401 85.4909547851974,28.1134330968626 85.4909174889449,28.1134813896578 85.4909042992861,28.1135515936961 85.4909158223092,28.1136004238318 85.490939550183,28.1136493883025 85.4909756344316,28.1136876658138 85.4910117944576,28.113720532672 85.4911206534019,28.1137920799709 85.4911510140576,28.1138032370564 85.4912240159929,28.1138202748744 85.4912784834395,28.1138533431314 85.4913584217167,28.1138671404827 85.4914369195134,28.1138713209543 85.4915282288542,28.1138885600506 85.4916797296881,28.1139659875577 85.4917339702052,28.1140152875791 85.4918435870586,28.1140327278697 85.4919526740107,28.1140880425991 85.4920065361997,28.1141643957514 85.4920487991612,28.1141973294735 85.4921278282843,28.1142198445911 85.4921577349969,28.1142634653424 85.4921758152875,28.1142798986261 85.4922299048066,28.1143400197577 85.4922781946808,28.1143784311722 85.4924418260243,28.1144614027456 85.492507666655,28.1145541218648 85.4925791558207,28.1146793719378 85.4926073223092,28.1148474374927 85.4926736930125,28.1149022820091 85.4927948349486,28.1149685515936 85.4929155230733,28.1150672849648 85.4930736586772,28.1151069035655 85.4931520835089,28.1151727033121 85.4932546159277,28.1152604138864 85.4933395973455,28.1152938167077 85.4934068880756,28.115382318544 85.4934229148217,28.1154462537579 85.4934587358335,28.1155034679349 85.4935131292031,28.1155419460047 85.4935428855704,28.1155963877799 85.4935848092348,28.1156536689832 85.4936600369934,28.115714161321 85.4936985644468,28.1158118518015 85.4937283966001,28.1158608828914 85.4937403748419,28.1158772489361 85.4937581531586,28.1159153246251 85.493769904549,28.1159479226159 85.4937780136648,28.1160348084169 85.4938366805877,28.1161111111031 85.4938407911196,28.116116457295 85.4938888889263,28.1162179605061 85.4939000776653,28.1162415726625 85.4940023848645,28.1163455146762 85.4940696669848,28.1163888888809 85.4941475615829,28.1164391045434 85.4941666667041,28.1164669689369 85.4942073778543,28.1165263452423 85.494353008558,28.1165874710037 85.4944202127108,28.1165827975805 85.494560799183,28.1165681069966 85.4946885002445,28.1166019781149 85.4948475456495,28.1165766669538 85.4950248987775,28.1165515565829 85.4950979788236,28.1165631817743 85.4951275851562,28.1166284445441 85.4951455907444,28.1166502881157 85.4952362987388,28.116710810069 85.495290315632,28.116776340738 85.4953446347674,28.1168202287768 85.4954297691838,28.1168428090615 85.4955023207243,28.1168923086174 85.4955750989316,28.1169255761775 85.4956174396107,28.116953098217 85.4956536776893,28.1169805532792 85.4957324075791,28.1170247090315 85.4958403668286,28.1171611806425 85.495887677529,28.1172699293671 85.4959167559006,28.1173730665619 85.4959219523399,28.1174380613606 85.4959450036436,28.1175357209418 85.4959561517291,28.1176116039993 85.4960159701083,28.1176988439761 85.4960642628445,28.1177372541488 85.4960968394401,28.1177691406966 85.496188536956,28.1177981437312 85.4962432722329,28.1178122728437 85.4963160512959,28.1178455400388 85.4963830674597,28.1178543923171 85.4964318888519,28.1178549277851 85.4964744565893,28.1178662176147 85.4965201889071,28.1178694249136 85.4965657325124,28.1178861588346 85.4966048337748,28.1179271737638 85.4966317674462,28.1179653495083 85.4966863141721,28.1179930050868 85.4967588293327,28.1180452093493 85.496825015453,28.1181135786267 85.496864418785,28.1181329508657 85.4969221302084,28.1181525238289 85.4969702348112,28.1182044603393 85.4970276444364,28.1182456758831 85.4970667837362,28.1182839853624 85.4970622608601,28.1183894596981 85.4970619212761,28.1184138076491 85.4970577379702,28.1184949340318 85.4970662883323,28.1185383196359 85.4970631237798,28.1185464021665 85.4970627841937,28.1185707501168 85.4970683586664,28.118608691612 85.4970466218286,28.118635510718 85.497043155412,28.1186652358699 85.4969870234323,28.1187512041815 85.4969344332869,28.1188020366636 85.4969151439656,28.1188721744417 85.4968683168262,28.118947421754 85.4968520788021,28.1190175929768 85.4968483104109,28.1190689607385 85.4968227672748,28.1191498528894 85.4968054187384,28.1191785589108 85.4968114060188,28.1192130324377 85.4968095805606,28.1192200575618 85.4967876548306,28.1192604032533 85.4967844524937,28.1192711911022 85.4967717941003,28.1193035211881 85.4967774439755,28.1193360520343 85.4967612813032,28.1194008125838 85.4967141141329,28.1195004077681 85.4967193488364,28.1195626972125 85.4967126044474,28.1196086208477 85.4966873630068,28.1196678703429 85.4966959510314,28.1197085506339 85.4967165181717,28.119765596734 85.4967246533061,28.119838740946 85.496718324064,28.1198549059835 85.4966835131967,28.1199438136823 85.4966434298523,28.1199731372533 85.4966064356299,28.1199997889497 85.4965816847304,28.1200238691701 85.4965808920594,28.1200806810293 85.4965895555609,28.120115950671 85.4965768215052,28.1201536913821 85.4965667613749,28.1202185188228 85.4965782120592,28.1202727592164 85.4965898892326,28.1203107676498 85.496607480499,28.1203623696452 85.4966189689617,28.1204139047091 85.4966088710784,28.120481437477 85.4965899209141,28.1205272272349 85.4965528132388,28.1205619948861 85.4965511523322,28.1206810292463 85.4965475346934,28.1207215756746 85.4964722998974,28.1208641547418 85.4964777987396,28.1209075068976 85.4964704123778,28.1209994210491 85.4964814478232,28.1210834200332 85.49648114582,28.1211050626419 85.4964532676954,28.1211345200079 85.4963915595484,28.1211825464756 85.4963569367016,28.1212579274185 85.4963169282761,28.1212818402147 85.4962400760782,28.1213215832668 85.4962183762175,28.1213456968765 85.4961719250296,28.1213938906084 85.4961435181131,28.1214612224616 85.4960995896314,28.121547324198 85.4959853645866,28.1216407718645 85.4959478409109,28.1217052979013 85.4958980358681,28.1217751006469 85.4958183960952,28.1217958726828 85.4957752603652,28.1218251624724 85.4957503199981,28.1218627691375 85.4957530315184,28.1218871505471 85.4957611283154,28.1219630001003 85.4957848978571,28.1220092585058 85.4958047095086,28.1221204112197 85.4958041807419,28.1221582857674 85.4957854942983,28.1221851381051 85.4957391936268,28.1222225103642 85.4956985803538,28.1222897081521 85.4956491148245,28.1223351628636 85.4955749731151,28.1223992869072 85.4955649876605,28.1224587035736 85.4955883794646,28.1225320152551 85.4955848746939,28.1225644456579 85.4955931980502,28.1226240632649 85.4955461793677,28.1227128366085 85.4955273794276,28.1227478048755 85.4954807761937,28.122806819625 85.4953970262518,28.1229033069615 85.4953747591562,28.1229680002725 85.4953222039064,28.1230161266729 85.4952973764386,28.123045617261 85.4952321239769,28.1231287788432 85.4951735789717,28.1231687222116 85.495121212473,28.1232033219084 85.4950628941234,28.1232270332848 85.4950292143935,28.1232347807233 85.4949467864432,28.1232365814334 85.4949465596892,28.1232528133734 85.4949644529051,28.1232827729599 85.4950005416946,28.1233210495395 85.4950239332682,28.1233943613009 85.4950417509471,28.1234297315251 85.4950871832398,28.1234545819765 85.4950925682356,28.1235060501259 85.4950764793904,28.1235653997286 85.4950699984991,28.1235923859569 85.4950510848691,28.1236354701122 85.4950353360956,28.1236704717979 85.4950102438519,28.1237188995851 85.4949915191337,28.1237484571137 85.494984849247,28.1237889699518 85.4949843957398,28.1238214338297 85.49496533086,28.1238753392614 85.4949495820202,28.1239103409337 85.4949339465509,28.1239372266344 85.4949242251192,28.123977705961 85.4949361288023,28.1239994825704 85.4949845750199,28.1240270718914 85.4950633852065,28.1240658175262 85.4951176321964,28.1241151163947 85.4951470136593,28.1241966111107 85.495201260752,28.1242459099492 85.4952371232146,28.1243004184167 85.4952792398944,28.1243441725806 85.4953214321776,28.1243825160858 85.495351342837,28.1244261362368 85.4953996382232,28.1244645467145 85.495429700065,28.1244973455562 85.4954593841099,28.1245571976265 85.4954769376401,28.1246115050655 85.4954948689948,28.1246387592679 85.4956037417693,28.1247103034371 85.4956216731721,28.1247375576244 85.4956213709499,28.124759200213 85.4956023061955,28.1248131057321 85.495583165863,28.1248724218944 85.4955644033027,28.1249046848182 85.4955879088928,28.1249698805247 85.4956054625456,28.1250241879492 85.4955927274848,28.125061928507 85.4955374219628,28.1250883788605 85.4954335184531,28.1250980613186 85.4953357935812,28.1251024000482 85.4952620275821,28.1251394705867 85.4951633957131,28.1252087369405 85.4951199182822,28.125262374355 85.4950642346218,28.1253158777351 85.4950088532589,28.1253477385094 85.4949718567423,28.1253743896574 85.4949408121211,28.1254119290999 85.4947935817856,28.1254644271017 85.4947196641536,28.1255123186183 85.4946452172066,28.1255980846008 85.4946263786262,28.1256357580211 85.4945094365608,28.1257048227752 85.4943802881146,28.1257737533415 85.4943243769522,28.125843488322 85.4942627407292,28.1258861030154 85.4941213856607,28.1259548992278 85.4940350342251,28.1260188881674 85.4939491365499,28.1260504131964 85.4938753694447,28.12608748294 85.4938138085602,28.1261246867762 85.493770557045,28.126162091791 85.493684432212,28.1262098485698 85.4936533112421,28.1262527983306 85.4936523276715,28.1263231366641 85.4936326563446,28.1264203269759 85.4936007786646,28.126517383128 85.4935994167341,28.1266147746605 85.4935552569575,28.1267171072804 85.4935168975953,28.1268411495242 85.4935334667747,28.1269657954942 85.4935448408024,28.1270254466986 85.4935253962247,28.1271064050564 85.4934565963563,28.1272247012156 85.4934059545906,28.1273540198762 85.4933996243609,28.1273701847069 85.4933604320954,28.1275537439126 85.4933465607319,28.1276726437947 85.4933145310091,28.127780521117 85.4933075196045,28.1278453816918 85.4932876205746,28.1279588038269 85.4932625264667,28.1280072311958 85.4932364484188,28.1281259968604 85.493191833481,28.1282607931344 85.4931661337324,28.128352505585 85.4931039657367,28.1284329941351 85.4930720869012,28.1285300500953 85.4931079495787,28.1285845591007 85.4931685281584,28.1286176939526 85.4932897611173,28.1286785529417 85.4933556862691,28.1287658611938 85.4934094049489,28.1288530352359 85.4933473881882,28.1289227026103 85.4933407551125,28.1289605099835 85.4933637303245,28.1290635804834 85.4933449663222,28.1290958430304 85.4933382575479,28.1291390610401 85.4933255211453,28.1291768013159 85.4933252646574,28.1291951373625 85.493272242818,28.1292763277945 85.4932393798763,28.1294437220667 85.4932566301908,28.1295196722902 85.4932311572165,28.1295951528152 85.4931874498949,28.1296650213895 85.4930946130211,28.1297559956486 85.4930815736541,28.1298153784397 85.4930379418429,28.1298798363203 85.4929546382094,28.129943857952 85.492902419055,28.1299676353404 85.4928805273609,28.1300052748864 85.4928678285379,28.1300403097869 85.4928460125278,28.1300725386899 85.4928303755748,28.1300994240724 85.4927903251781,28.1301260409698 85.4927563402639,28.1301554302956 85.4927131624287,28.130187424243 85.4926610566871,28.1302030855786 85.4926144863651,28.1302593937883 85.4925988493261,28.1302862791404 85.4925462891556,28.1303344042405 85.492502240291,28.1304286204173 85.4924926308439,28.1304609835241 85.4924309912035,28.1305035972357 85.4923753412909,28.1305543940099 85.4923348740483,28.1306107692507 85.4922546968685,28.1306694133495 85.4922175084502,28.1307095902218 85.4922254137414,28.1307989664038 85.4922433830778,28.130823515699 85.4922640254037,28.1308751517351 85.4922631543511,28.1309373740253 85.4922777311711,28.130986237596 85.4923106182303,28.1310353026003 85.4923040603686,28.131067699259 85.4922815244078,28.1311513290742 85.4923290641303,28.1312438470103 85.4923495929577,28.1313035989859 85.492330108688,28.1313872623775 85.4923171065325,28.1314439397414 85.4923251255445,28.1315251999634 85.4923093367486,28.1315629065348 85.4922967132779,28.1315925307268 85.4922380488686,28.1316405885233 85.4922099395101,28.1316862767316 85.4922275302405,28.1317378791973 85.4922416905226,28.1318165012523 85.4922378434425,28.1318732793254 85.4922061899149,28.1319541030686 85.4921719769916,28.1319997241119 85.4921430342165,28.1321049292594 85.4921632221925,28.132189029105 85.4921738383395,28.1323027866975 85.4921944051285,28.1323598333755 85.4922047183098,28.1324952334949 85.492237605762,28.1325442985229 85.4922576045043,28.1326419249367 85.4922907950146,28.1326693474232 85.492299798772,28.1326802694117 85.4923756002166,28.132716277862 85.4924480091286,28.1327766005491 85.4925178586566,28.1328017205162 85.4925780985476,28.1328592035433 85.4926199522209,28.1329218957757 85.4926864850754,28.1329659193106 85.4927012895044,28.1329985509402 85.4927250977722,28.1330421045312 85.4927423481724,28.1331180547893 85.4927260291656,28.13319363583 85.4927130269518,28.1332503132167 85.4926697342217,28.1332904230376 85.4926167181466,28.1333710118864 85.492600664077,28.1334276556899 85.4925727058375,28.1334625226836 85.4925387197685,28.1334919118986 85.4925137753975,28.1335295177647 85.4925160697788,28.1335836576599 85.4925097011352,28.1336025277322 85.4925033324893,28.1336213978041 85.4924599637858,28.1336669181801 85.4923892805136,28.1337013151181 85.4923457981068,28.1337549514022 85.4922991123707,28.1338193753584 85.4922284289487,28.1338537722068 85.4922127154936,28.1338860681087 85.4921908984566,28.1339182968523 85.4921718680401,28.1339694963798 85.4921409713678,28.1339962137465 85.4921008814328,28.1340255356808 85.4920544227218,28.1340737276481 85.4919898805228,28.1341054862099 85.4919348725146,28.1341102923394 85.491931744953,28.1341156693859 85.4918766611647,28.1341258861221 85.4918121188854,28.1341576445967 85.4917777913858,28.1342113814391 85.4917526571267,28.1342625137212 85.4917156187846,28.1342918691219 85.4916695387089,28.1343130077969 85.4916510763596,28.1343236275142 85.4916050720461,28.1343393555368 85.4915377430329,28.1343521430785 85.4915007424996,28.1343787931026 85.4914665284649,28.1344244139128 85.491426248698,28.1344672622072 85.4913981003068,28.1345156555034 85.4913426372645,28.1345529251584 85.4912781703826,28.1345792727349 85.4911955821685,28.1345918921041 85.4910978865458,28.1345935221513 85.4910123223193,28.1346006971775 85.4909753594846,28.1346246417366 85.4909008650852,28.1347131105292 85.4908209873141,28.1347501110973 85.4907837589802,28.1347929927957 85.4907493170133,28.1348548452885 85.490712202365,28.1348896110239 85.4906689082313,28.1349297201489 85.4906256519847,28.1349671239454 85.4905728231352,28.1350341853269 85.4905386464185,28.1350771005647 85.4905677994233,28.1351748279975 85.4905517818935,28.1352287661812 85.4905631169832,28.1352911228467 85.4905685759643,28.1353371804011 85.4905278404227,28.1354124921552 85.4904993121345,28.1354879383647 85.4904890947853,28.1355635862739 85.4905096991304,28.1356179278554 85.4905183237011,28.1356559030881 85.4905143996307,28.1357180916674 85.4905078029544,28.1357531934998 85.4905165033799,28.1357857581066 85.4905221140494,28.1358209944085 85.4905096033093,28.1358425024412 85.4904693984666,28.1358799397849 85.4904292315217,28.1359146718028 85.4904228623592,28.1359335417525 85.4904289949188,28.1359399741083 85.4904072618178,28.1359577214672 85.4903756055848,28.1360385446413 85.4903629810053,28.1360681685956 85.4903502047059,28.1361086137984 85.490361994881,28.1361385067216 85.4903738988454,28.1361602837064 85.4903855373224,28.136200997878 85.4904217043821,28.1362338650734 85.490442232952,28.1362936172886 85.4905027769496,28.136329458732 85.4905053737058,28.1363619561017 85.4904832522304,28.1364158270235 85.4905034774653,28.1364972217312 85.4905116142961,28.1365131928191 85.4905973265735,28.1365523701252 85.4906458150155,28.1365772557943 85.4906512361488,28.1366260186537 85.490658388937,28.1366772645214 85.49067466509,28.1366966257042 85.4906743996436,28.1367155628935 85.4906704376732,28.1367804567827 85.4906633100648,28.1368534329935 85.4907404971893,28.1370085097921 85.4907287275603,28.1370584258855 85.4907454254208,28.1370924417115 85.4907386770328,28.1371383647983 85.4907049829874,28.1371962898587 85.4906917612667,28.1372190199571 85.4906905070224,28.1372222222142 85.4906601048265,28.1372998431765 85.4906256998403,28.1373589902702 85.4905853048223,28.1374099541811 85.4905723387977,28.1374639259555 85.490555555593,28.1374832571782 85.4905351093762,28.1375068075298 85.4904672852047,28.1375547635157 85.4904054509616,28.1376109026452 85.4903646764392,28.1376889196009 85.4903359577005,28.1377778922838 85.4902798097868,28.1378638570239 85.490284661799,28.1379531995608 85.4902655538145,28.1380098093551 85.4902341623369,28.1380716952644 85.4902209304993,28.1381446041715 85.490201860378,28.1381985086412 85.4901306422753,28.1382707786088 85.4900875741416,28.1382946556019 85.4899739327024,28.1383448121683 85.4899152255342,28.1383955740529 85.48990543218,28.1384105678681 85.4898813509792,28.1384168465668 85.4898232887956,28.138421618122 85.4897620608577,28.138434471948 85.4897128128624,28.1384636921642 85.4896880939835,28.1384850655421 85.4896328559703,28.1385061025178 85.4895866218705,28.1385380616365 85.4895803282871,28.1385515209071 85.4896044779406,28.1385707272096 85.4896222581203,28.1386088034019 85.4896613637776,28.1386498203816 85.4897311024856,28.1386830578033 85.4897671562927,28.1387240411169 85.4898244976758,28.1387706704977 85.4898666933347,28.1388090157485 85.4898905016008,28.1388525698018 85.4899172859224,28.1389015681075 85.4899351800929,28.1389315283312 85.4900201028183,28.138970344405 85.4900238862625,28.1389746451148 85.4900230409216,28.1389784939699 85.4900339207011,28.1390733143811 85.4900549048014,28.1391006029116 85.4900787890835,28.1391387463139 85.4901084737332,28.1391985994612 85.4901505558434,28.1392450605656 85.4901683363195,28.1392831366952 85.490244141534,28.1393191464436 85.4911111111485,28.139289304607 85.4911111111485,28.1394444444365 85.4913888889263,28.1394444444365 85.4913888889263,28.139999999992 85.4916666667041,28.139999999992 85.4916666667041,28.1402539484446 85.4916687178664,28.1402547837167 85.4916961476492,28.1402577913964 85.4917235395336,28.1402635043832 85.4917600115184,28.1402747287741 85.4917804577453,28.1402723688952 85.4918389457525,28.1403053606518 85.4918841568057,28.1403464442294 85.4919102223716,28.140446843127 85.4919180140367,28.1405443351602 85.4919748268037,28.1406288380811 85.491982883794,28.1407073929216 85.4919884572293,28.1407453344802 85.4920126457002,28.1407618350751 85.4920366068193,28.1407945675427 85.4920327590774,28.1408513455216 85.4920534408802,28.1409002762741 85.4920896478714,28.1409304377754 85.492131958854,28.1409606664422 85.4921651896821,28.140985383712 85.4922168082257,28.1410048918613 85.4922222222596,28.1410101399255 85.492261981822,28.14104868064 85.4922824364387,28.1411138432399 85.4923001042972,28.1411600350627 85.4923023985447,28.1412141749053 85.492316976545,28.1412630384556 85.4924377303829,28.1413590676914 85.492463966469,28.1413888888809 85.4924787694141,28.1414057146158 85.4924855016172,28.1414353537411 85.492494203022,28.1414679182372 85.4924940893735,28.1414760341764 85.4925000000374,28.1414844108906 85.4925210270285,28.1415142107736 85.4925541823523,28.1415443385834 85.4925811958068,28.1415771045435 85.4926480747333,28.1415967804307 85.492706062815,28.1415974183681 85.4927633691252,28.1416467519216 85.492784543787,28.1416605135033 85.492836352145,28.141666494867 85.4928666828412,28.1416803571528 85.4929059423305,28.1417105520255 85.4929271170238,28.1417243135862 85.4929727835346,28.1417329330727 85.4930274546007,28.1417524745032 85.493090940902,28.141796464436 85.4931515267115,28.1418295995208 85.4931936490201,28.1418733544498 85.4932605282547,28.1418930300485 85.4932878827858,28.1419014480544 85.4933333979561,28.1419208886802 85.4934061919754,28.1419541579026 85.493448844473,28.1419600383614 85.4935580356163,28.1420099420922 85.4936311326111,28.1420215686855 85.4937105607788,28.1420170304605 85.49384500096,28.1420076854729 85.4939614317937,28.141976496551 85.4940960232879,28.1419563300548 85.4941753757182,28.1419572021875 85.4942481700438,28.1419904709731 85.4942773280195,28.1420881977237 85.4942945049834,28.1421695584178 85.4943787508512,28.142257067603 85.4944138617195,28.1423656826657 85.494424859088,28.1424523869002 85.4944968971414,28.1425397618703 85.4945381879489,28.142643033347 85.4945489584361,28.142745969464 85.4945669680108,28.1427678131954 85.4946641793334,28.1428013500589 85.4947734475778,28.1428458422389 85.4948892739028,28.1428579376045 85.4949744285313,28.1428805188803 85.4950476019448,28.1428867341135 85.4952361480027,28.1429375081745 85.4953208490063,28.1429925530317 85.4953573223243,28.1430037765106 85.4954983214915,28.1429620331841 85.4956690092968,28.1429801417778 85.4958021653361,28.1430627756733 85.4959421060677,28.1430967807545 85.4960584619833,28.1430710007106 85.4961870260487,28.1430453545623 85.4962729369434,28.1430138287034 85.4963464128642,28.1429984007111 85.4971889154607,28.1434351501079 85.4972846176559,28.1435768978916 85.4973670544207,28.143794260633 85.4974374342323,28.1440006681694 85.4975577049354,28.1441318622868 85.4976151217758,28.1443922422303 85.4978562687999,28.1446113449962 85.4980365257302,28.1448189569111 85.4981044915694,28.1451985045414 85.4982108951132,28.1454485983294 85.498318959824,28.1455796580227 85.4983659822157,28.1457100485833 85.498352414973,28.1458073062417 85.4982268570968,28.1460548573322 85.4980521622896,28.1463235154533 85.4980564658715,28.1463747119483 85.4978667682109,28.1464838267352 85.4976314817746,28.1467193511053 85.4976174605485,28.1468490724548 85.4976768422586,28.1469687758333 85.4977122598865,28.1470557476269 85.4977336564018,28.1472724407694 85.497681498604,28.1475099731675 85.4977506727652,28.1478029506997 85.4979184237009,28.148032071533 85.4979773532726,28.1481842386063 85.4979389145674,28.1483136922491 85.4979105701441,28.1485947774963 85.4980305442635,28.1487476138701 85.4981012301694,28.1489323785581 85.4981348365635,28.1491492054768 85.4982180338186,28.149312461424 85.4983028922941,28.1493566833708 85.4984851203585,28.1494236183945 85.49869206847,28.1494691782472 85.4987163710482,28.1495023706524 85.4987282424348,28.1495020434576 85.4987478975155,28.1494936005045 85.4989138628815,28.1495446635182 85.4990293197033,28.1495838088465 85.4991385966737,28.1496282978359 85.4993220329401,28.1496086615955 85.4994696721146,28.1495291069061 85.4996167830444,28.1494874265114 85.4997444490465,28.1495267049629 85.4998337535435,28.1496900268789 85.4998693999943,28.1497607662688 85.4999110001471,28.1498423937737 85.4999285594501,28.149896700694 85.499951997019,28.1499673063718 85.500024798579,28.1500005723269 85.500122244445,28.1500178736839 85.5003173624798,28.1500362442769 85.5004760797093,28.1500379817476 85.5006157295769,28.1500936249836 85.5007788931369,28.1502144629993 85.5009123635069,28.150275449777 85.5010215666529,28.1503253479568 85.5012205293252,28.1505061033089 85.5012742645155,28.1505932746624 85.5013041844151,28.1506368937254 85.5013279244396,28.1506858566379 85.5013200868082,28.1508102345905 85.5012762246121,28.1508909266886 85.5013295832668,28.1510051512278 85.5013465406463,28.1511027431167 85.5012963477011,28.1511996003493 85.5012946899058,28.1513186344366 85.5013960566473,28.1514929102981 85.5014846870753,28.1517049270149 85.5015135525194,28.1518242950067 85.5015914810082,28.1519279652937 85.5016204219602,28.1520419226256 85.5017355811748,28.152102708362 85.501783664888,28.1521573489268 85.5019291968547,28.1522292896302 85.5020021512179,28.1522517333231 85.5020751056133,28.1522741769783 85.5021174615153,28.1523016974706 85.502135850757,28.1522964870899 85.5022942702221,28.1523198651494 85.5023851621518,28.1523695620915 85.5024333969203,28.152413381159 85.5025000962791,28.1524465791392 85.5026452526915,28.152545572325 85.5027123286368,28.152551716993 85.5028949414375,28.1525915932159 85.5031208138976,28.1525940616709 85.5031450820125,28.1526051497963 85.5033092305817,28.1526556466361 85.5036027812482,28.1526209734902 85.5037247993027,28.1526277178522 85.5038219473245,28.152666659266 85.5038577660431,28.1526627280073 85.5039622042341,28.1526790141002 85.5040288290402,28.1527176220049 85.5040737866606,28.1527776391271 85.5041222855808,28.1528025203692 85.5041861214322,28.1528221576071 85.5042900889725,28.1528097642225 85.5043842978461,28.1528405559512 85.5044573659944,28.1528548823994 85.5045057146478,28.1528905848042 85.5045290430197,28.1529693057795 85.5045373728846,28.1530289228682 85.5045550101899,28.1530778186333 85.5046057721739,28.15315954483 85.5047308808872,28.1531636163197 85.504812918398,28.1531915691654 85.5049257425862,28.1532009178541 85.5050298607822,28.1531777026232 85.5051365051155,28.1531923951605 85.5051757722629,28.1532225867604 85.5052483898228,28.1532693766908 85.5052726959047,28.1532777591281 85.505346140274,28.1532650318734 85.5054192840143,28.1532739471745 85.5054925780681,28.1532720411388 85.5055627446217,28.1532755124117 85.5056051394225,28.1533003265459 85.5056442564614,28.1533413393164 85.5056649466779,28.1533902682572 85.5056763295555,28.1534499185976 85.5056972827957,28.1534799102611 85.5057394898627,28.153518250981 85.5057817345278,28.1535538863641 85.5058667874317,28.1535845772204 85.5059335262044,28.1536150682661 85.5059606218408,28.1536424211543 85.5060059565573,28.1536753844401 85.5060324136736,28.153748727841 85.50603795498,28.1537893742993 85.506112386191,28.1539254728157 85.5061487517477,28.1539448095639 85.5061969136725,28.1539940380321 85.5062515559632,28.1540162798062 85.5063675086797,28.15402024998 85.5064524870268,28.1540563511418 85.5064947696924,28.1540892809938 85.5065522016297,28.1541304932121 85.5065825752257,28.154141647313 85.5066586594323,28.1541587112342 85.5067102495287,28.1541809195538 85.5067313158328,28.1542027950951 85.50677374882,28.1542249035628 85.5068469309069,28.1542311128037 85.506889439013,28.154247810585 85.5069531636582,28.154275562559 85.5069802221828,28.1543056205851 85.5071232452184,28.1543537121211 85.5071843566272,28.1543349028423 85.5072614544458,28.1542789226262 85.5073566037752,28.1542420792241 85.5074820141829,28.1542245056388 85.50758579521,28.1542256364255 85.5077052133675,28.1541998801383 85.507815174183,28.1541956666052 85.5079524188667,28.1542052788641 85.5080505077629,28.154176584199 85.5081268548369,28.1541747100221 85.508248837622,28.1541841557572 85.5083012532128,28.1541468462816 85.5083839300534,28.154128806476 85.5084448651806,28.1541375872338 85.508527204495,28.1541438952922 85.5085854247491,28.1541282947996 85.5086532895891,28.1540776247162 85.5086470348407,28.154088379562 85.5086931955103,28.1540618247745 85.5088163405098,28.1539874048227 85.5089604395999,28.1539429759531 85.5090003829171,28.1539244705893 85.5090832844018,28.1538901983775 85.5091360369279,28.1538285406048 85.5092069911808,28.1537751981209 85.5092624586226,28.1537379214755 85.5093339374589,28.1536467043126 85.5093957343908,28.153593262068 85.5094481118313,28.1535586574534 85.5095160133873,28.1535052815797 85.5095655257464,28.1534571170556 85.5096486889944,28.1534039071712 85.5097224702652,28.1533668295854 85.5097906713008,28.1532918109255 85.5098370186836,28.153251729076 85.5098924107124,28.153219862814 85.5099414732174,28.1532041621016 85.509996003577,28.1532345183888 85.5101207007775,28.1532683435981 85.5101727781777,28.1532553813325 85.5102306606386,28.1532641280848 85.5102777778152,28.1532573922259 85.5103010147278,28.153254070283 85.5103775109762,28.1532413735021 85.5104538574082,28.1532394980006 85.5105058598627,28.1532319462679 85.5105941536001,28.1532491407679 85.5106855746173,28.1532609577372 85.510722015723,28.1532748826336 85.5107918456025,28.1533026992134 85.5108680423229,28.1533116448071 85.510944538561,28.1532989477086 85.5110358473633,28.1533188804412 85.5110721762341,28.153340921241 85.5111391784893,28.1533524724809 85.5111936718514,28.1533855336378 85.5112604121395,28.1534160221412 85.5113728631079,28.1534524188654 85.5114149225672,28.1535015792402 85.5114693038176,28.1535427562882 85.5115390592327,28.1535759831638 85.511566156339,28.1536033349969 85.5116665852276,28.153626072158 85.5116848246197,28.1536316818151 85.5117303108527,28.1536538219442 85.5117969018002,28.1536951315258 85.511838849301,28.1537524077762 85.5118868267705,28.1538151610017 85.5119199539543,28.1538479897561 85.5119653655027,28.1538755404763 85.512065906973,28.1538901613593 85.5121115430351,28.1539014800381 85.5122091443947,28.1539079516637 85.5122972519831,28.1539386717588 85.5123360726552,28.1540013253821 85.5124027762653,28.1540345186858 85.5124854898513,28.1540137710411 85.5125347767844,28.1539818374029 85.5126205426906,28.1539611228206 85.5126877699023,28.1539564413239 85.5127641542577,28.1539518592191 85.5127777778152,28.1539562878996 85.5128674865851,28.1539854499953 85.5129561552701,28.1539755896738 85.5130174646511,28.1539573150723 85.51307248232,28.1539525008415 85.5131149913783,28.1539691967235 85.5131816952278,28.1540023896562 85.513221413611,28.1540001150374 85.5132488476923,28.1540031185518 85.5132762070147,28.1540115327285 85.5133006260955,28.1540117977684 85.5133248956601,28.1540228841398 85.5133889583786,28.1540262851719 85.5134252879937,28.1540483253727 85.5134369368932,28.154089037891 85.5134670870116,28.1541164224961 85.5134849902134,28.1541463799266 85.5135153272328,28.1541602378514 85.5135638664806,28.1541824105177 85.5135847473655,28.1542178117288 85.5136117704209,28.154250573849 85.5136359653295,28.1542670708366 85.5136538686025,28.1542970282472 85.5136840935753,28.1543190021395 85.5137297673831,28.1543276149575 85.5137358348031,28.1543303865327 85.5137748433052,28.1543795131102 85.5137929334749,28.1543959438325 85.5138384578582,28.1544153779533 85.5138658920681,28.1544183813486 85.5139024461072,28.1544241894235 85.5139450302181,28.1544354743896 85.5139630565969,28.1544444444365 85.5139783824165,28.154452070667 85.5140240189464,28.1544633887243 85.5140513037291,28.1544772134216 85.5140786632408,28.1544856274444 85.5141060227571,28.1544940414619 85.5141395244377,28.1544998163626 85.5141666667041,28.1544944659323 85.514191564673,28.15448955791 85.5142374253861,28.1544846438884 85.5142984733838,28.154485306062 85.5143287359009,28.1545045744836 85.5143895971468,28.1545187632922 85.5144203079191,28.1545055676734 85.5144449138834,28.1544923058381 85.5144847071404,28.1544846201885 85.5145366352936,28.1544824776089 85.5145945188542,28.1544912225538 85.5146921956733,28.1544922817642 85.5147473629512,28.1544766455264 85.51479002187,28.1544825195627 85.5148073917564,28.1544871225299 85.5148175308174,28.1544801120978 85.5149063118151,28.1544621345159 85.514976367666,28.154473717013 85.5150497746266,28.1544636898792 85.515098911715,28.1544425766428 85.515157168649,28.1544242679907 85.5152365683668,28.1544224229405 85.5153072215147,28.1543907198896 85.5153991294247,28.1543673643947 85.515484783201,28.1543547640196 85.5155518613083,28.1543609024678 85.5156037520775,28.154361464817 85.5156922343083,28.1543651294099 85.5157627380215,28.1543442474644 85.5158576982046,28.1543209247315 85.5159554122388,28.1543192776984 85.5160439317692,28.1543202367261 85.5161175250995,28.1542966823257 85.5162639282496,28.1543063854888 85.5163708740775,28.1542994266751 85.516493044583,28.1542953384106 85.516642052628,28.1543375382837 85.5166966974516,28.1543597759776 85.5168187934438,28.1543610981007 85.5168610795534,28.1543940248758 85.5169277103258,28.1544326267121 85.5169702202266,28.1544493214261 85.516994863173,28.1544333537817 85.5170314174266,28.1544391610279 85.5171944575994,28.1545708017183 85.5172488044127,28.1546146819081 85.5173219130805,28.1546262962608 85.5173642740091,28.1546538122118 85.5175291041008,28.1546555962661 85.5176441265941,28.1547271904064 85.5178575718092,28.1547457346357 85.5181015412449,28.1547646087742 85.5181290181333,28.154776474264 85.5181348569738,28.1547839094062 85.5182620896916,28.1548556351378 85.5183381393105,28.1548753979971 85.5184508552183,28.1548928516714 85.5185082551432,28.154936764401 85.5185870220547,28.1549809082005 85.5186754304966,28.1549899815689 85.5188151342256,28.1550429014696 85.5188845206307,28.1551031781227 85.518944936035,28.1551498290257 85.5190480482283,28.1551996472922 85.5190990085872,28.1552678418462 85.5191560738712,28.1553361023846 85.5192256840547,28.1553801468329 85.5192778360231,28.1553617704242 85.5193241437248,28.1553243906157 85.5193828472575,28.1552736160686 85.5194269837645,28.1552250605542 85.5194510430618,28.1551985924072 85.5194980206961,28.155112516395 85.5195800572308,28.1550499221467 85.5196000535283,28.1550189181784 85.5196246454484,28.1549662989768 85.5196252545759,28.1549623699328 85.5196592034192,28.1549356794034 85.5197177949203,28.1548930207201 85.5197793643567,28.1548558056792 85.5198675123219,28.1548838156692 85.5199039552741,28.1548977381849 85.5199377308339,28.1549101376495 85.5199495182817,28.1549144649809 85.5199676839471,28.154925484242 85.5200219204803,28.154977479404 85.5200334975631,28.1550236021379 85.520063389202,28.1550699227532 85.5201056022005,28.155108259255 85.5201358659898,28.1551275264375 85.5202023496239,28.1551769481058 85.5202478383849,28.1551990854921 85.5203484941167,28.1552055843544 85.5204302028488,28.1552578761285 85.520490953849,28.1552801782972 85.5205332786851,28.1553103986481 85.5205818200073,28.1553325688976 85.5206211668523,28.1553573455692 85.5206603649281,28.1553929435996 85.5207058910757,28.1554123754976 85.5207816440465,28.1554537797703 85.5208301482946,28.1554786552784 85.5208939519467,28.1555009902389 85.5209485611209,28.1555259316308 85.520991034941,28.1555453304768 85.5210335831525,28.1555593186245 85.5210881552043,28.1555869653057 85.521127651005,28.1556009204673 85.5211825205763,28.1556069243689 85.5212173232216,28.1556122457072 85.5212261946985,28.1556216482343 85.5212555932571,28.1556212420045 85.5213191368251,28.1556625141746 85.5213699873312,28.1557388239712 85.5214695655369,28.1558237769837 85.5215389539771,28.1558840523605 85.5215529894414,28.1559734934288 85.5215719014173,28.1560169233646 85.5215825845973,28.1560414564872 85.5216229665444,28.1561396400357 85.5216208538967,28.1561446878427 85.5216215707186,28.1561573223826 85.5216234334403,28.156190154297 85.5216257692481,28.1562313247204 85.521630145787,28.1563240134094 85.5216335140227,28.156334226603 85.5217238612357,28.1564244912984 85.5217989090901,28.1565172965677 85.5218282815206,28.1566014916394 85.5218523667645,28.1566261032676 85.5218847174002,28.1567157419574 85.5219631153958,28.1567869373399 85.5219653873797,28.1568437824917 85.5220167220208,28.1568849226091 85.5220175879153,28.1568877379025 85.5220287832763,28.1568958757369 85.5221228526907,28.1569374769469 85.5222387354677,28.1569468445084 85.5223396945698,28.1569346010537 85.522363998652,28.1569400787025 85.522489261826,28.1569333127814 85.5224929137925,28.1569327571946 85.5224953667874,28.1569333786376 85.5225495312527,28.1569907835564 85.522618958196,28.1570483530832 85.5226582689978,28.157075834549 85.5227587038309,28.1570985637755 85.5227887829361,28.157131357127 85.5228918246175,28.1571865833131 85.5229436797795,28.1571898482781 85.5229894671093,28.1571903420447 85.5230537179309,28.1571802119137 85.5231148419776,28.1571754595271 85.5231635332463,28.1571868075286 85.5232243602125,28.1572036978515 85.5232785623439,28.1572583971548 85.5233575557921,28.1572863062646 85.5234124263861,28.1572923093085 85.5234673341166,28.1572956069856 85.5235254799831,28.1572854108205 85.5236198473633,28.1573053682727 85.5236749778552,28.1572924337951 85.5237516242691,28.1572689082174 85.5238398495792,28.1572915050636 85.5239036920994,28.1573111333348 85.5239982451645,28.1573175638012 85.5240778326859,28.1573021869712 85.524144839092,28.1573137319872 85.5242666048643,28.1573393957132 85.5243487995792,28.1573565157673 85.5244309572173,28.1573763411191 85.5244948370119,28.1573932637741 85.5245583829094,28.1574345345173 85.5246495126474,28.1574679851212 85.5247320414116,28.1574607568321 85.5248114063811,28.1574616116559 85.5248599496077,28.1574837804522 85.5248897698207,28.1575355107957 85.5249531304982,28.1575903080975 85.5250171217845,28.1575991144757 85.5250534921926,28.1576184463693 85.5251085485251,28.1576109220085 85.5251484165091,28.1575978225841 85.5252125190779,28.1575985128306 85.5252768441545,28.157582970964 85.5253443700465,28.1575566405426 85.5253964479927,28.1575436725042 85.5254334117394,28.1575197187408 85.5255005296929,28.1575231470613 85.5255797464298,28.1575348228319 85.5256286976889,28.157527232539 85.5257022172496,28.1575090836969 85.5257543692801,28.1574907048242 85.5258275922357,28.1574941986959 85.5258826113962,28.1574893793672 85.5260017701428,28.1574825445428 85.5260934193061,28.1574781193294 85.5261639603892,28.15745452669 85.5262128374592,28.1574523468819 85.5262862827674,28.1574396084172 85.526368737334,28.1574377898338 85.5264329275386,28.1574551347877 85.5264371962643,28.1574547608586 85.526498468604,28.1574391855671 85.5266085809314,28.1574241356461 85.526705890463,28.157452239881 85.526754508202,28.1574689973222 85.5268216632424,28.1574697196464 85.5268772750657,28.1574216143292 85.5269150163559,28.1573408478172 85.5270021160905,28.1572227316557 85.5270394127405,28.1571744292949 85.5270764871268,28.1571423590196 85.5271392406732,28.1570185694452 85.5272689265667,28.156911734025 85.5274167789894,28.1568159167815 85.5274542974782,28.1567513821917 85.52748556285,28.1566976033572 85.5275537541473,28.1566225754961 85.5277257295638,28.1565486632115 85.5278975566853,28.1564855721045 85.5280329760062,28.1564058550237 85.5281135986912,28.156314725968 85.5282867574602,28.1561542416994 85.5283542077636,28.1561333204298 85.5284707935054,28.1560912810251 85.5285808302462,28.1560816401564 85.5287583911422,28.1560456670205 85.5288749026632,28.1560090379661 85.5289671423658,28.15596132514 85.52913889391,28.1559036431122 85.5292973260263,28.1559269903436 85.5294374434455,28.1559501407618 85.5296389059739,28.1559523035836 85.5297053306637,28.1559275507611 85.529810509313,28.1559054421126 85.5299752683213,28.1559126219717 85.5301041370169,28.1558653014751 85.5301778395799,28.1558336233853 85.5301821431659,28.1558333333254 85.5302777778152,28.1558268875878 85.5303856285966,28.1558196184878 85.530508983297,28.1557289464287 85.5305344375338,28.1556534584906 85.5305843113596,28.1555782325183 85.5306140266346,28.1555555555476 85.5306892031289,28.1554981852167 85.530793577552,28.1554560127943 85.5308333333707,28.1554357047338 85.5309595918887,28.1553712093792 85.5310582089063,28.1552777777698 85.5310765614026,28.1552603902711 85.5310964111468,28.1551886856222 85.5310552282224,28.1550746024149 85.5311239330966,28.1549616976518 85.5311380633458,28.1548211501062 85.5312810602781,28.1546332808674 85.5314678244803,28.1543701196514 85.531573378978,28.1542413751795 85.5317402029855,28.1540970528697 85.5320402991103,28.154029919728 85.5322918515487,28.1539406197603 85.5323050944381,28.1538650005846 85.5323735019978,28.1537737379554 85.5324666238365,28.1536610940479 85.5326207196627,28.1535545147729 85.5328776375967,28.1535193862201 85.5330435735841,28.1534399907976 85.533233485954,28.1533933209479 85.5334411225755,28.1533901326518 85.5335938550472,28.1533356386732 85.5336006766764,28.1533309613611 85.5336631254906,28.1532288112371 85.53371678567,28.1530995094649 85.5337453630875,28.1530186427492 85.5337830238816,28.1529432847607 85.5338299892116,28.1528572033351 85.5338792327703,28.1528279671096 85.5339466800011,28.1528070429561 85.5340110748281,28.1527860861014 85.5341248973555,28.1527223660978 85.5342172057143,28.1526692387998 85.5343155818832,28.152618882116 85.5344194731623,28.1526118764376 85.5345080657148,28.1526074127624 85.5345690395204,28.1526134765847 85.5346234296432,28.1526546447604 85.534690029317,28.1526959435235 85.5348517361881,28.1526695830127 85.5348676013236,28.1526586094816 85.5349965377847,28.1526058734099 85.5351871108383,28.1525105042572 85.5353038374906,28.15245763732 85.5354141647205,28.1524263479006 85.5355371431887,28.1523627245801 85.535623493107,28.1522987095812 85.5357103583145,28.1521968194557 85.5357544166667,28.1520998832141 85.5358228938093,28.1520032079627 85.5358602583104,28.1519494922224 85.5358670992111,28.1518954502263 85.5358563621631,28.1517871052344 85.5358333421121,28.1516840404652 85.5358954197438,28.1516089428084 85.5359269738274,28.1515335188927 85.5360507606544,28.1514103770746 85.5361127643677,28.1513406900303 85.536206689776,28.1511685253297 85.5363671774386,28.1510403638552 85.5364537465473,28.1509601160823 85.536589520675,28.1508533363428 85.5366215890717,28.1507400371414 85.5366841806086,28.1506270639832 85.5367889894904,28.1505524223296 85.5368393714717,28.1504393186757 85.5368829866529,28.1503748463513 85.5369632295334,28.1503107651989 85.5370320721763,28.1501870355915 85.5370820124063,28.1501063962001 85.5371255537518,28.1500473345141 85.5372492639246,28.1499296022008 85.5373599557217,28.1498712574354 85.5374462290071,28.1498126518791 85.5375020527521,28.1497483096773 85.5375644957047,28.1496461575056 85.5375899434099,28.1495706679515 85.5376586377913,28.149457759433 85.5376841588997,28.1493768591242 85.5376806274998,28.1491874183739 85.537743437513,28.1490582124372 85.5377633684956,28.1489393718229 85.537752335627,28.1488526698003 85.5377963906574,28.1487557327357 85.5378090408032,28.1487233986581 85.537827721967,28.1486965404661 85.5378833978662,28.1486430195325 85.5379334102053,28.1485569690302 85.5379585633496,28.148503122306 85.5380395391554,28.148384933104 85.5380645452093,28.1483419078209 85.5381080117754,28.1482882564937 85.5381086732266,28.1482395598976 85.5381034506515,28.1481745659605 85.5380677055621,28.1481092463092 85.5380015850141,28.1480327794565 85.5380090124906,28.1479354514107 85.538039902444,28.1479087234704 85.5381016088111,28.1478606783001 85.5380960922726,28.1478173272929 85.5381092566569,28.1477471180427 85.5381470594117,28.1476609371474 85.5382151640106,28.1475913141212 85.538246200783,28.1475537646599 85.538295771394,28.1475001783859 85.5384433808034,28.1474205804587 85.5386088625842,28.1473736421264 85.5387071951569,28.1473259873594 85.5388553182149,28.1472085138178 85.5389663001253,28.1471285246511 85.5390587482041,28.1470645723061 85.5391996645455,28.1470281943101 85.5393644845804,28.1470299516589 85.5395176830962,28.1469882927587 85.5396032187306,28.1469837930643 85.5397378101393,28.1469635816441 85.5398358482527,28.1469375689835 85.5399577903028,28.1469496916486 85.5401100344363,28.1469783716756 85.5402196942982,28.1469957747486 85.5403715716948,28.147051508186 85.5405297738168,28.1470910742732 85.5406214139735,28.1470866389758 85.5407190852185,28.1470876793802 85.540927076727,28.1470574255645 85.5410493124537,28.1470479043036 85.5411469103441,28.1470543551429 85.5413173950375,28.1470886395972 85.541451693045,28.1470900694532 85.5415246532306,28.1471124922876 85.5416465957398,28.1471246134633 85.5418229652789,28.1471751945077 85.5419749904334,28.1472201047201 85.5420726618585,28.1472211441642 85.5420835077755,28.1472222222142 85.5421336332128,28.1472272045249 85.5422496913297,28.1472230279793 85.5422525317567,28.1472222222142 85.5424861475684,28.1472222222142 85.542579936909,28.1471818965213 85.5427753530044,28.1471785637298 85.5427777778152,28.1471776983256 85.5429225926318,28.147126014558 85.5430572569936,28.1471003891137 85.5431802250309,28.1470367584855 85.5432475937543,28.1470212402771 85.5434247694366,28.1470123010685 85.5435531094527,28.147002842465 85.5436755646286,28.1469770866073 85.5437272495374,28.1469444444365 85.5438356713092,28.1468759694776 85.5439403985151,28.1468067327378 85.5442105309992,28.1466959614254 85.5443091533602,28.1466266595195 85.5445545746533,28.1465372710434 85.5446409146364,28.1464732499311 85.5448001418612,28.1464370606103 85.5449410557105,28.1464006766006 85.5451200587379,28.1462564663733 85.5452302307837,28.1462359901778 85.5454680105866,28.1462601609734 85.5455721512783,28.1462342089382 85.5457875603667,28.1461066188764 85.5458857426265,28.1460697802917 85.5461241069449,28.1460506639098 85.5462899490627,28.1459766623124 85.5463885694743,28.1459073588277 85.5465600772234,28.1458658861852 85.5467810044411,28.1457816452886 85.5468860209424,28.1456907631512 85.5471430626557,28.145644785409 85.5473826672534,28.1455336839188 85.547500256842,28.1454158769357 85.5476720554563,28.14535275982 85.5478618020125,28.1453168903792 85.5479968280858,28.1452642061484 85.5480763308581,28.1452542256425 85.5481755333287,28.14514163472 85.5482676095949,28.1451047296728 85.5484080099046,28.145106217302 85.5485361285403,28.1451129862071 85.5486079217422,28.1452219774494 85.5487709889146,28.1453535816424 85.5489468487864,28.1454420288707 85.5489645012845,28.1454834671769 85.5489828915636,28.1454857028751 85.5490778979637,28.1455555555476 85.5491098437798,28.1455790434455 85.5492055449495,28.1457261683152 85.5493445606066,28.1458304594905 85.5495948412338,28.1458331093465 85.5497489094276,28.1457265096298 85.5498229641103,28.1456677666311 85.5500249923299,28.1456266126539 85.5502692627881,28.1455555555476 85.5502762928064,28.1455535105489 85.5502777778152,28.1455526948315 85.5504116095835,28.1454791808477 85.5504863923815,28.145366329819 85.5507432863935,28.1453311667632 85.5509329592478,28.1453007037941 85.5509808533168,28.1452777777698 85.5511111111485,28.1452154257023 85.5512094770126,28.1451683397428 85.5512418923215,28.1450279825551 85.5512440242215,28.144999999992 85.5512493075197,28.1449306532963 85.5513368803113,28.1447746447059 85.5513444410322,28.1446664938994 85.5515053382982,28.1445058489269 85.5515708865743,28.1444049397046 85.5515683474305,28.1443604035397 85.5515506169029,28.1443169237893 85.5515209689762,28.1442516718919 85.5514799133582,28.1441267724621 85.5514259939048,28.1440504408576 85.5514328991457,28.1439909869454 85.5514220739649,28.1438880532669 85.5514165521624,28.1438447025797 85.5513927174765,28.1438011582713 85.5514183724605,28.1437094333671 85.5514193190105,28.1436390933755 85.5514080569921,28.1435686243045 85.5514090035433,28.1434982843118 85.5513733972575,28.1434221463097 85.5513615527775,28.1433949633843 85.5513314683055,28.143362176063 85.5512648310585,28.1433235906995 85.5511864222605,28.1432524115979 85.5511570661139,28.1431655165575 85.55119441988,28.1431117961671 85.551221239949,28.1429334989927 85.5512241512518,28.1429228954663 85.551215426981,28.1429117913712 85.5511552584034,28.1428462166672 85.5511206720256,28.1426943278462 85.551134773879,28.1425537769596 85.5511123960359,28.1424020172328 85.551076498991,28.1423475222384 85.55094453692,28.14217295744 85.5509959923446,28.1419786862114 85.5508528421484,28.141728241465 85.5508570664889,28.141414416869 85.5509323556062,28.1412636900249 85.5510069162597,28.1411670708243 85.551032789304,28.141059113638 85.5510464540253,28.1409510273434 85.5510237852432,28.1408209106644 85.5511374459738,28.1405407124823 85.5512487761666,28.1404336588388 85.5514339377254,28.1402840933237 85.5515207054035,28.1401876028503 85.5516079096709,28.1400586476835 85.551644825332,28.1400373917303 85.5518098539959,28.1400229013566 85.5518590504731,28.1399963636394 85.5519264864665,28.1399754301637 85.5520549632277,28.1399551416989 85.5521409296881,28.1399181693035 85.552209165946,28.1398377171766 85.5522502409029,28.1398140659899 85.5522595264384,28.139724606889 85.5522672311531,28.1396056343592 85.5522373656741,28.1395566149269 85.5522257396266,28.1395131997476 85.5521984588656,28.1393888672662 85.5522031060099,28.1393803778087 85.5521944592551,28.1393424056484 85.5522014727866,28.1392748354701 85.5522450741539,28.139210357641 85.5522860599753,28.1391133829045 85.5523024477296,28.1390296771291 85.552328318871,28.1389217195981 85.5523020875676,28.1388294462293 85.5522135487622,28.1387611075434 85.5522114731653,28.1387581387855 85.5521452385345,28.1386897946607 85.5520879780869,28.1386350741903 85.5519940936893,28.1385799666848 85.5519154329989,28.1385277257717 85.551793644149,28.1385047924956 85.5516991777696,28.1384929709841 85.5515478516973,28.1383966694729 85.5515459643256,28.1383100648421 85.5515685292668,28.1382210129107 85.5515602831436,28.1381532814628 85.5515674425329,28.1380748897708 85.5516173660712,28.1379942443267 85.5516235913446,28.1379852908861 85.5516236883899,28.1379780765244 85.55161485997,28.1379536312657 85.5516062862998,28.137910248299 85.5516499238144,28.1378430652528 85.5516783741665,28.1377703101286 85.5516757224824,28.1377405186146 85.5516736166532,28.137670146296 85.5516769597485,28.1376485354578 85.5517023216639,28.1375784534536 85.5517341513683,28.1374813820841 85.5517169312171,28.1374000269327 85.5517085394832,28.1373431170334 85.5517095583686,28.137267366193 85.551762970007,28.137154288278 85.551821466646,28.1371170256905 85.5518680464885,28.1370579909664 85.5519024912231,28.136993416442 85.5519089953499,28.1369637216828 85.5519127749665,28.1369096461836 85.5518951909165,28.1368553449221 85.5518955547502,28.1368282910465 85.551917464148,28.1367879359937 85.5519242956981,28.1367338927436 85.5519431167354,28.1366962108217 85.5519535095527,28.1366043243913 85.5519387955582,28.1365635823231 85.5519282613589,28.1364390054842 85.5519963863022,28.1363666695114 85.5520123372058,28.136315428386 85.5520224388781,28.1362451850455 85.5520841687454,28.1361944276275 85.5521244622791,28.1361488552349 85.5521158885114,28.1361054722867 85.5521286055033,28.1360677258369 85.5521540030831,28.1359949383205 85.5521272632595,28.135940540347 85.5520728742548,28.1358993790902 85.5520611030888,28.1358667854443 85.5520524202303,28.1358315186566 85.5520987447238,28.1357914215355 85.552117638273,28.1357483287997 85.5521703939175,28.135683947648 85.5522352116743,28.1356305169994 85.5522817178713,28.1355768928669 85.5523129644493,28.1355231075115 85.5523561640589,28.1354883888291 85.5524297372955,28.1354648140754 85.5524575318165,28.1354407557204 85.5524732641452,28.1354057468543 85.5525135935742,28.1353574689362 85.5525383725039,28.1353306729371 85.5525845875087,28.1352986918011 85.5526337089443,28.1352775644384 85.5526827939999,28.1352591424465 85.5527410711202,28.1352381117414 85.5527687927958,28.1352194640962 85.5527933534809,28.1352089003826 85.5528089402332,28.1351847130289 85.552846072097,28.1351472243304 85.552861876967,28.1351068046332 85.5528319760054,28.135060490725 85.5528506146275,28.1350363355939 85.5528693259534,28.135006769681 85.5528879645575,28.134982614544 85.5529311637651,28.1349478956628 85.5529594669917,28.1348859617407 85.5529754535427,28.1348320150776 85.5530065541385,28.1347890510963 85.553043903901,28.1347353299959 85.553038418089,28.1346892739214 85.5530606173998,28.134627275523 85.5530823804822,28.1345977417981 85.5530767856073,28.1345598018936 85.5530773672102,28.1345165156553 85.5530958239306,28.1345058874331 85.5531172598357,28.1345007022104 85.5531570070576,28.1344957103134 85.5532149565548,28.1344990278962 85.5533154870959,28.1345136180713 85.553364571692,28.1344951958158 85.5534166718166,28.1344795111479 85.5534750210592,28.1344530693266 85.5535396557359,28.1344131649525 85.5536219839506,28.1344194454522 85.5536558090333,28.1344008620334 85.5537322151468,28.1343935510928 85.5538329636641,28.1343919085424 85.5539708433813,28.1343527768854 85.5540414362858,28.1343237582353 85.5540904843574,28.1343080411026 85.5541500846047,28.1343020746018 85.5541638385043,28.1343006977173 85.5542160837161,28.1342741911718 85.5542724611796,28.1342581905025 85.5542804274681,28.1342559295645 85.5543416466828,28.1342430465144 85.5543728848253,28.1342352587178 85.5543815027199,28.1342299380816 85.5544336752156,28.1342088422329 85.5544798528759,28.1341795658055 85.5544955480403,28.1341472620615 85.5545359124053,28.1340962780965 85.5546063960666,28.134075375318 85.5546402571902,28.134054086253 85.5547049638314,28.1340087705179 85.5547602606487,28.1339822959399 85.5548340139008,28.1339451928713 85.5548646778499,28.1339346931329 85.5549441717558,28.133924708291 85.5550363087394,28.1338823874086 85.5550797609196,28.1338287300545 85.5551168189362,28.133796651472 85.5551660844045,28.1337647015823 85.5552093912903,28.1337218657531 85.5552771856581,28.1336738765112 85.5553140983923,28.1336526194421 85.5553510836956,28.1336259515764 85.5554063801653,28.1335994767231 85.5554859463633,28.133584080769 85.5555531599408,28.1335793776734 85.5556390475397,28.133547813603 85.5556878773477,28.1335483282353 85.5557918583769,28.1335331894101 85.5558893003194,28.13355045091 85.5560598419384,28.1335793056736 85.5561149931332,28.1335636521023 85.5562129429449,28.1335430378588 85.5562806642361,28.1335004588866 85.5563602302592,28.1334850624173 85.5564211224449,28.1334965269598 85.5565004708732,28.1334973627744 85.5566229804992,28.1334661838188 85.5566600379457,28.1334341047955 85.5566849604448,28.133396486406 85.5567709478961,28.1333736562212</coordinates></LinearRing></outerBoundaryIs></Polygon></MultiGeometry>
  </Placemark>
</Folder>
</Document></kml>
