<?xml version="1.0" encoding="utf-8" ?>
<kml xmlns="http://www.opengis.net/kml/2.2">
<Document id="root_doc">
<Folder><name>shadow_2021</name>
  <Placemark>
	<Style><LineStyle><color>ff0000ff</color></LineStyle><PolyStyle><fill>0</fill></PolyStyle></Style>
      <MultiGeometry><Polygon><outerBoundaryIs><LinearRing><coordinates>85.549417703294,28.0625668470062 85.5494487851106,28.062600230063 85.549524619294,28.0626010313979 85.5495270869064,28.0626010574723 85.549691147215,28.0626954158092 85.5496888674617,28.0628652039785 85.5497427331173,28.0629917344717 85.5497569890444,28.0630252216122 85.5497647861868,28.0630435370729 85.5498650967524,28.0631186121239 85.5500252752812,28.0630848825939 85.5501907870415,28.0630711933372 85.5503378624878,28.063134496576 85.5505116602761,28.0631517694009 85.5507377631826,28.0631618755117 85.5510271491225,28.0629951182252 85.5513523701502,28.0627515510662 85.5515794037747,28.0626921969088 85.5519192295173,28.0626571885131 85.5521719495142,28.0626289793043 85.5523539299387,28.0626849298079 85.5526131784038,28.0628188822698 85.5529078488673,28.0629068952134 85.5530221926069,28.0628154756439 85.5532496390633,28.0627252480702 85.5534842350664,28.0627508766426 85.5536848569971,28.0627143968844 85.553746998591,28.0626224266556 85.5538273671252,28.0624688984449 85.5538635111796,28.0623689355129 85.5538558442383,28.0622916672682 85.553824453272,28.062036617894 85.5539481153829,28.061898983179 85.554176178974,28.0617624479952 85.5543964714124,28.0615563618347 85.5544898766473,28.0613366597938 85.554062623392,28.0615894263453 85.55403032247,28.0616103893806 85.5539483698964,28.0616143694811 85.5539090016321,28.0616172774303 85.5538542748201,28.0616482662386 85.5538294644982,28.0616828928664 85.5537972528656,28.0617107961803 85.5537594319931,28.0617409342809 85.5537427038976,28.0617284961476 85.5537091089643,28.0617198355301 85.5536884662888,28.0617229407053 85.553653021041,28.0617125992457 85.5536043344073,28.0617120862575 85.5535739507874,28.061743331445 85.5535325097155,28.0617611694438 85.5535128443971,28.0617763086415 85.5534467499549,28.0617320230791 85.553338363768,28.0617142675449 85.5532040732294,28.0616729802411 85.5531290817602,28.0616788351723 85.5529906457002,28.0616674079649 85.5529648303788,28.0616372318422 85.5529203784787,28.061600213923 85.5528384309089,28.0615661233726 85.5527790431204,28.0615256252843 85.5527158657489,28.0614884098835 85.5525921878809,28.0614937512084 85.5525019934617,28.061516058828 85.5523666349839,28.061554503438 85.5523132237963,28.0616270388171 85.5523052901031,28.0616473442327 85.5523126672408,28.0616685662696 85.5523065820485,28.0617033900846 85.5523025697761,28.0617232837648 85.5522908446264,28.0617597094313 85.5522681067197,28.0617794056228 85.5522157417516,28.0617738693492 85.5521908195663,28.0618168011493 85.5521662313305,28.0618348164747 85.5521244560306,28.0618775705068 85.5521181258428,28.0619306663865 85.5520988212786,28.0619736574192 85.5520551287968,28.0620197138706 85.5520395915923,28.0620610832992 85.5520313887795,28.0621141594193 85.5519879188871,28.0621436048677 85.551960275715,28.0621100866158 85.5519766368646,28.0620072565809 85.5520040997641,28.0619145116443 85.5520611673674,28.0618486602965 85.5521081373243,28.0618375263977 85.5521326365092,28.0618261554748 85.5521649599124,28.0617899470796 85.5521991558561,28.0617537584257 85.5522300296606,28.061685969401 85.5522652351553,28.061654300708 85.5522494231694,28.0616363339519 85.5521899019921,28.0616058022041 85.5521265021406,28.0615851975181 85.5520592236004,28.0615745198881 85.5519660855299,28.0615369881216 85.5518618457946,28.0614893711821 85.5518470434885,28.0614759243647 85.5517275116225,28.061451404659 85.5516711122022,28.061467422942 85.5516077125412,28.0614468180227 85.5515671845018,28.0613965504188 85.5515298670333,28.0613861886636 85.5514769244564,28.0613646431983 85.551422890774,28.0613860777724 85.5512745748998,28.0614153875588 85.5511430380842,28.061491186738 85.5510985023112,28.0615679041031 85.5511055461303,28.0616914783353 85.5509997986913,28.0617907057921 85.5505846773699,28.0616010734624 85.5503685207286,28.0614984473224 85.55022962965,28.0614738243055 85.5500899099139,28.0615109423254 85.5499494648785,28.0616020837235 85.5498187558478,28.0616161404211 85.5496964360519,28.0616534418476 85.5495471867508,28.0617522085388 85.5494500343754,28.0618592443173 85.5493181848625,28.0619581946061 85.54910720441,28.0621180583115 85.549071056107,28.0622180198331 85.5491311279759,28.062280404679 85.5492005220403,28.0622965755954 85.5493212879842,28.0623750392978 85.5493544303463,28.0624988893631 85.549417703294,28.0625668470062</coordinates></LinearRing></outerBoundaryIs></Polygon></MultiGeometry>
  </Placemark>
  <Placemark>
	<Style><LineStyle><color>ff0000ff</color></LineStyle><PolyStyle><fill>0</fill></PolyStyle></Style>
      <MultiGeometry><Polygon><outerBoundaryIs><LinearRing><coordinates>85.5469215773286,28.0807284723609 85.5469375539471,28.0807705628603 85.5470150376726,28.0808331331096 85.5471098209285,28.0809036052138 85.5471605765284,28.0810122046531 85.5471509398792,28.0810815710491 85.547139952677,28.0812512664331 85.547147823271,28.0813130994883 85.5471984751985,28.0814294165305 85.547475683488,28.0815249759838 85.5475269590341,28.0815949872256 85.5475776114948,28.0817113041433 85.5476810976187,28.0817818679993 85.547786349228,28.0817212323068 85.5479004062856,28.0816529710044 85.5480049308574,28.0816463584529 85.5481536907803,28.0815861828852 85.5482588381361,28.0815332644295 85.548354972269,28.0815034066818 85.5484756545971,28.0815895893143 85.5485086970408,28.081721157051 85.5485157381091,28.0818447310032 85.5485313771515,28.0819761146253 85.5485474313882,28.0820766277709 85.5485623439567,28.082262034716 85.5486216996204,28.0823784433427 85.5486980438785,28.0825259065096 85.5487308792679,28.0826729094331 85.5489033590304,28.0827905144569 85.5490693162331,28.0827459572473 85.549226156509,28.0827321783008 85.5493313045213,28.0826792590535 85.5494541672438,28.0826033708527 85.5496210574035,28.0824893543617 85.5497616344221,28.0823904969708 85.5499460311995,28.0822689463845 85.5500869186827,28.0821469357649 85.5502196224351,28.0819862449193 85.5503698329502,28.0818180201753 85.5504927976272,28.0817344133457 85.5506334765127,28.0816278373584 85.5507559226195,28.0815828184075 85.5508875884646,28.0814993031105 85.5510199793864,28.0813617642847 85.5511790966813,28.0811781951967 85.5513643184948,28.0809949015132 85.5514003682341,28.080902657437 85.551331790649,28.0808247461824 85.5512799949601,28.0807933244232 85.5510980886756,28.0807296538921 85.5509852778484,28.0807053064348 85.5507590345996,28.0807029170129 85.5506220746418,28.0807763239409 85.5506220863114,28.0807763732834 85.5505643827051,28.0808887340314 85.5505295552505,28.0809714325129 85.5505474365086,28.081034751862 85.5505427537982,28.0811044781604 85.5505047604697,28.0811439486667 85.5503398562806,28.0811488518167 85.5502311389995,28.0811543484548 85.5501144194372,28.0811822193661 85.5500897253208,28.0812901875334 85.5501408988313,28.0813679154841 85.5502180739069,28.0814536368786 85.5502437644035,28.0814847832096 85.5501205924854,28.081583825071 85.5499551559077,28.0815897955238 85.5497904452195,28.0815417424135 85.5496252161299,28.0815322772244 85.5493206557674,28.0815290575032 85.5492254555062,28.0814894573442 85.5491653734165,28.0814270723074 85.5490791862665,28.0813644111993 85.549071003308,28.0813257310772 85.5492561250966,28.081150158009 85.5494056097645,28.081035957671 85.549484547242,28.0809904798649 85.5496154873025,28.0809609891548 85.5496936987136,28.0809695345877 85.5499301994,28.080856253381 85.5501187193205,28.080775128465 85.5501318352297,28.0807379672651 85.5501591713467,28.0806551897312 85.5502577663732,28.0805665198006 85.5503482450134,28.0805242812222 85.5504389912887,28.0804621094753 85.5504887570845,28.0803828914739 85.5505049447628,28.0802933507732 85.5504909432406,28.080220104434 85.5505141316465,28.0801671868994 85.5505114566329,28.0800874148995 85.5505020049957,28.0800650749654 85.5504408672517,28.0800434746648 85.5503767453934,28.0797969207133 85.5503115529332,28.0796300991638 85.5502601834606,28.0795498126871 85.5502103312239,28.07935657192 85.5500918065825,28.0792556398846 85.5500937701068,28.0791094637691 85.550177782435,28.0789907358461 85.5501417531995,28.0788840301624 85.5502105147165,28.0787850770041 85.5501976736986,28.0786254538281 85.5501463940011,28.0785385229487 85.5501026057844,28.0784516712092 85.5500282272933,28.0784110134044 85.549878577871,28.07839614137 85.5497661176658,28.0784015981598 85.5496236918696,28.078406738129 85.5495031152624,28.0784586260948 85.5493830742962,28.0784706477452 85.5492624975105,28.0785225354921 85.5491497692458,28.0785479248709 85.5490517558046,28.0785934056838 85.5488713367773,28.0786380149789 85.54879916424,28.0786500254821 85.5487496184705,28.0786902490211 85.5487056959473,28.0787206593584 85.5486093568716,28.0787659527046 85.5485577705351,28.0787190947303 85.5485765225854,28.0786189497216 85.5486641600564,28.0785735643589 85.5487867071334,28.0785208294246 85.5488486550269,28.0784442973616 85.548875589459,28.0783828324367 85.5488852246818,28.0783134658428 85.5488078453172,28.078243179031 85.5486335048794,28.0782644913028 85.5484502553614,28.0783011465483 85.5483019153729,28.0783304521535 85.548215731138,28.0782677905866 85.5481464308935,28.0782439012091 85.5479376998126,28.0782339738387 85.5478769972866,28.0782178940278 85.5477912287089,28.0781243617244 85.5477725168932,28.0780605177437 85.5477176778036,28.0780676038122 85.547665595827,28.0780404713491 85.5476363455547,28.0779869992888 85.5474952614055,28.0778924716273 85.5474809939546,28.0778391581316 85.5474663688865,28.0778124220844 85.547383801526,28.0777968644828 85.5473662165422,28.077757664113 85.547325920669,28.0777798129129 85.5472555823063,28.0778330992917 85.5471941530353,28.0778710425202 85.5470894243576,28.0778930898285 85.5470015790717,28.077953909421 85.5469574486186,28.0779997544297 85.5469257254422,28.0780543868531 85.546967379527,28.0780774837555 85.5469528431037,28.0781126694035 85.5469289379327,28.0782187411868 85.5469282401557,28.0782220190325 85.5470317100982,28.078301570765 85.5471008023498,28.0783408959329 85.5471262834678,28.0783874780356 85.5471166471113,28.0784568444628 85.5470276586408,28.0786025578403 85.5469920216286,28.0786639302186 85.5469825900464,28.0786858262262 85.5469291372959,28.0788099199364 85.5468841752795,28.0789175058327 85.5468572395837,28.0789789703146 85.5468552655115,28.0791256050195 85.5468453171932,28.079218124259 85.5468353688542,28.0793106434959 85.5468160955334,28.0794493762693 85.5467885362196,28.0795571464185 85.5467432619905,28.0796878850853 85.546742430714,28.0797496260046 85.5467235728156,28.0798574882904 85.5466952858878,28.0800192817084 85.5466941428284,28.0801041754664 85.5466744534696,28.0802737786487 85.5466989995777,28.0803898193544 85.546733390413,28.0804210584644 85.5468836446006,28.0804226497847 85.5468841689365,28.0804311541827 85.5469426699585,28.0805380986035 85.5469568479848,28.0805980564966 85.5469215773286,28.0807284723609</coordinates></LinearRing></outerBoundaryIs></Polygon></MultiGeometry>
  </Placemark>
  <Placemark>
	<Style><LineStyle><color>ff0000ff</color></LineStyle><PolyStyle><fill>0</fill></PolyStyle></Style>
      <MultiGeometry><Polygon><outerBoundaryIs><LinearRing><coordinates>85.4767040931811,28.1047524531875 85.4767804812987,28.1047451845116 85.4768663092029,28.1047657739446 85.4768809329681,28.1047625346612 85.4769506459909,28.1047957777373 85.4770325246094,28.1048318616222 85.4770933904394,28.1048433604732 85.4771390400822,28.1048519846624 85.4771702959028,28.1048461890101 85.4772216447603,28.1048366675795 85.4772249934403,28.1048357189528 85.4772165699898,28.1047196257694 85.4772072982152,28.1045676537682 85.4771065530994,28.10442479056 85.4769816887751,28.1043727808366 85.4769137630094,28.1043315280141 85.476833849001,28.1043306404126 85.4766842931398,28.1044099759912 85.4766715896715,28.1045009562907 85.4766917049328,28.1046935471678 85.4766669761032,28.1047728226107 85.4767040931811,28.1047524531875</coordinates></LinearRing></outerBoundaryIs></Polygon></MultiGeometry>
  </Placemark>
  <Placemark>
	<Style><LineStyle><color>ff0000ff</color></LineStyle><PolyStyle><fill>0</fill></PolyStyle></Style>
      <MultiGeometry><Polygon><outerBoundaryIs><LinearRing><coordinates>85.5583081869177,28.1168243060167 85.5583068717865,28.1168245248701 85.5580426316574,28.1169432434007 85.5579144593599,28.1171342662941 85.5578608330494,28.1171762687787 85.557872427005,28.1172487998115 85.5578706712995,28.1173799991924 85.5577293311644,28.1175328862606 85.5576759669873,28.1176172305027 85.5577359700714,28.1176873300331 85.5578046779123,28.1177575211114 85.5578472717857,28.1178274374529 85.5579247877537,28.1178900024345 85.5579586770586,28.11795982718 85.5580445880852,28.1180456364921 85.5581303959863,28.118139163365 85.5581637691985,28.1182475761181 85.5581878181914,28.1184022029782 85.5581905494539,28.1185780021258 85.5582054284653,28.1186091557617 85.5582081590574,28.1186498329386 85.5581977144576,28.1186961784727 85.558207188014,28.1187224092594 85.5582266400775,28.1187371311443 85.5582427400852,28.1187576246961 85.5582587235775,28.1187868274048 85.5583305269146,28.1188050032924 85.5583732880552,28.1187909356649 85.5584129301503,28.1187652213793 85.5584524945563,28.1187453131877 85.5584854325218,28.1187311422298 85.5585283101142,28.1187083653923 85.5585452501966,28.1187015722317 85.5585594749571,28.1187043378875 85.5585773092944,28.1187175909834 85.5585802147713,28.1187452044177 85.5585650723251,28.1187755315496 85.5585547831932,28.1188102649024 85.5585559349767,28.1188465702821 85.5585489008012,28.1188827895892 85.5585303868571,28.1189203399193 85.5585167456446,28.1189608449443 85.5585180915838,28.1189826350576 85.5585144676914,28.1190087281055 85.5584910227117,28.1190476783098 85.5584856645279,28.1190810117736 85.5584854703534,28.1190955270387 85.5584849072465,28.1191376213073 85.5584778924413,28.1191723890812 85.5584774846708,28.1192028711374 85.5584789276911,28.1192174036177 85.558466807107,28.1192666350082 85.5584778014652,28.1193015921529 85.5584771606793,28.1193494925258 85.5584684698193,28.1193871461348 85.5584698934217,28.1194031301414 85.5584876890238,28.1194192863043 85.5585021325607,28.1194412141402 85.5585165178513,28.119467496554 85.5585278035014,28.1194806807982 85.5585651872886,28.1195013981111 85.5586081234279,28.1194742666824 85.5586262685485,28.1194642953511 85.5586609215794,28.1194443354675 85.5586938014932,28.1194345190475 85.5587417462456,28.1194001815806 85.5587732995605,28.1193671235021 85.5587983817142,28.1193281904619 85.5588068394946,28.1193079551473 85.5588168956434,28.1192906400969 85.5588482353626,28.1192735487923 85.5588944069123,28.1192493547427 85.5589340684755,28.1192221887829 85.5589457423813,28.1192063424586 85.5589623861074,28.1191861931822 85.558983999649,28.1191617409515 85.5590138379816,28.1191344717091 85.5590304622734,28.1191157739502 85.5590339307657,28.1191012930993 85.5590389782223,28.1190911840378 85.5590442585969,28.1190636566535 85.5590297567637,28.119046083452 85.5590054317689,28.1190284069946 85.558997478723,28.1190109026264 85.5589681645165,28.1189989806423 85.5589371354778,28.1189928475496 85.5588977651801,28.1189982406125 85.5588566606231,28.1190108740868 85.5588434465957,28.1190194455594 85.5588104309312,28.1190394227082 85.5587875878631,28.1190333756387 85.5587714294693,28.1190172367264 85.5587669838135,28.1189823484495 85.5587593026013,28.1189445226949 85.5587480946302,28.118925532363 85.5587584613677,28.1188849928874 85.5587573483433,28.1188457844536 85.5587626870148,28.1188139025012 85.5587368025814,28.1187904026802 85.5587175251621,28.1187626171244 85.5587048159256,28.1187334488899 85.5586954004885,28.1187028635529 85.5586891817763,28.1186781187478 85.5586715609914,28.1186488988722 85.5586539402157,28.1186196789947 85.5586394967494,28.1185977511752 85.5586361149136,28.118584460685 85.5586381507867,28.1185759610612 85.5586450101738,28.1185528054866 85.5586846909461,28.1185241880624 85.5587308039598,28.1185043486352 85.5587638971224,28.1184785653913 85.5588197167417,28.1184675383638 85.5588559677713,28.1184504986797 85.5588889055964,28.1184363276189 85.5589188213867,28.1184032522801 85.5589403959509,28.1183817031021 85.558955363538,28.1183644396638 85.5589785558607,28.1183443592154 85.5590033077191,28.1183301020796 85.5590263447493,28.1183216338385 85.5590529666898,28.1182899755772 85.559059651286,28.1182798837204 85.5590696296557,28.1182683747521 85.5590715579719,28.1182466190541 85.5590931518824,28.1182236183222 85.5591195796964,28.1182064753169 85.5591507637853,28.1182009961441 85.5591771139554,28.1181896592356 85.5592033864919,28.1181841284306 85.5592247086675,28.1181814490566 85.559257626958,28.1181687294291 85.5592906616761,28.11814730063 85.5593237740027,28.1181200657133 85.5593355447518,28.1180969617106 85.5593424427654,28.1180709030383 85.5593575266738,28.1180449303877 85.5593708375628,28.1180291012219 85.5593841484479,28.1180132720547 85.5593581670334,28.117997029987 85.5593367866815,28.1180040639651 85.5593087217719,28.1180211898109 85.5592840670535,28.1180281893705 85.5592759975923,28.1180193941805 85.5592680057565,28.1180047928811 85.5592814136822,28.117981706088 85.5593077443795,28.1179718206789 85.5593195539248,28.117945813622 85.5593297262864,28.1179197893591 85.5593430953778,28.1178996056134 85.5593597000091,28.1178823593294 85.5593747062671,28.1178621927844 85.5593996714079,28.117831968769 85.5594098825463,28.1178030414439 85.5594248693796,28.1177843264198 85.5594497568743,28.1177599085034 85.5594665943042,28.1177252438756 85.5594686001379,28.1176976820574 85.5594887118992,28.1176630518317 85.5594840138085,28.1176470334218 85.5594364775603,28.1176508891186 85.5594149032449,28.1176724383861 85.5593650312489,28.1177285318395 85.5593254673814,28.1177484403175 85.5592842663241,28.1177683315784 85.5592609771552,28.1177956697232 85.5592391310878,28.1178375403419 85.5592044204677,28.117861854981 85.5591598479544,28.1178889694254 85.5591185691821,28.1179146667416 85.5591048312921,28.1179624294795 85.5590879937073,28.117997094056 85.5590469477845,28.1180053730228 85.5589931926189,28.1179844837666 85.5589427312416,28.1179621773817 85.5589037883629,28.1179356368665 85.5588794830432,28.117916508867 85.5588223759548,28.1179013912342 85.5587844879318,28.1179184137063 85.5587581572045,28.1179282990137 85.5587190202521,28.1179162737172 85.5587071182882,28.1178994230454 85.5587721732515,28.1176342548165 85.5586431143684,28.1175579338961 85.5585579258157,28.1174181016602 85.5585513889548,28.1172559402656 85.5584309692794,28.1171466123156 85.5583994543602,28.1168992825825 85.5583081869177,28.1168243060167</coordinates></LinearRing></outerBoundaryIs></Polygon></MultiGeometry>
  </Placemark>
  <Placemark>
	<Style><LineStyle><color>ff0000ff</color></LineStyle><PolyStyle><fill>0</fill></PolyStyle></Style>
      <MultiGeometry><Polygon><outerBoundaryIs><LinearRing><coordinates>85.5538940902346,28.1180335223132 85.5539030631124,28.1182158630176 85.55392555981,28.1182414122719 85.5539761264776,28.1183026943369 85.554060608135,28.1183896460519 85.5541172915273,28.1184206182396 85.5541911701388,28.1184467093619 85.5543050124381,28.1184732218895 85.5543843286202,28.1185196198147 85.5544804326763,28.1185915066665 85.5545999843109,28.1186180791551 85.5546793007317,28.1186644769172 85.554787162756,28.1187111755678 85.5549131703788,28.1186821295435 85.5549421910437,28.118646998712 85.5550007074315,28.1185413052956 85.5549443630866,28.1184850250822 85.5547968090946,28.1184176585685 85.5546890831291,28.1183608365834 85.5546041257274,28.1183093169651 85.5544502520322,28.118287444977 85.5542854355879,28.1182300206843 85.5542807451041,28.1181540353576 85.5542712283361,28.1180121880516 85.5542277967587,28.1178446711282 85.5541090610403,28.1177573582516 85.5540084035115,28.1175993624847 85.5537651561998,28.1174297377303 85.5535992544718,28.1174532994494 85.5536037406578,28.1175444698092 85.5536828520555,28.1176060531312 85.5537789548341,28.1176779404366 85.5538806988715,28.1177549495746 85.5539253524742,28.1178313564538 85.5539010898528,28.1179374107282 85.5538940902346,28.1180335223132</coordinates></LinearRing></outerBoundaryIs></Polygon></MultiGeometry>
  </Placemark>
  <Placemark>
	<Style><LineStyle><color>ff0000ff</color></LineStyle><PolyStyle><fill>0</fill></PolyStyle></Style>
      <MultiGeometry></MultiGeometry>
  </Placemark>
  <Placemark>
	<Style><LineStyle><color>ff0000ff</color></LineStyle><PolyStyle><fill>0</fill></PolyStyle></Style>
      <MultiGeometry></MultiGeometry>
  </Placemark>
  <Placemark>
	<Style><LineStyle><color>ff0000ff</color></LineStyle><PolyStyle><fill>0</fill></PolyStyle></Style>
      <MultiGeometry><Polygon><outerBoundaryIs><LinearRing><coordinates>85.5584133332718,28.1154316127789 85.5584025640059,28.1154258901157 85.5583919606525,28.1154040429774 85.5583894955378,28.1153846964835 85.5583788921908,28.1153628493443 85.5583519477863,28.1153408303753 85.5583360266345,28.1153092670283 85.5583198793844,28.1152946068037 85.5583063910446,28.1152848046804 85.5582602852099,28.1152698294146 85.5582248472984,28.1152718718207 85.5582003357233,28.1152716140512 85.5581759210612,28.1152641120819 85.5581624650434,28.1152518952132 85.558147867254,28.1152364277449 85.5581730246484,28.1151565986144 85.5580949082396,28.1151209355295 85.5579049229743,28.1151247442374 85.5577870493092,28.1151235043395 85.557629573622,28.1151450754134 85.5575242530618,28.115184615824 85.5574516751368,28.1152245006659 85.5574117621648,28.1152705360989 85.5573650674574,28.1153339209314 85.5573445669023,28.115397581379 85.557310813767,28.1154727162158 85.557297094877,28.1155190272443 85.5572767496889,28.1155710754654 85.5572562490305,28.115634735894 85.5572225734794,28.1157040645959 85.557208465879,28.1157794061395 85.5571744793284,28.115871959247 85.5570650378673,28.1162192228344 85.5570514742383,28.1162539216165 85.5570306623428,28.1163408064141 85.5570234140772,28.1163929924305 85.5570940495567,28.1164982604752 85.557126170771,28.1165450539202 85.5571320197817,28.1165973777831 85.5571375578589,28.1166729260642 85.557156659611,28.116713775557 85.5572477186241,28.116761189241 85.5572471745213,28.1168018319748 85.557233533138,28.1168423368762 85.5572457753943,28.1169063418603 85.5572911495368,28.1169416608927 85.5573228046081,28.1170232909255 85.5573610861047,28.1170991837581 85.557439825412,28.1170883984551 85.5574862100179,28.1170482380603 85.5575263567974,28.1169847843243 85.5576251305008,28.1169451750895 85.5576713595632,28.1169166268379 85.557730685889,28.1168882163556 85.5578497269327,28.1168023647786 85.5578895626275,28.1167621353486 85.5579620637737,28.1167280564225 85.5580612255159,28.1166594163227 85.5581404305311,28.116613793959 85.5582146305911,28.1166036299288 85.5582746839467,28.1166369112442 85.5583045137061,28.1166468852189 85.5583478319797,28.1166666613123 85.5584023351567,28.1166648193631 85.5584352437845,28.1166482599008 85.5584735994886,28.1166317577044 85.5585065080959,28.1166151982241 85.5585558548397,28.1165915663539 85.5585642192501,28.1165771638692 85.5585562101124,28.1165650043042 85.5585646068177,28.1165481870876 85.5585921651947,28.1165243261189 85.5586663143923,28.1164792193288 85.5587100847867,28.1164651890605 85.5587594314191,28.1164415571123 85.5588085842805,28.1164324135381 85.5588413959051,28.1164230981691 85.5588768664822,28.1164186408854 85.5589122724782,28.1164190130568 85.5589559782428,28.1164098121723 85.5589887252742,28.1164053262319 85.5590133016897,28.1164007544053 85.5590433251789,28.1163962398254 85.5590734132371,28.1163868957741 85.5590818098481,28.1163700785219 85.559076427345,28.1163651918073 85.5590547036211,28.1163601333415 85.559005615384,28.1163644475414 85.5589647946188,28.1163616034083 85.5589186882285,28.1163466283459 85.5589406379624,28.1163347837069 85.5590031501446,28.1163451010563 85.5590386206911,28.1163406437295 85.5590605704115,28.1163287990708 85.5590792092786,28.1163158969021 85.5591268392588,28.1163163974927 85.5592315394504,28.1163233047586 85.5592344117158,28.1163233349434 85.5592234983495,28.1163667374736 85.559228751731,28.1163812831129 85.559264060876,28.1163888993909 85.5592860105833,28.1163770546956 85.5593051076268,28.116374840307 85.5593459929698,28.1163728548738 85.5593788045356,28.1163635393737 85.5594092476179,28.1163276331867 85.5594668292055,28.1162992573642 85.5594945487052,28.116263322539 85.5595193509993,28.1162418474891 85.5595385125656,28.1162348036009 85.5595687296376,28.1162158005054 85.5596453758576,28.1161876249071 85.559626730674,28.1161560330817 85.5595969977333,28.1161388151955 85.5595862649748,28.1161266270724 85.559561979111,28.116109466408 85.559537467331,28.1161092088706 85.5595292644626,28.1161115377568 85.5595100383671,28.1161234111105 85.5594716478642,28.1161208785035 85.5594574808444,28.1161101564735 85.5594531992527,28.1160962480991 85.5594291070815,28.1160645990147 85.5594076093425,28.1160426374761 85.5593969088931,28.1160280346063 85.5593889965312,28.1160086308884 85.559386563506,28.1159868696741 85.5593707065157,28.1159504769697 85.5593626650494,28.1159407321819 85.5593411027898,28.1159236000996 85.5593332872825,28.1158969521803 85.5593281953036,28.11587033288 85.5593203475234,28.1158460996929 85.5592986238897,28.1158410412688 85.5592689233698,28.115821408583 85.5592501492337,28.1157994756424 85.5592485663527,28.1157973815743 85.5590765862391,28.1157408773774 85.5588679873272,28.1157155287334 85.5586678866185,28.1157057065167 85.5584769033813,28.1156651050742 85.5584080931258,28.1156026319598 85.5583917164302,28.115525272761 85.5584133332718,28.1154316127789</coordinates></LinearRing></outerBoundaryIs></Polygon></MultiGeometry>
  </Placemark>
  <Placemark>
	<Style><LineStyle><color>ff0000ff</color></LineStyle><PolyStyle><fill>0</fill></PolyStyle></Style>
      <MultiGeometry><Polygon><outerBoundaryIs><LinearRing><coordinates>85.564217105101,28.1137624873363 85.564171497832,28.1137445889218 85.5640867544594,28.113714666756 85.5640153014565,28.1136703663989 85.564002707331,28.1136324894167 85.5640000132614,28.113588909188 85.5640139610791,28.1135251789859 85.5640113056826,28.1134786956942 85.563998750255,28.113437915649 85.5639796463866,28.1133970670166 85.5639472909237,28.1133676934562 85.5639083483529,28.1133411543616 85.5638986804028,28.1133294392271 85.5638828508117,28.1132886248776 85.5638633988864,28.113273903792 85.5638509208975,28.1132273176103 85.5638447205877,28.1132011214567 85.5638155233919,28.1131804913512 85.5638059715118,28.1131600670239 85.5638129067644,28.1131311049945 85.563780667473,28.1130930222114 85.5637612542794,28.1130753980503 85.5637254700212,28.113057602393 85.563702743945,28.1130428469875 85.5636800565602,28.1130251885161 85.5636806368368,28.1129816425826 85.5636547139428,28.1129610467453 85.5636056781503,28.1129547261047 85.5635730907933,28.1129427708357 85.5635503260741,28.1129309184683 85.5635276387382,28.1129132599733 85.5635180095563,28.1128986417521 85.5635148901048,28.1128869952001 85.563570706405,28.1128759661041 85.5635937806132,28.1128645939704 85.5636299129618,28.1128562620993 85.5636592647771,28.1128652799917 85.5637113039532,28.1128919563473 85.5637571815645,28.1128895334643 85.5637862626259,28.112918872767 85.5638122628994,28.1129336624552 85.5638613373782,28.1129370799595 85.5638778244709,28.1129285422487 85.5638718175672,28.112887830783 85.5638688141168,28.1128674750501 85.5638561427639,28.1128354041806 85.5638499424709,28.1128092080266 85.5638538355593,28.1127627933215 85.5638445931471,28.1127191444962 85.5638217897612,28.1127101952368 85.5637926700618,28.112683759005 85.5637669406254,28.1126486478774 85.563760740363,28.1126224517199 85.5637478756549,28.112604896154 85.5637152883845,28.1125929409215 85.5637023076359,28.112584094539 85.5636796977131,28.1125606299451 85.5636768490432,28.112528661959 85.5636839003342,28.112490990746 85.56373316802,28.1124798929763 85.5637431453402,28.1124683836201 85.5637337095792,28.1124392501009 85.5637178028001,28.1124042418594 85.5636921508188,28.1123633245948 85.563679247467,28.1123486720859 85.56366626675,28.1123398257008 85.5636568697042,28.1123077891145 85.563650746854,28.1122757868274 85.5635953951087,28.1122519792195 85.5635666624545,28.1121965123202 85.5635473655141,28.1121701789466 85.5635051105916,28.1121465085127 85.5634959457401,28.1120970535425 85.563473335961,28.1120735889184 85.5634407101921,28.1120645366891 85.5634116681386,28.1120322942592 85.563392293882,28.1120117669902 85.5633328169076,28.1120517923457 85.5633153625758,28.1121329065491 85.5632757627932,28.112155719348 85.5632461403364,28.1121670228151 85.5632061148648,28.1122217692745 85.5632183989944,28.1122828708166 85.5632507539387,28.1123122445342 85.5632534476969,28.1123558247732 85.5632793316756,28.1123793237419 85.5632493608949,28.1124167547646 85.5632223160191,28.112480347647 85.5632245841039,28.1125558615655 85.5632175326481,28.1125935327485 85.5632232684142,28.1126545656674 85.5632322009949,28.1127214390197 85.5632481850482,28.1127506411883 85.5632870498503,28.1127829865825 85.5633058437944,28.112847059796 85.5633122761244,28.1128558375988 85.5633645473645,28.1128650957114 85.5633808023248,28.1128739764328 85.5633927383763,28.112961205517 85.5633880325252,28.1130685844989 85.5633778229493,28.1130975121957 85.5633354129343,28.1130854539477 85.5632871123295,28.113023975019 85.563241660324,28.1129944640637 85.5631797211951,28.1129734907208 85.5631467081908,28.1129934690293 85.5631232082092,28.1130367747614 85.5631062953368,28.1130772460548 85.5630792501938,28.1131408388938 85.5630789405815,28.113164063385 85.5631047860056,28.1131904654511 85.5631803638977,28.1131709332192 85.5632131447644,28.1131683732744 85.5632359868875,28.1131744195746 85.5632521644881,28.1131891064354 85.5632746583508,28.113221280284 85.5633041263176,28.1132215890696 85.5633335942849,28.1132218978489 85.563346575076,28.1132307442673 85.5633224172982,28.1133234020814 85.5632823527109,28.1133810516013 85.5632585431135,28.1134475818453 85.5632547658231,28.1134852873342 85.5632543401519,28.1135172210105 85.5632474047207,28.1135461830035 85.5632140432604,28.1135922888732 85.5632003658564,28.1136356975461 85.5632194694624,28.1136765462765 85.5632289438739,28.1137027767636 85.5632448893614,28.1137348819952 85.563233828311,28.1138276770241 85.5632103668653,28.1138680796994 85.5631515466834,28.113858752885 85.5631288592277,28.1138410943214 85.5630929974288,28.1138291046177 85.5630640711409,28.1137881529251 85.5630314448986,28.1137791005827 85.5629914960936,28.1138280408188 85.5630105996498,28.1138688895756 85.5630559358359,28.1139071097982 85.5630751942412,28.1139363463027 85.5631142529096,28.1139541764488 85.5631500373502,28.1139719722707 85.5631629795123,28.1139837217694 85.5631659441492,28.114006980572 85.5631747993659,28.1140796600404 85.5631640091125,28.114152133628 85.5631338829639,28.1142011768406 85.5630842273997,28.1142413049704 85.5630674691172,28.1142701640009 85.5630597594991,28.1143571871954 85.5630525530216,28.1144064705972 85.5630417239386,28.1144818472284 85.5630239979727,28.1145832827695 85.5630168688702,28.1146267600452 85.5630326595961,28.1146704775428 85.5630221014037,28.1147255327436 85.5630051107867,28.1147718101248 85.5630140433451,28.1148386834729 85.5630264824168,28.1148881727742 85.5630848773965,28.1149294333286 85.5631170395465,28.1149733223981 85.5631163041794,28.1150284805508 85.5631087880372,28.1151009884351 85.5630945298054,28.1151879429882 85.5630970686999,28.1152431354551 85.5631383184202,28.1153422856207 85.5632066139386,28.1153778429563 85.5632883936391,28.1153845069008 85.5633411691685,28.115356025274 85.5634038062148,28.1153247434927 85.5634762273766,28.1152964676646 85.5635189091204,28.1152882044707 85.5635782331063,28.1152597913607 85.5636311632618,28.1152196973719 85.5637070133283,28.1151798434749 85.5637532400962,28.1151512930774 85.5637929569713,28.1151197710026 85.5638392610597,28.115085414451 85.5638723519691,28.1150596298773 85.5639117593185,28.1150513322584 85.5639677701206,28.1150257877354 85.5640474357025,28.1149453250687 85.5641236335142,28.114879343369 85.5641834212172,28.1148160932363 85.5642167053302,28.1147757932617 85.5642501054357,28.1147267840911 85.5642801152309,28.1146864498104 85.5643001088579,28.1146605279731 85.5643826614915,28.1146091299995 85.5644454524817,28.1145662354616 85.5644786204198,28.1145346446032 85.5645185688466,28.1144857039233 85.5645518913942,28.1144425007943 85.5645884495079,28.1144022349986 85.5646315561042,28.1143620377495 85.5646811338555,28.1143277151666 85.5647503570948,28.1142935982207 85.5647966218685,28.1142621443804 85.5648164220087,28.1142507377745 85.5648327159565,28.1142567152709 85.5648587553526,28.1142686017117 85.5649112593569,28.1142604408833 85.5649606437125,28.1142406335104 85.5649813714808,28.1141595533587 85.5649488222506,28.1141446953364 85.5649392700751,28.1141242710797 85.5649894273946,28.1140464024249 85.5650192821165,28.1140176802153 85.5650097685884,28.1139943528996 85.5650070354574,28.1139536757411 85.5649910507547,28.1139244737584 85.5649256432153,28.1139179822225 85.5648568454787,28.1139201655729 85.5647652053621,28.1139163028387 85.564719365978,28.1139158229803 85.5646767235171,28.11392118351 85.5646405135541,28.1139353217717 85.5645848514382,28.1139347390335 85.5645490280919,28.1139198466409 85.5644807330007,28.1138842899846 85.5644350483008,28.1138721977803 85.56438269913,28.1138687461813 85.5643467984986,28.113859659863 85.5643405207007,28.1138392698538 85.564357278577,28.1138104106509 85.5643640977289,28.1137901577807 85.5643513487942,28.1137638930773 85.5643286611518,28.1137462347056 85.5642962668199,28.1137197642844 85.5642702276206,28.1137078777429 85.5642277012413,28.1137045289474 85.5642177625223,28.1137131352719 85.5642012366594,28.1137245760818 85.564217105101,28.1137624873363</coordinates></LinearRing></outerBoundaryIs></Polygon></MultiGeometry>
  </Placemark>
  <Placemark>
	<Style><LineStyle><color>ff0000ff</color></LineStyle><PolyStyle><fill>0</fill></PolyStyle></Style>
      <MultiGeometry><Polygon><outerBoundaryIs><LinearRing><coordinates>85.5593696446645,28.1138745757985 85.5593350261715,28.1139914479054 85.5594386535483,28.1140542863826 85.5595337829436,28.1141015980947 85.5597071488514,28.1141574503476 85.5598984393417,28.1141748971397 85.5600197853752,28.1142147651859 85.5600531594805,28.1143231775643 85.5600999327797,28.1145307658287 85.5601486813885,28.1145518698066 85.5601646352386,28.1145810182277 85.5601725476494,28.114600421906 85.560199685813,28.114607952121 85.5602432294599,28.1146108244638 85.5602730266131,28.1146232127332 85.5603603719638,28.1146096394839 85.5603823534411,28.1145953798578 85.5603963257,28.1145689607648 85.5604129891912,28.1145449850012 85.5604596110875,28.1145213237915 85.5604872975288,28.114487803462 85.560501140743,28.1144710432948 85.5605123249639,28.1144494250623 85.5604852835692,28.1144346507059 85.5604499427048,28.1144294494955 85.5604462808474,28.1144298582031 85.5604293731926,28.1144166977671 85.5603477495893,28.11439841992 85.5603480985831,28.1143722924035 85.5603745640117,28.1143522460471 85.5603747966695,28.1143348277025 85.560350871416,28.1143329429992 85.5603587954927,28.1143198141544 85.5603588922549,28.1143125699509 85.5603672562382,28.1142981673361 85.5603810671911,28.114283821915 85.5604073434697,28.1142539094025 85.5604431035514,28.1142277190718 85.5604678729254,28.1142086585544 85.5605049785941,28.1141836898712 85.5605215452475,28.1141669582942 85.5605367501542,28.114150212418 85.5605642752255,28.1141287657407 85.5605806322438,28.114127729932 85.5605983671272,28.1141255010503 85.5606297516689,28.1141210003919 85.5606803134461,28.114108248292 85.560703785503,28.1140843439637 85.5607217138511,28.1140676266558 85.5607369025905,28.1140520881231 85.5607425268997,28.11403886426 85.5607385545375,28.1140303698029 85.5607327876113,28.1140174360987 85.560739577185,28.113993145168 85.5607009841303,28.1139404776629 85.5606948620941,28.1139084752802 85.5606925958001,28.1138329613986 85.5606631277001,28.1138326520456 85.5606400529936,28.1138440236654 85.560577338545,28.1138811103082 85.5605049952074,28.1139035785016 85.5604821531062,28.1138975317469 85.5604336211909,28.1138534702129 85.560430812245,28.1138185991417 85.5604577815692,28.113760813011 85.5604779309975,28.1137232795241 85.5604751608111,28.1136855053949 85.5604229282503,28.1136733431182 85.5604002025262,28.1136585871782 85.5603807122605,28.1136467686719 85.5603351832891,28.1136230628906 85.5603322968252,28.113593997933 85.560336036364,28.1135591956209 85.5602936265543,28.1135471364383 85.5602571059729,28.1135844979872 85.5602041754549,28.1136245906657 85.560125167424,28.1136556990678 85.5600663089029,28.1136492740006 85.5600305638985,28.1136285743383 85.5599649242309,28.113639498796 85.5599191626361,28.1136332112231 85.559873439836,28.1136240205779 85.5597917393551,28.1136115485374 85.559729179942,28.1136370225598 85.5597321438282,28.1136602814101 85.559767966365,28.1136751750345 85.5597874565644,28.1136869936256 85.5598265921363,28.1136990185718 85.5598952345621,28.1137084499731 85.5599344089424,28.1137175718321 85.5599866414604,28.1137297342937 85.5599929572053,28.1137472214147 85.5599731178961,28.1137615303663 85.5599107135848,28.1137753922411 85.5598646416237,28.1137923291043 85.5598121375577,28.1138004879945 85.5597627525484,28.1138202934861 85.5597233065971,28.1138314929752 85.5596677610387,28.1138221990728 85.559612137899,28.1138187112617 85.5595565535614,28.1138123203715 85.5595215504234,28.113796340393 85.5593989706888,28.1138525457969 85.5593870994957,28.1138579889812 85.5593696446645,28.1138745757985</coordinates></LinearRing></outerBoundaryIs></Polygon></MultiGeometry>
  </Placemark>
  <Placemark>
	<Style><LineStyle><color>ff0000ff</color></LineStyle><PolyStyle><fill>0</fill></PolyStyle></Style>
      <MultiGeometry><Polygon><outerBoundaryIs><LinearRing><coordinates>85.5582444076145,28.1143695593687 85.5584355848805,28.1141981175111 85.5585149566047,28.1141217650138 85.5585727920138,28.1141084310335 85.5586459424854,28.1140756759759 85.5586955607266,28.1140384525668 85.5587350844875,28.1140214472696 85.5588008797592,28.1139989111923 85.5588604370662,28.113953081805 85.5589392127644,28.1139393924895 85.5590084762425,28.1139023754437 85.5590550529164,28.1138476991477 85.5590916516131,28.1138045318271 85.5591346823117,28.1137701424825 85.5591580288056,28.1137384497283 85.5591915472316,28.1136807326878 85.559291209792,28.1135743518033 85.559367021362,28.1135374033718 85.5594161346998,28.1135379194157 85.5594591263895,28.1135064330168 85.5595884892687,28.1133829431643 85.559635453366,28.1132992360786 85.5595375372767,28.1132749796837 85.5594722857759,28.1132568733445 85.5594101921104,28.1132475105473 85.5593053396671,28.1132522157511 85.5592497556442,28.1132458247475 85.5591351969848,28.1132417174336 85.5591056126405,28.1132501169208 85.5590694798646,28.113258447581 85.5590397790797,28.1132755562222 85.558973945489,28.1133009954907 85.5589477517714,28.1133007201871 85.558888815908,28.1133001007357 85.5588425887456,28.1133286494819 85.5588421617702,28.1133605830969 85.5588350310946,28.1134040601032 85.5588083327328,28.113441524498 85.5587916899167,28.1134616738038 85.5587553241378,28.1134874227119 85.5586627919148,28.1135503261987 85.5585707254691,28.1135783929531 85.558472071705,28.1136092938492 85.5584293126642,28.1136233615944 85.5583539666902,28.1136254728308 85.5583016179429,28.1136220189209 85.5581968039597,28.1136238202062 85.5581084387658,28.113619987471 85.5580103674285,28.1136073422071 85.5579942681897,28.1135868486432 85.5579681132537,28.1135836700952 85.5579057088316,28.1135975310517 85.5578533212772,28.1135969800261 85.5577974652798,28.1136109098118 85.5577381408154,28.1136393204035 85.5577186508629,28.1136275015296 85.5577581746109,28.1136104965132 85.5578340255361,28.1135706458957 85.5578836049611,28.1135363258342 85.5579264805528,28.1135135490964 85.5579791787839,28.1134908756547 85.5580320323454,28.1134565899726 85.5580816116566,28.1134222698346 85.5581081160804,28.1133993208652 85.558184316236,28.1133333425469 85.5582174078767,28.1133075593622 85.5582636740169,28.1132761077774 85.5583072483708,28.1132010759183 85.5583570216211,28.1131522403951 85.558403287654,28.1131207887585 85.5584493595295,28.1131038523827 85.558498822073,28.1130782412479 85.558535381886,28.1130379771253 85.5585750994085,28.1130064565807 85.55864139875,28.1129461808298 85.5587013437086,28.1128713209267 85.558770606559,28.1128343039732 85.5588168723368,28.1128028521861 85.5588999693535,28.1127108147581 85.5589527834325,28.1126794317484 85.5590254755103,28.112630836844 85.5590851483674,28.1125762981491 85.5591137376963,28.1125457330463 85.5590505770586,28.1125430681038 85.5589550629476,28.1125565547071 85.5588789034656,28.1125485090196 85.5587918502366,28.1125403487826 85.5587073913086,28.112541876053 85.5586144714442,28.1125650499793 85.5585262556899,28.1126438199684 85.5584652419547,28.1127252909672 85.5583744639953,28.1127919585494 85.5583030407399,28.1128370939315 85.5582403368621,28.1128412647321 85.5582337906511,28.1128401381628 85.558167610142,28.1128686127015 85.5581213829905,28.112897161206 85.5580454549764,28.1129428181179 85.5579959923965,28.112968429088 85.5579399425461,28.1129968742203 85.5579068121005,28.113025560395 85.5578838149844,28.1130311254381 85.5578052729104,28.1130273958402 85.5577072798468,28.1130089442704 85.5575601349208,28.1129928790043 85.5574849059495,28.1129862806159 85.5573504693528,28.1129993834597 85.55724526741,28.1130302145797 85.557117184839,28.1130579013678 85.5570021212986,28.1130915319795 85.5569200718258,28.1131051857358 85.5568872131633,28.1131135502779 85.5568250421198,28.1131099924276 85.5568063686434,28.1130372093085 85.5568426958375,28.1130143639809 85.5569314491208,28.1129891669765 85.5569484419938,28.1129428904225 85.5569423599891,28.1129079848573 85.5569262610575,28.1128874911773 85.5568644788263,28.1128549028137 85.55683516652,28.1128429804338 85.5567927963016,28.1128280171383 85.5567568190038,28.1128247349741 85.5566912961906,28.112826948711 85.556661945039,28.1128179293484 85.5566623309635,28.1127891088957 85.5567133890774,28.1127575777041 85.5567518729402,28.1127314170141 85.5567715190177,28.1126881525242 85.5568019941769,28.11264983216 85.5568379161931,28.11261156912 85.556849262576,28.1125778775438 85.5568906314263,28.1125396718191 85.5569671139779,28.1125235712904 85.5570107213039,28.1125216151635 85.5570684953463,28.1124787518915 85.5570934911447,28.1124427888646 85.5571047081309,28.1124187561897 85.5570696590537,28.1123918215517 85.5570208958481,28.1123719877907 85.5570074403123,28.1123597708219 85.5569668797591,28.1123376082975 85.556912281791,28.1123466939517 85.5568521076287,28.1123653811791 85.5567920951034,28.1123719947223 85.5567289388125,28.1124099710782 85.5566712940163,28.1124431752789 85.5566517449525,28.1124791955626 85.5566539187004,28.1125202746624 85.5566183523431,28.1125319756108 85.5565827859785,28.1125436765498 85.5565147323807,28.11254054503 85.5564990385187,28.1124920783752 85.5564368845815,28.112455197929 85.5563961624173,28.1124451088939 85.5563309293512,28.1124347617671 85.5562302593125,28.1124264565341 85.5561596441009,28.1124112225098 85.5560643886222,28.1124053892451 85.5559636862907,28.1123994985487 85.5559228994965,28.1123942388362 85.5558575694603,28.1123911356781 85.5558220354226,28.1124004216882 85.5557809898049,28.1124144797762 85.5556941311468,28.112391829203 85.5556261424063,28.1123838677862 85.5555932994282,28.1123955971561 85.5555576682925,28.112412127287 85.5555165255596,28.1124334294844 85.5555008746271,28.1124437822651 85.5554683748266,28.1124482337026 85.5554290068091,28.1124536258563 85.5553967318576,28.1124184442666 85.5553710441982,28.1123804286135 85.5553189685678,28.112356652227 85.5552693012344,28.112337490893 85.5552644437965,28.1123414158987 85.5551934403951,28.1123551581401 85.5551264186944,28.1123607001857 85.5551057965954,28.1123805371009 85.5551022110934,28.1124037270091 85.5551147240988,28.1124474107975 85.555140528423,28.112476717341 85.5551499618357,28.1125058513657 85.5551523799132,28.1125697530021 85.5551550314762,28.1126162363292 85.555163959023,28.1126831100222 85.5551728865789,28.1127499837144 85.5551788123454,28.1127965015431 85.5551911697665,28.1128517975307 85.5551938602609,28.1128953778046 85.5551996693014,28.1129506047862 85.5552084801541,28.1130261876294 85.5552190853854,28.113041203989 85.5552030531717,28.1130604600646 85.5551831798216,28.1131206274075 85.5551989702671,28.1131618500019 85.5552028765944,28.1132127463883 85.5554869534858,28.1133566197721 85.5556685031066,28.1134511567593 85.5559552288233,28.1134927704162 85.5561025820856,28.1135406344873 85.5562568824224,28.1137197894197 85.5562907694426,28.1137896145302 85.5562601120746,28.1139533357758 85.5562520484515,28.1140824266771 85.5562439833822,28.1141955767574 85.556262617752,28.1142712629868 85.5562652309153,28.1143206493527 85.5562741592458,28.1143875229881 85.5562792520007,28.1144330853608 85.5564476762724,28.1144241998651 85.556648187659,28.1144031547903 85.5569092164733,28.1144136212042 85.5571970817731,28.1143703386449 85.5574069171499,28.114303078377 85.5576855612202,28.114298291252 85.5577716757815,28.1143686654364 85.5578056672542,28.1144307725961 85.5578227662728,28.1144541085595 85.5580057654628,28.1144405959828 85.5582330093479,28.1143735175338 85.5582444076145,28.1143695593687</coordinates></LinearRing></outerBoundaryIs></Polygon></MultiGeometry>
  </Placemark>
  <Placemark>
	<Style><LineStyle><color>ff0000ff</color></LineStyle><PolyStyle><fill>0</fill></PolyStyle></Style>
      <MultiGeometry><Polygon><outerBoundaryIs><LinearRing><coordinates>85.5529567763177,28.1119414871329 85.5531024865838,28.1119961432536 85.5531713950235,28.1120509012634 85.5533623695712,28.1120915098074 85.5536592445658,28.1120251735169 85.5539738382144,28.1119358673552 85.5542530970562,28.11188478136 85.5544547424451,28.1117788456717 85.5547624931593,28.1115505289674 85.5548676674304,28.1114976066341 85.555066828662,28.1115768925702 85.5552423602304,28.1114706804851 85.5553913652816,28.1113950634814 85.5555299078603,28.1114505539696 85.5556392357327,28.1117372975378 85.5572167166839,28.11085733507 85.5572164371431,28.1108508312984 85.5572320595241,28.110836509059 85.5572457000411,28.1107960040952 85.5572064881193,28.1107897845666 85.5571935858565,28.1107751314835 85.557227220881,28.1107087057391 85.5572472930824,28.1106769788415 85.5571818492889,28.1106733867525 85.5571392855689,28.1106729388636 85.5571365165841,28.1106351646969 85.5570745801077,28.1106141886824 85.5570456958321,28.1105703327628 85.557062649367,28.1105269592178 85.557092971402,28.1104634021039 85.5571033766502,28.110419959643 85.5570581606543,28.1103730284004 85.5570192209198,28.1103464874401 85.5570494263464,28.110291639498 85.5570660689608,28.1102714903886 85.5570468128337,28.1102422531093 85.5569943880689,28.1102446048706 85.5569323741194,28.1102294349095 85.5569623075238,28.1101949083699 85.5570281784714,28.1101665669488 85.5570942825321,28.1101208071644 85.5571540325893,28.1100604631654 85.5572137048706,28.1100059252477 85.5572536547217,28.1099569867137 85.5573003470139,28.1098936017872 85.5573436485915,28.109838891561 85.5574597185494,28.1097297810676 85.5574894962582,28.1097068666219 85.557514401646,28.1096809974483 85.557544276442,28.1096508253501 85.5576000915472,28.1096397986409 85.5576182544773,28.1096283758434 85.5576400216635,28.1095923115082 85.5576155047552,28.1095891501476 85.5575876554832,28.109590308925 85.5575845950234,28.109574307676 85.5575767011036,28.1095524486525 85.5575785906376,28.10953359601 85.5576134736266,28.1094962179165 85.5576304461681,28.1094513927519 85.5576011735204,28.1094365675053 85.5575930659683,28.1094306752904 85.557611345391,28.1094105433243 85.5576478265322,28.1093760854959 85.5576739804405,28.1093792640687 85.557734609435,28.1093755465978 85.5577626916824,28.1093569694512 85.5577875775033,28.1093325517494 85.5578008874792,28.1093167226853 85.5578127351723,28.1092878126485 85.5577947665084,28.1092847201937 85.5577357357724,28.1092913579683 85.557711316028,28.1092809389867 85.5576817909499,28.1092849836232 85.5576307123848,28.1093091257861 85.5575861237171,28.1093376913958 85.5575529555079,28.109369280594 85.5575543983338,28.1093838130947 85.5575295901395,28.1094024246398 85.5574734838044,28.1094352242436 85.5574222885799,28.1094680754911 85.5573926468963,28.1094808292301 85.5572970959072,28.1095248276211 85.5572772570621,28.1095391362066 85.5572326099284,28.1095720562766 85.5571700912102,28.1095946261547 85.5571257937263,28.1096014186898 85.5571042400817,28.109621516133 85.5570990375051,28.1096432373675 85.5570856302435,28.1096663239954 85.5570426006217,28.1097007127532 85.5569817382735,28.1097218482406 85.5569471658852,28.1097360017213 85.5569289057155,28.1097546820638 85.5568776130206,28.109794790732 85.5568330045256,28.1098248076073 85.5567950219507,28.1098490872794 85.5567635487075,28.1098763389181 85.5567253523287,28.1099165853701 85.5566430720473,28.1099476573822 85.5565951698795,28.1099790912374 85.5565422204635,28.1100206340646 85.5565124813464,28.1100406452385 85.5564939878069,28.1100767438433 85.5564804443003,28.1101099910937 85.5564539792618,28.110130036722 85.5563930388107,28.1101569780417 85.5563370678219,28.1101796164603 85.556304229463,28.1101865293704 85.5562942127171,28.1102009412213 85.556278798794,28.1102515895353 85.5562686265174,28.1102776135995 85.5562273112165,28.1103062132089 85.5562359630898,28.1102714627495 85.556236896235,28.1102017894563 85.556260203855,28.1101730002366 85.5563083200381,28.110125599709 85.556336655427,28.1100881530215 85.5563681288379,28.1100609014878 85.5564079818928,28.1100192208511 85.5564510507146,28.109981929252 85.5564908648342,28.1099431516428 85.5565341668318,28.1098884416886 85.5565657761846,28.1098510294142 85.5566105402423,28.1098094004109 85.5566568247105,28.1097764977874 85.5566864859907,28.109762292687 85.556719363066,28.1097524766245 85.5567685329213,28.1097486389709 85.5568030081726,28.1097417431733 85.5568311489663,28.1097188116457 85.5568610239575,28.109688639704 85.5568793618525,28.1096641532605 85.5568797116175,28.1096380257659 85.5568633799785,28.1096349504173 85.5568092795941,28.1096401879442 85.5567420050706,28.1096510937125 85.556696148228,28.1096520627665 85.5566551831018,28.1096545350284 85.5566039680998,28.1096888374835 85.5565725531658,28.1097117344972 85.556518200062,28.1097358417613 85.5564739024885,28.109742634082 85.5564364058031,28.1097306254735 85.5563789535023,28.1097416344673 85.5562721174891,28.1097724477269 85.5562131253026,28.1097761817779 85.5561542886432,28.1097683035875 85.5560849103233,28.1098140284364 85.5560745825077,28.109851664703 85.5560496378598,28.1098804366538 85.556019548719,28.109926575203 85.5560192376278,28.1099497996329 85.5560320229738,28.1099731619799 85.556043210156,28.1099936040326 85.5560185182279,28.1100035061266 85.5559481248573,28.1100027647993 85.5559052308637,28.1100269924925 85.5559063623541,28.1100647494297 85.5559471915334,28.1100724380856 85.5560323767848,28.1100689799921 85.556078214358,28.1100694626938 85.5561009970496,28.1100798647272 85.5561386493467,28.1100802612147 85.5561683302167,28.1100646047057 85.5562095676739,28.1100418112181 85.556250805114,28.1100190177174 85.5562605691273,28.11002347572 85.5562537876233,28.1100408250963 85.556241997747,28.1100653803958 85.5562252383736,28.110094238563 85.5562001770599,28.1101317197014 85.5561767527861,28.1101692180723 85.5561582591122,28.1102053166262 85.556164262984,28.110246028332 85.556154129564,28.1102691493329 85.556114801257,28.1102716386622 85.5560871851172,28.1102553788054 85.5560958953577,28.1102162737755 85.5561158122489,28.1101961592652 85.5561196501847,28.1101540994631 85.556097120226,28.1101248275829 85.5560676920845,28.1101216142261 85.5560038274195,28.1101223934081 85.555951538819,28.1101145840844 85.5559073771756,28.1101112155272 85.5558088815287,28.1101305023975 85.5557549364383,28.1101241272835 85.5557107553527,28.1101222101897 85.5556550565278,28.1101245269528 85.5556155726786,28.1101386283531 85.555574587908,28.1101425518107 85.5555482199495,28.1101553396248 85.5555297844217,28.1101870835068 85.5554918597902,28.1102070082214 85.5554640492575,28.1102052635075 85.5554360831158,28.1102151309995 85.5554096373174,28.1102337248913 85.5553946509194,28.1102524395094 85.5553648726304,28.1102753534762 85.5553369259147,28.1102837694205 85.555312389484,28.1102820591713 85.5552913800646,28.1102615135727 85.5552488943581,28.1102552589979 85.5551881286507,28.1102691360312 85.5551421548237,28.1102788137124 85.5551094331056,28.110277017175 85.5550910752528,28.110302954887 85.555089010161,28.1103348712122 85.5550853080075,28.1103667702861 85.5550486506189,28.1104142911201 85.555015520263,28.1104429766074 85.5550103172216,28.1104646977431 85.5550381083525,28.1104678940773 85.5550593706956,28.1104695698741 85.5550575390681,28.1104840678839 85.5550556879835,28.1105000174199 85.5550422412647,28.1105260068772 85.5550057394591,28.1105619154873 85.5549776369815,28.1105819435628 85.5549249980001,28.1106002613111 85.5548608995559,28.1106184582616 85.5548101700432,28.1106164718549 85.5547891801213,28.1105944746555 85.5547795523461,28.1105798558672 85.5547174217975,28.1105733940647 85.554699414106,28.1105732042519 85.5546571813271,28.1105480796545 85.5546051067333,28.1105243030293 85.5545645499845,28.1104962926099 85.5545501083817,28.1104743644056 85.5544816243113,28.1104533182108 85.5544308170298,28.1104571377698 85.5544081122957,28.1104409293595 85.5543591756709,28.1104273478428 85.5543282661873,28.1104125046464 85.554294043659,28.1104005299735 85.5542468414654,28.1103797080502 85.5542325751517,28.1103447160843 85.5542067131619,28.1103197639661 85.5541575624658,28.1103221491619 85.5541333375574,28.1102972142927 85.5541385212956,28.1102769447217 85.5541111391012,28.1102432661708 85.5540410960948,28.110216396399 85.5539885350358,28.1102289076873 85.553960237757,28.1102634508062 85.5539517019853,28.110289491942 85.5539464792688,28.1103126645555 85.5539610180819,28.1103273351913 85.5539902125449,28.1103479673057 85.5540225448446,28.1103787946203 85.5540368500337,28.1104108835546 85.5540414107494,28.1104370628043 85.5540375525197,28.1104805740416 85.5540534558465,28.110515583289 85.5541187241463,28.1105322405939 85.554151056537,28.1105630678808 85.5541586577853,28.1106066999584 85.5541812067655,28.1106345206139 85.5542300071827,28.1106582628753 85.5542706807029,28.1106775642385 85.5543049811824,28.1106837328175 85.5543489677883,28.1107001656282 85.55440616772,28.1107080273471 85.5544456519232,28.1106939263099 85.554468843332,28.1106738465728 85.5544999280881,28.1106756260089 85.5545323190248,28.1107020986337 85.5545550627587,28.110715403974 85.5546084825534,28.1107609707644 85.5545789180557,28.1107679177639 85.554533080216,28.1107674345501 85.554508446374,28.1107729817821 85.5544740095995,28.1107769739325 85.5544394560318,28.1107896752282 85.5543933456646,28.1108095133264 85.554327532083,28.1108334988617 85.5543192494162,28.1108406701874 85.5542499085853,28.1108834909951 85.5542007965687,28.1108829731456 85.5541350218417,28.1109040555341 85.5540988505989,28.1109152879525 85.5540494854543,28.1109336398785 85.5540215190045,28.1109435070691 85.5539493711831,28.110951456581 85.5538575590623,28.1109606503882 85.5538298262718,28.1109530992358 85.5538169828857,28.1109340912757 85.5537944728912,28.1109033675122 85.5537325954091,28.1108780354312 85.5536866017367,28.1108891641341 85.5536555364171,28.1108859329867 85.553608100432,28.1108825291431 85.5535668621314,28.110905321813 85.5535813230597,28.1109257985893 85.553602254358,28.1109521505412 85.5535807192772,28.110970795867 85.5535280214579,28.1109934676372 85.5534801763883,28.1110205457731 85.5534440634821,28.1110274234396 85.5534030198855,28.1110357008069 85.5533241873331,28.1110537415736 85.553298130592,28.1110433045369 85.55324745938,28.1110369629711 85.5531965933538,28.1110451366349 85.5531591940426,28.1110258695049 85.5531497418025,28.1109981868867 85.5531518269719,28.1109648190907 85.5531424916348,28.1109284273231 85.5530917425547,28.1109278918011 85.5530560388217,28.1109042873458 85.5530647112491,28.1108680856044 85.5530584942093,28.1108433405811 85.553056915595,28.1108389687312 85.5530228879324,28.1108124784943 85.5530232776173,28.1107834479991 85.553017333371,28.1107383816275 85.5530146437715,28.1106948013323 85.5530199641299,28.1106643711397 85.553033372378,28.1106412849496 85.5530238812315,28.1106165053733 85.5530240371041,28.1106048931749 85.5530209578209,28.1105903433751 85.553008173074,28.1105669807708 85.5529953493636,28.1105465212151 85.5529645959274,28.1105200655188 85.5529615361391,28.1105040641932 85.5529455162643,28.110477763981 85.5529115277112,28.1104483706708 85.5528949817435,28.1104612616218 85.5528796246557,28.1105075549169 85.5528794103103,28.1105235216889 85.5528836589717,28.110572925362 85.5528898175007,28.1106020249662 85.5528927019077,28.1106310900153 85.5528983927821,28.1106950262121 85.5528927216406,28.1107515838429 85.5528871674083,28.1107994323247 85.5528715959125,28.110861692386 85.5528575835177,28.1109297758208 85.5528488525553,28.1109703321198 85.5528435321297,28.1110007623021 85.5528397123608,28.1110413704343 85.5528440389607,28.1110849680068 85.5528401997005,28.111127027663 85.5528365553071,28.1111545720731 85.5528262457053,28.1111907565164 85.5528174757306,28.1112342158598 85.5528186840802,28.1112661666782 85.5528233809358,28.1112821852839 85.5528491064044,28.1113172983282 85.5528506070683,28.1113274762783 85.5528549921395,28.1113667192756 85.5528641130539,28.1114190778281 85.5528671728473,28.1114350791543 85.5528813608917,28.1114758773439 85.5528859603311,28.1114991535703 85.5528853952173,28.1115412477814 85.5528778141104,28.1116181094678 85.5528638210857,28.1116847413681 85.5528504128033,28.1118297728639 85.5528502569039,28.1118413850593 85.5528597675918,28.1118647131215 85.5528920415294,28.1118998952744 85.5529475074461,28.1119149979645 85.5529540874616,28.1119203757939 85.5529567763177,28.1119414871329</coordinates></LinearRing></outerBoundaryIs></Polygon></MultiGeometry>
  </Placemark>
  <Placemark>
	<Style><LineStyle><color>ff0000ff</color></LineStyle><PolyStyle><fill>0</fill></PolyStyle></Style>
      <MultiGeometry><Polygon><outerBoundaryIs><LinearRing><coordinates>85.5534133935293,28.1045276996571 85.5533611273327,28.1045184379206 85.5533187608652,28.1045034736731 85.5532833317993,28.1044595479649 85.5532210880248,28.1044617947704 85.5531655089879,28.1044554014733 85.5531295346283,28.1044521184611 85.5530706427095,28.104448593636 85.5530414889339,28.1044250583222 85.5530484263808,28.1043960968881 85.5530324852372,28.1043639905918 85.5529674740562,28.104328463061 85.5529218337894,28.1043134641492 85.5528632926166,28.1042838117692 85.5528341778941,28.1042573733621 85.5528215886906,28.1042194954887 85.5527564218093,28.1041955800709 85.5526842784665,28.1042035290889 85.5526252698014,28.1042087132334 85.5525628313218,28.1042254750037 85.5524575199465,28.1042650119095 85.5524144521801,28.1043023023176 85.5523484278764,28.1043422538389 85.5523351372617,28.1043566308521 85.5523445303237,28.1043886681001 85.5523804266779,28.1043977574195 85.5523932885674,28.1044153139676 85.5523437118207,28.1044496321784 85.5522779992253,28.1044663592506 85.5522056997563,28.1044859202131 85.5521266574755,28.1045199272593 85.5520706106883,28.1045483701313 85.5520242687359,28.1045856258384 85.5519976483703,28.1046172828449 85.5519579322213,28.1046488015645 85.5519441736663,28.1046980151445 85.5519110833371,28.1047237968886 85.551861896197,28.1047290844067 85.5517899864022,28.1047196146347 85.5517540510065,28.1047134282095 85.5517576368907,28.104690238381 85.5517614177352,28.1046525332998 85.5517424759569,28.1046000709389 85.5516768411783,28.1046109916148 85.5516796081893,28.1046487658471 85.5516851032208,28.1047272173616 85.5516707596048,28.1048199766636 85.5516562599777,28.104924348163 85.5516620669618,28.1049795752734 85.5516846726621,28.1050030417185 85.5516808137824,28.1050465528948 85.5516701340198,28.1051103162665 85.551666158141,28.1051625365918 85.551718229499,28.105186314231 85.5517243874718,28.1052154138865 85.5517335854424,28.1052619664196 85.5517824998811,28.1052770003091 85.5518907355363,28.1052636259998 85.5520517833733,28.1052188711591 85.5521045175796,28.1051932967938 85.5521508987595,28.1051531380207 85.5522331375026,28.1051249716467 85.5523153372266,28.1050997082728 85.5524235726566,28.1050863335334 85.5525155941769,28.1050611737155 85.5525747202271,28.1050472804822 85.552689776267,28.105013653281 85.5528312966133,28.1049599810204 85.5529205504915,28.1048970466986 85.5529539133705,28.1048509433408 85.5529937072381,28.1048136182215 85.5530565745402,28.1047649226933 85.5530994864604,28.1047392442934 85.5531390854595,28.1047164343891 85.5531523370623,28.1047049603486 85.5531950931211,28.104690894126 85.5532312233744,28.1046825649145 85.5533331441153,28.1046517020413 85.5533464735894,28.1046344218758 85.5534133935293,28.1045276996571</coordinates></LinearRing></outerBoundaryIs></Polygon></MultiGeometry>
  </Placemark>
  <Placemark>
	<Style><LineStyle><color>ff0000ff</color></LineStyle><PolyStyle><fill>0</fill></PolyStyle></Style>
      <MultiGeometry><Polygon><outerBoundaryIs><LinearRing><coordinates>85.5544229910959,28.1043249411737 85.5544813357721,28.104247162646 85.5545013685518,28.104218339161 85.5545114627728,28.1041981213087 85.554542973752,28.1041679670705 85.5545595769048,28.1041507212845 85.5545811882364,28.1041262696214 85.5545518590758,28.1041157983632 85.5545353921366,28.1041228834584 85.554489167941,28.1041514308767 85.5544611254785,28.1041671043416 85.5544264767655,28.1041870633599 85.5543722428303,28.1042024607154 85.5543279669062,28.1042078009003 85.5542738497204,28.1042144890541 85.554217881472,28.1042371267245 85.5541866039432,28.1042498625609 85.5541391124517,28.1042508135863 85.5541180459933,28.1042346224229 85.5541264254646,28.10422019345 85.5541448602934,28.1041884497075 85.5541467308234,28.1041710486437 85.5541257422348,28.1041490513743 85.5540947956166,28.1041371112339 85.5540555279288,28.1041352454753 85.5540407173866,28.1041408962428 85.5540228081013,28.1041334487469 85.5539785905916,28.1041344342391 85.5539537830613,28.1041530451728 85.5539259351924,28.1041542032578 85.5539043626451,28.1041757517583 85.5538973475747,28.1042105193526 85.5539037397014,28.1042222006135 85.5539199341589,28.1042354369705 85.5539244362553,28.1042659708164 85.5539242026539,28.104283389137 85.5539093336837,28.1042933944694 85.5538747432359,28.1043089987624 85.5538512416616,28.1043523028904 85.5538425506558,28.1043899562708 85.5538484950241,28.1044350226468 85.5538546924789,28.1044612191763 85.5538558232838,28.1044989761312 85.5538570319605,28.1045309269795 85.5538775144042,28.1045906639819 85.5539036280781,28.1045967462823 85.5539064153388,28.1046330689721 85.5538963209618,28.1046532867728 85.5538993223626,28.1046736426696 85.5539302496412,28.1046870343849 85.5539500490507,28.1046756293106 85.5539698095231,28.1046671272866 85.5540141440469,28.1046574326452 85.554027395553,28.1046459585163 85.5540556523205,28.1046143183541 85.5540805572687,28.1045884497727 85.5541202728029,28.1045569304141 85.5541732397884,28.1045139368986 85.5542012629194,28.1044997150251 85.5544229910959,28.1043249411737</coordinates></LinearRing></outerBoundaryIs></Polygon></MultiGeometry>
  </Placemark>
  <Placemark>
	<Style><LineStyle><color>ff0000ff</color></LineStyle><PolyStyle><fill>0</fill></PolyStyle></Style>
      <MultiGeometry><Polygon><outerBoundaryIs><LinearRing><coordinates>85.5532034447303,28.1035804074379 85.5532367291557,28.1035401100889 85.5532339226567,28.1035052389157 85.5532275695939,28.1034906545738 85.553231116159,28.1034703677424 85.553248069955,28.1034269946411 85.5532782362067,28.1033750505285 85.5532953068141,28.1033229682605 85.5533056738057,28.1032824291283 85.5532832628286,28.1032444476798 85.5532344659155,28.103220705189 85.5531888260691,28.1032057063797 85.5531068617134,28.1032135520284 85.5530379539928,28.1032244388532 85.5529755161458,28.1032412008373 85.5529390357385,28.1032756574739 85.5529126886892,28.103286993318 85.5528110029233,28.1033004376135 85.5527680525645,28.1033290189995 85.5527350018227,28.1033518979181 85.5526727586892,28.1033541444983 85.5526004990053,28.1033708026504 85.5525183006776,28.103396066253 85.5524852498644,28.1034189451084 85.5524587858209,28.1034389900177 85.5523635307595,28.1034612122432 85.5522879191035,28.1034836417697 85.5522643781232,28.1035298486653 85.5522181536241,28.1035583953074 85.5521359940531,28.10358075562 85.5520638510936,28.1035887043258 85.5520209783968,28.1036114793624 85.5519945142222,28.1036315241766 85.5519551883047,28.1036340124013 85.551915550493,28.1036597250237 85.5518404844555,28.1036415115796 85.5517883748085,28.1036206370594 85.5517589875966,28.1036145197946 85.5517036040702,28.1035936106691 85.5516515334684,28.1035698330478 85.5515498083246,28.1035861794423 85.5515364397115,28.1036063624804 85.5516243673402,28.1036421327024 85.5516597954569,28.1036860588092 85.5516954965506,28.103709663552 85.5518166313346,28.1037109427967 85.5518822655499,28.1037000220316 85.5519080279976,28.1037322321603 85.5519110290034,28.1037525880884 85.5520976031625,28.1037574615331 85.5521239114263,28.1037490289052 85.5522285987458,28.1037559410624 85.5523662980605,28.1037428773793 85.5525137801219,28.1037328202772 85.5526089574638,28.10371640406 85.5526713566722,28.1037025453083 85.552766417077,28.1036948381363 85.5528383652644,28.1037014043231 85.5528843169481,28.1036931788351 85.5530190538755,28.1036568555231 85.5530650444848,28.1036457269207 85.5532034447303,28.1035804074379</coordinates></LinearRing></outerBoundaryIs></Polygon></MultiGeometry>
  </Placemark>
  <Placemark>
	<Style><LineStyle><color>ff0000ff</color></LineStyle><PolyStyle><fill>0</fill></PolyStyle></Style>
      <MultiGeometry><Polygon><outerBoundaryIs><LinearRing><coordinates>85.5524620983896,28.1031922306006 85.5524723682496,28.103158949172 85.5524905695369,28.103144623971 85.5525416851454,28.1031175805844 85.5525566320051,28.1031017692931 85.5525567683947,28.1030916086104 85.5525258222651,28.1030796681317 85.5524899653007,28.1030676758125 85.5525000987439,28.103044555063 85.5524986566465,28.1030300225244 85.5524562714011,28.1030165095595 85.5524284822822,28.1030133127727 85.5523990562189,28.1030100987014 85.5523662588315,28.103014107695 85.5523350009527,28.1030253915903 85.5523167996666,28.1030397167708 85.5523248090147,28.1030528669043 85.5523374563861,28.1030863902401 85.5523240684959,28.1031080248902 85.5522961819201,28.1031120857056 85.5522455534679,28.1031028408513 85.5522080206053,28.1030937342301 85.5521735667504,28.1030991774208 85.5521289014068,28.1031335474256 85.5521103297603,28.1031754515669 85.5521149677429,28.1031958247755 85.5520997479404,28.1032319573764 85.5521107777995,28.103264011922 85.5521909103953,28.1032706648495 85.5522237468434,28.1032637528495 85.5522812349785,28.1032498424228 85.5523157083654,28.1032429476808 85.5523354492003,28.1032358974116 85.5523453293604,28.1032316465129 85.5523566710862,28.1032404766265 85.5523810694404,28.1032523480268 85.5523958604504,28.1032481489625 85.5524075139638,28.1032337546568 85.5524125417308,28.103225097338 85.5524620983896,28.1031922306006</coordinates></LinearRing></outerBoundaryIs></Polygon></MultiGeometry>
  </Placemark>
  <Placemark>
	<Style><LineStyle><color>ff0000ff</color></LineStyle><PolyStyle><fill>0</fill></PolyStyle></Style>
      <MultiGeometry><Polygon><outerBoundaryIs><LinearRing><coordinates>85.5509429278819,28.1019639913879 85.5509811623942,28.1019208434267 85.5510078408579,28.1018848320158 85.5510640035067,28.1018476803741 85.5511018673763,28.1018321113582 85.5511218420495,28.1018076429505 85.5511336515816,28.101781636547 85.5511487739648,28.1017527616777 85.5511408233589,28.1017352569057 85.5510933134965,28.101737658442 85.5510408538473,28.1017429111292 85.5510081543323,28.1017396621841 85.5509889208076,28.101708972611 85.5509664329478,28.1016767969194 85.5509535325933,28.1016621433022 85.5509455040068,28.1016504446215 85.5509096282005,28.101639903436 85.5508753113032,28.1016351856392 85.5508376815484,28.1016333362908 85.5507835460042,28.1016414746346 85.5507474556374,28.1016469001851 85.55072767599,28.1016568532847 85.550688448324,28.1016520835465 85.5506376451377,28.1016559018537 85.55058678342,28.1016640747174 85.550560338997,28.101682667743 85.5505534401168,28.1017087259937 85.5505479440368,28.1017522198454 85.5505504960135,28.1018059608741 85.5505564974378,28.1018466727777 85.550565870272,28.1018801616561 85.5505703518363,28.1019121471083 85.5505649142792,28.1019512863841 85.550556261389,28.1019860364833 85.5505592621052,28.1020063924347 85.5505918251137,28.1020198021646 85.5506243881306,28.1020332118871 85.5506581979078,28.1020756694031 85.5506908194758,28.1020847245353 85.5507137560195,28.1020835151927 85.5507335552561,28.1020721105736 85.5507534715345,28.1020519968005 85.5507715753086,28.1020449294528 85.5508076267949,28.1020424069516 85.5508387869948,28.1020383810244 85.5508486866032,28.1020326787057 85.5509429278819,28.1019639913879</coordinates></LinearRing></outerBoundaryIs></Polygon></MultiGeometry>
  </Placemark>
  <Placemark>
	<Style><LineStyle><color>ff0000ff</color></LineStyle><PolyStyle><fill>0</fill></PolyStyle></Style>
      <MultiGeometry><Polygon><outerBoundaryIs><LinearRing><coordinates>85.5613342715658,28.1073431891565 85.5613773376429,28.107305895893 85.5614170328132,28.1072758259216 85.5614269711285,28.1072672197786 85.5614467509147,28.1072572651448 85.561446557235,28.1072717804539 85.5614545099086,28.1072892846917 85.5614940113788,28.1072737300062 85.5615106139609,28.1072564833625 85.5615369805405,28.1072436943439 85.5615519267275,28.1072278820534 85.5615717064956,28.1072179274008 85.5615929877151,28.107218150634 85.5616092997869,28.1072226769426 85.5616221829015,28.107238781155 85.561638301324,28.1072578227706 85.5616610259188,28.107272578475 85.5616954032924,28.107272939059 85.5617284341113,28.1072515094981 85.5617449979258,28.1072371658867 85.5617533379228,28.1072256394869 85.5617338486299,28.1072138211997 85.5616978923513,28.1072090888624 85.5616815996421,28.1072031110331 85.5616538478183,28.1071970130061 85.5616375551135,28.1071910351718 85.5616524238182,28.1071810289936 85.5616738599499,28.1071696399654 85.5616986088383,28.1071553822123 85.5617331217232,28.1071455820677 85.5617496661563,28.107132689986 85.5617596237961,28.1071226322862 85.5617532306436,28.1071109513585 85.5617584321443,28.1070892299004 85.5617439120109,28.1070731085306 85.5617096896144,28.1070611357122 85.5616967677776,28.1070479345701 85.5616626809489,28.1070258010227 85.5616251458188,28.1070166969046 85.5616253588377,28.1070007300628 85.5616174448859,28.1069803227718 85.5615766551156,28.1069697327676 85.5615391781126,28.1069562740338 85.561506495956,28.1069515759938 85.5614655900042,28.1069496951433 85.5614492973477,28.1069437172881 85.5614527650491,28.1069292363248 85.5614579859669,28.1069060633484 85.5614254781414,28.106888301511 85.5613877106603,28.1068966157017 85.5613646181753,28.1069094390432 85.5613186849916,28.1069162158122 85.5612808206442,28.1069317876271 85.5612543960037,28.1069489311913 85.5612329211345,28.1069632232159 85.5612130057892,28.1069833385362 85.5612060122043,28.1070166550404 85.56118288093,28.1070323814109 85.5611597690208,28.1070466562464 85.5611316492028,28.1070681372004 85.5610885831432,28.1071054303884 85.5610736369083,28.1071212426268 85.5610423205163,28.1071368830825 85.561006189938,28.1071452143417 85.5609815572112,28.1071507627827 85.5609241647973,28.1071574191617 85.5609013628318,28.1071484694618 85.5608719740584,28.1071423540987 85.5608291597726,28.1071607773034 85.5608030062782,28.107157599348 85.5607754676701,28.1071355343098 85.5607542639832,28.1071295048284 85.560695350824,28.1071274347471 85.5606526721665,28.1071356971828 85.5606411161682,28.1071428345546 85.5606522070809,28.1071705339129 85.5606586582504,28.1071778602963 85.5606648962581,28.1072011535141 85.5606939168504,28.1072348479999 85.560745836322,28.1072702345576 85.5607440442854,28.1072818296195 85.560706392889,28.1072814344324 85.560695030659,28.1072740565039 85.5606673370177,28.1072636036873 85.5606576505663,28.1072533398778 85.5606333278619,28.1072356637683 85.5605692516635,28.107252411976 85.5605560392504,28.1072609836863 85.5605135737167,28.1072532792427 85.5604776950177,28.1072427404656 85.5604089015635,28.1072449217397 85.5603695162569,28.1072517669259 85.5603416288276,28.107255829347 85.5602924407973,28.1072611198605 85.56023029232,28.1072561121423 85.560192776635,28.1072455561038 85.5601321682614,28.1072478231804 85.560060081386,28.1072514214308 85.5599700842674,28.107247572893 85.5599291588635,28.1072471431108 85.5598684341538,28.10725811925 85.5598322646788,28.1072693532546 85.5597093914957,28.1072753213962 85.5596306983553,28.107283205232 85.5595699929941,28.1072927297074 85.5595027007685,28.1073050884283 85.559453454504,28.1073147332273 85.5594124902932,28.1073172063493 85.559368504195,28.107300775178 85.5593227453186,28.1072944875011 85.5592801828922,28.1072940403259 85.559250949368,28.1072763123813 85.5592100627623,28.1072729793252 85.5591842778731,28.107242222002 85.5591766165548,28.1072029447042 85.5591506183043,28.1071881541993 85.559121520625,28.1071602655226 85.5591217146167,28.1071457502282 85.5591204267878,28.107119605497 85.5591224905822,28.1070876890501 85.5591236582722,28.1070615701204 85.5591377959676,28.1070450237396 85.5591585302041,28.1070249173359 85.559175171903,28.1070047679279 85.5591893871754,28.106982415423 85.5592208104577,28.106958791986 85.5592407358552,28.1069379512038 85.5592689626801,28.1069084872372 85.5592553293497,28.1068872938642 85.5592267689605,28.1068804609892 85.559181722087,28.1068821652841 85.5591448020672,28.1068883101564 85.5591038477157,28.1068900574273 85.5590955850679,28.1068957775391 85.5591028255189,28.1069052898863 85.5591059734449,28.1069147592303 85.5590943397773,28.1069277025869 85.5590541457164,28.1069338130313 85.5590172062727,28.1069414093977 85.5589908782941,28.1069512948652 85.5589686234375,28.1069626748639 85.5589614217974,28.1069502594512 85.5589739418918,28.106932244355 85.5589856531772,28.1069134948916 85.5589858277844,28.1069004311269 85.5589655203656,28.1068886038578 85.5589391632937,28.1069006666097 85.558934779746,28.1069223965424 85.5589101178787,28.1069301219034 85.5588890210612,28.1069161087273 85.5588407680617,28.1069126981493 85.5588251388523,28.1069183408244 85.5588379341916,28.1069409771643 85.5588517323668,28.1069498325767 85.5588408686642,28.1069664133358 85.5588259997434,28.1069764192008 85.5588420982167,28.1069969126555 85.5588969381046,28.1069974889908 85.5589231787947,28.1069941354243 85.5589378342928,28.1070000963715 85.5589252947824,28.1070195629929 85.5589003224591,28.1070505128205 85.5588835060821,28.1070837259566 85.558868375214,28.1071133274711 85.5588596953791,28.1071502554469 85.5588575635954,28.107187252239 85.55887126479,28.1072033652968 85.5589137689669,28.1072081671855 85.558945787764,28.1072012450059 85.5589735006074,28.1072102466343 85.5590027922682,28.1072236200478 85.5590154809751,28.1072542397842 85.55896582727,28.1072943665231 85.5589378621831,28.1073042347735 85.5588917734964,28.1073226229512 85.5588637889933,28.1073339427151 85.5588293340301,28.1073393875375 85.5588129444593,28.1073406670186 85.5587735396335,28.1073489632703 85.5587374476452,28.1073543908639 85.55869340343,28.1073423140667 85.5586675992717,28.1073130081806 85.5586433933316,28.1072866225551 85.5586421444303,28.107257574766 85.5586621767235,28.1072287506648 85.5586657224285,28.1072084636701 85.558631480962,28.1071979416236 85.5585905361947,28.1071989629718 85.558567656806,28.107195819007 85.5585202416116,28.1071909653869 85.5584875595497,28.1071862666296 85.5584351362801,28.1071886189991 85.5583875658243,28.1071953775651 85.5583334084864,28.1072049703303 85.5582923860763,28.1072117977049 85.5582363199528,28.1072416946241 85.5582117259074,28.1072443395036 85.5581957439929,28.1072151368057 85.5581977692403,28.107186123441 85.5581589662093,28.1071494221229 85.5581462195235,28.1071231569027 85.558141502608,28.1071085899761 85.5581270412686,28.1070881136568 85.5581191668082,28.1070648031307 85.5580980215416,28.107054418658 85.5580601178945,28.1070728926216 85.5580368696914,28.1070973276163 85.5580123339182,28.1070956178749 85.5579813471686,28.1070865816269 85.5579470281555,28.107081865528 85.5579058310342,28.107101756546 85.5578664262391,28.1071100525379 85.5578352453348,28.1071155315435 85.5577977299634,28.1071049748598 85.5577602145998,28.1070944181661 85.5577240255691,28.1071071031371 85.5577043425837,28.1071097995795 85.5576810942945,28.1071342345105 85.5577069758082,28.1071577344574 85.5577425046547,28.1071944014626 85.5577502236992,28.1072293242356 85.5577565581627,28.1072453599196 85.5578235786765,28.1072533234621 85.5578730968556,28.1072233578521 85.5578994832413,28.10720911802 85.5579373869628,28.107190644104 85.5579768694416,28.1071765419778 85.5580130196412,28.1071667599974 85.5580276751074,28.1071727210408 85.5579976264322,28.1072159570437 85.5579806738517,28.107259330758 85.5579411719275,28.1072748844126 85.5579034817486,28.1072773915134 85.557880447041,28.1072858596631 85.5578640380562,28.1072885905593 85.5578215727433,28.1072808852885 85.5578084766223,28.1072807475543 85.5577857331661,28.1072674427592 85.5577481206593,28.1072641437031 85.5577038047496,28.1072723879926 85.5576627240258,28.1072835697618 85.5576006728128,28.1072713032133 85.5575596503411,28.1072781303659 85.5575173404255,28.1072588127746 85.5575027820838,28.1072455940355 85.5575062697433,28.1072296616641 85.5574786929809,28.1072104990449 85.5574213586541,28.1072127993631 85.5573607697213,28.1072136136847 85.5572901644677,28.1072288399243 85.5572376052005,28.1072413525317 85.5572159937938,28.107265804602 85.5571929590401,28.1072742726343 85.5571537678195,28.107266601607 85.5570978373586,28.1072863373507 85.5570648639414,28.1073034111771 85.557026843476,28.107330594013 85.5569759211483,28.1073431237431 85.5569199129019,28.1073686655233 85.5568904271882,28.1073698069529 85.5568525426662,28.1073868290421 85.5568241110544,28.1074315335231 85.5568087949878,28.107474924301 85.5567397487882,28.1074959735877 85.5567344491034,28.1075249524551 85.5567898162549,28.1075473111756 85.5567896413769,28.1075603749264 85.5567739949464,28.1076284416718 85.5567605878877,28.1076515282812 85.5567287266677,28.1077078105 85.5567053420045,28.1077424059448 85.5566736750536,28.1077841728705 85.5566710663969,28.1078567320264 85.5566476039488,28.1078971335697 85.5566127794808,28.1079301568496 85.5565813845129,28.1079516023624 85.5566006401306,28.1079808396967 85.5566348427534,28.1079942653065 85.5566111276216,28.1080535367006 85.5566024177784,28.1080926417885 85.5565891660936,28.1081041161552 85.5565644552177,28.1081154698957 85.5564923288592,28.1081219692988 85.5564071257144,28.1081268792643 85.5563448798166,28.1081291274108 85.5562745070978,28.1081269347687 85.5562220250442,28.108133640855 85.5561940206323,28.1081464115818 85.5561430200721,28.1081647470925 85.5561332562288,28.1081602890868 85.5560776945076,28.1081524453693 85.5560552621596,28.1081159158535 85.5560407427765,28.1080997939085 85.5559915542207,28.1081050828561 85.5559633553665,28.1081323688072 85.5559695729525,28.1081571137271 85.5560153902698,28.1081590479471 85.5560349568296,28.1081650609198 85.5560426170466,28.108204338348 85.5560963862371,28.108223777061 85.5561486544997,28.1082330378252 85.5562104922333,28.1082612718445 85.556282327121,28.1082765455047 85.5563068048062,28.1082826101467 85.5563609628328,28.1082730182104 85.5564330698612,28.1082679704081 85.5564726889677,28.1082437080466 85.5565354791079,28.1082008170728 85.556561885338,28.108185125988 85.5565783916572,28.1081751376163 85.5565814325024,28.1081925904115 85.5565660773479,28.1082388842052 85.5565724116848,28.1082549199373 85.556565708093,28.1082664632291 85.556562375731,28.1082707833472 85.5565344490594,28.1082777480333 85.5565227955034,28.1082921426798 85.5564995855589,28.1083136743319 85.55645004707,28.1083450909359 85.5564220037538,28.1083607647627 85.5563728928391,28.1083602477335 85.5563284208883,28.1083801037757 85.5563132988521,28.1084089792063 85.5563014314325,28.1084393406332 85.5562767787658,28.1084463397353 85.5562723147578,28.1084129028988 85.5562428870744,28.108409689596 85.5562049632064,28.108429614541 85.5561588541664,28.1084494532892 85.556131219033,28.1084346449813 85.556152889245,28.108405838522 85.5561714020234,28.108368288421 85.5561636251105,28.1083377201626 85.556144369555,28.1083084827704 85.5561034632583,28.1083066003045 85.5560495384942,28.1082987738108 85.5560037211164,28.1082968396 85.5559709610894,28.1082979463439 85.5559218890994,28.1082945260999 85.5558660356701,28.1083084552016 85.5558479505709,28.108314071662 85.5558066553865,28.1083412196493 85.5557869915843,28.1083424642787 85.5557690425927,28.108337920039 85.5557148067076,28.1083533178462 85.5556783058876,28.1083892266821 85.555672908631,28.1084254631275 85.5556626002758,28.108461647843 85.5557130954532,28.1084810522216 85.5557342018543,28.1084943401159 85.5557798637448,28.1085078866358 85.5557862368673,28.1085210193458 85.5557625405918,28.10857883904 85.5557590331779,28.1085962228798 85.5557294304511,28.1086060732083 85.5557017175561,28.1085970709227 85.5556873148457,28.1085722397792 85.5556794602729,28.1085474776065 85.5555927753272,28.1085407575935 85.5555585532281,28.10852878325 85.5555062070887,28.108525328365 85.5554587720504,28.1085219251971 85.555421159209,28.1085186254896 85.5553834685679,28.1085211318788 85.5553361502448,28.1085090195083 85.555288831933,28.1084969071217 85.5552759301992,28.1084822538732 85.5552335619059,28.1084672901581 85.5551746871412,28.1084623146282 85.5551466630744,28.1084765366593 85.555131385081,28.1085170241596 85.5550949034704,28.1085514813034 85.5550343916369,28.1085464884619 85.5549788103628,28.1085400958215 85.5549428929377,28.1085324586549 85.554872539476,28.1085288137581 85.5548514331808,28.1085155257349 85.5548450407167,28.108503844512 85.5547976057195,28.1085004411164 85.5547599345373,28.1085014958076 85.5547241533594,28.1084836979002 85.5546801675793,28.1084672652362 85.5546360650495,28.1084595417163 85.5545819457298,28.1084662299092 85.5545474318509,28.1084760282118 85.5544981652245,28.108487122719 85.554460532974,28.1084852742755 85.5544329564713,28.1084661110552 85.5544186124661,28.108436925211 85.5544025730474,28.1084120766858 85.5543831817213,28.1083929997468 85.55434362051,28.108412906906 85.5543219498264,28.1084417130612 85.5543051123626,28.1084763770949 85.5542997535715,28.1085097104164 85.5542373711912,28.1085221182782 85.554217551618,28.1085349748887 85.5541665505692,28.1085533096438 85.5541404164627,28.1085486788868 85.5541044212332,28.1085468476064 85.554048392254,28.1085738396865 85.554005478976,28.1085995183213 85.5539885050989,28.1086443429915 85.5540126128039,28.1086779870321 85.5540815434301,28.1086656483258 85.5540979916367,28.1086600148424 85.5541109321609,28.1086717651445 85.5541432640163,28.1087025924205 85.5542038342773,28.1087032310791 85.5542333787563,28.1086977356643 85.5542838153634,28.1087214951412 85.5543441909911,28.1087366489987 85.55442943358,28.108728837285 85.5544557429143,28.1087204042538 85.5545067634619,28.1087006178665 85.5545197429619,28.1087094650794 85.5544977997827,28.1087585926268 85.5545037251183,28.1088051104919 85.5545050507515,28.1088283521672 85.554522629976,28.1088604755697 85.554542293879,28.1088592311258 85.5545486474047,28.108873815414 85.5545463486536,28.1089231500462 85.5545609846829,28.1089305629866 85.554582091019,28.1089438510554 85.5545802593633,28.1089583490607 85.5545537358951,28.1089827489011 85.5545145248197,28.1089765286311 85.5544837519612,28.1089515247987 85.5544675956766,28.108935385436 85.5544400190612,28.108916222214 85.5544106302423,28.108910105463 85.5544009637311,28.1088983897042 85.5543616943031,28.1088965239701 85.5543465327414,28.1089283022113 85.5543331639292,28.1089484855018 85.5542658117835,28.1089651961665 85.5542280820409,28.1089706052829 85.5541687593205,28.1089990144084 85.5541128469246,28.1090172973499 85.5540520818003,28.1090311739026 85.5539992876908,28.1090611035278 85.5539432584139,28.1090880955521 85.5539087832247,28.1090949906321 85.5538974991855,28.1090818060495 85.5538663370183,28.1090858325965 85.5538432821604,28.1090957515651 85.5538381179065,28.1091145696028 85.5538444518769,28.1091306054458 85.5538197210226,28.1091434101961 85.5537655039576,28.1091573556793 85.5537421764503,28.109187595988 85.5537646082024,28.1092241258559 85.5538087693839,28.1092274950879 85.5538333055387,28.1092292055967 85.5538163314794,28.1092740302352 85.5538062171376,28.1092956995249 85.5538043269523,28.1093145520916 85.5537451402486,28.1093328003424 85.5537139390568,28.1093397299027 85.5536647303829,28.1093464695147 85.5536271562829,28.1093402662557 85.5535716331391,28.1093295184571 85.5535176496685,28.1093260455325 85.5534653227224,28.1093211383313 85.5534310032534,28.1093164210843 85.5534048690015,28.1093117901818 85.5533554850194,28.1093315934102 85.5533157090092,28.1093674670281 85.5533170343868,28.1093907087038 85.5533053413279,28.1094080061046 85.5532739647729,28.1094279992898 85.5532529169557,28.1094103564473 85.5531987970957,28.1094170440723 85.5531528234886,28.1094267210944 85.553129787978,28.1094351884123 85.5531131642687,28.1094538854986 85.55308198249,28.1094593633871 85.5530652808384,28.1094838665673 85.5530667035751,28.1094998506177 85.5530467667877,28.1095214161956 85.5529943813263,28.1095208633871 85.552964836569,28.1095263585235 85.5529351164495,28.1095449173782 85.5528825556133,28.1095574282511 85.5528252200283,28.1095597265962 85.5527433677245,28.1095588626909 85.5526990505565,28.1095671053106 85.5526674984555,28.1096001620737 85.5526556493649,28.1096290716121 85.5526145477902,28.1096417033367 85.5525952345377,28.1096168200526 85.5525841455044,28.1095891201195 85.5525761941437,28.1095716154199 85.5525451877161,28.1095640294614 85.5525339038027,28.1095508447718 85.5525096014881,28.1095317157322 85.5524456397704,28.1095397508918 85.552422584694,28.1095496696125 85.5523893759787,28.1095841605509 85.552333540977,28.1095966366444 85.5523107392858,28.109587685526 85.5522251060432,28.1096245263803 85.5521965549564,28.1096779389411 85.5521516723483,28.109728275589 85.5521393942092,28.1097891186136 85.5521783714712,28.1098127578613 85.5522667721454,28.1098136912488 85.5523163709564,28.1097779216599 85.5523610001123,28.1097464547756 85.5523758699944,28.1097364496522 85.5523953781334,28.1097468177199 85.5523967422965,28.1097671563468 85.5524044987231,28.1097991763015 85.5524256244342,28.1098110131727 85.5524468281148,28.1098170439423 85.5524463993081,28.1098489774834 85.5524494784967,28.1098635272939 85.5524769380286,28.1098914000572 85.5525373724824,28.1099022001489 85.5525436283372,28.1099240421434 85.5525613045774,28.1099489081542 85.5525858213761,28.1099520704162 85.5526363750979,28.1099671213553 85.5526426894423,28.1099846087718 85.5526683950723,28.1100211733674 85.5526780030195,28.1100372438173 85.5527007853495,28.1100476464034 85.5527220865318,28.110046419509 85.5527600895299,28.1100206894781 85.5527914468657,28.1100021479469 85.5528603199994,28.1099941644681 85.5528964520716,28.109985835418 85.5529357803047,28.1099833470108 85.5530048482571,28.1099608482094 85.5530296183604,28.1099451405683 85.5530461837138,28.1099307980717 85.5530921965111,28.1099182180444 85.5531482848716,28.10988687182 85.5531895033736,28.1098655307866 85.553238556463,28.1098704035564 85.5532890323299,28.1098912603574 85.5533134712248,28.1099002285901 85.5533477713928,28.109906397398 85.5534562063652,28.1098785067749 85.5534892200746,28.1098585308227 85.5535620488498,28.1097997781399 85.5535933865145,28.1097826879425 85.5536248020706,28.1097597916361 85.5536874968222,28.1097241596778 85.5537236871711,28.1097114758273 85.5537418115529,28.1097029566102 85.5537682185427,28.1096872660956 85.5538289451266,28.1096762927362 85.5538554105141,28.1096562476275 85.5538803362025,28.1096289276204 85.5539149283933,28.109613323401 85.5539414326914,28.1095903752231 85.5539498710484,28.1095715917114 85.5539811891174,28.1095559529457 85.5540058032309,28.1095518573238 85.5540254867326,28.1095491614333 85.5540484053882,28.1095494031174 85.5540649510794,28.1095365120153 85.5540718302405,28.1095119051294 85.5540721612145,28.1094872291924 85.5540838346937,28.1094713832478 85.5541133599216,28.1094673393932 85.5541460618987,28.1094705876847 85.5542165911353,28.1094611692435 85.5542379311289,28.1094570390568 85.5542773954195,28.1094443895752 85.5543514906998,28.1094132326955 85.5543615076207,28.1093988209919 85.5543847960781,28.1093714836259 85.5544030371404,28.1093542551612 85.5544245522845,28.1093370612106 85.554444002172,28.1093517835699 85.5544583852218,28.1093780663605 85.5544958815404,28.1093900754979 85.5544987858285,28.1094176890071 85.5544967011277,28.1094510568474 85.5545043997759,28.1094874312851 85.5545137160123,28.1095252745057 85.5545484053982,28.1095024124915 85.5545752209349,28.1094562397682 85.5545739342098,28.1094300950427 85.5545693150081,28.1094082703819 85.5545678920484,28.1093922863386 85.5545746932363,28.1093734855266 85.5546094020213,28.1093491719682 85.5546309560558,28.1093290749317 85.5546574406741,28.1093075781323 85.5547004903193,28.1092717386176 85.5547253184069,28.109251676075 85.5547666142081,28.10922452844 85.5548113786614,28.1091829000367 85.5548511930398,28.1091441229103 85.5549071053915,28.1091258396657 85.5549351491177,28.109110166166 85.5550089132364,28.1091036848625 85.5550482800376,28.1090982927823 85.555074531055,28.1090942142137 85.5551071940495,28.1091003653258 85.5551871366977,28.1091215319294 85.5552379238808,28.1091191635916 85.5552971491476,28.1090980116289 85.5553416021234,28.1090796074679 85.5553665467588,28.1090508356427 85.5553899126938,28.1090176919857 85.5554131813611,28.1089918059575 85.555452742607,28.1089718984918 85.55550025564,28.108969495562 85.5555723437065,28.1089658997585 85.5556364216026,28.108949153957 85.5556578392389,28.1089392174358 85.5556745013318,28.1089176169665 85.5556811272732,28.1089118798319 85.5557009273066,28.1089004745334 85.5557237486096,28.1089079735669 85.5557350134159,28.108922609534 85.5557562754712,28.1089242852122 85.555774205113,28.1089302809837 85.5558052699578,28.1089335116333 85.5558529968626,28.1089151417837 85.5558943894829,28.1088807361573 85.5559127080015,28.1088577013704 85.5559522691115,28.1088377937549 85.5559820274272,28.1088163311636 85.5560019829528,28.1087933136029 85.5560552430098,28.1087285465284 85.5561016049232,28.1086898379676 85.5561628361975,28.1086411238353 85.5561942314516,28.108619678431 85.5562602376734,28.1085811766533 85.5562999541264,28.1085496567119 85.5563282113264,28.108518016112 85.5563530778198,28.1084950502 85.5564238589501,28.1084667607345 85.5564636336217,28.1084308861594 85.5564883640168,28.1084180809132 85.5565085525843,28.1083776449407 85.5565478801943,28.1083751554717 85.5565874021457,28.1083581507158 85.5566124045849,28.1083250240598 85.5566371349388,28.1083122187849 85.5566600533579,28.1083124600229 85.5566930660165,28.1082924832549 85.5567392137624,28.1082697412651 85.5567739217178,28.1082454271235 85.556808454777,28.1082341767221 85.5568513478484,28.1082099487061 85.5568726875104,28.1082058180956 85.5568889800749,28.1082117964913 85.5569050589127,28.1082337416908 85.5569082552512,28.1082395822583 85.5568897621792,28.1082756809421 85.5569125445844,28.108286082832 85.5569337482529,28.1082921129071 85.5569399272122,28.1083197608467 85.5569462616097,28.1083357965636 85.5570116262601,28.1083451948247 85.5570409373877,28.1083571171298 85.5570895626275,28.1083939221168 85.5571203942465,28.1084145707991 85.5571641667222,28.1084469695003 85.5572213657265,28.1084548300103 85.5572697941625,28.1084451774294 85.5572978373861,28.1084295034256 85.5573276924527,28.1084007828866 85.5573475407868,28.1083857485195 85.5573763053813,28.1083773407503 85.557397722754,28.1083674039463 85.5573988423315,28.1083449138721 85.5574097938037,28.1083218013674 85.5574478339616,28.1082931669104 85.5574847059863,28.1082906513381 85.557501817116,28.1082966382732 85.5575046930282,28.1083264290427 85.5575230624732,28.1083607379957 85.5575457284338,28.1083798489523 85.5575681904809,28.1084142009513 85.557603134204,28.1084334410512 85.5576325425279,28.1084381055919 85.5576460300627,28.1084701855788 85.557681051497,28.108483619547 85.5576978907969,28.1085099278544 85.5577088839695,28.108544885064 85.5577462833126,28.1085641509577 85.5578184973042,28.108551119026 85.5578484687771,28.1085136892002 85.5578634059627,28.1084986031054 85.5578988643122,28.1084793776309 85.5579212749254,28.1084563855968 85.5579142286486,28.1084323579053 85.5578751243261,28.1084181551903 85.557832532357,28.108419884842 85.5578012733973,28.1084311699381 85.5577685133276,28.1084322771106 85.5577589241548,28.1084147554628 85.5577478824304,28.1083834270772 85.5577406031717,28.1083768177178 85.5577086907633,28.1083757561934 85.5576990045085,28.1083654921831 85.5576926991248,28.1083472792045 85.5576813661332,28.1083377237384 85.5576617508901,28.1083353398169 85.5576272470073,28.1083444131429 85.557597984364,28.1083288621403 85.557597330924,28.1083165155405 85.5576247303358,28.1082877691023 85.5576618062641,28.1082700124354 85.5576855140705,28.1082724394037 85.5577126804195,28.1082611112862 85.5577308042616,28.1082525915191 85.5577767284787,28.1082465417472 85.5578238110129,28.1082150988216 85.5578617151083,28.1081966249426 85.5578906349493,28.1081766048345 85.5579105414148,28.1081572157955 85.5579362065958,28.1081357097161 85.5579765467715,28.1081187131557 85.5580210183336,28.1080988565628 85.5580400285899,28.1080852650102 85.5580453279606,28.1080562860826 85.5579922993178,28.1080426628453 85.557936620991,28.1080435290494 85.5578980440718,28.1080511078802 85.5578749897788,28.1080610275504 85.5578299229933,28.1080641829102 85.5577921160296,28.1080753991402 85.5577533643254,28.1080960416849 85.5577270553741,28.1081044753649 85.5576817749556,28.1081235974868 85.5576587109188,28.1081342428833 85.5576276073877,28.1081339157164 85.5576121235933,28.1081286717813 85.5576139354035,28.1081156252465 85.5576307135004,28.108085315348 85.5576278472666,28.108054798815 85.5576133859089,28.1080343224431 85.5575759090879,28.1080208626324 85.5575015825732,28.1080694396698 85.5574784505547,28.1080851653845 85.5574237294406,28.1081368520861 85.5574055084806,28.1081526294532 85.5573890022368,28.1081626179275 85.5573497135604,28.1081622045852 85.5573252941072,28.108151785544 85.557281172051,28.1081455144005 85.5572401880789,28.1081494383875 85.5571926948446,28.1081503904075 85.5571256738372,28.1081424265388 85.5570995396757,28.1081377963446 85.5570486169693,28.1081503260865 85.5570207097844,28.1081558393461 85.5570060931047,28.1081469751373 85.5570098140132,28.1081136244497 85.5570478541961,28.1080849901041 85.5570944097529,28.108031765901 85.557116021348,28.1080073138593 85.5571836250493,28.107971731889 85.5572742636006,28.1079276818475 85.5573438732765,28.1078645379829 85.5574148479759,28.1078217326963 85.5574857449331,28.1077847334836 85.5575550825037,28.1077419108988 85.5576261541401,28.1076918478541 85.5577068536481,28.1076564033641 85.5577644600606,28.1076337815365 85.5578549233526,28.1076027948463 85.5578713323858,28.1076000639531 85.5578810185922,28.1076103279504 85.5578856384099,28.1076321525271 85.5578900640676,28.1076684923892 85.5579207791528,28.1076978500629 85.5579338170783,28.107702342374 85.5579285371154,28.1077298697697 85.5579278187334,28.1077835763261 85.5579470164509,28.1078171680701 85.5579680453565,28.1078362617413 85.5580184824575,28.1078600198627 85.5580428630902,28.1078733418381 85.5580820546046,28.107881012621 85.5581112298439,28.1079030953982 85.5581241124969,28.1079191999215 85.5581862612122,28.1079242086045 85.5582224310613,28.1079129750498 85.5582487981655,28.1079001866852 85.5583208272598,28.1079009439921 85.5583355798944,28.1078996473624 85.5583455185051,28.1078910414548 85.5583570553188,28.1078853558147 85.5583813001335,28.1079088384332 85.5584306437951,28.1078919363896 85.5584637530561,28.1078647015327 85.5584984605083,28.1078403869339 85.5585264063648,28.1078319703095 85.5585791210531,28.1078078449825 85.5585958794254,28.1077789864817 85.5586437218162,28.1077519064468 85.5586802408651,28.1077145452445 85.5587017162083,28.1077002536394 85.5587347089139,28.1076817278861 85.5587375172429,28.1077165989961 85.5587238971287,28.1077556526321 85.5587103934355,28.1077859970919 85.5587147611609,28.1078266915242 85.558715641382,28.1078833183629 85.5587300059105,28.1079110522711 85.5587528272417,28.1079185508014 85.5587603914197,28.1079650857604 85.5587713072753,28.1080058490142 85.5587756362197,28.1080494465026 85.5587836661215,28.1080611447634 85.5588360122001,28.1080645983925 85.558854000102,28.1080662391758 85.558877818197,28.1081216553513 85.558898866734,28.1081392973582 85.5589444901189,28.108155745892 85.5589721449978,28.1081691021158 85.5590045363585,28.108195573706 85.5590663360783,28.1082267095224 85.5591363015893,28.1082593828494 85.5591509572691,28.1082653437796 85.5591898774301,28.108293335663 85.5591976552068,28.1083239037816 85.5591616211045,28.1083249768871 85.559129113266,28.1083072145069 85.5591159006117,28.1083157860681 85.5590946968007,28.1083097563258 85.5590603773388,28.1083050404903 85.5590354338398,28.1083338130335 85.5590254758378,28.1083438705203 85.558977866092,28.1083535323308 85.5589336662218,28.1083530678291 85.5589204729499,28.1083601878415 85.5588828212072,28.1083597921399 85.5588368484761,28.1083694711053 85.5587713477768,28.1083702344108 85.558728610287,28.1083828508092 85.5586843327855,28.1083881923423 85.5586514756954,28.1083965573712 85.5586184827519,28.1084150830939 85.5585840274311,28.1084205278405 85.5585743022711,28.1084131669466 85.5586155386051,28.1083903726877 85.5586468362894,28.1083761843445 85.5586733781187,28.1083503321413 85.5586867266526,28.1083315999219 85.5586673151471,28.10831397509 85.5586378097684,28.1083165684152 85.5586017174486,28.1083219959601 85.5585835160285,28.1083363219596 85.5585523930186,28.1083374465291 85.5585278375433,28.1083371883983 85.5585063620474,28.1083514799694 85.558463605129,28.1083655478131 85.5584290139518,28.1083811532223 85.5583960015674,28.108401130419 85.5583757942799,28.1084430182241 85.5583737108098,28.1084763861732 85.5584653264707,28.1084817045327 85.5585115127706,28.1084560588785 85.5585739335271,28.1084407459943 85.5586328861329,28.1084399139542 85.5586459435862,28.1084429546727 85.5586538182486,28.1084662651719 85.5587142914688,28.1084741594781 85.5587781551965,28.1084733789963 85.5588159234032,28.1084650655542 85.5588586221096,28.1084553521876 85.5588716213613,28.1084627474719 85.5588944234153,28.1084716975118 85.5589256240756,28.1084647667498 85.5589550712835,28.1084665279511 85.5589795685865,28.1084711405937 85.5590139074981,28.1084744049221 85.5591188522866,28.1084624421207 85.5591566592672,28.1084512255253 85.5591763812715,28.1084456258242 85.5592253952917,28.1084533994971 85.5592434414624,28.1084506856441 85.5592549006998,28.1084508060463 85.5592891038307,28.1084642310108 85.5593678560441,28.1084519928172 85.5594055660162,28.1084480337987 85.5594530012111,28.1084514356044 85.5594842794169,28.1084386985961 85.5595334292241,28.1084363114536 85.5595660341428,28.1084468160943 85.5596098849778,28.1084734079243 85.5596507720552,28.1084767408778 85.5596886565628,28.1084597180158 85.559728216877,28.1084398092783 85.559790618086,28.1084259473628 85.5598545205815,28.1084222633189 85.5598840647521,28.1084167666725 85.5599136283096,28.1084098184899 85.5599596785339,28.1083943330416 85.5599877019901,28.1083801100022 85.5600407268559,28.1083327596365 85.5600605263483,28.1083213536864 85.5600965798385,28.1083188288144 85.5601281293478,28.108285770237 85.5601201574407,28.1082697174598 85.5601499148068,28.1082482539254 85.56018779916,28.108231230919 85.5602144956789,28.1081937661625 85.5602441560811,28.1081795602557 85.5602806553627,28.1081436501441 85.5602956212428,28.108126386474 85.5603189079524,28.1080990480291 85.5603716030222,28.1080763735337 85.5603998007876,28.1080490866338 85.5604393802081,28.1080277261493 85.560477322585,28.1080063484674 85.5605004929349,28.1079877191694 85.5605300757207,28.1079793193175 85.560561605617,28.1079477121603 85.5605732004696,28.107937671739 85.5606257403735,28.1079266093824 85.560656998919,28.1079153236251 85.5607149537213,28.1078665729953 85.5607579620881,28.1078336345358 85.5607860628066,28.1078136052013 85.5608322676739,28.1077865072014 85.5608539171496,28.1077591514755 85.5608721763093,28.1077404705672 85.5609156883402,28.1076697922617 85.5609355844967,28.1076511285238 85.5609720252455,28.1076195728019 85.5609937327742,28.107587862459 85.5610350845493,28.1075563582556 85.5610597367409,28.107549358278 85.5610793228801,28.1075539190068 85.5611203646567,28.1075456392663 85.5611501797437,28.1075198209059 85.5611835400615,28.1074737154621 85.561213258257,28.10745515474 85.5612594241246,28.1074309596466 85.561271231932,28.1074049523227 85.5612828847713,28.1073905572437 85.5613342715658,28.1073431891565</coordinates></LinearRing></outerBoundaryIs></Polygon></MultiGeometry>
  </Placemark>
  <Placemark>
	<Style><LineStyle><color>ff0000ff</color></LineStyle><PolyStyle><fill>0</fill></PolyStyle></Style>
      <MultiGeometry><Polygon><outerBoundaryIs><LinearRing><coordinates>85.5592054234345,28.1125519226584 85.5592677890691,28.112508750217 85.5594260129487,28.1123946321431 85.5594791667289,28.1123257222545 85.5595760479165,28.112241834319 85.5597429753137,28.1121278072905 85.5599114489757,28.1118980156897 85.5601225150678,28.1117381395079 85.5603332713104,28.1116014158507 85.560458118935,28.1113788841423 85.5606090784997,28.1111566264186 85.5608025371073,28.1110673313179 85.5607986440254,28.1110409406611 85.5609299975387,28.1110132846648 85.5609662844525,28.11099334124 85.5610097009526,28.1109299206326 85.5610364366588,28.1108895526847 85.5610797755708,28.1108319381708 85.5611295852174,28.1107801984778 85.5612715356873,28.1106945840112 85.5613348291724,28.1106139510531 85.5613777416367,28.1105882700962 85.5614935373343,28.1104994775009 85.5615167661818,28.1104764934602 85.5615667691429,28.1104102382887 85.5615673889471,28.1103637893184 85.5616010986593,28.1102915562711 85.5616147374761,28.1102510508061 85.5616217892965,28.1102133797082 85.5616721794105,28.1101180938802 85.5616921727478,28.1100921723985 85.5616826989916,28.1100659418174 85.5615813949464,28.1100503618009 85.5615192641488,28.1100439030771 85.5614176114824,28.1100544504869 85.5613615640213,28.1100828971194 85.56126653704,28.1100877069983 85.5612270538628,28.1101018100426 85.5611644580865,28.1101301878809 85.5610854916665,28.1101583938966 85.5610162700717,28.1101925090668 85.5609895345433,28.1102328770208 85.5609009006522,28.1102493676021 85.5608547140944,28.1102750140475 85.5607988214112,28.1102918482005 85.5607560252172,28.1103088197976 85.560719699743,28.1103316662354 85.5606247888234,28.1103277664816 85.5605296840856,28.110338381959 85.5604907822284,28.1103089388942 85.5604945990853,28.1102683304369 85.5604756909079,28.1102129660709 85.5604238864623,28.1101688701987 85.5603619495399,28.1101478956543 85.5602968160655,28.1101210805871 85.5602678917971,28.110080128359 85.5602195167127,28.1100244545559 85.5601739504976,28.1100036518258 85.5601150939571,28.1099972268498 85.5600984131635,28.1100202794118 85.5600781480266,28.1100665220598 85.5600156683306,28.1100861901868 85.5599762237873,28.1100973898061 85.5598583167278,28.1100990549495 85.5598224953429,28.1100841613848 85.5598027730639,28.1100897611677 85.5597790397405,28.1101504846689 85.5597623588516,28.1101735371859 85.559647803413,28.1101694304187 85.559556244413,28.1101597582083 85.5594999636815,28.1102056224077 85.5594733439773,28.1102372808706 85.5593914133267,28.1102422270299 85.5593492765048,28.1102098461964 85.5592841044694,28.110185933714 85.5592024842633,28.1101676552997 85.5591239441904,28.1101639265314 85.559035969822,28.1101310639205 85.5589411368105,28.1101213568948 85.5588558544999,28.1101320744411 85.5587640627506,28.1101398200485 85.5586758556311,28.1101243755538 85.5585188920788,28.1101082082019 85.5584575379166,28.1100436869596 85.5584250685187,28.1100230213451 85.5584187532215,28.1100055341601 85.5585011107254,28.1099686549512 85.5585471035794,28.1099575245985 85.5586325022209,28.1099380980688 85.5586756090869,28.1098979026835 85.5586431785031,28.1098743340631 85.558600964422,28.1098477591258 85.5585325574947,28.1098209088244 85.5584638788601,28.1098143798884 85.5583952002355,28.1098078509184 85.5583299510241,28.1097897441113 85.5582546465608,28.1097889523368 85.5582180101518,28.1098350225531 85.5581746313501,28.109895539185 85.558115775028,28.1098891133571 85.5581161244967,28.1098629858491 85.5581199810512,28.1098194744314 85.55810719526,28.1097961122625 85.5580782719269,28.1097551596046 85.5580723838389,28.1097057387846 85.5580894533049,28.1096536559174 85.5581193085231,28.1096249352158 85.5582550997294,28.109510224466 85.5583081453163,28.1094614232983 85.5583581885172,28.1093922662864 85.5583814954023,28.1093634766752 85.5583916282579,28.1093403554858 85.5583625108165,28.1093139181708 85.5583101641567,28.1093104643395 85.5582442552256,28.1093417094688 85.5582113978122,28.109350074379 85.5581791616305,28.109311990373 85.5581663370537,28.1092915312666 85.5581832122647,28.1092539636645 85.5581475467192,28.1092274574521 85.5580921589988,28.1092065507713 85.5580409773261,28.1091160051394 85.5580383245306,28.1090695218023 85.5580520033237,28.1090261136719 85.5580820136872,28.1089857807427 85.5581053205509,28.1089569911763 85.558105980637,28.1089076392102 85.5580998595924,28.1088756367279 85.5580775234775,28.1088318498737 85.5580779894273,28.1087970131915 85.5580718295666,28.1087679137649 85.5580714544773,28.1086735472018 85.5580784491553,28.1086402309052 85.5580853079284,28.1086170753071 85.5581003518745,28.1085940057794 85.5581600810891,28.1085351128051 85.5581782437717,28.1085236899225 85.558207962752,28.1085051298845 85.5582230454805,28.1084791572842 85.558242961653,28.1084590424334 85.5582776305269,28.1084376309587 85.5582779605235,28.1084129549719 85.558248552172,28.1084082905689 85.5582174873785,28.1084050604756 85.558183070871,28.1084076020637 85.5581651217529,28.1084030581336 85.558145419124,28.1084072061591 85.5581239047386,28.1084244007247 85.5580763919621,28.1084268045752 85.558048407089,28.1084381241571 85.5580250809143,28.1084683652479 85.5580098622341,28.1085044985239 85.5579864389558,28.1085419972491 85.5579695638005,28.1085795648323 85.5579658625808,28.1086114640257 85.5579654742622,28.1086404945935 85.5579718088311,28.1086565302686 85.5579960925554,28.1086771098993 85.5580188945743,28.1086860600835 85.5580269438512,28.1086963068578 85.5580266720388,28.1087166282556 85.5580111426733,28.1087759859835 85.5579927469418,28.1088048271817 85.5579531085283,28.1088305415139 85.5579527784515,28.1088552174957 85.5579787769182,28.108870008233 85.5579700869033,28.1089076618909 85.5579551399645,28.1089234737591 85.5579123050842,28.1089433475318 85.5578662931948,28.108955929215 85.5578006368065,28.108968304269 85.5577858257654,28.1089739554199 85.5578131894207,28.1090090848017 85.557862358915,28.1090052467413 85.5579099884503,28.1089941338052 85.5579181154057,28.1089985744728 85.5579078854006,28.1090289532671 85.5578715015497,28.1090561535326 85.5578186890008,28.1090875361958 85.5577528771737,28.1091115234488 85.5577114656083,28.109147381182 85.5576814744824,28.1091862624943 85.5576514444931,28.1092280468551 85.5576958194774,28.1092154480304 85.5577386156661,28.1091984773879 85.5577729741752,28.1092002905058 85.5578057733158,28.1091962802846 85.5578437748572,28.1091705487851 85.5578719347023,28.1091461655001 85.5578817181283,28.109149171859 85.5578648428321,28.1091867394213 85.5578611027165,28.1092215416636 85.5578492550444,28.1092504517056 85.5578421049025,28.109295380209 85.557841561194,28.1093360229976 85.5578264976643,28.1093605440168 85.5577886319824,28.1093761148114 85.5577489738869,28.109403280601 85.5577028646816,28.1094231198608 85.5576667331119,28.1094314501992 85.5576566389353,28.1094516682726 85.5576776292517,28.10947366505 85.5576723102746,28.1095040954794 85.5576933394446,28.1095231891986 85.5577379864237,28.1094902689724 85.5577530111537,28.1094686510209 85.5578191338996,28.1094214393271 85.5578305155594,28.1094273659647 85.557825235465,28.1094548933457 85.5578053384435,28.1094735565952 85.5577769066263,28.1095182612549 85.5577453754624,28.1095498677173 85.5577398040426,28.1095991680142 85.5577695428187,28.1095791565598 85.5578059462956,28.1095505048027 85.5578175804108,28.1095375615764 85.5578305797134,28.1095449569605 85.5578120866999,28.1095810557652 85.5577823479308,28.1096010672291 85.5577737354542,28.1096329147538 85.5577750617958,28.1096561564212 85.5577500011168,28.109693637869 85.5577216857355,28.1097296333448 85.5576886145415,28.1097539649312 85.5576572386486,28.1097739591451 85.5576193145317,28.1097938844695 85.5575913098313,28.1098066554689 85.5575818759525,28.1097775215853 85.5575936460725,28.109754417685 85.5575676474544,28.1097396268706 85.5575646452611,28.1097192710377 85.5575203865902,28.1097231606435 85.55747911067,28.1097488575969 85.5574624876394,28.109767555236 85.5574473074173,28.1098007853735 85.5573878101904,28.1098422596531 85.5573315287502,28.1098881229362 85.5573144783057,28.1099387541647 85.5573273804906,28.109953407235 85.5573848134025,28.1099438493724 85.5574108120417,28.109958640222 85.5573822439529,28.1100135054801 85.5573784842158,28.110049759226 85.5574011310661,28.1100703217419 85.557450262206,28.1100693869039 85.5574682115638,28.1100739309357 85.5574626788273,28.1101203281564 85.5574575539894,28.1101362432938 85.557432920419,28.1101417910628 85.5573916054643,28.1101703910371 85.5573517332922,28.1102135234985 85.5573006930614,28.110234762461 85.5572792753014,28.1102446992331 85.5572544668567,28.110263310717 85.5571937013611,28.1102771886488 85.5571591676729,28.1102884391213 85.5571164292468,28.1103010549784 85.5570720343212,28.110315105122 85.5570538517879,28.110327979367 85.557066345962,28.1103731145379 85.5571120865411,28.1103808545363 85.5571329603429,28.1104115605616 85.5571706322011,28.1104105052425 85.5572214394113,28.1104066846635 85.5572707261172,28.1103941376752 85.5573069163176,28.1103814528726 85.5573497130334,28.1103644823736 85.5573727095973,28.1103589173981 85.5573756340651,28.1103850793432 85.5573506701975,28.1104153030646 85.557312590387,28.1104468405125 85.5572728346375,28.110481263779 85.5572645133328,28.1104913383464 85.5572479872812,28.1105027783142 85.5572115056187,28.1105372360118 85.5571834229644,28.1105558130275 85.5572141969184,28.1105808162884 85.5572738500442,28.1105277298857 85.5572970409114,28.1105076496488 85.5573185558541,28.1104904552382 85.5573284947913,28.1104818494193 85.5573432283617,28.110482004438 85.5573344796921,28.1105240126168 85.5573094769266,28.1105571393836 85.5573107254645,28.1105861871595 85.5572873985954,28.1106164280907 85.5572511111768,28.1106363705223 85.5572411139369,28.1106493309171 85.5572588496819,28.1106698417817 85.5572602924771,28.1106843742821 85.5572797624324,28.110697644732 85.5572810498158,28.1107237894523 85.5572691629522,28.1107556024812 85.5572718737035,28.1107977312289 85.5572730833769,28.1108296820588 85.5572826143847,28.1108515583221 85.5572690321547,28.1108877087072 85.5572637324016,28.1109166875803 85.5572533465875,28.1109586785235 85.5572414014038,28.11099484613 85.5572246227081,28.1110251559475 85.5572046281431,28.1110510767281 85.557184886138,28.1110581276494 85.5571523001289,28.1110461708982 85.5571241007527,28.1110734570592 85.5571086676416,28.1111255569975 85.5570983983217,28.1111588387609 85.5570779373815,28.1112195961752 85.5570939778191,28.1112444444158 85.5571031396582,28.1112938997087 85.5571025761958,28.1113359939995 85.557106826814,28.111385397609 85.5570915102228,28.1114287883777 85.557065943681,28.1115040093745 85.5570338093511,28.1115806129776 85.5570125516029,28.1117008829869 85.5569903368252,28.1117703323116 85.556960072623,28.111829534794 85.5569362984267,28.1118931607687 85.5569324024171,28.111939575174 85.5569418751448,28.1119658060397 85.5569380762961,28.1120049628096 85.5569326014919,28.1120470054031 85.5569271072499,28.112090499523 85.5569378672885,28.1121428751049 85.5569751899737,28.1121679473483 85.5570225295264,28.1121786076862 85.5570695776257,28.1122110409139 85.5571265454443,28.112236319858 85.5571277407841,28.1122374827779 85.5571367992719,28.1122596991541 85.5571606960149,28.1123058369929 85.5571903951903,28.1123254700952 85.5572391584093,28.1123453037963 85.5572523877237,28.1123744238665 85.5572574144197,28.1124058726957 85.5572381887693,28.1124177457522 85.5571670885517,28.1124387332186 85.5571422867199,28.1124602078695 85.5571175495266,28.1124768530521 85.5570898626152,28.1125103726907 85.5570487201251,28.1125316753576 85.5569831313299,28.1125478905841 85.5569338831468,28.112564277763 85.5569280159987,28.1125956119441 85.5569523006553,28.1126127730388 85.5570202896685,28.1126207338066 85.5570639616848,28.112613948201 85.5571627489574,28.1125594411465 85.5571791542347,28.1125547836382 85.5572580369886,28.1125628589231 85.5572957126472,28.1125970663685 85.5573118270454,28.1126141414312 85.557360558098,28.1126363898259 85.5574178473075,28.1126297473839 85.557455813893,28.1126422221998 85.5574964392971,28.1126595551224 85.557515277179,28.1126766588153 85.5575422207642,28.1126986779261 85.5576158829675,28.1126897925809 85.5576678868709,28.1126710190728 85.557692397849,28.1126712769156 85.5576975216185,28.1126954815358 85.5577488469949,28.1127274173745 85.5577730025784,28.1127542372586 85.5577944347288,28.1127810284919 85.5578455017086,28.1128322821553 85.5579165051537,28.1128185385402 85.557971167908,28.1128046230273 85.5580065403981,28.1128074101213 85.558071838493,28.1128129269992 85.5580991375591,28.1128083839468 85.5581452423317,28.1128233592322 85.5581805502329,28.1128309757471 85.5582403368621,28.1128412647321 85.5583030407399,28.1128370939315 85.5583744639953,28.1127919585494 85.5584652419547,28.1127252909672 85.5585262556899,28.1126438199684 85.5586144714442,28.1125650499793 85.5587073913086,28.112541876053 85.5587918502366,28.1125403487826 85.5588789034656,28.1125485090196 85.5589550629476,28.1125565547071 85.5590505770586,28.1125430681038 85.5591268011127,28.1125462842286 85.5592054234345,28.1125519226584</coordinates></LinearRing></outerBoundaryIs></Polygon></MultiGeometry>
  </Placemark>
  <Placemark>
	<Style><LineStyle><color>ff0000ff</color></LineStyle><PolyStyle><fill>0</fill></PolyStyle></Style>
      <MultiGeometry><Polygon><outerBoundaryIs><LinearRing><coordinates>85.5609554911954,28.1151737837534 85.5609498730406,28.1151869930575 85.5609454975974,28.1152086827909 85.5609519194684,28.1152377310753 85.5609490025051,28.1152521908975 85.5609446915428,28.1152690511609 85.5609416939717,28.1152895478198 85.5609563831101,28.1153114376598 85.5609616850467,28.1153223611395 85.5609654801395,28.1153441366323 85.5609639088103,28.1153598181151 85.5609664549939,28.1153731277429 85.5609662293006,28.1153900308863 85.5609687271222,28.1154069626161 85.5609809506985,28.1154095059893 85.5609931581547,28.1154132567288 85.5609982666522,28.1154386686159 85.5610020295142,28.1154628588426 85.5610234791188,28.1154884422428 85.5610329308276,28.1154945791285 85.5610436636954,28.1155067671431 85.5610599886816,28.1155081460198 85.5610777237866,28.1155059170845 85.5610939681753,28.1155133327942 85.561093855338,28.1155217843663 85.5611073600924,28.1155303788579 85.5611359409162,28.1155318863522 85.5611671969032,28.1155370445257 85.5611737800374,28.1155540191266 85.5611952135826,28.1155808098693 85.5612046330728,28.1155893614787 85.5612194190136,28.1156040070882 85.5612384836561,28.1156042071584 85.5612492810301,28.115611565688 85.5612586682916,28.1156225320288 85.5612776684673,28.1156275615637 85.5612898276069,28.1156349343805 85.5612909153702,28.1156554739183 85.5612905769025,28.115680828636 85.5612985057081,28.1156990248893 85.5613065634552,28.1157075622021 85.5613228723594,28.1157101484162 85.5613256119997,28.1157089696283 85.5613324369246,28.1157078337097 85.5613487297127,28.1157116272883 85.5613581975768,28.1157165567852 85.5613662392134,28.1157263014622 85.5613740068686,28.115756571387 85.5613752396978,28.1157662446166 85.5613901385011,28.1157724386364 85.5614091387098,28.1157774681541 85.5614211528303,28.115795707268 85.5614400563492,28.115807980987 85.5614546811939,28.1158347002487 85.5614557045258,28.1158600692561 85.561460900817,28.1158675587527 85.5614527706759,28.1158849789209 85.5614191364417,28.1159514056902 85.5614022805571,28.115987522129 85.5613970784714,28.1160092435278 85.5614012536455,28.1160644531672 85.5614563161581,28.1161100346384 85.5614592998369,28.1161318419304 85.5614588154614,28.1161681301563 85.561487722345,28.116210533704 85.5615006064524,28.1162266379463 85.561519574196,28.1162776475951 85.5615306855418,28.1163038953607 85.561549982669,28.116330229012 85.5615841110737,28.116349459608 85.5616476501786,28.1163733539565 85.5616785043027,28.1163925501778 85.5617323948595,28.1164032776713 85.5617437968406,28.1164077524842 85.5617714154208,28.1164240112771 85.561800806761,28.1164301265347 85.5618334143084,28.1164406307217 85.5618314672273,28.1164638380151 85.5618392656113,28.1164929544688 85.5618306149345,28.1165277052997 85.561829975713,28.1165756057628 85.5618278930345,28.1166089737598 85.5618453594251,28.1166498054907 85.5618862496936,28.1166531378907 85.5619061086816,28.1166373771491 85.5619175106949,28.1166418519485 85.5619186442549,28.1166796088812 85.56192441813,28.1167377387417 85.5619501478637,28.1167728502087 85.5619958334605,28.1167849432714 85.5620401530535,28.1167766977378 85.5620647104891,28.1167769553104 85.5620792512788,28.1167916251448 85.5621150170894,28.1168108727875 85.5621527686683,28.1168040100637 85.5621775004042,28.1167912038522 85.5622105728701,28.1167668712493 85.5622307029462,28.1167307890483 85.5622622156787,28.1167006331446 85.5622576333946,28.1166759056373 85.5622283194177,28.1166639843568 85.5621876034204,28.1166475882937 85.5621733143892,28.1166140485886 85.5622097579454,28.1165824926762 85.5622692766229,28.1165395648825 85.5623024845369,28.1165050715465 85.5623339003636,28.1164821732697 85.5623507366631,28.1164475082398 85.5623327860203,28.1164429648046 85.5622555685157,28.1164624793008 85.5622078972898,28.1164764966887 85.5621538517132,28.1164773816144 85.562122455218,28.1164988283192 85.5620732242705,28.116507022371 85.5620669661441,28.1164851807462 85.562049325386,28.1164574128046 85.5620084158164,28.116455531985 85.5619574508816,28.1164709664702 85.5619231867853,28.1164618966684 85.5619186239562,28.1164357176229 85.5619386572171,28.1164068931109 85.5619505434231,28.1163750796745 85.5619277781875,28.1163632270233 85.5619181876796,28.116345705635 85.5619314592448,28.1163327792537 85.5620198075432,28.1163380611393 85.5620607170687,28.116339941954 85.5621117206604,28.1163216043684 85.5621578708668,28.116298860665 85.5621790376917,28.1163077930498 85.5622015511983,28.1163385155431 85.5622407654798,28.1163447337231 85.5623093711209,28.1163570670409 85.5623784221239,28.1163360151447 85.5623949679461,28.1163231230511 85.5624538668297,28.1163266441157 85.5625127657184,28.1163301651552 85.5625655419137,28.1163016838555 85.5625837248645,28.1162888089032 85.5626083015544,28.1162876148446 85.5626771782324,28.1162796265619 85.562728433355,28.1162424188542 85.5627664557066,28.1162152345341 85.5628127605931,28.1161808783639 85.5628050781034,28.1161430527761 85.5627776917144,28.1161093758291 85.5627733416171,28.1160672299749 85.562757260458,28.1160452854007 85.5627147525866,28.1160404845747 85.5626884807266,28.1160460160805 85.5626343385656,28.1160541588529 85.562593564648,28.1160421175046 85.5625490711513,28.1160634269985 85.5625403239402,28.1161054355347 85.5625143231076,28.1160906455901 85.5624933692657,28.1160657464304 85.562470855727,28.116035023983 85.5624549876121,28.1159971125489 85.5624307595006,28.115972179048 85.5624245206888,28.1159488859066 85.5624134478783,28.1159197351461 85.5623791645489,28.1159121169923 85.5623350389658,28.1159058473542 85.5623038363112,28.1159127788135 85.5622578799433,28.1159210072787 85.5622515249868,28.1159064233083 85.5622664723339,28.1158906109997 85.5623112949854,28.1158446255927 85.5623215051388,28.1158156980067 85.5623087177679,28.1157923361896 85.5623075840658,28.1157545792507 85.5623047551277,28.1157211597327 85.5623018487376,28.1156935463332 85.5622545457767,28.1156799846883 85.5622203787222,28.1156636573201 85.5622305888803,28.1156347297404 85.5622373891944,28.1156159285299 85.5622100031144,28.1155822514785 85.5621955592849,28.1155603240127 85.5621892043559,28.1155457400398 85.562155231005,28.1155148973607 85.5621507649743,28.1154814606708 85.5621724351276,28.1154526532814 85.5621793516272,28.1154251428954 85.5621500379936,28.1154132216089 85.5621304697544,28.115407209454 85.5620961866098,28.1153995912357 85.5620784298123,28.1153805324774 85.5620867704458,28.1153690060925 85.5621017952008,28.1153473876804 85.5621152409059,28.1153213975075 85.5621107361617,28.1152908638754 85.562101242539,28.1152660848515 85.5621212948855,28.1152358087685 85.5621445634026,28.1152099216102 85.5621645576318,28.1151840001088 85.5621566817779,28.1151606897872 85.5621339167684,28.1151488371768 85.5620963206984,28.1151440876813 85.562100883531,28.1151702667252 85.5620956041694,28.1151977942782 85.562074340736,28.1151961195355 85.5620465868491,28.115190021518 85.5620055421916,28.1151983014221 85.5619756669879,28.1152284744583 85.5619622212625,28.115254464617 85.5619373349213,28.1152788830407 85.5618862155935,28.1153059297581 85.5618515257507,28.1153287935991 85.5618299717567,28.1153488917593 85.5617691651159,28.1153656746841 85.561757995686,28.115343781524 85.561768070341,28.1153250146868 85.5618030507446,28.1152803779261 85.5617918425761,28.1152613878274 85.5617788423127,28.1152539927895 85.5617365478857,28.1152332248492 85.5617054035087,28.1152358015905 85.5616628572741,28.1152339035099 85.561671604738,28.1151918950345 85.5616652692719,28.1151758595106 85.5616325652604,28.1151726129433 85.5615719330482,28.1151763320197 85.5615110683506,28.1151974694203 85.561456868429,28.1152099663288 85.5614141090891,28.1152240349928 85.5613928069158,28.1152252632029 85.561375185902,28.1151960436545 85.5613424625205,28.1151942485472 85.5613127809015,28.1152099061407 85.5612784397564,28.1152066423094 85.5612704478344,28.1151920411187 85.5612480704641,28.1151511577824 85.5612517710321,28.1151192585022 85.5612586683623,28.1150931996984 85.5612587846234,28.1150844905236 85.5612757760359,28.1150382133904 85.5612957510581,28.1150137435508 85.5612811137252,28.1150063312882 85.5612483710269,28.1150059876897 85.5612138361752,28.1150172391358 85.5611858692352,28.1150271077675 85.5611433230995,28.1150252095291 85.5611191536464,28.1149959212249 85.5610883969115,28.1149694672472 85.5610840862607,28.1149244183006 85.5610927370231,28.114889667513 85.5610702241246,28.1148589448542 85.5610264672817,28.1148250957609 85.5610154337157,28.114793041843 85.5610358932368,28.1147322838146 85.5610642476947,28.1146933846291 85.5611007102644,28.1146603774618 85.5611338404191,28.1146316905089 85.561142122955,28.1146245187693 85.5611573028065,28.1145912882282 85.5611459204186,28.1145853618443 85.5610917789089,28.1145935040318 85.5610510251095,28.1145800107198 85.561062911347,28.1145481973545 85.5610914013942,28.1144991374562 85.5611082377466,28.1144644725724 85.5611152707095,28.1144282530689 85.5611420073067,28.114387885151 85.5611836330251,28.1143360596185 85.5612053806928,28.1143014462614 85.5612418818356,28.1142655359897 85.5612683277029,28.1142469409827 85.561283333075,28.1142267741865 85.5613278647777,28.1142025620205 85.5613331055231,28.1141779375573 85.5613102051852,28.114176245525 85.5612495347784,28.1141828675383 85.5612136343463,28.1141737804056 85.5611810469191,28.1141618245661 85.5611353625249,28.1141497312718 85.5610843404512,28.1141695200607 85.5610567419219,28.1141518096201 85.5610684730756,28.1141316084842 85.5611195920233,28.1141045620543 85.561144575147,28.1140728861255 85.5611596580253,28.1140469132252 85.5611878184784,28.1140225292951 85.561206291838,28.1139878815733 85.5611883610322,28.1139818864743 85.5611522862757,28.1139858630916 85.5611276713527,28.1139899599668 85.5610686381632,28.1139965990846 85.561059125505,28.1139732715263 85.5610564132479,28.1139311428146 85.5610717480449,28.1138863000431 85.5610854650893,28.1138399885584 85.5610974287368,28.1138023690661 85.5610764175179,28.1137818242982 85.5610505918523,28.1137539703357 85.5610657328396,28.1137236428558 85.5610596688388,28.1136872858969 85.5610535273277,28.113656735055 85.5610604633518,28.1136277731954 85.561057499178,28.1136045143632 85.5610481415805,28.1135695745696 85.5610435790549,28.1135433954967 85.5610292326157,28.1135142102739 85.5610126870849,28.1135271022177 85.5610086764595,28.1135822259666 85.5610013334634,28.1136416699381 85.5609874613774,28.1136995936493 85.560882394177,28.1139656096612 85.5608570233771,28.1140263161228 85.5608564419345,28.1140698619955 85.5608457470397,28.1141350776979 85.5608386946288,28.1141727487155 85.560841251748,28.1142264896595 85.5608390719344,28.114267115288 85.5608335984884,28.114309158076 85.5608314574328,28.1143468806457 85.5608311667025,28.1143686535809 85.5608400582407,28.1144166395231 85.5608369039948,28.1144166064134 85.560827907556,28.114427379809 85.5608237175284,28.1144351848151 85.5608148984288,28.1144326771675 85.5608191610057,28.1144194390081 85.5608274685112,28.1144092621497 85.5608242092461,28.1143983601069 85.5608168969917,28.1143850004464 85.5608067242128,28.1143818748204 85.5607971113906,28.114387811597 85.5607914870677,28.1144010354613 85.560789291289,28.1144124840104 85.5607837072697,28.1144226894556 85.5607794608107,28.1144347202463 85.5607844375553,28.1144545221872 85.5607846337114,28.1144553026715 85.5607840619789,28.114456765463 85.5607796983171,28.1144679299985 85.5607809285861,28.1144745695419 85.5607753195958,28.1145045301958 85.560784483343,28.1145539852925 85.5608065890647,28.1146151901021 85.5608159660405,28.1146486783785 85.5608220687622,28.1146821322843 85.5608200052188,28.1147140487358 85.5607917282009,28.1147471417516 85.5607815177568,28.1147760692166 85.5607894126683,28.1147979280776 85.5607939751706,28.114824107154 85.5607902744819,28.1148560064185 85.5608015211969,28.1148720935342 85.5608159840328,28.1148925696063 85.5608303499617,28.1149203033215 85.5608496854456,28.1149437340033 85.5608788049783,28.1149701708478 85.5608700959938,28.1150092762053 85.5608696308248,28.1150441128988 85.5608691850371,28.1150774980632 85.5608982077008,28.115111192549 85.5609208756498,28.1151303030039 85.5609353191601,28.1151522305937 85.5609554911954,28.1151737837534</coordinates></LinearRing></outerBoundaryIs></Polygon></MultiGeometry>
  </Placemark>
  <Placemark>
	<Style><LineStyle><color>ff0000ff</color></LineStyle><PolyStyle><fill>0</fill></PolyStyle></Style>
      <MultiGeometry><Polygon><outerBoundaryIs><LinearRing><coordinates>85.5616661561521,28.113510599157 85.561707624594,28.1135158643282 85.5617172050665,28.1135123422185 85.5617309029627,28.1135064482263 85.5617391055887,28.1135041191984 85.5617663724895,28.1135019901531 85.5617744945614,28.1135056979637 85.5618140331785,28.1135024900992 85.5618425812628,28.1135064121634 85.561862991164,28.113507833785 85.5618873090652,28.1135225793034 85.5619238825836,28.1135374533641 85.5619593037893,28.1135366173458 85.56197417011,28.1135452260303 85.561987594157,28.1135598572723 85.5620024765913,28.1135672585857 85.562068927778,28.1135884836532 85.5620876054988,28.1136176604312 85.5620777350959,28.113642915196 85.562081401514,28.1136743496154 85.5621124154173,28.1136976180808 85.5621257428606,28.1137194935201 85.5621212871913,28.1137472201479 85.5621355898172,28.1137980867063 85.5621325119912,28.1138246202468 85.5620897182423,28.1138676427888 85.5620540392031,28.1138877967285 85.5620579311275,28.1139023279923 85.5620782605703,28.1139097864258 85.5621150275315,28.1139101720215 85.5621779252432,28.1138915110469 85.5622022593803,28.1139050491452 85.5622456739823,28.1139175797901 85.5622604598511,28.1139322252876 85.5622749880386,28.1139661886769 85.5622678089133,28.1139938867503 85.5622497841745,28.1140178484798 85.5621894488174,28.1140486117284 85.5621645992383,28.1140737094112 85.5621698207117,28.1140906696896 85.5622025347235,28.1140885976855 85.5622408889705,28.1140720943739 85.5622765519343,28.1140531477554 85.5622912250886,28.1140762448283 85.5622978888498,28.1140871825404 85.5623031747654,28.1140993133411 85.562297276853,28.1141330625365 85.5622886393458,28.1141679905405 85.5622730642727,28.1142125060916 85.5622573925516,28.1142642658498 85.5622734757892,28.1142837550999 85.5622772550165,28.1143067379362 85.5622674812207,28.1143247485019 85.5622590530607,28.1143439807149 85.5622437195362,28.1143703857365 85.5622228584908,28.114402770476 85.5622101518022,28.1144364482629 85.5621848672534,28.1144941448862 85.5621765195983,28.1145073402517 85.5621529027959,28.1145421111529 85.5621442490961,28.1145782465111 85.5621316873263,28.1146010579749 85.5621083926409,28.1146116815041 85.562074510017,28.1145992507805 85.5620540999054,28.1145978291829 85.5620293629229,28.1146144752568 85.5620183239598,28.1146252273106 85.5619910245583,28.1146297711315 85.5619719439726,28.1146307785404 85.5619635318435,28.1146488033635 85.5619604861598,28.1146729221583 85.5619625008472,28.114726074918 85.5619746277193,28.114735862409 85.5619798169713,28.1147552374292 85.5619521953455,28.1147839286014 85.5619450966216,28.1148055898096 85.5619558456405,28.1148165703872 85.5619585047041,28.1148214284256 85.561985449754,28.1148434467096 85.5620111619348,28.1148557917619 85.5620287036135,28.1148680511151 85.5620585816019,28.1148744021658 85.562077597798,28.1148782242187 85.5620841488261,28.1148976135174 85.5620593956686,28.1149154669617 85.562032063977,28.1149224255241 85.5620045873009,28.114940250393 85.562000083208,28.1149715991131 85.5620093577327,28.1149910169804 85.5620295907211,28.1150057196354 85.5620578975839,28.1150277521894 85.5620725708132,28.1150508492857 85.5620843916748,28.115083576761 85.5620965347053,28.1150921568746 85.5621157281277,28.1150826978751 85.5621458477941,28.115070938388 85.5621661935676,28.1150771894475 85.5621823896526,28.1150882271333 85.5621903668935,28.1151028012362 85.5621926394054,28.1151366361045 85.5621990777191,28.1151644769749 85.5621973455024,28.1151922321598 85.5621928736655,28.1152211661506 85.5622006415254,28.1152514360379 85.5622196094729,28.1152588801778 85.5622483029969,28.1152519358616 85.5622811623169,28.115238997539 85.5622801871078,28.1152100064242 85.5622858596159,28.1151931603908 85.5622942556329,28.115176342917 85.5622877206579,28.115155746259 85.5622729990497,28.1151362712882 85.5622652150698,28.1151072087721 85.562287180308,28.1150941562042 85.5623105072952,28.1150811179122 85.5623134401772,28.1150654506856 85.5622985897294,28.1150556346628 85.5622687116746,28.1150492836622 85.5622579948131,28.1150358883712 85.5622280845534,28.1150319520982 85.5622160059453,28.1150185425236 85.5622337248458,28.1150175208028 85.5622369476529,28.1149801209517 85.5622289220943,28.1149691689557 85.5622209770703,28.1149521801187 85.5622226609545,28.1149280470366 85.5622312180232,28.1148991558843 85.562213644102,28.1148893112923 85.5621970292649,28.1149096651821 85.5621708016201,28.114935955943 85.5621504236577,28.1149321196213 85.5621506813757,28.1149128017317 85.5621620425015,28.1148779023062 85.5621718485832,28.1148574770157 85.5621896640987,28.1148492110908 85.562199212464,28.1148481036882 85.5622346018895,28.114849682351 85.5622619174452,28.1148439311152 85.562303124305,28.1148177974123 85.5623104484356,28.1147792330281 85.562309441006,28.1147526566479 85.5623315027962,28.1147323598599 85.5623450236642,28.1147397468623 85.5623610908801,28.1147604434723 85.5623677868973,28.1147689664453 85.5623673037517,28.1148051874923 85.5623628964009,28.1148292920197 85.5623528648867,28.1148666204804 85.5623225037175,28.1148964905391 85.562300151988,28.114938519951 85.5622821431942,28.1149612743078 85.562271039794,28.1149768558537 85.5622707498847,28.1149985884803 85.5623007084544,28.1149989026392 85.5623254293829,28.1149834638871 85.5623419153664,28.114972768927 85.562362518815,28.114959702066 85.5623829773155,28.1149575015156 85.5623800605521,28.1149719613762 85.5623620517688,28.1149947157438 85.5623577410378,28.1150115760609 85.5623546793227,28.1150369022343 85.5623448732571,28.115057327538 85.5623322309411,28.115086175859 85.5623290081621,28.1151235757128 85.562320306148,28.115163333184 85.5623104678519,28.1151861732205 85.5623128048251,28.1152151786153 85.5623359868869,28.1152130066333 85.5623482426901,28.1152131351487 85.5623755583338,28.1152073838938 85.5623976041044,28.1151882944676 85.5624016249523,28.1151931667771 85.5624096183353,28.1152065335002 85.5624343392981,28.1151910947301 85.5624506642622,28.1151924734401 85.5624505515328,28.1152009250176 85.5624584805059,28.1152191212109 85.5624745639155,28.1152386104414 85.5624893499894,28.1152532559193 85.5625081086121,28.1152763958069 85.5625132496718,28.1152993929145 85.5625251512101,28.1153260835154 85.5625427413342,28.1153347207023 85.5625562139818,28.1153457297913 85.5625668181895,28.1153675766387 85.5625803069466,28.1153773783572 85.562588284262,28.1153919524392 85.562583893033,28.1154148496043 85.5625751427747,28.1154582291973 85.5625748046118,28.1154835839301 85.5626032888421,28.1154923353281 85.5626045700883,28.1154983864464 85.5626056419998,28.1155201333516 85.5625999051105,28.1155418088715 85.5625967951228,28.1155707571547 85.5625908005821,28.1156117505653 85.5625821791311,28.1156454712115 85.5625760235482,28.1156985383026 85.5625768861132,28.1157359809936 85.5625777486782,28.1157734236845 85.5625733896341,28.1157939061111 85.5625501913462,28.1157972854968 85.56252600168,28.1157728811332 85.5625195310445,28.1157474550124 85.5625102885753,28.1157256224396 85.5624860184131,28.1157072549104 85.5624681705649,28.1157179356046 85.5624637309808,28.1157444548678 85.5624375353953,28.1157683309354 85.5624214358132,28.1157500490674 85.5624077215555,28.1157571504858 85.5624007677951,28.1157679454029 85.5623991322443,28.115788456381 85.5624028310105,28.1158174760524 85.5624258360475,28.115828585109 85.5624583090184,28.115844623585 85.5624784939129,28.1158629482845 85.5624878330115,28.1158775366506 85.5625312484349,28.1158900672322 85.5625601514565,28.1158674270708 85.5625796509433,28.115835028016 85.5625892154968,28.1158327132212 85.5626122527633,28.115841407511 85.5626092876923,28.1158594894795 85.5626104240165,28.115876406911 85.5626155329151,28.1159018187511 85.5626276277711,28.1159140209262 85.5626627599205,28.1159349173823 85.5626925899397,28.1159448904108 85.5627239105433,28.1159452187632 85.5627333623934,28.1159513555363 85.5627318074091,28.115965829679 85.5627326539245,28.116004479738 85.5627516703465,28.116008301705 85.5627614281276,28.11599149848 85.5627672616199,28.1159625787449 85.5627704198816,28.1159300083535 85.562771990961,28.1159143268418 85.5627843917548,28.1159035890068 85.562795285874,28.1159037032097 85.5628224406698,28.1159100255546 85.5628496437696,28.1159127257893 85.5628549942289,28.1159200270981 85.562862987719,28.1159333937975 85.562886008931,28.115943295411 85.5629459266122,28.1159439234727 85.5629664979852,28.1159332712635 85.5629665784798,28.1159272344218 85.5629395202652,28.115913667895 85.5629314945682,28.1159027159364 85.5629180218134,28.1158917068811 85.5629127518485,28.115878368733 85.5629116476757,28.1158590365656 85.5629158617644,28.1158494204412 85.5629417835836,28.1158460695413 85.5629744659263,28.1158464121093 85.5629922976507,28.1158369387167 85.5630019587876,28.1158273796825 85.5630470096879,28.1158193991125 85.56308507469,28.1158246282185 85.5631122616802,28.1158285357691 85.5631450406011,28.1158216340854 85.5631792939573,28.1158062950858 85.5632136921685,28.1157800897607 85.5632192518948,28.1157716952654 85.5631948367296,28.1157641941735 85.5631496248936,28.1157842484781 85.5631303992333,28.1157961223571 85.563100585307,28.1157849420554 85.5631144765945,28.1157645595131 85.5631336539599,28.1157563077415 85.5631690598047,28.1157566788059 85.5631854975421,28.1157496058522 85.5632469539389,28.115736966996 85.5632825207315,28.1157252643453 85.5632500154728,28.1157116407982 85.5631901462014,28.1157073907685 85.5631725559621,28.115698753661 85.563167334263,28.115681793416 85.5631908705322,28.1156530591853 85.5632142941171,28.1156327765298 85.5632419317426,28.1156028777337 85.5632640901179,28.1155753365866 85.5632763781576,28.1155730502834 85.5633403809265,28.1155737209763 85.563384182597,28.1155572744402 85.5634240438143,28.115529918765 85.5634119971868,28.1155140945518 85.5633969534477,28.1155187670666 85.5633641746332,28.1155256688147 85.5633163198805,28.1155396577978 85.5632959578512,28.1155346142724 85.5632784159158,28.1155223550732 85.5632648305026,28.115519797632 85.5632293603514,28.1155242560695 85.5632090144256,28.1155180051629 85.56318578402,28.1155237993963 85.5631530534825,28.1155270789878 85.5631013065894,28.115526536658 85.5630507765787,28.1155368748974 85.563013928557,28.1155425263745 85.5629634951241,28.1155456203705 85.5629035132663,28.1155498217982 85.5628764068538,28.1155398773671 85.5628383580646,28.1155334408387 85.5628278020867,28.1155079719052 85.5628269394326,28.1154705292113 85.5628183087303,28.1154028166593 85.5628232312139,28.1153400763283 85.5628186535912,28.1152748213364 85.5628231896641,28.1152410578456 85.56281806464,28.1152168533786 85.5627978476007,28.1152009434666 85.5627833190975,28.1151669801264 85.562738542173,28.1151544353575 85.5627168506937,28.1151469627373 85.562696295553,28.1151564075465 85.5627001553999,28.1151733535311 85.5627054253077,28.1151866916864 85.562701001911,28.1152120035939 85.5627021382476,28.1152289210266 85.5627250948914,28.1152436521354 85.5627562381829,28.1152572615249 85.5627641994137,28.1152730429658 85.5627776398764,28.1152864667704 85.5627730715854,28.1153226449955 85.5627631045611,28.1153551440138 85.5627504462156,28.1153851997433 85.5627176283473,28.1154971566555 85.5627054944485,28.1155900098056 85.5626996126594,28.1156225516445 85.562680612409,28.1156175223044 85.5626713699166,28.1155956897413 85.5626708293569,28.1155340996837 85.5626699667576,28.115496656991 85.5626784271489,28.1154750100199 85.5626990628612,28.1154595283747 85.562695428429,28.1154256792342 85.5626712710119,28.1153988601602 85.5626729226035,28.1153771418073 85.5626937837192,28.1153447570057 85.5626928406025,28.1153133511535 85.5626768537521,28.115286617737 85.5626567494356,28.1152622562265 85.5626272899579,28.1152245137256 85.5626194736716,28.1151978659629 85.5626130191444,28.1151712324765 85.562598555114,28.1151324396457 85.5625646722669,28.1151200090361 85.5625541808025,28.1150897106108 85.5625694982604,28.1150645129264 85.5625927769016,28.1150550966898 85.56259729693,28.115022540576 85.5625921880677,28.1149971287338 85.5625926228342,28.1149645297891 85.5626063691819,28.1149550136107 85.5626212840543,28.1149600001274 85.5626319043431,28.1149806396016 85.562630204447,28.1150059800602 85.5626367072765,28.1150289914411 85.5626255556123,28.1150481951221 85.562623871815,28.115072328212 85.5626290611982,28.1150917032116 85.5626450641118,28.1151172292645 85.5626600273137,28.1151185936728 85.5626805341453,28.1151127709739 85.5627078980525,28.1151033975459 85.562731402105,28.1150770781284 85.5627635884913,28.1150635288638 85.5627774153398,28.1150479758262 85.5627763675444,28.1150244178671 85.5627882081065,28.1150046176259 85.5627816408442,28.1149864357247 85.5627481329818,28.1149969522983 85.5627359979576,28.1149877685566 85.5627144031181,28.1149730517266 85.562715478471,28.1149434783389 85.5627199501533,28.1149145443243 85.5627135600189,28.1148830813677 85.5627205861417,28.1148668532723 85.5627295985367,28.114854872379 85.5627502019178,28.1148418054569 85.5627749951999,28.1148209334617 85.562762956795,28.1148045055121 85.5627487711137,28.1147959040436 85.5627277686305,28.1147878348807 85.5627115564293,28.1147780046268 85.5626946714064,28.114767563549 85.5627011213057,28.1147434804215 85.5627164145256,28.1147200937691 85.5627303540395,28.114696089155 85.5627188274704,28.1146923457083 85.5626921606461,28.1147005189124 85.5626736321137,28.1147111925039 85.5626489354489,28.1147248202709 85.5626442578836,28.1147181297779 85.562660824303,28.1147013979344 85.5626738414314,28.1146954967145 85.5627012374336,28.1146837085466 85.5627122602365,28.1146741638041 85.562720599791,28.1146615720886 85.5627261675433,28.114652573927 85.5627501350061,28.1146425611127 85.5627481728851,28.1146365028576 85.5627529873075,28.1146329307153 85.5627606459796,28.1146203318594 85.5627471331461,28.1146123412131 85.5627268276731,28.1146030718203 85.5626962205357,28.1146003358839 85.5626763624753,28.114608580464 85.5626556786242,28.1146276842188 85.562653499138,28.1146379254362 85.5626540189969,28.1146500062584 85.5626403854054,28.1146510708648 85.5626323517767,28.1146407225756 85.5626373111185,28.1146262841218 85.5626449939558,28.1146118742202 85.5626507468794,28.114588991325 85.5626496427561,28.1145696591541 85.5626607138554,28.11455649231 85.5626867963785,28.1145410677621 85.5627045796023,28.1145352165035 85.562720807868,28.1145438393887 85.5627301307936,28.1145596351064 85.5627643354937,28.1145479183006 85.5627781300723,28.1145347799963 85.5628138253046,28.1145134185044 85.5628356776601,28.1145088174202 85.5628576588072,28.1144945573841 85.5628496332177,28.1144836054227 85.5628621143282,28.1144668307294 85.5628623236164,28.1144511349382 85.5628460953521,28.1144425120697 85.5628312127375,28.1144351108422 85.5628108348409,28.1144312746211 85.562799828172,28.1144396120045 85.5627656396105,28.1144501214523 85.5627493952543,28.1144427059412 85.5627343516417,28.1144473783883 85.5627124670937,28.1144543941937 85.5626839348207,28.1144492649322 85.5626976810928,28.1144397487412 85.5627263743701,28.1144328043148 85.5627552608471,28.1144113714603 85.5627756709376,28.1144127929525 85.5627851709602,28.1144153076129 85.562808465541,28.1144046839643 85.5628086426371,28.1143914029104 85.5628144116119,28.1143673126373 85.562814733603,28.1143431652663 85.5628001407986,28.1143140314021 85.5627895205367,28.1142933919402 85.5627897459337,28.1142764887805 85.5628089713503,28.1142646149381 85.5628282450607,28.1142491189871 85.5628558663177,28.1142204276224 85.5628766788433,28.1141916648832 85.5628879752553,28.1141615948569 85.5628843085909,28.1141301604519 85.5628683862489,28.1140985975836 85.562860569971,28.1140719498312 85.5628473067307,28.1140452449828 85.5628488938576,28.114028356096 85.5628408200044,28.1140210262406 85.5628177348021,28.1140159541065 85.5627934005581,28.114002416114 85.5627661657406,28.1140021306223 85.5627225256319,28.1140065032988 85.5626994726405,28.1139990164079 85.5627065067517,28.1139821846249 85.5627298978454,28.1139643167744 85.5627710076533,28.1139454271226 85.5628173229184,28.1139447050839 85.5628542669905,28.1139318094268 85.5628680775749,28.1139174637404 85.562865515082,28.1139053615065 85.5628577149153,28.1138775063851 85.562840253788,28.1138592102955 85.5628255000452,28.1138421501206 85.5627998523977,28.1138249757503 85.5627806914593,28.1138320201205 85.5627588231406,28.11383782857 85.5627466801913,28.1138292485168 85.5627768799366,28.1138114520304 85.5628043883942,28.1137912122512 85.562853282181,28.1138013850644 85.5628901618061,28.1137933188701 85.56289982276,28.1137837598339 85.5628824260333,28.113760634275 85.5628581401327,28.1137434741892 85.5628378106613,28.1137360158704 85.5628159906624,28.1137382022239 85.5627754122286,28.113717248728 85.5627745334782,28.1136810133942 85.5627912285059,28.1136546225766 85.5628104216099,28.1136451634661 85.5628339253034,28.113618844013 85.5628343599717,28.1135862450583 85.5628454631399,28.1135706634555 85.5628496610367,28.1135622546957 85.5628542774954,28.1135224543491 85.5628504659668,28.11350188626 85.5628425209405,28.1134848974559 85.5628344793242,28.1134751528636 85.5628045855671,28.1134700093621 85.5627966727486,28.1134506058182 85.5627942068674,28.1134312593706 85.562791740987,28.113411912923 85.5627948347339,28.1133841719911 85.5628033915088,28.1133552807865 85.5628337842926,28.1133229958563 85.5628528485453,28.1133231956872 85.5628759175044,28.1133294751793 85.5628990991518,28.1133273030861 85.5629181473081,28.1133287102767 85.5629356405625,28.1133445916175 85.562950490843,28.1133544075671 85.562966686762,28.1133654451564 85.5629799660536,28.113390942625 85.5629865010713,28.1134115392561 85.5630011260099,28.1134382583639 85.5630146628653,28.1134444379286 85.5630378445359,28.1134422658128 85.563057101966,28.11342797719 85.5630588178159,28.113401429347 85.5630401398607,28.1133722526921 85.5630485999919,28.1133506056827 85.5630503802267,28.1133192283641 85.5630575590996,28.113291530238 85.563057752253,28.1132770418116 85.5630556082494,28.1132335479893 85.5630451007078,28.113204456964 85.5630454870162,28.113175480111 85.5630322238292,28.1131487752795 85.5630408770966,28.1131126398428 85.5630659998769,28.1130670167105 85.5630664505608,28.113033210381 85.5630748462741,28.1130163928435 85.5630806794844,28.1129874730739 85.5630700753823,28.1129656262638 85.5630541209491,28.112936478154 85.5630545072508,28.1129075012997 85.563063063913,28.112878610073 85.5630769709026,28.1128570201437 85.5630881544339,28.1128354016708 85.5630774215792,28.112823213813 85.5630531036585,28.112808468504 85.5630342648398,28.1127913655392 85.5630250707785,28.1127659108907 85.5630347799126,28.1127527297329 85.5630544074183,28.1127106716185 85.5630901663593,28.1126844805488 85.5631164414993,28.1126545674681 85.5631398644193,28.1126342847931 85.5631605316944,28.1126163883116 85.5631992071537,28.1125757373225 85.5632035498269,28.1125564622266 85.5632133554828,28.1125360368398 85.5632123639191,28.1125082530813 85.5631936538767,28.112481491186 85.5631611978726,28.1124642455408 85.5631465086362,28.112442355926 85.5631445094484,28.1123879957776 85.5631708488746,28.1123532532056 85.5632149228291,28.1123162813939 85.5632260579914,28.1122982850124 85.5632153734522,28.1122824750584 85.5632038100102,28.1122304297604 85.5631959454807,28.1122074041294 85.5631894587664,28.1121831853986 85.5631911423619,28.1121590522856 85.5631873308045,28.1121384842013 85.5631794984723,28.1121130438312 85.5631689266157,28.1120887822902 85.5631348193147,28.1120932550167 85.5631308951086,28.112081138515 85.5631394355801,28.1120534546461 85.5631405107498,28.1120238812375 85.5631439955115,28.112017880067 85.5631497159773,28.1119974118716 85.5631512949647,28.1119811266582 85.5631453040457,28.1119707998055 85.5631360697829,28.111948363586 85.5631471646817,28.1119333856319 85.5631662206443,28.1119341890948 85.5631722437513,28.1119421012082 85.5631794354481,28.1119645160211 85.5631717126514,28.1119819443905 85.5631612503263,28.1120005515888 85.5631554574387,28.1120264529458 85.5631504902543,28.1120414951152 85.5631550470371,28.1120572408588 85.5631768666897,28.112055054438 85.5631934889287,28.1120340967136 85.5632126092839,28.112030070694 85.5632399723543,28.1120206971252 85.5632463253808,28.1120038581673 85.5632439238121,28.1119796822454 85.5632352577329,28.1119657047506 85.5632231069009,28.1119577284284 85.5632096506829,28.1119455120436 85.5632016574214,28.1119321453662 85.5632005290636,28.1119146242436 85.5632281415508,28.1118865364534 85.5632412870482,28.1118709762099 85.5632755310632,28.1118562408155 85.5632961901152,28.1118389479898 85.56330781296,28.1118354471634 85.5633214140062,28.1118367972153 85.5633472946154,28.111836464624 85.5633677685984,28.1118330565337 85.5634041275664,28.1118129093457 85.5634179941141,28.1117943377942 85.5634210554525,28.1117690115728 85.5634215542735,28.1117315831236 85.5634021554019,28.1117054178079 85.5633891467247,28.1117107154296 85.5633800703146,28.1117275258612 85.5633791078577,28.1117486476903 85.5633760786935,28.1117715591719 85.5633548112235,28.111783411715 85.5633262313387,28.1117819047181 85.5633105233607,28.1117853627416 85.5632847151804,28.1117802621648 85.5632631208842,28.1117655454356 85.5632586606527,28.1117425554793 85.5632765318893,28.111730063595 85.5633167587303,28.1117262587202 85.5633373051066,28.1117174174719 85.563349689252,28.1117078869288 85.5633695386747,28.1117002459108 85.5633853431868,28.111689543664 85.563412145983,28.1116711076529 85.5634287842057,28.1116489425256 85.563441071791,28.1116466561897 85.5634641484799,28.1116523318876 85.5634758115254,28.1116458126224 85.5634983843512,28.111638200118 85.5635248009616,28.1116487409492 85.5635388414995,28.1116682086529 85.5635660274687,28.1116721160777 85.5635948164872,28.111657927221 85.5635984379674,28.111641663397 85.5635911738002,28.1116246817652 85.5635893967022,28.1116047387712 85.563578792618,28.1115828919974 85.563565440983,28.1115628277458 85.5635520571741,28.1115451782318 85.5635256888548,28.1115310152983 85.5635211400808,28.11151466588 85.5635397966862,28.1114943331902 85.5635534861849,28.1114890426857 85.5635738635616,28.1114928787785 85.5635799268988,28.1114977724511 85.5635935359517,28.1114985187899 85.5636139615979,28.1114987327685 85.5636289564937,28.1114976823147 85.5636452004808,28.1115050977105 85.563648468005,28.1115153960132 85.5636497331853,28.1115226544949 85.563653657433,28.1115347709842 85.5636631250521,28.1115397003151 85.5636754287089,28.1115362065881 85.5636892951732,28.1115176350054 85.5636930292482,28.1114929195912 85.563696650707,28.1114766557635 85.5636921743037,28.1114548731869 85.5636754907851,28.1114293401217 85.5636567003588,28.1114086151358 85.5636480423113,28.111394033981 85.563647702204,28.1113173517518 85.5636457803042,28.1113082750833 85.5636392935325,28.1112840563689 85.563577282477,28.1112363127641 85.563534254911,28.1111948057026 85.5634954573018,28.1111424751018 85.5634731610835,28.1110782419935 85.5634649324458,28.1109803452009 85.5634975709651,28.1108816690238 85.5634663382094,28.1107726633793 85.5634121759086,28.1107491526974 85.5633567484786,28.1107183835108 85.5633226798704,28.1106178008898 85.5632930926129,28.1105897175013 85.5632449565522,28.1105227985286 85.563247637801,28.110423808501 85.5631782135933,28.1103192327603 85.5631630319473,28.1102321309318 85.5631471744166,28.1101957386189 85.5631314778279,28.1101472726098 85.5631320249949,28.1101062220481 85.5631602244005,28.1100340652616 85.5632016866376,28.1099886132826 85.5632157541209,28.1099549496203 85.5632105326509,28.1099379893732 85.5632110475988,28.1098993535479 85.5632035211501,28.1098509731555 85.5632038429931,28.1098268257645 85.5631961234448,28.1097929338062 85.5631360804324,28.1098019649356 85.5630679638444,28.109803666203 85.5630768742749,28.1097482128246 85.5630829647613,28.1096999751229 85.5630976759675,28.1096180166902 85.5630768867873,28.1095429314674 85.5630503612135,28.1094895218143 85.5630597866107,28.1093954326084 85.5630873743172,28.1093691558684 85.5631285788327,28.1093430218125 85.5631398585111,28.1093141590931 85.5631898123915,28.109244645323 85.5631846875065,28.1092204408567 85.563158226319,28.1091622017445 85.5631020978863,28.1090819160572 85.5630704475513,28.1090043019393 85.5630545258406,28.1089727390957 85.5630411665596,28.1089532784859 85.5630122396551,28.1088756928954 85.5629557252117,28.108824384025 85.5629019019822,28.1087755184141 85.5629050116065,28.1087465700859 85.5628843514609,28.1086618258792 85.5628492376662,28.1086397221747 85.5628007646905,28.1085981578307 85.5628013763311,28.1085522777874 85.562804775696,28.1085015968091 85.5627752696139,28.108467476479 85.5627397695905,28.1084743496182 85.5626548952615,28.1085072710487 85.5626470471826,28.108483038019 85.5626527836201,28.1084613624612 85.5626314476204,28.1084273277414 85.562584184939,28.1084992846036 85.5625392913651,28.1085978321227 85.5625027931368,28.1086795621007 85.5624685996086,28.1087927122196 85.5624730803296,28.108865211481 85.5624343094025,28.1089131065414 85.5623789729057,28.1089777334453 85.5622818198863,28.1091143741653 85.5622507679921,28.1091961611657 85.562227853928,28.109280448562 85.5621855542131,28.1093886834389 85.5621341824882,28.1095644452909 85.5620807313957,28.109691883795 85.5620130834976,28.1098626447506 85.5618980748493,28.1101126064402 85.5618470244128,28.1102642207614 85.5618078016563,28.1103459219306 85.5617568476212,28.1104902919924 85.5617224593436,28.1106179302697 85.5616355853378,28.1108005646883 85.5615873542346,28.1109449632304 85.5615833419463,28.1110415241394 85.5616017613486,28.1110900188686 85.5615927855759,28.1111503015823 85.5615578490655,28.1113189903179 85.5615146777349,28.1114924227944 85.5614906668765,28.1116588110474 85.5614372783326,28.1117814197233 85.5613974101145,28.1119114154552 85.5613287604808,28.1121570327541 85.5612726480458,28.112279612765 85.561219097756,28.1124142950052 85.5611850949245,28.1125129562345 85.5611172180028,28.1127006197134 85.561082280137,28.1128693082448 85.5610582359712,28.1130381110894 85.5610460526701,28.1131345861858 85.5610282289972,28.1132454925263 85.5610329183359,28.113302295979 85.5610499277381,28.1133543985838 85.5610643748762,28.1133943989261 85.5610775408836,28.113428348137 85.5611017458265,28.1134515453649 85.5611426784028,28.1134459372493 85.5611743044878,28.1134233259401 85.5612030298085,28.1134139670896 85.5612372504037,28.1134010432878 85.5612593120991,28.1133807466658 85.5612908575614,28.1133641721674 85.5612962883732,28.1133654366915 85.561298512245,28.1134028936749 85.561298351086,28.113414967354 85.561296650919,28.113440307791 85.5612975291738,28.1134765431171 85.5613079556811,28.1135116710982 85.5613144742659,28.1135334751651 85.5613319995373,28.1135469419668 85.5613442067992,28.1135506926687 85.5613837615549,28.1135462775614 85.5613961621975,28.1135355398435 85.5614329773634,28.1135323035135 85.5614521383269,28.1135252593326 85.5614984695129,28.1135233303653 85.561520225031,28.1135259736929 85.5615338423721,28.1135261165608 85.5615748716377,28.1135132641083 85.5615981822416,28.1135014332932 85.5616252719079,28.1135125853248 85.5616661561521,28.113510599157</coordinates></LinearRing></outerBoundaryIs></Polygon></MultiGeometry>
  </Placemark>
  <Placemark>
	<Style><LineStyle><color>ff0000ff</color></LineStyle><PolyStyle><fill>0</fill></PolyStyle></Style>
      <MultiGeometry><Polygon><outerBoundaryIs><LinearRing><coordinates>85.5619905079846,28.1144643331395 85.561993827503,28.1144196890851 85.561990112769,28.1143918767709 85.5619630550629,28.1143783100672 85.5619467463399,28.1143757239356 85.5619196564245,28.1143645719598 85.5619090846589,28.1143403103316 85.5619137015104,28.1143005100352 85.5619111552281,28.1142872004196 85.5618947981909,28.1142882363867 85.5618633169784,28.1142999815431 85.56183741162,28.1143021248842 85.5618150598391,28.1143441542181 85.5618080577862,28.1143585712125 85.5617847953471,28.1143667799518 85.5617686477438,28.1143521201194 85.5617579632343,28.1143363100568 85.561710302178,28.1143358100776 85.561675936321,28.1143596002984 85.5616797315343,28.1143813757785 85.5617024461745,28.1144142175678 85.5617279004319,28.1144458805562 85.5617413406624,28.1144593044554 85.5617642808969,28.1144752430839 85.5617718069213,28.1145236235118 85.5617715330282,28.1145441487672 85.5617820564463,28.1145720325087 85.5617623797448,28.1146177125029 85.561752476941,28.1146453819703 85.5617534358983,28.1146755804537 85.5617167814663,28.1146667431761 85.5617005693807,28.1146569128065 85.5616653089337,28.1146456750653 85.5616519492546,28.1146262143191 85.5616275344675,28.1146187129604 85.5615906705919,28.1146255714323 85.561551067102,28.1146336086877 85.5614802078572,28.1146364878449 85.5614431989319,28.1146542125865 85.5613994618304,28.114665829036 85.5613595843406,28.1146943914863 85.5613223980951,28.1147253972383 85.5612649306403,28.1147453223223 85.561234762627,28.114760703719 85.5612123943944,28.1148039403073 85.5612336666331,28.114842804718 85.5612669206532,28.114902322986 85.5613021005522,28.1149195976691 85.5613945385035,28.1149326430131 85.5614351654424,28.114949974818 85.5615195618421,28.1149532754067 85.5615796078473,28.1149442451029 85.5616367047557,28.1149520893492 85.561666308822,28.1149789657384 85.5616987008588,28.1150010412219 85.5617500607815,28.1150305609006 85.56176470172,28.1150560727632 85.5617833795922,28.115085249583 85.5617718894262,28.1151298079137 85.5617755396732,28.1151624497012 85.5617889638835,28.1151770809657 85.5618052727222,28.1151796671201 85.561803475958,28.1152122517676 85.5618371009595,28.1152440004491 85.5618891054564,28.1152252253646 85.5619059620558,28.1151867609982 85.5619281206719,28.1151592200749 85.5619790049998,28.115122320151 85.5620199381815,28.1151167117965 85.5620393893544,28.11508793492 85.5620207758465,28.1150539286605 85.5619500129842,28.1150495638429 85.5619032783856,28.115081677137 85.5618680016674,28.1150716468107 85.5618670910116,28.1150378262247 85.5618905791373,28.1150127143261 85.5619319150272,28.1149769217974 85.5619581588483,28.1149494237168 85.561987142269,28.1149207468284 85.5620063517781,28.1149100804752 85.5620107431033,28.1148871833307 85.5619673281468,28.1148746525996 85.5619138170925,28.1149042797496 85.5618960982095,28.1149053014297 85.5618938902333,28.1148666370872 85.5618916661479,28.1148291801124 85.5618960091628,28.1148099050761 85.5619018589169,28.1147797780112 85.5619075475675,28.1147617246258 85.5619162496933,28.114721967183 85.5619195853651,28.1146761157654 85.5619293914719,28.1146556904927 85.5619189002275,28.1146253920251 85.5619206324998,28.1145976368438 85.5619045170639,28.1145805622899 85.5618828579827,28.1145706748073 85.561876532551,28.1145343823479 85.5618727372938,28.1145126068721 85.5618770802966,28.1144933318351 85.5618813105271,28.1144825083741 85.5618936951244,28.1144729779828 85.5619250475086,28.1144708917659 85.5619494622859,28.1144783930712 85.5619739737212,28.1144786501639 85.5619905079846,28.1144643331395</coordinates></LinearRing></outerBoundaryIs></Polygon></MultiGeometry>
  </Placemark>
  <Placemark>
	<Style><LineStyle><color>ff0000ff</color></LineStyle><PolyStyle><fill>0</fill></PolyStyle></Style>
      <MultiGeometry><Polygon><outerBoundaryIs><LinearRing><coordinates>85.5614282436276,28.113733912528 85.5614483151601,28.1137606889391 85.5614482345878,28.1137667257787 85.5614562760954,28.1137764704481 85.5614793128297,28.1137851649112 85.5615023656817,28.1137926520027 85.561519907132,28.1138049114143 85.561530656011,28.1138158920216 85.5615537249868,28.1138221717367 85.5615742155072,28.1138175565634 85.5615822892562,28.1138248864898 85.561594238753,28.1138479550587 85.5616226741301,28.1138603287476 85.5616310056852,28.1138483407833 85.5616285400086,28.1138289943233 85.5616194751073,28.1137938806491 85.5616223919327,28.1137794208049 85.5616241242574,28.1137516656264 85.5616216102459,28.1137359412702 85.5616028359592,28.1137140086412 85.5615839166639,28.1137029423219 85.5615624028052,28.1136821884831 85.5615546996715,28.1136470890917 85.5615495749936,28.1136228845852 85.5615511945402,28.1136035809836 85.5615432819421,28.1135841773757 85.5615093030256,28.1135789907329 85.5614889575736,28.1135727395864 85.5614712711369,28.1135713464837 85.5614534880152,28.1135771975866 85.5614464053975,28.1135976514039 85.5614447536035,28.1136193697394 85.5614349797392,28.1136373802446 85.5614267609826,28.1136409166216 85.5614214913019,28.1136275784228 85.5613997357666,28.1136249350789 85.5613861184138,28.1136247921972 85.5613492709844,28.1136304432491 85.5613395776813,28.1136424169074 85.5613432438831,28.1136738513387 85.5613607369495,28.1136897328732 85.5613674650534,28.1136958411551 85.5613755065485,28.1137055858289 85.5613821701935,28.1137165235818 85.5613916056582,28.1137238678071 85.5614282436276,28.113733912528</coordinates></LinearRing></outerBoundaryIs></Polygon></MultiGeometry>
  </Placemark>
  <Placemark>
	<Style><LineStyle><color>ff0000ff</color></LineStyle><PolyStyle><fill>0</fill></PolyStyle></Style>
      <MultiGeometry><Polygon><outerBoundaryIs><LinearRing><coordinates>85.5649014772391,28.1151420741332 85.5649511435211,28.115094292488 85.564984131104,28.1150716945469 85.5650142665591,28.1150587270482 85.5650364726017,28.1150275634828 85.5650489052232,28.1150144106903 85.5650955906811,28.1149859183966 85.5651053158558,28.1149715297247 85.5651177645365,28.1149571695556 85.5651166117464,28.1149414594981 85.5651017931943,28.1149292290308 85.5650676046728,28.1149397390545 85.5650538746079,28.1149480481183 85.565036059278,28.1149563144228 85.5650221363057,28.1149791119186 85.5649975443461,28.1149848922146 85.5649784476301,28.1149871074103 85.5649510678531,28.1149976886696 85.5649388281366,28.1149963530182 85.5649280305567,28.1149889947716 85.5649404471101,28.1149770493587 85.5649705664672,28.1149652892383 85.5649925152927,28.114953443593 85.5650077035693,28.1149379045708 85.5649777449809,28.1149375910039 85.5649422911486,28.1149408425252 85.5649193342468,28.1149261117782 85.5649004465356,28.1149126311591 85.5648744606785,28.1149208119185 85.5648539861413,28.1149242202125 85.564840384681,28.1149228702982 85.5648251159962,28.1149444461486 85.5648166721542,28.1149648859017 85.5648082122311,28.1149865330236 85.5648188972593,28.1150023428659 85.5648392431938,28.1150085935338 85.5648745523579,28.1150162083659 85.5648769864835,28.1150379695259 85.5648605168041,28.1150474574302 85.5648374473506,28.1150411782558 85.5648129196789,28.1150421290398 85.5647788114864,28.1150466021416 85.5647613176848,28.1150307210197 85.564761494545,28.1150174399556 85.5647686088036,28.1149945712123 85.5647578594708,28.1149835908443 85.5647415988093,28.1149773829313 85.5647171033095,28.1149759189598 85.564658499636,28.1149789280564 85.5646312806291,28.1149774355567 85.5646341327744,28.1149678051147 85.5646466940716,28.1149449934048 85.5646482809372,28.1149281044894 85.5646279993486,28.1149170243164 85.5646143496537,28.114919296488 85.5646019973922,28.1149264123927 85.5645830614824,28.1149165538395 85.564586299552,28.1148779465331 85.5645797319889,28.1148597647067 85.5645772496856,28.1148416256515 85.5645678460597,28.1148318668962 85.5645516497544,28.1148208294842 85.5645339469749,28.1148206441373 85.5645120463727,28.1148288676005 85.5644874222625,28.1148370625441 85.5644475454837,28.1148656259199 85.5644472881778,28.1148849438291 85.5644607609748,28.1148959527367 85.5644604071819,28.1149225148619 85.5644574906964,28.114936974777 85.5644625999997,28.1149623865661 85.56447884456,28.1149698018808 85.5644923012894,28.114982018155 85.564501592353,28.1150002285009 85.5645108190957,28.1150232683235 85.5644997160024,28.1150388500614 85.5644857285824,28.1150664769751 85.5644854551999,28.1150870022533 85.564482361817,28.115114743231 85.5644780835719,28.1151291888879 85.5644426296673,28.115132440277 85.5644236133275,28.1151286185475 85.5643839615763,28.1151402787297 85.5643458806515,28.1151362573597 85.5643200394515,28.1151335716873 85.5642953991741,28.1151429739621 85.5642654244542,28.1151438676067 85.5642424354401,28.115131551487 85.5642278421458,28.1151024177598 85.5642048853139,28.1150876868959 85.5641900025119,28.1150802858099 85.5641875363558,28.1150609393813 85.5642165353211,28.115031054632 85.5642468316886,28.1150060136131 85.5642620039929,28.1149916820471 85.5642881185762,28.1149738424524 85.564318125415,28.1149705340626 85.5643438861618,28.1149792565803 85.5643767290866,28.1149675251117 85.5643960670413,28.114947199461 85.5644222459202,28.1149245303623 85.5644252428195,28.1149040336014 85.5644254036383,28.1148919599084 85.5644214631162,28.1148810508086 85.5644162734158,28.1148616758648 85.5644164020715,28.1148520169103 85.5644030901054,28.1148289343056 85.5643976913427,28.1148252551622 85.5643774258828,28.1148129675842 85.5643627843429,28.1147874559783 85.5643397793083,28.1147763472459 85.5642988302617,28.1147831636719 85.5642714665607,28.114792537426 85.5642454002716,28.1148067549118 85.5642327102368,28.1148392255366 85.5642309624679,28.1148681881372 85.5642291342772,28.1149031875836 85.5642382322814,28.114935886376 85.564235347934,28.1149479315469 85.5642077750888,28.1149730010857 85.5641941736334,28.1149716511074 85.5641889035479,28.1149583130025 85.564202762352,28.1149403450744 85.5642002961957,28.1149209986457 85.5641663327866,28.1149146052731 85.5641488230145,28.1148999314459 85.5641407650918,28.1148913942932 85.564116189198,28.114895967061 85.5640873028438,28.1149174002061 85.5640746931767,28.1149438339679 85.5640621961051,28.1149618161445 85.5640481764135,28.1149918577483 85.5640167112899,28.1150023960301 85.563990596657,28.1150202355711 85.5639821043915,28.1150442973737 85.5639616298087,28.1150477055324 85.563942291756,28.1150680311179 85.5639364747239,28.115095743551 85.5639362173239,28.1151150614552 85.5639551532044,28.1151249200966 85.5639617528492,28.1151406872109 85.5639736708236,28.1151661703302 85.563984452265,28.1151747360191 85.5640306554645,28.1151824651731 85.5640509852951,28.1151899233265 85.5640603406437,28.1152033042234 85.5640288432854,28.1152162572436 85.5639948637093,28.1152110711948 85.5639812944018,28.1152073064563 85.5639592328085,28.1152276035163 85.5639412082162,28.1152515654703 85.5639069551395,28.115266904672 85.5638935306213,28.115252273604 85.5638746429899,28.1152387928468 85.563858334081,28.1152362069365 85.56382843978,28.1152310636398 85.5637968136748,28.1152536755566 85.5637774755533,28.1152740011158 85.5637553817295,28.1152967128786 85.5637646566014,28.1153161306389 85.5637658252848,28.1153306333309 85.5637614825762,28.1153499084367 85.5637763171145,28.1153609316759 85.5637967595834,28.1153599382852 85.5637854954589,28.1153875936482 85.563781297556,28.1153960024346 85.5637580511136,28.115403004136 85.5637406056828,28.1153835007815 85.5637025568855,28.1153770644929 85.5636612213989,28.1154128575696 85.5636363396384,28.1154403702531 85.5636291446525,28.1154692757701 85.5636466061666,28.1154875717696 85.5636502730819,28.1155190061581 85.5636317656345,28.1155791891293 85.5636187213047,28.1156382217961 85.5636196807814,28.1156684202818 85.5636092473172,28.1157359330615 85.5636210043512,28.115773489896 85.5636426155678,28.1157869992231 85.5636700278471,28.115774003501 85.56370304808,28.1157489911503 85.5637291468501,28.1157323590431 85.563762022248,28.1157182129964 85.5637932462634,28.1157257853151 85.5638026981592,28.1157319220162 85.563861624025,28.1157047659245 85.5638836857378,28.1156844688858 85.5639450455033,28.1156790739255 85.5639695733206,28.1156781233026 85.5640109892501,28.1156362932894 85.5640397471246,28.115624519122 85.5640699311005,28.1156079297349 85.5640811147477,28.1155863111925 85.5640857308753,28.1155465108023 85.5641022328687,28.115534608259 85.5641406517167,28.1155132749514 85.5641650829848,28.1155195685063 85.5641882329198,28.1155198109503 85.5642001509864,28.1155452940521 85.5642396581466,28.1155445002519 85.5642476035337,28.1155614889838 85.5642610281382,28.1155761200197 85.5643033875029,28.1155656957697 85.5643224039141,28.1155695175182 85.5643718615713,28.1155374319017 85.564403632391,28.115503953529 85.5644365076368,28.1154898073142 85.5644778268259,28.1154552213649 85.5644849572588,28.1154311452718 85.5645045686638,28.115390294332 85.5645209580206,28.1153868433204 85.5645290642529,28.1153917583448 85.564582269356,28.1153850701751 85.5646098583076,28.1153587931937 85.564638776845,28.1153349452017 85.5646608704974,28.1153122332899 85.5646938260485,28.1152920501628 85.5647417609263,28.1152720238406 85.5647692854972,28.115250576302 85.564758085945,28.1152734022773 85.5647564186967,28.1152963280407 85.5647741215561,28.1152965133617 85.5648111302011,28.1152787877103 85.5648370839951,28.1152730217056 85.5648482835308,28.1152501957232 85.5648184695571,28.1152390157932 85.5648091623424,28.1152220128361 85.5648161640625,28.1152075956774 85.56483545375,28.1151908920723 85.5649014772391,28.1151420741332</coordinates></LinearRing></outerBoundaryIs></Polygon></MultiGeometry>
  </Placemark>
  <Placemark>
	<Style><LineStyle><color>ff0000ff</color></LineStyle><PolyStyle><fill>0</fill></PolyStyle></Style>
      <MultiGeometry><Polygon><outerBoundaryIs><LinearRing><coordinates>85.5652015588075,28.1153637792307 85.565191305427,28.1153666907707 85.5651764546622,28.115356875049 85.5651737954386,28.1153520170676 85.5651711683629,28.115344744347 85.565159649668,28.1153403974154 85.5651487636315,28.1153396797177 85.5651399041597,28.1153401907663 85.565124940883,28.1153388266264 85.5651093047644,28.1153368516742 85.5650977137372,28.1153379379007 85.5650903205103,28.115330615296 85.5650890551997,28.1153233568262 85.5650796032613,28.1153172202121 85.5650659213728,28.1153219071662 85.5650561881216,28.1153368995181 85.565053263664,28.1153519631324 85.5650477041004,28.1153603577086 85.5650401099342,28.1153681272207 85.5650168957208,28.1153727143999 85.5649908776072,28.1153833099161 85.5649784690483,28.1153946516466 85.5649572813905,28.1154004675649 85.5649469476188,28.1154094159337 85.5649591070009,28.1154167884335 85.5649645058125,28.1154204675563 85.5649691835541,28.1154271579759 85.5649943278901,28.1154310437719 85.5650113257798,28.1154330329908 85.5650220992954,28.1154422022865 85.5650267770415,28.1154488927043 85.5650334893914,28.115456208186 85.5650628315448,28.1154516851415 85.5650849331736,28.1154283694746 85.5651008586487,28.1154086117778 85.5651207488392,28.1153979521067 85.5651515813264,28.1153837843376 85.5651658556929,28.1153857450338 85.5651794732908,28.1153858875484 85.5651986102589,28.1153806539033 85.5652034487487,28.115375270619 85.5652069897722,28.1153650436049 85.5652015588075,28.1153637792307</coordinates></LinearRing></outerBoundaryIs></Polygon></MultiGeometry>
  </Placemark>
  <Placemark>
	<Style><LineStyle><color>ff0000ff</color></LineStyle><PolyStyle><fill>0</fill></PolyStyle></Style>
      <MultiGeometry><Polygon><outerBoundaryIs><LinearRing><coordinates>85.5649951718718,28.115367656872 85.5649919362696,28.1153549438589 85.5649838139417,28.1153512362306 85.5649811306131,28.1153481893002 85.5649812511828,28.1153391340287 85.5649847841878,28.1153295107058 85.5649855534847,28.1153228773 85.5649726730415,28.1153185160999 85.5649617307425,28.1153220241807 85.5649534637319,28.1153291828763 85.5649384683072,28.1153302334553 85.5649187147643,28.1153306304591 85.5649090940296,28.1153371712133 85.5648973985013,28.1153461053244 85.5648838050257,28.1153441517278 85.5648648207849,28.1153379153188 85.56484094177,28.1153412879714 85.5648293668184,28.1153411668057 85.5648129372821,28.1153476362784 85.5647997835179,28.1153638003424 85.5647934626642,28.1153782246271 85.5647742292097,28.1153907024315 85.5647584644641,28.1153983863943 85.5647351216043,28.1154126324801 85.5647240586972,28.1154251958116 85.564719868904,28.1154330009446 85.5647027504279,28.11544006696 85.5647038710011,28.1154581917565 85.5647058091274,28.1154660610416 85.5647007696195,28.115486536424 85.5646862942585,28.115499667796 85.5646623106857,28.1155108883165 85.5646533466806,28.1155192472337 85.5646464494358,28.1155258164813 85.5646238597749,28.1155346365129 85.5646075025586,28.1155356727974 85.5645971205045,28.115548243246 85.5646065322328,28.1155573983161 85.5646323815836,28.1155594802537 85.5646522236065,28.1155524427615 85.5646597695741,28.1155482953806 85.5646685647455,28.115552613841 85.5646669617896,28.1155707101243 85.5646730414791,28.1155743963867 85.5647079191592,28.1155632899145 85.564721016686,28.1155513516539 85.5647374141013,28.1155472969325 85.5647510638743,28.1155450247516 85.5647606364016,28.1155421061179 85.5647668447208,28.1155361334212 85.5647709380444,28.1155355725031 85.5647688069707,28.1155421916514 85.5647570953297,28.1155523331185 85.5647515598504,28.1155589166272 85.5647507342614,28.1155697758236 85.5647595696349,28.115571075855 85.5647711365717,28.1155718007122 85.564774524898,28.1155730437204 85.5647709999047,28.1155820633518 85.5647675231464,28.1155874608751 85.5647880862432,28.1155774120675 85.564802529447,28.1155666954236 85.5648264969412,28.115556682248 85.5648477248302,28.1155478479279 85.5648832753278,28.1155373522222 85.5649120250502,28.1155261815519 85.5649251707807,28.1155106211623 85.5649342071095,28.115496829064 85.5649494276272,28.1154788753136 85.56495428221,28.1154722846694 85.5649672752038,28.1154681942854 85.5649877337664,28.1154659933479 85.5649987564587,28.1154564484181 85.5649737005352,28.1154459220904 85.5649546037367,28.1154481372796 85.5649265590347,28.1154575040326 85.5649080225373,28.1154687816131 85.5648901829936,28.1154788589487 85.5648615779784,28.11547916329 85.5648589187665,28.115474305303 85.5648624276713,28.1154664930381 85.5648659204981,28.1154598881426 85.564866041078,28.1154508328718 85.5648538173891,28.1154482898415 85.5648428429182,28.115454212651 85.5648331658959,28.1154649791921 85.5648173931041,28.1154732668462 85.5648063784337,28.1154822080761 85.5647953637614,28.115491149305 85.5647968702254,28.1154802972356 85.5648024298147,28.1154719026706 85.5648196286793,28.1154587997957 85.564831292071,28.1154522804309 85.5648546590438,28.1154362232745 85.5648833363944,28.1154304857717 85.5649011518152,28.1154222194909 85.5649094509902,28.1154126460599 85.5649143055722,28.115406055417 85.5649185355421,28.1153952318537 85.5649240951175,28.1153868372831 85.564935093692,28.1153791034124 85.5649412698393,28.115375545446 85.5649474218717,28.1153737985335 85.5649556004668,28.1153732803706 85.5649527001086,28.1153865329279 85.564962905268,28.1153872435146 85.5649711320924,28.1153831032424 85.5649951718718,28.115367656872</coordinates></LinearRing></outerBoundaryIs></Polygon></MultiGeometry>
  </Placemark>
  <Placemark>
	<Style><LineStyle><color>ff0000ff</color></LineStyle><PolyStyle><fill>0</fill></PolyStyle></Style>
      <MultiGeometry><Polygon><outerBoundaryIs><LinearRing><coordinates>85.5648590401523,28.1156186073311 85.5648673232695,28.1156102412731 85.5648783620646,28.1155994889846 85.5648846186127,28.1155898941742 85.5648861331081,28.115578438419 85.5648787318418,28.1155717194878 85.5648583295287,28.1155696946151 85.5648426210337,28.1155731527938 85.5648363966385,28.1155803328634 85.5648268723432,28.1155796293941 85.5648146807969,28.1155746716211 85.5647996210247,28.1155805516611 85.5647906972194,28.1155858921639 85.5647830628229,28.1155966800837 85.5647802267498,28.1156051031584 85.5647671372617,28.1156164377399 85.5647595752144,28.115621792496 85.5647608405053,28.1156290509678 85.5647683141211,28.1156303367431 85.5647853361541,28.115630514937 85.5647907590873,28.1156323830126 85.5647803690048,28.11564555716 85.5647829558643,28.1156558483105 85.5647984955518,28.1156650675177 85.564816142199,28.1156694786283 85.5648222540552,28.1156707501456 85.5648241761155,28.1156798267986 85.5648316256189,28.1156829236247 85.5648342285619,28.115692007405 85.5648265539667,28.1157058137504 85.5648332502398,28.1157143366111 85.5648605578637,28.1157091885458 85.5648823460828,28.1157094166194 85.5649041343021,28.1157096446896 85.564922622612,28.1157019892198 85.5649329242613,28.1156954555932 85.5649588701129,28.115690293254 85.5649861857639,28.1156845414784 85.5649965195599,28.1156755931079 85.564994565333,28.1156689311957 85.5649795537849,28.1156711891469 85.5649720399725,28.1156729218066 85.5649755810287,28.1156626948 85.5649933723681,28.1156562395629 85.5650057327293,28.115648519941 85.5650044754597,28.1156406577861 85.5649826792152,28.1156410334171 85.564976615587,28.1156361397985 85.564990442204,28.1156205865298 85.5650049577361,28.1156044367015 85.564984619718,28.1155975823694 85.5649661394686,28.1156046341637 85.5649464501813,28.1156002016918 85.5649265840516,28.1156090502811 85.5649100580174,28.1156227639806 85.5648984106884,28.115628075982 85.5648888863882,28.1156273725169 85.5648937570589,28.1156195745059 85.5648952233226,28.1156117408589 85.5648843292228,28.1156116268239 85.5648712638605,28.1156211503616 85.5648637098565,28.1156259014389 85.5648616591738,28.1156264837417 85.5648590401523,28.1156186073311</coordinates></LinearRing></outerBoundaryIs></Polygon></MultiGeometry>
  </Placemark>
  <Placemark>
	<Style><LineStyle><color>ff0000ff</color></LineStyle><PolyStyle><fill>0</fill></PolyStyle></Style>
      <MultiGeometry><Polygon><outerBoundaryIs><LinearRing><coordinates>85.5651007793988,28.1159260408833 85.5651097514433,28.1159170782526 85.5651187154489,28.115908719306 85.5651249157338,28.1159033502782 85.565136619344,28.1158938124651 85.5651366756051,28.1158895866718 85.5651196937155,28.1158863900963 85.5650807387058,28.115896850228 85.5650726243722,28.1158925389189 85.5650740343642,28.1158889310631 85.565083679253,28.1158805792451 85.5650831510842,28.1158691021087 85.5650764226312,28.1158629939983 85.5650662254634,28.1158616797336 85.5650520394519,28.1158530784929 85.565026782485,28.1158576442902 85.5650076695378,28.1158610668534 85.5650007401387,28.1158700508575 85.5649809221913,28.1158752773443 85.5649679050334,28.1158811787817 85.5649425998268,28.1158893666714 85.5649323303126,28.115893485559 85.5649212834527,28.1159048415352 85.5648954018566,28.1159051743877 85.5648832504643,28.1158971981961 85.5648703217254,28.1158964590924 85.5648608938679,28.1158885114083 85.5648439280662,28.1158841074296 85.5648200328508,28.1158886874432 85.5648151300055,28.1158989001893 85.5648327847303,28.1159027076145 85.5648408910154,28.1159076226221 85.5648345862098,28.1159208395373 85.5648215288436,28.1159297593836 85.5647991159717,28.1159252983783 85.5647889911556,28.115918550931 85.564778898498,28.1159093887444 85.564766739075,28.1159020162274 85.5647647527016,28.1158977690512 85.5647442699351,28.115901781006 85.5647291699149,28.1159106794594 85.5647148392118,28.1159129445081 85.5647045777272,28.1159164596937 85.5646921047569,28.115932630871 85.5646885877835,28.1159410468146 85.5646863843371,28.1159530991225 85.5647026531794,28.1159587033618 85.564730585477,28.1159577882458 85.564740053528,28.1159627175154 85.5647453398051,28.1159748482323 85.5647390189045,28.1159892725117 85.5647129202173,28.1160059048141 85.5646997261546,28.1160250872866 85.5647014230955,28.1160510671102 85.5647376868161,28.1160381638394 85.5647500472397,28.1160304442433 85.5647663884519,28.1160306153138 85.5647853406493,28.1160392664786 85.5648092278603,28.1160352901571 85.5648180471944,28.1160377975554 85.5648055661866,28.1160545724276 85.5647884636935,28.1160604310803 85.5647755590543,28.1160578809131 85.5647482754566,28.1160612179039 85.5647331432553,28.1160725310952 85.5647255490147,28.1160803005864 85.5647057310167,28.1160855270314 85.5646885963543,28.1160938004097 85.5646653819709,28.1160983875225 85.5646530134936,28.116106710795 85.5646412052966,28.116124096464 85.5646388410369,28.1161482224624 85.5646372702232,28.1161639040049 85.564630252331,28.1161795285185 85.5646191973693,28.1161914881522 85.5646168411429,28.1162150104652 85.5646133563148,28.1162210116676 85.5645879947199,28.1162334252796 85.564587201268,28.1162418697348 85.5645768432613,28.1162526291243 85.564564330028,28.11627181871 85.5645396895049,28.1162812210184 85.5645150570185,28.1162900196376 85.5645011819988,28.1163091949585 85.5644947404289,28.1163326744922 85.5644992412752,28.1163526459873 85.5645394054969,28.1163536702946 85.5645702946181,28.1163352768791 85.5645820948104,28.1163184949027 85.5645958974533,28.1163047527344 85.5646069443893,28.1162933967878 85.5646071534394,28.1162777009887 85.5646168225201,28.1162675381529 85.564629703059,28.1162718993896 85.5646260815447,28.1162881632302 85.5646300301728,28.1162984686401 85.564657922358,28.1163005719651 85.5646774132724,28.116268776278 85.5646947248417,28.1162472218409 85.5647270962722,28.1162197873751 85.5647573526761,28.1161977646786 85.5647842609193,28.1161714805433 85.5648097350274,28.1161506153085 85.5648153428879,28.1161385986372 85.5648236903631,28.1161254031067 85.564840248644,28.1161092746833 85.5648821764912,28.1160801289086 85.5648987267177,28.1160646041621 85.5649133146734,28.116043021185 85.5649183943651,28.1160195273724 85.5649246830899,28.1160075178227 85.5649618527278,28.1159777184465 85.5649749261655,28.1159675912173 85.564987302641,28.1159586642293 85.5650085868649,28.1159456040942 85.5650222286464,28.1159439355729 85.5650385859232,28.115942899241 85.565052884474,28.1159430488973 85.5650712602876,28.1159438449951 85.5650835563767,28.1159409548454 85.5651007793988,28.1159260408833</coordinates></LinearRing></outerBoundaryIs></Polygon></MultiGeometry>
  </Placemark>
  <Placemark>
	<Style><LineStyle><color>ff0000ff</color></LineStyle><PolyStyle><fill>0</fill></PolyStyle></Style>
      <MultiGeometry><Polygon><outerBoundaryIs><LinearRing><coordinates>85.5643233421994,28.1164703503061 85.5643316173832,28.1164625879699 85.5643454039923,28.1164500531979 85.5643509717115,28.116441054971 85.564366849225,28.1164249194798 85.5644032739409,28.116399942614 85.5644115812797,28.1163897655343 85.5644178379175,28.1163801707495 85.5644186072597,28.1163735373495 85.5643919883765,28.1163780887646 85.564368028701,28.1163874981704 85.5643460955958,28.1163981363311 85.5643302904613,28.1164088386595 85.5643049127068,28.1164224595849 85.5642911743501,28.1164313722459 85.5642794062695,28.116445739457 85.5642587705777,28.1164612213394 85.564241003191,28.1164658654206 85.5642218981579,28.1164686841846 85.5642068703999,28.116472149415 85.5641817097721,28.1164694708362 85.5641618916789,28.1164746971986 85.5641365058455,28.1164889217757 85.5641173042878,28.1164989847381 85.5641068496907,28.1165169883021 85.5641046461648,28.1165290405968 85.5641154760078,28.1165339841725 85.5641235983906,28.1165376918538 85.5641309594558,28.1165474292478 85.5641499840744,28.1165506473415 85.5641772517239,28.1165485178441 85.5642004581793,28.1165445345031 85.564217536651,28.1165404869815 85.5642312509001,28.1165333853821 85.564242225515,28.1165274626278 85.5643233421994,28.1164703503061</coordinates></LinearRing></outerBoundaryIs></Polygon></MultiGeometry>
  </Placemark>
  <Placemark>
	<Style><LineStyle><color>ff0000ff</color></LineStyle><PolyStyle><fill>0</fill></PolyStyle></Style>
      <MultiGeometry><Polygon><outerBoundaryIs><LinearRing><coordinates>85.5641875670464,28.1164387399761 85.564196531166,28.1164303810947 85.5642082992555,28.116416013891 85.56421593377,28.1164052260088 85.5642317710848,28.116392108956 85.5642440994144,28.1163868041466 85.5642543207459,28.1163863074203 85.5642598080453,28.116383346042 85.5642719996535,28.1163883038662 85.5642815159724,28.116389611061 85.5643040977991,28.116381394779 85.5643205355657,28.1163743216907 85.5643219455895,28.1163707138441 85.5642947342818,28.1163686175806 85.5642749885926,28.1163684108 85.5642648235592,28.1163646817365 85.5642416091023,28.1163692687745 85.5642218151579,28.1163726840931 85.564211521444,28.1163786139771 85.5641937218984,28.1163856727905 85.5641808333229,28.1163819151975 85.5641624413611,28.1163823263468 85.5641481266716,28.1163833839644 85.564123566521,28.1163867493512 85.5641133291029,28.1163884534365 85.5641043488943,28.1163980196813 85.5641036197488,28.1164016346567 85.5640994137838,28.1164106471355 85.564092419927,28.1164244605643 85.5640909616348,28.1164316905148 85.5640955750152,28.1164432104383 85.5641132941442,28.1164421884827 85.5641229069833,28.1164362514753 85.5641331122334,28.1164369621272 85.5641261505516,28.11644836082 85.5641151115934,28.1164591130406 85.5641128758971,28.1164735800733 85.5641135326538,28.1164753982578 85.5641284799834,28.1164779698821 85.5641476332783,28.1164715290246 85.5641538497292,28.1164649526752 85.5641875670464,28.1164387399761</coordinates></LinearRing></outerBoundaryIs></Polygon></MultiGeometry>
  </Placemark>
  <Placemark>
	<Style><LineStyle><color>ff0000ff</color></LineStyle><PolyStyle><fill>0</fill></PolyStyle></Style>
      <MultiGeometry><Polygon><outerBoundaryIs><LinearRing><coordinates>85.5648306212265,28.1164231336764 85.5648413144298,28.1164383398344 85.5648433249327,28.1164407759558 85.5648487157507,28.116445058769 85.5648561733459,28.1164475519107 85.5648650007534,28.1164494556225 85.5648840977317,28.1164472404527 85.5648929090621,28.1164503515319 85.5648974662585,28.1164660972241 85.5649061811255,28.1164764525183 85.5649100976318,28.1164891726596 85.5649133493295,28.1165006783042 85.5649357703642,28.1165045356103 85.5649509106466,28.1164926187141 85.5649585531329,28.1164812271034 85.5649798133512,28.1164699780317 85.5649922300775,28.1164580326227 85.5650066653459,28.1164479196469 85.5650177363699,28.1164347526124 85.565021974413,28.116423325364 85.5650201568212,28.1164064008128 85.5650099676413,28.1164044828575 85.5649935781411,28.116407933922 85.564979279529,28.1164077842573 85.5649594855959,28.1164111996829 85.5649616327546,28.1164033731634 85.5649755157458,28.1163835941089 85.5649681546128,28.1163738567577 85.5649580377831,28.1163665056367 85.5649615467129,28.1163586933711 85.5649637260239,28.1163484521127 85.5649502690755,28.1163362358789 85.5649511509233,28.1163211508893 85.5649418114476,28.1163065626783 85.5649406345625,28.1162926636768 85.5649388169848,28.1162757391248 85.5649314478234,28.1162666054565 85.5649235344344,28.1162472020213 85.5649243117828,28.1162399649325 85.5649319381756,28.1162297806916 85.5649259549038,28.1162188502234 85.5649198510539,28.1162169750249 85.5648988400817,28.1162095098648 85.5648921035805,28.1162040054298 85.5648655651444,28.1162025200927 85.5648451305567,28.1162029099525 85.564822012625,28.1162002528754 85.5648205061501,28.1162111049437 85.5648258406821,28.11621961355 85.564820136348,28.1162388744372 85.5648316068875,28.1162468435076 85.564836284654,28.116253533932 85.5648347781796,28.1162643860004 85.5648435975328,28.1162668933976 85.56484828334,28.116272980137 85.5648591292726,28.1162767162852 85.564868508929,28.1162882860781 85.564875173084,28.1162992236761 85.5648641342136,28.1163099759606 85.5648593117412,28.1163141518607 85.5648551219201,28.116321956996 85.5648441312798,28.1163290871709 85.5648338697588,28.1163326023646 85.5648310175892,28.1163422328082 85.5648336928977,28.1163458834266 85.564845235801,28.1163484193345 85.5648657829618,28.1163395778907 85.5648869949274,28.1163319509403 85.5648916887786,28.1163374339937 85.5648928174247,28.1163549551032 85.5648933857673,28.1163634138157 85.5648910537115,28.1163851250809 85.5648740717532,28.1163819284727 85.5648660377826,28.1163715803042 85.5648586203874,28.1163660687399 85.5648430564788,28.1163586605905 85.5648370169357,28.1163519559111 85.5648187214482,28.1163451229332 85.5648037339203,28.1163455698073 85.5647888026681,28.1163417908875 85.5647814415551,28.1163320535269 85.5647556080945,28.1163287642415 85.564747413347,28.1163304897589 85.5647276515813,28.1163314904129 85.5647206497695,28.1163459075617 85.5647197759289,28.116360388864 85.5647025849436,28.1163728880344 85.5646848175881,28.1163775321744 85.5646710310266,28.1163900669824 85.5646573007429,28.1163983759968 85.5646483447006,28.1164061312253 85.5646407504294,28.1164139007103 85.5646223665014,28.1164137082366 85.5646024760728,28.1164243678251 85.5645833147701,28.116431412432 85.5645586340077,28.1164438331651 85.5645476352954,28.1164515669994 85.5645386631592,28.1164605295893 85.5645391510657,28.1164750251476 85.564535569734,28.1164882705618 85.5645266056346,28.1164966294662 85.5645244423606,28.1165056633467 85.5645312351465,28.1165069420077 85.5645400384297,28.1165106567939 85.5645584062921,28.1165120566483 85.5645789454657,28.1165038189343 85.5646098748269,28.1164824070888 85.5646277788884,28.1164675003217 85.56464140466,28.1164670392102 85.564642005144,28.1164730831845 85.5646589388673,28.1164799019293 85.5646759690737,28.116479476457 85.5646957951863,28.1164736463347 85.5647011859998,28.1164779291536 85.5647030115819,28.1164942500224 85.5647083461174,28.1165027586331 85.5647198729542,28.1165065019211 85.5647286521251,28.1165120277493 85.5647483817652,28.1165134418347 85.5647634255935,28.1165087691753 85.5647638733323,28.1165262831567 85.5647772981233,28.116540914147 85.5647834663044,28.1165379598755 85.5647916691068,28.116535630672 85.5648051340997,28.1165472432367 85.5648153795638,28.1165449354152 85.5648189287066,28.116534104731 85.5648198266542,28.1165178123741 85.5648009467258,28.1165037280499 85.5647867284967,28.1164975415185 85.5647807613053,28.1164854036751 85.5647699073155,28.1164822712047 85.5647447707856,28.1164777816748 85.5647516520091,28.1164724197943 85.5647640124829,28.1164647001992 85.5647778392415,28.1164491469588 85.5647888700957,28.1164389983669 85.564801879292,28.1164337006345 85.5648155372165,28.116430824767 85.5648306212265,28.1164231336764</coordinates></LinearRing></outerBoundaryIs></Polygon></MultiGeometry>
  </Placemark>
  <Placemark>
	<Style><LineStyle><color>ff0000ff</color></LineStyle><PolyStyle><fill>0</fill></PolyStyle></Style>
      <MultiGeometry><Polygon><outerBoundaryIs><LinearRing><coordinates>85.5648122687673,28.1162671692105 85.5648038501521,28.1162601377404 85.5648001816563,28.1162543635336 85.5647944825642,28.1162476624164 85.5647734153196,28.1162444230296 85.5647624729194,28.1162479310904 85.5647556118102,28.1162517837606 85.5647443209266,28.1162558919404 85.5647360739267,28.1162615414073 85.5647305022291,28.1162708414939 85.5647293683452,28.1162792823863 85.5647319913907,28.1162868569565 85.5647540799702,28.116290107042 85.5647660195847,28.1162884207279 85.5647759487002,28.1162842982906 85.5647867986508,28.1162877326021 85.5647962988901,28.1162902471303 85.5648096042947,28.1162882732257 85.5648137338234,28.1162849957266 85.5648195575262,28.1162823397312 85.5648216644961,28.1162775316372 85.5648220612131,28.1162733094086 85.5648217609663,28.1162702874215 85.5648122687673,28.1162671692105</coordinates></LinearRing></outerBoundaryIs></Polygon></MultiGeometry>
  </Placemark>
  <Placemark>
	<Style><LineStyle><color>ff0000ff</color></LineStyle><PolyStyle><fill>0</fill></PolyStyle></Style>
      <MultiGeometry><Polygon><outerBoundaryIs><LinearRing><coordinates>85.5638538923048,28.1167959967741 85.5638476597265,28.1168037804769 85.5638461611875,28.1168140288452 85.5638467294484,28.1168224875585 85.5638404325091,28.1168351007355 85.5638355697498,28.1168422950186 85.5638374756527,28.1168525790502 85.5638231689439,28.1168530329471 85.5638156469875,28.1168553692237 85.563816175021,28.1168668463586 85.5638282781662,28.1168784447507 85.5638377462519,28.1168833740835 85.5638501068359,28.1168756545754 85.5638597921313,28.1168642844298 85.563873570802,28.1168523533942 85.5638812134267,28.1168409618493 85.5638902017379,28.1168307919375 85.563899903114,28.11681821442 85.563907505511,28.1168098412951 85.5639110306205,28.1168008216915 85.5639144833294,28.116797235247 85.5639330121153,28.1167865614995 85.5639475199216,28.1167710154818 85.5639606176824,28.1167590773044 85.5639668341617,28.1167525009648 85.5639614353214,28.1167488218022 85.5639409684559,28.1167516262607 85.563929337047,28.116755730804 85.5639190432804,28.1167616606639 85.5639066022697,28.1167754170225 85.5638941693004,28.1167885696955 85.5638838513949,28.1167963106055 85.5638783801536,28.1167980645988 85.5638538923048,28.1167959967741</coordinates></LinearRing></outerBoundaryIs></Polygon></MultiGeometry>
  </Placemark>
  <Placemark>
	<Style><LineStyle><color>ff0000ff</color></LineStyle><PolyStyle><fill>0</fill></PolyStyle></Style>
      <MultiGeometry><Polygon><outerBoundaryIs><LinearRing><coordinates>85.5638800424863,28.1167244222411 85.5638839991007,28.1167341239854 85.5638901270929,28.1167341881772 85.5638976249057,28.1167336629492 85.5639119798654,28.1167295869378 85.5639243162931,28.1167236784751 85.5639448394633,28.1167166482283 85.5639626953883,28.1167053636596 85.5639607331663,28.1166993054198 85.5639511926925,28.1166998092551 85.5639246300231,28.116700134785 85.5639234210902,28.1166886505176 85.5639303104109,28.1166826849961 85.5639522194807,28.1166738579592 85.5639659739839,28.1166637379659 85.5639783747535,28.1166530000228 85.5639756753355,28.1166511604419 85.5639545758664,28.1166503356649 85.5639279971205,28.1166518685646 85.5639240163718,28.1166439778746 85.5639200678011,28.1166336724469 85.5639270456058,28.1166210663974 85.5639380604667,28.1166121252466 85.5639579107714,28.1166044841804 85.5639805167981,28.1165944569015 85.5639806374582,28.1165854016357 85.5639821279362,28.1165757569493 85.563973372933,28.1165684200214 85.5639563668462,28.1165670343526 85.5639414758188,28.1165602369187 85.5639278822129,28.1165582832226 85.5639150016718,28.1165539219199 85.563900775447,28.1165483389827 85.5638924841375,28.1165573086601 85.5638896077443,28.1165687501336 85.5638900875187,28.1165838493751 85.5638892698749,28.1165941048769 85.5638842945068,28.1166097507435 85.5638793432708,28.1166235855568 85.5638744322566,28.116634401948 85.5638680629306,28.1166524482863 85.5638597152972,28.1166656437517 85.5638643286613,28.1166771636821 85.5638676446083,28.1166838398725 85.5638675239383,28.1166928951377 85.5638694459317,28.1167019718005 85.5638781526702,28.1167129308411 85.5638800424863,28.1167244222411</coordinates></LinearRing></outerBoundaryIs></Polygon></MultiGeometry>
  </Placemark>
  <Placemark>
	<Style><LineStyle><color>ff0000ff</color></LineStyle><PolyStyle><fill>0</fill></PolyStyle></Style>
      <MultiGeometry><Polygon><outerBoundaryIs><LinearRing><coordinates>85.5639441499506,28.1168706020044 85.5639193161725,28.1168944926177 85.5639089741247,28.1169040445822 85.5638986240305,28.1169142002302 85.5638909894466,28.1169249880915 85.5638874401969,28.1169358187472 85.56387702574,28.116950803868 85.5638727553748,28.1169646458123 85.5638657694951,28.1169778555417 85.5638438684007,28.1169860788776 85.5638226160128,28.1169967240799 85.5638094779817,28.1170116806636 85.5638125606269,28.1170358637001 85.5638282130499,28.1170366314394 85.5638412143178,28.1170319374873 85.5638520844216,28.1170338626634 85.5638670800892,28.1170328122126 85.5638828612275,28.1170239209966 85.5638986825864,28.117012011357 85.5639124451835,28.117001287687 85.5639241409756,28.1169923536716 85.563940779969,28.1169701885252 85.5639546390879,28.1169522206384 85.5639609038447,28.1169420221936 85.5639734172663,28.1169228326716 85.5639817327311,28.1169120519374 85.5639907693036,28.1168982599127 85.5640004626308,28.1168862860724 85.5640250068111,28.116884128081 85.5640323518016,28.1168950728491 85.5640240202554,28.1169070609554 85.5640083034971,28.116911122714 85.5639891420714,28.1169181672328 85.563978062829,28.1169319378612 85.5639676403405,28.1169475266737 85.563956585225,28.116959486247 85.5639460822874,28.116981111901 85.5639453370431,28.1169859342436 85.5639480364687,28.1169877738253 85.5639609894605,28.1169867019675 85.5639766981873,28.1169832438992 85.5639870080609,28.1169761066672 85.5639925758385,28.1169671084576 85.5640138121171,28.1169576705968 85.5640262209612,28.1169463289666 85.5640385895837,28.1169380057569 85.5640585605983,28.1169213094128 85.5640743417051,28.1169124181734 85.5640996954748,28.1169006083502 85.5641269793003,28.1168972714974 85.5641386991935,28.1168865264093 85.5641285743336,28.1168797789124 85.5641314346249,28.1168695448026 85.5641430901691,28.1168636291892 85.5641690765507,28.11685544859 85.5641855465709,28.1168459607836 85.5641788824562,28.1168350231542 85.5641748695107,28.1168295472084 85.5641729072746,28.1168234889711 85.5641621256587,28.1168149232924 85.5641465536952,28.1168081187482 85.564139023705,28.1168110587273 85.5641063571399,28.1168095090574 85.5641011030729,28.1167949635808 85.5640903295092,28.1167857942124 85.5640815825254,28.1167778536063 85.5640776258916,28.1167681518671 85.5640654744689,28.1167601756026 85.5640444634579,28.1167527103104 85.5640193108142,28.1167494280152 85.5639989002574,28.1167480066917 85.563980435837,28.1167538509736 85.5639680189672,28.116765796285 85.5639643651572,28.1167844748402 85.5639580923664,28.1167952769701 85.5639545431283,28.1168061076281 85.5639502647354,28.1168205532601 85.5639344112337,28.1168348776446 85.5639308539474,28.1168463119862 85.5639341538146,28.1168541955439 85.5639368451925,28.1168566388102 85.5639394802602,28.1168633078668 85.5639441499506,28.1168706020044</coordinates></LinearRing></outerBoundaryIs></Polygon></MultiGeometry>
  </Placemark>
  <Placemark>
	<Style><LineStyle><color>ff0000ff</color></LineStyle><PolyStyle><fill>0</fill></PolyStyle></Style>
      <MultiGeometry><Polygon><outerBoundaryIs><LinearRing><coordinates>85.5646437898873,28.1167481185312 85.564648773194,28.116731868949 85.5646317751094,28.1167298796782 85.5646140639752,28.1167302980147 85.5646079601028,28.1167284228016 85.5646012477077,28.1167211072985 85.5645849707173,28.1167161067282 85.5645570623454,28.1167152107536 85.5645420747662,28.1167156575972 85.5645270309001,28.1167203302308 85.5645133809733,28.1167226023833 85.5644997712517,28.1167218561118 85.5644866976766,28.1167319832896 85.5644783983581,28.1167415566881 85.5644633223205,28.1167486440525 85.5644469005872,28.1167545097868 85.5644310391175,28.1167694379163 85.5644083607166,28.1167848984298 85.5643987800273,28.1167884207185 85.5643926841976,28.1167859418113 85.5643777207343,28.1167845775832 85.564341360215,28.1168047249601 85.5643256032714,28.1168118051785 85.5643118487807,28.1168219252082 85.564313170347,28.1168249578911 85.5643020750703,28.1168399359167 85.5642943279387,28.1168591753845 85.5642961936744,28.1168724778336 85.5643008070937,28.116883997751 85.5643347791697,28.1168897874272 85.5643580098206,28.1168839930088 85.564381248511,28.1168775949018 85.5644003938228,28.1168717576959 85.56442628369,28.1168708212611 85.5644364166103,28.1168769650523 85.5644472223795,28.1168837196569 85.5644566261645,28.1168934784238 85.5644798487692,28.116888287669 85.5645050255866,28.1168897588279 85.5645212865166,28.1168959667774 85.5645251869077,28.1169098942969 85.5645203081072,28.1169182959747 85.5645194261904,28.1169333809579 85.564525481826,28.1169388782823 85.5645500260122,28.116936720197 85.5645650457856,28.1169338586156 85.5645821484304,28.116927999997 85.5645972486085,28.1169191015668 85.5646073735029,28.1169258490303 85.5646037760806,28.1169403018144 85.5646029343784,28.1169523683759 85.5646143728121,28.1169627522039 85.5646237524977,28.1169743220137 85.5646269398527,28.11699065714 85.5646458761224,28.1170005156978 85.564663764188,28.1169868162991 85.5646631878222,28.1169789612716 85.5646721519533,28.1169706023599 85.5646661365096,28.1169620866191 85.5646710313816,28.1169524775667 85.564674476031,28.1169494947868 85.5646739318255,28.1169392250211 85.5646685570714,28.1169337348316 85.5646774166754,28.1169332238185 85.5646896003255,28.1169387852927 85.5646970740304,28.1169400710749 85.5647114370316,28.1169353912953 85.5647095551637,28.1169232962191 85.5646934148196,28.1169080330232 85.564677194078,28.116898806671 85.56466029245,28.1168895731883 85.5646509208076,28.1168773996964 85.5646388014898,28.1168670087428 85.5646155547744,28.1168740105785 85.5646004867668,28.116880494273 85.5645712246146,28.1168789803574 85.5645576872404,28.1168728009303 85.5645550199702,28.1168685466222 85.5645592259174,28.1168595341292 85.5645600193783,28.1168510896751 85.5645893860515,28.116844755694 85.5646173829032,28.1168390111333 85.5646182406834,28.1168257372024 85.5645986637606,28.1168128530901 85.5645783416282,28.1168047913224 85.5645504734379,28.1168008769231 85.5645265538842,28.1168072679305 85.5645101080216,28.1168149447257 85.5644889843889,28.1168159310832 85.5644740048371,28.1168157742343 85.5644460079852,28.1168215187656 85.5644282164206,28.1168279739224 85.5644186598528,28.1168296851588 85.5644097922152,28.11683079984 85.5644057872995,28.116824720216 85.5644229140592,28.1168170505634 85.5644380544412,28.1168051337281 85.5644510717397,28.116799232347 85.5644735893117,28.1167958455163 85.5644852850364,28.1167869114502 85.564507226251,28.1167756695858 85.5645229349321,28.116772211453 85.5645352311291,28.1167693213569 85.5645433455041,28.1167736326989 85.5645610405636,28.1167744217409 85.5645733287193,28.1167721353258 85.5645903187685,28.1167747282886 85.5646169538249,28.1167689694694 85.5646217361251,28.1167678120019 85.5646437898873,28.1167481185312</coordinates></LinearRing></outerBoundaryIs></Polygon></MultiGeometry>
  </Placemark>
  <Placemark>
	<Style><LineStyle><color>ff0000ff</color></LineStyle><PolyStyle><fill>0</fill></PolyStyle></Style>
      <MultiGeometry><Polygon><outerBoundaryIs><LinearRing><coordinates>85.5646286824691,28.1170643351667 85.5646081271088,28.1170737802528 85.5646067331654,28.1170761807329 85.5646011413097,28.1170869900225 85.5645976242874,28.1170954059608 85.5645941072645,28.1171038218989 85.5645940027348,28.1171116697974 85.56459731874,28.117118345972 85.5646074677746,28.1171232823825 85.5646251709329,28.1171234677338 85.5646327411359,28.1171175093058 85.5646382525853,28.1171127368601 85.5646437720746,28.1171073607296 85.5646554597805,28.1170990303346 85.5646682760964,28.1171082210471 85.5646701820828,28.1171185050699 85.5646720880697,28.1171287890927 85.5646774065512,28.1171385050739 85.5646841591776,28.1171428021513 85.5646943886207,28.1171417017104 85.5647012618503,28.1171369435191 85.5647054356366,28.11713034576 85.564701575416,28.1171133998224 85.5647017120984,28.1171031371853 85.5647025779119,28.1170892595695 85.5647075290678,28.1170754247243 85.5647197850955,28.1170755530355 85.564735509895,28.1170708875108 85.5647336923422,28.1170539629586 85.5647249452882,28.1170460223914 85.5647087164834,28.1170373997267 85.5647040628135,28.1170288982442 85.5647048482248,28.1170210574736 85.5646995377862,28.1170107378088 85.5646845180049,28.1170135994047 85.5646681364428,28.1170164467416 85.5646586522244,28.1170127248335 85.564646356002,28.1170156149397 85.5646414209225,28.1170282424136 85.5646311271658,28.1170341723272 85.5646249187491,28.117040145013 85.5646268649332,28.1170474106137 85.5646315105571,28.1170565157832 85.5646286824691,28.1170643351667</coordinates></LinearRing></outerBoundaryIs></Polygon></MultiGeometry>
  </Placemark>
  <Placemark>
	<Style><LineStyle><color>ff0000ff</color></LineStyle><PolyStyle><fill>0</fill></PolyStyle></Style>
      <MultiGeometry><Polygon><outerBoundaryIs><LinearRing><coordinates>85.5638355265601,28.1171776880166 85.5638440296503,28.1171783808605 85.5638532377662,28.1171772697836 85.5638559975315,28.117174581735 85.5638560699356,28.1171691485763 85.5638476070707,28.1171654373117 85.5638445993771,28.1171611794243 85.5638371618718,28.117157177016 85.5638324117271,28.117155919718 85.5638218659667,28.1171552054749 85.5638178610738,28.1171491258348 85.5638141684686,28.1171451626561 85.5638042834872,28.1171459647554 85.5637970737968,28.1171504174916 85.5637889191998,28.1171491245271 85.5637794108671,28.1171472136118 85.5637702027532,28.1171483246838 85.5637616393255,28.1171521594675 85.5637561358823,28.1171563281922 85.563744844868,28.1171604362843 85.5637417325868,28.1171640262904 85.563732180003,28.1171654356352 85.5637264487514,28.1171611492122 85.5637179698007,28.1171586453084 85.5637029177945,28.1171639215319 85.5637010828128,28.1171738644886 85.563709160976,28.1171808924588 85.5637111191684,28.1171872525438 85.5637171506377,28.1171945609555 85.5637218967598,28.1171961200997 85.5637259338313,28.1171997850054 85.563742283259,28.1171993525201 85.5637433729824,28.1171942319037 85.5637431411517,28.1171860785994 85.5637472787925,28.1171821974511 85.5637572683684,28.1171735474605 85.5637671895569,28.1171700287854 85.5637804468131,28.1171716770914 85.5637854971767,28.1171759563792 85.563787807887,28.1171814145034 85.56380687283,28.1171816142267 85.5638136897835,28.1171810818715 85.5638355265601,28.1171776880166</coordinates></LinearRing></outerBoundaryIs></Polygon></MultiGeometry>
  </Placemark>
  <Placemark>
	<Style><LineStyle><color>ff0000ff</color></LineStyle><PolyStyle><fill>0</fill></PolyStyle></Style>
      <MultiGeometry><Polygon><outerBoundaryIs><LinearRing><coordinates>85.5632205886618,28.1178933518236 85.563239927378,28.1178730263718 85.5632613329169,28.1178509112721 85.5632635124251,28.1178406700499 85.5632712437201,28.1178226380206 85.5632986404737,28.1178108497654 85.563323386076,28.1177935998057 85.56332756802,28.1177863984091 85.5633433976011,28.1177738851572 85.5633544770139,28.1177601145879 85.5633648030989,28.1177517700395 85.5633764587798,28.1177458544971 85.5633887953536,28.1177399460888 85.5634011963072,28.1177292082063 85.5634039923124,28.1177238035893 85.5634122918031,28.1177142302635 85.5634246444664,28.1177071144835 85.5634526898793,28.1176977480671 85.5634630239982,28.1176887998266 85.5634877293109,28.1176745682556 85.5635035347161,28.1176638660362 85.5635083492547,28.1176602938729 85.5635118341934,28.1176542927038 85.563498232413,28.1176529426447 85.5634757387791,28.1176545182546 85.5634546793578,28.1176506749729 85.5634226371175,28.1176533580549 85.5634096759947,28.1176550335428 85.5633911872453,28.11766268879 85.5633714010879,28.1176655002913 85.5633379648626,28.1176705838194 85.563324153834,28.1176849295301 85.5633206447398,28.1176927417463 85.5633021157372,28.1177034154016 85.5632917816041,28.1177123636295 85.5632664195092,28.1177247769757 85.5632547879705,28.1177288814564 85.5632519356185,28.1177385118586 85.5632294178191,28.1177418984795 85.5632123149774,28.1177477569211 85.5632087978242,28.1177561728181 85.5631984717272,28.1177645173543 85.5631820578236,28.117769779244 85.5631759539211,28.1177679039661 85.5631705711578,28.1177630174039 85.56315760197,28.1177652965513 85.5631378479857,28.1177656932816 85.5631276023742,28.1177680009717 85.5631404347281,28.1177759844562 85.5631594353789,28.1177810137459 85.563164153346,28.1177846858042 85.5631598587053,28.1178003387722 85.5631508541441,28.1178117159973 85.5631335581074,28.1178320628458 85.5631191627271,28.1178391571888 85.5630972453044,28.1178485877639 85.5630883534245,28.1178515134079 85.5630631200676,28.1178542677697 85.5630467302933,28.1178577185902 85.56304004209,28.117848591961 85.5630270326407,28.1178538895157 85.5630234832703,28.1178647201433 85.5630212312906,28.1178803945168 85.5630061147522,28.1178905001305 85.562997863512,28.1178964513255 85.5629779968033,28.1179052996079 85.56296704613,28.1179094112001 85.5629574330958,28.117915348118 85.5629432550504,28.1179061429737 85.5629385853877,28.117898848804 85.5629420864663,28.117891640283 85.5629443143071,28.1178777769632 85.5629314014537,28.1178758303005 85.5629267156924,28.1178697434985 85.5629268766991,28.1178576698185 85.5629235688291,28.1178503899233 85.5629188589182,28.1178461141729 85.5629230811427,28.1178358943699 85.5629472666663,28.117809582083 85.5629528989764,28.1177957544495 85.5629359973691,28.1177865207556 85.5629148171898,28.1177917326508 85.5628948619391,28.1178072214457 85.5628750193912,28.1178142586616 85.5628557933297,28.1178261324843 85.5628481585753,28.1178369202798 85.5628478928999,28.117856841851 85.5628477318844,28.1178689155305 85.5628190376882,28.1178758599454 85.5627938767808,28.1178731811015 85.5627712462253,28.1178850192208 85.5627573948386,28.1179023832899 85.5627422299654,28.117916110977 85.5627189023971,28.1179291493166 85.5627044264622,28.1179422804537 85.5626790723012,28.1179540900024 85.5626578840261,28.11795990554 85.5626413976012,28.1179706005179 85.5626262407558,28.1179837245072 85.5626084569503,28.1179895757317 85.5625913540384,28.1179954340929 85.5625831752389,28.1179959521067 85.562564110162,28.117995752208 85.5625512053556,28.1179932018253 85.5625314513314,28.1179935984666 85.5625110244642,28.1179933842816 85.562481681532,28.1179979067487 85.5624679991967,28.1180025934249 85.5624481726934,28.1180084232088 85.5624154897028,28.1180080804913 85.5623868598728,28.1180101953425 85.5623732822276,28.1180070341192 85.5623569568401,28.1180056553848 85.5623398297525,28.1180133247655 85.5623207163519,28.1180167469358 85.5622962202162,28.1180152825079 85.562264193959,28.1180167579463 85.5622491900924,28.1180184118997 85.5622279615129,28.1180272457884 85.5622380541347,28.1180364081595 85.5622693753398,28.1180367366381 85.5622938956416,28.1180363900195 85.5623265464241,28.1180391475016 85.5623688183389,28.1180353644179 85.5623879639552,28.1180295275057 85.5624138541008,28.118028591462 85.5624519762108,28.1180295949829 85.5624853803685,28.1180269264123 85.5625086516159,28.1180181139017 85.5625134742548,28.1180139380915 85.5625366810767,28.1180099550469 85.5625447954572,28.1180142665069 85.5625575955841,28.1180246647807 85.5625787999814,28.1180176418915 85.5626014144807,28.1180070111739 85.5626430296374,28.1180014098139 85.5626663411267,28.1179895788562 85.562685591393,28.1179758940105 85.5627115861962,28.117967110019 85.5627314851425,28.1179558470407 85.5627534670273,28.1179415870547 85.5627693208493,28.1179272628208 85.5627898845753,28.1179172143397 85.5628055854195,28.1179143600964 85.5628232323371,28.1179187714728 85.5628513020048,28.1179075941319 85.5628629738305,28.117900471267 85.5628889122484,28.1178959130284 85.5628915311716,28.1179037894708 85.5628782882408,28.1179265938461 85.5628918417416,28.1179315660716 85.5629069019427,28.1179256862591 85.5629220426461,28.117913769605 85.5629451367309,28.1179182380658 85.5629470184117,28.1179303331578 85.5629352741352,28.1179428891858 85.5629303710117,28.1179531018515 85.5629281431672,28.1179669651708 85.5629307057423,28.1179790674004 85.5629434898035,28.1179906730074 85.562938498125,28.1180075261972 85.5629430550878,28.1180232719428 85.5629607100798,28.1180270796183 85.5629654924515,28.1180259222115 85.5629845253368,28.1180285367906 85.5630187552808,28.1180150089147 85.5630420747846,28.1180025742076 85.563059346718,28.1179840384249 85.5630738226172,28.117970907249 85.5630849020849,28.1179571367039 85.5630966543957,28.1179439769785 85.5631041925416,28.117940433377 85.5631090473522,28.1179338428087 85.5631130844286,28.1179375077322 85.5631074923772,28.1179483169524 85.5631080525324,28.1179573793495 85.5631182176695,28.117961108502 85.5631373632367,28.1179552714831 85.5631606907635,28.1179422330707 85.5631689983419,28.1179320560773 85.5631752229878,28.117924876095 85.5631793566535,28.117921296808 85.5632205886618,28.1178933518236</coordinates></LinearRing></outerBoundaryIs></Polygon></MultiGeometry>
  </Placemark>
  <Placemark>
	<Style><LineStyle><color>ff0000ff</color></LineStyle><PolyStyle><fill>0</fill></PolyStyle></Style>
      <MultiGeometry><Polygon><outerBoundaryIs><LinearRing><coordinates>85.5600248630839,28.1190534714672 85.5600359027129,28.1190427196049 85.5600619867045,28.1190272956203 85.5600770956016,28.1190177940322 85.5600717451917,28.1190104926195 85.5600623739093,28.1189983188299 85.560039384607,28.1189860019993 85.5600065884156,28.1189941102604 85.5599697068126,28.1190021755991 85.559946427094,28.119011591345 85.5599230989663,28.1190246291854 85.5599188199366,28.1190390746637 85.559921398326,28.1190499695701 85.5599267971325,28.1190536488898 85.5599431549033,28.1190526131857 85.5599348550055,28.1190621862844 85.5599184810981,28.1190644293536 85.5598940654549,28.1190569276581 85.5598872241689,28.1190592708623 85.5598625664922,28.1190698796537 85.5598503748077,28.1190649214354 85.559856080194,28.119045660801 85.5598630344303,28.1190348660353 85.559845395539,28.119029850593 85.5598373215396,28.1190225205596 85.559830770705,28.1190031311704 85.5598104566252,28.1189944650131 85.5597764277081,28.118992899983 85.5597670725983,28.1189795188084 85.5597496273651,28.118960014961 85.5597184834372,28.1189464048699 85.5596913603708,28.118937667159 85.559665453869,28.1189398100454 85.5596422225546,28.118945603641 85.559613334231,28.118967035758 85.5596006584101,28.1189982984991 85.5596045985685,28.1190092077187 85.5596113268868,28.1190153160909 85.5596054923497,28.1190442356417 85.5596284977495,28.1190553451777 85.5596530908913,28.1190495658933 85.5596690936272,28.1190750922751 85.5596716719919,28.1190859871851 85.5596974171522,28.1190959179595 85.5597027514024,28.1191044267521 85.5597273768268,28.1190962327225 85.5597466518571,28.1190807372637 85.5597577722006,28.1190639485945 85.5597769181267,28.1190581120599 85.5598038960025,28.1190777160501 85.5598049996223,28.1190970482144 85.5597953379055,28.1191066069975 85.5597612444055,28.1191098714268 85.5597407528029,28.1191144862857 85.5597104542346,28.1191395262126 85.5596675121006,28.1191934141466 85.5596629102664,28.1192320069354 85.5596759150724,28.1192780299231 85.5596892587849,28.1192986982233 85.5596998627522,28.1193205452731 85.5597268729518,28.1193377345476 85.5597717802912,28.1193406214159 85.5597948825919,28.11934448673 85.5598331745397,28.1193328136516 85.5598454630702,28.1193305276757 85.5598520461969,28.1193475023319 85.5598450758017,28.119359504462 85.5598308929608,28.1194016192119 85.5598386281244,28.119434303934 85.5598397640238,28.1194512213653 85.5598504487168,28.1194670315743 85.5598542759625,28.1194863923501 85.559867652006,28.1195046459024 85.5598715922079,28.1195155551152 85.559887788691,28.1195265930813 85.5599189812129,28.1195365810414 85.559940754023,28.1195380172948 85.5599707460935,28.1195359172769 85.559976080386,28.1195444260599 85.5599785135774,28.1195661872602 85.5600029132063,28.1195748963107 85.5600249280409,28.1195582220588 85.5600183448752,28.11954124741 85.5600103676337,28.1195266731885 85.5600241632011,28.1195135352066 85.5600311497218,28.1195003257012 85.5600232208841,28.1194821293819 85.5600192806677,28.1194712201729 85.5600207876847,28.1194603681819 85.5600114163715,28.1194481943884 85.5599979435023,28.1194371850462 85.5599967269053,28.1194263044461 85.5600009414045,28.1194166884309 85.5600026420359,28.1193913480461 85.5600260025046,28.1193758954631 85.5600479527579,28.1193640506702 85.5600645364478,28.1193461118266 85.5600716036199,28.1193268654871 85.560075979444,28.1193051758069 85.5600624420502,28.1192989959362 85.5600460842424,28.1193000316531 85.5600339086571,28.1192938660838 85.5600327404596,28.1192793633851 85.5600410242327,28.1192709976473 85.5600521284187,28.1192554163198 85.5600646266742,28.1192374345629 85.5600594053246,28.1192204742197 85.5600567946504,28.119211994048 85.5600514442329,28.1192046926344 85.5600186641091,28.1192115935295 85.5599887043986,28.119211278829 85.5599806465106,28.1192027414371 85.5599807755871,28.1191930825076 85.5599702522465,28.1191651986465 85.559970558805,28.1191422586888 85.5599721626285,28.1191241625007 85.5599818888698,28.1191097742398 85.5600248630839,28.1190534714672</coordinates></LinearRing></outerBoundaryIs></Polygon></MultiGeometry>
  </Placemark>
  <Placemark>
	<Style><LineStyle><color>ff0000ff</color></LineStyle><PolyStyle><fill>0</fill></PolyStyle></Style>
      <MultiGeometry><Polygon><outerBoundaryIs><LinearRing><coordinates>85.5595368899235,28.1196931689256 85.5595167966542,28.1197189198033 85.5595091210805,28.1197327258073 85.5595089596783,28.1197447994658 85.5595088144162,28.1197556657584 85.5595086288035,28.1197695504655 85.5595132014623,28.1197840889396 85.5595192085651,28.119793208577 85.5595279473633,28.1198017531503 85.5595381528849,28.1198024641547 85.5595422221816,28.1198037144489 85.5595462188491,28.1198103978893 85.5595447521276,28.1198182314579 85.5595425238001,28.119832094701 85.5595492037444,28.1198418251748 85.5595622378034,28.1198347169182 85.5595705055168,28.1198275585782 85.5595800382046,28.119827658742 85.559577890579,28.1198354851565 85.55957091205,28.1198480909524 85.5595687563534,28.1198565210497 85.5595595737048,28.1198811790395 85.5595539489139,28.1198944028265 85.5595508379304,28.1199233509879 85.559547920624,28.119937810759 85.5595497373862,28.1199547353448 85.5595475090557,28.1199685985876 85.5595486368409,28.1199861197015 85.5595771703879,28.1199912496603 85.5595935121634,28.1199914213694 85.5596125937076,28.1199904143283 85.559629024248,28.1199839455209 85.5596488754615,28.1199763051167 85.5596748709756,28.1199675217306 85.5596926149084,28.1199646893211 85.5597028123779,28.1199660039967 85.5597178084741,28.119964954017 85.5597314911694,28.1199602676302 85.5597472327227,28.1199543953373 85.5597541224821,28.1199484300448 85.5597569752111,28.119938799732 85.5597503033108,28.1199284655846 85.5597532044524,28.119915213174 85.5597458677847,28.1199036645068 85.5597357752161,28.119894501956 85.5597440913362,28.1198837215075 85.5597456387327,28.1198698511066 85.5597280158507,28.1198636282791 85.5597172746566,28.1198520438414 85.5597113078786,28.1198399057972 85.5597039792893,28.119827753445 85.5596891203874,28.1198185408135 85.5596823758782,28.1198136398098 85.5596695274217,28.1198068633703 85.559656711244,28.1197976721977 85.5596453375743,28.1197824585029 85.5596290442468,28.1197786647035 85.5596264658733,28.1197677697933 85.5596314339505,28.1197527277994 85.5596439161973,28.1197359534527 85.5596598675222,28.1197143854116 85.5596804237962,28.1197049411058 85.5596850448909,28.1197158574772 85.5596760075271,28.1197296491834 85.559668307765,28.1197452662459 85.5596722883001,28.1197531570489 85.5596810997302,28.1197562684662 85.5596857531034,28.1197647701057 85.5596835167262,28.1197792370349 85.559673814589,28.1197918142207 85.5596778112644,28.1197984976575 85.5596975091276,28.1198023272211 85.5596987983183,28.1198077746757 85.5596973477461,28.1198144008804 85.5597033710045,28.1198223131444 85.5597129198304,28.1198212059329 85.5597191044697,28.1198170445368 85.5597246082022,28.1198128759866 85.5597315140911,28.1198057033289 85.5597384683922,28.1197949085729 85.5597522478899,28.1197829779873 85.5597740852954,28.119779584805 85.5597891701194,28.1197718943035 85.5598063460698,28.1197606031625 85.5598098877627,28.1197503763184 85.5598249806485,28.1197420821297 85.5598302907336,28.1197524019671 85.5598383244435,28.1197627504172 85.5598582562837,28.1197490731503 85.5598761776738,28.1197329596891 85.5598750094956,28.1197184569905 85.5598546065299,28.1197164313486 85.5598424228423,28.1197108694444 85.5598431844302,28.1197048397675 85.5598508115507,28.1196946558411 85.5598611300191,28.1196869152589 85.5598708401931,28.1196737343755 85.559857262426,28.1196705728986 85.5598449577202,28.11967406624 85.5598190349056,28.1196774165148 85.5598096313245,28.11966765744 85.559809087582,28.1196573876755 85.5597989950299,28.1196482251297 85.5597819320569,28.1196510647086 85.5597736482339,28.1196594304284 85.5597497277934,28.1196658205657 85.5597409082996,28.119663312836 85.5597254169244,28.1196504709574 85.5597235436552,28.1196377721533 85.5597237292392,28.1196238874446 85.5597217994884,28.1196154144214 85.559702101658,28.1196115848625 85.5596938339703,28.1196187432115 85.5596876009275,28.1196265267048 85.5596663314875,28.1196383785902 85.5596431161594,28.1196429648139 85.559623337633,28.1196451720733 85.5595980392385,28.1196527552412 85.5595803276343,28.1196531729085 85.5595633292144,28.1196511829964 85.5595537400534,28.1196553086126 85.5595474827889,28.1196649031479 85.5595425631241,28.119676323041 85.5595368899235,28.1196931689256</coordinates></LinearRing></outerBoundaryIs></Polygon></MultiGeometry>
  </Placemark>
  <Placemark>
	<Style><LineStyle><color>ff0000ff</color></LineStyle><PolyStyle><fill>0</fill></PolyStyle></Style>
      <MultiGeometry><Polygon><outerBoundaryIs><LinearRing><coordinates>85.5606498177488,28.1201646278994 85.5606536595129,28.1201574230222 85.5606547816739,28.1201498877063 85.560656905038,28.1201438723222 85.560663786698,28.1201385106658 85.5606692460621,28.1201376623347 85.5606724109472,28.1201301484661 85.5606728925166,28.1201195875847 85.560672247895,28.1201168638612 85.5606678865001,28.1201119879259 85.5606696492491,28.1201074781749 85.5606761864201,28.1201024147848 85.5606823468498,28.1201000643942 85.5606889283697,28.1200916807458 85.5606893333328,28.1200868548547 85.5606883522885,28.1200838257151 85.5606867387179,28.1200771673271 85.5606904837129,28.1200772066471 85.5606972484451,28.1200805983953 85.5607146599854,28.1200771585955 85.5607218820924,28.1200718005104 85.5607257036896,28.1200661048389 85.5607268097175,28.1200597768884 85.5607234898429,28.1200534024701 85.5607115941109,28.1200517681557 85.5607048092211,28.1200498856163 85.5606942470832,28.1200503784896 85.5606812372581,28.1200556758059 85.5606774479136,28.1200589567433 85.5606759732059,28.1200673940099 85.5606680580934,28.1200736504681 85.5606578122159,28.1200759579627 85.5606540954443,28.1200738057507 85.5606545326641,28.1200665651269 85.56064468772,28.1200643485712 85.5606357673716,28.1200693869372 85.5606248204259,28.120073196488 85.5606156805821,28.12006917603 85.5606085713673,28.1200660825447 85.5605959060225,28.1200710815858 85.560592352295,28.1200822139769 85.5605858272178,28.1200863718381 85.5605779362916,28.1200908172414 85.5605703374331,28.120098888318 85.5605590056742,28.1201060145459 85.5605443056619,28.1201103884495 85.5605354094986,28.1201136157591 85.560525135389,28.1201180361346 85.5605118415461,28.1201191040771 85.5605015351763,28.1201259391834 85.560498759122,28.1201298345237 85.5605010737518,28.1201349908556 85.5605027437643,28.1201374234633 85.5605009527815,28.1201440461029 85.5604967624889,28.1201518510836 85.5604932732661,28.1201581540063 85.5604877453493,28.1201641336371 85.5604818366535,28.1201731281082 85.5604823602985,28.1201849070796 85.5604846668637,28.1201906670949 85.5604777489,28.1201987453159 85.5604728534999,28.1202083541949 85.560475131838,28.1202162271013 85.560485305149,28.1202193527693 85.5604869670976,28.1202223890603 85.5604820676647,28.1202322997811 85.5604826276014,28.1202413621784 85.5604962215905,28.12024331623 85.560511626726,28.1202371384329 85.560524316288,28.1202303283512 85.5605339982094,28.1202192603116 85.5605470604802,28.1202100390699 85.5605570384977,28.1202022948609 85.5605670124816,28.1201948524926 85.560579369645,28.1201874351474 85.5605906570584,28.1201836291756 85.5605954435807,28.1201821700147 85.5606035983583,28.1201834631757 85.5606168639845,28.1201845081157 85.5606257319275,28.1201833936921 85.5606322247533,28.1201816505619 85.5606498177488,28.1201646278994</coordinates></LinearRing></outerBoundaryIs></Polygon></MultiGeometry>
  </Placemark>
  <Placemark>
	<Style><LineStyle><color>ff0000ff</color></LineStyle><PolyStyle><fill>0</fill></PolyStyle></Style>
      <MultiGeometry><Polygon><outerBoundaryIs><LinearRing><coordinates>85.5613223746917,28.1206697964026 85.5613245302716,28.1206613662743 85.5613300017488,28.1206596123927 85.5613396070592,28.1206542792869 85.5613520246776,28.1206423342475 85.561356879722,28.1206357437522 85.561365796057,28.1206310071818 85.5613781330705,28.1206250989732 85.561391848026,28.1206179976881 85.561400180164,28.1206060097696 85.5614085445392,28.120591607117 85.5614222917272,28.1205820910952 85.5614292297974,28.1205725036169 85.5614246568485,28.1205579651975 85.5614125132787,28.1205493850102 85.561395538853,28.1205455842691 85.5613812558343,28.1205442268423 85.5613684635982,28.1205332247721 85.5613528590594,28.1205288346341 85.5613290432866,28.1205273771591 85.5613106586837,28.1205271842156 85.5612903119513,28.1205209329978 85.5612726888659,28.1205147103623 85.5612590625829,28.1205151711192 85.5612359277262,28.1205137207746 85.5612222611394,28.1205171999444 85.5612037314432,28.1205278732861 85.5611817810651,28.1205397182581 85.5611762773478,28.1205438868671 85.5611705317976,28.1205661659746 85.5611588031416,28.1205775144609 85.5611478118233,28.12058464431 85.5611442863471,28.1205936638246 85.5611352410254,28.1206080593128 85.5611214212576,28.1206230084541 85.5611185847511,28.1206314314316 85.5611245839756,28.1206411546876 85.5611381457842,28.1206455234109 85.5611558011268,28.120649331331 85.5611652290992,28.1206572792699 85.5611658535832,28.1206615121997 85.5611719011803,28.1206676133541 85.5611949715807,28.120673893177 85.5612079492153,28.1206710105474 85.5612230179505,28.1206645272565 85.5612386950494,28.12066348426 85.5612536751147,28.120663641482 85.5612665882621,28.1206655883132 85.5612775150975,28.1206632879211 85.5612876723552,28.1206676208984 85.5612957788171,28.1206725361197 85.5613086839062,28.1206750866303 85.5613223746917,28.1206697964026</coordinates></LinearRing></outerBoundaryIs></Polygon></MultiGeometry>
  </Placemark>
  <Placemark>
	<Style><LineStyle><color>ff0000ff</color></LineStyle><PolyStyle><fill>0</fill></PolyStyle></Style>
      <MultiGeometry><Polygon><outerBoundaryIs><LinearRing><coordinates>85.5618251105409,28.1199185502939 85.5618195706225,28.1199254355071 85.5618182047788,28.119925723062 85.5618144033863,28.1199299095576 85.5618150440076,28.1199329351187 85.5618176628939,28.1199408115782 85.5618186157688,28.1199459536033 85.5618270787719,28.1199496649972 85.5618369358196,28.1199509759432 85.561844101465,28.1199498435812 85.5618529774366,28.1199481253934 85.5618614605836,28.1199503275764 85.5618668756176,28.1199527994563 85.5618784429926,28.1199535245738 85.5618839103969,28.1199520725101 85.5618869382259,28.11995482123 85.5618906066786,28.1199605955106 85.5618990535718,28.1199655142673 85.5619010237843,28.1199709688482 85.5619104920407,28.1199758983188 85.5619204498006,28.1199696632146 85.5619205343958,28.1199633245374 85.5619182720687,28.119954244284 85.5619235923784,28.119938300242 85.5619151817412,28.119930664911 85.5619193920654,28.1199213506737 85.5619279275799,28.1199196289095 85.5619358627524,28.1199118631664 85.5619301797744,28.1199039545658 85.5619254698186,28.1198996787807 85.5619269444262,28.1198912414968 85.5619362696092,28.1198813771469 85.5619414610077,28.1198750920408 85.5619412051476,28.1198687497921 85.5619303348015,28.1198668244559 85.5619210821291,28.1198712556535 85.5619135035258,28.1198778176002 85.5619073431333,28.1198801680477 85.5618936806748,28.1198833454468 85.5618859026101,28.1198793393584 85.5618811604296,28.119877478306 85.5618737550471,28.1198710610544 85.5618669500032,28.1198706877809 85.5618570687913,28.1198711878879 85.5618519297589,28.1198735490477 85.5618484527092,28.1198789464831 85.5618456404523,28.1198855584288 85.561838787065,28.1198888072551 85.5618309042591,28.1198926490495 85.5618264058466,28.1198980357692 85.5618246391205,28.119902847379 85.5618252555704,28.1199076839905 85.5618275702605,28.1199128403024 85.5618251105409,28.1199185502939</coordinates></LinearRing></outerBoundaryIs></Polygon></MultiGeometry>
  </Placemark>
  <Placemark>
	<Style><LineStyle><color>ff0000ff</color></LineStyle><PolyStyle><fill>0</fill></PolyStyle></Style>
      <MultiGeometry><Polygon><outerBoundaryIs><LinearRing><coordinates>85.5594967472791,28.1196649737996 85.5595026439201,28.1196568848966 85.5595017436142,28.1196478189204 85.5594991128003,28.1196408479472 85.5594961576744,28.1196326660306 85.5594948644607,28.1196275204159 85.559492249788,28.1196193420767 85.5594968007572,28.1196100314982 85.5595030217072,28.1196031535384 85.5595095225834,28.1196008067777 85.5595217990453,28.1195994263568 85.5595296899753,28.1195949810143 85.5595395751996,28.1195941792331 85.5595413621953,28.1195878584489 85.5595383546132,28.1195836004722 85.5595298957588,28.1195795870993 85.5595142067058,28.1195815354301 85.5595070128211,28.1195847805606 85.5595014687421,28.119591967517 85.5594955721048,28.1196000564201 85.559485898209,28.1196105207024 85.5594834303047,28.1196168343308 85.5594727754001,28.119624269465 85.5594672595628,28.1196293435296 85.5594606335937,28.1196410473734 85.559459450829,28.1196531102991 85.5594647770151,28.1196622227835 85.5594694344024,28.1196704225882 85.5594750687617,28.1196819533815 85.5594791098072,28.1196853165676 85.5594947787005,28.1196848774488 85.559500931059,28.1196831307942 85.5595054174696,28.1196786496789 85.5595071641184,28.11967534731 85.5595072327143,28.1196702160051 85.5595028189353,28.1196692639741 85.5594987254336,28.1196698247277 85.5594967472791,28.1196649737996</coordinates></LinearRing></outerBoundaryIs></Polygon></MultiGeometry>
  </Placemark>
  <Placemark>
	<Style><LineStyle><color>ff0000ff</color></LineStyle><PolyStyle><fill>0</fill></PolyStyle></Style>
      <MultiGeometry><Polygon><outerBoundaryIs><LinearRing><coordinates>85.5611868897727,28.1192135955561 85.5611452378164,28.1192219130281 85.5611435315287,28.1192221970033 85.5611319400574,28.1192232828769 85.5611251189368,28.119224116935 85.561114560911,28.1192243080021 85.5610978586368,28.1192256421137 85.5610930560415,28.1192283086609 85.5610872159694,28.1192321718543 85.5610847723506,28.1192366744655 85.5610765652395,28.1192393052774 85.5610619298555,28.1192388497752 85.5610602719348,28.119235511649 85.5610640813911,28.1192307214906 85.5610689323543,28.1192244328442 85.5610724456948,28.1192163188535 85.561070799866,28.1192120752023 85.5610616238002,28.119210771351 85.5610479775291,28.1192127413015 85.5610328968994,28.1192201301066 85.5610236321576,28.1192254667698 85.5610129854551,28.1192322983461 85.5610105095872,28.1192392156893 85.5610077093906,28.1192449220921 85.5610028060226,28.119255134678 85.5610013595697,28.1192614590587 85.5609967926211,28.1192719770597 85.5609940448234,28.1192737595202 85.5609899110343,28.119277338736 85.5609823928829,28.1192793730061 85.560972419014,28.1192868154098 85.5609679729883,28.1192882781594 85.5609604145266,28.119293330845 85.5609603258464,28.1192999713618 85.5609633133243,28.1193057385175 85.5609656440844,28.1193096874757 85.5609781964582,28.1193131399629 85.5609880937432,28.1193114325507 85.560999393143,28.1193067210159 85.5610062142695,28.1193058869643 85.5610102231051,28.1193116648401 85.5610145603007,28.1193183518145 85.5610189297428,28.1193226240554 85.5610202189962,28.1193280715001 85.5610177350648,28.1193355925267 85.5610108373516,28.1193421615706 85.5610055894964,28.1193526724244 85.5610038227443,28.1193574840229 85.5610020237455,28.1193647103547 85.5609999004178,28.1193707257461 85.5609967234875,28.1193791451498 85.5609963185423,28.1193839710429 85.5609983249766,28.1193867090601 85.5610034156327,28.1193879700321 85.5610167496902,28.1193838836216 85.5610219048385,28.119380315126 85.5610274165615,28.1193755428372 85.5610312905161,28.1193659232132 85.5610344351975,28.1193599185421 85.5610369030056,28.1193536048819 85.5610438128101,28.1193461303116 85.5610486557187,28.1193404453496 85.5610541714691,28.1193353712179 85.5610617541135,28.119328507477 85.5610659040249,28.1193237208923 85.5610714157429,28.1193189486015 85.5610779729993,28.1193123759807 85.5610838090457,28.1193088146296 85.5610920443759,28.1193040709257 85.5611036882528,28.1192990611137 85.5611098647494,28.1192955033349 85.5611190972496,28.1192925813996 85.5611245807506,28.1192899219983 85.5611321230831,28.1192860766702 85.5611403987136,28.1192783145462 85.5611435030823,28.1192753282891 85.5611537932082,28.119269700496 85.5611592847679,28.1192664374099 85.5611664503729,28.1192653050817 85.5611756627177,28.119263892351 85.5611832090768,28.1192597451782 85.5611897461715,28.1192546817602 85.5611942445865,28.119249295061 85.5612025685725,28.1192379108325 85.5612067184742,28.1192331242431 85.5612146173721,28.1192280751164 85.5612177096467,28.1192259943827 85.5612194401154,28.1192238993563 85.5612211867047,28.1192205969631 85.5612191883279,28.1192172552655 85.5612113982464,28.1192141546663 85.5611977922793,28.1192131062148 85.5611868897727,28.1192135955561</coordinates></LinearRing></outerBoundaryIs></Polygon></MultiGeometry>
  </Placemark>
  <Placemark>
	<Style><LineStyle><color>ff0000ff</color></LineStyle><PolyStyle><fill>0</fill></PolyStyle></Style>
      <MultiGeometry><Polygon><outerBoundaryIs><LinearRing><coordinates>85.5618501324208,28.1186560318027 85.5618641794839,28.1186495377132 85.5618721266477,28.1186408664436 85.5618777108034,28.1186306609644 85.5618791249692,28.1186267513064 85.561882638228,28.1186186372912 85.5618817377257,28.1186095713222 85.5618756861687,28.118603772042 85.5618647716397,28.1186051669652 85.5618558595252,28.1186096017345 85.5618446126024,28.1186103894009 85.5618388249586,28.1186103286852 85.5618283274172,28.1186059921823 85.5618215587088,28.1186029023331 85.5618035189082,28.1186024111975 85.5617925520086,28.1186077300585 85.5617924472683,28.1186155779457 85.5617929992566,28.118625244027 85.561793174539,28.1186376231129 85.5617910150148,28.1186463550957 85.5617915710314,28.1186557193352 85.5618000621334,28.1186573178349 85.5618126587751,28.1186574499842 85.5618187667291,28.1186590234817 85.5618204246656,28.1186623615995 85.561823440373,28.1186660158454 85.5618322598411,28.1186685234402 85.5618401103285,28.1186670963763 85.561844240038,28.1186638189745 85.5618501324208,28.1186560318027</coordinates></LinearRing></outerBoundaryIs></Polygon></MultiGeometry>
  </Placemark>
  <Placemark>
	<Style><LineStyle><color>ff0000ff</color></LineStyle><PolyStyle><fill>0</fill></PolyStyle></Style>
      <MultiGeometry><Polygon><outerBoundaryIs><LinearRing><coordinates>85.563870362724,28.1181151017188 85.5638595488281,28.1181089507509 85.563851490701,28.118100413577 85.5638558496179,28.1180799311109 85.5638642456404,28.118063113547 85.5638671301288,28.1180510683938 85.5638454701701,28.1180411811939 85.5638400873621,28.1180362946566 85.5638347850077,28.1180253712768 85.5638240033042,28.1180168055695 85.5638132055115,28.1180094472299 85.5638078548884,28.1180021459544 85.5637957918525,28.1179875291367 85.5637727379392,28.1179800423964 85.5637400549381,28.117979699995 85.5637305223963,28.1179796001264 85.5637114251288,28.1179818151241 85.563693560915,28.1179937033334 85.5636825700265,28.1180008334043 85.563652578419,28.1180029342534 85.5636280822572,28.118001470063 85.5636157778509,28.1180049637553 85.5635843278893,28.1180142945311 85.5635623299992,28.1180297620221 85.5635498163683,28.1180489514961 85.5635590753224,28.1180695766384 85.563553354557,28.1180900448242 85.5635488346438,28.1181226009613 85.5635459179301,28.1181370608428 85.56358664299,28.1181471478498 85.5636001804607,28.1181533273755 85.5636207039264,28.1181462971896 85.5636357480292,28.1181416246652 85.5636641686782,28.1181552053419 85.5636954255685,28.1181603629694 85.563706191183,28.1181701360551 85.5637032583965,28.1181858033089 85.5637002451479,28.1182075074044 85.5637067161851,28.1182329334764 85.5637076434911,28.1182655466888 85.5637032362603,28.1182896512533 85.5637030431531,28.1183041396732 85.563689183809,28.1183221075232 85.5636848087562,28.1183437973501 85.563687371424,28.1183558995684 85.5637062273744,28.1183717951014 85.5636909740397,28.1183921634203 85.5636810552396,28.1184210403861 85.5636888719878,28.1184476880944 85.5637146013118,28.1184588254914 85.5637418533587,28.1184579034677 85.5637664139932,28.1184545381682 85.5637813937681,28.1184546951027 85.5637894519146,28.1184632322811 85.5637892105434,28.1184813428062 85.5637890013548,28.1184970385946 85.5638268581593,28.1185179633174 85.563867760388,28.1185147691945 85.5639006527256,28.1184994157824 85.5639213049605,28.1184827266062 85.5639296527378,28.1184695311453 85.5639367030742,28.118451491945 85.5639437373185,28.1184346601126 85.5639398450022,28.1184201288962 85.5639224473441,28.1183970034485 85.5639130434843,28.1183872446439 85.56389260044,28.1183882380304 85.5638765163227,28.1183687489482 85.5638835022994,28.1183555392241 85.5639014148254,28.1183400288868 85.5639246136329,28.1183366492922 85.5639438074982,28.1183271900564 85.5639794716269,28.1183082430471 85.5640013729854,28.1183000197006 85.5640205507491,28.118291767822 85.564036956653,28.118287109518 85.5640492449916,28.1182848231572 85.5640517433461,28.1183017548443 85.5640447091282,28.1183185866835 85.5640417442085,28.1183366686829 85.5640226629704,28.1183376763532 85.5640063696805,28.1183338830758 85.5639804151044,28.1183396488919 85.5639583689313,28.1183587385507 85.5639444452626,28.1183815359015 85.5639509163665,28.1184069619638 85.5639616820288,28.1184167350309 85.5639916254817,28.1184182562237 85.5640121167982,28.1184136407172 85.5640229950882,28.1184149622004 85.5640268391495,28.1184331155203 85.5640183304984,28.1184583846724 85.5640152368583,28.1184861256183 85.5640231180492,28.1185079438367 85.5640379047693,28.118522589165 85.5640609266407,28.118532490602 85.5640855355495,28.1185255031401 85.5640897657386,28.1185146796148 85.5640994752969,28.1185014984066 85.564141787576,28.1184946963594 85.564162037593,28.1185081913589 85.5641673400026,28.1185191147274 85.5641699027283,28.1185312169385 85.5641710393066,28.1185481343608 85.5641748994839,28.1185650803088 85.5641856651824,28.1185748533594 85.5642030146649,28.1186016008817 85.5642342878018,28.1186055510232 85.5642615398862,28.1186046288974 85.5642969788558,28.1186025849677 85.5643323534827,28.1186053705032 85.5643623613373,28.1186020621426 85.5643910717295,28.1185939100401 85.564414383172,28.1185820787837 85.5644308373587,28.1185737983277 85.5644323600011,28.1185617389014 85.5644298454981,28.1185460145881 85.5644313842243,28.118532747793 85.5644330355397,28.1185110294172 85.5644304727847,28.1184989272099 85.5644183291874,28.1184903472862 85.5644157503499,28.1184794524473 85.5644145493957,28.1184673645002 85.5644188599714,28.1184505041199 85.5644244840908,28.1184372801057 85.5644287785794,28.1184216270936 85.56442341181,28.1184155332091 85.5644030170149,28.1184129045656 85.5643770141829,28.1184222925628 85.5643590695382,28.1184402177014 85.5643466042502,28.1184557851446 85.5643342032998,28.118466523112 85.5643233249996,28.1184652016532 85.5643140015243,28.1184494060315 85.5643181995166,28.1184409972353 85.5643333562315,28.1184278730545 85.564313122292,28.1184131707113 85.5642815596614,28.1184309532247 85.564275983783,28.1184405551266 85.5642756942358,28.1184622877614 85.5642714640674,28.1184731112934 85.5642468551813,28.1184800987895 85.5642317627945,28.1184883934858 85.564222326725,28.1184810494383 85.564211561032,28.1184712763907 85.5641980234843,28.1184650969229 85.564194066785,28.1184553951866 85.5641970960308,28.1184324837091 85.5641932358537,28.1184155377615 85.5642031223443,28.1183890754907 85.564230535238,28.1183760796831 85.5642648053676,28.1183595330734 85.5642757962575,28.1183524029561 85.5642868032317,28.1183440654692 85.5642978102042,28.1183357279813 85.5643099216035,28.1183467226522 85.5643165697326,28.1183588676455 85.5643410338203,28.1183627464534 85.5643669401313,28.1183606026745 85.5643777058284,28.1183703757102 85.5643923960729,28.1183922652137 85.564411493404,28.1183900501234 85.564417390954,28.1183563008416 85.5644175678813,28.1183430197859 85.5644204684015,28.1183297672508 85.5644083248234,28.1183211873268 85.5643784457262,28.118314836751 85.5643704679658,28.1183002627624 85.5643556973129,28.1182844101003 85.5643531345708,28.1182723078917 85.5643599918043,28.1182687570901 85.5643886538529,28.1182642270906 85.5644067110526,28.1182378503654 85.5644097563294,28.1182137315119 85.5643935434645,28.1182039014371 85.5643827616973,28.1181953357717 85.5643705859677,28.1181891705822 85.5643611177439,28.118184241282 85.5643490224415,28.1181720392472 85.5643423582342,28.1181611016242 85.5643290137384,28.1181404337459 85.5643196420324,28.118128260231 85.5642991668672,28.1181316684174 85.5642921166141,28.1181497076402 85.5642877095191,28.1181738122289 85.5642792331233,28.1181966666638 85.5642762682471,28.1182147486702 85.5642745043067,28.1182449186246 85.56426473045,28.1182629293218 85.5642509194608,28.1182772751265 85.564238663299,28.1182771467683 85.5642265358283,28.1182673594602 85.564225479674,28.1182444051944 85.5642432956167,28.1182361390214 85.5642475740358,28.1182216933838 85.5642423198896,28.1182071479124 85.5642465822215,28.1181939096434 85.5642399019374,28.1181841793844 85.5642276296999,28.1181852583943 85.5642168962075,28.1181730706105 85.5642143173967,28.1181621757684 85.5641995950453,28.1181427009848 85.5641861540592,28.1181292773054 85.5641699573153,28.1181182398366 85.5641455254647,28.1181119462631 85.564129167854,28.1181129824756 85.5641129389436,28.1181043597376 85.5640980718291,28.1180957512611 85.5640666540533,28.1181026674109 85.5640473637092,28.1181193708773 85.5640306038849,28.1181505912912 85.5640289042319,28.1181759317661 85.564020234718,28.1182132746051 85.5640024670301,28.1182179186432 85.5639930953556,28.1182057451071 85.5639974381621,28.1181864700045 85.5639894282852,28.1181743107327 85.5639691300842,28.1181644378157 85.5639582839989,28.1181607015922 85.563944537342,28.1181702178913 85.5639334820922,28.1181821774559 85.5639144169711,28.1181819777437 85.5638912825572,28.118180527864 85.5638748766643,28.118185186151 85.5638585994936,28.1181801854886 85.563858760398,28.1181681118043 85.5638698156543,28.1181561522458 85.563880854818,28.1181454000549 85.5638850850107,28.1181345765355 85.5638865111648,28.1181297613272 85.5638865594351,28.1181261392218 85.563870362724,28.1181151017188</coordinates></LinearRing></outerBoundaryIs></Polygon></MultiGeometry>
  </Placemark>
  <Placemark>
	<Style><LineStyle><color>ff0000ff</color></LineStyle><PolyStyle><fill>0</fill></PolyStyle></Style>
      <MultiGeometry><Polygon><outerBoundaryIs><LinearRing><coordinates>85.5632568571745,28.1180078441569 85.5632601650717,28.118015124045 85.563261502718,28.1180169493689 85.5632655558997,28.1180194069201 85.5632750079588,28.1180255436618 85.5632804148847,28.1180286191682 85.5632892584847,28.1180293156166 85.5632967161477,28.1180318088454 85.5633041174732,28.1180385278623 85.5633054068309,28.1180439752903 85.563305967003,28.1180530376871 85.5633058865202,28.1180590745279 85.5633084813329,28.1180687620156 85.5633200163287,28.1180719017409 85.5633240212248,28.1180779813949 85.5633225548056,28.1180858150169 85.5633210642416,28.1180954596911 85.5633208952292,28.1181081370568 85.5633268945272,28.1181178602219 85.5633350330939,28.1181203605843 85.5633444529734,28.118128912058 85.5633587035156,28.1181326840061 85.563367506885,28.1181363988702 85.5633824866131,28.1181365558467 85.5633879740261,28.1181335945082 85.5633942308615,28.1181239997796 85.5634051493513,28.11812230289 85.5634153467057,28.1181236172849 85.5634263134809,28.118118298289 85.5634325059313,28.1181135330313 85.5634414380625,28.118107588945 85.5634524611671,28.118098044158 85.5634635003646,28.1180872920019 85.5634738264742,28.1180789474465 85.5634841928185,28.1180675844696 85.5634815658008,28.1180603117211 85.5634618519983,28.1180576900755 85.5634435160845,28.1180538753288 85.56343814939,28.1180477814081 85.5634294345484,28.1180374260234 85.563421432795,28.1180246630368 85.5634120370608,28.118014300516 85.5633992207535,28.1180051096872 85.5633809009468,28.1180000875643 85.5633686287253,28.1180011664977 85.5633488586011,28.1180027706251 85.5633223278065,28.1180006812899 85.5633183953469,28.117989168479 85.5633178915111,28.1179758802935 85.5633104499478,28.1179721796979 85.5632927064188,28.1179750125921 85.5632777186653,28.1179754592908 85.5632689153122,28.1179717444214 85.5632505874694,28.1179673259655 85.5632396850908,28.1179678154752 85.5632260188862,28.1179712948604 85.563223927907,28.1179748955568 85.5632252092114,28.1179809466694 85.5632326266262,28.1179864583218 85.5632318732924,28.1179918843424 85.5632290933685,28.117996081587 85.5632310233745,28.1180045545718 85.5632384729857,28.1180076514877 85.5632568571745,28.1180078441569</coordinates></LinearRing></outerBoundaryIs></Polygon></MultiGeometry>
  </Placemark>
  <Placemark>
	<Style><LineStyle><color>ff0000ff</color></LineStyle><PolyStyle><fill>0</fill></PolyStyle></Style>
      <MultiGeometry><Polygon><outerBoundaryIs><LinearRing><coordinates>85.5622484655381,28.1184555325151 85.5622622365372,28.1184442053421 85.562267723995,28.1184412440503 85.5622718577101,28.1184376647928 85.5622767125941,28.1184310742571 85.5622896818775,28.1184287951969 85.5622959227186,28.1184204078906 85.5622966519411,28.1184167929287 85.5622912691883,28.1184119063326 85.5622762491583,28.1184147676544 85.5622612693989,28.1184146105557 85.5622483484427,28.1184132675106 85.5622333203572,28.1184167325114 85.5622265435934,28.1184142463659 85.5622239166542,28.1184069735965 85.562220600763,28.1184002973697 85.562214432408,28.1184032515186 85.5622088724599,28.1184116459621 85.5622019829329,28.118417611388 85.5621862578381,28.1184222766099 85.562182780855,28.1184276740573 85.5621880588928,28.1184404085462 85.5621934577513,28.1184440877786 85.5621926399241,28.1184543432611 85.5621925593776,28.1184603800986 85.5622122409957,28.1184654166632 85.5622258670194,28.1184649558017 85.5622285986677,28.1184643806822 85.5622484655381,28.1184555325151</coordinates></LinearRing></outerBoundaryIs></Polygon></MultiGeometry>
  </Placemark>
  <Placemark>
	<Style><LineStyle><color>ff0000ff</color></LineStyle><PolyStyle><fill>0</fill></PolyStyle></Style>
      <MultiGeometry><Polygon><outerBoundaryIs><LinearRing><coordinates>85.5614235177883,28.1200821840936 85.5614168860138,28.1200688316042 85.5613993919472,28.1200529500526 85.5613926957,28.1200444270294 85.5613859994539,28.1200359040059 85.5613876191801,28.1200166004285 85.5613959996268,28.120000990407 85.5614030343744,28.1199841587271 85.5614004558159,28.1199732638437 85.5613815515932,28.1199609900997 85.5613666199834,28.1199572107949 85.5613529857111,28.1199582752472 85.5613476674082,28.1199485591468 85.5613452016945,28.1199292126951 85.5613399156333,28.1199170818608 85.5613236383366,28.1199120808932 85.5613099879496,28.1199143527082 85.5612895284886,28.1199165530613 85.5612813576004,28.1199164673083 85.5612649513415,28.1199211252678 85.5612527917336,28.1199137524355 85.5612474895628,28.1199028289648 85.5612367240146,28.1198930556901 85.5612395604899,28.1198846327082 85.5612546532923,28.1198763383589 85.5612602778766,28.1198631144943 85.5612590611488,28.1198522339011 85.5612524294079,28.1198388814047 85.5612416477445,28.1198303154973 85.5612294397853,28.1198265647635 85.5612116556034,28.1198324157911 85.5612032590236,28.1198492331679 85.5611935328698,28.1198636215175 85.5611837583488,28.1198816319665 85.5611822030757,28.1198961060738 85.561175039327,28.1199225966751 85.5611720255066,28.1199443006891 85.5611772309414,28.1199624683626 85.5611740720243,28.1199950386766 85.56117113881,28.1200107058568 85.5611805103039,28.1200228795768 85.5612008569364,28.1200291308076 85.5611923636087,28.1200531923827 85.5611826213122,28.1200687880971 85.5611767710017,28.1200989150907 85.5611806468699,28.1201146537374 85.5611831931652,28.1201279633573 85.5611871174003,28.1201400799037 85.561186859453,28.1201593977704 85.5611866176273,28.1201775082703 85.5611687527749,28.1201893961231 85.5611374954485,28.1201842379036 85.5611296308654,28.1201612121748 85.561121750163,28.1201393938122 85.5611150539334,28.1201308707762 85.5611055212123,28.1201307707181 85.5610890665453,28.1201390507548 85.561078010777,28.1201510100667 85.5610532562134,28.1201688632653 85.5610408547435,28.1201796009127 85.5610324903547,28.120194003543 85.5610173813671,28.1202035052318 85.5609887831859,28.1202032050346 85.5609710795501,28.1202030191952 85.5609504910343,28.1202148784277 85.5609190885906,28.1202205864571 85.5608889512118,28.1202335529744 85.5608685078095,28.1202345458955 85.560857951896,28.1202090768274 85.5608539954454,28.1201993750059 85.5608377020062,28.1201955813465 85.5608173069887,28.1201929521609 85.5608008361653,28.1202024395282 85.5607815449451,28.1202191424974 85.5607350173508,28.1202355595107 85.5607170718062,28.1202534841343 85.5607195696653,28.1202704158598 85.5606907618145,28.1202858113627 85.5606579652645,28.1202939197654 85.5606291896552,28.1203069005221 85.560612686542,28.120318802598 85.560590768404,28.1203282327423 85.5605416622579,28.1203337547916 85.5605182855156,28.1203504148218 85.5605356827185,28.1203735406799 85.5605561100189,28.1203737551757 85.5605614282682,28.1203834713045 85.5605460772784,28.1204110834327 85.5605402590264,28.1204387956579 85.5605454159861,28.1204605854499 85.5605864319069,28.1204489407741 85.5605989624803,28.1204285442406 85.5606129355108,28.1204021251733 85.5606254338171,28.1203841433696 85.5606418079157,28.1203819002232 85.5606579723524,28.1203953528373 85.5606772152411,28.1203822719869 85.5606963774884,28.1203752279653 85.5607249273305,28.1203791503243 85.5607261278805,28.1203912382861 85.5607149914103,28.1204092343976 85.5606985527992,28.120416307018 85.5606575530295,28.1204267443621 85.56064378967,28.1204374676719 85.5606326531812,28.120455463776 85.5606162306863,28.1204613290197 85.5605889942629,28.1204610430357 85.5605669148048,28.1204825468376 85.5605639169705,28.120503043465 85.5605691223242,28.1205212111574 85.5606004119714,28.1205239547764 85.5606197032753,28.1205072518364 85.5606539100988,28.1204955356454 85.5607071501619,28.120486434354 85.5607237661816,28.120466080703 85.5607238468171,28.1204600438712 85.560734709133,28.1204625729875 85.5607549751846,28.1204748611181 85.5607863454572,28.1204715678624 85.560816692554,28.1204429056076 85.560845613311,28.1204190585144 85.5608566530076,28.1204083065901 85.560860891662,28.1203968794988 85.5608745098672,28.1203970224642 85.5608820321307,28.1203946863617 85.5608941595141,28.1204044739604 85.5609045586067,28.1203906964677 85.5609129955908,28.1203708606976 85.5609261263802,28.1203565081119 85.5609337856995,28.1203439093912 85.5609367189595,28.1203282422184 85.5609676904505,28.1203038128573 85.5609801241904,28.1202906604845 85.5610191617707,28.1202741647655 85.5610396535505,28.1202695497224 85.5610510758407,28.1202811412099 85.5610522199953,28.1202974549532 85.5610602699874,28.1203065959702 85.5610511843723,28.1203240098703 85.5610434444507,28.1203426454309 85.561051526692,28.1203493717154 85.5610753988504,28.120346603454 85.5610905239767,28.1203358943929 85.5611035660636,28.1203281823053 85.5611112414831,28.1203143762072 85.561123723575,28.120297601721 85.5611451058546,28.1202772980431 85.5611664397601,28.1202606164614 85.5611829105625,28.1202511290494 85.5611903925054,28.1202518113459 85.5612061259696,28.1202465425676 85.5612206668881,28.1202285821445 85.5612372988927,28.1202070210588 85.5612462474384,28.1201998697615 85.5612586488911,28.1201891320949 85.5612751357954,28.1201784373043 85.561288226212,28.1201671030976 85.561297311775,28.1201496891796 85.5612995157059,28.1201376369505 85.5613167802283,28.1201197051001 85.5613285410563,28.1201059418636 85.5613416556383,28.120092796601 85.5613478402341,28.1200886351298 85.5613477515749,28.120095275647 85.5613380092962,28.120110871373 85.5613356764102,28.1201325825369 85.5613477554486,28.1201459921965 85.561358553271,28.1201533507299 85.5613672358296,28.1201661209757 85.5613786339665,28.1201795234871 85.5613819740336,28.1201843886825 85.5613804751992,28.1201946370086 85.5613803462426,28.1202042959427 85.5613850481289,28.1202091754294 85.5613842140841,28.1202206382679 85.5613896049403,28.1202249212168 85.5614135979591,28.1202130976443 85.5614197986786,28.1202077288033 85.5614424621099,28.120193476201 85.5614535178437,28.1201815168584 85.5614434170395,28.1201729581108 85.5614269865685,28.1201794271386 85.5614146899076,28.120182316937 85.5614106769897,28.1201768409134 85.5614047261205,28.1201634955691 85.5614001128914,28.1201519755658 85.5614036866881,28.1201393339424 85.5614079655714,28.1201248884142 85.5614135417942,28.1201152866439 85.5614156892944,28.1201074601963 85.5614192630876,28.1200948185723 85.5614199681747,28.1200930146675 85.5614235177883,28.1200821840936</coordinates></LinearRing></outerBoundaryIs></Polygon></MultiGeometry>
  </Placemark>
  <Placemark>
	<Style><LineStyle><color>ff0000ff</color></LineStyle><PolyStyle><fill>0</fill></PolyStyle></Style>
      <MultiGeometry><Polygon><outerBoundaryIs><LinearRing><coordinates>85.5615912753666,28.11970779696 85.5616022665651,28.1197006670701 85.5616091159176,28.1196977200971 85.5616242086666,28.1196894257048 85.5616323956552,28.1196883040698 85.5616364488586,28.1196907616695 85.5616431209305,28.1197010957316 85.561656690704,28.1197048607171 85.5616621701852,28.1197025031365 85.5616785280478,28.1197014672285 85.5616825409631,28.1197069432444 85.5616865135894,28.1197154376778 85.561691054312,28.1197323908241 85.5616949866505,28.1197439036748 85.5617002485712,28.1197578455474 85.5617041486801,28.1197717731318 85.5617046603723,28.1197844576293 85.5617072147848,28.1197971635587 85.561710554856,28.1198020287465 85.561724821667,28.1198045935026 85.5617295316106,28.1198088692943 85.561728762069,28.119815502669 85.5617265823673,28.1198257438569 85.561728544511,28.1198318021236 85.561733878959,28.1198403108435 85.5617460708242,28.1198452689001 85.5617596647924,28.1198472228255 85.5617719452918,28.1198455403613 85.5617794916713,28.1198413931566 85.561792477249,28.1198379067835 85.5618096771838,28.1198248043336 85.5618241051441,28.119815295409 85.5618295685133,28.1198141451889 85.561845172972,28.11981853527 85.5618554107465,28.1198168313683 85.5618623326128,28.1198084512308 85.5618576387777,28.1198029680765 85.5618446693203,28.1198052470889 85.5618523687774,28.1197896298928 85.5618572720929,28.1197794172752 85.5618648990339,28.11976923323 85.5618657249651,28.1197583740694 85.5618685855584,28.1197481400217 85.5618843108616,28.1197434748448 85.5618868975218,28.1197537660374 85.5618875059172,28.1197592063325 85.5619106083996,28.1197630712958 85.5619148791417,28.1197492294315 85.5619164020873,28.1197371700462 85.5619145285574,28.1197244712626 85.5619119177251,28.119715991121 85.5619194802035,28.1197106365409 85.5619251288676,28.1196956015947 85.5619306486255,28.1196902255853 85.5619449557104,28.1196897719004 85.5619511805424,28.1196825919822 85.5619568533696,28.1196657459836 85.5619542908735,28.1196536437413 85.5619469056423,28.1196457172848 85.561942924941,28.1196378265418 85.5619273043907,28.1196346438397 85.5619068449913,28.1196368442876 85.561899403368,28.1196331436137 85.5618920342557,28.1196240097873 85.5618735934046,28.1196280427099 85.5618693871175,28.1196370551047 85.5618625216617,28.1196412094582 85.561859669128,28.1196508398225 85.5618616232196,28.1196575017711 85.5618629044623,28.1196635528929 85.5618655394603,28.1196702219846 85.5618647215871,28.1196804774619 85.5618713695103,28.1196926225643 85.5618740286799,28.1196974806052 85.5618752696395,28.1197065501448 85.5618696934799,28.1197161519367 85.5618586700687,28.1197256965828 85.561852469399,28.1197310654459 85.5618441937815,28.119738827613 85.5618394193797,28.1197393812936 85.5618264821582,28.1197392455704 85.5618087624776,28.1197402672091 85.5618013127936,28.1197371702133 85.5618048220698,28.1197293580448 85.5618103418353,28.1197239820405 85.5618139155678,28.1197113404034 85.5618016914851,28.1197087970873 85.5617886817515,28.1197140945125 85.561783218387,28.1197152447311 85.5617709540175,28.1197157198299 85.5617560224257,28.1197119405682 85.5617520256214,28.1197052571872 85.5617460666749,28.1196925155397 85.5617359658905,28.1196839568139 85.5617251116827,28.1196808240952 85.5617108851767,28.1196752409221 85.5617000390284,28.1196715045179 85.5617001115487,28.1196660713663 85.5616920131987,28.1196605524869 85.5616777544655,28.1196573840445 85.5616689107477,28.1196566874877 85.5616635360233,28.1196511971832 85.5616595069948,28.1196469285337 85.5616576012643,28.1196366444817 85.561659035598,28.1196312256185 85.5616578188313,28.1196203450271 85.5616490315233,28.1196154226846 85.5616388824051,28.1196104860531 85.561630103157,28.119604960026 85.5616199540407,28.1196000233932 85.5616165575717,28.1195993839879 85.5616002480744,28.1195967977882 85.5615880240105,28.1195942544536 85.5615675887899,28.1195946438004 85.5615560698083,28.1195902965572 85.561550006129,28.1195854027873 85.5615453364955,28.1195781085726 85.5615311341892,28.1195707143312 85.5615208480816,28.1195760403103 85.5615077416454,28.1195885819106 85.5615034950355,28.1196006127104 85.5615054491041,28.1196072746633 85.5615128907111,28.119610975358 85.5615168955559,28.1196170550619 85.5615223186237,28.1196189232712 85.5615372743695,28.1196208915072 85.561544659568,28.1196288179846 85.5615472945452,28.1196354870817 85.5615559367948,28.1196512757331 85.5615565290558,28.119657923396 85.5615645871054,28.1196664607005 85.5615679029906,28.1196731369419 85.5615684791353,28.1196809919717 85.5615670367377,28.1196870145172 85.5615628223644,28.1196966305849 85.5615626692511,28.1197081005708 85.5615673469496,28.1197147911016 85.5615727700233,28.119716659309 85.5615871415791,28.1197113761937 85.5615912753666,28.11970779696</coordinates></LinearRing></outerBoundaryIs></Polygon></MultiGeometry>
  </Placemark>
  <Placemark>
	<Style><LineStyle><color>ff0000ff</color></LineStyle><PolyStyle><fill>0</fill></PolyStyle></Style>
      <MultiGeometry><Polygon><outerBoundaryIs><LinearRing><coordinates>85.5623916251008,28.1195417034238 85.5623896790318,28.1195344377978 85.5623862825594,28.1195337984115 85.5623733695215,28.1195318516898 85.5623631639968,28.1195311408968 85.5623481035403,28.1195370206388 85.5623350938523,28.1195423181178 85.562335831137,28.1195380994727 85.5623434499617,28.119528519082 85.5623579664314,28.1195123695769 85.5623655449821,28.1195058076033 85.5623759599076,28.1194908226197 85.5623631032533,28.1194846501112 85.5623549404481,28.1194839607397 85.5623371724863,28.1194886045506 85.5623261733017,28.119496338186 85.5623104158346,28.1195034181506 85.5623056978254,28.1194997460621 85.5622996421698,28.1194942486405 85.5622921361061,28.1194953774572 85.5622838363744,28.119504950704 85.5622829299435,28.119521846706 85.5622827527444,28.1195351277469 85.5622812137346,28.1195483945057 85.562281004317,28.1195640902812 85.5622714313683,28.1195670087245 85.5622578052049,28.1195674695853 85.5622427769569,28.1195709345807 85.5622311451806,28.1195750389645 85.5622236471655,28.1195755640936 85.5622155487939,28.1195700452443 85.5622108468952,28.1195651657853 85.5622041022807,28.1195602649018 85.5622015478136,28.1195475589793 85.5622091908153,28.1195361675455 85.5622092794194,28.1195295270253 85.5622073091982,28.1195240724481 85.5622082236959,28.1195065727634 85.5622035620748,28.1194986748859 85.5621961446148,28.1194931631771 85.5621893114003,28.1194949028133 85.5621857779949,28.1195045260442 85.562183606399,28.1195141635581 85.5621848554385,28.1195226294123 85.5621840537076,28.1195316775256 85.5621764187587,28.1195424652742 85.5621755284206,28.1195581539075 85.562174630027,28.1195744462243 85.5621799483891,28.1195841622952 85.5621860120982,28.1195890560384 85.5621859154374,28.1195963002421 85.5621823739729,28.1196065271564 85.5621808430045,28.1196191902298 85.5621819631629,28.1196373150222 85.5621886755607,28.1196446306414 85.5621947151084,28.1196513354351 85.5621966450558,28.1196598084307 85.5622005693917,28.1196719249525 85.5622148361997,28.1196744896575 85.5622327250194,28.119660790609 85.5622539942003,28.1196489383152 85.5622781883641,28.1196220224905 85.5623221609962,28.1195928990127 85.5623345542193,28.1195827649249 85.5623427895195,28.1195780211447 85.5623565364958,28.11956850502 85.5623916251008,28.1195417034238</coordinates></LinearRing></outerBoundaryIs></Polygon></MultiGeometry>
  </Placemark>
  <Placemark>
	<Style><LineStyle><color>ff0000ff</color></LineStyle><PolyStyle><fill>0</fill></PolyStyle></Style>
      <MultiGeometry><Polygon><outerBoundaryIs><LinearRing><coordinates>85.556554582134,28.128349703696 85.5565629477934,28.1283353014011 85.556579484959,28.1283209851628 85.5565973516808,28.1283090979906 85.5566043554135,28.1282946813502 85.5565990533499,28.1282837577147 85.5565718311764,28.1282822634969 85.5565555690608,28.1282760545675 85.5565748624103,28.1282593522899 85.5565750727355,28.1282436565737 85.5565806983707,28.1282304329543 85.5565917069569,28.1282220961564 85.5566204528159,28.128211531084 85.5566505767642,28.1281997729845 85.556658861509,28.1281914074967 85.5566774430096,28.1282278291684 85.5566895546643,28.1282388245098 85.556730671012,28.1282199369486 85.5567512291806,28.1282104931631 85.5567596271561,28.1281936761288 85.5567530925791,28.1281730792547 85.5567629980575,28.1281454102949 85.5567742007399,28.1281225851265 85.5567771995718,28.1281020886386 85.5567365038785,28.1280895847807 85.5567037855578,28.1280916553148 85.5566722188419,28.1281094359001 85.5566325615124,28.1281210936104 85.5566053070222,28.1281220141264 85.5565833060499,28.1281374803616 85.5565775833479,28.1281579481583 85.5565421573523,28.1281587826045 85.5565231552456,28.1281537523484 85.5564686786087,28.1281531786053 85.5564537622544,28.1281481913713 85.5564430287304,28.1281360029916 85.5564433037948,28.1281154778251 85.5564368663649,28.1280876367616 85.5564289699411,28.1280670255301 85.556429277368,28.128044085638 85.5564375621169,28.1280357201637 85.5564405448291,28.1280164310479 85.5564462837283,28.1279947558944 85.5564371062961,28.1279680935054 85.5564347060738,28.1279439175621 85.5564631768127,28.1279538776871 85.5564697436819,28.1279720598477 85.556498311509,28.1279747757891 85.5565130013306,28.1279966660968 85.5565292310437,28.1280052897554 85.5565469521057,28.1280042688528 85.5565563884308,28.1280116134303 85.5566041039624,28.1280084933354 85.5566438583201,28.1279895914545 85.5566619029332,28.1279644232793 85.5566729276629,28.1279548791106 85.5566705435651,28.1279294958064 85.5566435479694,28.1279110985258 85.5566287125293,28.1279000744972 85.556600468284,28.1278732113263 85.5565829575644,28.1278585365196 85.5566021537623,28.1278490784114 85.556619648305,28.1278649605786 85.5566357647624,28.1278820357645 85.556660230656,28.1278859160081 85.5566804328615,28.1279030342145 85.5566911340366,28.127917637302 85.5567072666903,28.1279335051172 85.5567348446698,28.1279084373205 85.5567445398279,28.1278964640785 85.5567814732375,28.1278847776506 85.5567912330931,28.1278679749531 85.5567927891195,28.127853500938 85.5567943936737,28.1278354048339 85.556778277197,28.1278183296659 85.5567580426374,28.1278036261996 85.5567266701389,28.1278069184462 85.556688471903,28.1278113463412 85.556655980154,28.1277965137863 85.5566424904613,28.1277867114642 85.5566221103249,28.1277828742448 85.5565906407595,28.1277934106376 85.5565565929741,28.1277930520717 85.5565307328366,28.1277915721931 85.5564979337081,28.1277996794954 85.5564842498753,28.1278043655121 85.5564595251303,28.1278198030427 85.5564227211546,28.1278218304812 85.5563982229249,28.1278203649215 85.5563669474998,28.1278164129087 85.5563561978363,28.127805431886 85.5563346337909,28.1277882992891 85.5563035363755,28.1277710662722 85.5562830753474,28.1277732658165 85.5562694400556,28.1277743297234 85.5562351980928,28.1277884594301 85.5562090466759,28.127808712019 85.5561977144492,28.1278411960402 85.5562042327188,28.1278630002998 85.5562106215293,28.1278944634603 85.5561979921114,28.1279221036839 85.5561922855332,28.1279413641002 85.5562083857485,28.1279596466968 85.5562464222272,28.1279672925651 85.5562598309928,28.1279831317387 85.5562526330494,28.128012036713 85.5562293348686,28.1280226590941 85.5561923204429,28.1280403821819 85.5561691031667,28.1280449677392 85.5561325094999,28.128031299383 85.5561149988223,28.1280166245182 85.5561084320114,28.1279984423429 85.5560923318081,28.1279801597351 85.5560666982175,28.1279617766916 85.5560340608541,28.1279578102541 85.5560015529742,28.1279441849086 85.5559688023212,28.1279486699933 85.5559414022034,28.1279604566412 85.5559305068982,28.1279603418488 85.5559072410719,28.1279685494494 85.5558839590558,28.1279779644084 85.5558511436416,28.1279872789143 85.5558363730243,28.1279714253528 85.5558270015023,28.1279592512779 85.5558216024113,28.1279555717899 85.5557968613538,28.1279722165583 85.5557898413505,28.1279878405173 85.5557990348093,28.1280132955812 85.5558014187018,28.1280386788926 85.555802489243,28.1280604257664 85.5558267608943,28.128078794508 85.5558333600354,28.1280945619702 85.5558386134504,28.1281091077196 85.5558588803071,28.1281213965936 85.5558830224894,28.1281494242255 85.5558975989001,28.1281797661319 85.555916439116,28.1281968700982 85.5559313878213,28.1281994426652 85.5559412125812,28.1281778105851 85.5559265228557,28.1281559202201 85.5559213017989,28.1281389597487 85.5559161454883,28.1281171698273 85.5559246407001,28.1280931086738 85.5559437075076,28.1280933095616 85.5559625477166,28.1281104135215 85.5559759078995,28.1281298748092 85.5559920404742,28.1281457427054 85.5560069082489,28.1281543520764 85.5560338876041,28.1281739568426 85.5560499554551,28.1281946541825 85.5560604785388,28.1282225383041 85.556077956872,28.1282396279014 85.5560873931834,28.1282469725106 85.5561511605227,28.1282657572749 85.5561714598127,28.1282756313797 85.5561862467039,28.1282902775452 85.5562256128484,28.128300352495 85.556241907312,28.1283041467378 85.5562609256123,28.1283079696707 85.5562744315138,28.1283165646681 85.5562972604769,28.1283409557981 85.5563119503031,28.1283628461265 85.5563524518657,28.1283898384637 85.5563864027502,28.1283974412632 85.556424536481,28.1283978429117 85.556442144345,28.1284052735639 85.5564541912725,28.1284210983763 85.5564690105829,28.1284333297878 85.5564948870526,28.1284336023208 85.5565058794869,28.1284264728939 85.556503382165,28.1284095411286 85.556496799087,28.1283925663323 85.5564955827867,28.1283816857242 85.5565011437204,28.1283732915598 85.5565121199683,28.1283673694948 85.5565189942797,28.1283626117612 85.556554582134,28.128349703696</coordinates></LinearRing></outerBoundaryIs></Polygon></MultiGeometry>
  </Placemark>
  <Placemark>
	<Style><LineStyle><color>ff0000ff</color></LineStyle><PolyStyle><fill>0</fill></PolyStyle></Style>
      <MultiGeometry><Polygon><outerBoundaryIs><LinearRing><coordinates>85.5571140421423,28.1279703913881 85.5571362209031,28.1279416440688 85.5571443923849,28.1279417300912 85.5571689553465,28.1279383660662 85.5571772400315,28.1279300005446 85.5571732998384,28.127919091266 85.557152968171,28.1279116320345 85.5571503413775,28.1279043591817 85.5571708671069,28.1278973300556 85.5571845347532,28.127893851333 85.5572242242884,28.1278797787308 85.5572367887571,28.1278569678553 85.5572602970318,28.1278306495759 85.5572766561502,28.1278296142417 85.5573090994904,28.1278480687426 85.5573268852045,28.1278422182848 85.5573513834595,28.127843683679 85.5573729961939,28.1278571940323 85.5573947544585,28.1278598381128 85.5574099456989,28.1278443000687 85.5573950940159,28.1278344834837 85.5573925480546,28.1278211738185 85.5574144033276,28.1278165737157 85.5574374426531,28.12782526894 85.5574616660398,28.127847259491 85.5574945136262,28.1278355298658 85.5574906380768,28.1278197911418 85.5574704842573,28.1277990509604 85.5574474449344,28.1277903557417 85.5574299179383,28.1277768884027 85.5573987394927,28.1277656924445 85.5573606059692,28.1277652910752 85.5573375343232,28.1277590105652 85.5572912455052,28.127757315803 85.5572489453975,28.1277629082125 85.5572309656387,28.1277832470191 85.5572156611828,28.1278072365852 85.5571663250853,28.1278296603712 85.5571431240608,28.1278330387337 85.557117150693,28.1278400105072 85.5570803790603,28.1278396233963 85.5570491521171,28.1278320494487 85.5570259349158,28.1278366351543 85.557014942576,28.127843764627 85.5569807977241,28.1278506503443 85.5569587483373,28.1278697387336 85.5569203883381,28.127886240323 85.5568973005206,28.127881167102 85.5568715697566,28.1278700283827 85.5568661382817,28.1278687636607 85.556845580189,28.1278782074667 85.556834393725,28.1278998252801 85.5568301300528,28.1279130632526 85.5568081615073,28.1279261148011 85.5568064113687,28.1279550771718 85.556817161094,28.1279660581612 85.556806071671,28.1279804317939 85.5567897125278,28.1279814670709 85.5567759478007,28.1279921899308 85.5567770994212,28.1280078999897 85.5567822720797,28.1280284825223 85.5567738741218,28.128045299559 85.5567776848662,28.128065867751 85.556803545075,28.1280673475855 85.5568295185159,28.1280603758745 85.5568528004751,28.1280509607525 85.5568651224106,28.1280462603599 85.556885583483,28.1280440607303 85.5569100170743,28.1280503556569 85.5569097582746,28.1280696734648 85.556901230932,28.1280961494137 85.5569092083245,28.1281107238065 85.5569337713302,28.1281073598254 85.5569488817985,28.1280978586518 85.5569586093005,28.1280834706686 85.5569480051201,28.1280616234224 85.5569387143347,28.1280434126036 85.5569361846011,28.1280288955691 85.5569431720946,28.1280156862715 85.5569541321081,28.1280109715315 85.5569926053659,28.127986018393 85.5570075378996,28.1279897982056 85.5570073923351,28.1280006644731 85.5570140401688,28.1280128097957 85.5570276431398,28.1280141605417 85.5570454774156,28.1280046880329 85.5570619012543,28.1279988232731 85.5571140421423,28.1279703913881</coordinates></LinearRing></outerBoundaryIs></Polygon></MultiGeometry>
  </Placemark>
  <Placemark>
	<Style><LineStyle><color>ff0000ff</color></LineStyle><PolyStyle><fill>0</fill></PolyStyle></Style>
      <MultiGeometry><Polygon><outerBoundaryIs><LinearRing><coordinates>85.536451802042,28.1233456506756 85.5364696536085,28.1233349735244 85.5364713270659,28.1233120483604 85.5364646162578,28.1233047315419 85.5364415469407,28.1232984475909 85.5364294215687,28.123288657903 85.5364213981266,28.1232777044834 85.5363997890693,28.1232641909493 85.5363767361668,28.123256699635 85.5363426901209,28.1232563361024 85.5363168643338,28.1232524377535 85.5362977493413,28.1232558562263 85.5362635884755,28.1232639441434 85.5362404699705,28.1232612822174 85.5362239310268,28.1232755959394 85.5362278033078,28.1232913351528 85.5362331030458,28.1233022594978 85.5362342024337,28.1233215916841 85.5362477060367,28.1233301885784 85.5362516111292,28.1233435130858 85.5362458849016,28.1233639799125 85.5362525300848,28.123376126152 85.5362729249281,28.1233787589924 85.5362907273084,28.1233717039237 85.5363124347876,28.1233779733585 85.5363315005945,28.1233781769428 85.5363602797276,28.1233652014337 85.536382233237,28.1233533605656 85.5364012170322,28.1233596009041 85.5364052697587,28.1233620592325 85.5364189701976,28.1233561678767 85.5364244667741,28.1233526039812 85.536451802042,28.1233456506756</coordinates></LinearRing></outerBoundaryIs></Polygon></MultiGeometry>
  </Placemark>
  <Placemark>
	<Style><LineStyle><color>ff0000ff</color></LineStyle><PolyStyle><fill>0</fill></PolyStyle></Style>
      <MultiGeometry><Polygon><outerBoundaryIs><LinearRing><coordinates>85.5357782314153,28.1231983840685 85.5357606423462,28.1231897434882 85.535747171619,28.1231787318429 85.5357077274731,28.1231746879065 85.5356860036646,28.1231696257311 85.5356779474894,28.1231610869759 85.5356672168643,28.1231488970667 85.5356414075432,28.1231437912399 85.5356061638075,28.1231313394531 85.5355858674951,28.1231214624013 85.5355561203642,28.1231054467404 85.5355345278665,28.1230907257225 85.5355319847104,28.1230774157473 85.5355255365611,28.1230507812473 85.5355174639963,28.1230434498358 85.5355024509485,28.1230457044944 85.5354640732889,28.1230634073823 85.5354395273655,28.1230655601828 85.535417787181,28.1230617053184 85.5354054321567,28.1230688184767 85.5353996237239,28.1230953220249 85.5354171306848,28.1231099994116 85.5354511110222,28.1231151925817 85.5354754271919,28.1231299427125 85.5354886681211,28.1231578573164 85.5355116224654,28.1231725928913 85.5355481459877,28.1231910960138 85.5356038665769,28.1232001439921 85.5356445905177,28.1232102392691 85.5356745838351,28.1232081446254 85.5356826071942,28.1232190980857 85.5356919759867,28.123231273446 85.5357314693793,28.1232316953302 85.5357355877206,28.1232293242678 85.5357492717669,28.1232246403321 85.5357698470599,28.1232139923685 85.5357782314153,28.1231983840685</coordinates></LinearRing></outerBoundaryIs></Polygon></MultiGeometry>
  </Placemark>
  <Placemark>
	<Style><LineStyle><color>ff0000ff</color></LineStyle><PolyStyle><fill>0</fill></PolyStyle></Style>
      <MultiGeometry><Polygon><outerBoundaryIs><LinearRing><coordinates>85.5338757152505,28.123680379668 85.5338937149823,28.123658836702 85.5338939121406,28.1236443484851 85.5338599645916,28.123636740223 85.5338451157385,28.1236269211817 85.5338412273688,28.1236123892656 85.5338578652507,28.1235908317374 85.5338810987577,28.1235850426058 85.5339056612475,28.1235816827388 85.5339316020097,28.1235771300815 85.5339439571849,28.1235700170624 85.5339428253502,28.1235530995767 85.5339171638962,28.123537127262 85.53390649916,28.1235201078159 85.5338999363872,28.1235019247152 85.5338742420919,28.1234883670959 85.5338470873784,28.1234820390141 85.5338107283805,28.1234514619323 85.5337786192401,28.1234088550289 85.533745984322,28.1234048833625 85.5337120532915,28.1233960677154 85.5336861289979,28.1233994129812 85.5336751028047,28.123408955248 85.5336381523095,28.1234218427702 85.5336136062833,28.1234239952391 85.5335902577673,28.1234382357853 85.5335574092141,28.1234499596404 85.5335440208594,28.1234329110298 85.5335237411291,28.1234218263268 85.5334991457991,28.1234276008288 85.5334825900459,28.1234431215561 85.5334469191872,28.1234620603514 85.5334169915191,28.1234593250984 85.5333978106758,28.1234675725664 85.5333934457467,28.1234880538236 85.5334122485857,28.1235075754334 85.5334216171376,28.1235197509397 85.5334213048712,28.1235426906119 85.5334209926044,28.1235656302841 85.5333975618561,28.1235859075508 85.5333891771298,28.1236015156901 85.5334148385156,28.1236174881011 85.5334310656057,28.123626114407 85.5334170691491,28.1236537377771 85.5334331483293,28.1236732302432 85.5334643228596,28.1236844315233 85.5334916255069,28.1236798935213 85.5335599971515,28.1236600970333 85.5335806384639,28.1236446200054 85.5335996878615,28.1236460313226 85.5336091221787,28.1236533774121 85.5336172439509,28.1236570868785 85.5336252835592,28.1236668331008 85.5336278264884,28.1236801431019 85.5336357510699,28.1236983407824 85.5336629551203,28.1237010468537 85.5336861064991,28.1237012945128 85.5337050408847,28.1237111572749 85.5337104061087,28.1237172523028 85.5337155577185,28.1237390428974 85.5337304394375,28.1237464472502 85.5337220383129,28.1237632627621 85.5337136700496,28.1237776635708 85.5337379368167,28.1237960360591 85.5337540982346,28.1238094917337 85.5337605459784,28.1238361262995 85.5337629081813,28.1238627171628 85.533762595983,28.1238856568374 85.5337581160811,28.1239145895661 85.5337509782052,28.1239386637542 85.5337466954781,28.1239531082668 85.5337437910307,28.1239663599956 85.5337436595765,28.1239760188057 85.5337393768467,28.1239904633179 85.5337309264068,28.1240109008829 85.5337279397957,28.1240301893674 85.5337317624345,28.1240495506907 85.5337617560036,28.1240474564762 85.5338150324742,28.1240359510849 85.5338272891254,28.1240360821869 85.5338298485172,28.1240481848336 85.5338256643809,28.1240553852409 85.5338103061117,28.1240829940842 85.5338141616291,28.1240999407032 85.5338289119568,28.1241170038574 85.5338273200726,28.1241338922085 85.533828402598,28.1241544317472 85.5338390345179,28.1241738659023 85.5338253995681,28.1241749275851 85.5338105342153,28.1241663158894 85.5337929287304,28.1241588824089 85.5337725831133,28.1241526271427 85.5337646256153,28.1241368441717 85.533756520234,28.1241319273614 85.5337335002178,28.1241220209008 85.5337350592525,28.1241075472537 85.5337365854229,28.1240954883091 85.5337244273578,28.1240881130913 85.5336848350918,28.1240949347245 85.5336643415989,28.1240995456037 85.5336425191196,28.1241017272087 85.5336058806139,28.1240916750397 85.5335799068485,28.1240986423321 85.5335553606666,28.1241007947845 85.5335215116092,28.1240859423278 85.5335188865142,28.1240786690812 85.5334959158367,28.1240651405285 85.533462181844,28.1240418366 85.5334597046689,28.1240236971925 85.5334135496971,28.1240123356288 85.5333959935737,28.1240012800459 85.5333485425147,28.1239850744856 85.5333487068767,28.1239730009751 85.5333354664219,28.1239450861848 85.5332894101195,28.1239264804747 85.5332623539594,28.1239129081684 85.5332380215026,28.1238993650023 85.533213639739,28.123889443885 85.5331807581331,28.1239035823443 85.5331669917087,28.1239143027704 85.5331382778271,28.1239224481842 85.5331167183973,28.1239053120914 85.5330895471925,28.1239001912085 85.5330503001939,28.1238816582905 85.5330367474753,28.1238766831415 85.5329931519111,28.123877424098 85.5329658820779,28.1238795472963 85.5329293423636,28.1238622508461 85.5329130988409,28.1238548318321 85.5328901776144,28.1238376811296 85.5328890459448,28.1238207636419 85.5328838945007,28.1237989730227 85.532874723285,28.1237723092715 85.5328734765285,28.1237638432395 85.532868144234,28.1237553334788 85.5328723284203,28.1237481331025 85.5328941508374,28.1237459516179 85.5329117068658,28.1237570072619 85.5329430293254,28.1237573425016 85.5329634734571,28.1237563537814 85.5329838025076,28.1237638165144 85.5330179801806,28.1237545220798 85.5330534868153,28.1237476569128 85.5330508946383,28.1237379689565 85.533015568844,28.123731553263 85.5329857068773,28.1237239885098 85.5329489863657,28.1237199729262 85.5329272132768,28.1237185323671 85.5328918217332,28.1237169460456 85.5328645026154,28.1237226912776 85.5328562164511,28.1237310552757 85.53283293354,28.1237404662827 85.5328233184098,28.1237464010004 85.5327987722999,28.1237485533199 85.5327811505155,28.123742327065 85.5327553412164,28.1237372206949 85.5327554727578,28.1237275618887 85.532773226078,28.1237241293405 85.5327937195304,28.1237195185931 85.5328087655993,28.1237148495354 85.5328265517997,28.1237090022785 85.5328526899275,28.1236899616185 85.532875923502,28.1236841726601 85.5328869497923,28.1236746304618 85.532887130645,28.1236613496023 85.5328668673864,28.1236490574525 85.5328559890706,28.1236477334917 85.5328314594255,28.1236486784671 85.5328001863254,28.1236447211507 85.5327772158339,28.1236311924835 85.5327718342261,28.1236263047719 85.5327449097514,28.1236030735619 85.53271096231,28.1235954650186 85.5326905839817,28.1235916242992 85.5326795083533,28.1236047885338 85.532676669561,28.123613210833 85.5326533702179,28.1236238291607 85.5326384392633,28.1236200467464 85.5326276102862,28.1236151007156 85.5326152879128,28.123619798911 85.5326137451826,28.1236330651902 85.5326311860546,28.1236525723236 85.5326460512379,28.1236611841417 85.532655436157,28.1236721523467 85.5326688079512,28.12369040839 85.5326739757909,28.1237109916651 85.532675041652,28.1237327385564 85.532702081245,28.1237475183252 85.5327278412145,28.1237562467576 85.5327318116516,28.1237647419457 85.5327301045028,28.1237900817339 85.5327408841736,28.1237986498097 85.5327611967723,28.1238073199261 85.5327843974918,28.1238039456861 85.5327954402449,28.1237931961453 85.5328130455963,28.1238006297494 85.5328224305444,28.1238115979438 85.5328442200916,28.1238118311693 85.5328496017117,28.1238167188784 85.5328589537818,28.1238301017721 85.5328629406734,28.123837389606 85.532824529443,28.1238575064273 85.5328000984035,28.1238512072906 85.5327891378566,28.1238559200777 85.5327886281423,28.1238933479515 85.5327966183629,28.1239067162721 85.5328127467894,28.1239225867553 85.5328220659793,28.123938384353 85.5328108259067,28.1239636221045 85.5328255760527,28.1239806853603 85.5328418031455,28.1239893117358 85.5328510894614,28.1240075240333 85.5328562409068,28.1240293146533 85.5328736325603,28.1240524438112 85.532897915678,28.1240696090936 85.5329318797236,28.1240760102454 85.532963169395,28.1240787601855 85.5329862715268,28.1240826300185 85.5330161007118,28.1240926094765 85.5330227291244,28.1241059632103 85.533063420246,28.1241184739586 85.5330866867829,28.1241102702662 85.533100502558,28.124095927797 85.5331128742846,28.1240876075068 85.5331360586181,28.1240854405602 85.5331563055507,28.1240989400246 85.5331724833745,28.1241111884153 85.533177832148,28.1241184908143 85.5331708585112,28.1241304914568 85.5331624901449,28.1241448922273 85.5331731383796,28.1241631190786 85.5332151256423,28.1241804737604 85.5332327310872,28.1241879073137 85.5332449713151,28.1241892458193 85.5332653169046,28.124195501163 85.5332855638743,28.1242090006095 85.5333059094702,28.1242152559473 85.5333317353504,28.1242191548676 85.5333452388171,28.1242277520424 85.5333627292259,28.1242436370367 85.5334063742488,28.1242392739149 85.5334337592169,28.1242286991749 85.5334570093177,28.1242217027706 85.5334746640923,28.1242255142405 85.5335047563205,28.1242161759777 85.533526628128,28.1242103723423 85.5335675822968,28.1242035653264 85.5336032040872,28.1241882485636 85.5336277995881,28.1241824740498 85.533652542983,28.1241658333709 85.5336839313021,28.124161339041 85.5337043590768,28.1241615575641 85.5337124315932,28.1241688890798 85.5337258693576,28.1241823156229 85.5337517445444,28.1241825924107 85.533781721719,28.1241817055445 85.5337938962299,28.1241878734064 85.5338032977442,28.1241976341867 85.5338235940786,28.1242075115026 85.5338426271494,28.124210130141 85.5338493049651,28.1242198617849 85.5338518315013,28.1242343791337 85.5338557198909,28.124248911049 85.5338664504079,28.1242611010946 85.5338675658022,28.1242792259304 85.533868664766,28.1242985581174 85.5338671386064,28.1243106170636 85.5338655795851,28.1243250907123 85.5338313853607,28.1243355927047 85.5338013095548,28.1243437236876 85.5337794541643,28.124348320015 85.5337711680179,28.1243566840686 85.5337955006469,28.1243702271456 85.5338229020455,28.1243584449765 85.5338556851316,28.1243515504737 85.5338719616591,28.1243565546781 85.5338717316307,28.1243734575959 85.5338756528883,28.1243855748081 85.5338686957394,28.1243963681367 85.5338547157142,28.1244227841977 85.5338760617687,28.1244556157477 85.5338922397301,28.1244678640579 85.5339192796813,28.1244826435983 85.5339286319417,28.1244960264249 85.5339433659095,28.1245142969197 85.5339717184472,28.1245327130701 85.5340070445708,28.1245391285285 85.5340314429873,28.1245478421606 85.5340544138364,28.1245613706291 85.534073364834,28.1245700259946 85.5340948752666,28.1245907840001 85.534109674988,28.1246042250729 85.5341366492933,28.124623833978 85.53417305805,28.1246507889324 85.5341976207779,28.1246474290224 85.5342236110698,28.1246392542654 85.534250634685,28.1246552410948 85.5342569347547,28.1246927418033 85.5342565897977,28.124718096183 85.5342370638221,28.1247516981405 85.5342231495429,28.1247732848338 85.5342292032042,28.1248288958136 85.5342395724296,28.124867647563 85.5342530267718,28.1248798667075 85.5343073205284,28.1248937300822 85.5343525576114,28.1248724783104 85.5343963999661,28.1248536266643 85.5344468873642,28.1248469213239 85.5344672824273,28.1248495544413 85.5345055130735,28.1248427180308 85.5345299444494,28.1248490168749 85.5345393460877,28.1248587776085 85.5345364417072,28.1248720293551 85.53452528404,28.1248912304977 85.5345302387776,28.1249275092847 85.5345922275059,28.1249764731049 85.5346084713193,28.1249838919294 85.5346422879709,28.1250011588352 85.5346585810584,28.1250049555992 85.5346637985995,28.1250219167574 85.5346730853101,28.1250401289437 85.5347015530664,28.1250500934905 85.534717747634,28.1250611343574 85.5347037184534,28.1250911725619 85.5346938733893,28.1251140103313 85.534719305427,28.1251468854377 85.5347517931253,28.125161723057 85.5347789154772,28.1251704656791 85.5348307156115,28.1251673968152 85.5348593640381,28.1251640804625 85.5348702261184,28.1251666116223 85.5348795949753,28.1251787870377 85.5349052077013,28.1251983812436 85.534962323958,28.1252050293705 85.5349909067174,28.1252065423975 85.5350111212627,28.1252224563059 85.5350394085018,28.1252457016544 85.5350924391955,28.1252523060621 85.5351033341258,28.1252524225003 85.5351401537671,28.1252491934177 85.535165947143,28.1252555067072 85.5351947105009,28.1252437388222 85.5352194046706,28.1252307199185 85.5352535662332,28.1252226322904 85.5352959646475,28.125209802563 85.5353354587583,28.1252102245884 85.5353750841846,28.125200987787 85.5354066204802,28.1251856269042 85.5354408969116,28.1251690877644 85.5354831639802,28.1251659167934 85.5355034770717,28.1251745865197 85.5355210171971,28.125186849198 85.5355604948912,28.1251884785103 85.535605305168,28.1251986174747 85.5356653749692,28.1251883914803 85.5357063950506,28.1251767544266 85.5357461681291,28.1251566513469 85.535777671543,28.1251437050804 85.5358200370526,28.1251332898916 85.535862353328,28.125126496746 85.535870590154,28.1251217546197 85.5358977454143,28.1251280823191 85.5359029631579,28.1251450434373 85.5359027006236,28.125164361073 85.5359354346241,28.1251610881343 85.5359587832334,28.1251468471944 85.5359834116646,28.1251386575576 85.5359969154673,28.1251472544822 85.5360075970976,28.1251630664279 85.5360496836813,28.1251731761567 85.5360852726641,28.1251602734541 85.5361126576333,28.125149698179 85.5361346279468,28.1251366500158 85.5361524306314,28.1251295949781 85.5361714639361,28.125132213301 85.5361984059536,28.1251542365226 85.5362147155325,28.125156825752 85.5362474003112,28.1251571747956 85.536280150707,28.1251526944217 85.5363127206588,28.1251614949167 85.5363468821301,28.1251534070121 85.5363553813911,28.1251293472163 85.536321679231,28.1251036292546 85.5362866316263,28.1250766893897 85.5362254297352,28.1250699981838 85.5361914979543,28.1250611831253 85.5361588788275,28.12505600466 85.5361218952112,28.1250713075437 85.536101335993,28.1250807481931 85.5360579860144,28.125063379822 85.5360365571328,28.1250365853468 85.5360190005622,28.1250255300852 85.5359986874531,28.1250168604347 85.5359757818796,28.124998502871 85.5359582745446,28.1249838255452 85.53590248737,28.1249796070865 85.535877941013,28.1249817599489 85.5358454039732,28.1249705446492 85.5358266988891,28.1249437792378 85.5357983623204,28.1249241561041 85.5357727166674,28.1249069767652 85.5357714532631,28.124899718104 85.535760820922,28.124880284085 85.5357473664016,28.1248680650822 85.5357203424982,28.1248520785381 85.5356986511754,28.1248446016488 85.53566750888,28.1248309861532 85.5356378269206,28.1248101410871 85.5356120172068,28.1248050352411 85.5355943950726,28.1247988093363 85.5355591672224,28.124785150168 85.5355320777199,28.1247739929969 85.5355022152646,28.1247664287758 85.5354820171384,28.1247493075872 85.5354673321104,28.1247274151912 85.535437683046,28.1247041553798 85.535418978109,28.1246773899174 85.5353946287807,28.124665054471 85.5353377425748,28.1246415036054 85.5353000044859,28.1246121196931 85.5352539967786,28.1245898925657 85.5352268745276,28.1245811500409 85.535179521408,28.1245577009843 85.5351428005037,28.1245536859752 85.5351077369638,28.1245279531764 85.5350769396003,28.1244889831623 85.5350595473943,28.1244658542651 85.5350611226761,28.1244501732452 85.535073527136,28.1244394380704 85.5350643553243,28.1244127744458 85.5350441573345,28.1243956531969 85.5350117026543,28.1243784009488 85.5349955081543,28.1243673601182 85.5349861886045,28.1243515626559 85.5349416086046,28.1243245205774 85.5348967987604,28.1243143814108 85.5348644262266,28.1242910923703 85.5348607511511,28.1242608649048 85.5348406845797,28.1242340848134 85.5348042101031,28.124211959441 85.5347729039056,28.1242104172698 85.5347415484472,28.1242124971468 85.5347250748445,28.1242219812659 85.5347056968999,28.1242447171357 85.534674193637,28.1242576631624 85.5346400323474,28.1242657506571 85.5345937129051,28.1242664629995 85.5345462451082,28.124251465195 85.5345493793879,28.1242213105232 85.534561931674,28.1241997092303 85.5345500034578,28.1241754311599 85.5345364342035,28.1241716635071 85.5345187629703,28.1241690595246 85.5344957264466,28.1241603605408 85.5344685386757,28.1241564472782 85.5344386600512,28.1241500901855 85.5344073374565,28.1241497552833 85.5343761462607,28.1241397615613 85.5343382443641,28.1241224509142 85.534327513805,28.1241102609038 85.5343196219286,28.1240896485557 85.5343184079061,28.1240787678297 85.5343402960729,28.1240717567101 85.5343445623017,28.124058519528 85.5343774273918,28.1240455881374 85.5343898647175,28.1240324383215 85.5343657291809,28.1240044071303 85.5343619721278,28.1239802164138 85.5343418893078,28.1239546436065 85.5343324877631,28.1239448828617 85.534317885203,28.123916953595 85.5342841346419,28.1238948572149 85.5342625257487,28.1238813433504 85.5342395057343,28.1238714369747 85.5342193079789,28.1238543156117 85.5341733336819,28.1238296734366 85.5341352840818,28.1238232289015 85.5341012378911,28.1238228648055 85.534056066926,28.1238392871064 85.5340111259493,28.1238388064718 85.5339906489463,28.1238422100508 85.5339539283442,28.1238381947336 85.5339334349104,28.1238428056555 85.5339344517376,28.1238681746004 85.5339451329396,28.1238839866936 85.5339392912378,28.1239129048644 85.5339345485078,28.1239611552224 85.5339832300711,28.1239870339592 85.5340432335974,28.1239816380603 85.5341004477087,28.1239810424126 85.5341411060697,28.123995967547 85.5341612545563,28.1240167109761 85.5342003539691,28.1240461097481 85.5342381408314,28.1240718718923 85.5342420785477,28.1240827817442 85.5342811123034,28.1241170099008 85.5342890863029,28.1241315854931 85.5342983071767,28.124154627108 85.5343254292378,28.1241633698103 85.5343604431917,28.1241927248538 85.5343547329806,28.1242119842321 85.5343248707742,28.1242044197628 85.5342989627241,28.1242065577861 85.5342688869852,28.1242146888744 85.5342282613765,28.1241973490717 85.5342066688586,28.1241826278454 85.5341685041424,28.1241846347754 85.5341397902535,28.1241927803988 85.5341059246524,28.1241791354339 85.534093963687,28.1241572720306 85.5340860389968,28.1241390743736 85.5340807394433,28.1241281499535 85.5340755056035,28.1241123961275 85.5340511729935,28.1240988531006 85.5340254949677,28.1240840881533 85.5340149780231,28.1240562025516 85.5340085137764,28.1240307753472 85.5339869048935,28.1240172614398 85.5339447696916,28.1240107731542 85.5339176148431,28.1240044450817 85.5339151540214,28.1239850983281 85.5339221932859,28.1239682682385 85.533921225751,28.1239392772399 85.5339132682451,28.1239234942767 85.5339229983432,28.1239091080214 85.5339246559262,28.1238873902624 85.5339099056125,28.1238703271186 85.5338854744975,28.1238640281729 85.5338621423475,28.1238770614109 85.5338416981947,28.1238780502646 85.5338241256152,28.1238682020869 85.5338069145204,28.1238317921779 85.5338111150794,28.1238233844193 85.533830164513,28.1238247957058 85.5338602073095,28.1238190794131 85.5338618156119,28.1238009837091 85.5338772231149,28.1237697528027 85.5338651472266,28.1237563408413 85.5338354330597,28.1237379101086 85.5338193866568,28.123716002984 85.5338128074577,28.1236990272311 85.5338252940999,28.1236822554128 85.5338362217263,28.1236799572431 85.5338757152505,28.123680379668</coordinates></LinearRing></outerBoundaryIs></Polygon></MultiGeometry>
  </Placemark>
  <Placemark>
	<Style><LineStyle><color>ff0000ff</color></LineStyle><PolyStyle><fill>0</fill></PolyStyle></Style>
      <MultiGeometry><Polygon><outerBoundaryIs><LinearRing><coordinates>85.5398604216297,28.123086157606 85.5398490284766,28.1230851305979 85.5398387737559,28.1230880401851 85.5398268862753,28.1230858003805 85.539824572595,28.1230806437361 85.5398270130885,28.1230764433814 85.5398298513125,28.123068020912 85.5398227875503,28.1230616061391 85.5397952838955,28.1230558792772 85.5397925561219,28.1230561521017 85.5397755535589,28.1230544615683 85.5397691748124,28.1230477522078 85.5397617378675,28.1230437485145 85.5397491817458,28.1230405959337 85.5397362851647,28.1230374397248 85.539719286697,28.1230354473459 85.539704302354,28.1230355895976 85.5396913484993,28.1230366591259 85.5396728777301,28.123042801877 85.539666105345,28.1230400127874 85.5396552760757,28.1230350673016 85.5396351930117,28.1230345514616 85.5396205082162,28.1230377157178 85.5395974223805,28.1230326396477 85.5395910477381,28.1230256284406 85.5395853949311,28.1230156061015 85.5395776379926,28.123010089578 85.5395657628014,28.1230069442352 85.539548735702,28.123007064706 85.5395316799617,28.1230092980452 85.5395249157659,28.1230059052716 85.5395169574858,28.1229901226036 85.5394969726315,28.1229823626163 85.5394751218114,28.1229866580339 85.5394786909287,28.1229996769983 85.539492572052,28.1230055606613 85.5395010017226,28.1230116881217 85.5395009321646,28.1230168193785 85.5395005262379,28.1230216451692 85.5394956452285,28.1230300458659 85.5394891314758,28.123033297168 85.5394757716923,28.1230391924664 85.5394712802413,28.1230439747261 85.5394579122721,28.1230504736999 85.5394408892581,28.1230502923184 85.5394292808739,28.1230525836868 85.5394179720306,28.1230578970682 85.5394084391423,28.123057795492 85.5393900911141,28.1230548830456 85.5393781259002,28.1230583781363 85.5393620137812,28.123066357271 85.5393470212511,28.1230671031607 85.5393333291802,28.1230723911396 85.5393203753191,28.1230734606325 85.5393047264205,28.1230723882299 85.5392927489255,28.1230767888288 85.5392868997158,28.1230812547314 85.5392807018607,28.1230863206829 85.5392721739824,28.1230874373357 85.53926199291,28.1230849137843 85.539243915772,28.1230871362026 85.5392279182275,28.1230866638403 85.539204008245,28.1230921447986 85.5391968053745,28.123095992507 85.5391946684842,28.123102913025 85.5391935406972,28.1231107499436 85.5391842868773,28.1231151795588 85.5391672679478,28.1231146963044 85.5391557741457,28.1231085361687 85.5391459826468,28.123102394174 85.5391276673616,28.1230970669838 85.53911301938,28.1230975146375 85.5390997700749,28.1230952602565 85.5390864839349,28.1230957224214 85.5390755605532,28.1230977191778 85.53907117959,28.1230943517821 85.5390593003136,28.1230915082343 85.5390450296295,28.1230892429622 85.5390345735903,28.1230818863483 85.539026792119,28.123078180826 85.5390132146373,28.1230750172923 85.5390057695344,28.1230716172361 85.5389942102573,28.1230702865044 85.538981600948,28.1230710577553 85.5389682656932,28.1230751419716 85.5389630973915,28.1230796151175 85.5389542126782,28.1230819354759 85.5389525390291,28.1230798044616 85.538941898441,28.1230735024614 85.5389310221319,28.1230720280629 85.5389168664244,28.1230738394126 85.5389082914712,28.1230784271861 85.5388994313171,28.1230789365095 85.5388885591016,28.1230771602691 85.5388802178248,28.1230770713577 85.5388742229292,28.1230797243962 85.5388636563801,28.1230805174105 85.5388548740018,28.1230752917987 85.538852911063,28.1230693841723 85.5388474101334,28.1230607218933 85.5388360415578,28.1230578837702 85.5388217954453,28.1230538074439 85.5388207883922,28.1230527401214 85.5388141924011,28.1230495000474 85.5388115280767,28.1230450943548 85.5388137860972,28.1230417977207 85.5388204782865,28.123037944589 85.5388217517682,28.1230319205203 85.5388187490305,28.1230273602794 85.5388070420459,28.1230243676056 85.538805214545,28.1230210274209 85.5388020702336,28.1230143524953 85.5388062273923,28.1230091138715 85.5388090124766,28.1230046153271 85.5388017826452,28.1229978968508 85.5387928177657,28.1229935749363 85.5387839760398,28.122992725979 85.5387759916047,28.1229914333367 85.5387689033504,28.1229868295432 85.5387610952864,28.1229850859568 85.5387494950851,28.1229867735903 85.5387438365579,28.1229897320911 85.5387396998659,28.1229934615203 85.5387334279658,28.122991432426 85.5387220184626,28.1229916126791 85.5387125060524,28.1229900018621 85.5387084737529,28.1229860344077 85.5387046219185,28.1229813141716 85.5387035265148,28.122974208263 85.5387083420801,28.1229706370132 85.5387138528934,28.1229660165872 85.5387113547112,28.1229619145461 85.538701331614,28.1229602982842 85.5387006650228,28.1229592345904 85.5386964809175,28.1229539070476 85.5386956911763,28.1229493703959 85.5386947516747,28.1229433227368 85.5386897287025,28.1229370806045 85.5386810674472,28.1229354788592 85.5386750725552,28.1229381318892 85.5386695883526,28.1229407903632 85.5386611198441,28.1229375303196 85.5386610151181,28.1229326990883 85.5386599176707,28.1229257440987 85.5386540292229,28.122920549326 85.5386509937433,28.12291840379 85.538635379677,28.1229147656846 85.538620042613,28.1229158097043 85.5386107045353,28.1229138988568 85.5385988027747,28.1229127153821 85.5385907753593,28.1229145920337 85.5385892187254,28.1229163867309 85.5385871227426,28.1229202888532 85.5385825122064,28.1229212962862 85.5385750446104,28.1229195563193 85.5385698063799,28.1229166325916 85.5385621890259,28.1229133816165 85.5385492699813,28.1229118854096 85.5385438164846,28.1229122800897 85.5385361499998,28.1229126511753 85.538528495798,28.122912116745 85.5385220577715,28.1229097839879 85.5385144649859,28.1229047219792 85.5385126293073,28.122901985468 85.5385028829042,28.1228925232057 85.5385022838735,28.1228864791756 85.5385071076299,28.1228823042559 85.538509215898,28.1228774966194 85.5385032967523,28.1228745656294 85.5384947791211,28.122874927638 85.5384848791793,28.1228767843185 85.5384785172124,28.1228813956601 85.5384788023964,28.1228854741099 85.5384854106502,28.1228878086839 85.5384908293429,28.1228899796335 85.5384887087903,28.1228956927851 85.5384879807846,28.1228991566679 85.5384870661712,28.1229038260898 85.5384875093019,28.1229088118701 85.5384884672167,28.1229135012569 85.5384928031147,28.122920188894 85.5384957935521,28.1229256546569 85.538502309684,28.1229347805966 85.5385071849343,28.1229393608087 85.5385113874543,28.1229433300836 85.5385179690989,28.1229476266065 85.538526423273,28.1229519430936 85.5385344117959,28.1229529339118 85.5385451403749,28.1229527464145 85.5385509220506,28.1229532608798 85.5385578359688,28.1229581647077 85.5385622169098,28.1229615321191 85.5385669239812,28.122965959595 85.5385743608734,28.1229699633513 85.5385812891234,28.1229738107433 85.5385870359998,28.1229768908346 85.5385979041049,28.1229789689369 85.5386067990515,28.1229758940053 85.5386116125729,28.1229724736782 85.5386159174512,28.1229688969872 85.5386225953131,28.1229661003 85.538629238375,28.12296586924 85.5386367080222,28.1229674582848 85.5386457035981,28.1229695164203 85.5386519591191,28.1229727528726 85.5386571543676,28.1229788459018 85.5386506078423,28.1229845118714 85.5386441206801,28.1229858011821 85.5386354205281,28.1229870668998 85.5386289517889,28.1229869979365 85.5386231619227,28.1229870871514 85.5386202434484,28.1229888673302 85.5386172983622,28.1229926094594 85.538619134045,28.1229953459693 85.5386253690961,28.1230000916154 85.538628049788,28.1230032899572 85.5386339198154,28.1230098430044 85.5386401958086,28.1230115702646 85.5386464881781,28.1230120901705 85.5386541730931,28.1230103608056 85.5386574054164,28.123010546206 85.5386607772647,28.1230129972101 85.5386602072115,28.1230173684243 85.5386605333426,28.1230184284887 85.5386643503773,28.1230257143534 85.5386716416112,28.1230279052588 85.5386762214466,28.1230291616119 85.5386810987557,28.1230335908988 85.5386841178633,28.1230369437884 85.5386885110934,28.1230394056804 85.5386949040984,28.1230450586539 85.5387037253581,28.1230474168096 85.5387082867722,28.123050031435 85.5387126738627,28.1230529460841 85.5387177664368,28.1230540569607 85.5387222128883,28.1230525949508 85.5387263413956,28.1230494691994 85.5387299366964,28.1230479981157 85.5387328654052,28.1230454633382 85.5387352895643,28.1230424703587 85.5387380439489,28.1230402356049 85.538741797198,28.1230396718511 85.5387436390254,28.1230419556017 85.5387422301063,28.1230454122273 85.5387416805251,28.1230482742493 85.5387460676165,28.1230511888973 85.5387492876599,28.1230522798112 85.5387533793227,28.1230518706058 85.5387603751313,28.1230507376533 85.5387683513831,28.1230526339738 85.5387715632395,28.1230543285643 85.538778680154,28.123056819488 85.5387815535973,28.1230583595296 85.5387846999554,28.1230648835364 85.5387899586675,28.1230662980636 85.5387935007507,28.1230687508792 85.5387934495802,28.123072523861 85.5387917206702,28.1230744676651 85.5387886217319,28.1230770006293 85.5387863800845,28.1230790899088 85.5387829263578,28.1230826756784 85.5387803462967,28.1230846104092 85.5387767100584,28.1230890998796 85.5387725262859,28.1230963004527 85.5387733303591,28.1230997806691 85.5387819527392,28.1231042498752 85.5387888932866,28.1231071917416 85.5387951467731,28.123110579107 85.5388044971524,28.123111584427 85.5388089354181,28.1231107260914 85.5388125225328,28.1231098586826 85.53881570983,28.1231133643034 85.5388148116028,28.1231168263735 85.5388142497423,28.1231205939115 85.5388162556624,28.1231233322336 85.5388160465431,28.1231261978851 85.5388186863081,28.1231324146088 85.5388200113076,28.1231351456725 85.5388260413502,28.123142455123 85.5388339787215,28.1231472189061 85.5388465307311,28.1231506734088 85.5388527985493,28.1231530043367 85.5388599710853,28.1231639485503 85.5388737126631,28.1231675666717 85.5388831592434,28.1231614787807 85.5388830483675,28.1231571003072 85.5388766614859,28.1231509945842 85.5388741428263,28.1231484017386 85.5388653481617,28.1231440816428 85.5388563607534,28.123141419844 85.5388574803782,28.1231341866063 85.5388639880147,28.123131388093 85.5388721508785,28.1231320788681 85.5388811567068,28.1231333823924 85.538892594879,28.1231310892567 85.5389049909854,28.1231334855046 85.5389055838995,28.1231399822914 85.5389072145685,28.123145282611 85.5389060478734,28.1231559869926 85.5389048255615,28.1231582380803 85.5388958016659,28.1231708209452 85.5388922906322,28.1231786324572 85.5388913760332,28.1231833018821 85.5388895754887,28.1231905278621 85.5388910093202,28.1231977883178 85.5388943504794,28.1232025031056 85.5389040249552,28.1232047194023 85.5389139003617,28.1232046737238 85.5389203159016,28.1232086665753 85.5389214297412,28.1232144142092 85.5389196455714,28.1232204328353 85.5389202671398,28.1232248167522 85.5389228577933,28.1232346555368 85.5389329999843,28.1232400465798 85.5389481382102,28.1232411135822 85.5389626835186,28.1232356837963 85.5389763797203,28.1232300940175 85.5389868087983,28.1232268844721 85.5389944589328,28.1232277207163 85.5390005729008,28.1232288424692 85.539009279209,28.123227123971 85.5390178480308,28.1232229889495 85.5390315462747,28.1232172482457 85.5390421926496,28.1232105693668 85.539049922596,28.1232055197558 85.5390588236895,28.1232019920373 85.5390654647195,28.1232019118759 85.5390678213406,28.1232038992268 85.5390720627743,28.1232050010192 85.5390779778616,28.1232082338243 85.5390771987113,28.1232154706929 85.539076130261,28.1232189309507 85.5390748220012,28.1232275206499 85.5390757778975,28.1232323609528 85.5390750437684,28.1232362775971 85.5390739221103,28.1232436617563 85.5390760655267,28.1232488165977 85.5390817755967,28.1232546132163 85.539086821117,28.1232591952233 85.5390995392863,28.1232629533563 85.5391129629351,28.1232649077138 85.5391229901608,28.1232662221082 85.5391312680158,28.1232709895033 85.539138860857,28.1232760514796 85.539148367161,28.123278115026 85.5391589071262,28.1232792839412 85.5391682125058,28.1232836094614 85.5391737441669,28.1232900079393 85.5391796306138,28.1232953536103 85.5391881155374,28.1232974062691 85.5391985036911,28.1232972150935 85.5392053333741,28.123295778466 85.5392086393728,28.1232905307593 85.5392099210216,28.1232839030093 85.5392057368786,28.1232785754808 85.5391976108335,28.1232751681779 85.5391956396874,28.1232698642329 85.5391934676169,28.1232668222632 85.539190979641,28.1232619656337 85.5391882805092,28.1232601255758 85.5391777405453,28.1232589566629 85.5391694217628,28.1232572076564 85.539164009176,28.1232545839748 85.5391578972508,28.1232533113098 85.5391517976037,28.1232511331288 85.5391537069725,28.1232484365377 85.539161761007,28.123244597903 85.5391668842903,28.1232434449741 85.5391817393555,28.1232402825823 85.539187158081,28.1232424535054 85.5391961066276,28.1232479827497 85.5392061502231,28.1232480897836 85.5392114416903,28.1232470895864 85.5392232694395,28.1232411779886 85.5392280461225,28.123240474187 85.5392358971841,28.1232390484424 85.5392429646182,28.1232326332903 85.5392489533756,28.1232304329936 85.5392531927663,28.1232316856997 85.5392599999365,28.1232319091816 85.5392656093554,28.1232325727227 85.5392729210785,28.123233254404 85.5392852370067,28.123229008355 85.5392892484747,28.1232219568706 85.5392946115546,28.1232156744946 85.5393006269096,28.1232115122446 85.5393085291212,28.1232063135133 85.5393145240141,28.1232036604557 85.539322740086,28.1232004273024 85.5393326564149,28.1231973632076 85.5393398163204,28.1231966847975 85.5393493799116,28.1231945225894 85.5393550568487,28.1231902057897 85.5393608856015,28.1231872490774 85.5393663329726,28.1231873071232 85.5393710544099,28.1231906781377 85.5393697952786,28.1231956457774 85.5393666861195,28.1231989333515 85.5393635830982,28.1232017681676 85.5393609518932,28.1232074758922 85.5393627282637,28.1232145890528 85.5393684751764,28.1232176691124 85.5393742200435,28.1232209000912 85.53938373044,28.1232226617826 85.5393907221627,28.1232218306368 85.5393999718922,28.1232177028464 85.539404978137,28.1232126241925 85.5394050763439,28.1232053800657 85.5394081855021,28.1232020924908 85.5394123303641,28.1231977593638 85.539416276352,28.1231955372931 85.5394222425987,28.123194997101 85.5394305245543,28.1231994626397 85.5394407342849,28.1231998733088 85.5394501603788,28.1231952945707 85.5394560095884,28.1231908286612 85.5394611574172,28.1231878646893 85.5394664713843,28.1231852043696 85.5394725358324,28.1231774200483 85.5394806184932,28.1231714685238 85.539501177067,28.1231620273401 85.5395134991162,28.123157328512 85.5395420896259,28.1231582368948 85.539574191121,28.1231513337405 85.5395884331869,28.1231557118287 85.5395876377055,28.1231641560561 85.5395922568636,28.1231750730293 85.5396093044466,28.1231734433609 85.5396250720131,28.1231657624085 85.5396401259258,28.1231604889091 85.5396606026599,28.1231570844739 85.5396729819791,28.12314815989 85.5396888477251,28.1231332348022 85.539696411498,28.1231278815012 85.5397140827186,28.1231304848147 85.5397187427991,28.1231383833975 85.5397186773421,28.1231432128161 85.5397253965513,28.1231499258059 85.5397541016099,28.1231423826619 85.5397671045682,28.1231376910642 85.5397840785079,28.1231414944698 85.5397894931508,28.123143967208 85.5398044979633,28.1231423157542 85.5398180918436,28.1231442718559 85.5398214473606,28.1231479301872 85.5398404477051,28.1231529627009 85.5398540334062,28.1231555224765 85.5398730992039,28.1231557255668 85.5398833784739,28.1231510049452 85.5399004587748,28.1231469605308 85.5399079407281,28.1231476439914 85.5399357521502,28.1231557891677 85.5399431359339,28.123163716755 85.5399443668828,28.1231733900988 85.5399565416615,28.123179557423 85.5399769038619,28.1231846044237 85.5399877740651,28.1231865314982 85.5400115245155,28.1231928221117 85.5400237238418,28.123197178398 85.5400331831216,28.1232027130284 85.5400405996372,28.1232082259012 85.5400582790616,28.1232102254937 85.5400719056769,28.123209766861 85.5400840968277,28.1232147268195 85.5401038353796,28.1232155408077 85.5401155419291,28.1232060052533 85.5401122845593,28.1231951027997 85.5401048844007,28.1231883825759 85.5401078289462,28.1231721122936 85.5401154417817,28.1231631369042 85.5401190427064,28.1231486849057 85.5401158180573,28.1231353677425 85.5401097306653,28.1231322840875 85.540099647726,28.1231225164683 85.5400990240647,28.1231182834743 85.5400882683866,28.1231079049248 85.5400603751618,28.1231057965536 85.540046846723,28.1230990110567 85.5400325719221,28.1230970477253 85.5400148925168,28.1230950481302 85.5400108233517,28.1230937972606 85.5399945712339,28.1230869827486 85.539996039423,28.1230791494475 85.5400022576969,28.1230725742689 85.5399955302937,28.1230664649695 85.5399641588517,28.123069753413 85.5399395475314,28.123076736442 85.5399313519382,28.1230784604399 85.539919874455,28.123071093012 85.5399062478574,28.1230715516301 85.5398958213361,28.1230871384466 85.5398814565471,28.1230918155507 85.5398604216297,28.123086157606</coordinates></LinearRing></outerBoundaryIs></Polygon></MultiGeometry>
  </Placemark>
  <Placemark>
	<Style><LineStyle><color>ff0000ff</color></LineStyle><PolyStyle><fill>0</fill></PolyStyle></Style>
      <MultiGeometry><Polygon><outerBoundaryIs><LinearRing><coordinates>85.5384881409679,28.1228245934817 85.5384781980386,28.1228296194662 85.5384771684713,28.1228302122532 85.53847373931,28.122831986984 85.5384702855815,28.1228355727458 85.5384671559342,28.1228403694915 85.5384667540569,28.122844893439 85.538472123613,28.1228506864513 85.5384723739934,28.1228573305284 85.5384719557383,28.12286306183 85.5384729402664,28.1228657892666 85.5384790153099,28.1228697785076 85.5384923096105,28.1228687127237 85.5384984583548,28.1228672688707 85.5385066457618,28.1228661486357 85.5385175036181,28.1228689813403 85.5385198377025,28.1228726288118 85.5385245345324,28.1228778108853 85.5385295963885,28.1228811855574 85.5385329436638,28.1228854475955 85.5385430714718,28.1228918951004 85.5385518947624,28.1228941023462 85.5385627526228,28.1228969350473 85.5385671253732,28.1229009061355 85.5385728435857,28.1229060990968 85.5385844069326,28.1229071280247 85.5385984190041,28.1229033529434 85.5386022131905,28.1228997708081 85.538602984181,28.1228931376201 85.5385931763579,28.1228882029417 85.5385829502863,28.1228889995648 85.5385795538783,28.1228883595901 85.5385731301818,28.1228849704006 85.5385653282702,28.1228827740457 85.5385578668186,28.1228805813201 85.5385477471993,28.1228735301392 85.5385386325827,28.1228676972013 85.5385356175786,28.1228640424702 85.5385394281428,28.1228592529826 85.5385431650091,28.1228598965881 85.5385533542296,28.1228618165146 85.538562193895,28.1228628164055 85.5385748891597,28.1228557065834 85.5385739496655,28.1228496589237 85.5385682232674,28.1228450696396 85.5385594040746,28.1228425605565 85.5385506094479,28.1228382404418 85.5385411257145,28.1228345167438 85.5385315928497,28.1228344151074 85.5385258459824,28.1228313350142 85.5385252346675,28.1228261964996 85.5385215674067,28.122820421639 85.5385161241505,28.1228200617218 85.5385075676269,28.1228232911972 85.538500426168,28.1228226112912 85.5384881409679,28.1228245934817</coordinates></LinearRing></outerBoundaryIs></Polygon></MultiGeometry>
  </Placemark>
  <Placemark>
	<Style><LineStyle><color>ff0000ff</color></LineStyle><PolyStyle><fill>0</fill></PolyStyle></Style>
      <MultiGeometry><Polygon><outerBoundaryIs><LinearRing><coordinates>85.5384856506769,28.1228073596467 85.5384850803086,28.122799202747 85.5384841080641,28.1227955697949 85.5384811053472,28.1227910095473 85.5384788449663,28.1227819289819 85.5384703580512,28.1227800272004 85.5384553860323,28.1227792638013 85.5384506114134,28.1227798166573 85.5384455413754,28.1227770456595 85.5384415009046,28.1227736818748 85.5384391340682,28.1227724491101 85.5384357090028,28.1227739220015 85.5384343307874,28.122775114835 85.5384289202908,28.1227723402065 85.5384235548355,28.1227662453543 85.5384212084726,28.1227635033967 85.5384126724243,28.1227652236737 85.5384088331955,28.1227721260273 85.5384182554989,28.1227803773116 85.5384242977786,28.1227867812628 85.5384378629206,28.1227908503685 85.5384466452549,28.1227960760057 85.5384554234955,28.1228016034808 85.5384635085348,28.1228080292108 85.5384746904654,28.1228120729026 85.5384787350331,28.1228151348479 85.5384831446273,28.122816389392 85.5384862251397,28.122815214708 85.5384865696935,28.1228149164994 85.5384856506769,28.1228073596467</coordinates></LinearRing></outerBoundaryIs></Polygon></MultiGeometry>
  </Placemark>
  <Placemark>
	<Style><LineStyle><color>ff0000ff</color></LineStyle><PolyStyle><fill>0</fill></PolyStyle></Style>
      <MultiGeometry><Polygon><outerBoundaryIs><LinearRing><coordinates>85.5386944334883,28.1227784916756 85.5386989788502,28.1227948417692 85.538700303843,28.1227975728339 85.5387070516227,28.122802173001 85.5387124211902,28.1228079660043 85.538718471677,28.1228137662662 85.5387262326493,28.1228189809977 85.5387333086097,28.1228244903087 85.5387355526379,28.1228347782247 85.5387378498854,28.1228411422397 85.5387517759756,28.1228437057516 85.5387664402971,28.1228420507811 85.5387797345928,28.122840984969 85.5387889065317,28.1228425921517 85.5388034480453,28.1228499923337 85.538809194922,28.1228530724156 85.5388214187179,28.1228556177746 85.5388312756714,28.1228569303742 85.5388417275814,28.1228645888411 85.5388457312274,28.1228706691615 85.5388596122967,28.1228765528868 85.5388646823506,28.1228793238698 85.5388713523683,28.1228896589619 85.53887907242,28.1228978920708 85.5388923257887,28.1228998446336 85.5389039710053,28.1228948367634 85.538909812033,28.1228909745544 85.5389166171336,28.1228913489718 85.5389250590408,28.1228965709505 85.538928722233,28.1229026476398 85.5389324140781,28.122906611459 85.5389428414412,28.12291608095 85.5389527065884,28.122916789864 85.5389643640837,28.122910876473 85.5389691346135,28.1229106254378 85.5389793238479,28.122912545333 85.5389849929647,28.1229213603407 85.5389920975969,28.122924756769 85.5390029923109,28.1229248728886 85.5390148838464,28.1229268109248 85.5390182475148,28.1229298655975 85.5390307299259,28.1229384513384 85.5390392250507,28.1229397494089 85.5390490861081,28.1229407601547 85.5390548452757,28.122942934711 85.5390649813078,28.1229487785016 85.5390693581723,28.1229524477359 85.5390794328137,28.1229628191042 85.5390861847133,28.122967117415 85.5391052218219,28.122969433481 85.5391192216079,28.1229665638619 85.5391335618531,28.1229636978697 85.5391410233236,28.1229658905645 85.539143693799,28.1229698434933 85.5391460442777,28.1229722836006 85.5391609672208,28.1229766689886 85.5391800288884,28.1229771740127 85.5391950295913,28.1229758244637 85.5392120157595,28.1229787224226 85.5392211345162,28.1229842534788 85.5392272095954,28.1229882426879 85.5392396879383,28.1229971302493 85.5392454102818,28.1230020213452 85.5392541926745,28.1230072469326 85.5392633196205,28.123012174309 85.5392752848324,28.1230086792282 85.5392894605862,28.1229928305316 85.5392980334713,28.1229883936526 85.5393127550974,28.1229825128835 85.5393281371813,28.1229781485617 85.5393367714452,28.122969184101 85.5393313977433,28.1229636929594 85.5393187843552,28.1229647660805 85.5393123401685,28.1229628861177 85.5393134556683,28.1229559547135 85.5393278,28.1229527868621 85.5393333087409,28.1229483173295 85.5393228117728,28.1229439791234 85.5393098906645,28.1229426339069 85.5392999845893,28.1229449434045 85.5392870880347,28.1229417871542 85.5392871576027,28.1229366558978 85.539288638117,28.1229279170902 85.5392829526054,28.1229203094485 85.5392731488387,28.122915072979 85.5392595509073,28.1229134186632 85.5392510967046,28.1229091022203 85.5392474334936,28.1229030255389 85.5392407061452,28.1228969162043 85.5392339583357,28.1228923160625 85.5392217099697,28.1228915817714 85.5392145357605,28.1228933166112 85.5392022955795,28.1228919786412 85.5391977795684,28.1228985719235 85.5391915939977,28.1229027323555 85.5391817861448,28.1228977977182 85.5391808343385,28.1228926555772 85.5391764697499,28.1228880808305 85.5391756939231,28.1228699596297 85.5391737289234,28.1228642029266 85.5391577846163,28.1228598066555 85.5391420498059,28.1228650728461 85.5391253058931,28.1228694226338 85.5391185417197,28.1228660298409 85.5391121425626,28.1228608296445 85.5391037456685,28.1228522874526 85.5391010874756,28.1228474290074 85.5390861318107,28.1228454583223 85.5390738384306,28.1228480442428 85.5390584358923,28.1228539177294 85.5390485625639,28.1228538125003 85.5390380615244,28.1228497761117 85.5390186103056,28.1228528895029 85.5390079782914,28.1228585119465 85.5390031545546,28.1228626868846 85.5389894870533,28.1228661637982 85.5389810246796,28.1228624510163 85.5389576680403,28.1228522399563 85.5389406409683,28.1228523603524 85.5389228306461,28.1228600194528 85.538916255489,28.1228677983059 85.5389032770904,28.1228706787915 85.5388941215204,28.1228678642621 85.5388877305613,28.1228620603786 85.5388792886585,28.1228568383977 85.5388728936074,28.1228513363521 85.5388532288217,28.1228450890953 85.538841710506,28.1228407399661 85.5388448073894,28.1228383579197 85.5388533311576,28.1228375431314 85.5388607803328,28.1228406413566 85.538870944998,28.122844372291 85.5388822538432,28.1228390589548 85.5388894075866,28.1228388333253 85.5388947853525,28.1228440226447 85.5389104342117,28.1228450950927 85.5389213903159,28.12284068364 85.5389293191226,28.1228335229792 85.538939926579,28.1228297115732 85.5389497794389,28.1228313260028 85.5389589309143,28.1228344423671 85.5389772993562,28.1228358456765 85.5389845144954,28.1228310924635 85.5389992443011,28.1228246080506 85.5390078294625,28.1228192656739 85.5390163777864,28.1228166398439 85.5390321330596,28.1228098644748 85.5390444509934,28.1228054675264 85.5390567934835,28.1227992595454 85.5390657477494,28.1227918079233 85.5390810847937,28.122790763853 85.5391036246907,28.1227858720769 85.5391098184431,28.1227811079715 85.5391035297948,28.1227677581329 85.5390896037043,28.1227651946567 85.5390794513165,28.1227605582228 85.5390777899479,28.1227575216943 85.5390618784034,28.1227507107041 85.5390499705146,28.1227499800269 85.5390298588603,28.1227515769703 85.5390159245881,28.122749617164 85.5390083771825,28.1227537630732 85.5390001488578,28.1227579017246 85.5389821086088,28.1227574075631 85.5389695648257,28.1227533493971 85.5389676284907,28.1227454798214 85.538971545452,28.1227328425177 85.5389688872679,28.1227279840702 85.538960104912,28.1227227584657 85.5389416914648,28.122724675379 85.5389266416767,28.1227296469644 85.5389139751017,28.1227346439506 85.5389060749546,28.1227396917408 85.5389029125829,28.122746903206 85.5388986838068,28.1227574240083 85.5388891304808,28.1227588315899 85.5388755325767,28.1227571772369 85.5388735757818,28.1227508168529 85.5388780713389,28.1227457327746 85.5388727549789,28.1227360158762 85.5388663353747,28.1227323248618 85.5388455960186,28.1227299906189 85.5388404563834,28.1227323508909 85.5388151723467,28.1227387227831 85.538804363617,28.1227322680397 85.5388003845396,28.1227243766868 85.5387922708303,28.122720063846 85.5387796697487,28.1227202314027 85.53877005502,28.1227261665543 85.5387571052913,28.1227269341568 85.5387483065716,28.1227229158933 85.5387381091725,28.1227215996587 85.5387224234898,28.1227232437387 85.538707443288,28.1227230840444 85.5386955149368,28.1227238625293 85.5386859124851,28.1227288921592 85.5386818638204,28.1227261320584 85.5386781760846,28.1227218663944 85.5386741806413,28.1227151823924 85.5386633309835,28.1227117460236 85.5386544872351,28.1227110479781 85.5386476493955,28.1227130882564 85.5386424770051,28.1227178632292 85.5386332682332,28.1227189725839 85.5386250685562,28.1227209983426 85.5386172093381,28.1227230277304 85.5386008386417,28.1227249663756 85.5385946817186,28.1227270139106 85.5385898047486,28.1227351127347 85.5385913965023,28.1227432805235 85.5385960974246,28.122748160756 85.5386117380771,28.1227498369146 85.5386202659334,28.1227487203021 85.5386243268794,28.122750574889 85.5386352092919,28.1227515965528 85.5386423425593,28.1227528801287 85.5386463625659,28.1227577531003 85.5386497180303,28.1227614114586 85.5386582008537,28.1227636150676 85.5386615522247,28.1227675752641 85.5386649158779,28.1227706299449 85.538674781009,28.1227713388784 85.5386795924719,28.1227680694677 85.5386847321121,28.122765709202 85.5386898226256,28.1227669709984 85.5386911476178,28.1227697020632 85.5386944334883,28.1227784916756</coordinates></LinearRing></outerBoundaryIs></Polygon></MultiGeometry>
  </Placemark>
  <Placemark>
	<Style><LineStyle><color>ff0000ff</color></LineStyle><PolyStyle><fill>0</fill></PolyStyle></Style>
      <MultiGeometry><Polygon><outerBoundaryIs><LinearRing><coordinates>85.5397319460024,28.1226038905778 85.5397100175384,28.1226139209712 85.539700103319,28.1226168341767 85.5396932818669,28.1226176671534 85.5396847744843,28.1226172746402 85.5396742448036,28.1226153511709 85.53966504423,28.1226158569184 85.5396558109272,28.1226187773746 85.5396510158639,28.1226208394664 85.5396397398065,28.122623738159 85.5396315728827,28.1226233492696 85.5396186354424,28.1226232114381 85.5396067152878,28.1226233863257 85.5395910500847,28.1226235213128 85.5395814476809,28.1226285510074 85.5395800326573,28.122632460401 85.5395837204271,28.1226367260421 85.5395908291526,28.1226398206008 85.5396003374569,28.1226417331949 85.5396176804102,28.1226434273747 85.5396271682591,28.1226468491603 85.5396325419617,28.1226523402905 85.5396345519863,28.1226547767626 85.5396429898212,28.1226603005366 85.5396460089499,28.1226636534058 85.539656834091,28.1226689007299 85.5396653332953,28.1226698969224 85.5396775980055,28.1226694238183 85.5396884804238,28.1226704453985 85.5397058683848,28.1226688193418 85.5397181412768,28.1226677425567 85.5397294009732,28.1226660512124 85.5397423629648,28.1226643780015 85.539753400837,28.1226539297064 85.5397602713814,28.1226494746625 85.5397684833073,28.1226465433188 85.539774320201,28.1226429829098 85.5397808584664,28.1226379205606 85.5397873353695,28.1226373857915 85.5397927622601,28.1226389530127 85.5397967782256,28.1226441277912 85.5398144084633,28.122649749476 85.5398266608992,28.1226501818745 85.5398341755427,28.1226484506283 85.53984199792,28.1226491377179 85.5398491230168,28.1226510249087 85.5398645009433,28.1226469623625 85.5398706660215,28.122644311092 85.5398840052826,28.1226399249457 85.5398888330668,28.122635448136 85.5398984640911,28.1226283055484 85.5399053673517,28.1226214357873 85.5398982545271,28.1226186430833 85.5398903912466,28.1226209743841 85.5398754110512,28.1226208148179 85.5398624777003,28.1226203751708 85.5398506434481,28.1226142114669 85.5398479688637,28.1226105603898 85.5398425583361,28.122607785816 85.539826884953,28.1226085245075 85.5398245712819,28.1226033678631 85.5398313886416,28.1226028367185 85.5398426156049,28.1226035600742 85.5398515125336,28.1226003341398 85.5398533293647,28.122591900789 85.5398458965377,28.1225875952623 85.539839472816,28.1225842061312 85.5398371468729,28.1225799550032 85.5398289881324,28.1225789624481 85.5398140406688,28.1225763881659 85.5398055291979,28.122576297499 85.5397945936077,28.1225791998314 85.5397931172311,28.122587636808 85.5397886421765,28.1225912117249 85.5397848807658,28.1225923791856 85.5397742979047,28.122594379627 85.5397647650559,28.1225942780771 85.5397538417355,28.1225962748901 85.5397459661812,28.1225995116986 85.5397384433582,28.1226018466174 85.5397319460024,28.1226038905778</coordinates></LinearRing></outerBoundaryIs></Polygon></MultiGeometry>
  </Placemark>
  <Placemark>
	<Style><LineStyle><color>ff0000ff</color></LineStyle><PolyStyle><fill>0</fill></PolyStyle></Style>
      <MultiGeometry><Polygon><outerBoundaryIs><LinearRing><coordinates>85.5385359558155,28.1226131819922 85.5385496519566,28.1226075922534 85.5385506815213,28.1226069994658 85.538559233932,28.1226040718255 85.5385636844608,28.1226023079815 85.5385673107752,28.1226111012263 85.5385662320801,28.1226153160764 85.538567163384,28.1226219674133 85.5385729102416,28.1226250475046 85.5385780089353,28.1226257056279 85.5385803634878,28.1226278439058 85.5385877880754,28.1226327531763 85.5385956145343,28.1226331384982 85.5386037814521,28.1226335274493 85.5386133675224,28.122629705179 85.5386188066755,28.1226303669305 85.538626944935,28.12263286875 85.5386358132408,28.1226317557657 85.5386449810653,28.1226336647959 85.5386466587957,28.122635493975 85.5386496697037,28.1226394505421 85.5386588047776,28.1226437742797 85.5386597483693,28.1226495201006 85.5386589978544,28.1226546440967 85.5386616437408,28.1226604080653 85.5386745607105,28.1226620551799 85.5386868336077,28.1226609784874 85.5386967724182,28.1226562543252 85.5387046439115,28.1226533194169 85.538714217699,28.1226504026552 85.5387238324236,28.1226444675074 85.5387296611621,28.1226415108213 85.5387341157837,28.1226394451331 85.5387457896342,28.1226323244056 85.5387512697253,28.1226299677663 85.5387595307981,28.1226234144214 85.538766438222,28.1226162428817 85.5387787479558,28.1226124496338 85.5387882071176,28.1226179843464 85.5387905248321,28.1226228391678 85.5387992907971,28.1226292721369 85.5388132455164,28.1226297227717 85.5388245461543,28.1226250131165 85.5388335045139,28.122617259671 85.5388407155505,28.1226128083036 85.5388462488531,28.122606527759 85.5388459697956,28.1226019965514 85.5388350955822,28.1226003712278 85.5388194058248,28.1226023171581 85.5388133225955,28.1225989316092 85.5388150453568,28.1225974405622 85.5388263091499,28.1225954474538 85.5388301196914,28.1225906579571 85.538832904763,28.1225861594115 85.5388272356753,28.1225773443981 85.5388125877647,28.1225777920224 85.5388016889932,28.1225779777275 85.5387829719527,28.1225771744441 85.5387771473126,28.1225798292941 85.5387648457698,28.1225830188649 85.5387559897501,28.1225832263421 85.5387443895922,28.1225849139768 85.5387361326153,28.1225911654824 85.5387319938922,28.1225950458313 85.5387146100281,28.1225963699257 85.5387111685966,28.1225990501786 85.5386998966138,28.1226016469546 85.538697242539,28.1225964866637 85.5386915325237,28.1225906900307 85.5386803219495,28.1225887592269 85.538668401801,28.1225889340329 85.5386564693707,28.1225900143535 85.5386449019628,28.1225892872715 85.5386391632928,28.1225856035061 85.5386265622274,28.1225857710494 85.5386149006569,28.1225919862511 85.538611799682,28.1225946701311 85.538601910003,28.1225957722248 85.5385964340048,28.1225978270196 85.5385872620901,28.1225962198248 85.53858222481,28.122591034124 85.5385785125177,28.1225885794886 85.5385764738597,28.1225882558717 85.5385649105471,28.1225872269443 85.5385594345487,28.1225892817376 85.5385481420926,28.1225933876936 85.5385406356242,28.1225945151916 85.5385348314492,28.1225956608384 85.538528046841,28.1225937772101 85.538520929963,28.1225912862746 85.5385124389676,28.1225896863347 85.538503976633,28.1225859735247 85.5384985620494,28.1225835007376 85.5384904319857,28.1225803952337 85.5384829787453,28.1225775988278 85.5384796110089,28.1225748459814 85.53847112411,28.1225729442005 85.5384676826735,28.122575624447 85.5384608448395,28.1225776647163 85.5384584288731,28.1225800540142 85.5384580147135,28.1225854834774 85.5384606892489,28.1225891345799 85.5384623383139,28.1225930766307 85.5384646396351,28.1225991388112 85.5384680073718,28.122601891658 85.5384795584014,28.1226038261091 85.5384839720815,28.1226047788144 85.5384938331013,28.1226057895988 85.5385060486719,28.1226089386617 85.5385087395869,28.1226113824092 85.5385182601489,28.122612389562 85.5385288184646,28.1226122002497 85.5385359558155,28.1226131819922</coordinates></LinearRing></outerBoundaryIs></Polygon></MultiGeometry>
  </Placemark>
  <Placemark>
	<Style><LineStyle><color>ff0000ff</color></LineStyle><PolyStyle><fill>0</fill></PolyStyle></Style>
      <MultiGeometry><Polygon><outerBoundaryIs><LinearRing><coordinates>85.5388455257263,28.1227100656447 85.5388516785508,28.1227083199368 85.5388547713366,28.1227062397285 85.5388606164488,28.1227020756826 85.5388617115071,28.1226966534756 85.5388603946981,28.1226933187352 85.5388639016232,28.1226858090615 85.5388696894268,28.1226858707551 85.5388720398933,28.1226883108668 85.5388771672457,28.1226868561091 85.5388796282324,28.1226811465794 85.5388800341847,28.1226763207913 85.5388743077818,28.1226717315197 85.5388604103638,28.1226670551509 85.5388505534272,28.122665742554 85.5388403273777,28.1226665391971 85.538833830003,28.1226685831141 85.5388198507174,28.1226699435125 85.5388143829062,28.1226713946388 85.5388003135619,28.1226793954835 85.5387965316707,28.1226820721093 85.5387865683002,28.1226886073102 85.5387834059223,28.1226958187723 85.5387833322374,28.1227012518663 85.5387890791058,28.1227043319489 85.5387951541528,28.1227083211761 85.5387971477846,28.122711965014 85.5388097365846,28.1227127029713 85.538817936258,28.1227106772014 85.5388240727089,28.122710138849 85.5388455257263,28.1227100656447</coordinates></LinearRing></outerBoundaryIs></Polygon></MultiGeometry>
  </Placemark>
  <Placemark>
	<Style><LineStyle><color>ff0000ff</color></LineStyle><PolyStyle><fill>0</fill></PolyStyle></Style>
      <MultiGeometry><Polygon><outerBoundaryIs><LinearRing><coordinates>85.5387230119603,28.1227175142504 85.5387337630319,28.1227156666253 85.5387381992347,28.1227149592107 85.5387421308893,28.122713793594 85.5387455764176,28.1227108115019 85.5387480210369,28.1227063093291 85.5387523218061,28.1227030344716 85.5387596928471,28.1226993395199 85.5387604413108,28.1226943664424 85.538755348753,28.1226932555679 85.5387466342977,28.1226955777286 85.5387369148399,28.1226966816464 85.5387289283803,28.1226955399214 85.5387198816529,28.1226972547739 85.5387096637875,28.1226974477301 85.53870384528,28.1226996498188 85.5387035911269,28.1227058356942 85.538709500035,28.1227095212718 85.5387135527936,28.1227119795332 85.5387152264325,28.1227141105501 85.5387230119603,28.1227175142504</coordinates></LinearRing></outerBoundaryIs></Polygon></MultiGeometry>
  </Placemark>
  <Placemark>
	<Style><LineStyle><color>ff0000ff</color></LineStyle><PolyStyle><fill>0</fill></PolyStyle></Style>
      <MultiGeometry><Polygon><outerBoundaryIs><LinearRing><coordinates>85.5378044915952,28.1223285555264 85.5377906356985,28.1223459168899 85.5377898974343,28.1223501353647 85.5377905128086,28.122354972043 85.5377924326659,28.122364048986 85.5377978226433,28.1223683328306 85.5378025808609,28.1223689873505 85.5378140581183,28.1223763549482 85.5378221389905,28.1223830825523 85.5378288989943,28.1223867772452 85.5378356426137,28.1223916792916 85.537846463537,28.122397228593 85.5378614764568,28.1223949736721 85.5378738230579,28.1223884639596 85.5378826913488,28.1223873510236 85.5379043823531,28.122394827557 85.5379125533444,28.12239491471 85.5379200925715,28.1223913725385 85.5379316763342,28.122390892327 85.5379652296238,28.1223773636234 85.5379740815299,28.1223774580352 85.5379889633801,28.1223848619309 85.5379963797315,28.1223903749089 85.5380188171922,28.1223930292713 85.5380310491057,28.1223949710213 85.5380453565327,28.1223945198488 85.5380596311949,28.1223964833825 85.5380697957883,28.1224002143739 85.5380806331075,28.1224045563034 85.5380915359554,28.1224040688165 85.5381031770559,28.1223993628518 85.5381066471632,28.1223945697451 85.5381040054084,28.1223885039285 85.5380993372879,28.1223812089725 85.5380910598141,28.1223889696309 85.5380781551751,28.1223864169474 85.5380612469527,28.1223777839213 85.5380388094937,28.1223751295659 85.5380278575006,28.1223792391103 85.538022442939,28.1223767663052 85.5380184229749,28.1223718933166 85.5380123766466,28.1223657911873 85.5380124339866,28.1223615654488 85.5380159860105,28.1223507355751 85.5380126633461,28.1223446624947 85.5380053371029,28.1223325090714 85.5379965507323,28.1223275852463 85.5379666150234,28.1223254546709 85.5379481893455,28.122328276968 85.5379297636668,28.1223310992626 85.5379148326765,28.1223273174223 85.537892313312,28.1223306998125 85.5378867840666,28.1223366784788 85.5378737647489,28.1223425772529 85.5378683583852,28.122339500765 85.5378636493218,28.1223352241861 85.5378548219965,28.1223333187365 85.5378412528399,28.1223295514144 85.5378290455153,28.1223257986171 85.5378174699521,28.1223256751434 85.5378044915952,28.1223285555264</coordinates></LinearRing></outerBoundaryIs></Polygon></MultiGeometry>
  </Placemark>
  <Placemark>
	<Style><LineStyle><color>ff0000ff</color></LineStyle><PolyStyle><fill>0</fill></PolyStyle></Style>
      <MultiGeometry><Polygon><outerBoundaryIs><LinearRing><coordinates>85.5259694773853,28.1075430375664 85.525898490069,28.1077547992774 85.5258982589508,28.1077717021755 85.5258896929067,28.1078005907446 85.5258891316149,28.1078416406394 85.5258998926727,28.1078514165415 85.5259298157549,28.107854153271 85.5259350312051,28.1078711147193 85.5259289573296,28.1079169354636 85.5259257718153,28.1079507119841 85.5259221900984,28.1080134649002 85.5259157530204,28.1080858473385 85.5259096461032,28.1081340827794 85.5259118411182,28.1081727472488 85.5259087876561,28.1081968649688 85.5259355913436,28.1082285488198 85.5259629893365,28.1082167680728 85.5259876970484,28.1082025433461 85.5260206076395,28.1081859917362 85.5260535512348,28.1081670254182 85.5260946646869,28.1081481469085 85.5261548081362,28.1081318879836 85.5262125583831,28.1080914527624 85.5262621057165,28.108053344409 85.5263501090947,28.1079914987776 85.5264763703702,28.1079204039906 85.5265203719576,28.1078894811088 85.5265863577909,28.1078443041078 85.5266493562873,28.107818415416 85.5266628736966,28.107825805821 85.5266570971328,28.107849894305 85.5266537468481,28.107895744354 85.5266670662679,28.1079176229619 85.5267024689638,28.1079180033447 85.5268373617255,28.1078131901818 85.5270134333356,28.1076846686737 85.5270933981223,28.1076130759695 85.5271488863129,28.1075388052592 85.5271574519991,28.1075099165968 85.5271167018486,28.1075022337307 85.527075852734,28.107501794956 85.5270436023241,28.1074700528136 85.5270087276353,28.1074310373078 85.5269650892922,28.1074353986498 85.526924339186,28.107427715728 85.5269358261519,28.1073843681299 85.526988162159,28.107341459341 85.5270292421481,28.1073249952317 85.5271274777944,28.1073115600905 85.5271850952921,28.1072807832296 85.5272045210305,28.1072544262615 85.5272183682777,28.1072376695977 85.5272433065062,28.1072065417184 85.527262831173,28.1071729406364 85.527219588779,28.1071483256474 85.5271840873658,28.1071551895116 85.5271404821275,28.1071571362128 85.5271381217328,28.1071305452482 85.5271576464169,28.1070969441815 85.5271497735157,28.1070751241193 85.5271500374189,28.1070558065086 85.527164049585,28.1070269763424 85.5271891527115,28.1069837749638 85.5272384682883,28.1069625691295 85.5272902102453,28.1069631248376 85.5273530761303,28.1069468945997 85.5273862499941,28.1069110250235 85.5274300860015,28.1068921753282 85.527471099794,28.10688054048 85.5275013524618,28.1068591298404 85.5275343613548,28.1068353337342 85.5275536550106,28.1068186355161 85.5275975898855,28.1067925416588 85.5276254490158,28.1067469547291 85.5276229565978,28.106730022575 85.5276340474792,28.1067156513245 85.5276616097898,28.1066917967038 85.5277027553832,28.1066705029739 85.5277439998828,28.1066419651246 85.5277524993809,28.1066179058168 85.5277609329279,28.1065986759127 85.5278077228052,28.1065629524106 85.5278298055647,28.1065414539816 85.5278162882268,28.1065340636934 85.5277915151878,28.106553118181 85.5277232030887,28.1065692901556 85.5276820245633,28.1065929985957 85.5276381227676,28.1066166777826 85.5275973069561,28.1066138244738 85.5275427099931,28.1066228984536 85.5275016963068,28.1066345333277 85.5274554339885,28.106631621491 85.5273952255924,28.1066527104325 85.5273703535071,28.106679008945 85.5272605657483,28.106740621326 85.5272222422598,28.1067547000626 85.5271813604397,28.1067566760315 85.5271104238423,28.1067655743383 85.5270860794854,28.1067532375733 85.5270316803588,28.1067478231372 85.5270068741463,28.1067692921766 85.5269576575937,28.1067832538262 85.5269383308639,28.1068023666584 85.5268915735984,28.1068356751466 85.5268453112205,28.1068327631014 85.5268295325882,28.1067915376462 85.5267997417488,28.1067791423188 85.5267371398658,28.1067760546961 85.5267042628148,28.1067901918008 85.5266740100171,28.1068116022594 85.5266382776947,28.1068353688916 85.5265810563002,28.1068371691183 85.5265512654796,28.1068247737375 85.5264996556146,28.1068145589503 85.5264640882696,28.1068262520322 85.5264203511472,28.1068378573115 85.5263986641069,28.1068303790925 85.5263499095345,28.1068105347119 85.5263336360106,28.106805529715 85.5263013200132,28.1067786168121 85.5262687399744,28.1067710215059 85.5262362919723,28.1067537673903 85.5261981994204,28.1067509429325 85.5261869102951,28.1067798022616 85.5261639028996,28.1068689120205 85.526132890737,28.1069458604611 85.5261319994521,28.107011057368 85.526131009132,28.1070834983749 85.5261168646421,28.1071219872252 85.5261079025796,28.1071798522168 85.5260938240909,28.1072135116632 85.526085324174,28.1072375708503 85.5260464061361,28.1072951138459 85.5260321955585,28.1073384320842 85.5260256595757,28.1074180586388 85.5259694773853,28.1075430375664</coordinates></LinearRing></outerBoundaryIs></Polygon></MultiGeometry>
  </Placemark>
  <Placemark>
	<Style><LineStyle><color>ff0000ff</color></LineStyle><PolyStyle><fill>0</fill></PolyStyle></Style>
      <MultiGeometry><Polygon><outerBoundaryIs><LinearRing><coordinates>85.5357471855012,28.1099710832056 85.535731173415,28.1099467616151 85.5357536161715,28.1098987000803 85.5357379320881,28.109850231394 85.5357110266465,28.1098257934721 85.5356843836213,28.1097820378682 85.5356356914748,28.1097573672645 85.5355813558524,28.1097471267311 85.5355652782292,28.1097276345421 85.5355877866131,28.1096747436149 85.5355885738728,28.1096167905851 85.5355453941043,28.1095873487032 85.5354365918382,28.1095765263879 85.5353659163095,28.109566111244 85.5353065278448,28.1095268359151 85.5353069871653,28.1094930299847 85.5353292987714,28.1094546273572 85.5353189959848,28.1094110462282 85.5352646605715,28.1094008055764 85.5351395185407,28.1093898084848 85.5351124820993,28.1093750292899 85.5350748804772,28.109335986619 85.5350429880546,28.109277684457 85.5349836654991,28.109233579579 85.5349458670748,28.1092090251299 85.5348971753624,28.109184354278 85.5348702702784,28.1091599162021 85.5348102258371,28.1091689348498 85.5347339070731,28.1091729494446 85.5346852810728,28.1091434491022 85.5346368520379,28.1090994604909 85.5345827794519,28.1090699019071 85.5345447842296,28.1090598356045 85.5344737152258,28.1090783965189 85.5344349321509,28.1091262831909 85.5344127516192,28.1091550268312 85.5343577598496,28.1091930799962 85.5343305265908,28.1091927889028 85.5342603767511,28.1091437378686 85.5342118165665,28.1091094079469 85.5341635190819,28.1090557603431 85.5341696223946,28.1090075244034 85.5341485581709,28.1089541679191 85.5341164036874,28.1089151832275 85.5340795249658,28.1088230167196 85.5340085217251,28.10883674798 85.5339854217006,28.1089331033774 85.5339783988571,28.1090489511321 85.5339610737821,28.1091212176727 85.5339820065891,28.1091842330143 85.5339594975436,28.1092371236558 85.5339530657331,28.1093095066598 85.5339466339117,28.1093818896625 85.5340927743486,28.1094510737489 85.5341471096534,28.1094613148619 85.5342666079654,28.1094867428858 85.5343208776465,28.1095018133476 85.5343800687417,28.1095555773394 85.534505079547,28.1095762339621 85.5345596775647,28.1095671572475 85.5346472181872,28.1095391120898 85.5347123812966,28.1095542988138 85.5347115279239,28.1096170812387 85.5347159899374,28.1096895807024 85.5347256360602,28.109781456039 85.5347021425562,28.1099067880633 85.534717366661,28.1099890627697 85.5347925700969,28.1100671482982 85.5348686269417,28.1100824513642 85.5349116754339,28.1101215522925 85.5350692359652,28.1101522164466 85.5351345963903,28.1101529147313 85.5352327026547,28.110149132682 85.5352487146536,28.1101734543269 85.5353028535933,28.110198183253 85.5354176280842,28.1101704285274 85.5354558206233,28.1101660063489 85.5354829885306,28.1101711266466 85.5354930946096,28.1102291960194 85.5354649425048,28.1102965170001 85.535485942009,28.1103547027248 85.5355459214645,28.110350513224 85.535655052543,28.1103371883871 85.535736622036,28.1103477197324 85.5357301913131,28.1104201028509 85.5357564409043,28.1104928349622 85.5357555881059,28.1105556174078 85.5357987683104,28.1105850592363 85.5358311862777,28.1106047258897 85.5358524484182,28.1106435938894 85.5359335590203,28.1106879310605 85.5359987886165,28.1106982877841 85.5360149320458,28.1107129505086 85.5360199196582,28.1107468145989 85.5359971488745,28.1108190232655 85.5359963617947,28.1108769762959 85.5359903903307,28.1109155534927 85.5359896688347,28.1109686771029 85.535962107148,28.1109925334119 85.5358359136127,28.1110588075869 85.5358082862704,28.1110874932811 85.5357533595497,28.1111207175586 85.5356333997825,28.1111290966828 85.5355183618566,28.1111761692207 85.5354085737386,28.1112377880913 85.5353536468234,28.1112710122004 85.5352878919765,28.1112992904987 85.5352542926702,28.1113665532252 85.5353903961515,28.1113728372412 85.5354889628272,28.1113352491267 85.535641997049,28.1112982426606 85.5357513258912,28.1112704295296 85.5358335520826,28.1112326666576 85.5359483931657,28.1112000821092 85.5359923607696,28.1111715708587 85.5360689432897,28.1111482379393 85.5361346322709,28.1111247886738 85.5361950712175,28.1110867929686 85.5362938996826,28.1110298865749 85.5363599164173,28.1109822900972 85.5364096584315,28.1109296897464 85.5364647815697,28.1108819769333 85.536508683344,28.1108582949262 85.5365249580012,28.1108632987531 85.5365236466706,28.1109598871589 85.5365396590798,28.1109842086657 85.5365717494839,28.1110280222539 85.5368061564075,28.1110160335397 85.5368450702856,28.1109584873537 85.5368997999563,28.1109397508855 85.5370037469536,28.1109070491865 85.5370966037818,28.110888719446 85.5371132061746,28.1108695760964 85.537194776252,28.1108801065938 85.5372331655987,28.1108611956616 85.5373044975115,28.1108233156594 85.537440862626,28.1108102799296 85.5375174446107,28.1107869461783 85.5375667273495,28.11076815134 85.5376271000986,28.1107349843978 85.5377153616179,28.1106538136382 85.5377922709823,28.1106063326105 85.5378146474793,28.1105631001366 85.5376663410144,28.1106532908415 85.5375676446201,28.1107005394226 85.5375021527475,28.1107095011301 85.537475050114,28.1106995518018 85.537497426757,28.1106563193858 85.5375801760548,28.1105799200402 85.5376242085074,28.1105465788152 85.5375150118629,28.1105647346433 85.5374601514336,28.1105931302143 85.5373340247627,28.1106545764021 85.5372412337046,28.1106680768911 85.5372527825031,28.110619898883 85.5373567946213,28.1105823674768 85.5374776710354,28.1105063748992 85.537543817982,28.1104491189707 85.5375879814248,28.1104061189092 85.537621513458,28.1103436849587 85.5376218410369,28.1103195378434 85.5375288537361,28.1103475268086 85.5374130311084,28.1104525540755 85.5373146624497,28.1104756553668 85.5372162937519,28.1104987565859 85.5371013226796,28.1105410010859 85.5370622780131,28.1106082062022 85.536974671518,28.1106410823103 85.5368764337064,28.110654524434 85.5368444088303,28.1106058814931 85.5367629045584,28.1105905213749 85.5367352775799,28.1106192072717 85.536653117717,28.1106521412965 85.5365710233696,28.1106802458496 85.5365050724815,28.110723013021 85.5364608429183,28.1107708421307 85.536335174532,28.1107984814286 85.5362811006179,28.1107689234723 85.5362272890515,28.1107200478166 85.5361566782646,28.1107048036313 85.5361134979106,28.1106753619107 85.5361633054739,28.1106179322265 85.5361966416468,28.1105699869193 85.5361591703851,28.1105212856825 85.5360777318791,28.1105010957432 85.5360347483885,28.110457165742 85.5360301543042,28.1103943251337 85.535954359408,28.1103597050206 85.5359275849769,28.1103256082975 85.5359444498423,28.1102871474146 85.5359777204115,28.1102440315778 85.5359510771803,28.1102002760204 85.5359405117207,28.1101760126088 85.5359629544381,28.1101279510395 85.5359144588453,28.1100887922691 85.5358603198075,28.110064063581 85.5358386641995,28.1100541721 85.5357471855012,28.1099710832056</coordinates></LinearRing></outerBoundaryIs></Polygon></MultiGeometry>
  </Placemark>
  <Placemark>
	<Style><LineStyle><color>ff0000ff</color></LineStyle><PolyStyle><fill>0</fill></PolyStyle></Style>
      <MultiGeometry><Polygon><outerBoundaryIs><LinearRing><coordinates>85.5307346126308,28.1098365586632 85.5307798438977,28.1098153078139 85.5307894084882,28.1098129952417 85.5308031568138,28.1098034823262 85.5308074392778,28.1097890378705 85.5308104588015,28.1097673347114 85.5307996641869,28.1097599738777 85.5307861791483,28.1097501691584 85.5307700365979,28.1097355058484 85.5307456088587,28.1097292064581 85.5307226086131,28.1097180922458 85.5307075479925,28.109723968506 85.5307058572056,28.1097481009576 85.5307069226657,28.1097698478868 85.5307175362599,28.109790489601 85.5307281004907,28.1098147533708 85.5307346126308,28.1098365586632</coordinates></LinearRing></outerBoundaryIs></Polygon></MultiGeometry>
  </Placemark>
  <Placemark>
	<Style><LineStyle><color>ff0000ff</color></LineStyle><PolyStyle><fill>0</fill></PolyStyle></Style>
      <MultiGeometry><Polygon><outerBoundaryIs><LinearRing><coordinates>85.5307801112799,28.1100954572791 85.530836610411,28.1101467788569 85.5308527859391,28.1101590274566 85.5308743094372,28.1101785785258 85.5309095154944,28.1101934460764 85.5309285460156,28.1101960650288 85.5309857033981,28.1101990924616 85.5310318357745,28.1102116619847 85.5310725872752,28.1102193437332 85.5311216733431,28.1102150394703 85.5311763377115,28.1102011347178 85.5312339228185,28.1101727708869 85.5312721483741,28.1101659351758 85.5313214976029,28.110142313202 85.5313380679684,28.110125585289 85.5313629070581,28.1101017007676 85.5313902392016,28.1100947483443 85.5314367663406,28.1100783412724 85.5314641313694,28.1100689741289 85.5315108229588,28.110040493506 85.5315327083911,28.1100334827203 85.5315954768665,28.1100244947026 85.5316447930725,28.110003287312 85.531691517478,28.1099723919191 85.5317053973087,28.1099532200901 85.5316785585757,28.109923952 85.5316648760889,28.109928635595 85.5316375440031,28.1099355880755 85.5315965294221,28.1099472241384 85.5315448517198,28.1099418405908 85.5315069223066,28.1099269440364 85.5314823464485,28.1099315109469 85.5314821819743,28.109943584472 85.5314220381922,28.1099598457223 85.5313947389819,28.1099643834486 85.5313509023316,28.1099832343825 85.5313451595653,28.1100049083871 85.5313205836838,28.1100094752676 85.5312932515584,28.1100164276778 85.5311950138063,28.1100298657257 85.5311242726911,28.110024277809 85.5311081958602,28.1100047851269 85.5310892969819,28.1099925073822 85.531051236002,28.1099872695216 85.5309940129167,28.1099890715292 85.5309532615089,28.1099813897606 85.5309590372583,28.1099573010708 85.5310056631121,28.1099336500317 85.5310413626814,28.1099122969785 85.5310224309218,28.1099024339298 85.5309680628466,28.1098946062861 85.5309081493791,28.1098939643782 85.5308811134348,28.1098791843668 85.5308348166727,28.1098786883202 85.5308104382618,28.1098687668837 85.5307614181671,28.1098682416323 85.5307558398459,28.109877842087 85.5307579707866,28.1099213359448 85.5307712254678,28.1099480435971 85.5307900255691,28.109967565497 85.5307897293754,28.1099892978353 85.5307867756603,28.1100061715844 85.5307834599272,28.1100496070799 85.5307801112799,28.1100954572791</coordinates></LinearRing></outerBoundaryIs></Polygon></MultiGeometry>
  </Placemark>
  <Placemark>
	<Style><LineStyle><color>ff0000ff</color></LineStyle><PolyStyle><fill>0</fill></PolyStyle></Style>
      <MultiGeometry><Polygon><outerBoundaryIs><LinearRing><coordinates>85.5161777177632,28.1043884308076 85.5162399854425,28.1044156700926 85.5163188912977,28.1044213539139 85.5163461231303,28.104421648538 85.5164114463056,28.1044247703044 85.5164523605051,28.1044203828299 85.5165041674353,28.1044161131795 85.5165559411408,28.1044142582 85.5166159176158,28.1044100768808 85.5166431162297,28.1044127861366 85.5166593888921,28.1044177922547 85.5166590567008,28.1044419391628 85.5166888124161,28.1044567513199 85.5167242470339,28.1044547195443 85.5167405529241,28.1044573109622 85.5167565266451,28.1044840492872 85.516807901793,28.1045111705049 85.5168677122447,28.1045190625322 85.5169030804543,28.1045218600931 85.5169192867196,28.1045316955634 85.5169245005998,28.1045486573025 85.516940607232,28.1045657368436 85.516959204569,28.1045997486708 85.5170051666584,28.1046243962266 85.5170484055793,28.1046490143193 85.5170890541692,28.1046639441867 85.5171135628822,28.1046642092131 85.5171379719694,28.1046717183089 85.5171705506325,28.1046793157388 85.5171949929349,28.1046844101334 85.5172274055726,28.1047040810067 85.5172815705532,28.1047264021167 85.5173498827863,28.1047102353562 85.5173744579197,28.1047056709534 85.5174398477243,28.1047039628543 85.5175487089988,28.1047099698224 85.5176986505489,28.1046995154013 85.5177858590825,28.1046956279276 85.5178459684646,28.1046817873065 85.5179004986828,28.1046775465638 85.5179441029406,28.1046756027692 85.5179604089004,28.1046781940444 85.5180286214507,28.1046692710171 85.5180504733604,28.1046646770627 85.5180943762984,28.1046410009894 85.5180836826596,28.1046263951247 85.518053860316,28.1046164126461 85.5180295507356,28.1046016596346 85.518010687541,28.1045869654777 85.5179836215945,28.1045745977214 85.5179429397104,28.1045620828078 85.5178994350732,28.1045567825275 85.5178668563869,28.1045491852701 85.5178342113196,28.1045464173893 85.5177907066957,28.1045411170749 85.5177364421059,28.1045260402408 85.5176849007193,28.1045109928215 85.5176713511765,28.1045060162588 85.5176660375892,28.1044962986194 85.5176880554569,28.1044796312624 85.5177019701516,28.1044580462121 85.5176913761725,28.1044361962432 85.5176315324914,28.1044307192665 85.5175634860641,28.1044275686421 85.5175091219665,28.1044197357964 85.5175011516141,28.1044051593287 85.5174878012969,28.1043856945982 85.5174962696511,28.1043640506906 85.5175019152186,28.1043496214185 85.5174530639334,28.1043370180469 85.5174419719945,28.1043513884363 85.5174252676767,28.1043777734018 85.5174169985199,28.1043849291544 85.5173900655076,28.1043629025186 85.5173849843719,28.1043362820279 85.5173579517681,28.1043214994612 85.5173417786946,28.1043092493505 85.5173339079842,28.1042874287992 85.517306808991,28.1042774756062 85.5172497882229,28.1042647838351 85.5172063833697,28.1042522392661 85.5171847639648,28.1042399302479 85.51714135913,28.1042273856589 85.5171172490189,28.1041981443446 85.517090216488,28.1041833617275 85.5170468781083,28.1041659877271 85.5170252587397,28.104153678685 85.5169899238571,28.1041484664686 85.5169600353324,28.1041433131428 85.5169356595896,28.1041333893286 85.5168977011826,28.1041209035652 85.516870569061,28.10411336498 85.516854528933,28.1040914560502 85.5168275296816,28.1040742586924 85.5167622731292,28.1040663077496 85.5167159791578,28.1040658070316 85.5166534790146,28.1040554708011 85.5165992480667,28.1040379788403 85.5165529208899,28.1040398927586 85.5165038705383,28.1040417772025 85.5164656464356,28.1040486088484 85.5164272894333,28.1040650992461 85.5163809290197,28.1040694277963 85.5163427381267,28.1040738447166 85.5162881085028,28.1040853289208 85.5162913300806,28.1040491380258 85.5162753897639,28.1040199849614 85.5162403872496,28.1039906256497 85.5162132884411,28.1039806722469 85.5161863557832,28.1039586453866 85.5161702161314,28.1039439804537 85.516121132593,28.1039482794525 85.5160990813767,28.1039673612444 85.5160742405174,28.103991242946 85.5160412965938,28.1040102068588 85.5160141313348,28.1040050827976 85.5159975596673,28.1040218088182 85.5159861352379,28.1040603259863 85.5159744781616,28.1041157459841 85.5159794924707,28.1041471958946 85.5159873628943,28.1041690165133 85.5159896540317,28.1042004369543 85.5159974247598,28.104229501643 85.5160509578104,28.1042977023353 85.51607244416,28.1043196702885 85.5161048232421,28.1043417561064 85.5161777177632,28.1043884308076</coordinates></LinearRing></outerBoundaryIs></Polygon></MultiGeometry>
  </Placemark>
  <Placemark>
	<Style><LineStyle><color>ff0000ff</color></LineStyle><PolyStyle><fill>0</fill></PolyStyle></Style>
      <MultiGeometry><Polygon><outerBoundaryIs><LinearRing><coordinates>85.517225079636,28.1037839216038 85.5171830531641,28.1037701844102 85.5171681919647,28.1037615710418 85.5171587937061,28.103751809217 85.5171208354025,28.1037393235188 85.5170611249842,28.1037241875424 85.5170284469859,28.1037238341711 85.5169997873168,28.1037283543478 85.5169752622121,28.1037292966548 85.5169533440334,28.1037387198266 85.5169464530871,28.1037446829313 85.5169191051747,28.1037528398525 85.5168877057206,28.1037585379007 85.5168564391187,28.1037545771765 85.5168388547824,28.1037459343221 85.5168170528406,28.1037469060523 85.5168046325152,28.1037588469731 85.5168044996554,28.1037685057379 85.5167636853615,28.1037656492544 85.51673384678,28.1037568738467 85.5167136389381,28.1037409574495 85.51670136808,28.1037420322506 85.5166998238018,28.1037552983244 85.5167077773912,28.1037710821797 85.5167049047466,28.1037819188352 85.5167101351706,28.103797673236 85.5167222399507,28.1038086718898 85.5167603975229,28.1038066695506 85.5167806552072,28.1038189639048 85.5168201411524,28.1038193909667 85.5168296888499,28.1038182867033 85.516874504886,28.1038272240728 85.5169018196076,28.1038214818527 85.5169401764553,28.1038049913156 85.5169866197686,28.1037946258424 85.5170479408693,28.1037916663902 85.5171050277785,28.1037995288525 85.5171213335818,28.103802120222 85.5171417407426,28.1038035484124 85.5171688894123,28.1038098795962 85.5171919865382,28.1038137519161 85.5172041909895,28.1038175064544 85.5172164452504,28.1038176389542 85.517225079636,28.1037839216038</coordinates></LinearRing></outerBoundaryIs></Polygon></MultiGeometry>
  </Placemark>
  <Placemark>
	<Style><LineStyle><color>ff0000ff</color></LineStyle><PolyStyle><fill>0</fill></PolyStyle></Style>
      <MultiGeometry><Polygon><outerBoundaryIs><LinearRing><coordinates>85.5173787146828,28.1038513928202 85.517402368113,28.1038643275598 85.517407814454,28.103864386441 85.5174180512445,28.1038626858237 85.5174399860124,28.1038520552312 85.5174591229052,28.1038468282523 85.5174809165664,28.1038464600936 85.5175088954594,28.1038419324572 85.5175070605776,28.1038268185537 85.5174943164192,28.1038127942415 85.5174604013041,28.1038033711581 85.5174317831286,28.10380487306 85.517421662548,28.103798122257 85.5174075402193,28.103785290563 85.517391358917,28.1037736441331 85.5173661779118,28.1037727681307 85.517352487365,28.1037780539802 85.5173313247054,28.1037820515172 85.517313034629,28.1037752123804 85.517294088666,28.1037665548617 85.5172865003418,28.1037737179692 85.5172870981234,28.1037797620592 85.5172964465905,28.1037931459134 85.5173003902268,28.1038034525172 85.5173036779745,28.1038119407415 85.517321926552,28.1038217982444 85.5173410136398,28.1038201933196 85.5173511674199,28.1038245294367 85.517362491871,28.1038427647514 85.5173787146828,28.1038513928202</coordinates></LinearRing></outerBoundaryIs></Polygon></MultiGeometry>
  </Placemark>
  <Placemark>
	<Style><LineStyle><color>ff0000ff</color></LineStyle><PolyStyle><fill>0</fill></PolyStyle></Style>
      <MultiGeometry><Polygon><outerBoundaryIs><LinearRing><coordinates>85.5175881966501,28.1071369183822 85.5176232669311,28.1071614480077 85.5176586028329,28.1071666600974 85.5176940051382,28.1071670427961 85.5177648097506,28.1071678081662 85.5178084150185,28.1071658644539 85.5178358135455,28.1071540853529 85.5178523522475,28.1071397738161 85.5178931678594,28.1071426300238 85.5179259796847,28.1071333244634 85.5179863227784,28.1071025809975 85.5180410865664,28.1070814374072 85.5180825659826,28.1070359997294 85.5181374956673,28.1070027826409 85.5181676837475,28.1069862035163 85.5182197241934,28.1069650304222 85.5182444325649,28.1069508071165 85.5182691741166,28.1069341691144 85.5183294506351,28.1069082548722 85.5183625278308,28.1068796316684 85.5183300147826,28.1068672051121 85.518280764025,28.1068835782937 85.5182263654439,28.1068781603777 85.5182020221553,28.1068658220729 85.5181723983216,28.1068413514495 85.5181863132494,28.1068197663652 85.5182058406016,28.1067861666759 85.5181896338825,28.1067763313434 85.5181460951518,28.1067734458001 85.5180942539289,28.1067801307205 85.5179882797255,28.1067620800813 85.5179823021523,28.1068006562804 85.5179818042598,28.1068368766516 85.5179622768293,28.1068704763057 85.5179106015239,28.1068650876977 85.5178755312671,28.1068405581458 85.517807848473,28.1068108459819 85.5177509591021,28.1067884956059 85.5177212358001,28.1067712689629 85.5177134976511,28.1067397896665 85.5176865972096,28.1067153483805 85.5176351544001,28.1066930568343 85.5176133020605,28.1066976507048 85.5175587376085,28.1067043059837 85.5175340292105,28.106718529165 85.5175065975631,28.1067327229002 85.5174818891521,28.1067469460715 85.5174517342472,28.1067611103534 85.5173535314416,28.1067721238444 85.5173261661732,28.1067814881606 85.5172823618092,28.1067979198692 85.5172387898986,28.1067974487289 85.5171381294945,28.1067891150927 85.5171133546002,28.1068081675761 85.5171349412855,28.1068228913108 85.5171674873801,28.1068329034544 85.5171836940084,28.1068427389044 85.5172270998872,28.1068552835157 85.5172677825306,28.1068677986675 85.5173247050404,28.1068877345509 85.5173489486045,28.1069073170799 85.5173733582104,28.1069148261514 85.5174222770497,28.1069226002094 85.5174659154236,28.1069182419116 85.5174849781576,28.1069184480064 85.5175119782106,28.106935645259 85.5175306757138,28.1069624129471 85.5175222403404,28.1069816421505 85.5175191518531,28.1070081743085 85.5175350929159,28.1070373272458 85.5175374841356,28.1070615035952 85.5175452554542,28.1070905682081 85.5175747795976,28.1071222830359 85.5175881966501,28.1071369183822</coordinates></LinearRing></outerBoundaryIs></Polygon></MultiGeometry>
  </Placemark>
  <Placemark>
	<Style><LineStyle><color>ff0000ff</color></LineStyle><PolyStyle><fill>0</fill></PolyStyle></Style>
      <MultiGeometry><Polygon><outerBoundaryIs><LinearRing><coordinates>85.5125517855185,28.1045972955921 85.5125875200033,28.104573532714 85.5126149849972,28.1045569252762 85.5126534093276,28.1045356066025 85.5126727713755,28.1045140811725 85.5126730378434,28.1044947636813 85.5126568653041,28.1044825130376 85.5126599215717,28.104458395709 85.5126603545847,28.1044270047856 85.5126388689361,28.1044050363237 85.5126444485286,28.1043954366494 85.5126719467759,28.1043764145112 85.5127076478527,28.1043550662838 85.5127295664976,28.1043456438106 85.5127759271171,28.1043413165054 85.5128225874778,28.1043152570048 85.5128228872214,28.104293524825 85.512831456404,28.1042646371808 85.5127909751404,28.1042376326453 85.5127475708854,28.1042250866847 85.5127150260279,28.1042150735338 85.5126715218675,28.1042097716093 85.5126417668131,28.1041949586034 85.5125792337662,28.1041870352141 85.5125520353502,28.104184325158 85.5125056747932,28.1041886523897 85.5124568575635,28.1041736325763 85.512440785036,28.1041541378505 85.5123784852339,28.1041293115674 85.5123354475466,28.1040902039316 85.5122815172148,28.1040509781138 85.512232966623,28.1040166407351 85.5121570844343,28.1039892519522 85.5121112237571,28.1039573587635 85.5120760225219,28.1039424865482 85.5119998738467,28.1039344151686 85.5119510568096,28.1039193951817 85.5119408306297,28.1038709832693 85.5119004830444,28.1038343197403 85.5118625920433,28.103817003237 85.5118353604189,28.1038167077286 85.5118432632973,28.1038361138675 85.5118593023429,28.1038580233441 85.5118780645589,28.1038799623693 85.5118858341481,28.1039090272491 85.5119041964792,28.1039599425002 85.5119122326785,28.1039696898926 85.5119034966546,28.1040106509007 85.5119005402115,28.1040275241509 85.5119408878659,28.1040641876816 85.5119539372021,28.1041053850851 85.5119504475772,28.1041608933081 85.5119771127886,28.1042022384548 85.5120147040365,28.1042412871034 85.5120168273989,28.1042847809952 85.5120432594083,28.1043430289309 85.5120676347049,28.1043529535993 85.512081050657,28.1043675894485 85.512085763938,28.1044207716295 85.5120743380774,28.1044592884145 85.5120597891615,28.1045267518795 85.512064669046,28.1045678606313 85.5120642691794,28.1045968368598 85.5120801084453,28.1046332344285 85.5120794420057,28.1046815281424 85.5121033508797,28.1047252584069 85.51212496976,28.1047375682071 85.5121572481482,28.1047668989873 85.5122362872048,28.1047629264164 85.5122935407635,28.1047587174581 85.5123699232573,28.1047498858948 85.5123944319373,28.1047501517652 85.5124023016633,28.1047719725619 85.5123965221382,28.1047960603402 85.5123707474508,28.1048875525361 85.5123618449281,28.1049405870015 85.5124604461582,28.1049006008068 85.5125342721142,28.1048796661853 85.5125672501983,28.1048582884651 85.512619390524,28.1048298734348 85.5126523685765,28.1048084956927 85.5126988959395,28.10479209499 85.5127424003353,28.1047973969144 85.5127642191488,28.1047952184987 85.51280772355,28.1048005204025 85.5128485047676,28.1048057927608 85.5128707565394,28.1047722234034 85.512792183768,28.1047423907304 85.5127623286319,28.1047348218048 85.5126997286459,28.1047317278315 85.5126208561662,28.1047236272397 85.5125666589304,28.1047037190114 85.5125369037584,28.104688905979 85.5125261775773,28.1046767143956 85.5125208644559,28.1046669965743 85.5125156179597,28.1046524493805 85.5125184743927,28.1046428201742 85.5125517855185,28.1045972955921</coordinates></LinearRing></outerBoundaryIs></Polygon></MultiGeometry>
  </Placemark>
  <Placemark>
	<Style><LineStyle><color>ff0000ff</color></LineStyle><PolyStyle><fill>0</fill></PolyStyle></Style>
      <MultiGeometry><Polygon><outerBoundaryIs><LinearRing><coordinates>85.5105130020306,28.1053986970399 85.5105278128459,28.1054109331416 85.5105428071304,28.1054098884813 85.5105591796939,28.1054076512664 85.5105740238725,28.1054174726796 85.5105791867435,28.105438056647 85.5105857946089,28.1054526186935 85.5106020837877,28.1054564181832 85.5106142047745,28.1054662100152 85.5106289989328,28.1054796534486 85.5106575592086,28.1054823786844 85.5106957674366,28.1054767560348 85.5107327141196,28.1054638745353 85.5107573230017,28.1054568966526 85.5107929914498,28.1054379636392 85.510812253973,28.1054236825473 85.5108179838625,28.1054032168787 85.51079517017,28.1053788186674 85.5108009000598,28.1053583529994 85.5108297771438,28.1053381386997 85.5108543359658,28.1053347828242 85.5108650953635,28.1053445598485 85.5108808842905,28.1053845795668 85.510883340693,28.1054039266113 85.5109020696082,28.1054282804522 85.5109334531285,28.105423791149 85.5109352149134,28.1053948297242 85.5109359485824,28.105341706672 85.5109280624471,28.1053210931448 85.510916074842,28.1053016426031 85.5109012473204,28.1052906138841 85.5108769553079,28.1052746522952 85.5108348624662,28.1052657425354 85.5108117653121,28.1052618691421 85.5107848835298,28.1052362192285 85.510771234193,28.1052384860452 85.5107735571653,28.1052674918274 85.5107745518914,28.1052940681387 85.5107757133781,28.1053085710297 85.5107659820685,28.1053229556259 85.5107360935843,28.1053178009429 85.5107145914972,28.1052970395324 85.5106794233977,28.105279752268 85.5106442219549,28.1052648796789 85.5106266712702,28.1052538213552 85.5106008676088,28.1052487110084 85.5105790987107,28.1052472670487 85.5105493770435,28.105230038907 85.5105262298733,28.105229787492 85.5105018211795,28.1052222772323 85.5104911285445,28.1052076708136 85.5104872939386,28.1051895163166 85.5104794245793,28.105167695425 85.5104604289333,28.1051626590009 85.510438693415,28.1051588003359 85.5104115281895,28.1051536751645 85.5103992738147,28.1051535420509 85.5104003852097,28.1051716669689 85.5104084380338,28.1051802071043 85.5104409495781,28.105192635488 85.5104626350648,28.1052001161784 85.510469359657,28.1052062268369 85.5104676477911,28.1052315662262 85.5104470570211,28.105243417796 85.5104156568588,28.105249114331 85.5103951828419,28.1052525144998 85.5103691623466,28.1052630995532 85.510344620211,28.1052652480001 85.5103403519254,28.1052784843865 85.5103374785996,28.1052893208803 85.5103427081436,28.1053050754879 85.5103671168434,28.1053125857761 85.5103944989502,28.1053020155142 85.510406770022,28.105300941287 85.5104173625735,28.1053227917629 85.5104377031646,28.1053290503259 85.5104565987605,28.1053413308052 85.5104550536846,28.1053545967754 85.5104643513691,28.1053716030908 85.5104942732107,28.1053743431493 85.5104996195358,28.1053816463588 85.5105130020306,28.1053986970399</coordinates></LinearRing></outerBoundaryIs></Polygon></MultiGeometry>
  </Placemark>
  <Placemark>
	<Style><LineStyle><color>ff0000ff</color></LineStyle><PolyStyle><fill>0</fill></PolyStyle></Style>
      <MultiGeometry><Polygon><outerBoundaryIs><LinearRing><coordinates>85.5143300402911,28.1053072761971 85.5143028914425,28.1053009444445 85.514279794128,28.1052970716305 85.5142649496082,28.1052872506061 85.5142541399834,28.1052810958689 85.5142391623703,28.1052809335933 85.5142241348451,28.1052843933478 85.5142010375375,28.1052805205208 85.5141725770174,28.1052705519584 85.5141576992352,28.1052631456107 85.5141428713701,28.1052521172298 85.5141184956652,28.1052421929165 85.5140967766106,28.1052371274821 85.5140682828342,28.1052295735865 85.5140492869856,28.1052245376528 85.5140371823376,28.1052135387695 85.5139950725712,28.1052058373147 85.5139664789696,28.1052055274612 85.513948894652,28.1051968842377 85.5139408914576,28.1051847222682 85.5139492108202,28.1051739447058 85.5139589084209,28.1051619745542 85.5139712626575,28.1051548632869 85.513961947785,28.1051390645323 85.5139634924268,28.1051257985055 85.5139760130597,28.1051066137996 85.5139980149587,28.105091154407 85.5140267749253,28.1050793908143 85.5140284526736,28.1050564660356 85.5140150530062,28.1050406230211 85.513982441214,28.1050354395337 85.5139622335675,28.1050195227401 85.5139543967863,28.1049952873334 85.5139643606112,28.1049639996792 85.513944236182,28.1049420461643 85.5139159588229,28.1049187967704 85.5139134353177,28.1049042791338 85.5139097831864,28.1048728439282 85.5138897752708,28.1048424389994 85.5138719414018,28.1048519059252 85.5138649670126,28.1048639055837 85.5138416201891,28.1048781428566 85.5138370694401,28.1049119042137 85.5138365868363,28.104946917183 85.5138345762187,28.1049939888333 85.5138355217766,28.1050241871833 85.5138349726035,28.105064029527 85.513824476194,28.1051339521688 85.5138323462377,28.1051557728943 85.5138511423646,28.105175296982 85.51385065976,28.1052103099501 85.5138513723394,28.1052574111114 85.5138400801332,28.1052862693101 85.5138273597517,28.1053199421258 85.5138349635385,28.1053610803501 85.5138455900866,28.1053805159004 85.5138492422092,28.1054119511054 85.5138735513589,28.1054267048416 85.5138966486831,28.1054305777244 85.5139182179966,28.105446509285 85.5139575880027,28.1054553885998 85.5139904495218,28.1054424619412 85.5140177980623,28.105434305631 85.5140790535586,28.1054361769213 85.5141117153932,28.1054377383587 85.5141376357676,28.1054343966458 85.5141649343817,28.1054298623373 85.5141909878561,28.1054168618632 85.514235987301,28.1054125193274 85.5142469633101,28.1054066006273 85.51426343564,28.1053971189036 85.5143057617793,28.1053891248082 85.5143153595434,28.1053843986946 85.5143222341017,28.105379643077 85.514334688159,28.1053652877135 85.5143389060555,28.1053556732162 85.5143447184588,28.1053291706545 85.5143461133328,28.1053267707179 85.5143300402911,28.1053072761971</coordinates></LinearRing></outerBoundaryIs></Polygon></MultiGeometry>
  </Placemark>
  <Placemark>
	<Style><LineStyle><color>ff0000ff</color></LineStyle><PolyStyle><fill>0</fill></PolyStyle></Style>
      <MultiGeometry><Polygon><outerBoundaryIs><LinearRing><coordinates>85.5146566876477,28.106210420239 85.514672710978,28.1062335367583 85.5146794857794,28.1062360251889 85.5146998767168,28.1062386611027 85.5147149209964,28.106233993957 85.514723207105,28.1062256310374 85.514731526477,28.1062148534291 85.514753345554,28.1062126747067 85.5147668452627,28.1062212735918 85.5147900592174,28.106216694923 85.5148051201221,28.106210820423 85.514825427902,28.1062194930384 85.5148485586988,28.1062209510801 85.5148677210722,28.1062139134693 85.5148977264578,28.106210615859 85.5149182005488,28.1062072150197 85.5149237966741,28.1061964079068 85.51492122312,28.1061855123174 85.5148697479187,28.1061656344515 85.5148576098206,28.1061570503231 85.5148469497544,28.1061400295317 85.5148429979658,28.1061303265385 85.5148227400948,28.1061180318938 85.514791439648,28.106116485365 85.5147792682983,28.1061103159182 85.5147684585619,28.1061041612179 85.5147467060358,28.1061015105674 85.5147344515291,28.1061013778371 85.5147181953492,28.1060951641414 85.5146964095611,28.1060949281711 85.5146678157147,28.1060946184549 85.514637860257,28.1060942939839 85.5146063934847,28.106104820853 85.5146061439788,28.1061229310127 85.5146140308791,28.1061435443551 85.5146330601847,28.106146165529 85.5146439863502,28.1061438688318 85.5146479713875,28.1061511571422 85.5146573363427,28.1061633338231 85.5146558083981,28.1061753925144 85.5146488839014,28.1061837701788 85.5146391696441,28.1061969477209 85.5146444663959,28.1062078728121 85.5146566876477,28.106210420239</coordinates></LinearRing></outerBoundaryIs></Polygon></MultiGeometry>
  </Placemark>
  <Placemark>
	<Style><LineStyle><color>ff0000ff</color></LineStyle><PolyStyle><fill>0</fill></PolyStyle></Style>
      <MultiGeometry><Polygon><outerBoundaryIs><LinearRing><coordinates>85.5176993942238,28.1055864507462 85.5176761307089,28.1055946519552 85.5176706842798,28.1055945930814 85.5176542121988,28.1056040752245 85.5176690072901,28.1056175179321 85.517693449831,28.1056226122462 85.5177056545037,28.1056263667474 85.5177246174207,28.1056338168748 85.5177423183221,28.1056340082073 85.5177680892827,28.1056415319177 85.5177966332563,28.1056454630205 85.5178198801767,28.105638469137 85.5178471455294,28.1056363487831 85.5178853867278,28.1056283094258 85.5179004805895,28.105620019884 85.5179290743521,28.1056203289215 85.5179550112831,28.1056157791382 85.5179823927977,28.1056052073357 85.5179880549696,28.1055895707001 85.5179855806876,28.1055714310805 85.5179693907628,28.1055603883821 85.5179381899738,28.1055515985006 85.5179151754271,28.1055416895628 85.517919525787,28.1055224161765 85.5179196751529,28.1055115500634 85.5178747919333,28.1055074423913 85.5178530394266,28.1055047922351 85.5178039718099,28.1055078844652 85.5177685534497,28.1055087091613 85.5177510019514,28.1054976517207 85.5177156167918,28.1054960617117 85.5176950931089,28.105503085015 85.5176853792789,28.1055162627908 85.5176729256346,28.1055306184747 85.5176740548554,28.1055475360338 85.5176835529044,28.105550053754 85.5176943627644,28.1055562082291 85.5177037114267,28.1055695920599 85.5176993942238,28.1055864507462</coordinates></LinearRing></outerBoundaryIs></Polygon></MultiGeometry>
  </Placemark>
  <Placemark>
	<Style><LineStyle><color>ff0000ff</color></LineStyle><PolyStyle><fill>0</fill></PolyStyle></Style>
      <MultiGeometry><Polygon><outerBoundaryIs><LinearRing><coordinates>85.5171279676037,28.1057457036858 85.5171408198622,28.1057518802898 85.5171449212941,28.1057507171158 85.5171538547768,28.1057447760929 85.5171601065531,28.1057357872585 85.5171779818157,28.1057233015371 85.5171868405739,28.1057227935664 85.5172113993414,28.1057194365481 85.5172210468306,28.1057110881911 85.5172380918424,28.1057094612094 85.51726461,28.1057121629931 85.517285889268,28.1056997140633 85.5172949638673,28.1056835105937 85.5173080485734,28.1056727843447 85.5173238066838,28.1056657095749 85.5173246203115,28.1056560581715 85.5173199376992,28.1056499699169 85.517301614106,28.1056455454594 85.517281862493,28.1056459356592 85.5172491507014,28.1056479970095 85.5172232054372,28.1056531503306 85.517201436318,28.1056517074161 85.5171932085563,28.105655844786 85.5171801321437,28.105665967351 85.5171590272219,28.1056657391368 85.5171522689974,28.1056620434823 85.5171386695245,28.1056606888995 85.5171271622792,28.105655734365 85.5171115619094,28.1056513393301 85.5170940436712,28.1056378671165 85.5170838399181,28.1056371530117 85.5170612986688,28.1056423431127 85.5170564168008,28.1056507429945 85.5170590154715,28.1056598275343 85.5170656491483,28.1056725782838 85.5170648521032,28.1056810223394 85.517065408363,28.1056900847922 85.5170727726639,28.1056992208675 85.5170801701776,28.1057059422516 85.5170875593894,28.1057132673081 85.5171030435284,28.1057261137639 85.5171097519387,28.1057334314571 85.5171279676037,28.1057457036858</coordinates></LinearRing></outerBoundaryIs></Polygon></MultiGeometry>
  </Placemark>
  <Placemark>
	<Style><LineStyle><color>ff0000ff</color></LineStyle><PolyStyle><fill>0</fill></PolyStyle></Style>
      <MultiGeometry><Polygon><outerBoundaryIs><LinearRing><coordinates>85.5164540415585,28.1051394821195 85.5164310438591,28.1051283655954 85.5164147378773,28.1051257741373 85.51639703707,28.1051255826367 85.5163738400209,28.1051289542447 85.5163493145969,28.1051298964272 85.5163232946617,28.1051404826344 85.5163056104666,28.1051390837768 85.5163003135906,28.1051281587437 85.5162773823679,28.1051122128141 85.5162528403332,28.1051143623245 85.5162270363867,28.1051092530277 85.5162082896698,28.1050861072145 85.5161798954558,28.1050713096833 85.5161485620463,28.1050721781649 85.5161348795855,28.1050768602108 85.5161142063471,28.1050947493819 85.5161044092872,28.1051139637654 85.5161013869935,28.1051356665073 85.5161012208304,28.105147739957 85.5161242351133,28.1051576491903 85.5161390465631,28.1051698847093 85.5161401256938,28.1051904243075 85.5161467010782,28.1052074008046 85.516154721145,28.1052183553098 85.5161791302807,28.105225864578 85.5162050173282,28.1052249371597 85.5162213233186,28.1052275286431 85.5162390241413,28.105227720167 85.5162745420881,28.1052196517926 85.5162963775575,28.1052162654703 85.5163168015823,28.105216486448 85.5163373252896,28.1052094633521 85.5163687916464,28.1051989360679 85.5163988963961,28.1051883940453 85.516413973688,28.1051813120138 85.5164318074058,28.1051718447514 85.516441438289,28.1051647037942 85.5164483459691,28.1051575333755 85.516452513834,28.1051515408408 85.5164540415585,28.1051394821195</coordinates></LinearRing></outerBoundaryIs></Polygon></MultiGeometry>
  </Placemark>
  <Placemark>
	<Style><LineStyle><color>ff0000ff</color></LineStyle><PolyStyle><fill>0</fill></PolyStyle></Style>
      <MultiGeometry><Polygon><outerBoundaryIs><LinearRing><coordinates>85.5084821958143,28.1087220638223 85.5084636382646,28.1087345409412 85.5084609567431,28.1087314929681 85.5084590312119,28.1087230193699 85.508464628115,28.1087122125543 85.508466115038,28.1087031723145 85.5084507234399,28.1086836845408 85.5084366266691,28.1086690409376 85.5084225633116,28.1086519826529 85.5084261094019,28.1086417572911 85.5084317814743,28.108625517446 85.508418954477,28.1086175290237 85.5083904769788,28.1086087665924 85.5083687158036,28.1086067185875 85.5083536709468,28.108611385012 85.5083569330496,28.1086216844339 85.5083704575677,28.1086284729279 85.5083846294972,28.1086376835069 85.5083920015815,28.1086462163542 85.5084027192999,28.1086590119216 85.5083984589766,28.1086716445569 85.5083976194587,28.108683106882 85.5083980413509,28.1087018280597 85.5084004889996,28.1087217787956 85.508420140918,28.1087286339391 85.508422839143,28.1087304745729 85.5084315728776,28.1087390222302 85.5084273292588,28.1087504475261 85.5084217574071,28.1087594433298 85.5084167744985,28.1087750869098 85.5084131365253,28.1087919526415 85.5084067585615,28.1088099960892 85.5084086590322,28.108820280698 85.5084200575902,28.1088330836704 85.5084356997735,28.1088344613462 85.5084608316937,28.1088389610512 85.5084723054293,28.108846330989 85.5085016475621,28.1088418200696 85.5085222225348,28.1088311761728 85.508532401446,28.1088337019342 85.5085501696125,28.1088290651123 85.5085659621268,28.1088195767116 85.5085836634774,28.108819769246 85.5085849499562,28.1088252170871 85.5085888344475,28.1088397496 85.5085921049303,28.1088494453471 85.5086084028864,28.1088526414187 85.5086165142837,28.1088569559693 85.5086355021225,28.108862596338 85.5086503883321,28.1088693996157 85.50868035283,28.1088691217537 85.5086988435729,28.1088614739665 85.508711687322,28.108868255024 85.5087163027583,28.1088791729177 85.5087284656891,28.1088859465692 85.5087422073819,28.1088770396049 85.508760084105,28.1088645550439 85.5087765991811,28.1088520556721 85.5088025956509,28.1088432819759 85.5088028294593,28.1088263792115 85.5087866150042,28.1088171464614 85.5087717371429,28.1088097395283 85.5087541276485,28.1088029066467 85.5087475031504,28.1087895518606 85.5087380802143,28.1087816004882 85.5087115783007,28.1087776896953 85.5086966586958,28.1087733011051 85.5086771236637,28.1087579946185 85.5086595475886,28.1087487470447 85.508650082907,28.1087438140172 85.5086461566544,28.1087322998562 85.5086313289222,28.1087212708879 85.5086136359387,28.1087204746902 85.508563877577,28.1087241598105 85.5085427470842,28.108725741258 85.5085367449753,28.1087166195588 85.508509503803,28.1087169270129 85.5084821958143,28.1087220638223</coordinates></LinearRing></outerBoundaryIs></Polygon></MultiGeometry>
  </Placemark>
  <Placemark>
	<Style><LineStyle><color>ff0000ff</color></LineStyle><PolyStyle><fill>0</fill></PolyStyle></Style>
      <MultiGeometry><Polygon><outerBoundaryIs><LinearRing><coordinates>85.5485000194606,28.1071655129483 85.5485003990052,28.1071847791296 85.5484921899767,28.1072378545072 85.5485101631045,28.107294529668 85.5485471828368,28.107328147939 85.5485706195215,28.1073965101698 85.5485684330924,28.1074197455207 85.5485959295866,28.1074648922255 85.548599027785,28.1075131033261 85.548605581984,28.1075829481785 85.5486406837633,28.1076198687677 85.5487284407784,28.1076423947499 85.5487489957539,28.1076508594017 85.5487558173359,28.1076935605209 85.5487581830876,28.1077201513115 85.5487660279586,28.1077443850209 85.5487737753191,28.1077758629032 85.5487952367384,28.1078002407179 85.5488056309341,28.1078096797876 85.5488113283325,28.1078874861549 85.5488220318708,28.1079274711332 85.5488477223083,28.1079676147143 85.5489108352935,28.1080114769554 85.5489368387902,28.1080283653401 85.5489922348261,28.108088759093 85.5490216273803,28.1081322644602 85.5490924128373,28.1081629172395 85.5491445093882,28.1081900496015 85.5492193546008,28.108197486777 85.5492570901513,28.1081779501655 85.5493287250757,28.1081454816105 85.5493662817804,28.1081392336447 85.5494413504783,28.1081300598512 85.5494828773949,28.1081072406401 85.5495737821964,28.1080351040825 85.5496118304897,28.1079923121801 85.5496610742309,28.1079529613214 85.5497289174774,28.1079237750875 85.5498081349189,28.1078847411819 85.5498687974468,28.1078322204351 85.5499181750762,28.107782902966 85.5498993056041,28.1077600312704 85.5499194709242,28.1076865600256 85.5499355301944,28.1076069864189 85.5499396790583,28.1075771265052 85.549955604245,28.1075075194053 85.5498891018685,28.1074370406521 85.5497920896966,28.1074061109235 85.5496616700906,28.1073515692917 85.5496134098835,28.1073178324222 85.5495200552144,28.1072935864764 85.5494490019964,28.1072828669502 85.5493067615008,28.1072713942979 85.5492359318465,28.1072440638146 85.5491346368663,28.1072529600279 85.5490896317739,28.1072558064864 85.5490293716194,28.1072784273673 85.5489961331257,28.1072922241866 85.5489709068585,28.107294935329 85.5489328457197,28.1072897024345 85.548889663008,28.1072602646449 85.5488354246317,28.1072427851873 85.5488002493302,28.1072255074533 85.5487570341773,28.1071984843485 85.5487108682175,28.1071883354807 85.5486838953373,28.1071687294598 85.5486651248483,28.1071467951788 85.5486329654599,28.1071078137061 85.5485950344385,28.1070929218228 85.5485297404941,28.107087400573 85.5485020849673,28.1071185037304 85.5484745269559,28.1071423627085 85.5485000194606,28.1071655129483</coordinates></LinearRing></outerBoundaryIs></Polygon></MultiGeometry>
  </Placemark>
  <Placemark>
	<Style><LineStyle><color>ff0000ff</color></LineStyle><PolyStyle><fill>0</fill></PolyStyle></Style>
      <MultiGeometry><Polygon><outerBoundaryIs><LinearRing><coordinates>85.5497000388134,28.1067099885104 85.5497411695499,28.1067343985001 85.5497689791959,28.1067562897916 85.5498344120845,28.1067669497078 85.5498680875471,28.1067706284743 85.5499185560633,28.1067794687795 85.5499524549416,28.1067665366712 85.5499920185164,28.1067503418102 85.5500557568004,28.1067476931284 85.5500971490181,28.1067348402154 85.5501276139133,28.1066986132493 85.5501505407528,28.10666562922 85.5501794003164,28.1066094494063 85.5502361365578,28.106570177527 85.550264526999,28.1065488804922 85.5502595100523,28.1065039717623 85.5502206390346,28.1064686730491 85.5501813659772,28.1064632738681 85.5501382792387,28.1064628183194 85.5501017448421,28.1064624320368 85.5500783324736,28.10646218449 85.5500327303586,28.1064665483097 85.5500318604803,28.1064789966264 85.550042623688,28.1064887707122 85.5500588821628,28.1064949802974 85.5500600164824,28.1065118977786 85.5500597242152,28.1065336303149 85.5500567898549,28.1065492972406 85.5500483602247,28.1065685286657 85.5500399143541,28.1065889674531 85.5500221480893,28.1065936097354 85.5500001994773,28.1066054529997 85.5499755275808,28.1066172674639 85.5499360725008,28.1066144351824 85.5499142050695,28.1066202416173 85.5498908460838,28.1066356925537 85.5498621866846,28.1066402196212 85.5498307877633,28.1066459252463 85.549797913518,28.1066600680047 85.5497830329159,28.1066526654256 85.5498037336,28.1066323562566 85.5498325229163,28.1066181702973 85.549869579499,28.1065968265498 85.5498807973981,28.1065727944834 85.549887962853,28.1065463044925 85.5499113705354,28.1065272314666 85.5499551053579,28.1065156185926 85.5499784480701,28.1065013750068 85.5499761307428,28.1064711621332 85.5499776385225,28.1064603102635 85.5499576036696,28.1064311175753 85.549934601977,28.1064200065336 85.5499115840507,28.1064101028512 85.549898065111,28.1064027146841 85.5498627924589,28.1063926814028 85.5498643814442,28.1063757927194 85.5498687424194,28.1063553107452 85.5498376034131,28.1063416985665 85.5498102894876,28.1063474473888 85.5497680462791,28.1063494157151 85.5497231447598,28.1063465257751 85.5496794911914,28.1063521017623 85.5496606394206,28.1063362044275 85.5496280251199,28.1063310293416 85.5496196604009,28.1063454312869 85.5496181688295,28.1063550757886 85.5496126248322,28.1063622623592 85.5496096416871,28.1063815513623 85.5496204210876,28.1063901181166 85.5496242948539,28.1064058570395 85.5496132068538,28.1064202301808 85.5495926686002,28.1064284656929 85.5495776256204,28.1064331367219 85.5495354148632,28.1064326902493 85.5494942408772,28.1064564054235 85.5494696989135,28.1064585608935 85.549460313644,28.1064475938052 85.5494482700771,28.1064317684584 85.5494238905598,28.1064218502923 85.5494090749945,28.1064096182233 85.5494023642759,28.1064023020274 85.5493819722124,28.1063996712425 85.5493533778397,28.1063993687542 85.549337168159,28.1063895369991 85.5493360014633,28.1063750342414 85.5493443174869,28.1063642544032 85.549347186964,28.1063534169471 85.5493363750997,28.1063472648977 85.5493214620833,28.1063422769965 85.5493067440129,28.1063228007406 85.5493056747938,28.1063010538061 85.54929496041,28.1062876575772 85.5492841648009,28.1062802981613 85.5492760437265,28.106276589643 85.5492502213961,28.1062726938563 85.5492336218362,28.1062918387953 85.5492169410385,28.1063170205456 85.5492071496452,28.1063362375089 85.5492082838304,28.1063531549925 85.5492038252515,28.1063808811172 85.5491874043803,28.1063867450598 85.5491601716501,28.1063864569374 85.5491260982429,28.1063885115022 85.5491014588042,28.1063979110824 85.5490629917683,28.1064228623004 85.5490368444434,28.1064431137246 85.5490092217299,28.1064718022736 85.5490104208795,28.1064838903072 85.5490364057344,28.1064757125146 85.5490502008417,28.1064625756006 85.5490709178685,28.1064410591828 85.5490887816303,28.1064291728486 85.5490927203108,28.1064400823331 85.549084258025,28.1064617284183 85.5490758607278,28.1064785450523 85.5490646751596,28.1065001623216 85.5490618056497,28.1065109997704 85.5490630210537,28.1065218804411 85.5490901238336,28.1065318274849 85.5491022973393,28.1065379939605 85.5491186045047,28.1065405815676 85.5491280384886,28.1065479265902 85.5491359646083,28.1065661234692 85.5491358021338,28.1065781970955 85.5491342942676,28.1065890489525 85.549124372852,28.1066179248086 85.5491187313223,28.1066323555329 85.5491155856023,28.1066637181469 85.5491839569408,28.1067441388108 85.5491919968115,28.1067538841487 85.5492202988368,28.1067759192015 85.549236557302,28.1067821288838 85.54928979129,28.1067730317937 85.5493047855918,28.1067719828869 85.5493430090247,28.1067651420453 85.5493772612432,28.1067498064412 85.5493992099491,28.1067379632804 85.5494358767936,28.1067455963612 85.5494918827632,28.1067329059103 85.5495314515705,28.1067272867812 85.5495436413679,28.1067322458564 85.5495804868909,28.1067265979078 85.5496132312453,28.1067221141063 85.5496418581906,28.1067200018177 85.5496705663429,28.1067118527088 85.5497000388134,28.1067099885104</coordinates></LinearRing></outerBoundaryIs></Polygon></MultiGeometry>
  </Placemark>
  <Placemark>
	<Style><LineStyle><color>ff0000ff</color></LineStyle><PolyStyle><fill>0</fill></PolyStyle></Style>
      <MultiGeometry><Polygon><outerBoundaryIs><LinearRing><coordinates>85.5568500737261,28.1043785622199 85.556817136388,28.1043975361944 85.5568061949797,28.1044010436608 85.5567952697309,28.1044033437592 85.5567624616609,28.1044126587832 85.5567431243007,28.104432983404 85.5567319889552,28.1044509792689 85.5567304980507,28.1044606238752 85.5567411808934,28.1044764342881 85.5567533384816,28.1044838074609 85.5567777829469,28.1044888948667 85.5567926637736,28.1044962966956 85.5567979971208,28.1045048055835 85.5568101708763,28.1045109713844 85.5568250678683,28.1045171658428 85.5568549588155,28.1045223105523 85.5568808133909,28.1045237901679 85.5569163285624,28.1045157111406 85.5569409992653,28.1045038953777 85.5569711325904,28.1044909295544 85.5569998558174,28.1044815714982 85.5570161467501,28.1044853655293 85.5570324376842,28.1044891595585 85.5570542881905,28.1044845593233 85.5570748417065,28.1044751152889 85.5570926881419,28.1044644352308 85.5571214759788,28.1044502476795 85.5571338274693,28.1044431324121 85.5571312496441,28.1044322374543 85.5571341505983,28.1044189850666 85.5571575727333,28.1043987033657 85.5571849827724,28.1043857088412 85.5572123281829,28.1043775437804 85.5572328170442,28.1043729291902 85.5572477625093,28.104375501501 85.5572708615166,28.1043793671266 85.5572886756081,28.1043711017762 85.5573037826198,28.1043616004072 85.5573326673278,28.1043401686049 85.5573560409476,28.10432350897 85.5573630751779,28.1043066774456 85.557350885257,28.1043017190608 85.5573290671069,28.1043039046104 85.5573019640403,28.1042939591848 85.5572885417459,28.104279327531 85.5572764487602,28.1042671249355 85.5572752002289,28.1042586590392 85.5572658143209,28.1042476924595 85.5572509981128,28.1042354612123 85.5572537859612,28.1042306603927 85.5572676121154,28.104215107865 85.5572595878257,28.1042041556098 85.5572473333012,28.1042040266858 85.5572062425546,28.1042217074415 85.5571816042562,28.1042311085213 85.5571568851733,28.1042465464332 85.5571405458017,28.1042463745218 85.5571105741309,28.1042472667132 85.5570736974466,28.1042553314683 85.5570381823716,28.1042634105403 85.5570230107217,28.1042777413488 85.5569929420949,28.1042858777175 85.5569751118388,28.1042953503964 85.5569518512783,28.104303558394 85.556931378579,28.1043069655751 85.5569164169736,28.1043056005976 85.5568919240646,28.1043041353191 85.5568671726067,28.1043219879107 85.5568764615234,28.1043401987192 85.5568750029523,28.1043474285934 85.5568569949216,28.1043701822947 85.5568500737261,28.1043785622199</coordinates></LinearRing></outerBoundaryIs></Polygon></MultiGeometry>
  </Placemark>
  <Placemark>
	<Style><LineStyle><color>ff0000ff</color></LineStyle><PolyStyle><fill>0</fill></PolyStyle></Style>
      <MultiGeometry><Polygon><outerBoundaryIs><LinearRing><coordinates>85.5572694929459,28.1045834265317 85.5572970484131,28.1045595656804 85.557308167524,28.1045427771341 85.5573164664686,28.1045332041421 85.5573301311119,28.1045297252835 85.5573411048268,28.1045238030405 85.5573617067892,28.1045107368603 85.55737687843,28.1044964060143 85.5573702157267,28.1044854680887 85.5573689671862,28.104477002193 85.5573636499481,28.1044672859583 85.5573473751579,28.1044622846008 85.5573378761463,28.1044597695971 85.5573159933461,28.1044667846129 85.5572940943886,28.1044750069923 85.5572777226716,28.1044772498307 85.557265403496,28.1044819503765 85.5572571691716,28.1044866938962 85.5572461469906,28.1044962382344 85.5572270520346,28.1044984524164 85.5572189631072,28.1044923296278 85.5572026398536,28.1044909503551 85.5571890075236,28.1044920144665 85.5571822802163,28.1044859060015 85.557178389236,28.1044713746168 85.5571594720017,28.1044603077493 85.5571430841286,28.1044637579388 85.5571278155234,28.1044853329616 85.5571192903731,28.1045118090833 85.5571025955106,28.1045381992453 85.5571038117168,28.104549079877 85.5571145754076,28.1045588534268 85.55711441384,28.1045709270992 85.5570963735048,28.1045960955661 85.5571043170204,28.1046130846669 85.557131452459,28.1046206153989 85.55714085454,28.1046303746206 85.55714343237,28.1046412695782 85.5571555900054,28.1046486427168 85.557185529476,28.1046501652543 85.5572087900966,28.1046419572195 85.5572267819478,28.1046204108392 85.5572694929459,28.1045834265317</coordinates></LinearRing></outerBoundaryIs></Polygon></MultiGeometry>
  </Placemark>
  <Placemark>
	<Style><LineStyle><color>ff0000ff</color></LineStyle><PolyStyle><fill>0</fill></PolyStyle></Style>
      <MultiGeometry><Polygon><outerBoundaryIs><LinearRing><coordinates>85.5531384565086,28.1085908842053 85.553186714373,28.1085467145854 85.5532006713039,28.1085215036041 85.5531844933476,28.1085092575529 85.5531587027174,28.1085029477497 85.5531083210893,28.1085024161412 85.5530755762964,28.1085069007617 85.5530332674312,28.1085136995218 85.5530086602162,28.1085206850674 85.5529785415119,28.1085324425885 85.5529444026277,28.1085393275364 85.5529280302234,28.1085415698277 85.5528966632859,28.1085448614103 85.5528762707096,28.1085422311277 85.5528517769295,28.1085407650946 85.5528353883163,28.108544214739 85.5528148012508,28.1085560728183 85.5527779066021,28.1085653437105 85.5527547420686,28.1085663067597 85.5527206355792,28.1085707769225 85.5526948287568,28.1085656743967 85.5526745820656,28.1085521778066 85.5526555349514,28.1085507692279 85.5526171813679,28.1085672698887 85.5526007603244,28.1085731342329 85.5525732838458,28.1085909572294 85.5525512378141,28.1086100450788 85.5525157534272,28.1086157081803 85.5524775619149,28.1086201351596 85.5524583526762,28.1086308001936 85.55243911101,28.1086438799527 85.5524022000911,28.1086543581054 85.5523545093176,28.1086562696955 85.5523340356721,28.1086596761518 85.5522903001891,28.1086712897585 85.5522412477408,28.1086731869326 85.5522031210585,28.1086727843787 85.5521525772213,28.1086843260549 85.5521347944696,28.108690175964 85.5520937174275,28.1087066477175 85.5520228944985,28.1087071073958 85.5519792562696,28.1087114767185 85.5519559943998,28.1087196838139 85.5519463492041,28.1087280347026 85.5519366391367,28.1087412150456 85.5519254052218,28.1087664546453 85.5518775197789,28.1087828544318 85.5518598343082,28.1087814601218 85.5518614879083,28.1087597419558 85.5518782171631,28.1087309377924 85.5518702742127,28.108713948418 85.5518469798979,28.1087245702219 85.5518275597376,28.1087509308922 85.5517987214237,28.1087687393457 85.5517711312325,28.1087950137197 85.5517557798275,28.1088226248864 85.5517405743929,28.1088393697784 85.5517072130873,28.1088897338827 85.55170267391,28.1089234969167 85.551694049718,28.1089572168034 85.5516828643839,28.1089788342888 85.5516727163022,28.1090246134266 85.5516764120199,28.1090536332993 85.551669344129,28.1090728792032 85.5516608172378,28.1090993549051 85.5516674309492,28.1091139151808 85.5516737526883,28.1091502079998 85.5516829762057,28.1091732485847 85.5516962360856,28.109199954407 85.5517248474509,28.1091990490707 85.5517413172943,28.1091895627466 85.5517631202895,28.1091885854923 85.5517738190409,28.1092031889086 85.5517777905242,28.1092116835984 85.5518008416618,28.109219172265 85.5518281400158,28.1092146304352 85.5518444963207,28.1092135956437 85.5518512560333,28.109217289639 85.5518758310375,28.1092127190378 85.5519252729643,28.1091818452762 85.5519540951547,28.1091652441641 85.5519857866383,28.1091378055314 85.5520279660667,28.1091406660165 85.552031807834,28.1091588196095 85.5520409989963,28.1091842749006 85.5520762241302,28.1091979297502 85.5520791582893,28.1091822627788 85.5520727066808,28.1091556288834 85.5520852698473,28.1091328183794 85.5521332202825,28.1091115890705 85.552146885656,28.1091081107586 85.5521865038841,28.1090988688009 85.5522153584435,28.1090798529037 85.5522496272528,28.1090633092351 85.5522675884163,28.109044178311 85.5523333864303,28.1090122695492 85.5524212953918,28.1089564434782 85.552463750368,28.1089387786394 85.5524787287461,28.1089389367598 85.5524977110794,28.1089451748215 85.5525527128696,28.1089059067701 85.5526148147506,28.1088449780072 85.5527017345729,28.1087613679964 85.5527557311118,28.1086955234722 85.5527970673839,28.1086597336889 85.5528093710138,28.1086562409366 85.5528187081938,28.1086708299046 85.5528143800757,28.1086888972548 85.5528071989576,28.1087165947763 85.5528026601331,28.1087503578606 85.552818773248,28.108767433413 85.5528527987604,28.1087690000491 85.5528678905676,28.1087607065765 85.5529021105604,28.1087477848293 85.5529430416497,28.1087421791081 85.5529650066129,28.108729128016 85.5529964870428,28.1087173848696 85.5530309014712,28.1086899747172 85.5531384565086,28.1085908842053</coordinates></LinearRing></outerBoundaryIs></Polygon></MultiGeometry>
  </Placemark>
  <Placemark>
	<Style><LineStyle><color>ff0000ff</color></LineStyle><PolyStyle><fill>0</fill></PolyStyle></Style>
      <MultiGeometry><Polygon><outerBoundaryIs><LinearRing><coordinates>85.5561372572233,28.1092021110068 85.5561382954828,28.1092262726632 85.556138279312,28.1092274800291 85.556143596652,28.1092371963094 85.5561529990234,28.1092469556041 85.5561651894328,28.1092519141107 85.5561801355381,28.1092544865602 85.5562046780636,28.1092523299084 85.5562265134044,28.1092489372113 85.5562457062385,28.1092394790065 85.5562635212232,28.1092312138278 85.5562854535735,28.1092205769252 85.5562991996918,28.109211061365 85.5563156529915,28.1092027818425 85.5563252979073,28.1091944306358 85.5563419613936,28.1091704553517 85.5563408745827,28.1091499157931 85.5563602290726,28.1091283839108 85.5563738943317,28.1091249051725 85.5564053422092,28.1091155759665 85.5564341314009,28.1091013886182 85.5564710583013,28.1090897020056 85.556494222944,28.1090887383314 85.5565090235369,28.1091021770397 85.5565252181417,28.1091132153486 85.5565551426681,28.1091159454346 85.5565839156758,28.1091029654203 85.5566097713409,28.1091044451266 85.556649098275,28.1091169344563 85.556661450344,28.1091098192572 85.5566698143743,28.1090954168608 85.5566523065763,28.1090807421367 85.5566047611091,28.1090717889056 85.5565845461403,28.1090558781399 85.5565874958095,28.1090390036811 85.5565958598435,28.1090246012892 85.5565824047579,28.1090123842901 85.5565607634656,28.1090012886522 85.5565460437098,28.1089818131188 85.5565379221661,28.1089781050153 85.5565147898802,28.1089766539654 85.5564929384352,28.1089812540771 85.5564669211322,28.108991848011 85.5564327176133,28.1090035632945 85.5564026152773,28.1090141142098 85.5563765656221,28.1090271228581 85.5563642135453,28.1090342380313 85.5563381315438,28.1090496614039 85.5563122435604,28.109050596379 85.5562811029086,28.10903698561 85.5562608556575,28.1090234895305 85.55624744912,28.1090076504019 85.5562408347852,28.1089930903242 85.5562231977063,28.1089880744759 85.5561836768316,28.108990073419 85.5561767067609,28.1090020753897 85.5561533480902,28.1090175274022 85.5561232942384,28.1090244561572 85.5561041014335,28.1090339143462 85.5560903553223,28.1090434298873 85.5560616793057,28.1090491656012 85.5560235847701,28.1090463493727 85.5559880518611,28.1090556354716 85.5559675620558,28.1090602498377 85.5559404741251,28.1090490967442 85.5559214268593,28.1090476886145 85.5558955065297,28.1090510382423 85.5558817442251,28.1090617611275 85.5558853925616,28.1090944030261 85.555887857134,28.1091137495602 85.5558904025749,28.1091270592653 85.5559052516147,28.1091368759387 85.5559146377822,28.1091478426146 85.5559225328902,28.1091684538758 85.5559386950952,28.1091819069837 85.5559467519398,28.1091904445857 85.5559670153525,28.1092027333451 85.5559928063376,28.1092090426317 85.5560294422207,28.1092190887265 85.5560510996689,28.1092289770816 85.5560797110482,28.1092280708354 85.5561015949008,28.1092210560605 85.5561372572233,28.1092021110068</coordinates></LinearRing></outerBoundaryIs></Polygon></MultiGeometry>
  </Placemark>
  <Placemark>
	<Style><LineStyle><color>ff0000ff</color></LineStyle><PolyStyle><fill>0</fill></PolyStyle></Style>
      <MultiGeometry><Polygon><outerBoundaryIs><LinearRing><coordinates>85.5571352801793,28.1087102812558 85.5571627559779,28.1086924573183 85.5571655601137,28.1086864491414 85.557173859407,28.1086768761759 85.557202729178,28.1086566518243 85.5572015452521,28.1086433564646 85.5571660772005,28.1086478134119 85.5571496563663,28.1086536783097 85.5570951087705,28.1086591420116 85.5570680046514,28.1086491965062 85.5570409166979,28.108638043629 85.556998801903,28.1086303552227 85.5569633500111,28.1086336047509 85.5569536567108,28.1086455781061 85.5569589094545,28.108660123823 85.5569655400308,28.1086734765031 85.5569882682374,28.108705111636 85.5570125520566,28.1087222726974 85.5570354418917,28.1087418341585 85.5570557699952,28.1087492932933 85.5570829710975,28.108751994603 85.5571048547942,28.1087449796616 85.557125506093,28.1087282914561 85.5571352801793,28.1087102812558</coordinates></LinearRing></outerBoundaryIs></Polygon></MultiGeometry>
  </Placemark>
  <Placemark>
	<Style><LineStyle><color>ff0000ff</color></LineStyle><PolyStyle><fill>0</fill></PolyStyle></Style>
      <MultiGeometry><Polygon><outerBoundaryIs><LinearRing><coordinates>85.5599148735983,28.1092176861084 85.5598710740728,28.1092341316262 85.559851946051,28.1092387608789 85.5598056812265,28.1092358598865 85.5597678445616,28.1092137268071 85.559740707773,28.1092061965523 85.5597080597514,28.1092034385521 85.5596783609253,28.1091838060014 85.5596539475073,28.1091763043361 85.5596350453312,28.1091640304098 85.5596301793607,28.1091205079556 85.5596005450997,28.1090960459182 85.5595981121219,28.1090742846906 85.5595739891154,28.1090450503923 85.5595550547063,28.1090351911914 85.5595198447194,28.1090203308625 85.5595009748521,28.1090056421835 85.5594930951936,28.1089838237353 85.5594797043041,28.1089667775376 85.559444333014,28.1089639908675 85.5594005980652,28.1089756067659 85.5593650976987,28.1089824790166 85.5593434399703,28.1089725911753 85.5593081977648,28.1089601455289 85.5592865723172,28.1089478429436 85.5592431600784,28.1089353114393 85.5592406949034,28.1089159649429 85.5592245807143,28.1088988901073 85.5591783806085,28.1088911594387 85.5591486819677,28.1088715267792 85.5591219648799,28.1088326048497 85.5591002426554,28.1088275464419 85.5591061734688,28.1087913826499 85.5590872391491,28.1087815233873 85.5589973364742,28.108782993711 85.5589617070395,28.1087995247986 85.558893558838,28.1088036387479 85.5588635697546,28.108805738643 85.5588007391133,28.1088195687291 85.5587599534876,28.1088143099031 85.5587191032997,28.1088138805346 85.5586643781073,28.1088326259013 85.5586265095439,28.1088129072542 85.5585940876849,28.108793245852 85.5585478876792,28.1087855149742 85.55847173089,28.1087774691559 85.5584444328651,28.1087820123235 85.558411558988,28.108796157161 85.5584059185559,28.108810588305 85.5584301703458,28.1088301638586 85.5584518279557,28.1088400518403 85.5584925489948,28.1088501402266 85.5584814941654,28.1088620993803 85.5584512790359,28.108881102325 85.55844259236,28.1089196521837 85.5584229799906,28.1089605022521 85.5583844333188,28.1089914929586 85.5584030124081,28.1090279143941 85.5584709024455,28.1090431185696 85.5585009561758,28.1090361892945 85.5585941312738,28.1089936974459 85.5586216230623,28.1089746658432 85.5586601050931,28.1089485045364 85.5587283502398,28.108937146503 85.5588701257913,28.108926561251 85.5589221922096,28.108902957712 85.5589715675358,28.1088769107974 85.5590316102924,28.1088678814847 85.5590751515785,28.108870754114 85.5591048824798,28.1088879720539 85.5591180151028,28.1089243361664 85.559120028412,28.1089774889552 85.5591171436882,28.1089895340133 85.5591032687347,28.1090087088068 85.5590565521758,28.1090396138557 85.5590291895499,28.109048986608 85.558958317839,28.1090530719645 85.558909555736,28.1090332389091 85.5588581348615,28.1090085477451 85.5588091468273,28.1090056177985 85.5587547120954,28.1090026305857 85.5587109770667,28.1090142462607 85.5586234746972,28.1090398923024 85.558582430706,28.1090539512969 85.5585822369856,28.1090684397037 85.5586361551736,28.1091100627382 85.5586824521787,28.1091105493876 85.5587450247388,28.1091160372401 85.5587963810714,28.1091455579164 85.5588449172345,28.1091822941558 85.5588745836195,28.1092043416161 85.5590195024748,28.1091623932916 85.5590359394349,28.1091553208019 85.5590664450304,28.1091145851134 85.5590912779692,28.1090906953266 85.5591130325205,28.1090933390026 85.5591125161216,28.1091319747628 85.5591122901968,28.1091488779077 85.5591504171638,28.1091492785472 85.5591775538916,28.1091568089169 85.5591964882845,28.1091666681692 85.559237112709,28.1091840005464 85.5592751751478,28.1091892306219 85.559313495755,28.1091751428053 85.5593626452353,28.1091659988987 85.5594113429515,28.1091906612684 85.5594354336755,28.1092223103296 85.5594733025378,28.109242028763 85.5594947344661,28.1092688197335 85.5595216131228,28.10929566792 85.5595537771854,28.1093346469965 85.5595699237553,28.1093493070613 85.5596379109754,28.1093572664654 85.5596542511394,28.1093574381078 85.5596951660744,28.1093530377343 85.5597083634724,28.1093845723263 85.5597053497526,28.1094062763403 85.5597323252809,28.1094258802815 85.5597949303594,28.1094289529277 85.5598766312408,28.1094298110289 85.5598930036754,28.1094275679076 85.5599338863738,28.1094255821993 85.5599720779647,28.1094211531423 85.5599939938887,28.1094117230025 85.5600375999431,28.1094097658631 85.560043240195,28.1093953346463 85.5599889342322,28.1093826889718 85.5599235412949,28.1093844172851 85.5598854787477,28.109379187386 85.5598610007529,28.1093765152271 85.559806469006,28.1093807726311 85.5597684709885,28.1093707132286 85.5597577711089,28.1093561103959 85.5597605912519,28.1093488947938 85.5598043585804,28.1093348640496 85.5598590515965,28.1093185329669 85.5598837553838,28.1093043019755 85.5599249928623,28.1092757541742 85.5599470377856,28.1092566650974 85.5599608803709,28.1092399049507 85.5599638295213,28.1092230304003 85.5599638940333,28.1092182009285 85.5599148735983,28.1092176861084</coordinates></LinearRing></outerBoundaryIs></Polygon></MultiGeometry>
  </Placemark>
  <Placemark>
	<Style><LineStyle><color>ff0000ff</color></LineStyle><PolyStyle><fill>0</fill></PolyStyle></Style>
      <MultiGeometry><Polygon><outerBoundaryIs><LinearRing><coordinates>85.556373953471,28.1094255823187 85.5563967948243,28.1094487659838 85.5564049649015,28.1094488519986 85.5564144804904,28.1094501597145 85.5564391038961,28.1094419661922 85.5564568218968,28.1094409451854 85.5564798249435,28.109452055177 85.5564919183897,28.1094642578521 85.5565300939241,28.1094610371259 85.5565505676199,28.1094576300439 85.5565738616708,28.1094470074305 85.5565794538838,28.1094361984719 85.5565810095556,28.1094217244127 85.55658786645,28.1094181739842 85.5566261874559,28.1094040869354 85.5566330766786,28.1093981217723 85.5566455096081,28.1093849697454 85.556645800583,28.1093632371548 85.5566283897392,28.1093413182299 85.556591624425,28.1093409312207 85.5565424423431,28.1093524888541 85.5565138147633,28.1093546025619 85.5564839063396,28.1093506650985 85.5564605314652,28.1093673245274 85.5564305745374,28.1093670091504 85.556415660745,28.1093620219954 85.5563954619212,28.1093449038355 85.5563765277722,28.1093350442048 85.5563657798629,28.1093240632224 85.5563768511371,28.1093108968846 85.5563756996465,28.1092951867904 85.5563565876551,28.1092986081834 85.5563386918222,28.109312910204 85.5563196606711,28.1093102947618 85.5563018295079,28.1093197673134 85.5562974857682,28.1093390421586 85.5562987019241,28.1093499227891 85.5563026090988,28.1093632468249 85.5563174582097,28.109373063456 85.5563308648007,28.1093889025789 85.5563443360703,28.1093999122367 85.5563564618321,28.1094097001911 85.556373953471,28.1094255823187</coordinates></LinearRing></outerBoundaryIs></Polygon></MultiGeometry>
  </Placemark>
  <Placemark>
	<Style><LineStyle><color>ff0000ff</color></LineStyle><PolyStyle><fill>0</fill></PolyStyle></Style>
      <MultiGeometry><Polygon><outerBoundaryIs><LinearRing><coordinates>85.5570088354864,28.1094069067609 85.5569999764899,28.1094074173004 85.5569959076131,28.1094061669445 85.5569898204596,28.1094030840442 85.5569837656294,28.1093975864109 85.5569729853269,28.1093890202064 85.5569627484908,28.1093907237798 85.5569510287614,28.1094014682693 85.5569494488966,28.1094177533841 85.5569417333917,28.1094345776951 85.5569355250228,28.1094405500395 85.5569265609692,28.109448908455 85.5569292035182,28.1094549739476 85.5569393595506,28.1094593072084 85.5569488670677,28.1094612185707 85.5569706216249,28.1094638625874 85.556984294991,28.1094597801061 85.5570066899858,28.109465449698 85.5570167490555,28.1094770271511 85.5570310143763,28.1094795923449 85.5570445584555,28.1094851687883 85.5570656725819,28.1094847872096 85.5570828390309,28.1094741000265 85.5570931405147,28.1094675669789 85.5571076159185,28.1094544364019 85.557130942238,28.109441398959 85.5571521129149,28.1094367915842 85.5571719219103,28.109432169878 85.5571822880221,28.1094208073577 85.5572016100825,28.1094016900858 85.5572182006981,28.1093831478388 85.5572375793005,28.1093598047787 85.5572588953829,28.1093443310884 85.5572693341891,28.1093275354115 85.5572536991237,28.109325559599 85.5572482039343,28.1093291243892 85.5572392318344,28.1093380865098 85.5572187743371,28.1093402863298 85.5571941833259,28.1093460652625 85.5571785563393,28.1093434857582 85.5571574099211,28.1093462820881 85.5571402838993,28.1093539508658 85.5571286045907,28.1093616769554 85.5571210183972,28.1093688423466 85.5571046297694,28.1093722925015 85.5570944818179,28.1093673555697 85.5570760345107,28.1093719915942 85.5570474069309,28.1093741054137 85.5570275737003,28.1093805381516 85.5570233512942,28.1093907577768 85.5570088354864,28.1094069067609</coordinates></LinearRing></outerBoundaryIs></Polygon></MultiGeometry>
  </Placemark>
  <Placemark>
	<Style><LineStyle><color>ff0000ff</color></LineStyle><PolyStyle><fill>0</fill></PolyStyle></Style>
      <MultiGeometry><Polygon><outerBoundaryIs><LinearRing><coordinates>85.5612823608701,28.1061944793716 85.5612551763773,28.106190571545 85.5612416244109,28.1061855992068 85.5612348967633,28.1061794909298 85.5611998807841,28.1061501426226 85.5611823566893,28.1061366758349 85.5611866671823,28.1061198155274 85.5612019835794,28.1060946179286 85.561189841604,28.1060860377649 85.561165332085,28.1060857806023 85.5611257800759,28.106090195752 85.5610915940577,28.1061007048864 85.5610342279222,28.1061133858519 85.5610135938352,28.1061288673242 85.5609780783836,28.1061369474029 85.5609384941204,28.1061437772355 85.5609152334246,28.1061519858999 85.5608934632904,28.106150549898 85.5608620810936,28.1061550507081 85.5608278305669,28.1061703892506 85.5608046826734,28.1061701463132 85.5608047793726,28.1061629020997 85.5608049888873,28.1061472063036 85.5608122161168,28.1061158861639 85.5608164138516,28.1061074774526 85.5607868123389,28.106080600944 85.5607703276116,28.106091295775 85.5607512001867,28.1060959251774 85.5607611345894,28.1060658409915 85.5607558653187,28.1060525027696 85.5607097146418,28.1060411505483 85.5606836339677,28.106056574804 85.5606396907903,28.1060838869463 85.5606163494944,28.1060981324038 85.5605932177374,28.1060966820625 85.5605317666358,28.1061093199377 85.5605140653178,28.1061091341245 85.5605009969954,28.1060679406514 85.5604750613681,28.1060724985471 85.5604597931693,28.1060940739523 85.5604076639623,28.1061225076221 85.5603967224796,28.1061260153721 85.560387835846,28.1060776205612 85.5603348608854,28.1060674041101 85.5603228640822,28.1060479575541 85.5603010939812,28.1060465214592 85.5602722416055,28.1060655391494 85.5602560954071,28.1060508791751 85.5602767779491,28.1060317757141 85.5603056464367,28.1060115506538 85.5603605311328,28.1059807308737 85.5604128214888,28.1059402235316 85.5604431482867,28.1059127685219 85.560481709371,28.1058805697916 85.5604940930619,28.1058710394832 85.5605159276098,28.105867646071 85.5605379233496,28.1058521789668 85.5605271430927,28.1058436130402 85.5605245971336,28.1058303033967 85.5605629647361,28.1058125930674 85.5606078503732,28.1058166868286 85.5606089863505,28.1058336042853 85.5606086478619,28.1058589590317 85.5606124748765,28.1058783198107 85.5606246328993,28.1058856926543 85.5606356871782,28.1058737333027 85.5606426726625,28.1058605237052 85.5606700665764,28.1058487358538 85.5606865512749,28.1058380410334 85.5607444008053,28.1057891391404 85.5607704814047,28.1057737148698 85.5607813744908,28.105773829195 85.5608060612134,28.1057608053647 85.5608090101114,28.1057439307794 85.5608145050014,28.1057403658335 85.5608457581519,28.1057455239818 85.5608441708951,28.1057624128581 85.5608425514061,28.1057817164724 85.5608710007204,28.1057928828805 85.5609157735605,28.1058054281244 85.5609457940169,28.105800913009 85.5609948773775,28.1057965979272 85.5610166635565,28.1057968265413 85.5610424379627,28.1058043422307 85.5610544671006,28.10582137399 85.5610721683755,28.1058215597317 85.5611036793716,28.1058073999163 85.5611244745095,28.1057798447354 85.5611149752827,28.1057773299864 85.5611026238811,28.1057844456151 85.5610590515268,28.1057839884109 85.5610470062785,28.1057681640212 85.5610266139684,28.105765534962 85.5609967224373,28.1057603911428 85.5609587255536,28.1057503321082 85.5609207286776,28.1057402730632 85.5608719354197,28.1057228554767 85.5608818697499,28.105692771278 85.5609040910142,28.1056604009446 85.5608947368403,28.1056470198593 85.5608909097809,28.105627659086 85.5609047033862,28.10561452092 85.560962407668,28.1055764852473 85.5609908891708,28.1055852368911 85.5610109269415,28.1056144280752 85.5610335107416,28.1056569288933 85.5610469820648,28.1056679380953 85.5610700815132,28.1056718030954 85.5610739891722,28.1056851270191 85.5610819172845,28.105703323282 85.5611009157238,28.1057083527835 85.561107675561,28.1057120463278 85.5611416036536,28.1057208550912 85.5611674586125,28.1057223339109 85.5611797294427,28.1057212551218 85.5612098304256,28.1057107031013 85.5612264761667,28.1056879345207 85.5612625231183,28.1056400111856 85.5612803854735,28.1056281232066 85.5613117836133,28.1056224149249 85.5613391935088,28.1056094195651 85.5613542359231,28.1056047472219 85.5613817424674,28.1055845076373 85.5613848040371,28.1055591814503 85.5614172615363,28.1055251071058 85.5614316231192,28.1055204276114 85.5614487724023,28.1055109472056 85.5614544364025,28.1054947048542 85.5614682943586,28.1054767371504 85.5614773865973,28.1054587194528 85.561496707181,28.1054396015104 85.5615040350747,28.1054517537628 85.5615230818167,28.1054531610967 85.5615292172153,28.1054526216858 85.5615345670967,28.1054599230344 85.5615631855356,28.1054584119197 85.5615727330688,28.1054573045288 85.5615857571653,28.1054507996808 85.5615900111879,28.1054381651487 85.5615833399401,28.105427831096 85.5615785983895,28.1054259700531 85.5615665289391,28.105411956761 85.5615584638484,28.1054040231635 85.5615408834465,28.1053947822162 85.5615451696872,28.1053797329466 85.5615242979681,28.1053620047041 85.561506588711,28.1053624227082 85.5614860837042,28.1053682453057 85.5614574733434,28.1053691527204 85.5614347567425,28.1053876312632 85.5614237106561,28.1053989870005 85.561409397417,28.1054000443866 85.5614040314378,28.1053939504029 85.5613912892534,28.1053793262695 85.5613988829354,28.1053715569323 85.5614120842321,28.1053517710375 85.5614157782735,28.1053300740987 85.5614058962835,28.1053052158951 85.5614090383825,28.105273852859 85.5614060934196,28.1052394071207 85.5614041395761,28.1052327451627 85.5613954822969,28.1052181638825 85.5613840695435,28.1052059687719 85.5613664328055,28.1052009535966 85.5613493963348,28.1052019824084 85.5613530903822,28.1051802854711 85.56136337509,28.1051749594433 85.5613860594374,28.1051588956495 85.5613951554877,28.1050895576134 85.5613457502646,28.1051180202394 85.5613294107308,28.1051178488221 85.561293911746,28.1051247216276 85.5612286824978,28.1051143769673 85.5612072831259,28.1050851715281 85.5612324046357,28.1050395486397 85.5612382378045,28.1050106289182 85.5612192394794,28.1050055994396 85.561178358467,28.1050075855953 85.5611485960307,28.1049927828616 85.5611158847795,28.1049948547182 85.5610393114556,28.1050182020147 85.5610284828976,28.1050132582358 85.5609934673409,28.1049839098871 85.5609199395429,28.1049831383086 85.5607969419762,28.1050156585923 85.5608020983968,28.1050374483968 85.5608014215326,28.1050881578996 85.5607605082543,28.1050925586675 85.5607225116283,28.1050824995759 85.5606787139239,28.105098945428 85.5606753137442,28.105149626345 85.5606748946944,28.1051810179398 85.5606746368172,28.1052003358442 85.5606388476519,28.1052289411195 85.5605348802983,28.1052640759749 85.5605073253299,28.1052879374945 85.5604659606148,28.1053261445002 85.5604410643954,28.1053548640677 85.5604190848676,28.1053691237917 85.5603916910529,28.1053809115973 85.5603611548256,28.1054240623974 85.5603008561382,28.1054524102723 85.5602924284011,28.1054716424012 85.5603029022906,28.1055031483514 85.5602727529211,28.1055173222783 85.5601912162192,28.1055043908351 85.5601719921395,28.1055162643721 85.5601878802812,28.1055502422533 85.5602092472103,28.1055818625803 85.560228084356,28.1055989658877 85.5602197855751,28.1056085390611 85.5602004969876,28.1056252420762 85.5601349128475,28.1056414589996 85.5600883915634,28.1056578760562 85.5600528278367,28.1056695780047 85.560019922871,28.1056861380143 85.5600005052376,28.1057124999481 85.5599894186572,28.1057268739839 85.559910153574,28.1057477772851 85.5598419105593,28.1057591359912 85.559806346775,28.1057708378734 85.5597736352763,28.1057729093997 85.5597354127231,28.1057797531881 85.559713207219,28.1058109159492 85.5596883429451,28.1058372206296 85.5596446738207,28.1058440071855 85.5596007788744,28.105867696884 85.5595785410529,28.1059012743575 85.5595594781398,28.1059010741198 85.5594886085117,28.1059051598296 85.5594474690448,28.1059264633471 85.5593952106147,28.1059645555715 85.5593512187708,28.105995489395 85.5593182490711,28.1060168787004 85.5592994120057,28.1059997752716 85.5592665068295,28.1060163350916 85.5592333434989,28.106052212793 85.5592193398945,28.1060810465657 85.5591858861046,28.1061386568793 85.5591069110203,28.1061378270733 85.5590800009496,28.1061133935625 85.5590584729019,28.1060938467503 85.5590095829994,28.106083672715 85.5589609190263,28.1060565955112 85.5589206185558,28.1060151157309 85.5588741292183,28.1060291176259 85.5588572408637,28.106069996418 85.5588672625093,28.1061353087631 85.5588832471429,28.1061620425733 85.5589098989746,28.1062057940079 85.5589230312466,28.1062421581384 85.5588842275113,28.1062924669248 85.5588948947087,28.1063094845521 85.558924528066,28.1063339467175 85.5588724306391,28.1063599650476 85.5588317104889,28.1063498768041 85.5587991601973,28.1063398744122 85.5587448559262,28.1063272283018 85.5587260834632,28.1063052953252 85.5586804332773,28.1062565140239 85.5586452565927,28.106239238767 85.5585961729752,28.1062435529964 85.5585661846038,28.1062456528533 85.5585004707336,28.1062715279119 85.5584596215137,28.1062710985015 85.5584764777665,28.1062326345017 85.5584467153986,28.1062178311852 85.5584193857398,28.1062247891087 85.5583125320404,28.1062719672589 85.558271553664,28.106281196733 85.5582497028326,28.1062857971494 85.5582006191847,28.1062901112358 85.5581867444426,28.1063092859507 85.5581825142058,28.1063201093083 85.5581401741604,28.1063293244254 85.5581140930699,28.1063447481754 85.5580853694246,28.1063541064478 85.5580731792403,28.1063491481188 85.5580445363284,28.1063524695453 85.5580226693267,28.106358277292 85.5579886282898,28.1063579193313 85.5579640702982,28.1063612836965 85.5579093462541,28.1063800288096 85.5579011925531,28.1063787355256 85.5578550582338,28.1063661749826 85.5578429165092,28.1063575945315 85.5578225726389,28.1063513428928 85.5577830688918,28.1063521349674 85.5577706849154,28.1063616650193 85.5577541514091,28.1063759815764 85.5577661962241,28.1063918062387 85.5577933806082,28.1063957147543 85.5578123628429,28.1064019520771 85.5578258339117,28.1064129615858 85.5578405535762,28.1064324369844 85.557818621948,28.1064430741667 85.5577911468426,28.1064608982665 85.5577745810218,28.1064776295599 85.5577432309345,28.106479714913 85.5577376390034,28.1064905239336 85.557733279505,28.106511006213 85.5577085276554,28.1065288589374 85.5576662036454,28.1065368665361 85.5576157420731,28.106542373453 85.5575925941326,28.1065421299706 85.5575355827916,28.1065282473706 85.5575126610057,28.1065111007351 85.5574786845442,28.1065059131777 85.5574515163011,28.1065007972322 85.5574258389403,28.106486036669 85.5573810016608,28.1064783197594 85.5573649042782,28.1064600373566 85.5573570736856,28.1064345966995 85.5573435057316,28.1064308313487 85.5573336349705,28.1064560857807 85.5573237157375,28.1064849623128 85.5573206531812,28.1065102883695 85.5573124348557,28.1065138245185 85.5572919455861,28.1065184391042 85.5572552458496,28.1065132228405 85.5572375606476,28.1065118292351 85.5572210755202,28.1065225236232 85.557216683609,28.1065454206163 85.5572002792601,28.1065500781669 85.5571848164628,28.1065861415823 85.5571968450566,28.1066031736588 85.5572239648401,28.1066119117561 85.5572718485774,28.106595510031 85.5573100230785,28.1065922890478 85.5573439349346,28.1066023061157 85.5573587676218,28.1066133299942 85.5573993746271,28.1066318702426 85.55742923388,28.1066394295822 85.557460390165,28.1066518327077 85.5575075469683,28.1066897624181 85.5575618997113,28.1066987869181 85.5576027813825,28.1066968018675 85.5576271617822,28.1067067186089 85.5576598897344,28.1067034402399 85.5576777687985,28.1066903453862 85.557703785427,28.106679751194 85.5577214706653,28.1066811447406 85.5577253294825,28.1066980908454 85.5577128000964,28.1067184871946 85.5577126708843,28.1067281461321 85.5577423686767,28.1067477790771 85.5577517063871,28.1067623677316 85.5577539774492,28.1067962026553 85.5577511410975,28.1068046255833 85.5577510118883,28.1068142845208 85.5577603334541,28.1068300805421 85.5577573678931,28.1068481624076 85.5577899505292,28.1068557503138 85.5578523925206,28.1068708974631 85.5579041351399,28.1068714416205 85.5579669647295,28.1068576119037 85.5580136160151,28.1068315366624 85.5580768008146,28.106791144812 85.5581124942841,28.1067697844606 85.5581590486186,28.1067509533712 85.5582164638163,28.1067346515327 85.5582436321612,28.10673976733 85.5582845461353,28.1067353673413 85.5583062678984,28.1067404258629 85.5583415415513,28.1067504570045 85.5583799905387,28.1067267104763 85.5584428522789,28.1067104658006 85.558477932221,28.1067349853183 85.5584886639647,28.1067471735051 85.5585264026536,28.1067765511092 85.5586081337628,28.1067749951567 85.5586627287749,28.1067659087101 85.5587257519038,28.1067375902269 85.5587476028109,28.1067329897376 85.5587719833334,28.1067429062796 85.5588373101028,28.1067460079275 85.5588726160905,28.1067536241988 85.558880301818,28.1067899310924 85.5588800436019,28.106809248977 85.5589149622985,28.1068458420654 85.5589364904629,28.1068653889026 85.5589718287726,28.1068705904143 85.5589908273028,28.1068756202114 85.5590450996071,28.1068906809704 85.5590778114519,28.1068886096313 85.5591269276247,28.1068818805042 85.5591542251422,28.1068773371806 85.5591979592517,28.1068657213268 85.5592359563364,28.1068757808564 85.5592688295171,28.1068616357916 85.5592936618701,28.1068377459396 85.559345694906,28.1068165569281 85.5593782131305,28.1068289739328 85.5594301816176,28.1068126143607 85.5594714827529,28.1067792371826 85.5595266261727,28.1067290998728 85.5596145780983,28.1066696468593 85.5596668690676,28.1066291398284 85.5597391262423,28.1065212203717 85.5597941726367,28.1064783271529 85.5598542785052,28.1064644679514 85.5599776327615,28.1064053864861 85.5600436043965,28.1063601928142 85.5600876284552,28.1063268440312 85.5600956693126,28.1063365887656 85.5600926557845,28.1063582928034 85.5601171976025,28.106356135423 85.560185763447,28.1063206292223 85.5602160420424,28.1062967963762 85.5602156228387,28.1063281879594 85.5602263225007,28.1063427907538 85.5602531684052,28.1063720535249 85.5602582280302,28.1064010875556 85.5602961928211,28.1064135615268 85.5603289045107,28.1064114898827 85.5603534140946,28.1064117471975 85.5603585382349,28.1064359517508 85.560366546882,28.1064481112076 85.5604288923316,28.1064705014009 85.5604424120503,28.1064778885565 85.5604997623196,28.1064664152177 85.5605297184954,28.1064667296763 85.5605541636159,28.1064718164306 85.5605864884607,28.1064987215755 85.5605861015997,28.1065276984254 85.5605991055261,28.106573721366 85.5606179106643,28.1065932393636 85.5606668332112,28.1066009981012 85.5606913106057,28.1066036700948 85.5607128712948,28.1066208019263 85.5607671115106,28.1066382767459 85.560816324192,28.1066243027921 85.5608436538211,28.1066173443892 85.5608734166504,28.1066321472007 85.5608812642105,28.1066563803186 85.5609329101034,28.1066641675429 85.5609602397363,28.1066572091169 85.5609875693658,28.1066502506853 85.5610392152654,28.1066580378698 85.5610881056515,28.1066682111971 85.561118061891,28.1066685255292 85.5611811165949,28.1066377911529 85.5612305870224,28.1066044991434 85.5612578521765,28.106602370133 85.5612879050685,28.1065954402127 85.5613070003411,28.1065932254765 85.5613396798556,28.1065935683309 85.5613616273047,28.1065817232047 85.5613833814252,28.1065843665047 85.5614049744459,28.106599083493 85.5614318207419,28.1066283460464 85.5614343507182,28.1066428630456 85.5614365907189,28.1066791126898 85.5614499494403,28.1066985734411 85.5614937477001,28.1066821273659 85.561529762672,28.1066366187136 85.5614837244188,28.1066168151571 85.5614760055985,28.1065829231151 85.5614600524689,28.1065537748443 85.5614575547096,28.106536843107 85.5614849809357,28.1065226403585 85.5615369812078,28.1065038652313 85.561578120517,28.1064825610813 85.5616165687356,28.1064588136145 85.5616411749883,28.1064518264837 85.5616630579486,28.1064448107841 85.561726112375,28.1064140761455 85.5617129469134,28.1063801269874 85.5616777696668,28.1063628524895 85.5616177606979,28.1063694682855 85.5615823901758,28.1063666821954 85.5615281821643,28.1063467929593 85.5615121324001,28.10632488891 85.5614878161312,28.1063101433719 85.5614525745083,28.1062976982952 85.5614283871309,28.1062732937931 85.5614479334071,28.106237272696 85.5614427768088,28.1062154829125 85.5614184605739,28.1062007373632 85.5613639304721,28.1062049954503 85.561369215936,28.1062171262824 85.5613715203535,28.1062485464518 85.5613168613396,28.1062624634727 85.5612953006191,28.1062453317345 85.5612956550628,28.1062187696127 85.5612823608701,28.1061944793716</coordinates></LinearRing></outerBoundaryIs></Polygon></MultiGeometry>
  </Placemark>
  <Placemark>
	<Style><LineStyle><color>ff0000ff</color></LineStyle><PolyStyle><fill>0</fill></PolyStyle></Style>
      <MultiGeometry><Polygon><outerBoundaryIs><LinearRing><coordinates>85.5614462403105,28.1059558985178 85.5614457248155,28.1059945343353 85.5614713059945,28.1060165383784 85.5614792180879,28.1060359419903 85.561474633792,28.1060733275871 85.5615016571788,28.1060893090626 85.5615137669635,28.1061003039382 85.5615215985278,28.1061257443944 85.561555430139,28.1061417972768 85.5615796497338,28.1061637870183 85.5616008883334,28.1062050660999 85.5616290962333,28.1062343428974 85.5616494081149,28.1062430087173 85.5616985883007,28.1062314491739 85.5617218650668,28.1062220330058 85.5617612721555,28.1062284840099 85.5617941287264,28.1062155456881 85.5618174537971,28.1062025073949 85.5618530175323,28.106190804989 85.5618954055722,28.1061779666028 85.5619339824443,28.1061445600832 85.5619424099514,28.1061253278464 85.5619565738826,28.1060844200735 85.5619815020953,28.106053285486 85.5620035942931,28.1060305739232 85.5620216498715,28.1060041974126 85.5620436454353,28.1059887300602 85.5620548444949,28.1059659042623 85.5620224389072,28.105945036302 85.5619995164919,28.1059278903935 85.561951762526,28.1059346348525 85.5619354550715,28.1059320487637 85.5619096966691,28.1059233258693 85.5618865971304,28.1059194610078 85.5618485034688,28.105916646432 85.5618240100861,28.105915182019 85.5617915401393,28.1058991434841 85.5617617290552,28.1058879629817 85.5617305080221,28.1058803903001 85.5616721508823,28.1058652877617 85.5616436531376,28.1058577436244 85.5616028845548,28.1058512783089 85.5615635098301,28.1058424125256 85.5615173108193,28.1058346826842 85.5614668013809,28.1058438131467 85.5614475129345,28.1058605163423 85.5614323416131,28.1058748476489 85.5614308511011,28.1058844923192 85.5614462403105,28.1059558985178</coordinates></LinearRing></outerBoundaryIs></Polygon></MultiGeometry>
  </Placemark>
  <Placemark>
	<Style><LineStyle><color>ff0000ff</color></LineStyle><PolyStyle><fill>0</fill></PolyStyle></Style>
      <MultiGeometry><Polygon><outerBoundaryIs><LinearRing><coordinates>85.5619590484457,28.1062051998648 85.5619534086337,28.1062196311825 85.5619629240248,28.1062209385059 85.5619874013764,28.1062236102662 85.5620064321606,28.1062262249077 85.5620131115473,28.1062359552572 85.5620169227232,28.1062565233753 85.5620208788272,28.1062662251673 85.5620303298119,28.1062723619645 85.5620698496586,28.1062703612942 85.5620890414757,28.1062609022287 85.562121898021,28.1062479638274 85.5621437004036,28.1062469848962 85.5621365218522,28.1062746830107 85.5621295687218,28.1062854779501 85.5621319377692,28.1063120686363 85.5621356201559,28.1063422957086 85.5621366597649,28.106366457378 85.5621372324227,28.1064256327654 85.5621561183327,28.1064391137138 85.5621629748622,28.1064355629911 85.5621823116133,28.1064152375871 85.5622164493365,28.1064083502899 85.5622246836075,28.106403606471 85.5622590467303,28.1063798159877 85.5623193776729,28.1063490525159 85.5623319544594,28.1063250336016 85.5623268298765,28.1063008291056 85.5623529908873,28.1062793676826 85.5623694271989,28.106272294766 85.5623942587492,28.10624840432 85.5624191385839,28.1062208917597 85.5624328998928,28.1062101681764 85.5624320051021,28.1061751401783 85.5623953534644,28.1061663031762 85.5623461089745,28.1061826924525 85.5623216638193,28.1061776060168 85.562302697433,28.1061701619402 85.5622771804421,28.1061433285663 85.5622800003247,28.1061361128999 85.5622952359754,28.1061169520183 85.5622790572833,28.1061047070114 85.5622505433274,28.1060983703663 85.5622370074223,28.1060921907555 85.562208525674,28.1060834393625 85.562180124436,28.1060686511154 85.5621638813596,28.1060612355742 85.5621352225089,28.1060657652326 85.5621053147291,28.10606182902 85.5621341990016,28.1060403961927 85.5621112926499,28.1060220429321 85.5620705078686,28.1060167851222 85.562056988087,28.1060093981247 85.5620364507761,28.1060176355397 85.5619590484457,28.1062051998648</coordinates></LinearRing></outerBoundaryIs></Polygon></MultiGeometry>
  </Placemark>
  <Placemark>
	<Style><LineStyle><color>ff0000ff</color></LineStyle><PolyStyle><fill>0</fill></PolyStyle></Style>
      <MultiGeometry><Polygon><outerBoundaryIs><LinearRing><coordinates>85.5507574567057,28.0971958577679 85.5507424601379,28.0971965299726 85.5507349674339,28.0971964508022 85.550716246834,28.0971954223304 85.5506975262346,28.097194393856 85.5506610327857,28.0971915162522 85.5506383537843,28.097206228521 85.5506233460542,28.0972077312567 85.55060073401,28.0972174602542 85.5505948689399,28.097235672841 85.5505917355058,28.0972597289283 85.5505792361831,28.0972836860415 85.5505723563881,28.0973077025382 85.5505813093156,28.097338531644 85.5505894819134,28.0973577232347 85.5505881435247,28.0973876129246 85.5505971411065,28.0974151198531 85.5506269892127,28.0974245725496 85.550647538388,28.0974289430055 85.5506679759601,28.0974416188994 85.5506856707287,28.0974492818356 85.5506995186964,28.0974643800802 85.5507237696038,28.0974721122881 85.5507423005324,28.0974872600109 85.5507476633973,28.0975064219041 85.5507596158796,28.0975231614386 85.5507688478707,28.0975332269305 85.5507749687775,28.0975656874252 85.5507767080432,28.0975756737471 85.550765033714,28.0976079462139 85.5507553888001,28.0976286108541 85.5507533482174,28.0976410492233 85.5507570387853,28.0976452415292 85.5507737746819,28.0976545556472 85.5507915810895,28.0976539131298 85.5508244622443,28.0976467845914 85.5508442199492,28.0976403480497 85.5508647356984,28.0976472101072 85.5508909379558,28.0976491482693 85.5509087332038,28.0976493362808 85.5509284797462,28.0976437302709 85.5509343559447,28.0976246871254 85.550937333098,28.0976122586478 85.5509376009023,28.0975923255872 85.5509312344571,28.0975781370703 85.5509184346196,28.097554743301 85.5509064151564,28.0975429870444 85.5509009629914,28.0975304695099 85.5508965366888,28.0975113175171 85.5509069284573,28.0975047820117 85.5509256825894,28.0975033188269 85.5509510040147,28.0975010943601 85.5509586641151,28.0974887153563 85.5509588649644,28.0974737655604 85.5509581515397,28.0974571447812 85.5509265417969,28.0974393669232 85.5509237766605,28.0974360150611 85.5509145000279,28.0974292717561 85.5509110326333,28.0974084685702 85.5508961364647,28.0974016658928 85.5508755872826,28.097397295474 85.5508767693678,28.0973790333971 85.5508864588693,28.0973550465691 85.5508960702554,28.0973368735496 85.5508963715404,28.0973144488559 85.5508824566097,28.0973043338958 85.5508798142249,28.0972918460466 85.5508678059529,28.0972792592433 85.5508501669928,28.09726744361 85.5508550173209,28.0972550349247 85.5508562328838,28.0972342812151 85.55084515005,28.0972225348497 85.5508330525164,28.0972165923973 85.5508162832027,28.0972097699208 85.5508117006957,28.0972022455442 85.5507987223753,28.0971921404721 85.550785621303,28.0971911713849 85.5507574567057,28.0971958577679</coordinates></LinearRing></outerBoundaryIs></Polygon></MultiGeometry>
  </Placemark>
  <Placemark>
	<Style><LineStyle><color>ff0000ff</color></LineStyle><PolyStyle><fill>0</fill></PolyStyle></Style>
      <MultiGeometry><Polygon><outerBoundaryIs><LinearRing><coordinates>85.5489174272739,28.0309677970475 85.5490094241298,28.0310883851735 85.5491437645507,28.0311230308663 85.5492484199518,28.0311374268699 85.5493041352452,28.0311712420335 85.5494111980806,28.0312853436528 85.5494963759337,28.0313560193046 85.5496794343054,28.0313878562198 85.5497690246821,28.0314087381347 85.5498250520947,28.031419297647 85.5499336746719,28.0314171216307 85.5500809404355,28.031325641113 85.5501187819249,28.0312961364212 85.5502387701769,28.0312841120864 85.550347080929,28.0313051911934 85.5504887321484,28.0313532034499 85.5505936551223,28.0313476651931 85.5506719689435,28.0313717502194 85.5507535371982,28.0314324189961 85.5508393837792,28.0314532607216 85.5509477393487,28.0314710171563 85.5509961007488,28.0314947860418 85.5510439725924,28.031555099209 85.5510770907038,28.0315986433513 85.5511801447754,28.0317326374327 85.5512436606868,28.0317432753546 85.5512519498736,28.0316835545644 85.5512267648423,28.0316068673449 85.5511902141078,28.0315400282843 85.5511647621296,28.0314832743095 85.5511208568416,28.0314063896272 85.551118002861,28.0313399059554 85.5511489789973,28.0312638110611 85.5511423364309,28.0312006101082 85.5511657798789,28.0311277584375 85.5511339524659,28.0309878702487 85.5510978025197,28.030891131284 85.5510990931402,28.0307947872139 85.5510518446563,28.0306879631406 85.5510116392842,28.03061444013 85.5510165849952,28.0305247799701 85.5510061539862,28.0304648617263 85.5509317628009,28.0304275275662 85.5508867898402,28.0304303758416 85.5508042429641,28.030442795761 85.5507146086318,28.03042523675 85.5505654704265,28.0303771457546 85.5504723592945,28.0303396138331 85.5503223307857,28.0303579667509 85.5502127295955,28.030433231696 85.5501632555413,28.0304925177584 85.5501328579011,28.0305254237165 85.5500649752995,28.0305612567035 85.549967496626,28.0305701958331 85.5498705524356,28.0305392684012 85.5497999947468,28.0304953287488 85.5497101378349,28.0304943801243 85.5495565877364,28.0304960816286 85.5494589754353,28.0305149870193 85.5493732635672,28.0304841778452 85.5492984719464,28.0304767426829 85.5492122254222,28.0304857998919 85.5491668067902,28.0305218696679 85.5490993695434,28.0305244801003 85.5490656732023,28.0305241242008 85.5489931548674,28.030626361227 85.5489775993065,28.03066939172 85.5489617763152,28.030732355448 85.5489576757127,28.0307588935496 85.5489496082108,28.0308020031336 85.5489342754573,28.0308284225884 85.5489113208838,28.0308647295607 85.5489029859234,28.0309277723765 85.5489174272739,28.0309677970475</coordinates></LinearRing></outerBoundaryIs></Polygon></MultiGeometry>
  </Placemark>
  <Placemark>
	<Style><LineStyle><color>ff0000ff</color></LineStyle><PolyStyle><fill>0</fill></PolyStyle></Style>
      <MultiGeometry><Polygon><outerBoundaryIs><LinearRing><coordinates>85.5290627349788,28.0311317165579 85.5290223656611,28.0311431784414 85.5289565370801,28.0311376002844 85.5289119702635,28.0311105417438 85.5288451200812,28.0310699539072 85.5287026212542,28.0310850410446 85.5285566947491,28.031076832698 85.5284702206337,28.0311024876743 85.52847703069,28.0311524005219 85.5285852006573,28.0311834631546 85.5286933706905,28.0312145257043 85.5287377567241,28.0312548730188 85.5287975256219,28.0312654811292 85.5289435879675,28.0312637227014 85.5290705419828,28.031221472254 85.5291127470169,28.0312156941859 85.5291909650163,28.0312464356314 85.5292731077936,28.0312639284122 85.5293585429045,28.0313146829961 85.5295857094105,28.0314068266449 85.5297461158652,28.031451738159 85.5299174384887,28.0315200249377 85.5300745527347,28.0315316742336 85.5301165732761,28.0316012246319 85.5301147890378,28.0316018806623 85.5300803250785,28.0316579971162 85.5301052691833,28.0317512985367 85.53014564103,28.0318115384247 85.5302042365597,28.0319085225621 85.5301992283602,28.0320015034793 85.5301833491567,28.0320677867893 85.5302303966267,28.0321879059775 85.5302858352525,28.0322416617145 85.5303489426453,28.032282208834 85.530400276168,28.0323625018938 85.530440648395,28.0324227417048 85.5304931556895,28.0324166581066 85.5305377685877,28.0324403939865 85.5306077775673,28.0325242094135 85.5307193325925,28.0325818879107 85.5307583404592,28.0326558487757 85.5307704408691,28.0326787917359 85.5307634637841,28.0327023449213 85.5307732371819,28.0327485975257 85.5308206466224,28.0328421391102 85.5308343141937,28.0329386424595 85.5308441925606,28.0330384279407 85.5308505073647,28.0331248846632 85.5307968714379,28.0332140228373 85.5307585277677,28.0332800659304 85.5307236573464,28.033366082126 85.5307452644335,28.0334294437944 85.5308276348065,28.0334303248225 85.5309820006476,28.0333688452201 85.5311442155009,28.0332808680825 85.5312264955374,28.0332883932245 85.5312754968003,28.0333255227601 85.5312813035708,28.0333886590932 85.5314479387916,28.0335266698192 85.5316196266772,28.0335683771871 85.5317356040088,28.0335762622472 85.5318478372471,28.0335841071919 85.531923125432,28.0335550079155 85.5319467626483,28.0334688713387 85.5319852860649,28.0333895391717 85.5320567848772,28.0333637219805 85.5320980602473,28.0333575177468 85.5321240435423,28.0333744087204 85.5321799797164,28.0333916197623 85.5322816567874,28.0333495116176 85.5323426445457,28.0332704193708 85.5323804913476,28.0332409197832 85.532417932388,28.0332413198086 85.5325040467839,28.0332422398282 85.5325870481593,28.0331966092663 85.5326658546188,28.0331841604648 85.5327485403806,28.0331617850675 85.5328353307663,28.0331128721604 85.5329557278335,28.0330709634462 85.5330084606687,28.0330482679862 85.5330902450371,28.0330923360067 85.5331801034406,28.0330932955816 85.533251106177,28.0331040217487 85.5333297773481,28.0331015391063 85.5333711877211,28.0330853679373 85.5334455741724,28.0331227114365 85.5335201408698,28.0331467661686 85.5335803167922,28.0331274726119 85.5336293054345,28.0331047369395 85.5336785643169,28.0330620681543 85.5337090576252,28.0330225217006 85.5337284537436,28.032972888794 85.5336689535834,28.0329423496833 85.5335722827889,28.0328914777575 85.5335051143413,28.0328741473676 85.5334077228695,28.0328764302454 85.5333738458225,28.0328893591983 85.5333359994061,28.0329188590761 85.5332799281006,28.032911615052 85.5331863708082,28.0329072933857 85.5330735523195,28.032942637918 85.5329947911373,28.0329517647807 85.5328747998291,28.032963773904 85.5328149393759,28.0329598118823 85.5327439367877,28.0329490854947 85.5326687844542,28.032968218705 85.5326432068376,28.0329214282054 85.532621373334,28.0328746776976 85.5324980887862,28.0328534246893 85.5324270412253,28.0328460203222 85.532337453562,28.0328251271793 85.5323567150109,28.0327854610294 85.5324022301352,28.0327427527104 85.5323804869351,28.0326893578071 85.5322726298477,28.0326350428082 85.5321496612802,28.0325905342365 85.5320900716218,28.0325666388255 85.5321474502371,28.0324775400941 85.5321742900148,28.0324313096236 85.5320964760599,28.0323706701942 85.5320366610713,28.0323633856662 85.5320000320239,28.0323031863032 85.5319180232332,28.0322757285689 85.5318133245786,28.032264641586 85.5317390746135,28.0322173307019 85.5316419092782,28.0322030014493 85.5315553446738,28.0322353027173 85.531495620025,28.0322213735984 85.5315566527721,28.0321389595062 85.5315914769926,28.0320562652239 85.5315849811935,28.0319830972217 85.5316309472977,28.0319071673532 85.5316351423928,28.0318739855753 85.5315044613196,28.0318460073196 85.5314327829702,28.0318851129804 85.5313873129673,28.0319244988028 85.5312791413576,28.0318934383218 85.5312454448583,28.031893078036 85.5311820666233,28.0318724643979 85.5312195802564,28.031821140884 85.5312994857417,28.0317740400158 85.5313600221339,28.0317281699776 85.5313984550701,28.0316554823079 85.5313614206018,28.0316251824085 85.5313057110414,28.0315913601704 85.5311820673229,28.0315966834778 85.5311335300935,28.0315861964949 85.5311118779731,28.0315261570559 85.5310754301946,28.0314526687522 85.5310844523491,28.0313397947259 85.5311538301677,28.0311943394556 85.5312002022472,28.0310885101046 85.5312166671555,28.0309790383018 85.5311432755474,28.0308686057156 85.531046562714,28.0308210542918 85.5310284743099,28.0307743435953 85.530943309517,28.030703656956 85.530756605252,28.0306651109123 85.5305503235181,28.0306894857732 85.5305083720642,28.0307455222618 85.5305103106261,28.0308784494645 85.5305359319957,28.0309219181428 85.5306061205823,28.030992444836 85.5306131121596,28.0310290689001 85.5305971882449,28.0310986744609 85.5305959696182,28.0311883732876 85.5305491906847,28.0313241020166 85.5305147721784,28.0313768964152 85.5304423715812,28.0314691564144 85.5303217948857,28.0315243516779 85.5302819396519,28.0315395613196 85.5302515158719,28.0314604691948 85.5302488101806,28.0313840190395 85.5301527745451,28.0312866343163 85.530067158456,28.0312491689247 85.5299522675036,28.0311615502857 85.529934721384,28.0310749733295 85.5298121168885,28.0310038853369 85.5297182002072,28.0310261387949 85.5296445733682,28.031016000242 85.5296360575238,28.0310086462839 85.5296068279778,28.0309551708435 85.5295205348466,28.0309675377857 85.5294664949778,28.0309486846695 85.5293652483458,28.0309592301065 85.5292336655417,28.0309976932877 85.5291588528892,28.030991908285 85.5290946849656,28.0310294318068 85.5291111716264,28.0310561896221 85.5290627349788,28.0311317165579</coordinates></LinearRing></outerBoundaryIs></Polygon></MultiGeometry>
  </Placemark>
  <Placemark>
	<Style><LineStyle><color>ff0000ff</color></LineStyle><PolyStyle><fill>0</fill></PolyStyle></Style>
      <MultiGeometry><Polygon><outerBoundaryIs><LinearRing><coordinates>85.5064160838056,28.0869504398858 85.506562450632,28.0869320976102 85.5066566044112,28.0868965737531 85.5067466903926,28.0868842638674 85.5067843334834,28.0868713831268 85.5068366844134,28.0868785981537 85.5069040190318,28.0868859762359 85.5069980807361,28.0868570963709 85.5070656911422,28.0868445416755 85.5071663253837,28.0868821855498 85.5072523436803,28.0868930893842 85.5072973866473,28.0868869342518 85.5074142454559,28.0868350438238 85.507511961013,28.0868128485877 85.5075985766224,28.0867805646808 85.5076890759338,28.0867383551119 85.5077566402582,28.0867291221872 85.5078321558093,28.0866867495387 85.5078738662032,28.0866506544101 85.5079342142572,28.0866214072047 85.5079758327205,28.0865919562782 85.5080327104087,28.0865427355801 85.5080029728021,28.0865257990889 85.5079432219976,28.0865118587954 85.5079094628798,28.0865148142521 85.5079856213146,28.0864259318585 85.5080164153791,28.0863664596376 85.5080321339333,28.0863134686971 85.5079193893743,28.0863388234853 85.5078438281658,28.0863845183123 85.50771998361,28.0863997843517 85.5075928985393,28.0863784662373 85.5075258858171,28.0863478336819 85.507364674153,28.0863560476524 85.507293731788,28.0863386626992 85.5071853763966,28.0863175479975 85.5071747821329,28.0862709160813 85.5071191451836,28.0862304392638 85.5070178220884,28.0862426271247 85.5069011016663,28.0862845508873 85.5068112000862,28.0862835724303 85.5067441876622,28.0862529395033 85.5066620077883,28.086235431913 85.5065687281895,28.0862078355967 85.5065092996363,28.0861706398806 85.5064800681758,28.0861171597971 85.5063985782058,28.0860498203176 85.5063654629901,28.0860062657781 85.506280043342,28.0859521739137 85.5062245908584,28.0858984082884 85.5061794102935,28.0859145294293 85.5061603589346,28.0859375803011 85.5061745146573,28.0859975415289 85.5061700789146,28.086047332473 85.5061132466787,28.0860932302641 85.5060457746427,28.0860958181596 85.5059974000274,28.0860720330631 85.5059677548813,28.0860484519165 85.5058438645304,28.0860670383821 85.5057505853116,28.0860394415223 85.5056728417608,28.0859721424294 85.5057221823393,28.0859261632259 85.5057450256739,28.0858998311025 85.5056512865659,28.0859054553284 85.5055002549333,28.0859901981651 85.5054250611226,28.0860093147173 85.5053722045689,28.0860386424268 85.5052594137635,28.0860673171304 85.505157906593,28.0860927920708 85.5050976501956,28.0861153938117 85.5051159194175,28.0861488190323 85.5051642478353,28.086175926547 85.5052348675614,28.0862165673822 85.5053730975248,28.0862446543139 85.5053838750609,28.0862779978831 85.505315758669,28.0863270950104 85.5051920519963,28.0863323924145 85.5051618086808,28.0863519985774 85.5051051599647,28.0863846074716 85.5050258517057,28.0864302598817 85.5053566140068,28.0866232528806 85.5055105183392,28.0866016712232 85.5055855285174,28.0865958430981 85.5056793142349,28.0865868968265 85.5057539103601,28.086610967639 85.5059525355248,28.0866064856428 85.5060459992665,28.086620793924 85.506090766205,28.0866345718759 85.5061092197949,28.0866547085169 85.5061456670712,28.0867282029424 85.5061600528285,28.0867715535935 85.5061820224123,28.0868083415896 85.5062035780926,28.0868750286182 85.5062104260592,28.0869216198042 85.5062286497671,28.0869583670063 85.5062508493583,28.0869785444174 85.5062619951464,28.0869853110066 85.5064160838056,28.0869504398858</coordinates></LinearRing></outerBoundaryIs></Polygon></MultiGeometry>
  </Placemark>
  <Placemark>
	<Style><LineStyle><color>ff0000ff</color></LineStyle><PolyStyle><fill>0</fill></PolyStyle></Style>
      <MultiGeometry><Polygon><outerBoundaryIs><LinearRing><coordinates>85.5013718327303,28.0889454814109 85.5014425911189,28.0889761578774 85.5015096958436,28.0890001491765 85.5015504402881,28.0890338203446 85.5016286446261,28.0890679006609 85.5017148945921,28.0890621974748 85.5018123825118,28.0890566169659 85.5019028397264,28.0890177334967 85.5019520449246,28.0889817221075 85.5020126264117,28.0889358670909 85.5020843535487,28.0888967789697 85.5021559422767,28.0888676571327 85.5022091238918,28.088815076005 85.5022170309063,28.0887852588307 85.5021987621951,28.0887518332538 85.5021728170691,28.0887316143069 85.5021358646253,28.0886946621124 85.5020609912538,28.088690521962 85.5019596654454,28.0887027059708 85.5018735080288,28.0887017651074 85.5018211105152,28.088697870274 85.5017723667189,28.0887006605467 85.5016790864327,28.0886730608804 85.5015862214252,28.0886155621876 85.5015005716223,28.0885780779146 85.5013959151872,28.0885603216276 85.5012872359493,28.0885624569787 85.5012088474958,28.0885416649102 85.5011373510572,28.0885641420396 85.5011067371937,28.0886103241016 85.5010951300711,28.0886367781655 85.501135412744,28.0887036705129 85.5011649190351,28.0887372190022 85.501179072247,28.0887971806292 85.5011861027091,28.0888304835487 85.5012155629008,28.0888673541349 85.5012491382717,28.0888776887886 85.5012600070345,28.0889043884173 85.5012669913803,28.08894101344 85.5012818830147,28.0889478213529 85.5013718327303,28.0889454814109</coordinates></LinearRing></outerBoundaryIs></Polygon></MultiGeometry>
  </Placemark>
  <Placemark>
	<Style><LineStyle><color>ff0000ff</color></LineStyle><PolyStyle><fill>0</fill></PolyStyle></Style>
      <MultiGeometry><Polygon><outerBoundaryIs><LinearRing><coordinates>85.5051543742043,28.0979744163132 85.5052306354735,28.0978788917746 85.5052441388742,28.0978507967544 85.5052557230779,28.0978260034269 85.5052842576901,28.0977947496049 85.5053031733296,28.0977816653062 85.5053166536787,28.0977552313316 85.5052830751469,28.0977448975654 85.5052494045392,28.0977412080081 85.5051838213707,28.0977421545543 85.5051257538131,28.0977415216783 85.5050846366725,28.0977344283094 85.5050567236591,28.0977208336296 85.50501359524,28.0977236861472 85.5049871869907,28.0977366887348 85.5049513669497,28.0977529113345 85.5049083306202,28.0977491196026 85.5048819914317,28.0977571390075 85.5048405058735,28.0977766224276 85.5048013540001,28.0977629051783 85.5047772333675,28.0977460291754 85.5047249004024,28.0977371521222 85.504678186886,28.0977283363149 85.5046502739294,28.0977147415544 85.5045977106856,28.0977224749905 85.504549008885,28.0977219439852 85.5044945724861,28.0977296569577 85.5044437211417,28.0977490381334 85.5044060969759,28.0977602570016 85.5043480985328,28.0977546406356 85.504288249986,28.0977473427646 85.5042545563876,28.0977453140176 85.5042202868781,28.0977848115971 85.5042348113274,28.0978181960893 85.5042514392946,28.0978349904739 85.5042679290516,28.0978617511771 85.5042730877805,28.0978950335277 85.5043139975996,28.0979170766209 85.504323040855,28.0979404335034 85.5043244302678,28.0979753360521 85.5043504009911,28.0979938936132 85.504357640213,28.0980122469068 85.5043572255891,28.0980421458686 85.5043755424854,28.0980722490936 85.5044389302227,28.0980945372653 85.5044725318037,28.0981032101852 85.5045136490345,28.0981103037412 85.5045378157662,28.098123857684 85.5045583052924,28.0981323876146 85.5046426893138,28.0981266624434 85.504656169869,28.0981002285428 85.5046875298443,28.0981354578468 85.5046873916662,28.0981454241687 85.5046850118582,28.0981819469269 85.5047018472171,28.0981837917781 85.5047587327055,28.0981345728105 85.5047835212368,28.0981032782608 85.5048134456292,28.0981069270957 85.5048718127237,28.098085966412 85.504906450523,28.0980198918043 85.5049237463802,28.0979885155502 85.504936858438,28.0979886584803 85.5049477749872,28.0980120357452 85.5049416259424,28.098050178729 85.5049579547269,28.0980885667334 85.5049766632305,28.0980904319687 85.5050252270604,28.0981009291521 85.5050534164538,28.0980945911939 85.5050893977608,28.0980667411942 85.505106509389,28.0980486533475 85.5051543742043,28.0979744163132</coordinates></LinearRing></outerBoundaryIs></Polygon></MultiGeometry>
  </Placemark>
  <Placemark>
	<Style><LineStyle><color>ff0000ff</color></LineStyle><PolyStyle><fill>0</fill></PolyStyle></Style>
      <MultiGeometry><Polygon><outerBoundaryIs><LinearRing><coordinates>85.5028935926615,28.1001011457557 85.5028558752832,28.1001190083642 85.5028220887487,28.1001236234455 85.5027770630931,28.1001281158223 85.5027453111704,28.1001211239719 85.5027268560492,28.100100986852 85.5026806029639,28.1000589493006 85.5026242920942,28.1000666410268 85.5026111106072,28.1000714810209 85.502601514044,28.1000879892783 85.5026087300232,28.1001080037044 85.5026475134157,28.1001482984232 85.502664118405,28.1001667540508 85.5026822275864,28.1002118069534 85.502723091789,28.1002371726387 85.5027603710636,28.1002508700514 85.5028089586629,28.100259706994 85.5028184860301,28.100248181877 85.5028318750734,28.100228392398 85.5028769007696,28.1002239000048 85.5029086527324,28.1002308918261 85.5029519666484,28.1002147515977 85.502999211389,28.100185363833 85.5030729112892,28.1001396517695 85.5031070667161,28.1001084597947 85.503140968514,28.1000955393825 85.5032127028921,28.1000564510025 85.5032525930759,28.100017015058 85.5032886215968,28.0999858434768 85.5033169268359,28.0999712006393 85.503341831482,28.0999316011297 85.5033684248785,28.0999053104736 85.5033857215032,28.0998739344507 85.5033880096102,28.0998440559511 85.503405605882,28.0997910862453 85.5034266949386,28.0997564289921 85.5034270637489,28.0997298521552 85.5034466253606,28.0996702586726 85.5034586942372,28.0996105834272 85.5034230116529,28.0996168392765 85.5033775021481,28.0996562139583 85.5033413354551,28.0996973518831 85.5032846559644,28.0997316207254 85.5032468235108,28.0997577887107 85.5032238612165,28.0997924254909 85.5031711354944,28.0998117856997 85.5031015280646,28.0998326229375 85.5030749807366,28.0998555914362 85.5030408945547,28.099881800251 85.5029901802865,28.0998912145209 85.5029792409414,28.0998694981673 85.5029571086262,28.0998443370289 85.5029046825997,28.0998421034577 85.502883731716,28.0998667943119 85.5028682620133,28.0999015128177 85.5028304294026,28.0999276806813 85.5028096399072,28.0999407441601 85.5027869080414,28.0999587703416 85.5027567526164,28.0999717315657 85.5027675996811,28.1000000921424 85.5027898703451,28.1000152869998 85.5028122332569,28.1000238376468 85.5028288613174,28.1000406322033 85.5028511089388,28.1000574881031 85.5028789991833,28.1000727442918 85.5028935926615,28.1001011457557</coordinates></LinearRing></outerBoundaryIs></Polygon></MultiGeometry>
  </Placemark>
  <Placemark>
	<Style><LineStyle><color>ff0000ff</color></LineStyle><PolyStyle><fill>0</fill></PolyStyle></Style>
      <MultiGeometry><Polygon><outerBoundaryIs><LinearRing><coordinates>85.5095232273329,28.0956695521387 85.5094845714572,28.0957555200566 85.5094619563393,28.0957652421429 85.5094468795918,28.0957717235315 85.5094130716769,28.0957780013606 85.5093718172024,28.0957808756399 85.50933065455,28.0957771056758 85.5092294144331,28.0957826505893 85.5091468136395,28.0957950432548 85.5090975615789,28.0958343792792 85.5090891048018,28.0959040622548 85.5090507699387,28.0959667752262 85.508971318224,28.0960223959948 85.5090360871127,28.0962158116774 85.5090700329456,28.0961995676031 85.5091950825258,28.0960979257967 85.5092709716036,28.0960289757196 85.5093125475645,28.096002846667 85.509354169417,28.0959733954855 85.5094147060796,28.0959308593894 85.5094639121679,28.0958948453646 85.509509142455,28.09587540119 85.5095581189624,28.0958559977078 85.5095882724675,28.0958430349049 85.5096140370849,28.0958765410111 85.509650948628,28.0959168134617 85.50971851862,28.0959075797963 85.5097941777489,28.0958552399905 85.5098246066082,28.0958223444373 85.5099151587738,28.0957768115941 85.5099680649715,28.0957441601929 85.5100660635877,28.0957020307543 85.5101494442997,28.0956331615426 85.51019860413,28.0956004693548 85.5102592320268,28.0955512886289 85.5103009910988,28.0955118707903 85.5104136531321,28.0954931586574 85.5105301531038,28.0954678428764 85.5105958572927,28.0953223612629 85.5106079216391,28.0952626851812 85.5106840385828,28.0951771236679 85.5107599260719,28.0951081726965 85.5107794368529,28.0950519000596 85.5108066693532,28.0949790981737 85.5107731828129,28.0949621215248 85.5106495579822,28.0949607792403 85.5104845413889,28.0949722778249 85.5103939442601,28.0950211332018 85.5102887292583,28.0950432488299 85.5101870310063,28.095082015651 85.5101866639331,28.095108592588 85.5101482841132,28.0951746280256 85.5100919991381,28.0951806618838 85.5099723038723,28.0951660712047 85.5098490460104,28.0951381512569 85.5098080212662,28.0951244150948 85.5097370727468,28.0951070311909 85.5097226845849,28.0950636808683 85.509701033514,28.0950036385564 85.5096640304476,28.0949700103581 85.5096421499232,28.0949265786201 85.5096049173927,28.0949095609889 85.5095298556161,28.0949187132085 85.5094772251453,28.0949314317581 85.5093941200385,28.0949803678763 85.5093114739672,28.0949960827826 85.5092811370261,28.0950223339972 85.5091979858494,28.0950745921055 85.5091154774337,28.095080340543 85.5091077095127,28.0951001917977 85.5091330146432,28.0951669191402 85.5091588707957,28.0951937810925 85.5091696043604,28.0952304465168 85.5092106749681,28.0952408607526 85.509315431233,28.0952519671255 85.5093715785447,28.0952558999367 85.509420049799,28.0952730397669 85.5095061668545,28.095277298208 85.5095358611546,28.0952975565699 85.5095239339299,28.0953472661861 85.5095161660613,28.0953671174653 85.5095078014163,28.0954301562512 85.5094843141465,28.0955029985461 85.509495093755,28.0955363418329 85.509517112048,28.0955698072455 85.5095239159174,28.0956197204009 85.5095232273329,28.0956695521387</coordinates></LinearRing></outerBoundaryIs></Polygon></MultiGeometry>
  </Placemark>
  <Placemark>
	<Style><LineStyle><color>ff0000ff</color></LineStyle><PolyStyle><fill>0</fill></PolyStyle></Style>
      <MultiGeometry><Polygon><outerBoundaryIs><LinearRing><coordinates>85.5227641960365,28.0967796809381 85.5227755714075,28.0967698355774 85.5228462959489,28.0968038235295 85.5228949977403,28.0968043480234 85.5229631134016,28.0967552421837 85.5229450188733,28.0967085305691 85.5229381177257,28.0966652621193 85.5229615508161,28.096595739331 85.5229474755587,28.0965291352455 85.5229254983063,28.0964923496922 85.5229224344448,28.0964424773134 85.5229157607916,28.0963825981835 85.5228863820171,28.0963390876654 85.5227550803804,28.096350964082 85.5227024050153,28.0963670098734 85.5226122668692,28.0963826521271 85.5225373413393,28.0963818450628 85.5224735181164,28.0963911254311 85.5223764335055,28.0963668211966 85.5223430811232,28.0963398808862 85.5223434907328,28.0963099816725 85.5222917256088,28.0962595846084 85.5222513358871,28.0961993422078 85.5222369880213,28.0961526708729 85.5222151931501,28.0961025966769 85.5222047736391,28.0960426771625 85.5221756683451,28.0959792336958 85.5221348691268,28.0959488904777 85.5221235848265,28.095952091518 85.522129620768,28.096058480558 85.5221439685762,28.0961051519024 85.5221208537185,28.0961514195976 85.5221196702297,28.0962377950969 85.5221417381899,28.096267936499 85.5221564501701,28.0962880307654 85.5221299531505,28.0963076810186 85.5221035471605,28.0963206869973 85.5220470344088,28.0963433364366 85.5219503141451,28.0962924548311 85.5219625089617,28.0962228111203 85.5219448701929,28.0961428780465 85.5218739187504,28.096125500325 85.5218321634898,28.0961649218367 85.5218201507103,28.096221276997 85.521730832142,28.0961771202589 85.5216748657861,28.0961599039379 85.5215848643039,28.0961655791162 85.5215173859565,28.096168174394 85.5214465256561,28.096144152186 85.5213795482785,28.0961102039276 85.5213309834627,28.0960997125072 85.5212747439502,28.096102428827 85.5212595767114,28.0961155558061 85.5212393423733,28.0962249842591 85.5212766684269,28.0962353545486 85.5213179229321,28.0962324766822 85.5213628326204,28.0962362834563 85.5214298100687,28.0962702317251 85.5214672272367,28.0962739576969 85.5214781017393,28.096300655915 85.5214812560079,28.0963438840344 85.5215296843379,28.0963643418068 85.5216161673867,28.0963420156233 85.5216458643725,28.0963622714575 85.5216565112606,28.0964055803321 85.5216518543114,28.096471982629 85.5216547354489,28.0965351435485 85.5216574344527,28.0966115930024 85.5217055897424,28.0966519835201 85.5217274755354,28.096695413521 85.5217634814089,28.0968021255647 85.5218228301661,28.0968459593062 85.5218637206754,28.0968696583551 85.5219230695113,28.0969134920557 85.5219748347555,28.0969638892598 85.5220418128518,28.0969978372506 85.5220714190529,28.0970247372689 85.5221611936487,28.0970356724694 85.5222247896896,28.0970430029346 85.5223667849486,28.0970711137554 85.5224835573839,28.0970258549739 85.5225212024033,28.0970129699952 85.5226011033177,28.096924119795 85.5226807310824,28.0968552023529 85.5227641960365,28.0967796809381</coordinates></LinearRing></outerBoundaryIs></Polygon></MultiGeometry>
  </Placemark>
  <Placemark>
	<Style><LineStyle><color>ff0000ff</color></LineStyle><PolyStyle><fill>0</fill></PolyStyle></Style>
      <MultiGeometry><Polygon><outerBoundaryIs><LinearRing><coordinates>85.5329497137761,28.1071293536436 85.5331066669983,28.1071609363895 85.5332266959921,28.1071522524489 85.5332983346495,28.1071197924215 85.5333660910191,28.1070972587209 85.5334411599308,28.1070880937118 85.5334938844005,28.1070687218099 85.5335768081093,28.1070330596914 85.5336631621421,28.1070206926111 85.5337384568903,28.1069949167025 85.5338629100023,28.1069364400545 85.5339569831298,28.1069075421666 85.5340551190706,28.1068554292348 85.5341115899844,28.1068360971395 85.5341607934027,28.1068000741823 85.5342210560938,28.1067774599428 85.5342664676289,28.1067447190438 85.534322893287,28.1067287090053 85.5344619259809,28.1067002913015 85.5345258448993,28.1066843612612 85.5346274561083,28.1066522208294 85.5346920070969,28.1065897806331 85.5347755621494,28.1065076076795 85.5348100946441,28.1064481692999 85.5348256229945,28.1064084636444 85.5348184005864,28.1063884506889 85.534667676921,28.1064499701505 85.5346261025839,28.1064761069337 85.5345737849851,28.1064655799571 85.5344950150861,28.1064713834184 85.534431457565,28.1064607362651 85.5344242803874,28.1064374011436 85.5344436006791,28.1063944134311 85.5344895087117,28.1063251288181 85.5345432260502,28.1062326692275 85.53455834807,28.1062228629386 85.5345880954089,28.1062397939875 85.5346371629374,28.1062137372853 85.5347016233453,28.1061579413676 85.5347844105314,28.1061322449187 85.5348719826466,28.1060301790243 85.5349335087622,28.1059145442754 85.5350253688541,28.1057726525053 85.5350975477247,28.1057003256842 85.535086578686,28.1056802727174 85.5350186429818,28.105716095917 85.5349196056808,28.105834652585 85.5348058525206,28.1059331161524 85.5347490210111,28.1059790257485 85.5346513828671,28.1059945955919 85.5345982527402,28.1060438673059 85.5345640815064,28.1060767284487 85.5344999823321,28.1061059471152 85.5344279834257,28.1061649849995 85.5343933605035,28.1062310675769 85.5343548102516,28.1063103986908 85.5342602409403,28.1063758405038 85.5342261598281,28.1064020572575 85.5340941238972,28.1064670984621 85.5339701231893,28.1064923538759 85.5339131103331,28.1065515516863 85.5338147938985,28.1066169531147 85.5336910188746,28.1066255975322 85.5336005570308,28.1066645017509 85.533480664163,28.1066632196015 85.5334084383812,28.1067388676426 85.5333252436896,28.1067944625445 85.5332120304513,28.1068530589305 85.5330957032485,28.1068651050966 85.5330462282458,28.1069210605312 85.5330119658588,28.1069605655461 85.5328837656303,28.1070190013175 85.5328012938279,28.1070214415554 85.5327371484287,28.1070539814998 85.5326088575169,28.1071190612936 85.5325786128813,28.1071386734143 85.5326568407387,28.1071727368176 85.5327316836808,28.1071801829269 85.5327765984942,28.107183986144 85.5328179022731,28.1071777828232 85.5329497137761,28.1071293536436</coordinates></LinearRing></outerBoundaryIs></Polygon></MultiGeometry>
  </Placemark>
  <Placemark>
	<Style><LineStyle><color>ff0000ff</color></LineStyle><PolyStyle><fill>0</fill></PolyStyle></Style>
      <MultiGeometry><Polygon><outerBoundaryIs><LinearRing><coordinates>85.5448419958463,28.1212493486162 85.5447854067992,28.1212769902728 85.5447721795021,28.1212851564365 85.5447438064429,28.121304791026 85.5447059981165,28.1213293093907 85.5446794088815,28.1213556081685 85.5446397942409,28.1213751233887 85.5446282385833,28.1213982591307 85.5446766378589,28.1214220313976 85.5447048090432,28.1214173465261 85.5447632493417,28.1213913858748 85.5447990494838,28.121376814074 85.5448271757851,28.121375451333 85.5448518016675,28.1213557769494 85.5448630656455,28.1213542352024 85.5448854590055,28.1213611181744 85.5449437197798,28.1213484460688 85.5449870142475,28.1213339537665 85.5450243739076,28.1213426568874 85.5450841269478,28.1213582429383 85.5451441940064,28.1213505738669 85.5451948258198,28.1213477885849 85.5452250275491,28.1213314959398 85.5452610967348,28.1212969910738 85.545291702112,28.1212507990004 85.5452938672414,28.1212292248625 85.5452922851924,28.1212076109595 85.5452962117783,28.1211943620964 85.5452588521436,28.1211856590505 85.5452100491406,28.1211917863997 85.5451598211078,28.1211646722788 85.5451693908987,28.121149821994 85.5451863653252,28.1211416955579 85.5452017352915,28.1211136162944 85.5451757517809,28.1210950660579 85.5451608752285,28.121086601593 85.5451197236136,28.1210811808992 85.5450709655116,28.1210839860437 85.5450560889695,28.1210755215677 85.5450357038216,28.1210586920408 85.5450225214303,28.121063536074 85.5450222522682,28.121083469014 85.5450199300771,28.1211166706944 85.5450233856581,28.1211383044848 85.545013838279,28.1211514936805 85.5449875183319,28.1211578595836 85.5449595266754,28.1211492558902 85.544920360796,28.1211355496319 85.5448755068691,28.1211267669331 85.5448606303377,28.1211183024363 85.5448344674229,28.1211130407628 85.5448154847893,28.1211311137346 85.5448019883091,28.12115921284 85.5448017639725,28.1211758236215 85.5448164834725,28.1211959156718 85.544819983881,28.1212142273094 85.5448309113454,28.1212376017367 85.5448419958463,28.1212493486162</coordinates></LinearRing></outerBoundaryIs></Polygon></MultiGeometry>
  </Placemark>
  <Placemark>
	<Style><LineStyle><color>ff0000ff</color></LineStyle><PolyStyle><fill>0</fill></PolyStyle></Style>
      <MultiGeometry><Polygon><outerBoundaryIs><LinearRing><coordinates>85.5433759334112,28.123935076937 85.5433889814783,28.1239401995387 85.5433905856165,28.1239601523661 85.5434034540245,28.1239785635779 85.5434239068094,28.1239904101224 85.5434387611491,28.1240005358588 85.5434930965839,28.1240011132269 85.5435310184167,28.1239682898687 85.5435820781239,28.1239339447764 85.5436238594463,28.1238928558224 85.5436637221958,28.1238550691012 85.5437016663785,28.1238205846146 85.5437131327043,28.1238040932825 85.5437208293095,28.1237892232149 85.5437549588303,28.1237596821306 85.5438020690423,28.1237402468297 85.5438285243934,28.1237239147218 85.5438512998269,28.1237025595705 85.5438139843698,28.1236905339521 85.5437839389256,28.1236951987106 85.5437537812181,28.1237081688462 85.5437067159184,28.1237242819774 85.543670712765,28.1237538031434 85.5436440103902,28.1237884070628 85.5436079398345,28.1238229114405 85.5435571945646,28.1238340014732 85.5435179156429,28.1238286001723 85.543506763671,28.1238218364151 85.5435052717928,28.1237935782052 85.5435131705291,28.1237637584612 85.5434833496187,28.123751812387 85.5434380680667,28.1237745896385 85.5434099411334,28.1237759520699 85.543368721236,28.1237755140467 85.5433236866994,28.1237800194184 85.5432789441345,28.123762930782 85.5432530277348,28.1237393969472 85.5432137713273,28.1237323344845 85.5431781948035,28.1237302950658 85.5431573153283,28.1237500089369 85.5431158259003,28.1237695037534 85.543066841931,28.1237889188987 85.5430254198631,28.123803430458 85.5430361225334,28.1238434157771 85.5430924887495,28.1238323856824 85.5431228487236,28.1238044660104 85.5431791250674,28.1238000801841 85.5432313621592,28.1238172485025 85.5432762844155,28.1238210485438 85.543313577391,28.1238347353843 85.5433340750564,28.1238432597882 85.5433357914777,28.123854907234 85.5432999453975,28.123872800762 85.5432809620081,28.1238908734864 85.5432919342957,28.1239109258726 85.5433349380422,28.1239180281374 85.5433480759398,28.1239165064372 85.5433593402031,28.1239149648251 85.5433759334112,28.123935076937</coordinates></LinearRing></outerBoundaryIs></Polygon></MultiGeometry>
  </Placemark>
  <Placemark>
	<Style><LineStyle><color>ff0000ff</color></LineStyle><PolyStyle><fill>0</fill></PolyStyle></Style>
      <MultiGeometry><Polygon><outerBoundaryIs><LinearRing><coordinates>85.5613779270033,28.1232812435262 85.5615221420849,28.1231465285406 85.5616241611171,28.1230844688264 85.5616731417278,28.1230650469099 85.5618212364551,28.1229204043593 85.5619615702159,28.1227956160929 85.562094187454,28.1226873599585 85.5621474027493,28.1226314331775 85.5621703739588,28.12259512502 85.5622682901997,28.1225596029332 85.5622840771669,28.1224999608793 85.5622995538029,28.1224635740922 85.5623225692534,28.1224239437237 85.5623040546651,28.1224071363099 85.5622327683051,28.1224130339243 85.5622066705736,28.1224027922533 85.5622033666586,28.1223695311362 85.5621887766779,28.1223394742868 85.5620951399003,28.1223351694579 85.5620758272971,28.1223781612752 85.5620712819803,28.1224379212269 85.5620146742108,28.1224672312247 85.5619845188602,28.1224802054687 85.5619245628738,28.1224795764894 85.561916536269,28.1225193640349 85.5619271572327,28.1225659925026 85.5619639646402,28.1226162183308 85.5619861377815,28.1226397094617 85.5619254722302,28.1226922353717 85.5618545847697,28.1226682331555 85.5618247841071,28.1226546299164 85.5617914135832,28.1226276986329 85.5617308809929,28.1226702579122 85.5617151380417,28.1227265777083 85.5616808361767,28.1227694121861 85.5616166005546,28.12280860991 85.5615636510242,28.1228446033894 85.5615366661674,28.1229008051917 85.5614647584588,28.1229532129121 85.5613672408565,28.1229588347819 85.5613224067632,28.1229483963008 85.5612924286482,28.1229480816649 85.5612731599715,28.1229877511698 85.5612499665578,28.1230406700585 85.5611633801093,28.1230696650292 85.5611517833692,28.1230961244633 85.5611962182139,28.1231364626167 85.5611847545718,28.1231529555151 85.5610718927415,28.1231849972683 85.5610381229213,28.1231879654172 85.5610198746424,28.1231512247591 85.5610316489037,28.123111476621 85.5610134006388,28.1230747359622 85.5609561710373,28.1231505560049 85.5609444411171,28.1231869819561 85.5609245510288,28.1232731619105 85.5609014905038,28.1233161141927 85.5608636627294,28.1233422982079 85.5608478748379,28.1234019400575 85.5608249917635,28.1234316036088 85.56077953623,28.1234676754474 85.5607191802973,28.1234969455282 85.5606735915539,28.1235429838646 85.5606360299469,28.1235492347405 85.5606362518651,28.1235326238483 85.5606554321132,28.1234995988052 85.5606785371593,28.1234533243921 85.5606264302975,28.1234261960917 85.5606229049368,28.1234095458505 85.5607736393173,28.1233479983248 85.5608575882185,28.1232359097993 85.5608502268007,28.123225864578 85.5607034618147,28.1232708406502 85.5606203116369,28.1233231298608 85.5605825281802,28.1233459916173 85.5605297112103,28.1233720181368 85.5604694884352,28.1233913215726 85.5604133236503,28.1233874090885 85.5603870483123,28.1233904557826 85.5603564929905,28.1234333292528 85.560344452087,28.1234930103889 85.560426315216,28.1235370645232 85.5604710162849,28.1235574698369 85.5604892644353,28.1235942105616 85.5605409718587,28.1236512385195 85.5605707282299,28.1236681642184 85.5607133027126,28.1236563707515 85.5607433253975,28.1236533633428 85.560765587226,28.1236702103087 85.5607766515735,28.1236836170582 85.5608593138199,28.1236678717287 85.5609161000284,28.1236252735328 85.5609950149263,28.1236094887778 85.561058851916,28.1236001909869 85.5611231769517,28.1235543491953 85.5611875462997,28.1235051851921 85.5612291213413,28.1234790404196 85.5612670378092,28.1234462119436 85.5612896989523,28.1234331592114 85.5613779270033,28.1232812435262</coordinates></LinearRing></outerBoundaryIs></Polygon></MultiGeometry>
  </Placemark>
  <Placemark>
	<Style><LineStyle><color>ff0000ff</color></LineStyle><PolyStyle><fill>0</fill></PolyStyle></Style>
      <MultiGeometry><Polygon><outerBoundaryIs><LinearRing><coordinates>85.5603988135975,28.1232111565474 85.5604462759421,28.1231651379761 85.560465323012,28.1231420794927 85.5604431723101,28.1231169270367 85.5604230506151,28.1230801666301 85.5604121195403,28.1230567933198 85.5603954787911,28.1230400053336 85.560371077171,28.1230430717053 85.5603296352832,28.1230592496829 85.5602997459368,28.1230522904724 85.5602832383871,28.1230255359388 85.5602646352427,28.1230153726151 85.5602475061824,28.1230351285714 85.5602472176168,28.1230567227291 85.5602508095021,28.1230683897111 85.5602371391296,28.1231097791815 85.5602330810944,28.1231329950688 85.5602460189564,28.1231464215373 85.560247737209,28.1231580688398 85.5602531361402,28.1231747387681 85.5603056645177,28.1231703065113 85.560328303514,28.1231589150288 85.5603582150877,28.123164213145 85.5603748780446,28.1231793400468 85.5603727602581,28.1231975923493 85.5603724717157,28.1232191865077 85.5603760858147,28.1232291923977 85.5603816845282,28.1232309125196 85.5603988135975,28.1232111565474</coordinates></LinearRing></outerBoundaryIs></Polygon></MultiGeometry>
  </Placemark>
  <Placemark>
	<Style><LineStyle><color>ff0000ff</color></LineStyle><PolyStyle><fill>0</fill></PolyStyle></Style>
      <MultiGeometry><Polygon><outerBoundaryIs><LinearRing><coordinates>85.5597814484841,28.1224338180185 85.5598434248574,28.122283288842 85.5598264956733,28.1222880949488 85.5598057082314,28.1223011671284 85.5597530470421,28.1223155657422 85.5597174038546,28.1223185138892 85.5597004968651,28.1223216588911 85.5596275811315,28.1223092634843 85.5596186349537,28.1222776043607 85.5595946554188,28.1222491099134 85.5595328482131,28.1222467991164 85.5594974715431,28.1222298141424 85.5594750103333,28.1222279167836 85.5594634132855,28.122254376066 85.5594668051842,28.1222809928637 85.559472115121,28.1223043071733 85.5594678348734,28.1223441339222 85.5594634879956,28.1223889439366 85.5594592743668,28.1224237874186 85.5594510691904,28.1224768634955 85.5594695389093,28.1224969934558 85.5594879864264,28.1225187845024 85.5594931631261,28.1225520653428 85.559492585704,28.1225952536468 85.5594830843289,28.1226051217315 85.5594529952878,28.1226131121398 85.5594509439891,28.1226263811585 85.5594467969714,28.1226562413728 85.559436829187,28.1227009923134 85.5594357853373,28.1227790634745 85.5594548103354,28.1227576662243 85.5594911199344,28.1227048854942 85.5595161877436,28.122651986619 85.5595424851252,28.1226472789971 85.5595479505473,28.1226589656834 85.5595496020955,28.1226755962584 85.5595319177634,28.1227368793387 85.5595294001001,28.1227850312191 85.5595555198517,28.1227936123048 85.5595745004146,28.1227755372146 85.5595898669595,28.1227474562134 85.5596362108151,28.1226449412214 85.5596858355097,28.1225773484463 85.5597814484841,28.1224338180185</coordinates></LinearRing></outerBoundaryIs></Polygon></MultiGeometry>
  </Placemark>
  <Placemark>
	<Style><LineStyle><color>ff0000ff</color></LineStyle><PolyStyle><fill>0</fill></PolyStyle></Style>
      <MultiGeometry><Polygon><outerBoundaryIs><LinearRing><coordinates>85.5587927024429,28.1257460688976 85.5588403666092,28.1256851011793 85.5588501572034,28.1256536390196 85.5588578296817,28.1256404291204 85.5588730413071,28.1256239758449 85.5588526086335,28.1256104704471 85.5588207561341,28.1256101355434 85.5588194380011,28.1255685886581 85.5588555044837,28.1255340801256 85.5588729008601,28.125494391325 85.5588695312659,28.1254661134389 85.5588528237481,28.1254543085287 85.5588097514744,28.1254521943369 85.5587836755984,28.1254402909158 85.5587953843001,28.1254055262846 85.5587957176289,28.1253806099733 85.5587567482912,28.1253519577686 85.5587043743725,28.1253447617771 85.5586669453865,28.1253410455602 85.5586388625368,28.1253390889346 85.5586200591477,28.1253438751677 85.5585953680422,28.1253685353358 85.5585781938405,28.1253916132262 85.5585404314564,28.1254128132829 85.5585061496868,28.1254539857843 85.5584796737634,28.1254719818758 85.5584417335125,28.1255064706005 85.5583854343709,28.1255125237709 85.5583574181709,28.1255055838249 85.5583352897461,28.1254787699497 85.5583319647522,28.1254471698814 85.5583604255088,28.1254208880902 85.5583957585539,28.1254411955565 85.5584049268677,28.125456243871 85.5584576342225,28.1254385236707 85.5584748306843,28.1254137847096 85.5585031580396,28.1253974694102 85.5585748910018,28.1253583520736 85.5585506443964,28.125349790488 85.5585113861968,28.1253427323503 85.5584698987012,28.1253622318916 85.5584247972125,28.1253717254855 85.5584007062131,28.1253515362636 85.5583729567939,28.1253246632766 85.5583336986175,28.1253176050888 85.5582983433948,28.1252989586951 85.5582969587733,28.1252623950719 85.5582992992613,28.1252275319503 85.5582901087511,28.1252141447166 85.5582500503348,28.1252668856408 85.5582346385963,28.1252982886296 85.5582078292058,28.1253412009739 85.5581981718455,28.1253626965613 85.5582128944478,28.1253827872748 85.5582124498296,28.1254160090146 85.5582100648446,28.1254541943066 85.5582037768915,28.1255039677895 85.5582277122695,28.1255357846542 85.5582463378633,28.1255442871728 85.5582721913983,28.1255728015647 85.5582792859586,28.125602779962 85.5582749828531,28.125644267721 85.5582877429092,28.1256709830675 85.5583271345861,28.1256680747508 85.5583609496882,28.1256617851284 85.558364007948,28.1257133182399 85.5583582535408,28.1257232256417 85.5584632684212,28.1257176848355 85.5584991350248,28.1256981261878 85.5585481395833,28.125677044373 85.5585684611003,28.125698855251 85.5585531382891,28.1257236139262 85.558563935842,28.1257569538941 85.5585315276448,28.1257981461001 85.5585104281835,28.1258344732655 85.5585157158239,28.1258594486864 85.5585590994138,28.1258383077564 85.5586006315326,28.1258154860212 85.5586737050464,28.1258162544411 85.5586810886456,28.1258246386874 85.5586864429976,28.1258446308416 85.5587165107782,28.125838301728 85.5587488522504,28.1258020927381 85.5587697738448,28.1257790542312 85.5587927024429,28.1257460688976</coordinates></LinearRing></outerBoundaryIs></Polygon></MultiGeometry>
  </Placemark>
  <Placemark>
	<Style><LineStyle><color>ff0000ff</color></LineStyle><PolyStyle><fill>0</fill></PolyStyle></Style>
      <MultiGeometry><Polygon><outerBoundaryIs><LinearRing><coordinates>85.5473385235109,28.1294079709377 85.5472629917041,28.1294503645518 85.5472629693006,28.1294520256298 85.5472607819171,28.1294752608603 85.5472510099798,28.1295050609583 85.5471995453694,28.1295693067378 85.5471750075665,28.129582337155 85.5471352558132,28.1296118194449 85.5470841047725,28.1296528100867 85.5470181654593,28.129678692094 85.5469784584448,28.1297048521798 85.5469443053997,28.1297360550825 85.5468444594256,28.1297748680416 85.5467747276829,28.1298040323478 85.5466786963079,28.1298379016843 85.5466580851694,28.1298376831225 85.546707429954,28.1297916895491 85.5467000694727,28.1297816436094 85.5466831609971,28.1297847869442 85.546660519238,28.1297961760563 85.5466264333155,28.1298223956426 85.5465941538738,28.1298536183222 85.5465411736067,28.129891266723 85.5464997271552,28.1299074403272 85.5464148708066,28.1299464119325 85.5463488863285,28.1299756157583 85.5463146657629,28.1300118017243 85.5462917548905,28.130043123697 85.5461541869067,28.1300998104829 85.5461126730552,28.1301209671952 85.5459979037583,28.130154637263 85.5459131815939,28.1301836420815 85.5458583271876,28.1302212703217 85.545803786718,28.1302356434647 85.5457229689313,28.130253060387 85.5457206690519,28.1302846009604 85.5457013708738,28.1303259290491 85.5456038462846,28.130331539416 85.545546119004,28.1303043457723 85.545542752834,28.1302760677023 85.5455113477688,28.1302425081256 85.5454663105711,28.1302470140998 85.5454418397119,28.1302550609624 85.5453927409511,28.1302827822089 85.5453641860817,28.1303157054284 85.5453172077992,28.1303251746937 85.5452964395374,28.1303365834579 85.5452285807896,28.1303657668339 85.5451478301383,28.130378200181 85.5450897215136,28.130379244643 85.5450543222487,28.1303639170211 85.5450075009968,28.1303617586458 85.5450108670272,28.1303900367235 85.5450161965639,28.1304116903891 85.5450290884145,28.1304284403946 85.5450511919446,28.1304569173907 85.545060403622,28.1304686443817 85.5451032530452,28.1304873737198 85.5451351965421,28.1304810675596 85.545189625032,28.1304750000721 85.5452272570776,28.130463770331 85.5452781175367,28.1304443744192 85.5453269920579,28.1304332639812 85.5453495892168,28.1304251972534 85.5453795692007,28.1304255154526 85.5454003374719,28.1304141066763 85.545430474482,28.1304027973297 85.545437902179,28.1304078601047 85.5454695764514,28.1304214867817 85.5454938678936,28.1304267285269 85.5455424059237,28.1304405341576 85.5455555894618,28.1304356901228 85.5455987978474,28.130427842085 85.5456346458079,28.1304099480394 85.5456572205121,28.1304035423363 85.5456947627754,28.1303989567702 85.5457230484328,28.1303859663984 85.5457551040081,28.130371354708 85.5457982675021,28.130366828759 85.5458431926102,28.1303706280606 85.5458728810498,28.1303925401485 85.5459329531382,28.130384870927 85.5459780576542,28.1303753815706 85.5460174287995,28.1303741379478 85.5460475208937,28.1303661506162 85.5460909534469,28.1303416916521 85.5461569382181,28.130312487963 85.5462154728065,28.130279882584 85.5462984333243,28.1302425523189 85.5463851188606,28.1302069228252 85.5464941323753,28.1301831592788 85.5465411777568,28.1301687063719 85.5465733452381,28.1301457890967 85.5466208388745,28.130098114615 85.5466491915893,28.1300801408123 85.5466737071545,28.1300687715742 85.546718766658,28.1300626041209 85.5467601234933,28.1300530747616 85.5467883641171,28.1300434063159 85.5468184112466,28.1300387409641 85.5468673302692,28.1300243078082 85.5469106728691,28.1300064928812 85.5469614656087,28.1299920795566 85.5469822336379,28.1299806705305 85.5469955066931,28.1299691820418 85.5470639025171,28.1299001318971 85.5471377178211,28.1298460910028 85.5471869279829,28.1298100637161 85.5472283518986,28.1297955509764 85.5472809062221,28.1297894627787 85.5473223077154,28.1297766110877 85.5474147481862,28.1297310740263 85.5474297828977,28.1297279107413 85.5474787465063,28.1297101552021 85.5475221560845,28.1296873568381 85.5475578243035,28.1296827508913 85.5476013682458,28.1296499860322 85.5476433295963,28.1295956072857 85.5476836411392,28.1295245978867 85.5477064843102,28.1294982588945 85.547749848964,28.1294787826094 85.5478120629201,28.129451199453 85.5478424009789,28.1294249398494 85.54785781634,28.1293935381823 85.5478886918217,28.1293274126846 85.5479175591735,28.129271233797 85.5479254123876,28.1292447359482 85.5479050476788,28.1292262457148 85.5478918643863,28.1292310899859 85.5478656545559,28.1292291509751 85.5478789274245,28.1292176623926 85.5479129232854,28.1291980867879 85.5479526075005,28.1291735874926 85.5479321084422,28.1291650637345 85.5478945666778,28.1291696499341 85.5478589210341,28.1291725948973 85.5478307703062,28.1291756192631 85.5477837927027,28.1291850894023 85.5477179210223,28.1292059885299 85.5476765869839,28.1292138571164 85.5476315502753,28.1292183638224 85.5475919555676,28.1292362187082 85.5475638272166,28.12923758194 85.5475354748741,28.1292555559481 85.5474979106666,28.1292618031153 85.547465766045,28.1292830595494 85.5474411835377,28.1292994121747 85.5474186539622,28.129302496029 85.5474203036839,28.1293191266687 85.5474106214109,28.1293422824686 85.5474140104571,28.1293688994356 85.5474082100505,28.1293821284839 85.547393108183,28.1293902750027 85.5473385235109,28.1294079709377</coordinates></LinearRing></outerBoundaryIs></Polygon></MultiGeometry>
  </Placemark>
  <Placemark>
	<Style><LineStyle><color>ff0000ff</color></LineStyle><PolyStyle><fill>0</fill></PolyStyle></Style>
      <MultiGeometry><Polygon><outerBoundaryIs><LinearRing><coordinates>85.539851842638,28.1014747980293 85.5399196391684,28.1014489387285 85.5399987650664,28.1014165547276 85.5400476941986,28.1014004624161 85.5401191921441,28.1013779650542 85.5401901054235,28.1013986557216 85.5402196275536,28.1014321963387 85.5402720333267,28.1014360767789 85.5403474126381,28.1014036526959 85.5404266283152,28.1013646241231 85.5404757821833,28.101331920858 85.5405328336298,28.1012693978763 85.5405859586965,28.1012201236391 85.5406088871348,28.1011871412456 85.540605365456,28.1011704905797 85.5405604527393,28.1011666900079 85.5405082718907,28.1011461988842 85.5404260293635,28.1011320330884 85.5403545766066,28.1011512084602 85.5402944531809,28.1011638591023 85.5402572133057,28.1011468495454 85.5402537366524,28.1011268767133 85.5402842480459,28.101087329811 85.5403150292225,28.1010278499444 85.5403753773984,28.1009985884926 85.5404244411807,28.1009725295578 85.5404400565356,28.1009261788091 85.5404442526344,28.1008929970838 85.5404294016732,28.1008828711196 85.5403279324102,28.1009050496685 85.5402531380506,28.1008942856841 85.5401932396155,28.1008903254906 85.5401560897946,28.1008666715913 85.5400695164003,28.1008956537808 85.5399789266313,28.1009445289836 85.5398698743408,28.1009732717373 85.5397831658393,28.1010122202154 85.5397452513252,28.1010450429028 85.5396699620796,28.1010708223421 85.5396363338442,28.1010638189889 85.5396556060392,28.1010241525535 85.5396300556045,28.1009740409253 85.5396190861442,28.1009539882941 85.5396082516556,28.1009239691869 85.53950321572,28.1009328185903 85.5394053127332,28.1009683249767 85.5393379663758,28.1009609624518 85.5392101365976,28.100992827323 85.5391538946257,28.1009955508952 85.5390789653347,28.1009947527453 85.5390378892466,28.1009843472728 85.5390345028384,28.1009577301028 85.5390723725217,28.1009282297761 85.5391512282418,28.1009157792035 85.5391893228896,28.1008696680536 85.5392199695878,28.100820154925 85.5392730949991,28.1007708812076 85.5393370997505,28.100748304436 85.5394274196548,28.10071936261 85.5394990072401,28.1006902212406 85.5395367417322,28.1006706872515 85.5395596253682,28.1006410271971 85.5396689473098,28.1005923517274 85.5397143995663,28.1005562866765 85.5397333117566,28.1005431974931 85.5397677495425,28.1004904019581 85.5398094102939,28.1004576191422 85.5398469647267,28.1004513736978 85.539955566712,28.1004558525323 85.5400229128121,28.100463214744 85.5400756778967,28.1004405179674 85.5401209050949,28.1004210635705 85.540191817754,28.1004417542162 85.540255237546,28.1004623650749 85.5403868578367,28.1004272169041 85.5404623712824,28.1003848262458 85.540500510149,28.1003353925401 85.5405611725926,28.1002828758665 85.5406588947825,28.1002606572549 85.5407194672013,28.1002147848271 85.5407912788847,28.1001690319527 85.5408852994411,28.1001434511524 85.540923213293,28.1001106281206 85.540942484836,28.1000709614749 85.5410030570296,28.100025088912 85.54107856996,28.0999826978923 85.5411279476943,28.0999333835504 85.5411887893642,28.0998675779313 85.541237807499,28.0998448408359 85.5413019461285,28.0998122966237 85.5413470829887,28.0997994861255 85.5414368624407,28.0998104088616 85.5415573770964,28.0997651735061 85.5416291881366,28.0997194201654 85.5417235225765,28.0996705836317 85.5417687042534,28.0996544508282 85.5418179018516,28.0996184248673 85.541859471825,28.0995922857133 85.5419534916534,28.09956670415 85.5420328850594,28.0995143859161 85.5420855594634,28.0994983326551 85.5421459512282,28.0994657482048 85.542164952757,28.0994460143399 85.5421502365424,28.0994259220728 85.5420716067371,28.0994217636128 85.5419327199042,28.0994402230026 85.541820507123,28.09942573945 85.5417762239424,28.0993754290279 85.5416341298069,28.0993539823364 85.5415262027032,28.0992996724394 85.5414184554322,28.0992320738134 85.5414638166784,28.0992026524563 85.5415501188019,28.0991936022873 85.5416847198927,28.0992149693879 85.5417406464768,28.0992354998764 85.5417660627788,28.0992955776321 85.5418402723004,28.0993495288702 85.5418847800828,28.0993832284598 85.5419259457135,28.099386988744 85.5420431624028,28.0993084914772 85.542091955564,28.0993023648727 85.5421254936264,28.0993160119366 85.542177449407,28.0993531132434 85.5422898417896,28.0993543078504 85.542327934553,28.0993081957473 85.5423768624054,28.0992921025509 85.542504060791,28.099306744898 85.5425710921462,28.0993373609838 85.5426161837805,28.0993278722175 85.5426692620427,28.0992819192518 85.5427416558705,28.0991929771654 85.5427946891247,28.0991503463098 85.5429343833761,28.0990720870705 85.5429836252114,28.0990327384996 85.5430291206094,28.0989933501114 85.5431048564433,28.09893434709 85.5431509800231,28.0988484483527 85.5431741315352,28.0987988546473 85.543197776645,28.0987127171242 85.5432094645624,28.0986796148547 85.5432248988621,28.0986465523761 85.5431358830323,28.0985791540376 85.5431328546641,28.0985259596064 85.5430999449828,28.0984658024852 85.5431231861799,28.0984095644539 85.543157531865,28.0983634122936 85.5431994151507,28.0983140175436 85.5431555356117,28.0982338080673 85.5430101001668,28.0981824235673 85.5429885644043,28.0981124193204 85.5429336255214,28.0980188017265 85.5428966106705,28.0979851820805 85.5428523275309,28.0979348719991 85.5428492095386,28.0978883218921 85.5428952879487,28.0978057453838 85.5428922148209,28.0977558731116 85.5429983245848,28.0976672890218 85.5430851190259,28.0976216940174 85.5431756597479,28.0975761387473 85.5432062587777,28.0975299467665 85.5430077919394,28.0975211933533 85.5428308606906,28.0975824439262 85.5427035744941,28.0975744462824 85.5425913186182,28.0975632855902 85.5424823152824,28.0975887084253 85.5423586407765,28.0975907167656 85.5422679650192,28.0976462379746 85.5421622588444,28.097704922004 85.5420195380745,28.0977299860767 85.5419022782272,28.0978118055678 85.5418184210475,28.0979172385643 85.5417426403665,28.0979795630469 85.5416508858729,28.0981148157289 85.5415785817857,28.098197112921 85.5414843384587,28.098239305086 85.5413981269573,28.0982417109185 85.5413007212687,28.0982406750021 85.5411909980173,28.0983192513642 85.5410596501959,28.0983344674529 85.5410110371987,28.0983273050581 85.5408940006802,28.0983925128191 85.5407351245539,28.0985037922784 85.5407079109707,28.0985766008018 85.5406506363577,28.0986557347427 85.5406423793829,28.0987121317549 85.5404937076636,28.0988999401884 85.5403695371193,28.0989384904425 85.5402903682121,28.0989741969014 85.540165792801,28.0990426464064 85.5400526363254,28.0990979267907 85.5399251687702,28.0991032151493 85.5398046542513,28.0991484490765 85.5396879310219,28.0991904006239 85.5395454327564,28.0991988512248 85.5395049871398,28.0991419356859 85.5396637754716,28.0990373020637 85.539750662315,28.0989850649541 85.5398185922101,28.0989492391573 85.5399090453987,28.0989103304659 85.5398799288141,28.0988468903613 85.539703803453,28.0988483378667 85.5395915016989,28.0988404968419 85.5394328935634,28.0989318417551 85.5393353973494,28.0989374487379 85.5391577868856,28.0990485267743 85.5390515826887,28.0991437520223 85.5389982779985,28.0992063143249 85.538932608859,28.0993518108283 85.5390397695436,28.0994625994103 85.5390650043509,28.0995359662434 85.5390375643403,28.0996253851636 85.5390145907836,28.0996616894542 85.5389307293394,28.0997671204971 85.538892499969,28.0998231980665 85.5388201926378,28.0999054936621 85.5387438236676,28.1000110044012 85.5387988948027,28.1000946570764 85.5388579825224,28.1001584166992 85.5389320560609,28.1002223359456 85.5389636586286,28.1003788365597 85.5389627584664,28.1004452797137 85.5389652896909,28.1005350178816 85.5389907947087,28.100588451779 85.5389380743511,28.1006078259688 85.5388307326433,28.1005103259162 85.5387635666809,28.1004896744914 85.5387300287253,28.1004760266097 85.5387002822401,28.100459096481 85.5387079551948,28.100445887688 85.5388625046734,28.100377758929 85.5388665661931,28.1003545437395 85.5387473102615,28.1003067562517 85.5386419147477,28.1003421822744 85.5385855380539,28.1003548720974 85.5385028912335,28.1003706045923 85.5384429031411,28.1003732879611 85.538349107017,28.1003822562724 85.5382177563974,28.1003974695248 85.5380710596914,28.1004391001606 85.5380177537741,28.1005016620251 85.5380808578885,28.1005455289693 85.5381030663627,28.1005657015168 85.5381251847766,28.1005925183736 85.5381092532501,28.1006621239195 85.53809778872,28.1006786148968 85.5379956887151,28.1007473018955 85.537912275822,28.1008195106706 85.5379713633758,28.1008832706643 85.5379709580196,28.1009131700682 85.5378501253992,28.1009816572497 85.537737551356,28.1009937475642 85.5376486273578,28.1009197014305 85.5375929260303,28.100882558497 85.5375937369507,28.1008227596989 85.5377255386204,28.1007743255112 85.5378494418833,28.1007557107118 85.5379332601282,28.1006536025696 85.5379449949193,28.1006171786704 85.5377913904979,28.1006155410855 85.5376259160468,28.1006602936645 85.5375585700441,28.1006529302771 85.5374909987826,28.1006621776339 85.5374012642053,28.1006479301485 85.5371689392799,28.1006487749657 85.5370787991669,28.1006644266646 85.5370142982882,28.1007235460676 85.5368790203796,28.1007520066673 85.5367920856911,28.1008075639927 85.5366083742033,28.100815571766 85.5365706842497,28.100831782773 85.5365020307791,28.1009207613269 85.5364978785563,28.1009506207321 85.5365449595058,28.1010707379872 85.5365520917625,28.101097395173 85.5365516860092,28.101127294557 85.5364126610229,28.1011557146935 85.5363493769188,28.1011251356113 85.5363078501718,28.1011479508633 85.5361993830641,28.1011335026597 85.53609551931,28.1010559734525 85.5360171142184,28.1010352007201 85.5359379875196,28.1010675823904 85.5358432434465,28.1011463141639 85.5357527418958,28.1011885421876 85.5356134008682,28.1012402165692 85.5355008263906,28.1012523050271 85.535398814502,28.1013143456998 85.5352861496849,28.1013330782811 85.5352401993064,28.1014056854606 85.5351908634001,28.1014516753937 85.5350969307818,28.1014706078878 85.5350479107012,28.1014933427061 85.5350395151301,28.1015597056939 85.5351019867553,28.1016500840992 85.5351015805906,28.1016799834613 85.5350368975116,28.101752390467 85.5350139672846,28.1017853718574 85.5349873808235,28.1018116689198 85.5349718984087,28.1018480524956 85.5350431719306,28.101842168589 85.5351897813321,28.1018071856197 85.5352385759039,28.1018010615135 85.5353068699967,28.1017386608766 85.5353702443765,28.1017625961365 85.5354440912179,28.1018431279753 85.5355267846523,28.1018240752348 85.5356408484573,28.1017023557594 85.5356938856698,28.1016597278172 85.5357531527405,28.1017102001182 85.5358359813466,28.1016811807278 85.5358853170986,28.1016351905577 85.5359908951089,28.1015864781312 85.5360965181251,28.1015344434666 85.5362010136603,28.1015654625428 85.536237756947,28.1016190168656 85.5363578247182,28.101607007782 85.5364489576378,28.1015182692178 85.5365214482007,28.1014226863858 85.5366759102124,28.1013612045131 85.5367474989072,28.101332064627 85.5368793015518,28.101283631294 85.536920693022,28.1012707823295 85.5370068167742,28.1012750237168 85.5370332223463,28.101262014855 85.5371490925366,28.1012831866402 85.5372198699206,28.1013138452843 85.5372989513931,28.1012847850225 85.5374271424572,28.1012263447286 85.5376289112256,28.1012683679557 85.53768456771,28.1013088330358 85.5377633337392,28.1013030275895 85.538053028201,28.1012164048297 85.5381847401081,28.1011746145259 85.538252806995,28.1011288231185 85.538294513471,28.1010927186361 85.5383392909558,28.1011064864153 85.538395668071,28.1010937967107 85.5385233631062,28.1010718990831 85.5386090816284,28.1011060388717 85.5386980964991,28.1011734400973 85.5387539784386,28.1011972939722 85.5388589246414,28.1011950894693 85.5389121854372,28.1011358494357 85.5389498751779,28.1011196377765 85.5390322074742,28.1011271601352 85.5390574876186,28.1011972048095 85.5391162610345,28.101284219442 85.5391233039352,28.1013175208326 85.5391751695534,28.1013612675791 85.5392310967047,28.1013817991089 85.5392456776061,28.1014118581463 85.5392605285206,28.1014219842365 85.5393020547938,28.1013991680715 85.5393471925336,28.1013863582684 85.5393772993536,28.1013767110052 85.5394373779924,28.1013673829322 85.5394708263291,28.1013876749689 85.539511002754,28.1014645234788 85.5395408396294,28.1014748091283 85.5396345466693,28.1014724843513 85.5396795944299,28.1014663187551 85.539851842638,28.1014747980293</coordinates></LinearRing></outerBoundaryIs></Polygon></MultiGeometry>
  </Placemark>
  <Placemark>
	<Style><LineStyle><color>ff0000ff</color></LineStyle><PolyStyle><fill>0</fill></PolyStyle></Style>
      <MultiGeometry><Polygon><outerBoundaryIs><LinearRing><coordinates>85.5406877276689,28.103390889008 85.5406600630468,28.1034969190117 85.5406411504277,28.1035100083023 85.5405693363911,28.1035557609906 85.5404748181122,28.1036178851899 85.5404138838566,28.1036903346783 85.5403455913082,28.1037527379065 85.5402322499568,28.1038213068523 85.5400822524392,28.103829678016 85.5399921999417,28.1038386872241 85.5399727023979,28.1038949644644 85.5399796557304,28.1039349101301 85.5399067164917,28.1040637163818 85.5398399080201,28.1040164881458 85.5398558840251,28.1039435602511 85.5397972886052,28.1038432572625 85.5397636145138,28.1038395760677 85.5396367262592,28.1038016759016 85.539535299082,28.1038205315887 85.5394556312649,28.1038927811207 85.5393512224561,28.1038551201022 85.5393146568883,28.1037882779177 85.5391874088107,28.1037769545953 85.539112162517,28.1037994114854 85.5391040392503,28.1038458418503 85.5390060884409,28.1038846699889 85.5389126043897,28.1038703834766 85.5388152837645,28.1038627012937 85.5387958756491,28.1039123340317 85.5388174996754,28.1039756945098 85.538793354524,28.1040983747513 85.5387853211334,28.1041381607781 85.5387318335962,28.1042140114566 85.5387344546119,28.1042971052662 85.5387335091379,28.1043668705309 85.5387508913773,28.1044667348046 85.5388736282994,28.1045344952863 85.5389665277098,28.1045919698692 85.5390035434547,28.104625590584 85.5390701268408,28.1046894300029 85.5392199455507,28.1046943486194 85.5392647246422,28.10470811615 85.5392937522647,28.1047782006908 85.5392696974423,28.104894236704 85.5392943934247,28.1050074693639 85.5393499174152,28.1050579003106 85.5395325111349,28.1051329430392 85.5397266599092,28.1051848501271 85.539867906404,28.1052694200292 85.5400180858749,28.1052477605497 85.5401799099504,28.1051963211411 85.5402361541132,28.1051935972309 85.5403075196505,28.1051810663478 85.5404539073496,28.1051626886599 85.5405068995461,28.1051233810267 85.5405936111857,28.1050844322277 85.540695578977,28.1050257099024 85.5407861719615,28.1049768343705 85.5409069624826,28.1049116668962 85.5410603035243,28.1049332341726 85.5412484877419,28.1048721060011 85.5412115610813,28.1048318415464 85.541125793801,28.1048010254196 85.5411303944434,28.1047379442599 85.5411193793989,28.1047212138933 85.5409404867967,28.1046495352797 85.5409024364183,28.1046923247111 85.5408272347478,28.1047114603707 85.5407862020269,28.1046977332097 85.5407691325851,28.1045746140167 85.5406713165342,28.104603476864 85.5405841106874,28.1046789694689 85.540490625692,28.1046646840006 85.5403900073141,28.1046237414525 85.5404135661825,28.1045442489273 85.5404560378291,28.1044516671423 85.5405239710378,28.1044158411441 85.5406432322897,28.1044636272589 85.5407208765122,28.104540874154 85.5407991053186,28.1045749329494 85.5408620780585,28.1046287651956 85.5408922755915,28.1046124733159 85.5409423299536,28.1045133267765 85.5409922493607,28.1044241466903 85.5410581439382,28.1042620385214 85.5410622501251,28.1042355011084 85.5409799152653,28.1042279798778 85.5408256760815,28.1042728557197 85.5407547608,28.104252165314 85.5406874122779,28.1042448033751 85.5405941974296,28.1042105850403 85.5406473689463,28.1041579886946 85.5407191833651,28.1041122359831 85.5408354171244,28.1041068275173 85.540891121245,28.104143969221 85.5409808592807,28.1041582145417 85.5410523589111,28.1041357167632 85.5411579372794,28.1040870003791 85.5411814055584,28.1040141520088 85.5412385479927,28.1039449844762 85.5413375317847,28.1038297450453 85.5413311172488,28.1037499335143 85.5412868775668,28.1036963007472 85.5413144966972,28.1035935927585 85.5412934105566,28.1034903667029 85.5412750822666,28.1034602680084 85.5412874454833,28.1033773335709 85.5413104640856,28.1033377067598 85.541374919398,28.1032819074875 85.5414469576095,28.1032195435557 85.5414812606869,28.103176714091 85.5415647181253,28.1031011809871 85.541734345853,28.1030265641427 85.5418253859237,28.1029444662229 85.5418943509531,28.1028322297862 85.5419968549221,28.1027336404357 85.5421184506565,28.1026086728491 85.5420814345625,28.1025750529553 85.5419495425694,28.1026301356311 85.5417950814293,28.1026916234788 85.5417237176899,28.1027041552089 85.5417366195709,28.1025813547768 85.5418024668631,28.1024225682848 85.5419729917303,28.1022815078681 85.5420493593402,28.102175995306 85.5419982108131,28.1020790950113 85.5420141850204,28.1020061667797 85.5420263677851,28.101936520877 85.5419858749479,28.1018829281659 85.5419944459674,28.1018032759502 85.5420180927833,28.101717138727 85.5420309941587,28.1015943382332 85.5419638717609,28.1015703661694 85.5418662384374,28.1015859413498 85.5417269893715,28.1016309777099 85.5416850591451,28.1016836940746 85.5416502624431,28.1017630673916 85.5416151961127,28.1018623736625 85.5415688003455,28.1019682047175 85.5415528258463,28.1020411328865 85.5416233355025,28.1020917222846 85.5416634688021,28.1021718923843 85.5416399563761,28.1022480630441 85.5415827702118,28.1023205529645 85.5415034194019,28.102369548671 85.5414273656785,28.1024518057785 85.5413553729288,28.1025108475654 85.5412801279264,28.1025333056995 85.5412237053908,28.1025493187322 85.5411402032237,28.1026281738013 85.5410605373571,28.1027004243515 85.5409733333742,28.1027759172922 85.5408788160201,28.1028380418112 85.5408134616212,28.1029602840385 85.5408278633421,28.1030036315624 85.5408420402977,28.1030635898809 85.5408187968101,28.1031198274064 85.5407656259101,28.1031724238486 85.5407013951635,28.1032116120313 85.540693227673,28.1032613646804 85.540695805254,28.1033477806783 85.5406877276689,28.103390889008</coordinates></LinearRing></outerBoundaryIs></Polygon></MultiGeometry>
  </Placemark>
  <Placemark>
	<Style><LineStyle><color>ff0000ff</color></LineStyle><PolyStyle><fill>0</fill></PolyStyle></Style>
      <MultiGeometry><Polygon><outerBoundaryIs><LinearRing><coordinates>85.5434267317395,28.1006256675165 85.543477836079,28.1007258894846 85.543466058251,28.1007656360906 85.5434619528252,28.1007921736157 85.5434615489925,28.1008220730932 85.5434573538218,28.1008552549462 85.5434458003246,28.1008783907283 85.5434305900967,28.1008948423915 85.5433887058548,28.1009442371606 85.5433395081285,28.1009802636754 85.5433315664397,28.1010134057299 85.5433497603109,28.1010534706574 85.5433604163709,28.1010967781635 85.5433559967836,28.1011465708297 85.5433555929155,28.1011764703044 85.5433625473824,28.1012164158542 85.5433655310024,28.1012729324309 85.5433576790445,28.1012994301575 85.5433349309005,28.1013191243858 85.5432854188426,28.1013784060178 85.5432621770151,28.1014346440322 85.5432165459886,28.1014839989393 85.5431900961703,28.1015003311809 85.5431484359799,28.1015331150426 85.5430506232839,28.1015619797271 85.5429870676001,28.1015513366097 85.5428896588538,28.10155030171 85.5428888957342,28.1016067784803 85.5428881775019,28.1016599330871 85.542842187081,28.1017358651607 85.5427741216394,28.1017816589013 85.5426912946225,28.10181068255 85.5426830383891,28.1018670796909 85.5426864257203,28.1018936968021 85.54265907778,28.1019764721826 85.5426131319545,28.1020490820025 85.5425710672756,28.102111765132 85.5425594685437,28.1021382229854 85.5425400624752,28.1021878563417 85.542509596457,28.1022240815971 85.5424716373898,28.10226022721 85.5424413060413,28.1022864859624 85.5424146313831,28.1023194288504 85.5423614616456,28.1023720259614 85.5423346971253,28.1024116131552 85.542307483495,28.1024844219595 85.5422692548053,28.1025405004786 85.5422198763226,28.1025898151882 85.5422004250962,28.1026427706458 85.5421886914724,28.1026791949445 85.54217307657,28.1027255458995 85.5421458627427,28.1027983546614 85.5421115151333,28.1028445064702 85.5419911319416,28.10287977569 85.5418855102048,28.1029318149432 85.5418209205884,28.102997580958 85.541820291638,28.1030440912074 85.54182715577,28.1030906811291 85.5418074346972,28.1031635694802 85.5418403000269,28.1032270490592 85.5418929313733,28.1032143181103 85.5420060015597,28.1031656806876 85.5420213470916,28.1031392627251 85.5421013270943,28.1030437564816 85.5421728706826,28.1030179359176 85.5422335788308,28.1029620963886 85.5422714035001,28.1029359173416 85.5423393351691,28.1029000903778 85.5423741766865,28.1028173947319 85.5424047776457,28.1027712030326 85.5424430063543,28.1027151244779 85.5425449709009,28.1026564006358 85.5425902435416,28.1026336232866 85.5426811030509,28.1025648134058 85.5428583569316,28.1024803082412 85.542994129499,28.1024152979811 85.5430512250239,28.1023494517649 85.5431048432666,28.1022636327439 85.5431471770021,28.1021810164644 85.5431856295168,28.1021083268601 85.5432204252304,28.1020289531192 85.5432547721018,28.1019828009998 85.5432967017068,28.1019300841328 85.5433885025375,28.1017915083029 85.5434307909841,28.1017122140789 85.5434649581733,28.1016793505526 85.5435073811281,28.1015900898084 85.543527055855,28.1015205233067 85.5435764332491,28.1014712080782 85.543630185212,28.1013754223167 85.5436681435803,28.1013392763523 85.5437324170296,28.1012967645229 85.5437595396491,28.1012305997052 85.5438091859635,28.1011613513949 85.5438772954438,28.1011122349407 85.5439002677342,28.101075929793 85.5438942102207,28.1009695409681 85.5439221849194,28.1008402549768 85.5439383818901,28.1007507156282 85.543946951343,28.1006710632204 85.5439742530737,28.1005916096835 85.5440204215991,28.1005023885092 85.5440216326144,28.1004126900495 85.5439850651575,28.1003458490135 85.5439071522528,28.1002885369373 85.5438293740052,28.1002212583244 85.5437818365549,28.1001343649158 85.543700267194,28.1000703686214 85.5435959052515,28.1000293887333 85.5435554122831,28.0999757964689 85.5434556045642,28.0998750573004 85.5432946874512,28.0998600576842 85.543223280863,28.0998759124409 85.5431964275608,28.0999221441803 85.5431203769,28.1000044023684 85.5430523575796,28.1000468741397 85.5429431273717,28.1000889080613 85.542894199227,28.1001050014476 85.542782165151,28.1000772299984 85.5427078648662,28.1000299235662 85.5425695609753,28.1000051954516 85.5424720189455,28.1000141267969 85.5423779988281,28.1000397087041 85.5423436522504,28.1000858606257 85.5423280378424,28.1001322116318 85.5422333888939,28.100204303712 85.5421837420645,28.1002735514397 85.5421114817555,28.1003525266863 85.541964831332,28.1003908393849 85.5418305431536,28.1003462173719 85.5417597200452,28.1003188832403 85.5416924637232,28.1003048775568 85.5415691455395,28.1002803077737 85.5413479705639,28.1002879235442 85.5412389641968,28.1003133452669 85.5410812539962,28.1003382488208 85.5409833520246,28.1003737563767 85.5409000761923,28.1004360005775 85.5407799650955,28.1004513358692 85.5406905448395,28.1004138354044 85.5405818079633,28.1004193236328 85.5405212803301,28.100461873832 85.5404644091752,28.1005111081924 85.5404825569253,28.10055449562 85.5405270647418,28.1005881956474 85.5405597037931,28.1006682862984 85.5406038520151,28.1007285635828 85.5406936321378,28.1007394868303 85.5407393089018,28.100686810629 85.5408038977022,28.1006210450751 85.5408497541624,28.1005550801906 85.5409627769856,28.1005097656837 85.5410749008528,28.1005308942955 85.5411271714106,28.1005447408766 85.5412206529644,28.1005590257884 85.541306911256,28.1005532979768 85.5414084249507,28.100527796521 85.541487055517,28.10053195539 85.5416022970038,28.1005996336783 85.5417139718759,28.1006539833918 85.5418306061705,28.1006186744819 85.5419327037426,28.1005499845299 85.5420154401285,28.1005276056301 85.5421099098646,28.1004688023692 85.5421781094445,28.1004130424419 85.5422199041901,28.1003702923771 85.5422877893122,28.1003377875286 85.5423513442018,28.1003484309426 85.5423849275218,28.1003587557916 85.5424523635855,28.1003594724883 85.5426134608587,28.100361184463 85.5426842393384,28.1003918403258 85.5428030932614,28.100469523928 85.5429005459149,28.1004672366893 85.5430128048441,28.1004783972381 85.5430722992779,28.1005122556691 85.5431282268144,28.100532785623 85.5432630543307,28.1005375404246 85.543322952747,28.1005414992741 85.5433898953606,28.10057875932 85.5434267317395,28.1006256675165</coordinates></LinearRing></outerBoundaryIs></Polygon></MultiGeometry>
  </Placemark>
  <Placemark>
	<Style><LineStyle><color>ff0000ff</color></LineStyle><PolyStyle><fill>0</fill></PolyStyle></Style>
      <MultiGeometry><Polygon><outerBoundaryIs><LinearRing><coordinates>85.5415689991416,28.1044468948251 85.5416726904511,28.1045377087577 85.541676302246,28.1045477150791 85.5416871376344,28.1045777340427 85.5417356636256,28.1045915406184 85.5417809821859,28.1045654414196 85.5418187626124,28.1045425846885 85.5418455278838,28.1045029976342 85.5418681871352,28.1044899480173 85.5419247004663,28.104467290438 85.5419550774977,28.1044377096755 85.5420679692881,28.1044023608984 85.5420908530888,28.1043727004406 85.5420875107759,28.1043427611661 85.5420582118921,28.1042926101114 85.5420211503433,28.1042623123488 85.5420067929141,28.1042156427733 85.542030036055,28.1041594050407 85.5420871331242,28.1040935592989 85.5421143024413,28.1040240727363 85.5422053880282,28.1039386524357 85.5422886210346,28.1038797297069 85.5422929514614,28.1038365814389 85.5423016572138,28.1037469627402 85.5423102282148,28.1036673105225 85.5423447556605,28.1036078700312 85.5423867312757,28.1035518313338 85.5423685373911,28.1035117662902 85.5422938757126,28.1034910368641 85.5422112718145,28.1035034493566 85.5420910226581,28.1035287521518 85.5420228209873,28.1035845119357 85.5420069363421,28.1036507958222 85.5420100090975,28.1037006680637 85.5419906923065,28.1037436569902 85.5419374767116,28.1037995760526 85.5418843059857,28.1038521729315 85.5418726170303,28.1038852750276 85.5418566423891,28.1039582032093 85.5418151605351,28.1039776979629 85.5417294386618,28.103943560069 85.5416890800621,28.1038800007824 85.5415996566744,28.1038425008102 85.5415095143731,28.103858155339 85.5414488952147,28.103907350188 85.5414671337492,28.1039440931814 85.5415191813182,28.103974550469 85.5416014261711,28.1039887156899 85.5416123962895,28.1040087681793 85.5416046335414,28.1040286214519 85.541555254052,28.1040779358748 85.5415207709539,28.1041340539817 85.5415237536143,28.1041905705422 85.5415347237367,28.1042106230374 85.5415259274202,28.1043068859755 85.541510222093,28.104359881144 85.541520832734,28.104406510917 85.5415392511152,28.104429965264 85.5415689991416,28.1044468948251</coordinates></LinearRing></outerBoundaryIs></Polygon></MultiGeometry>
  </Placemark>
  <Placemark>
	<Style><LineStyle><color>ff0000ff</color></LineStyle><PolyStyle><fill>0</fill></PolyStyle></Style>
      <MultiGeometry><Polygon><outerBoundaryIs><LinearRing><coordinates>85.5377953612464,28.105572954822 85.5379032924602,28.105627267773 85.5379218904273,28.1056374339659 85.5379328600004,28.1056574867257 85.5379584556862,28.1057042764955 85.538025624677,28.1057249284157 85.5380632260852,28.1057153613836 85.5381346822568,28.1056961873472 85.5382322747032,28.1056839371472 85.538262833226,28.1056410686424 85.5382449108248,28.1055810701828 85.5382420650032,28.1055145871627 85.5382319511483,28.1054314134965 85.5382228732302,28.105271830282 85.5383147735461,28.1051266139572 85.538323302603,28.1050502842734 85.5383167551662,28.1049804391597 85.5383325522231,28.1049208001148 85.5383256895311,28.1048742100825 85.5382701661301,28.1048237787412 85.5381765913106,28.1048161360108 85.5380868081461,28.1048052110035 85.5379900723693,28.1047543402021 85.537980274078,28.104647911439 85.537946960199,28.1046176525581 85.5378648506046,28.104593518684 85.5378017442918,28.1045496515797 85.5377081697579,28.1045420085395 85.5376068317242,28.1045542184516 85.5374985862927,28.1045231603796 85.537383028019,28.1044787336924 85.5372935156423,28.1044478752588 85.5371664473754,28.1044232614279 85.5371093922869,28.1044857828449 85.5371389142264,28.1045193241065 85.5371985891445,28.1045398964694 85.53723953116,28.1045602689913 85.5373402383048,28.1045945694983 85.5374340381617,28.1045856020233 85.5374972795207,28.1046195028314 85.5375041418417,28.1046660928928 85.5375109140457,28.1047193272607 85.5375216130912,28.1047593129703 85.5375433716856,28.1048127071597 85.5375425606015,28.1048725059217 85.5375490624714,28.1049456732077 85.5375777285416,28.1050423352972 85.5375769174687,28.1051021340581 85.5375758810942,28.1051785435851 85.5375930370515,28.1052950187253 85.5376370501655,28.1053652633946 85.5377037683157,28.1054191369971 85.537733200577,28.1054593224497 85.5377585708571,28.1055227230203 85.5377953612464,28.105572954822</coordinates></LinearRing></outerBoundaryIs></Polygon></MultiGeometry>
  </Placemark>
  <Placemark>
	<Style><LineStyle><color>ff0000ff</color></LineStyle><PolyStyle><fill>0</fill></PolyStyle></Style>
      <MultiGeometry><Polygon><outerBoundaryIs><LinearRing><coordinates>85.5367436162114,28.1129379777721 85.5366084580717,28.1129564710325 85.5365971723392,28.1129596732055 85.5365412398383,28.1129391404278 85.5364213398352,28.1129378605878 85.5363617958438,28.1129073212985 85.5362496603247,28.1128861884199 85.5361443418198,28.1129149676716 85.5360619557211,28.1129107654076 85.5359866572664,28.1129365424364 85.5359521231563,28.1129959810041 85.5359704514203,28.1130260803749 85.5360035415917,28.1130729505129 85.5360142407536,28.1131129363032 85.5360435840874,28.1131597664246 85.5360880052227,28.1132001122711 85.5361358574399,28.11326375314 85.5361424939439,28.1133269539476 85.5361531931785,28.1133669397285 85.5362081783473,28.1134572377621 85.5362747652193,28.1135210786021 85.5363000460697,28.1135911237042 85.5363181038389,28.1136411559175 85.5363813500003,28.1136750573836 85.536433355497,28.1137088388303 85.5364658596367,28.1137988967851 85.53652874507,28.113859375368 85.5365654022082,28.1139195739689 85.5366134805453,28.1139666039491 85.5366582630594,28.1139803724453 85.536714196116,28.1140009051933 85.5367513044248,28.114027882271 85.5367877813391,28.114101369409 85.5368534218655,28.114234975095 85.5369882208284,28.1142430588396 85.5371125906947,28.1141912238457 85.5372292411719,28.1141559195244 85.5372901386686,28.1140867940097 85.5373805154904,28.1140545318784 85.537423038917,28.1139586292471 85.5373372656941,28.1139278105577 85.5371389048755,28.113909081108 85.5370004946836,28.1138909910997 85.5369111100294,28.1138501657234 85.5368368483656,28.1137995337934 85.5368638884699,28.1137400150298 85.5369764308647,28.1137312481066 85.5371184073912,28.1137626667044 85.5372713091267,28.113817460123 85.537282865444,28.1137943250053 85.5372387592135,28.1137307244826 85.537183367241,28.113670326166 85.5370755187377,28.1136093681238 85.5370869848902,28.1135928773197 85.5371699577257,28.1135538910557 85.5372565421429,28.1135249111601 85.5373132865998,28.1134856449805 85.5373702564247,28.1134297680305 85.5374827984729,28.1134210006775 85.5375876664201,28.1134254418982 85.5376849504472,28.1134364474126 85.5377710839514,28.1134406886787 85.537917257916,28.1134389249073 85.5380077241413,28.1134000180321 85.5380488498508,28.1134071018189 85.5381646431105,28.1134349175077 85.5383185811869,28.1134133003045 85.5383718936791,28.1133507386701 85.5384367170721,28.1132683639347 85.5384639363511,28.1131955562098 85.5384646120648,28.1131457239481 85.5384348622222,28.1131287936624 85.5383035860951,28.1131373620858 85.5382170472994,28.1131630205163 85.5381117289737,28.1131918012881 85.5380060951625,28.1132438370272 85.5379651047075,28.1132267867799 85.5380144451083,28.1131807960828 85.5380453664668,28.1131113505535 85.5380685236638,28.1130617580131 85.5380736673853,28.1129588113064 85.5379874891825,28.1129578923943 85.5379458679531,28.1129873522465 85.5378814499632,28.1130398273956 85.5377982974975,28.1130921027169 85.537748461285,28.1131746369818 85.5377030479497,28.1132073789425 85.5376656692297,28.1132003350185 85.537624904217,28.1131666739243 85.5376405227777,28.1131203236858 85.5376716697129,28.1130342675003 85.5377173534034,28.1129815926482 85.5378495757481,28.1129032596312 85.5379960193548,28.1128815628472 85.53807849568,28.1128791196501 85.5381723027432,28.1128701519488 85.538269361086,28.1128977677857 85.5383294012162,28.1128917626087 85.5383925575275,28.1129323074591 85.5384594607665,28.112972892223 85.5384897511285,28.1129499566913 85.5384716473909,28.1129032468766 85.5384612176076,28.1128433283379 85.5384319183258,28.1127931765449 85.5383501178197,28.1127457876955 85.5382533299079,28.1126982390154 85.5382460614354,28.1126815483692 85.5382390632865,28.1126449248186 85.5382210498121,28.1125915706734 85.5382708403275,28.1125123583571 85.5383351226583,28.1124698494548 85.5383543975633,28.1124301833607 85.5383171091608,28.1124164953203 85.5382871342808,28.1124161757637 85.5380884155399,28.1124240249875 85.5379982656016,28.1124396769001 85.5379078452594,28.1124752616541 85.5378248735187,28.1125142484119 85.5377906560172,28.112550432439 85.537737568961,28.1125963831067 85.5377186092871,28.112612794054 85.5377067377109,28.1126591842699 85.537657352362,28.1127084970135 85.537578397669,28.112727590675 85.5375444504674,28.1127438417362 85.5374616587052,28.1127695396619 85.5374089771171,28.1127855908469 85.5373715084041,28.1127851911472 85.5372926437774,28.1127976403414 85.5372284059421,28.1128368265809 85.5371982957019,28.1128464732292 85.5370933381689,28.1128486760297 85.5369955587355,28.1128742137529 85.536909245357,28.1128832606117 85.5368343529779,28.112879138778 85.5367436162114,28.1129379777721</coordinates></LinearRing></outerBoundaryIs></Polygon></MultiGeometry>
  </Placemark>
  <Placemark>
	<Style><LineStyle><color>ff0000ff</color></LineStyle><PolyStyle><fill>0</fill></PolyStyle></Style>
      <MultiGeometry><Polygon><outerBoundaryIs><LinearRing><coordinates>85.5354513967853,28.1139940670376 85.5354899041234,28.1139180579203 85.5355168998522,28.1138618615986 85.5355326548407,28.1138055452043 85.5355444823551,28.1137624773702 85.5355449788801,28.1137259337625 85.5355415930886,28.1136993165715 85.5355349117873,28.1136394378967 85.5355058845358,28.1135693526498 85.535453969694,28.1135289265717 85.5354244459622,28.1134953849168 85.5353985788548,28.1134685275735 85.5353276587826,28.113447834199 85.5352454077747,28.1134336649927 85.535148530434,28.1133927584446 85.5350962546008,28.1133789094039 85.5350250637287,28.1133781487504 85.5349498550339,28.1133972808954 85.5348224608303,28.1133959195632 85.5347891452879,28.1133656598839 85.5347819676435,28.1133423247837 85.5347637299933,28.1133055809754 85.5347152463061,28.1132884496898 85.5346890632803,28.1132848472362 85.5346773258183,28.1133212706984 85.5347138010755,28.1133947583335 85.5347386292419,28.1134980251364 85.5347973149932,28.1135916858808 85.5348453472294,28.1136420385941 85.5348899035638,28.1136724183811 85.534907915523,28.1137257729008 85.5349297195581,28.1137758453116 85.5349786099041,28.1137630772221 85.5350310665221,28.1137636377319 85.5351205857905,28.1137944978688 85.5351802201827,28.1138183934075 85.5352325413871,28.1138289202782 85.5352998953667,28.1138362850982 85.5353222865014,28.1138431695586 85.5353445873491,28.1138566983071 85.535362464129,28.1139200192126 85.5353770003167,28.1139534007773 85.5353879701791,28.1139734537313 85.535406524152,28.1139869424444 85.5354251684152,28.1139937868635 85.5354513967853,28.1139940670376</coordinates></LinearRing></outerBoundaryIs></Polygon></MultiGeometry>
  </Placemark>
  <Placemark>
	<Style><LineStyle><color>ff0000ff</color></LineStyle><PolyStyle><fill>0</fill></PolyStyle></Style>
      <MultiGeometry><Polygon><outerBoundaryIs><LinearRing><coordinates>85.5341973476739,28.1147216113412 85.5342571419828,28.1145959907904 85.5342750874668,28.1145164395971 85.5342303502555,28.1144993481826 85.5341873735667,28.1144905821432 85.5341574433482,28.1144869395186 85.5341125028407,28.1144847977132 85.5340565023052,28.1144692471295 85.5340267302521,28.1144539769743 85.5339855818745,28.1144485530484 85.5339699389472,28.1144965638671 85.5339862352585,28.1145382709548 85.5340301590791,28.114615161031 85.5340984380186,28.1146923115024 85.5341094528914,28.1147090424069 85.534146651117,28.1147293758845 85.5341522489254,28.1147310970479 85.5341973476739,28.1147216113412</coordinates></LinearRing></outerBoundaryIs></Polygon></MultiGeometry>
  </Placemark>
  <Placemark>
	<Style><LineStyle><color>ff0000ff</color></LineStyle><PolyStyle><fill>0</fill></PolyStyle></Style>
      <MultiGeometry><Polygon><outerBoundaryIs><LinearRing><coordinates>85.5411712370664,28.1122425506586 85.5411920246368,28.1122294812988 85.5412316813734,28.1122066447922 85.5412694646651,28.1121837883418 85.5413224151961,28.112147802706 85.5413845754839,28.1121235442432 85.5414432361362,28.1120809740362 85.5414680626907,28.1120463504776 85.5414909034229,28.1120200123748 85.5415230438439,28.1119987571418 85.5415532883522,28.1119791430512 85.5415742556245,28.1119527850054 85.5415765560681,28.1119212444507 85.5415824010861,28.1119046934522 85.5416070702347,28.1118816974105 85.5416277453146,28.1118769333696 85.5416915765487,28.1118676443874 85.5417277109262,28.1118281570947 85.5417544107516,28.1117935534024 85.5417922612039,28.1117657135624 85.5418357993117,28.1117329502473 85.5418978244342,28.1117186580067 85.5419316808244,28.1117090501415 85.5419304140664,28.1116641811046 85.5419177270405,28.1116324811603 85.5418732368413,28.1115971203714 85.5418135346198,28.1115782109624 85.5417724093012,28.1115711283203 85.5417212652072,28.1116121173086 85.5417040448787,28.1116385152327 85.5416587457182,28.1116629531898 85.5416134015899,28.1116907132873 85.5415867017476,28.1117253169519 85.541522421085,28.1117678274482 85.5414990859502,28.1118307092748 85.5414762452623,28.1118570473812 85.5413706367693,28.1119074247552 85.5412803752444,28.1119313842505 85.5412241275631,28.1119341084558 85.5412626301009,28.1118580975143 85.5413064156664,28.1118070625192 85.5413255544971,28.1117773624252 85.5413092781486,28.1117339950252 85.5412567549326,28.1117384201871 85.5412052284048,28.1118076472937 85.5411557550813,28.1118636056891 85.5410990577952,28.1118995513976 85.5410406669113,28.1119221885257 85.5409804025797,28.1119448056926 85.5409294378918,28.1119725057454 85.540876757152,28.111988558299 85.5408038509956,28.1119761532009 85.540753988132,28.111922460394 85.5407375545848,28.1118907204765 85.5406966091394,28.1118703488911 85.5406461841548,28.1118581829815 85.5405977000733,28.1118410537624 85.5405718994775,28.1118092141239 85.5405462338391,28.1117674080172 85.5404978847621,28.1117403123013 85.5404138507686,28.1117194819658 85.5403690461488,28.1117073757866 85.5403167253692,28.1116968508933 85.5402683988791,28.1116680940224 85.5402480387179,28.1116496027786 85.5402279485055,28.1116111786072 85.5401888991804,28.1115891657453 85.5401420412544,28.1115903281649 85.5401046853961,28.1115816238425 85.5400712563581,28.1115596707896 85.5400755431297,28.1115198448372 85.5401359873619,28.1114839394487 85.5401532080386,28.1114575417344 85.5401368647217,28.1114191574439 85.5400901418524,28.1114103533864 85.540024572363,28.1114096552184 85.5399864966197,28.1114541053285 85.5399839707406,28.1115022566108 85.5399965446824,28.1115422620974 85.54004823541,28.1115992972638 85.5400870372373,28.1116395820114 85.5401013496671,28.1116895738988 85.5401249617174,28.1117446487509 85.5401377157097,28.1117713656105 85.5401748466748,28.1117966806961 85.5402081408325,28.1118286001887 85.5402905263864,28.1118327999362 85.5403503184219,28.1118450656948 85.5403687602282,28.1118668591354 85.5404040853379,28.1118871709868 85.5404825216809,28.111906280429 85.5405155910552,28.1119548106231 85.540531574728,28.112019772109 85.5405370150767,28.1120331205512 85.5405513502517,28.1120814513215 85.5405767685683,28.1121415292775 85.5405461415024,28.1121893814558 85.540515469426,28.1122405557802 85.5404909799016,28.1122502629955 85.5404743889445,28.1122301505887 85.5404370103432,28.1122231074254 85.5403822535458,28.1122540895315 85.5403519412755,28.1122786865831 85.5402846327904,28.1122680021137 85.5402268939264,28.1122424676493 85.5401432195585,28.1121950599065 85.5401139871309,28.1121399252151 85.5400752751137,28.1120929961635 85.5400738291491,28.1120614157555 85.5400651819604,28.1120081615566 85.5400336487253,28.1119845673623 85.5400126585819,28.1120125862348 85.5400120061147,28.1120607574624 85.5400117361278,28.112080690384 85.5399298454073,28.1120399467739 85.5398888325686,28.1120245581815 85.5398385876301,28.1119991033621 85.5398427845068,28.1119659217302 85.5398584469292,28.1119162490353 85.5398270037738,28.1118860104889 85.5397841625915,28.1118672797631 85.53974931017,28.1118120851465 85.5396351215279,28.1118042237129 85.5395878359125,28.1118369463939 85.5395404377387,28.1118779744399 85.5394900129013,28.1118658081097 85.5394999426732,28.1118243809759 85.5395173886229,28.1117813725857 85.5394820187115,28.1117643826661 85.5394013716358,28.111770168851 85.5393281957234,28.1117776958962 85.5392817879174,28.1117456364914 85.5392689891238,28.1117222417129 85.5392466656715,28.1117103746732 85.5391998752312,28.1117065535395 85.5391944575763,28.1116915439741 85.5392137095071,28.111653538814 85.5391992624316,28.1116135133071 85.5391544129873,28.1116047288901 85.5390791611445,28.1116271855321 85.5390438363838,28.111606873351 85.5390404722789,28.1115785951324 85.5390245345933,28.1115103113523 85.5389500032654,28.1114796134878 85.5388901891036,28.1114690082075 85.5388529685014,28.1114503370926 85.5387592753024,28.1114509999299 85.5386956017594,28.111448660015 85.5386520853827,28.1114797612266 85.5386290414228,28.1115210485199 85.5386417274552,28.1115527487323 85.5386733728438,28.1115680378525 85.5386935975964,28.1115964957753 85.5387663680955,28.1116188684336 85.5388301092921,28.1116162250913 85.5388636056283,28.1116331952098 85.538880151157,28.1116566299507 85.5389416136882,28.1116838659631 85.5389941819586,28.1116761195385 85.5390351269858,28.1116964916181 85.5390382209284,28.1117447027505 85.5390454894692,28.1117613933591 85.5390768423098,28.1117982763804 85.5390893033756,28.1118465873181 85.5390772523789,28.1119062662923 85.5390656291214,28.111934384818 85.5390725149522,28.1119793137196 85.539162124094,28.1120035269078 85.5392029116974,28.1120355264757 85.5392320535801,28.1120973056486 85.539259862322,28.1121191990274 85.5393519527991,28.1120985829963 85.5394159643759,28.1120760064757 85.5394720996056,28.1120815883989 85.5395284373996,28.1120722206113 85.5395866936206,28.1120595506018 85.5396108681035,28.1120730986203 85.5396466882267,28.1120568669799 85.5396599372268,28.1120470401958 85.5397158699278,28.1120675717083 85.5397382835201,28.1120727943692 85.5397872176004,28.1120567023578 85.5398282304352,28.1120720909805 85.5398425652931,28.1121204218129 85.5398531533089,28.1121687127421 85.5398940311909,28.1121940678069 85.5399389034502,28.1122011909159 85.5399407543777,28.1122028719424 85.5399440287311,28.1122377944529 85.5399494015156,28.1122561261459 85.539967460808,28.1123061579431 85.5400214752779,28.1123299915413 85.5400830509882,28.1123489216806 85.5401049022151,28.1123956712042 85.5400950851005,28.1124287930013 85.540044209961,28.1124498483989 85.5400045078983,28.1124760067018 85.5399964291803,28.1125191148992 85.5399399336792,28.1125401104078 85.5398850640762,28.1125793976854 85.5398677306348,28.1126141007354 85.5398521131037,28.1126604512697 85.5397800224321,28.1127261361622 85.5397326239211,28.1127671642575 85.5396961959481,28.112828244973 85.5396188448417,28.1128672926893 85.5395906982456,28.1128703155201 85.5395576515437,28.112820124038 85.5395507429658,28.1127768562328 85.5395079690107,28.1127531421827 85.5394722386634,28.1127627294709 85.5394234392676,28.1127688548973 85.5393955177843,28.112755266927 85.539358139087,28.1127482234659 85.5392674487547,28.1128037420354 85.5392459855078,28.112866643371 85.5391929213954,28.1129109335417 85.5391323409659,28.1129568049209 85.5391223208749,28.1130048763159 85.539195385072,28.1130056547936 85.5392521060667,28.1129680488477 85.5393122137337,28.1129570600115 85.5393289621446,28.1129655450204 85.5393492773595,28.1129873585528 85.5393920963865,28.1130077505016 85.5393937672438,28.1130227201444 85.5393839948657,28.1130525197251 85.5393893675878,28.1130708514359 85.5393928893784,28.1130875021126 85.5393905882563,28.1131190426005 85.5393618338217,28.1131669144353 85.53938948529,28.1132004353283 85.5394042477529,28.1132172057518 85.5394713541435,28.1132428403561 85.5395373523706,28.113211978383 85.5395883855125,28.1131792956595 85.5396371625831,28.1131748312575 85.5396716777745,28.1132549420504 85.5396674132601,28.113293106896 85.5396951323718,28.1133216445028 85.5397668859515,28.1132808758224 85.5397903349545,28.1132096889713 85.5398005573019,28.113146667831 85.5398162874498,28.1130920119272 85.5398450416655,28.1130441399882 85.5398925527705,28.1129948064761 85.539924963802,28.1129536187253 85.5399518444907,28.1129057268094 85.5399917942284,28.1128612966872 85.5400444305185,28.1128485666499 85.540089325559,28.1128540286429 85.5401364540075,28.1128329333416 85.5401818214847,28.1128035126928 85.5402437349338,28.112797526618 85.5403266611027,28.1127618605267 85.5403647147039,28.1127190714192 85.5403750491265,28.1126477448327 85.5403941658746,28.1126197059644 85.5404340253529,28.1125819200087 85.5405018513631,28.1125543996401 85.540543359302,28.112533244363 85.5405978463184,28.112522195123 85.5406445472255,28.1125326601029 85.5407197319591,28.1125151858476 85.5407801315894,28.1124826023475 85.5407990008447,28.1124728352672 85.5408328350735,28.1124648887644 85.5408949731617,28.112442291613 85.5409708548153,28.1123733238157 85.5410239404381,28.1123273718385 85.5410974763687,28.1122932666574 85.5411239741755,28.1122736128002 85.5411712370664,28.1122425506586</coordinates></LinearRing></outerBoundaryIs></Polygon></MultiGeometry>
  </Placemark>
  <Placemark>
	<Style><LineStyle><color>ff0000ff</color></LineStyle><PolyStyle><fill>0</fill></PolyStyle></Style>
      <MultiGeometry><Polygon><outerBoundaryIs><LinearRing><coordinates>85.5327914808821,28.1118723733752 85.5329846039405,28.11172492161 85.5330229764607,28.1116588796266 85.5331217049776,28.1115635797115 85.533148430021,28.1115273167238 85.5331716342643,28.111474402928 85.5331496958497,28.1114342967006 85.533112498933,28.1114139629929 85.5330678536098,28.1113902269596 85.532812844078,28.1114041115745 85.5327677918517,28.1114102747346 85.5328270626348,28.1114607483815 85.5329017276937,28.1114814830793 85.5329916061256,28.111485767375 85.5330064125503,28.1114992163018 85.5329307979426,28.1115482466701 85.5328180315735,28.1115736210634 85.5327245419238,28.1115593301266 85.5326385911664,28.1115417971807 85.532522077926,28.1115671312299 85.5324167598688,28.1115959076339 85.5322926171771,28.111631127702 85.5322282878776,28.1116769558468 85.5321788553492,28.1117295886881 85.5321521751746,28.1117625293294 85.5321514061034,28.1118190057442 85.5322522085952,28.1118466658642 85.5323228103208,28.1118906157685 85.5323630755723,28.1119608219304 85.5323887153889,28.1120042905217 85.5324858165137,28.1120285882298 85.5325231491962,28.1120389556819 85.5325606175684,28.1120393566965 85.5326247660566,28.1120068169715 85.5327914808821,28.1118723733752</coordinates></LinearRing></outerBoundaryIs></Polygon></MultiGeometry>
  </Placemark>
  <Placemark>
	<Style><LineStyle><color>ff0000ff</color></LineStyle><PolyStyle><fill>0</fill></PolyStyle></Style>
      <MultiGeometry><Polygon><outerBoundaryIs><LinearRing><coordinates>85.5251591665492,28.1145316498219 85.5249760225578,28.1144964533838 85.5249349884178,28.1144827214325 85.524893999757,28.1144656673394 85.5246998426297,28.1144137389499 85.5246185021253,28.1143331208022 85.5244878607896,28.1142951660834 85.5243683238007,28.1142672986144 85.5242379555712,28.114209410889 85.5240923269466,28.1141712944779 85.5238343825707,28.1141253234417 85.5236735391223,28.1141036558674 85.5234965248994,28.1141682020298 85.5233913842458,28.1141836827898 85.5231968187677,28.114161651464 85.5230399044228,28.1141267349992 85.5229210965066,28.114045712254 85.5228462952852,28.1140349385135 85.5228457489186,28.1140748040378 85.5228864183742,28.1141151136159 85.5229374635123,28.114218664698 85.5230040426605,28.1142825116988 85.52306308256,28.11434960007 85.5231772791073,28.1144937027642 85.5231915384018,28.1145470182427 85.523119937432,28.1145761505248 85.5230818765213,28.1146189345501 85.5230849405677,28.1146688068198 85.5231145516815,28.1146957067399 85.5231330586351,28.1147125191869 85.5232301597685,28.114736823456 85.5232934021482,28.1147707308248 85.5233302795928,28.1148143220531 85.5234834481188,28.114849197871 85.5236180186714,28.1148739053942 85.523786539104,28.1148823652513 85.5239888728638,28.1148845436997 85.5240786170098,28.1148988003171 85.5241874142333,28.1148900036449 85.5243334987191,28.1148948987007 85.5244788100336,28.1149562697952 85.5245945554069,28.1149874190019 85.5247363929221,28.1150288167342 85.5248706912231,28.1150734558234 85.5249301874171,28.1151073221473 85.5250368024877,28.1152579870336 85.5251711921311,28.1152959815827 85.5252531701811,28.1153300896146 85.5254957213221,28.1154057960857 85.5257008942591,28.1154744549548 85.5258313557223,28.1155256971045 85.5259465568906,28.1155967107757 85.5260613038676,28.1157009456656 85.5261544325279,28.1157418182907 85.5261802523348,28.1157719994348 85.5262059812952,28.1158088248368 85.5262205148262,28.1158422072663 85.5262870515256,28.1159093749005 85.5263385095997,28.115983025664 85.5264426978154,28.1160373074586 85.5265393922026,28.1160915086361 85.5266812774113,28.1161295823009 85.5267590554935,28.1161968705214 85.5268855897517,28.1162613599774 85.5270313585143,28.1162895071569 85.5271929778841,28.1162546946812 85.5272202509048,28.1161785674022 85.5271991764837,28.1160753397778 85.5272340341785,28.115992648732 85.5272756593809,28.1159631922994 85.5273735344131,28.1159310174483 85.5275053136173,28.1158859161938 85.5276369111711,28.1158541033414 85.5276898224804,28.1158214453637 85.5277386691171,28.1158120020612 85.5277874249827,28.1158092030081 85.5278326154073,28.115793075168 85.5279383924445,28.1157310811662 85.5279460678664,28.1157178730947 85.5279763611545,28.1156949400087 85.5280519355129,28.1156492347313 85.5281692253629,28.1155674284204 85.5281507628202,28.115547294486 85.5280532513313,28.115552892843 85.5279404797698,28.1155782630076 85.5278132195312,28.1155669286657 85.5278250049464,28.1155271837659 85.5278591812897,28.1154943245375 85.5279352093134,28.1154153979801 85.5279506508588,28.115382337566 85.5279210383069,28.1153554386406 85.5279058690197,28.1153685662475 85.5278643349748,28.1153913786213 85.5277666874779,28.1154069431807 85.5276801446433,28.1154325947869 85.5276235773519,28.1154585682625 85.5275223643755,28.1154608038701 85.5275229998224,28.115414294003 85.527546434652,28.1153447706572 85.5275091013833,28.1153344018292 85.5274412478831,28.1153635766332 85.5273586335372,28.1153759797474 85.5272092097507,28.1153411484385 85.5272058713953,28.1153112089904 85.5272398662584,28.115291638452 85.527296615128,28.1152523766019 85.5272410919882,28.1152019408601 85.5271326123857,28.1151874850231 85.5270276981379,28.1151863578886 85.5269756496651,28.1151558950972 85.5268942160439,28.1150819224881 85.5268612655915,28.1150250838927 85.5267344602904,28.1149805272529 85.5266219161561,28.1149892856842 85.5265395291214,28.1149850776518 85.5265024686034,28.114954775765 85.5264203541357,28.1149306348703 85.5263165758018,28.1148464539047 85.5262007845815,28.1148186282702 85.526107066074,28.114820943411 85.5260023339704,28.1148065269797 85.5258827505269,28.1147819829286 85.5258274100682,28.1147182581202 85.525760329063,28.1146909558634 85.52567789687,28.1146900694539 85.525565443892,28.1146921827646 85.5255210262722,28.1146518336418 85.5254464061107,28.1146277727728 85.5253419015797,28.1145967451942 85.525282405522,28.1145628790525 85.5251591665492,28.1145316498219</coordinates></LinearRing></outerBoundaryIs></Polygon></MultiGeometry>
  </Placemark>
  <Placemark>
	<Style><LineStyle><color>ff0000ff</color></LineStyle><PolyStyle><fill>0</fill></PolyStyle></Style>
      <MultiGeometry><Polygon><outerBoundaryIs><LinearRing><coordinates>85.5178005545972,28.1197292798451 85.5178398709582,28.1197456399077 85.5178959400807,28.119756213946 85.5179972026444,28.1197506634926 85.5180647871644,28.1197414262867 85.5181248775139,28.1197321080363 85.5181882580845,28.1197560514356 85.5182105121501,28.1197729050429 85.5182516843676,28.1197766726893 85.5183152934008,28.1197840054447 85.5183825124895,28.119801345022 85.5184121237289,28.1198282459475 85.5184415522733,28.1198684353375 85.518467690519,28.1198753630493 85.518519784321,28.1199025069291 85.5185904765704,28.1199398196096 85.5186277647662,28.1199535130062 85.5187213963199,28.119957847393 85.5187893462606,28.1199220328882 85.518838195401,28.1199125928636 85.5188793220386,28.1199196824423 85.518943570481,28.1198805052545 85.5189963949796,28.1198544950634 85.5190193340913,28.1198215167678 85.5190948693336,28.1197791388287 85.5191663378517,28.1197599751996 85.5192454831204,28.1197276040067 85.5192766923629,28.1196382305911 85.5193185949804,28.1195888440122 85.5193973749004,28.1195830496775 85.5194575563649,28.1195670865963 85.5194729554773,28.1195373493972 85.5195264643346,28.1194615071985 85.5195534697669,28.1194053144328 85.5195581296795,28.1193389125086 85.5196371376075,28.1193165074303 85.5196892314621,28.1193436508686 85.5197304948627,28.1193407738271 85.5197644466656,28.1193245273735 85.5198394793111,28.119318692316 85.5198883737332,28.1193059297823 85.5199484180889,28.1192999328366 85.5200161847145,28.1192774061699 85.5201174924181,28.1192685320078 85.5201582539275,28.1193021981607 85.520221361018,28.1193460733518 85.5202471343031,28.1193795776885 85.5202656415598,28.1193963905252 85.5202952988021,28.1194199689384 85.5203513680462,28.1194305419753 85.5204303302841,28.1194114585571 85.5205924122455,28.1193434329287 85.5206871379855,28.1192680350468 85.5207171601397,28.119265036401 85.520821758838,28.1192894233639 85.5209005384991,28.1192836281534 85.5209496151935,28.1192575767491 85.5210062315972,28.1192282840569 85.5210546361599,28.1192121932031 85.5210664126567,28.1192123202518 85.5211113774634,28.1192128053374 85.5211337230876,28.1192230142405 85.5211371510035,28.1192463095167 85.5211703275144,28.1192865387791 85.5212491071642,28.1192807433675 85.5212608498569,28.1192443212822 85.5212833322688,28.1192445637952 85.5213134911691,28.1192315986513 85.5213360647528,28.1192251969111 85.5213658589535,28.1192388087335 85.5214291488636,28.1192693948967 85.5215265270993,28.1192737677636 85.521593883204,28.1192811394068 85.5216312627531,28.1192881877479 85.5216872409342,28.1193054044863 85.5217024570992,28.1192889555019 85.5217030040082,28.1192490900286 85.521733299588,28.1192261584219 85.5217677068119,28.11917669023 85.5217982302204,28.1191371479926 85.5218211227618,28.1191074913094 85.5218556210472,28.1190513788453 85.5219009959256,28.1190219645609 85.5219912443799,28.1189996793006 85.5220402751318,28.1189769496132 85.5220782013746,28.118944132348 85.5221161731567,28.1189079929478 85.522153689302,28.1189050747723 85.5221835290883,28.1189153642945 85.5222587436123,28.1188962394012 85.5223379329462,28.1188605442352 85.5224283178448,28.1188282923059 85.5224657884065,28.1188286961677 85.5225180649951,28.1188425500539 85.5225704326945,28.118849759672 85.5226150330057,28.1188768212535 85.522629246948,28.1189334588932 85.5226661254589,28.1189770503185 85.5227140174686,28.1190373734946 85.5227587089792,28.119057790784 85.522799926691,28.1190582349354 85.5228561326633,28.1190588405765 85.5228972593003,28.119065928948 85.5229157213984,28.1190860635658 85.5229493539181,28.1190930711746 85.5229949562111,28.1190470458934 85.5230249327289,28.1190473688621 85.5231111152205,28.1190482973606 85.5232011358396,28.1190426219206 85.523227228709,28.1190528708546 85.5232832525828,28.1190667648214 85.5233282173739,28.1190672491778 85.5233654604133,28.1190842634236 85.5234142178027,28.119081465988 85.523447986924,28.1190785070991 85.5235081675886,28.1190625422046 85.5235454106572,28.1190795564026 85.5235898747692,28.1191165840558 85.5236757842502,28.1191374449562 85.5237209311318,28.1191246406814 85.5237658959559,28.1191251248951 85.5238253939556,28.1191589917508 85.5239003353572,28.1191597987093 85.5239455732379,28.1191403501075 85.5240059358922,28.1191110964879 85.5240248987548,28.1190946875746 85.5240737016454,28.1190885677775 85.5240814232918,28.1190720378292 85.524085261363,28.1190654339181 85.5241303171709,28.1190592737584 85.5242201557867,28.1190668861538 85.5242406690814,28.1190588843459 85.5242839924221,28.1190576055054 85.5243625443559,28.1190684189255 85.5244150487971,28.1190656614666 85.524467416766,28.1190728703686 85.5244820866104,28.1190962865822 85.5245035227736,28.1191729374881 85.524596972135,28.1191905563528 85.5247024814456,28.1191484978387 85.5248304276172,28.1191100032979 85.5249056418789,28.1190908769398 85.5249618024466,28.1190948038461 85.5250252297943,28.1191154220011 85.5250850465099,28.1191260334295 85.525211946787,28.1191639474719 85.5252492811138,28.1191743169619 85.5253770907589,28.1191457882895 85.525508647413,28.1191172997983 85.5255875177369,28.1191048576217 85.5256550104715,28.1191022608894 85.5257187561332,28.1190996238266 85.5257978536714,28.1190705708826 85.5258510852628,28.1190146588067 85.5258666188992,28.1189749544295 85.5258705653421,28.1189705667091 85.5258742039265,28.1189683907568 85.5259457163085,28.1189459013947 85.5260059420231,28.1189266132568 85.5260964168756,28.1188877146101 85.5261229189593,28.1188680638357 85.5261722214724,28.1188253998563 85.5262024705888,28.1188057893495 85.5262476170693,28.1187929842251 85.5263608012447,28.1187377164372 85.5263766072347,28.1186780792116 85.5263996347383,28.1186384553199 85.5264339488178,28.1185956301245 85.5264530929442,28.1185659323357 85.5264723279145,28.1185295902831 85.526514499439,28.1184602685728 85.5265675940825,28.1184143225796 85.5266391059637,28.1183918328346 85.5267481791283,28.1183631014751 85.5267823567284,28.1183302425748 85.5268464652532,28.1183010279213 85.5269329197728,28.1182820212088 85.5270045223185,28.1182528870041 85.5270585702361,28.1181371760498 85.5270739216601,28.1181107600349 85.5271191585687,28.1180913103443 85.5271831760554,28.1180687397867 85.5272327502035,28.1180061426012 85.5272447631527,28.1179497871245 85.5272827783051,28.117910324077 85.5272947004139,28.1178606128575 85.5272875695597,28.1178339552977 85.5272767370811,28.1178039353528 85.5273039650881,28.1177311302183 85.5273385509067,28.1176683719745 85.5273285356137,28.1175785536567 85.5273370284295,28.1175055472533 85.5273234023279,28.1174057222866 85.5273057114404,28.1173291119916 85.5272654023169,28.1172622265779 85.5272243668157,28.1172484952665 85.5271651411233,28.117194697085 85.5271327801881,28.1170946708262 85.5270884518207,28.1170476779016 85.5269157718556,28.1170690808924 85.5268551386237,28.1171182686646 85.5267977981952,28.117200717987 85.5267216772114,28.117286288077 85.5266841836207,28.1173065083003 85.5266532772283,28.1173553280024 85.5266962429686,28.117501984998 85.5266729433191,28.1175615417456 85.5266152391325,28.1176705680199 85.5265689575967,28.1177664265576 85.5264816403544,28.1178485535375 85.5264550477394,28.1178748486573 85.526330396289,28.1179466063816 85.5262396497194,28.1180054380023 85.5262056538066,28.1180250082458 85.5261415907269,28.1180509004703 85.526055920032,28.1180703654974 85.5260520843218,28.1180849979663 85.5260248873506,28.118089517169 85.5259539208701,28.1180721410405 85.525871576974,28.1180646103906 85.5258155077837,28.1180540396166 85.5257407488821,28.118039945216 85.5256663536114,28.1179992737408 85.5256067647115,28.1179720519396 85.5255624366909,28.1179250585388 85.5255215830047,28.1178980382007 85.5255070949029,28.1178613335753 85.52554863039,28.1178385219787 85.5256537744054,28.1178230396951 85.5256948098991,28.1178367714763 85.5258411257473,28.1178250544288 85.5258676276044,28.1178054036927 85.5259056886327,28.1177626189137 85.5259584650749,28.1177399280582 85.5260409450499,28.1177374922569 85.5261011700636,28.1177182040477 85.5261579660815,28.1176756206163 85.5262035664259,28.1176295941837 85.5262341786538,28.1175834066106 85.5262423087486,28.1175369773467 85.5263443868158,28.1174716222784 85.5263902595594,28.1174056629918 85.5264170337756,28.117366079356 85.5264363139503,28.1173264151639 85.5264329757756,28.1172964757112 85.5263844009338,28.117285985732 85.5262825956561,28.1173314080559 85.5262150131673,28.1173406494015 85.5260912709407,28.1173459643247 85.5259710939558,28.1173646079441 85.5259183631459,28.1173839766827 85.5260078824767,28.1174148427708 85.5260714908246,28.1174221718959 85.5261010580021,28.1174523933473 85.5260969020557,28.117482252235 85.5259950510376,28.1175309964625 85.5259117532517,28.1175932305808 85.5258507557177,28.117668994915 85.5257003749144,28.1177039265922 85.5255767686267,28.1176992746456 85.5254714883548,28.1177247232621 85.5253742021404,28.1177137089862 85.5253451594115,28.1177092680563 85.5253028268694,28.1177262316936 85.5252538427949,28.1177456404711 85.52524522148,28.117744154687 85.5252127164686,28.1177385528186 85.5251638687723,28.1177479951769 85.5250998965699,28.1177672426549 85.52498775869,28.1177461004693 85.5249697511296,28.1176927448364 85.5249744075876,28.1176263425827 85.5249186570432,28.117592516554 85.5248630884347,28.1175454019903 85.5248786676664,28.1175023755943 85.5249244958248,28.1174397389616 85.52489465615,28.1174294500396 85.5248648619558,28.117415838983 85.5248239176895,28.1173954627057 85.5247800904971,28.117311925658 85.524814586657,28.1172558123548 85.5248976574077,28.1172101895574 85.5249948521642,28.1172278484108 85.5251109183843,28.1172357423676 85.5252013920822,28.1171968442609 85.5252621170038,28.1171410129928 85.5253607209964,28.1170556855789 85.5254548960001,28.1170201497284 85.5255608119132,28.1169481912806 85.525610340978,28.1168889168181 85.5256559411984,28.1168428905588 85.5256675457673,28.1168164344067 85.5256984306583,28.1167503141681 85.5256849879367,28.1166372005687 85.5256397514152,28.1166566498032 85.5255231403202,28.116688621873 85.5254891447128,28.1167081919533 85.5254736113064,28.1167478963075 85.5254316671315,28.1168006070664 85.5253302256291,28.1168194516527 85.5252627797885,28.1168187261504 85.5251687413,28.1168442954867 85.5251120817632,28.1168769121278 85.5250588509119,28.1169328239591 85.5249310438505,28.1169613524397 85.5249194390863,28.1169878085215 85.524866253555,28.1170403981425 85.5248360047208,28.1170600083688 85.5247157824144,28.1170819730205 85.524603417921,28.1170774411894 85.5245654930984,28.1171102592161 85.5245126257333,28.1171395937939 85.5244186322958,28.1171618404691 85.5243020658261,28.1171904893356 85.5242459972716,28.1171799179411 85.5241972407525,28.1171827157068 85.5241933572656,28.1171926417532 85.5241589518038,28.1172421106342 85.5241465733766,28.1173250428071 85.5241649899375,28.1173484993865 85.5241908550278,28.1173753587646 85.5242090896269,28.1174121038484 85.5242987904061,28.1174296825249 85.524395939751,28.1174506639339 85.5244406764509,28.1174677585388 85.5245036933699,28.1175182760503 85.5245031020503,28.117561463712 85.5244349734459,28.1176105697009 85.524281254761,28.1176155603292 85.5242441940384,28.1175852578327 85.5241621691587,28.1175544712826 85.5241141404388,28.117504114976 85.5240622282537,28.1174636846953 85.5240741972748,28.1174106516799 85.5241273833694,28.1173580623905 85.5241016547938,28.1173212366192 85.524022603653,28.1173469664955 85.5239479820278,28.1173229047618 85.523876652393,28.1173321046036 85.5237941727426,28.1173345391124 85.5236250568159,28.117369266768 85.5235986457092,28.1173822728072 85.5235006773067,28.1174210891161 85.5234030274754,28.1174366504685 85.5231581060564,28.1175336907424 85.5231022195767,28.117509830375 85.5230727443169,28.1174729640567 85.5230278257276,28.117469157516 85.522926975205,28.11744481265 85.5228708611451,28.1174375628189 85.5227658538301,28.1174430765917 85.5226830553073,28.1174687653037 85.5225922161874,28.117534238703 85.5224983587124,28.1175465176574 85.5224576426251,28.1175095300648 85.5223862672247,28.1175220512459 85.5222923186352,28.1175409743079 85.5222925919607,28.1175210415608 85.5223722357683,28.117452125083 85.5223615413671,28.1174121384273 85.5222747680031,28.117454397126 85.5222219909962,28.1174770865399 85.5221091251371,28.1175090960197 85.5220893421964,28.1175853029065 85.522081210319,28.1176317318558 85.5220729417499,28.1176881271764 85.522147107565,28.1177454111655 85.5221805573787,28.1177657074434 85.5222097590552,28.117822506689 85.522171605469,28.1178719346331 85.5221150356499,28.1178979057274 85.5220654586703,28.1179605009519 85.5220504250064,28.1179636614931 85.5218858293002,28.117941951233 85.5218192031146,28.117881425785 85.5217110407754,28.117843710723 85.5217033188689,28.1178602405302 85.5216951867999,28.1179066694477 85.5216054405581,28.1178924111926 85.5214819255693,28.1178811113052 85.5214367789854,28.1178939148543 85.5214512656834,28.1179306198574 85.5214133852119,28.1179601148371 85.521372990284,28.1179543629709 85.5213533872411,28.1179627903343 85.5213078172141,28.1179673422073 85.5212633219015,28.1179717867147 85.5212409765178,28.1179615778403 85.5212111826797,28.1179479660023 85.5211178718252,28.11792037852 85.5210543092258,28.1179097249756 85.5210097097198,28.1178826629126 85.5209722851072,28.1178789365429 85.5208782448048,28.1179045028578 85.5207657885645,28.1179066120987 85.5207291848111,28.1178430874665 85.520782144693,28.1178071101591 85.5208389883552,28.1177612068917 85.5209188612213,28.1176756806911 85.5210090175182,28.1176600402833 85.521050599405,28.1176339079598 85.5211144809778,28.1176213066414 85.5211936697014,28.1175856121089 85.5211526349405,28.1175718790049 85.5210215351784,28.117567142123 85.5209692138257,28.1175566098168 85.5208762225605,28.1175057673267 85.5207900869898,28.1175015153479 85.5208010544105,28.1175215693703 85.5208488991378,28.1175852152687 85.5207880805603,28.117647688726 85.5206976050231,28.117686583842 85.5205779286316,28.1176686793407 85.5205557658117,28.1176451818716 85.5204622729618,28.1176308824451 85.5203842699271,28.1175802013827 85.5203169149917,28.1175728291867 85.5202606642419,28.1175755446555 85.5201037460922,28.1175406246934 85.5200287603211,28.1175431378236 85.5199311556233,28.1175553745578 85.5198224467743,28.1175575234911 85.5197361743367,28.117563237212 85.5196087304459,28.117565183681 85.5195520233083,28.1176011200623 85.5194806475821,28.1176136397149 85.519390536795,28.1176259569903 85.5192966789806,28.1176382337351 85.5192139708784,28.1176572760737 85.5192021364014,28.1177003422116 85.5191828535389,28.1177400052804 85.5191299844911,28.1177693377119 85.5190694387695,28.1178118776459 85.5190055568894,28.1178244779974 85.5189341353059,28.1178403194763 85.5188179321559,28.117842386639 85.518765062964,28.1178717189236 85.5187604939988,28.1179314765804 85.5187001307081,28.1179607278655 85.5185907821034,28.1180093854679 85.5184966041828,28.118044916478 85.5184744440276,28.118052359914 85.5184549758769,28.118074370114 85.5183946581033,28.1181002991394 85.5183832603992,28.1181013632822 85.5183308673418,28.1181062549298 85.5182593541279,28.1181287402819 85.5181841395423,28.1181478629758 85.5181650389547,28.1181742374096 85.518130813198,28.1182104161816 85.5180518515074,28.1182294982962 85.5179620599073,28.1182185597817 85.5178907293151,28.1182277564651 85.5177855840739,28.1182432327347 85.5177099123667,28.1182955763345 85.5176123981995,28.1183011671459 85.5175336648764,28.1183036383706 85.5174288394621,28.1182958595436 85.5173730453917,28.1182653526422 85.5173175713159,28.1182115909023 85.5172467435113,28.1181842439658 85.5171756871781,28.1181735075764 85.5171112106047,28.118229294541 85.5170353557271,28.1182949262214 85.5169480310626,28.1183770468289 85.5168533493678,28.1184491199503 85.5168114918502,28.1184951836414 85.5169053963388,28.1184795865234 85.5169504979172,28.1184701066139 85.5169910295037,28.1185203842437 85.5170168930071,28.118547244914 85.5169935878321,28.1186067997955 85.5169106500269,28.1186424512773 85.5168352062515,28.1186781837855 85.5167484298452,28.1187204388565 85.5167036482479,28.1187066638858 85.5166670466933,28.1186431382567 85.5166186552937,28.1186193563694 85.5165318788575,28.1186616113022 85.5165007591604,28.1187443397988 85.5163766950901,28.1187729006755 85.5163251970261,28.1187025685238 85.5162881382863,28.1186722639514 85.5162128315313,28.1186980297637 85.5161187437862,28.1187269148542 85.5160705354733,28.1186898443185 85.5160521205122,28.118666386714 85.5160755634583,28.1185968656695 85.5160577889883,28.1185268984611 85.5159981109327,28.1185063167946 85.5159421799341,28.1184857756663 85.51595799159,28.118426139858 85.5159283356056,28.1184025605494 85.5158119031359,28.1184212357097 85.5157629629507,28.1184373189018 85.5156919523964,28.1184232596286 85.5155866694408,28.1184487005335 85.5155114542257,28.1184678217331 85.5154501744738,28.1185635138145 85.5153896726852,28.1186027299321 85.5152882738458,28.118618244836 85.5152541843295,28.1186444565051 85.5152062510125,28.1185874529977 85.5152068918574,28.1185409434109 85.515215759152,28.1184413611763 85.515118885688,28.1184004406171 85.5150327498062,28.1183961850017 85.5149431873823,28.1183686339507 85.5148112630563,28.1184236891339 85.514656398501,28.1185117217202 85.514528907829,28.1185169855314 85.5144386126799,28.1185425879479 85.5143375802057,28.1185315252489 85.5142588925338,28.118530672471 85.5140534377233,28.1187543829927 85.5141084980917,28.1188380450024 85.5141305222624,28.1188715098007 85.5141591243837,28.1189714980531 85.5141654732887,28.1190546320674 85.5141798659944,28.1190979819678 85.5142875686065,28.1191689240312 85.5143986520123,28.1192664835157 85.5145023330925,28.1193573174849 85.5146287257048,28.1194317844268 85.5146877170886,28.1195021983783 85.5148559687873,28.1195306021334 85.5149942898159,28.1195553588496 85.5150692311933,28.1195561706452 85.5151252541121,28.1195700679159 85.5152378950793,28.1195546749226 85.5152939637963,28.1195652500123 85.5153271839219,28.1196021584951 85.515416884777,28.1196197429938 85.5155265109626,28.1195511553717 85.5156467375327,28.1195291989646 85.5157553110176,28.1195370197642 85.5158112882708,28.1195542388713 85.5159941626803,28.1196093804283 85.5161256762043,28.119584223176 85.5162421098992,28.119565547798 85.5162944774117,28.119572759811 85.516361650256,28.1195934224772 85.5163913981353,28.119610357475 85.5164131944816,28.119660432509 85.5164955386564,28.1196679688613 85.516559696287,28.1196354370467 85.5165938315606,28.1196059029415 85.5166472509628,28.1195367061761 85.5166666722894,28.1194870771766 85.5167123230704,28.1194377319817 85.5167769377782,28.1193719789037 85.5168187499426,28.1193292373578 85.5168677361249,28.1193098316846 85.5169237134617,28.1193270503402 85.5169606811608,28.1193639989845 85.5169902919153,28.1193909002008 85.5170312810469,28.1194079566695 85.5170751486039,28.119488173859 85.5171311717863,28.1195020703184 85.5172321141246,28.1195197752339 85.5172842074248,28.1195469195663 85.5173287151827,28.1195806270581 85.5173731772589,28.1196176566524 85.5173311366325,28.11967700895 85.5173639461194,28.1197438160105 85.5174535560731,28.1197680434252 85.5175210492265,28.1197654507221 85.5175740567999,28.1197261526244 85.5176305829024,28.1197035056058 85.5176718007656,28.1197039513081 85.5177017773939,28.1197042754474 85.5177503066223,28.1197180906264 85.5177875946248,28.119731784245 85.5178005545972,28.1197292798451</coordinates></LinearRing></outerBoundaryIs></Polygon></MultiGeometry>
  </Placemark>
  <Placemark>
	<Style><LineStyle><color>ff0000ff</color></LineStyle><PolyStyle><fill>0</fill></PolyStyle></Style>
      <MultiGeometry><Polygon><outerBoundaryIs><LinearRing><coordinates>85.4983862175466,28.083454899888 85.4982979120828,28.0835465567885 85.498358609115,28.0835626583602 85.4984194135478,28.0835710424636 85.4985670201461,28.0835958137141 85.4987407319009,28.0836208704563 85.4989237895166,28.0835997175232 85.4992199690701,28.0835798017907 85.499332983759,28.0835887565906 85.4995859766784,28.0835452118313 85.4998482074982,28.0834631745064 85.5001013072197,28.0834119113285 85.5002928514894,28.0834062865689 85.5007467328301,28.0833109050063 85.5009394561287,28.0832203873729 85.5011061813095,28.0831218668144 85.5013436983047,28.0829392144616 85.5013005115764,28.0829155868556 85.5010737328209,28.0829517026109 85.500881867739,28.0829804808484 85.5007161075247,28.08300954408 85.5004725685056,28.0829991639478 85.5003070226641,28.0830127917807 85.500141155023,28.0830495717584 85.4999663710853,28.0831016912913 85.4998261790723,28.0831696260738 85.4996951177087,28.0832067860716 85.4994942283219,28.0832586195204 85.4991714080391,28.083316837549 85.4989883509385,28.0833379908338 85.4983862175466,28.083454899888</coordinates></LinearRing></outerBoundaryIs></Polygon></MultiGeometry>
  </Placemark>
  <Placemark>
	<Style><LineStyle><color>ff0000ff</color></LineStyle><PolyStyle><fill>0</fill></PolyStyle></Style>
      <MultiGeometry><Polygon><outerBoundaryIs><LinearRing><coordinates>85.5545194442306,28.0679719347602 85.5550812425853,28.0676073505238 85.555414756969,28.0673947362986 85.5555558247761,28.067257283536 85.5558189068627,28.0671056769998 85.5560304039131,28.0669072147751 85.5562760833794,28.0667554242329 85.556433931397,28.0666644594905 85.5567504517428,28.0664207881154 85.5567692967035,28.0663129237866 85.5564771924088,28.0660319771275 85.556323471985,28.0658142354383 85.5560839856704,28.0655029664133 85.5557026104292,28.0653908915151 85.5553378110387,28.0653407400131 85.5551625632463,28.0654315203838 85.5548650957162,28.0655518887746 85.5546376444171,28.0656421188185 85.5544290398829,28.0656244845347 85.5542705719826,28.0657617529162 85.5541640999403,28.065915006306 85.5539374740159,28.0659434938931 85.5534496266469,28.0659846658547 85.5530123274867,28.066149868832 85.5526800537333,28.0662698654185 85.5524880219384,28.0663141528358 85.5522580842171,28.0665896023641 85.5521321380699,28.0668970234381 85.5520063981272,28.0671890090624 85.5520892649795,28.0674986328056 85.5521377436389,28.0677770187919 85.552135053353,28.0679776776061 85.5518342637525,28.0683450036524 85.5517103842539,28.0684980712509 85.5516733043324,28.0686674921769 85.5518458693158,28.068777375374 85.5525075368986,28.068753480255 85.552804602093,28.0686639880483 85.5545194442306,28.0679719347602</coordinates></LinearRing></outerBoundaryIs></Polygon></MultiGeometry>
  </Placemark>
  <Placemark>
	<Style><LineStyle><color>ff0000ff</color></LineStyle><PolyStyle><fill>0</fill></PolyStyle></Style>
      <MultiGeometry><Polygon><outerBoundaryIs><LinearRing><coordinates>85.5550064714479,28.0653912835 85.5550313337239,28.0654841701884 85.5551011438508,28.0654694675854 85.5553029060327,28.0653480913816 85.5553382239695,28.065309869371 85.5553653575962,28.0652329674773 85.55531336146,28.0652169827276 85.5551745675177,28.0651846468481 85.5550529680128,28.0651679293305 85.5548103887482,28.0650881880223 85.5546211484447,28.0649241017628 85.5544922950116,28.0647992449302 85.554310619744,28.0647201441322 85.5538684499906,28.064599705182 85.5536782818731,28.0645050765995 85.5534535193817,28.0643946457049 85.5530634507282,28.0642824720132 85.5528022334649,28.0642951556865 85.5523661816704,28.0643677450416 85.5520944015379,28.06451925331 85.5519616197253,28.0646876649191 85.5519595502938,28.0648420179111 85.5521847258762,28.0649215806229 85.5523062210934,28.0649460183065 85.5523744795304,28.0650470818511 85.5526002764356,28.0650803379986 85.5527750085713,28.0650281492153 85.5528623228752,28.0650059135639 85.5530955795909,28.065131872462 85.5532797356657,28.0650257511678 85.5534881320499,28.0650588224593 85.5537141361046,28.0650766414776 85.55380932397,28.0651162381355 85.5539038919006,28.0652021406644 85.5539284431828,28.0653181804854 85.5540041638963,28.0655119468092 85.5540795748942,28.0657288660635 85.5541929909455,28.0657069045342 85.5543244277277,28.0656388202449 85.5544394964108,28.0654933759928 85.5545184202283,28.0654478946884 85.5548412662584,28.0653818254747 85.5550064714479,28.0653912835</coordinates></LinearRing></outerBoundaryIs></Polygon></MultiGeometry>
  </Placemark>
  <Placemark>
	<Style><LineStyle><color>ff0000ff</color></LineStyle><PolyStyle><fill>0</fill></PolyStyle></Style>
      <MultiGeometry><Polygon><outerBoundaryIs><LinearRing><coordinates>85.5459797322081,28.0688542919122 85.5457682134325,28.069052737758 85.5456374949807,28.0690667901004 85.5455585649465,28.0691122660348 85.5455052172238,28.0691966066553 85.5455033460795,28.0693355238587 85.5455818605147,28.069320918455 85.5457130989689,28.0692682780625 85.5459054501755,28.0692008475739 85.5460276758805,28.0691712675595 85.5463594458935,28.0690898758692 85.546516889716,28.0690297935087 85.5467169020971,28.0690396302543 85.5469083176707,28.0690416569653 85.5471268737464,28.0689667834395 85.5472235159374,28.068898337882 85.5474075801959,28.06879994261 85.5475569451957,28.0686934611514 85.5476625989394,28.0686019544457 85.5476810382302,28.068524962274 85.5476471697156,28.0684551353273 85.5475269174874,28.0683380818582 85.5474083265052,28.0680975462086 85.5473951815174,28.0677809391964 85.5473003053649,28.067718185213 85.5472122610964,28.0677944406017 85.5471403719779,28.0679634916818 85.5470247717675,28.0681475174413 85.5469179756512,28.0683239175703 85.5468727069353,28.0684546566691 85.5467209527943,28.0687386428011 85.5466506202515,28.0687919291468 85.5464601400802,28.0687204434565 85.5463227992381,28.0685800518059 85.5462361042426,28.0685559773723 85.5460788687999,28.0686006241843 85.5459797322081,28.0688542919122</coordinates></LinearRing></outerBoundaryIs></Polygon></MultiGeometry>
  </Placemark>
  <Placemark>
	<Style><LineStyle><color>ff0000ff</color></LineStyle><PolyStyle><fill>0</fill></PolyStyle></Style>
      <MultiGeometry><Polygon><outerBoundaryIs><LinearRing><coordinates>85.547948529582,28.0706350053457 85.5481919456055,28.0706530179582 85.5482350347678,28.0706843486754 85.5483039152247,28.0707391083745 85.5483469006985,28.0707781566891 85.5484862181105,28.0707719114867 85.5486348587783,28.0707194523665 85.5487144111827,28.070627668877 85.5487412398012,28.0705739214727 85.5488903986605,28.0704828738968 85.5488821126939,28.0704519113701 85.5488310486346,28.0703664654245 85.5487451813925,28.0702806514485 85.5485987198373,28.0701710404458 85.5484858168512,28.0701544089616 85.5482936728717,28.0702064077935 85.5480748036466,28.0703044359915 85.5480041593464,28.0703808758955 85.547948529582,28.0706350053457</coordinates></LinearRing></outerBoundaryIs></Polygon></MultiGeometry>
  </Placemark>
  <Placemark>
	<Style><LineStyle><color>ff0000ff</color></LineStyle><PolyStyle><fill>0</fill></PolyStyle></Style>
      <MultiGeometry><Polygon><outerBoundaryIs><LinearRing><coordinates>85.5492006215159,28.0707099967649 85.549275714802,28.0709500711759 85.5493634493041,28.0708969674402 85.5496267559652,28.07072993824 85.5497326174177,28.0706229947049 85.5498123761442,28.0705157752686 85.5497876211012,28.0704151701888 85.5497359343963,28.0703760303679 85.5495710333618,28.0703434128309 85.5495280475927,28.0703043648874 85.5494617585936,28.0700566649121 85.5493751653129,28.0700248747616 85.5493627320165,28.0703026176447 85.5492006215159,28.0707099967649</coordinates></LinearRing></outerBoundaryIs></Polygon></MultiGeometry>
  </Placemark>
  <Placemark>
	<Style><LineStyle><color>ff0000ff</color></LineStyle><PolyStyle><fill>0</fill></PolyStyle></Style>
      <MultiGeometry><Polygon><outerBoundaryIs><LinearRing><coordinates>85.5516983831078,28.0700416917957 85.5522276837767,28.0701553386035 85.5525233047229,28.0701738942097 85.5528111558853,28.0701228986185 85.5528890495368,28.0701545948996 85.5525894974252,28.0704293106118 85.5523009210509,28.0705343292115 85.5521438918338,28.0705635476599 85.5519010960247,28.0704992361838 85.5515617630992,28.0704956553665 85.5512833361299,28.0704927166338 85.5509773567438,28.0705975487049 85.5507070089126,28.0706410064908 85.5503848702025,28.0706530417847 85.5500009963993,28.0707261739411 85.5496594861411,28.0708846587339 85.5494657861793,28.0710524236875 85.5493320586797,28.0712902908446 85.5492603776272,28.0714439077234 85.5492749797417,28.071652467758 85.549090912079,28.0717508653774 85.5488283281571,28.0718638699853 85.5485134342477,28.0719840395625 85.5481720216882,28.0721348027659 85.5480147816574,28.0721794516091 85.5479520066717,28.0723177244947 85.5480183971011,28.0725577074156 85.5480343460861,28.0726659383119 85.5483306990953,28.0726304797784 85.5488549376236,28.0724739308184 85.54887099117,28.0725744440193 85.5486996552875,28.073020318362 85.5486013502001,28.0732122468753 85.5483561643004,28.0733254344485 85.5479265947345,28.0735601703198 85.5476829646137,28.0735575922507 85.5475185786371,28.0734863839797 85.5474775652027,28.0733007005247 85.5474532271615,28.0731692246219 85.54728832272,28.0731366042205 85.5471752092071,28.0731354068041 85.5470103049167,28.0731027860735 85.5469245409702,28.0730092533407 85.546655432439,28.0729600913733 85.5464543738125,28.0730274304869 85.5462429512493,28.0732181590539 85.5460933706919,28.0733400739711 85.5458057162713,28.0733756197682 85.5455360876087,28.0733650436834 85.5453448724525,28.0733475795386 85.5451034270626,28.0731829269578 85.5447484530591,28.073047945027 85.5445578628606,28.0729841741198 85.544394624502,28.0728280684484 85.5443171478927,28.0727654969203 85.5441512045451,28.0728100489444 85.5440198569378,28.0728704052401 85.5437319951103,28.0729213819378 85.5436267501884,28.0729820148308 85.5437039142353,28.0730677395736 85.5439210234264,28.0731009181613 85.5440165265397,28.0731173688598 85.5440421092472,28.0731562338606 85.5440654023724,28.0733648863422 85.5441423589026,28.0734660460829 85.5444022459968,28.0735537087606 85.5445567843389,28.0737097221685 85.5447648819849,28.0737659600394 85.5448957102462,28.0737441911398 85.5449743319922,28.0737218686006 85.5452003520446,28.0737397022459 85.5454172551935,28.0737883137643 85.5458255825374,28.0738389534846 85.5459564107221,28.0738171835691 85.5462107168426,28.0736732221245 85.5463775959834,28.0735592090477 85.54652572198,28.0735453405201 85.546672497405,28.0736318009116 85.5467412749584,28.0736942790348 85.5468360519781,28.073764751158 85.547172278865,28.0739998727282 85.5474586886438,28.0740569355998 85.5477897462657,28.0740295644007 85.5479554826238,28.0740004432483 85.5481288821562,28.0740485902078 85.5483189576874,28.0741509444267 85.5487877811279,28.0742330902305 85.5490140106222,28.0742354823979 85.5492056430199,28.0742220709894 85.5493713793752,28.074192948124 85.5492509116972,28.074091331212 85.5490600055707,28.0740507192885 85.5487735948029,28.0739936597289 85.5485747142218,28.0738989317338 85.5484365341591,28.0738202829724 85.5483417559947,28.0737498119145 85.5482549526157,28.073733456229 85.5479762063212,28.073753663356 85.5481265119329,28.0735777229493 85.5484153077545,28.0734572783747 85.5484765265199,28.0734347697217 85.5485196168412,28.0734661003818 85.548560113366,28.0736903717299 85.548697774643,28.0738076085068 85.5488102665199,28.0738551104664 85.5490021056966,28.073826264059 85.549211969227,28.073751295571 85.5495629162127,28.0735388808617 85.5498601005633,28.0734416780405 85.5500609507962,28.0733897691561 85.5502348685886,28.0733993252873 85.5503561654853,28.0734392002764 85.5502929781225,28.0736083448293 85.5502917345694,28.073700956436 85.5501680537209,28.0738385869487 85.5499410993543,28.0738902201414 85.5496105608568,28.0738790084123 85.5492445958089,28.07391373374 85.5492095839537,28.0739288010606 85.549493506306,28.0741710828492 85.5495977125254,28.0741876216955 85.5499649222954,28.0740602838705 85.5502535102989,28.0739552706727 85.5503755331924,28.073941122229 85.5505067752509,28.0738884774079 85.5508999827546,28.0737691303396 85.5511703384206,28.0737256724819 85.5512571423228,28.0737420263391 85.5514210136122,28.0738518184224 85.5516041511466,28.0738228765044 85.5518484034029,28.0737791418017 85.5522045279499,28.0738292117274 85.5526056069786,28.0737716926181 85.5528062498031,28.0737352149752 85.5529981913982,28.0736986452888 85.5533382584869,28.0736481994187 85.553565934746,28.0735425370086 85.5540643779392,28.0733625399778 85.5543615582045,28.0732653272343 85.554771438654,28.0732001756756 85.5552011994299,28.0729499824498 85.5554383996182,28.072782667184 85.5557800114419,28.0726164503029 85.5559740145877,28.072425523247 85.556114882172,28.0723035055355 85.556114882172,28.0723035055355 85.5558567423062,28.072084664659 85.5556218156451,28.0720821923627 85.5551251365173,28.072130995316 85.5548288897231,28.0721587510114 85.554909161197,28.072012940232 85.5553915356051,28.0717324252672 85.5556552485333,28.0715345136283 85.5557693930813,28.0714585274443 85.5560227523803,28.0713840059726 85.5563195127969,28.0713176593205 85.5565560886105,28.0711966478334 85.5567146651932,28.0710516594474 85.556819591851,28.0710141691316 85.5570808252986,28.0710014784093 85.5572905750999,28.0709342147817 85.5574655210685,28.0708665850135 85.5575174171424,28.0708902867095 85.5576652293263,28.0708995589465 85.5579538020079,28.0707945289119 85.5582336732671,28.070689406844 85.5585396466355,28.0705845583396 85.5587066115479,28.0704628118887 85.5588031451596,28.0704020756326 85.558977986399,28.0703421615308 85.5589182133661,28.0702566276868 85.5587709169321,28.0702087684941 85.5587895547134,28.0701163392288 85.5589384989717,28.0700407157195 85.5590688055305,28.0700575213581 85.5593118111668,28.0701063849388 85.5596437814808,28.0700095255322 85.559793342639,28.0698875950437 85.5593943402308,28.0697907824907 85.5590993363494,28.0697259356727 85.559039151588,28.0696712725562 85.5591451059503,28.069556603689 85.5592949758978,28.0694115207258 85.5592438008955,28.0693337960242 85.5588872749678,28.0693146154404 85.5586526630572,28.0692889955514 85.5584805020472,28.0691482499675 85.5584319034504,28.0688775833123 85.5583646672611,28.0686993458652 85.5582259708724,28.0686592952213 85.5577124222408,28.0686693370679 85.5572349138185,28.0685871308811 85.5567496338057,28.0684353726109 85.5563431772482,28.0682458480437 85.5559520594677,28.0682108585921 85.5557611606738,28.0681702562523 85.5554647184234,28.0682134490622 85.5552293872113,28.0682418470344 85.5549756218243,28.0683472379515 85.5549473510199,28.068509033907 85.5551033439823,28.0685569886632 85.5552428649625,28.0685353011641 85.5554240310548,28.0686529892348 85.5555791986178,28.0687626847237 85.55562166994,28.0688403191263 85.5556009651421,28.0690871010305 85.5554603078524,28.0691936830911 85.5550232047806,28.0693434567227 85.5547517251496,28.0694718168584 85.5544895655445,28.0695539621524 85.5540796989138,28.0696191134114 85.5537128189368,28.0697233101229 85.5533977295092,28.0698589266798 85.5531794856945,28.069910657336 85.5528504066792,28.0697914067872 85.5526416911354,28.0697814871551 85.5525464997043,28.069741889576 85.5527137799992,28.0695969976663 85.552618692144,28.0695496824948 85.552269937032,28.0696000353003 85.5520426820528,28.0696748253036 85.5519199396851,28.0697429989338 85.5517618764701,28.0698493934209 85.5516742474654,28.069894781131 85.5516040199864,28.0699403524277 85.5515773999824,28.0699786651707 85.5516983831078,28.0700416917957</coordinates></LinearRing></outerBoundaryIs></Polygon></MultiGeometry>
  </Placemark>
  <Placemark>
	<Style><LineStyle><color>ff0000ff</color></LineStyle><PolyStyle><fill>0</fill></PolyStyle></Style>
      <MultiGeometry><Polygon><outerBoundaryIs><LinearRing><coordinates>85.5423634091037,28.0721272622821 85.5426149029889,28.0721916829451 85.5426756533572,28.072203906137 85.5427621420197,28.0722434181073 85.5429053431746,28.0722719540959 85.5430352326228,28.0723196454059 85.5431128122837,28.0723745000113 85.5432160263407,28.0724643609112 85.5433377878611,28.0724695127236 85.5434377449124,28.0724782923674 85.5435548436645,28.0725065506503 85.5436294786026,28.0724571710412 85.5436914263575,28.0723806412481 85.5437878655941,28.0723276335656 85.5439193687638,28.0722557010471 85.5440157557458,28.072206552002 85.5441546067686,28.0722350405423 85.5442806145403,28.0722479552754 85.5444076107636,28.0721875525485 85.5445296841841,28.0721695504467 85.5446600944302,28.0721786521608 85.5447135484035,28.0720865943678 85.5447451979288,28.0719981647016 85.5447770554311,28.0718942997911 85.5447822380195,28.0718326049854 85.5446651396189,28.0718043477627 85.5444518629979,28.0718098046559 85.5441733814908,28.0718107101834 85.5440814494651,28.0718521878958 85.5439674528325,28.0719165876076 85.5438275614352,28.0719652750305 85.5436011810681,28.0719744509117 85.5433401010729,28.0719755394018 85.543222430255,28.0719897278206 85.5430618795833,28.0719571486288 85.542976172111,28.0718597547696 85.5429426702643,28.0717629151314 85.5427991572967,28.0717575320357 85.5425816345291,28.0717552222189 85.5424862370563,28.0717310529627 85.542316829838,28.0717099569282 85.5422591278061,28.0717942499043 85.5423019551162,28.0718448764534 85.5423186276086,28.0718990845472 85.5423785963679,28.0719691899283 85.5423634091037,28.0721272622821</coordinates></LinearRing></outerBoundaryIs></Polygon></MultiGeometry>
  </Placemark>
  <Placemark>
	<Style><LineStyle><color>ff0000ff</color></LineStyle><PolyStyle><fill>0</fill></PolyStyle></Style>
      <MultiGeometry><Polygon><outerBoundaryIs><LinearRing><coordinates>85.5643537983788,28.0793329582938 85.565209036144,28.0785005597879 85.5651141399244,28.0784378174848 85.5648528886612,28.0784505228594 85.5645753632102,28.0783781512355 85.564386085079,28.0782140773397 85.5643605963967,28.0781674981671 85.5650726841167,28.0782830089437 85.5652221487425,28.0781687905561 85.565015261746,28.0780199708923 85.5650069706308,28.0779890091794 85.5651562297303,28.0778902262057 85.5651491696096,28.077766652342 85.5649849700354,28.0776800290184 85.5648994943382,28.0775633538326 85.5648237463479,28.0773695928138 85.5645295391751,28.0772430154264 85.5642872333367,28.0771401367119 85.5641752439535,28.0770540586988 85.563904370558,28.0771361304316 85.5637124257713,28.0771727152696 85.5636480242976,28.0774344786827 85.5637078048833,28.0775200106651 85.5640461350685,28.0776007390339 85.5642799454919,28.0776880918018 85.5644353403568,28.0777823425943 85.5643568217543,28.0777969586364 85.5640698782325,28.0777785187552 85.5639994450659,28.077839531702 85.5641087659086,28.0781262694512 85.5641328172321,28.078280896129 85.5642436786261,28.0784518686443 85.5641996576793,28.078490001785 85.564086537713,28.0784888180982 85.563973315081,28.0784953519932 85.5639102481084,28.0786567857042 85.5639779097075,28.0788041500527 85.564151222299,28.0788599949542 85.5642112093454,28.0789300913933 85.5643537983788,28.0793329582938</coordinates></LinearRing></outerBoundaryIs></Polygon></MultiGeometry>
  </Placemark>
  <Placemark>
	<Style><LineStyle><color>ff0000ff</color></LineStyle><PolyStyle><fill>0</fill></PolyStyle></Style>
      <MultiGeometry><Polygon><outerBoundaryIs><LinearRing><coordinates>85.5621833753099,28.0763230776782 85.5616925394863,28.075931996557 85.5615721606657,28.0758226723167 85.5615126912028,28.075713986471 85.5614554843303,28.0754355118656 85.5612837214774,28.075263898744 85.5610322077594,28.0751995116508 85.560935773786,28.0752525316533 85.56079315834,28.0755057546743 85.5607813704119,28.0757371934414 85.5610584747722,28.075840443095 85.5611271594764,28.0759106320166 85.5611253079029,28.0760495500446 85.5611128004986,28.0763350125213 85.5611018360354,28.0765047099708 85.5611684638711,28.0767292522331 85.5612977503393,28.0768232327289 85.5615413892949,28.0768257869045 85.5617162397525,28.0767658696966 85.5619967403016,28.0766144344573 85.5620928666413,28.0765845667575 85.5621833753099,28.0763230776782</coordinates></LinearRing></outerBoundaryIs></Polygon></MultiGeometry>
  </Placemark>
  <Placemark>
	<Style><LineStyle><color>ff0000ff</color></LineStyle><PolyStyle><fill>0</fill></PolyStyle></Style>
      <MultiGeometry><Polygon><outerBoundaryIs><LinearRing><coordinates>85.5532377568168,28.0801733268351 85.5537530144266,28.0800398215897 85.5538495594823,28.0799790893233 85.553956770538,28.0797718135381 85.5540374628656,28.0795951331201 85.5540838655457,28.0793794976693 85.554088000845,28.0790707920455 85.5540803331217,28.0789935239452 85.5539591319378,28.078945934356 85.5539338544735,28.0788839181305 85.5539364392575,28.0786909771162 85.5537630294254,28.0786428371544 85.5535110993824,28.0786093067349 85.5534744317361,28.0787478573257 85.5533445426345,28.0793485488373 85.5532278017415,28.0796174734787 85.5533926146931,28.0796578047845 85.5532377568168,28.0801733268351</coordinates></LinearRing></outerBoundaryIs></Polygon></MultiGeometry>
  </Placemark>
  <Placemark>
	<Style><LineStyle><color>ff0000ff</color></LineStyle><PolyStyle><fill>0</fill></PolyStyle></Style>
      <MultiGeometry><Polygon><outerBoundaryIs><LinearRing><coordinates>85.5547940876878,28.0796339792282 85.5549582814058,28.079720614533 85.5549933977648,28.0796978281544 85.5552209822735,28.0795998811461 85.5555805360226,28.0793952607515 85.5559401916841,28.079182921711 85.5563095797225,28.0788934967348 85.5564854682662,28.0787564099521 85.5566090440606,28.0786264913993 85.5567745792862,28.078612795086 85.5571390114432,28.0786938149716 85.557644731248,28.0786219443657 85.5576995184095,28.0784295518046 85.5575616350082,28.078327758861 85.5572759297138,28.0782166929277 85.5570166389672,28.078082747977 85.5568969850126,28.0779193961921 85.5567228525892,28.0779252835221 85.5562690347496,28.0780208530965 85.5561013324962,28.0781966194554 85.5560467491307,28.0783735759866 85.5561333511578,28.0784053622111 85.5563058328272,28.0785229580442 85.5562780767347,28.0786461657731 85.5559637896417,28.0787200460219 85.5555892110944,28.0787469784973 85.5553785153458,28.0788836976549 85.5551320831314,28.0790895087674 85.5547940876878,28.0796339792282</coordinates></LinearRing></outerBoundaryIs></Polygon></MultiGeometry>
  </Placemark>
  <Placemark>
	<Style><LineStyle><color>ff0000ff</color></LineStyle><PolyStyle><fill>0</fill></PolyStyle></Style>
      <MultiGeometry><Polygon><outerBoundaryIs><LinearRing><coordinates>85.554035015113,28.0810771032403 85.5541649203929,28.0811247845321 85.5541911289063,28.0811173419707 85.5542438560608,28.0810793039155 85.5542880882265,28.0810257388749 85.554385667592,28.0808878298649 85.5544295895116,28.0808574176914 85.5545078013591,28.080865960391 85.55463791332,28.0808982059535 85.5548036588587,28.0808690768797 85.5549788292862,28.0807860157504 85.5551362861504,28.0807259240541 85.5553359083395,28.0807666196265 85.5555606029208,28.0808847661657 85.555699210416,28.0809325376261 85.5558658851435,28.080833948458 85.5561212283252,28.0806127924501 85.5564642063623,28.080346245518 85.5566843278095,28.0801555927685 85.5566253772094,28.0800083167226 85.5562363847192,28.0798112559559 85.5559769883684,28.0796850266225 85.5555505066919,28.0796882564731 85.5551231985688,28.0797532261454 85.5549043152593,28.079851264617 85.5547700709875,28.0801277250302 85.5546987011052,28.080258191704 85.5545936612971,28.0803033976285 85.5544379619424,28.0802322888272 85.5543152086635,28.0803004641082 85.5541992960495,28.0805076484752 85.554035015113,28.0810771032403</coordinates></LinearRing></outerBoundaryIs></Polygon></MultiGeometry>
  </Placemark>
  <Placemark>
	<Style><LineStyle><color>ff0000ff</color></LineStyle><PolyStyle><fill>0</fill></PolyStyle></Style>
      <MultiGeometry><Polygon><outerBoundaryIs><LinearRing><coordinates>85.5537430274236,28.0827335520682 85.554131921914,28.0829383376834 85.5543663551498,28.0829794015915 85.5547392949531,28.083075955246 85.5552169679716,28.0831504546226 85.5556870759781,28.0831399666989 85.5563155430324,28.0823515517544 85.556107112438,28.0823184835648 85.5558379758561,28.0822693386552 85.5557082749668,28.0822062235914 85.5555278095352,28.0820345117677 85.5552341183051,28.0818693262514 85.5550270322871,28.0817359271312 85.5547671162175,28.0816482836269 85.5543594776521,28.0815436458476 85.5543083009509,28.0814659193563 85.5541550814377,28.0812095868636 85.5541101254005,28.0813171753232 85.5540456978984,28.0815789331188 85.5537430274236,28.0827335520682</coordinates></LinearRing></outerBoundaryIs></Polygon></MultiGeometry>
  </Placemark>
  <Placemark>
	<Style><LineStyle><color>ff0000ff</color></LineStyle><PolyStyle><fill>0</fill></PolyStyle></Style>
      <MultiGeometry><Polygon><outerBoundaryIs><LinearRing><coordinates>85.5579257287971,28.0829937021246 85.5578070996532,28.0827531745001 85.5573829783524,28.0825789036881 85.5573510595648,28.0823624435631 85.5574330895927,28.082085431645 85.5575660920962,28.0819015803332 85.5576634619514,28.0817791041821 85.557614551803,28.081531590535 85.5575387114881,28.0813455436334 85.5575311443449,28.081260558003 85.5577271202399,28.0809229937962 85.5578534814256,28.0805846976028 85.5577874772973,28.0803138481083 85.5576588087912,28.0801735583986 85.5575635032309,28.0801416816011 85.5574467717317,28.0804106101616 85.5573545973529,28.0807955778131 85.5571516727589,28.0810018499227 85.5570179484793,28.0812397244095 85.5569694869149,28.0816097139411 85.5569581022714,28.0818102812615 85.5569376030129,28.0820416276426 85.5569168972565,28.0822884093034 85.5568355881412,28.0825113973262 85.5567090148455,28.0828651275786 85.5566641637621,28.0829649992739 85.5563782409574,28.0828693664112 85.5562125959019,28.0828907796373 85.5561488950975,28.0830985150143 85.556330808607,28.0831621790852 85.5566969069882,28.0831197183351 85.5567645610797,28.0832670858874 85.5569377733719,28.0833306576405 85.557163816386,28.0833484723732 85.5579257287971,28.0829937021246</coordinates></LinearRing></outerBoundaryIs></Polygon></MultiGeometry>
  </Placemark>
  <Placemark>
	<Style><LineStyle><color>ff0000ff</color></LineStyle><PolyStyle><fill>0</fill></PolyStyle></Style>
      <MultiGeometry><Polygon><outerBoundaryIs><LinearRing><coordinates>85.5584809735828,28.0811701965852 85.5589635874363,28.0808742352875 85.5588012434994,28.0806486868169 85.5587177305481,28.0803853725425 85.5586688184446,28.0801378591564 85.5585036932855,28.0801206870562 85.5581710719796,28.0802638482947 85.5580660334952,28.0803090569319 85.5581865165039,28.0804106665803 85.5583941195877,28.0805054727371 85.5584023058664,28.0805441524294 85.5583207950909,28.0807825768568 85.5582837203302,28.0809519995046 85.5582994743307,28.081075664814 85.5584809735828,28.0811701965852</coordinates></LinearRing></outerBoundaryIs></Polygon></MultiGeometry>
  </Placemark>
  <Placemark>
	<Style><LineStyle><color>ff0000ff</color></LineStyle><PolyStyle><fill>0</fill></PolyStyle></Style>
      <MultiGeometry><Polygon><outerBoundaryIs><LinearRing><coordinates>85.5598558989245,28.0818330086086 85.560768192175,28.0812945505131 85.5602733249835,28.0812044526808 85.5600221071756,28.0811169103226 85.5598678444803,28.0809377602986 85.55977428824,28.0807746848015 85.5596985476025,28.0805809212975 85.5595790928757,28.0804021363404 85.5592577491254,28.0803524501497 85.5591190375909,28.0803123999068 85.5589287344516,28.0802254952689 85.5587983126687,28.0802164067224 85.5588909395613,28.0804489417262 85.5589849063319,28.0805811471504 85.5590256327951,28.0807899807803 85.5590670806354,28.0809447908086 85.5591963700579,28.0810387733483 85.5592636143669,28.0812170104134 85.5593300347491,28.0814569886972 85.5594051571792,28.0816970583147 85.5595250249635,28.0818449728085 85.5595422225333,28.081860590831 85.5598558989245,28.0818330086086</coordinates></LinearRing></outerBoundaryIs></Polygon></MultiGeometry>
  </Placemark>
  <Placemark>
	<Style><LineStyle><color>ff0000ff</color></LineStyle><PolyStyle><fill>0</fill></PolyStyle></Style>
      <MultiGeometry><Polygon><outerBoundaryIs><LinearRing><coordinates>85.5596262003033,28.0827414084856 85.5599999684773,28.0827762067326 85.5601301875676,28.082800729566 85.5605024120794,28.0829512913279 85.5606578108071,28.0830455464879 85.5608227350504,28.0830781514849 85.5608753580644,28.0830478284992 85.5611115438902,28.082957680761 85.561311893007,28.0829443442343 85.5616518836647,28.082901596419 85.5619141742058,28.0828117209294 85.5618801894286,28.082749614792 85.5616730930826,28.082616225355 85.5614938515334,28.0823519090648 85.561197886209,28.0823565245101 85.5609091820066,28.0824692778289 85.5607168151388,28.0825367286976 85.560107582843,28.0825380552574 85.5601603087368,28.0825000148839 85.5603712119437,28.0823478531715 85.5605719716941,28.0823036470497 85.5607891057812,28.0823367997817 85.5610863057713,28.0822395732851 85.5611762049101,28.0820243913143 85.5610901128615,28.0819540198203 85.5608911033771,28.0818670265023 85.5607787004444,28.0818118163349 85.5605438550399,28.0818016340218 85.5601411017204,28.0819826578557 85.5596262003033,28.0827414084856</coordinates></LinearRing></outerBoundaryIs></Polygon></MultiGeometry>
  </Placemark>
  <Placemark>
	<Style><LineStyle><color>ff0000ff</color></LineStyle><PolyStyle><fill>0</fill></PolyStyle></Style>
      <MultiGeometry><Polygon><outerBoundaryIs><LinearRing><coordinates>85.5597792795978,28.0836615450807 85.5601075848531,28.0838425218767 85.5601243709318,28.0838890104605 85.560132043182,28.0839662783429 85.5601560896819,28.0841209054279 85.5602336867047,28.0841757508988 85.5603376986307,28.0842077172955 85.5605206461548,28.0841941993931 85.5606686827856,28.0841880337468 85.560841693221,28.0842670360173 85.5611988863855,28.0842399073691 85.5613405874465,28.0840561435697 85.5612645332611,28.0838855338104 85.5607090489213,28.0837716453816 85.5604400091716,28.0837147916425 85.5602839919584,28.0836668421564 85.5603029401913,28.0835512599285 85.5602267850307,28.0833883673125 85.560098521647,28.0832172090723 85.5597516815552,28.0831209438326 85.5591954817637,28.0830610730458 85.5592027411805,28.0831692115768 85.5593739974813,28.0833794157259 85.5597792795978,28.0836615450807</coordinates></LinearRing></outerBoundaryIs></Polygon></MultiGeometry>
  </Placemark>
  <Placemark>
	<Style><LineStyle><color>ff0000ff</color></LineStyle><PolyStyle><fill>0</fill></PolyStyle></Style>
      <MultiGeometry><Polygon><outerBoundaryIs><LinearRing><coordinates>85.5530789766085,28.081630491849 85.553648623748,28.0813354674982 85.5533548339941,28.0811779957558 85.5531473378899,28.0810754644624 85.5527983384939,28.0811412524202 85.552536252313,28.0812156751025 85.5523079374694,28.0813676408418 85.5522617372719,28.081567840204 85.5523387071886,28.0816689957347 85.5524935790167,28.0818018479884 85.5525709633229,28.0818721328703 85.5525882633501,28.081880034095 85.5530789766085,28.081630491849</coordinates></LinearRing></outerBoundaryIs></Polygon></MultiGeometry>
  </Placemark>
  <Placemark>
	<Style><LineStyle><color>ff0000ff</color></LineStyle><PolyStyle><fill>0</fill></PolyStyle></Style>
      <MultiGeometry><Polygon><outerBoundaryIs><LinearRing><coordinates>85.5536107000686,28.0809182564693 85.5541688314342,28.0801831408499 85.5531362453999,28.0806045051789 85.5536107000686,28.0809182564693</coordinates></LinearRing></outerBoundaryIs></Polygon></MultiGeometry>
  </Placemark>
  <Placemark>
	<Style><LineStyle><color>ff0000ff</color></LineStyle><PolyStyle><fill>0</fill></PolyStyle></Style>
      <MultiGeometry><Polygon><outerBoundaryIs><LinearRing><coordinates>85.5589002673728,28.0895262697949 85.5595583531529,28.0897801806961 85.5596265301315,28.0898889587609 85.5599012996749,28.0901697177549 85.5602286975184,28.0904201536741 85.5603132506834,28.0906062905901 85.5603625821389,28.0908229327438 85.5604616575002,28.091225346405 85.5606699008952,28.0912738439215 85.5608095535684,28.0912444342277 85.5614037970246,28.0910654178444 85.5618413931336,28.0908847566576 85.5619284183996,28.0908856689858 85.5622243043343,28.0908887704891 85.5625408858715,28.0906450887342 85.5624055535093,28.0903503586788 85.56211110902,28.0902392104443 85.5617658906962,28.0900194670154 85.5614243783101,28.0895218872245 85.5612372476302,28.0891957379667 85.56109986206,28.0890553598338 85.5609442486436,28.0889765402259 85.5607395097356,28.0886656430852 85.5608816294716,28.0884510095059 85.5609543360134,28.08822021019 85.560627148746,28.0879543408039 85.5599692771426,28.0876849999828 85.5591864860178,28.0876459061225 85.5589002673728,28.0895262697949</coordinates></LinearRing></outerBoundaryIs></Polygon></MultiGeometry>
  </Placemark>
  <Placemark>
	<Style><LineStyle><color>ff0000ff</color></LineStyle><PolyStyle><fill>0</fill></PolyStyle></Style>
      <MultiGeometry><Polygon><outerBoundaryIs><LinearRing><coordinates>85.5524689556165,28.0849353895665 85.5527954920486,28.0852475832175 85.5530391491034,28.0852501531906 85.5531796233999,28.0851590099832 85.5534781822279,28.0849614713406 85.5537249416947,28.0847325110866 85.553966529383,28.0848894320444 85.5544070060101,28.0844927001645 85.5551466522684,28.0838521183679 85.5550270985709,28.0836810473136 85.5546325985933,28.0832446432905 85.5541639377175,28.0831470806698 85.5536936229233,28.0831729986361 85.5532701393671,28.0836007824492 85.5534943200602,28.083757520628 85.5539107712728,28.0838545353087 85.553925486357,28.0840553772458 85.5538707926264,28.0842400501563 85.5535218867014,28.084298121928 85.553017172896,28.084292799873 85.5524604545188,28.0842714898487 85.5521956683839,28.0845465698958 85.5524689556165,28.0849353895665</coordinates></LinearRing></outerBoundaryIs></Polygon></MultiGeometry>
  </Placemark>
  <Placemark>
	<Style><LineStyle><color>ff0000ff</color></LineStyle><PolyStyle><fill>0</fill></PolyStyle></Style>
      <MultiGeometry><Polygon><outerBoundaryIs><LinearRing><coordinates>85.5519806134015,28.0863041683726 85.5525313375998,28.0867731030947 85.5527575937496,28.0867754900667 85.553141730627,28.0866869171613 85.5534405008016,28.0864739435431 85.5545514436151,28.0854050314801 85.5519806134015,28.0863041683726</coordinates></LinearRing></outerBoundaryIs></Polygon></MultiGeometry>
  </Placemark>
  <Placemark>
	<Style><LineStyle><color>ff0000ff</color></LineStyle><PolyStyle><fill>0</fill></PolyStyle></Style>
      <MultiGeometry><Polygon><outerBoundaryIs><LinearRing><coordinates>85.5540235590711,28.0871284627012 85.5545121226039,28.0870409865698 85.5548618639404,28.0869211715351 85.5548987398107,28.0867671855005 85.554868892353,28.0863963723623 85.5548707527836,28.0862574549272 85.5547163886009,28.0860860169194 85.554546688275,28.0857600426914 85.553978585559,28.0865876781558 85.5540235590711,28.0871284627012</coordinates></LinearRing></outerBoundaryIs></Polygon></MultiGeometry>
  </Placemark>
  <Placemark>
	<Style><LineStyle><color>ff0000ff</color></LineStyle><PolyStyle><fill>0</fill></PolyStyle></Style>
      <MultiGeometry><Polygon><outerBoundaryIs><LinearRing><coordinates>85.5548167949214,28.0902860593566 85.5546644931267,28.0899602685664 85.5545625455103,28.0897739451444 85.5541989059326,28.0896311761873 85.5539378340721,28.089628424442 85.5536224786677,28.0897794742369 85.5534983686389,28.0899479774187 85.5534254380361,28.0901942073422 85.553126450182,28.0904226156807 85.5530019245743,28.0906219888383 85.5530000613971,28.0907609060702 85.5548167949214,28.0902860593566</coordinates></LinearRing></outerBoundaryIs></Polygon></MultiGeometry>
  </Placemark>
  <Placemark>
	<Style><LineStyle><color>ff0000ff</color></LineStyle><PolyStyle><fill>0</fill></PolyStyle></Style>
      <MultiGeometry><Polygon><outerBoundaryIs><LinearRing><coordinates>85.5561157062433,28.0894815524925 85.5566600037279,28.0891322189453 85.5568305412316,28.0893964497295 85.5569882163965,28.0893209211305 85.5572519710533,28.0891230084006 85.5575030663075,28.0885699006025 85.5574682570155,28.0885695345827 85.5571721716551,28.0885818583393 85.5570826714111,28.0887661664277 85.5568553783956,28.0888409628255 85.5567366426331,28.0886081519628 85.556651064757,28.0884991894657 85.5563216160025,28.0884030982218 85.5559389211974,28.0883836329704 85.5559034922356,28.0884295723749 85.5561157062433,28.0894815524925</coordinates></LinearRing></outerBoundaryIs></Polygon></MultiGeometry>
  </Placemark>
  <Placemark>
	<Style><LineStyle><color>ff0000ff</color></LineStyle><PolyStyle><fill>0</fill></PolyStyle></Style>
      <MultiGeometry><Polygon><outerBoundaryIs><LinearRing><coordinates>85.5600317704596,28.0947405739394 85.5597311901929,28.0944363878785 85.559488439233,28.0943643702452 85.5600920229399,28.094139145874 85.559999177007,28.093922046888 85.5598004559614,28.0938118984183 85.5597671905315,28.0936957682648 85.5597524640718,28.0934949267757 85.5594146036213,28.093375598057 85.5592392092888,28.0934740993569 85.5589224058462,28.0937332080905 85.5587469073842,28.0938394263577 85.5582401879576,28.093980756999 85.5580806497308,28.0941952042419 85.5576620908531,28.0942525534633 85.5575342323462,28.0940505222164 85.5572132622913,28.0939699593192 85.5565707041094,28.0938551371175 85.5559545655696,28.0937174339167 85.5553290025151,28.0936336597477 85.5552309152831,28.0944585293317 85.5556684315052,28.094285606452 85.5558609258167,28.0942104460405 85.5559990337496,28.0942968058993 85.556049390887,28.094436272932 85.5560717802096,28.094714382454 85.5563356799326,28.0951571271346 85.5563347503146,28.0952265858073 85.5561000831555,28.0952009595775 85.5560874545555,28.0954941378778 85.5561626812939,28.0957264912615 85.5563907124944,28.0955976732306 85.5565566869888,28.0955531076588 85.556889255106,28.0954176701048 85.5572661625318,28.095220948345 85.5575016557661,28.095184831517 85.5578687234931,28.0950729104893 85.557981860533,28.095074099943 85.5581904194593,28.0950994485227 85.5583733856567,28.0950859341999 85.5583987722124,28.0951402320635 85.5585110842683,28.0952031621846 85.558843030388,28.0951140255868 85.5588948350948,28.0951454447633 85.5590328436654,28.0952395193289 85.5592766270344,28.0952343614192 85.5597398369618,28.0950925702409 85.5598088415725,28.0951396071276 85.5598944276849,28.0952485678655 85.5599095666406,28.0954185387395 85.5601251813707,28.0955674580714 85.5604299888077,28.0955552199882 85.5608161084633,28.0953199913658 85.5609588552006,28.0950590523506 85.5606043036493,28.0948855202326 85.5606897346754,28.0943538245863 85.5611609769369,28.0949145169036 85.5613100576432,28.0948311746424 85.5617493158887,28.0945270320311 85.5624043298853,28.0937079944072 85.5625455279505,28.0935628182583 85.5622085896447,28.0933740374295 85.5613616919565,28.0929174715683 85.5614365745564,28.0938290669294 85.5606482775815,28.0928945501106 85.5600317704596,28.0947405739394</coordinates></LinearRing></outerBoundaryIs></Polygon></MultiGeometry>
  </Placemark>
  <Placemark>
	<Style><LineStyle><color>ff0000ff</color></LineStyle><PolyStyle><fill>0</fill></PolyStyle></Style>
      <MultiGeometry><Polygon><outerBoundaryIs><LinearRing><coordinates>85.5573683307197,28.0934389985421 85.5577216338032,28.0937051503343 85.5578090739019,28.0936751948114 85.5578879143934,28.0936374300993 85.5581946762506,28.0934785616619 85.5584579236759,28.093319235221 85.5588161782828,28.0932149375389 85.5594481320539,28.0928202019313 85.5598344497064,28.0925695404093 85.5599582442573,28.0924241842379 85.5598230200969,28.0921217342408 85.5590794836535,28.0923995188188 85.5588901300653,28.0928915280573 85.5583404175725,28.0929938139073 85.5578170185556,28.093080936733 85.5573683307197,28.0934389985421</coordinates></LinearRing></outerBoundaryIs></Polygon></MultiGeometry>
  </Placemark>
  <Placemark>
	<Style><LineStyle><color>ff0000ff</color></LineStyle><PolyStyle><fill>0</fill></PolyStyle></Style>
      <MultiGeometry><Polygon><outerBoundaryIs><LinearRing><coordinates>85.554798395319,28.0955577491692 85.5551034095356,28.0955300876966 85.5552880305307,28.0953930955121 85.5555694159207,28.0951799349271 85.5557441962352,28.0951277443423 85.5558759787978,28.0950365072582 85.5559036371265,28.0949210176986 85.5556279367928,28.0947097094764 85.5550359389723,28.0947189118599 85.554798395319,28.0955577491692</coordinates></LinearRing></outerBoundaryIs></Polygon></MultiGeometry>
  </Placemark>
  <Placemark>
	<Style><LineStyle><color>ff0000ff</color></LineStyle><PolyStyle><fill>0</fill></PolyStyle></Style>
      <MultiGeometry><Polygon><outerBoundaryIs><LinearRing><coordinates>85.5515997849718,28.0939262375641 85.5518900832509,28.0936977412739 85.5520556420249,28.0936840515676 85.5522741420744,28.0936168894471 85.5525281775802,28.0934960709748 85.5526078480427,28.0933965684051 85.5525477576204,28.093334184635 85.552427576983,28.0932094170219 85.5522463743782,28.0930917239888 85.552081748804,28.0930359553977 85.5518314436799,28.0928789388471 85.5519902667832,28.092718522552 85.552103608226,28.0927042815245 85.552365412264,28.0926530136986 85.5526989079026,28.0924481275287 85.5524746074075,28.0922991052333 85.5521270211573,28.0922568433397 85.5519175372103,28.0923009443521 85.5515492301751,28.0925054610193 85.5515741982088,28.0925906304838 85.5516414360466,28.0927688707948 85.5515355536456,28.0928758147294 85.5515065441592,28.0930916322981 85.5515665302059,28.0931617341155 85.551529750629,28.0933080012407 85.5514393039087,28.0935617635586 85.5514461412033,28.0937007725384 85.5515997849718,28.0939262375641</coordinates></LinearRing></outerBoundaryIs></Polygon></MultiGeometry>
  </Placemark>
  <Placemark>
	<Style><LineStyle><color>ff0000ff</color></LineStyle><PolyStyle><fill>0</fill></PolyStyle></Style>
      <MultiGeometry><Polygon><outerBoundaryIs><LinearRing><coordinates>85.5559778596653,28.0932777121843 85.5563706171461,28.0931969403245 85.5565462199964,28.0930830075034 85.5568439696672,28.0929472034152 85.557158814273,28.0928347346351 85.5573768969589,28.0927984347397 85.5577513178904,28.0927869345051 85.557865587407,28.092703229946 85.5580158021072,28.0925349971938 85.5579820231428,28.0924574548674 85.5575284540613,28.0925298732732 85.556595103063,28.0926821484297 85.5558446089016,28.09282862368 85.5556591664847,28.0930273578965 85.5558322901439,28.0930986491467 85.5559778596653,28.0932777121843</coordinates></LinearRing></outerBoundaryIs></Polygon></MultiGeometry>
  </Placemark>
  <Placemark>
	<Style><LineStyle><color>ff0000ff</color></LineStyle><PolyStyle><fill>0</fill></PolyStyle></Style>
      <MultiGeometry><Polygon><outerBoundaryIs><LinearRing><coordinates>85.554684223824,28.0956337333138 85.55444023286,28.0956543182638 85.554347293891,28.0954449334945 85.5543427283853,28.095136136834 85.5544521268612,28.0947667915219 85.5544111984647,28.0945733923276 85.5543769044246,28.09453443733 85.5541918700836,28.0947022988103 85.5540442327635,28.0946775864148 85.5541162344668,28.0945008149902 85.5542223229516,28.0943784338036 85.554181084763,28.0942081874232 85.5540615219339,28.0940371154075 85.5540846169737,28.0936128295546 85.554009189127,28.0933959104314 85.5539919906308,28.0933802917019 85.5537791021003,28.0943274491588 85.5536270157085,28.0946345940813 85.5535275593089,28.0949114189658 85.5535423777031,28.0951045430392 85.5537000635263,28.0950290186773 85.5536999600476,28.0950367362988 85.5537314601076,28.0952840672387 85.5538184886104,28.0952849848421 85.553958354991,28.09524014716 85.5539815666583,28.0954565158223 85.5538635663532,28.0958180512599 85.5538609795801,28.0960109917864 85.5539119554208,28.0961041537716 85.5539638625296,28.0961278571498 85.5547515719406,28.0958042546607 85.554684223824,28.0956337333138</coordinates></LinearRing></outerBoundaryIs></Polygon></MultiGeometry>
  </Placemark>
  <Placemark>
	<Style><LineStyle><color>ff0000ff</color></LineStyle><PolyStyle><fill>0</fill></PolyStyle></Style>
      <MultiGeometry><Polygon><outerBoundaryIs><LinearRing><coordinates>85.5519409401863,28.1028758193747 85.5543169729296,28.1022525159197 85.5546839645294,28.1021483221618 85.5555199053603,28.1021262545633 85.5561850844863,28.1018553854968 85.5569886881457,28.1016477193451 85.5577272694614,28.1023964850199 85.5584293223424,28.101971618463 85.5589681086414,28.1020390305249 85.5594524070182,28.1022756799087 85.5599953180356,28.1020343826316 85.5601571319016,28.1016501456958 85.5597811917087,28.1011213255032 85.5588951009367,28.1009885180504 85.5583563199161,28.1009211058877 85.5579797719876,28.1004385869044 85.5573767366273,28.0999691222327 85.5560354045018,28.1000321938712 85.5553878497834,28.1002878107891 85.5548811992542,28.1004214099814 85.5541097241769,28.1008300890581 85.5522144779756,28.1019524631367 85.5519409401863,28.1028758193747</coordinates></LinearRing></outerBoundaryIs></Polygon></MultiGeometry>
  </Placemark>
  <Placemark>
	<Style><LineStyle><color>ff0000ff</color></LineStyle><PolyStyle><fill>0</fill></PolyStyle></Style>
      <MultiGeometry><Polygon><outerBoundaryIs><LinearRing><coordinates>85.558420853987,28.1006516291909 85.5586634118057,28.100739084412 85.5586894185868,28.100747076441 85.5589071044774,28.100741645257 85.5590203506372,28.1007351164404 85.5590629391098,28.1008050323525 85.5591749479871,28.1008911150128 85.5592792847654,28.1008999298207 85.5593320202187,28.1008618902075 85.5595235963913,28.1008561837764 85.5598022057797,28.1008513910501 85.5600206132696,28.1007919346494 85.5603516484893,28.1007722537978 85.5604832284498,28.1006964477458 85.5603351691117,28.1007026123386 85.5600664999647,28.1006148858987 85.5599988315184,28.1004675197659 85.5599181881055,28.0999881124456 85.5597538569686,28.099909199672 85.5596631138539,28.1001861205987 85.5594890044338,28.0995359196422 85.559332655852,28.0995111212565 85.5592626177515,28.0995412604176 85.5594171107442,28.0997049763284 85.5591754215621,28.1002041541577 85.5583852813308,28.1000569141529 85.5579428602341,28.0999442010232 85.558420853987,28.1006516291909</coordinates></LinearRing></outerBoundaryIs></Polygon></MultiGeometry>
  </Placemark>
  <Placemark>
	<Style><LineStyle><color>ff0000ff</color></LineStyle><PolyStyle><fill>0</fill></PolyStyle></Style>
      <MultiGeometry><Polygon><outerBoundaryIs><LinearRing><coordinates>85.5501072092175,28.1000661351584 85.550170356439,28.1002250360732 85.5502137688636,28.100233213689 85.5503789228733,28.1002503968181 85.5505479099296,28.1003062137642 85.550595622181,28.1003182960537 85.5507165860234,28.100385183324 85.550756891485,28.1003007035216 85.5507363779383,28.100207862337 85.5507372594991,28.1001422626896 85.5508033633931,28.1000812115839 85.5507775648449,28.1000577828743 85.5506517829781,28.1000255789054 85.5506479499612,28.0999869448917 85.5506919846265,28.0999488167204 85.5507664286474,28.0999148692175 85.5508549644692,28.0998038835485 85.5508817481366,28.0997539949809 85.5509612175808,28.0996699288982 85.5509837532621,28.0996122767237 85.5508974991199,28.0995534751416 85.550772288185,28.0994788244655 85.5506774866668,28.0994083543793 85.5505902993782,28.0994190110689 85.5504723916511,28.0994486397817 85.5502847547191,28.0994852500588 85.5501072092175,28.1000661351584</coordinates></LinearRing></outerBoundaryIs></Polygon></MultiGeometry>
  </Placemark>
  <Placemark>
	<Style><LineStyle><color>ff0000ff</color></LineStyle><PolyStyle><fill>0</fill></PolyStyle></Style>
      <MultiGeometry><Polygon><outerBoundaryIs><LinearRing><coordinates>85.5513019328405,28.1002254154911 85.5515447962091,28.0999655447258 85.5514018669146,28.099913863587 85.5513637391184,28.0998362738395 85.5512957203604,28.0997159154835 85.5512584220915,28.0995765848458 85.5512151135101,28.099560689959 85.5510880878435,28.0996210976955 85.5510220880892,28.0996744313519 85.5509764982411,28.0998283237421 85.5509272825334,28.0999281468861 85.5509873236316,28.0999943902135 85.5510564309417,28.1000337138403 85.5510990138773,28.1001036320309 85.5511418560767,28.1001542561921 85.5513019328405,28.1002254154911</coordinates></LinearRing></outerBoundaryIs></Polygon></MultiGeometry>
  </Placemark>
  <Placemark>
	<Style><LineStyle><color>ff0000ff</color></LineStyle><PolyStyle><fill>0</fill></PolyStyle></Style>
      <MultiGeometry><Polygon><outerBoundaryIs><LinearRing><coordinates>85.5531735432172,28.1067018672759 85.5536962870921,28.1066687881965 85.5537398059354,28.1066692471863 85.5538697413685,28.1067169297265 85.5539816483091,28.106810734241 85.5541995533321,28.1067898757797 85.5545327802888,28.106608139887 85.554682296209,28.1064939353121 85.5550599710655,28.1062431982186 85.5549644368077,28.1062267541321 85.5546070662813,28.1062615813089 85.554616494253,28.1062076497649 85.5546608405949,28.1061463675579 85.5552928867095,28.1057516551985 85.5557116982013,28.1056788797725 85.5559140539205,28.1055189180413 85.5561077053699,28.1053588643435 85.5570727523633,28.1047978376637 85.5567938230076,28.1048257773215 85.5563405108863,28.1048750368532 85.5557805839551,28.1050852649343 85.5550988036422,28.1052942068081 85.5547054836237,28.1054135612821 85.5540663898114,28.1056846974018 85.5538124300458,28.1057977999029 85.553636078413,28.1059657514049 85.5532949768065,28.106085652468 85.5531735432172,28.1067018672759</coordinates></LinearRing></outerBoundaryIs></Polygon></MultiGeometry>
  </Placemark>
  <Placemark>
	<Style><LineStyle><color>ff0000ff</color></LineStyle><PolyStyle><fill>0</fill></PolyStyle></Style>
      <MultiGeometry><Polygon><outerBoundaryIs><LinearRing><coordinates>85.5522584025988,28.1074332035927 85.5531823505529,28.1066942415017 85.5525585804149,28.1064715352365 85.5522898005301,28.1063915109337 85.5516556716532,28.1062921904352 85.5516196126127,28.10638443394 85.5515816872629,28.1066155942553 85.5513534193713,28.1067598382083 85.5512373666307,28.1069747356275 85.5511821363058,28.1071979942605 85.5512229588763,28.1073991116359 85.5514322652982,28.1073704480808 85.551483866052,28.1074173053415 85.5515439633009,28.107479689723 85.5515954604717,28.107534264545 85.5522584025988,28.1074332035927</coordinates></LinearRing></outerBoundaryIs></Polygon></MultiGeometry>
  </Placemark>
  <Placemark>
	<Style><LineStyle><color>ff0000ff</color></LineStyle><PolyStyle><fill>0</fill></PolyStyle></Style>
      <MultiGeometry><Polygon><outerBoundaryIs><LinearRing><coordinates>85.5540015666514,28.1085708078396 85.5542375040846,28.1085038273774 85.5543608078075,28.1083970655887 85.5544490887115,28.1083053718755 85.554510740385,28.1082519908916 85.5547199443737,28.1082310399592 85.554929044848,28.1082178063153 85.5552521233621,28.1081440236693 85.5555583107009,28.108031468809 85.5558305089725,28.1078568056587 85.5561023962889,28.1077052947772 85.5561997924416,28.1075828210376 85.5560790755086,28.1074966442079 85.5559324540045,28.1073947570712 85.5557071881744,28.1073151975905 85.5553586214146,28.1073424006561 85.5548976288566,28.1073143871654 85.5550283931146,28.1073003277542 85.5553950913024,28.1072192856192 85.5558156659438,28.1070153106474 85.5560877578194,28.1068483644667 85.5563420279449,28.1067121049185 85.5566465570297,28.1067230293036 85.5567701662757,28.1065931123003 85.5567715092917,28.106492783253 85.5570012158555,28.1062404833017 85.5566716099701,28.1061521087369 85.5563014828716,28.1058394643191 85.5562665646834,28.1058468154066 85.5562400401715,28.1058774109747 85.5562104152445,28.1061395350679 85.556390817002,28.1063189645645 85.5562339428033,28.1063327504185 85.5559907546043,28.1062915962748 85.5557033242088,28.1063040066697 85.5554845931497,28.1063866084886 85.5551788241859,28.1064682929262 85.5548117146476,28.1065802050294 85.5544968270286,28.1066926666209 85.5539978137672,28.1069035291137 85.5539176164024,28.1070416200218 85.5538888135444,28.1072420024816 85.5539195916629,28.1075433563579 85.5539403203245,28.1079449473358 85.55396104907,28.1083465382936 85.5540015666514,28.1085708078396</coordinates></LinearRing></outerBoundaryIs></Polygon></MultiGeometry>
  </Placemark>
  <Placemark>
	<Style><LineStyle><color>ff0000ff</color></LineStyle><PolyStyle><fill>0</fill></PolyStyle></Style>
      <MultiGeometry><Polygon><outerBoundaryIs><LinearRing><coordinates>85.551622804967,28.1087386697642 85.5519280644496,28.1086955816244 85.5520338590993,28.1085963557896 85.552104112353,28.1085507854518 85.5521993371888,28.10859038439 85.5523043023936,28.1085528991436 85.5523827412644,28.1085460085591 85.5524604547442,28.1085931411436 85.5525918424702,28.1085327785143 85.5529146124986,28.1084821542854 85.5531714796601,28.108152960826 85.5531282709586,28.1081293488193 85.5530414392834,28.1081129951853 85.5528763763044,28.1080880972149 85.5527797012149,28.1081565452025 85.5526839584811,28.1081555346877 85.5526761870761,28.10808598439 85.5526528729086,28.1078773334924 85.5524971359817,28.1078062213314 85.5523565270985,28.1079050800317 85.5521987175037,28.1079883195777 85.5520157289464,28.1080018247938 85.551883512262,28.1081239276923 85.5518025855605,28.108316040406 85.5517145098341,28.1083922971313 85.5515662324709,28.1084138870348 85.5513394125242,28.1084500844073 85.5513381680502,28.1085426955866 85.5513459386071,28.1086122459248 85.551622804967,28.1087386697642</coordinates></LinearRing></outerBoundaryIs></Polygon></MultiGeometry>
  </Placemark>
  <Placemark>
	<Style><LineStyle><color>ff0000ff</color></LineStyle><PolyStyle><fill>0</fill></PolyStyle></Style>
      <MultiGeometry><Polygon><outerBoundaryIs><LinearRing><coordinates>85.5567167559029,28.1053807131993 85.5568770642093,28.1057606169759 85.5568838052607,28.1059073433543 85.5569098131227,28.1059153357563 85.5571352836177,28.1059794579594 85.5571435742244,28.1060104200218 85.5571670001671,28.1062113528974 85.5572083500873,28.1063738808158 85.5572607791838,28.1063589950176 85.5574883159662,28.1062687642479 85.5576989610972,28.1061397618855 85.5578820493555,28.1061185313128 85.5580999525102,28.1060976665699 85.5581700984607,28.1060598105762 85.5583807424049,28.1059308071171 85.5585920049047,28.1057554975568 85.5588381846776,28.1055728358977 85.5590309037987,28.1054822365648 85.5592311918837,28.1054766223075 85.559371688403,28.1053854738002 85.5596000462973,28.1052334983323 85.5598370041363,28.1050893314933 85.5600828711356,28.1049298203433 85.5603357923164,28.1048938822238 85.560509865341,28.1048957095678 85.5607274566447,28.1048979934373 85.5610776626503,28.1047472941989 85.5610171491473,28.1047157843669 85.5606792525713,28.1045964576011 85.560584748993,28.1045028411064 85.5607801431295,28.1042115806652 85.5606498982357,28.1041870575611 85.5603802928915,28.1041687901566 85.5601889169209,28.1041590622993 85.559593773727,28.1043998113907 85.5594972092033,28.1044605468011 85.5593457418481,28.1047213919219 85.5592570555462,28.1048439596155 85.5591349982882,28.104858114645 85.5592243034902,28.1046892412596 85.5593306031682,28.1045514211935 85.5592614898248,28.1045121015432 85.5591410830307,28.1044027745204 85.5593075858613,28.1043196179839 85.5596236990664,28.1041145332853 85.5595810059185,28.1040523351496 85.5593892178357,28.1040734767097 85.559119819365,28.1040397715845 85.5587742551674,28.1038431725302 85.5585834990282,28.1037871366878 85.5584871408827,28.1038324361352 85.5585900360746,28.1039492983609 85.558650032581,28.1040193973669 85.5588210095148,28.1042527556596 85.5588802842967,28.104376877974 85.5587321167244,28.1043907582703 85.5583746498825,28.1044333131752 85.5582513546846,28.1045400789493 85.5581713709543,28.1046627374071 85.5580310808706,28.1047384494403 85.5578925453499,28.1046829616993 85.5576574442678,28.1046882078897 85.5575862666368,28.1048032398929 85.5574985075635,28.1048563477601 85.5573410160186,28.1049164407056 85.5570430265903,28.1050676796845 85.5568850180284,28.105166360189 85.5567167559029,28.1053807131993</coordinates></LinearRing></outerBoundaryIs></Polygon></MultiGeometry>
  </Placemark>
  <Placemark>
	<Style><LineStyle><color>ff0000ff</color></LineStyle><PolyStyle><fill>0</fill></PolyStyle></Style>
      <MultiGeometry><Polygon><outerBoundaryIs><LinearRing><coordinates>85.5543436310416,28.1038351315351 85.5545371781188,28.1036827976063 85.5540340292745,28.103553994121 85.5537119991186,28.103550598305 85.5533186842058,28.1036699490089 85.5530913569686,28.1037447377463 85.5530293966114,28.1038212710235 85.5530440074515,28.1040298301385 85.5531742500858,28.1040543603977 85.5533568176765,28.1040717238139 85.5534423002062,28.1041884060731 85.5535817643436,28.1041744397095 85.5538172782122,28.1041383300272 85.5538608995435,28.104131071329 85.5543436310416,28.1038351315351</coordinates></LinearRing></outerBoundaryIs></Polygon></MultiGeometry>
  </Placemark>
  <Placemark>
	<Style><LineStyle><color>ff0000ff</color></LineStyle><PolyStyle><fill>0</fill></PolyStyle></Style>
      <MultiGeometry><Polygon><outerBoundaryIs><LinearRing><coordinates>85.5552110900247,28.1040603970198 85.5561281681147,28.1038307757843 85.5561975898306,28.1038469440992 85.5563367433147,28.1038561277641 85.5564769300112,28.103788135078 85.5566262333054,28.1036893633593 85.5568889921115,28.1035686292834 85.5570895864198,28.1035398651558 85.5572288428906,28.1035413302799 85.5575153366953,28.1035983750265 85.5576532512363,28.1037001688499 85.5577902370219,28.1038714211725 85.5579535403821,28.1040275126852 85.5580670996393,28.1039978319104 85.5582165050516,28.1038913407928 85.5586934091004,28.1033792000845 85.5589849570799,28.103058077902 85.5590469128716,28.102981541752 85.5588904563138,28.1029644603234 85.5586908949999,28.1029160508497 85.5586477902113,28.1028847229687 85.558370929655,28.1027583134643 85.5581536524746,28.1027328731317 85.557856908866,28.1027915026668 85.5576644002112,28.102866665273 85.5574461938311,28.1029106824482 85.5575522873832,28.1027882989972 85.5574307485403,28.1027638644635 85.5570216855995,28.1027595609702 85.5569248113794,28.1028434474549 85.5568280402979,28.1029196162413 85.5564708877886,28.1029390134772 85.5561834663586,28.1029514252182 85.5560795413378,28.1029117375098 85.5559319956893,28.1028793091218 85.55553101576,28.102921398528 85.5555218987563,28.1029521773313 85.5554943409413,28.1030599489727 85.5552594502838,28.1030497559432 85.5551193672725,28.1031100297814 85.5549704771955,28.1031779293791 85.554568771742,28.1032740392227 85.5545505371163,28.1033355966747 85.5547387040814,28.103584578413 85.5548235671701,28.1037475655531 85.5552110900247,28.1040603970198</coordinates></LinearRing></outerBoundaryIs></Polygon></MultiGeometry>
  </Placemark>
  <Placemark>
	<Style><LineStyle><color>ff0000ff</color></LineStyle><PolyStyle><fill>0</fill></PolyStyle></Style>
      <MultiGeometry><Polygon><outerBoundaryIs><LinearRing><coordinates>85.5498516004176,28.1025681504222 85.5498476564897,28.1028614192103 85.5498907585812,28.1028927497628 85.5500471093497,28.1029175590051 85.5501597353942,28.1029573432167 85.5502638655849,28.1029816001311 85.5503606411431,28.1029054361531 85.5504309949873,28.102852148923 85.55049129667,28.1028990984855 85.5506741728999,28.1028933125815 85.5508143616135,28.1028253257624 85.5511392926625,28.1026126353864 85.5511747285417,28.1025666975537 85.5509769349503,28.1023870777374 85.5507078552539,28.1023302035194 85.5505743995917,28.1025449166871 85.5503980486723,28.1027128641113 85.5502941262147,28.102673172104 85.5502872903868,28.1025341632769 85.5504122506795,28.1023039232106 85.5503617939899,28.1021721719991 85.5503723648391,28.1020333471574 85.5504357783282,28.1018487686572 85.5503757884745,28.1017786662785 85.5501334432983,28.1016757613678 85.5499509842451,28.1016506762225 85.5495940431632,28.1016546204576 85.5494832705811,28.1021242894439 85.5497160823145,28.1022888442715 85.5498516004176,28.1025681504222</coordinates></LinearRing></outerBoundaryIs></Polygon></MultiGeometry>
  </Placemark>
  <Placemark>
	<Style><LineStyle><color>ff0000ff</color></LineStyle><PolyStyle><fill>0</fill></PolyStyle></Style>
      <MultiGeometry><Polygon><outerBoundaryIs><LinearRing><coordinates>85.5516850245672,28.1015146255226 85.5517877027621,28.1016469277506 85.5518920393995,28.1016557481838 85.5520924238675,28.1016424264939 85.5521010236024,28.1016502359883 85.5521438150578,28.1017047186702 85.5522197621977,28.1018830505981 85.5522900108678,28.1018374799562 85.552352177736,28.1017455117502 85.5524143444958,28.1016535435108 85.5525294563931,28.1015081031258 85.5525392992277,28.1014233012702 85.5524886330776,28.1013069859644 85.5527436190514,28.1011167093888 85.5525877880317,28.1010533152349 85.5519785563535,28.1010468841803 85.5520036300152,28.1011243359413 85.5520183423732,28.101325177549 85.5518467630834,28.1011381170455 85.5516850245672,28.1015146255226</coordinates></LinearRing></outerBoundaryIs></Polygon></MultiGeometry>
  </Placemark>
  <Placemark>
	<Style><LineStyle><color>ff0000ff</color></LineStyle><PolyStyle><fill>0</fill></PolyStyle></Style>
      <MultiGeometry><Polygon><outerBoundaryIs><LinearRing><coordinates>85.549705363558,28.0998496221584 85.5500103907383,28.0998219725323 85.5500550481095,28.0997375389484 85.5500381605244,28.0996987669095 85.5498822294793,28.0996430874067 85.5495779293436,28.0996167135506 85.5494987702986,28.0996776259878 85.549705363558,28.0998496221584</coordinates></LinearRing></outerBoundaryIs></Polygon></MultiGeometry>
  </Placemark>
  <Placemark>
	<Style><LineStyle><color>ff0000ff</color></LineStyle><PolyStyle><fill>0</fill></PolyStyle></Style>
      <MultiGeometry><Polygon><outerBoundaryIs><LinearRing><coordinates>85.55339375794,28.0993714221671 85.5530737076623,28.0992213906337 85.552981809215,28.0995832003046 85.5525384642804,28.0995399285262 85.5524557848935,28.0998632415444 85.5527438195413,28.0998045316457 85.5529452360436,28.0997140324395 85.5530233577903,28.0997302940809 85.5533479645416,28.0995407507136 85.5534265003069,28.0995261416615 85.5536521622799,28.0995748338454 85.5538196962914,28.0994145076293 85.5538911844706,28.0992763246591 85.5538149256902,28.0991211464088 85.5536511181547,28.0990036384413 85.5533810099729,28.0990239458654 85.55339375794,28.0993714221671</coordinates></LinearRing></outerBoundaryIs></Polygon></MultiGeometry>
  </Placemark>
  <Placemark>
	<Style><LineStyle><color>ff0000ff</color></LineStyle><PolyStyle><fill>0</fill></PolyStyle></Style>
      <MultiGeometry><Polygon><outerBoundaryIs><LinearRing><coordinates>85.557948238113,28.0959613992865 85.557960139539,28.0957222440956 85.5569892650954,28.0960748133153 85.5571267568716,28.0962074779283 85.5576494492091,28.0961743817949 85.5578304566914,28.0963075033165 85.5580232628386,28.0962091870646 85.5581639542035,28.0961026039954 85.557948238113,28.0959613992865</coordinates></LinearRing></outerBoundaryIs></Polygon></MultiGeometry>
  </Placemark>
  <Placemark>
	<Style><LineStyle><color>ff0000ff</color></LineStyle><PolyStyle><fill>0</fill></PolyStyle></Style>
      <MultiGeometry><Polygon><outerBoundaryIs><LinearRing><coordinates>85.5580817801224,28.0976917962725 85.5576900392121,28.0976953961021 85.5576635172057,28.0977259920701 85.557488733434,28.0977781849604 85.5573128139445,28.0979152715582 85.5573276392963,28.0981083954076 85.5575019075796,28.098094790903 85.5576596985245,28.0980115444473 85.5578251603475,28.0980055656341 85.5580708071488,28.0978614927109 85.5582712873692,28.0978404440598 85.5584039997163,28.097679745915 85.5590792907947,28.0973009059111 85.5591579273906,28.0972785758448 85.5595744361451,28.097375575267 85.5594650073474,28.0970965520459 85.5592829655886,28.0970406089562 85.5584772343873,28.0974103604647 85.5581575948464,28.0972294701722 85.5580614488794,28.097259334305 85.5581989434671,28.0973919979257 85.5581115004025,28.0974219535738 85.5580817801224,28.0976917962725</coordinates></LinearRing></outerBoundaryIs></Polygon></MultiGeometry>
  </Placemark>
  <Placemark>
	<Style><LineStyle><color>ff0000ff</color></LineStyle><PolyStyle><fill>0</fill></PolyStyle></Style>
      <MultiGeometry><Polygon><outerBoundaryIs><LinearRing><coordinates>85.5363878391137,28.1312427259482 85.5362991041293,28.1313652765354 85.5362940695382,28.1314153939314 85.536328525253,28.1314427771636 85.5363670716407,28.1314895006772 85.5364098136024,28.1315478469481 85.5365488428169,28.1315686282246 85.5366925919449,28.1315624445122 85.536775296222,28.1315633275461 85.5368626678906,28.1315411044339 85.5369243417497,28.1314877323595 85.5369902635657,28.131442124245 85.5370955706346,28.1313814992285 85.5372531641691,28.1313175728775 85.5373413740162,28.1312336092523 85.5372033408067,28.13113951231 85.5371163364106,28.1311347243219 85.537041918814,28.131164804531 85.5369544426505,28.1311947452948 85.5368369683356,28.1311896318494 85.5367628127527,28.1312004180956 85.5366798466167,28.1312188288704 85.5365925276114,28.1312371931144 85.5364923073506,28.1312438415718 85.5363878391137,28.1312427259482</coordinates></LinearRing></outerBoundaryIs></Polygon></MultiGeometry>
  </Placemark>
  <Placemark>
	<Style><LineStyle><color>ff0000ff</color></LineStyle><PolyStyle><fill>0</fill></PolyStyle></Style>
      <MultiGeometry><Polygon><outerBoundaryIs><LinearRing><coordinates>85.5623352637215,28.1220619717338 85.56231535473,28.1219228263214 85.5622946734353,28.1218415630599 85.5623394342848,28.1217494080972 85.562348345255,28.1217340641508 85.5623317590301,28.1216721405928 85.5623636682095,28.12156441343 85.5625075581983,28.121546625644 85.5626953849592,28.1214984235846 85.5627439830839,28.1214449022161 85.5626539190008,28.1213436147709 85.5625412689612,28.1213038400464 85.5624629241051,28.1213030184907 85.5623018819113,28.1213013295969 85.5622157589282,28.1212309580139 85.5622205748369,28.1211962743701 85.5622915533324,28.121096675687 85.5622669831064,28.1209806374735 85.5621849039186,28.120933464391 85.5619815735122,28.1208387071707 85.5617915068997,28.1207286514122 85.5617046635872,28.1207123028712 85.5616288687596,28.1208465848638 85.5616098619909,28.120966025286 85.5615993540845,28.121100992281 85.5615109650189,28.1212004078898 85.5614880176891,28.1212889321346 85.5615570908562,28.121332109806 85.5615739341615,28.1213747393958 85.5615320828768,28.121574986425 85.5615611079478,28.1216833527905 85.561643084375,28.1217382438711 85.5618381746518,28.12179818102 85.5619903065305,28.1218152144073 85.5620114510897,28.1218617484183 85.5620140526024,28.1219929936088 85.5621002275309,28.1220595065187 85.562134635737,28.1220907422403 85.5621252097401,28.1221446742683 85.5621508099352,28.1221835362956 85.5621681685477,28.1221875777221 85.5623352637215,28.1220619717338</coordinates></LinearRing></outerBoundaryIs></Polygon></MultiGeometry>
  </Placemark>
  <Placemark>
	<Style><LineStyle><color>ff0000ff</color></LineStyle><PolyStyle><fill>0</fill></PolyStyle></Style>
      <MultiGeometry><Polygon><outerBoundaryIs><LinearRing><coordinates>85.5601546721923,28.1223632700117 85.5606912997009,28.1219482365839 85.560509422068,28.1218768585144 85.5603660469938,28.1218560561032 85.5602659908236,28.1218511459158 85.5601986921413,28.1220009536543 85.5601188513822,28.1221120361293 85.5600400418816,28.1221459424245 85.5599694732134,28.1222146693754 85.5599339309692,28.1222683268659 85.5600026946486,28.1223346581517 85.5600155975177,28.122346371738 85.5601546721923,28.1223632700117</coordinates></LinearRing></outerBoundaryIs></Polygon></MultiGeometry>
  </Placemark>
  <Placemark>
	<Style><LineStyle><color>ff0000ff</color></LineStyle><PolyStyle><fill>0</fill></PolyStyle></Style>
      <MultiGeometry><Polygon><outerBoundaryIs><LinearRing><coordinates>85.5609553034842,28.1227151593709 85.5611343247468,28.122674585789 85.561209090966,28.1226174803355 85.5613060835495,28.1225258739748 85.5614376386434,28.1224539270046 85.5615872734121,28.1223319980782 85.5617456644079,28.1222063014996 85.5617766471886,28.1221680330754 85.5617644652728,28.1221022963191 85.561629485555,28.1221047393977 85.5614847188832,28.1221881259761 85.5613166950972,28.1223831894315 85.5612022925092,28.1224746130678 85.5611541054125,28.1224972633726 85.5610267995544,28.1225769733675 85.5609553034842,28.1227151593709</coordinates></LinearRing></outerBoundaryIs></Polygon></MultiGeometry>
  </Placemark>
  <Placemark>
	<Style><LineStyle><color>ff0000ff</color></LineStyle><PolyStyle><fill>0</fill></PolyStyle></Style>
      <MultiGeometry><Polygon><outerBoundaryIs><LinearRing><coordinates>85.5631665442114,28.1220745468715 85.5632848856517,28.1220140376263 85.5632938994225,28.121990975991 85.5633259106656,28.121875530953 85.5633316524047,28.121771388644 85.5632798853448,28.1217361119298 85.5630814709967,28.1215989549485 85.563003309813,28.1219107430554 85.5631665442114,28.1220745468715</coordinates></LinearRing></outerBoundaryIs></Polygon></MultiGeometry>
  </Placemark>
  <Placemark>
	<Style><LineStyle><color>ff0000ff</color></LineStyle><PolyStyle><fill>0</fill></PolyStyle></Style>
      <MultiGeometry><Polygon><outerBoundaryIs><LinearRing><coordinates>85.5632574674751,28.1191732672672 85.5633577271866,28.1191627399313 85.563397310408,28.1191322799211 85.5634151830267,28.1190977330378 85.5634291662189,28.1190284112183 85.5634744392462,28.1188976676302 85.5635015309904,28.1188246238067 85.5634189898389,28.1188121808151 85.5633324049928,28.1187765392799 85.5633146352997,28.1188033685275 85.5632743319049,28.1188878519097 85.5632295216947,28.1189838661018 85.5632196849818,28.1190686687665 85.5632574674751,28.1191732672672</coordinates></LinearRing></outerBoundaryIs></Polygon></MultiGeometry>
  </Placemark>
  <Placemark>
	<Style><LineStyle><color>ff0000ff</color></LineStyle><PolyStyle><fill>0</fill></PolyStyle></Style>
      <MultiGeometry><Polygon><outerBoundaryIs><LinearRing><coordinates>85.5604134622347,28.1196104128658 85.5605043991071,28.119646101933 85.5605131554984,28.11964233453 85.5605748625941,28.1195850922243 85.5606152199,28.1194967509233 85.5606130839122,28.1193307764455 85.5606706960761,28.1192541943417 85.5606670652649,28.1192001253186 85.5606514081075,28.1190687430222 85.5606387632577,28.119037735457 85.5605630714974,28.1191642992686 85.5605443216732,28.1192644454948 85.5604134622347,28.1196104128658</coordinates></LinearRing></outerBoundaryIs></Polygon></MultiGeometry>
  </Placemark>
  <Placemark>
	<Style><LineStyle><color>ff0000ff</color></LineStyle><PolyStyle><fill>0</fill></PolyStyle></Style>
      <MultiGeometry><Polygon><outerBoundaryIs><LinearRing><coordinates>85.5612153240219,28.1159563065429 85.5610893141722,28.1159395466669 85.5610970913574,28.1160090966324 85.5612144997685,28.116018047531 85.5612153240219,28.1159563065429</coordinates></LinearRing></outerBoundaryIs></Polygon></MultiGeometry>
  </Placemark>
  <Placemark>
	<Style><LineStyle><color>ff0000ff</color></LineStyle><PolyStyle><fill>0</fill></PolyStyle></Style>
      <MultiGeometry><Polygon><outerBoundaryIs><LinearRing><coordinates>85.5599608306923,28.1127630294382 85.5598424979253,28.1128235361986 85.5598684045637,28.1128392457239 85.559950579781,28.1128787023597 85.5600681908526,28.1128722188685 85.5602559001566,28.1128317371988 85.5604574903399,28.1127296513533 85.5605931281779,28.1126770444299 85.5607209375576,28.1125587461779 85.5608796752546,28.1124060382413 85.560924020847,28.1123447540244 85.5608106079294,28.1123628603953 85.5606447633255,28.11239585368 85.5605316595131,28.1123908069404 85.5603872146787,28.1124510400504 85.5603557705242,28.1125240376084 85.560245317811,28.1126463771233 85.5601102984375,28.1126526779571 85.5599200416872,28.1125580553263 85.5599608306923,28.1127630294382</coordinates></LinearRing></outerBoundaryIs></Polygon></MultiGeometry>
  </Placemark>
  <Placemark>
	<Style><LineStyle><color>ff0000ff</color></LineStyle><PolyStyle><fill>0</fill></PolyStyle></Style>
      <MultiGeometry><Polygon><outerBoundaryIs><LinearRing><coordinates>85.5626995025497,28.1081335224359 85.5627548948311,28.108222868266 85.562851152455,28.1081852835636 85.5629693241312,28.1081363503734 85.5630486881002,28.108059994902 85.563040498517,28.1080213154985 85.5627807186323,28.1079182496468 85.5627057579902,28.1079907917585 85.5626995025497,28.1081335224359</coordinates></LinearRing></outerBoundaryIs></Polygon></MultiGeometry>
  </Placemark>
  <Placemark>
	<Style><LineStyle><color>ff0000ff</color></LineStyle><PolyStyle><fill>0</fill></PolyStyle></Style>
      <MultiGeometry><Polygon><outerBoundaryIs><LinearRing><coordinates>85.5631307653426,28.107126890192 85.5632165181334,28.1072242726871 85.5632208700583,28.1072243182855 85.5633377035637,28.1072757140523 85.5633898752725,28.1072801199986 85.5635118834926,28.1072698200868 85.5635816171565,28.1072628318537 85.5637687500365,28.1072647919624 85.5638911694282,28.1072236211418 85.5639181547877,28.1071582946394 85.5639012096987,28.1071233829424 85.5638457141628,28.1070417551899 85.5637503831975,28.1070098818676 85.5637450031608,28.107087012708 85.563718480382,28.1071176097849 85.5635533130194,28.1071004422736 85.5634927974526,28.1070689334694 85.563458599094,28.1070222629024 85.5633593277141,28.1069594731585 85.5632333793166,28.1069388567878 85.5631859196748,28.1069074846458 85.5632704057965,28.1067732922867 85.5632313414825,28.106765164276 85.5631399000219,28.1067680655232 85.5630743128504,28.1067905344256 85.5630521418726,28.1068211769728 85.5629981188408,28.106955688423 85.5629930983015,28.1070058074759 85.5630400436139,28.1070757678826 85.5631307653426,28.107126890192</coordinates></LinearRing></outerBoundaryIs></Polygon></MultiGeometry>
  </Placemark>
  <Placemark>
	<Style><LineStyle><color>ff0000ff</color></LineStyle><PolyStyle><fill>0</fill></PolyStyle></Style>
      <MultiGeometry><Polygon><outerBoundaryIs><LinearRing><coordinates>85.5634161738657,28.107593003591 85.563386635843,28.1075232256759 85.5632470653036,28.1075449195341 85.5632123012263,28.1075406959263 85.563166075597,28.1074167120934 85.563141249709,28.1073199679923 85.5631076685831,28.1072269915034 85.5630694270085,28.1071571223236 85.5630564741043,28.1071492678743 85.5629848374516,28.1072990321705 85.5629524194285,28.1074453480689 85.5629340344125,28.1075184832091 85.5630070915287,28.1075887172738 85.563054705702,28.1076085130251 85.5630888526243,28.107659042509 85.5630925359675,28.107709252767 85.5630571032285,28.1077551937723 85.5629577285701,28.1077001213667 85.5628838998436,28.1076877695643 85.5628263986596,28.1077566353715 85.5628128284134,28.107795086727 85.5628473353532,28.107818604534 85.5629557740112,28.1078467565014 85.5629900238258,28.1078895683706 85.5630543258787,28.1079635700228 85.5631100269655,28.1080297628027 85.5631952661367,28.1081657335195 85.5632467182984,28.1082241630093 85.5632857831373,28.1082322910334 85.5633171725263,28.1081631514594 85.5632917806921,28.1081088544014 85.5632147825054,28.108007704317 85.5631767463195,28.1079223998835 85.5631687109833,28.1078721440267 85.5632043494249,28.1078107677141 85.5632267262818,28.1077646898733 85.5632530950883,28.107745669365 85.5633407510751,28.1077002754579 85.563388930985,28.1076776240759 85.5633933857685,28.1076699520292 85.5634161738657,28.107593003591</coordinates></LinearRing></outerBoundaryIs></Polygon></MultiGeometry>
  </Placemark>
  <Placemark>
	<Style><LineStyle><color>ff0000ff</color></LineStyle><PolyStyle><fill>0</fill></PolyStyle></Style>
      <MultiGeometry><Polygon><outerBoundaryIs><LinearRing><coordinates>85.5614955790435,28.1076770718767 85.5612516644359,28.1076899503191 85.5610732864073,28.1076842192673 85.5610600245752,28.10769951753 85.5610504966333,28.1077611672525 85.5611511063165,28.1077236294159 85.5611815184058,28.1077278078818 85.5611718875304,28.1077971752476 85.5611805914187,28.1077972665756 85.5612856045338,28.1077559154873 85.5613118191795,28.1077484718146 85.5613069522893,28.1077870143203 85.5612799651959,28.1078523402386 85.5613016734339,28.1078564273573 85.5614955790435,28.1076770718767</coordinates></LinearRing></outerBoundaryIs></Polygon></MultiGeometry>
  </Placemark>
  <Placemark>
	<Style><LineStyle><color>ff0000ff</color></LineStyle><PolyStyle><fill>0</fill></PolyStyle></Style>
      <MultiGeometry><Polygon><outerBoundaryIs><LinearRing><coordinates>85.5610934623931,28.1079661640128 85.5610949173286,28.1080202102709 85.5611145268685,28.1080184863626 85.561164883331,28.107995858619 85.561226377142,28.1079540509316 85.5612416347179,28.1079522813419 85.5612674631901,28.1079737788024 85.5612561198378,28.1080083939954 85.5612820770665,28.1080202444127 85.5613193518925,28.1079994090358 85.5613804337081,28.1079884718094 85.5614761509165,28.1079914056562 85.5615875633354,28.1079597698647 85.5616293959699,28.1079235447834 85.5616231512055,28.1079022528151 85.5615666530944,28.1078958711283 85.5615017342783,28.1078681746187 85.5614655408072,28.1078079748966 85.5614393004109,28.1078173480069 85.5614298241618,28.1078751389458 85.5614033262881,28.1079038061316 85.5613444719911,28.1079109073831 85.5613100168633,28.1078835303926 85.561273179795,28.1078715658293 85.5612187547046,28.1078729244637 85.5611400076463,28.1079029730409 85.5610934623931,28.1079661640128</coordinates></LinearRing></outerBoundaryIs></Polygon></MultiGeometry>
  </Placemark>
  <Placemark>
	<Style><LineStyle><color>ff0000ff</color></LineStyle><PolyStyle><fill>0</fill></PolyStyle></Style>
      <MultiGeometry><Polygon><outerBoundaryIs><LinearRing><coordinates>85.5567092788338,28.1043135231273 85.5568007440045,28.1043086966923 85.5568096025392,28.1042972118548 85.5568252986488,28.1042626428468 85.5568869984344,28.1042054018234 85.5568698494996,28.1041859245883 85.5567847313484,28.1042043256085 85.5567673500102,28.10420221301 85.5567486708294,28.104134477726 85.5567210814966,28.1040820860836 85.5566759559244,28.1040391582595 85.5566239927897,28.1040193145818 85.556604125664,28.1040403319262 85.5566121577198,28.1040905880711 85.5566314050042,28.1041158764538 85.5566589426472,28.1041721269233 85.556676117367,28.1041896747781 85.5566950289444,28.104240045422 85.5567092788338,28.1043135231273</coordinates></LinearRing></outerBoundaryIs></Polygon></MultiGeometry>
  </Placemark>
  <Placemark>
	<Style><LineStyle><color>ff0000ff</color></LineStyle><PolyStyle><fill>0</fill></PolyStyle></Style>
      <MultiGeometry><Polygon><outerBoundaryIs><LinearRing><coordinates>85.5496882704732,28.1061363197481 85.5497274412715,28.1059746414588 85.549718763527,28.1059726200106 85.5496970302377,28.1059704604858 85.5496360524528,28.1059736749128 85.5495990617417,28.1059732836744 85.5495886493127,28.1059384394243 85.549569533199,28.1059035031148 85.5495151091754,28.1059048571345 85.5494537939791,28.1059331536646 85.54934927179,28.1059378370245 85.5491943398929,28.1059690024155 85.5490718130972,28.1060178775572 85.5488972976934,28.1060488353989 85.5487855983733,28.1061016841992 85.5487302133407,28.1061744256296 85.5486900597338,28.1062473282375 85.5486329141901,28.1062891762268 85.5486366946542,28.1063316690396 85.5486782970512,28.1063128126215 85.5487264791651,28.1062901664796 85.5488292672448,28.106252660815 85.5489147516986,28.1062072532762 85.5490152858147,28.1061755126357 85.5491352214749,28.106157484905 85.5492223364596,28.1061526175545 85.5493663630227,28.1061232664506 85.5494687873371,28.1061127718721 85.5495881778094,28.1061352611127 85.5496882704732,28.1061363197481</coordinates></LinearRing></outerBoundaryIs></Polygon></MultiGeometry>
  </Placemark>
  <Placemark>
	<Style><LineStyle><color>ff0000ff</color></LineStyle><PolyStyle><fill>0</fill></PolyStyle></Style>
      <MultiGeometry><Polygon><outerBoundaryIs><LinearRing><coordinates>85.551202586766,28.0983873146738 85.5512544178112,28.0982547145156 85.5511900000063,28.0981903547547 85.5511253230869,28.0981452889889 85.5510665255192,28.0981485272062 85.5509637978429,28.0981821761035 85.5508856257263,28.0981697721426 85.550794710124,28.0981340773772 85.5507122902381,28.0981139097325 85.5506451785316,28.0980881147773 85.5505623179179,28.0981007468762 85.5505031054859,28.0981348552808 85.5504513773199,28.0982597375183 85.5504218735215,28.0983501204577 85.5504983366802,28.0983277724606 85.5506446318866,28.0982907249661 85.5507601291905,28.0982784376789 85.5508231228243,28.0982868219863 85.5508042130094,28.0983985433863 85.5507752798254,28.0984464795675 85.5506655318318,28.0985167178903 85.5505914517751,28.0985236537556 85.550463262584,28.0985087912975 85.5503933784784,28.098527349455 85.5503305922174,28.0985035297343 85.5502815867941,28.098425824732 85.5502268553196,28.0984503319941 85.5501994751781,28.0985445966759 85.5502427313228,28.0985643506679 85.5502644112712,28.098570368856 85.550270186486,28.0986263904923 85.5502891719796,28.0986709737076 85.5502927454969,28.0987289017462 85.5502376248328,28.0987823500266 85.5501702275369,28.0987777782446 85.5501472277031,28.0987080667974 85.550106354802,28.0986729005649 85.5500395251332,28.0987879745977 85.5500276864749,28.0988592474308 85.5500924411403,28.098898525505 85.550232287713,28.09885562128 85.5503547279368,28.0988125329334 85.5504798365417,28.0987328088385 85.5504926059737,28.0987541702249 85.5504965685671,28.098783157238 85.5505621271959,28.0987626236453 85.5507332899118,28.0986563705432 85.5508249836754,28.0986341833055 85.5509792046465,28.0986551094844 85.5510770368911,28.0986619320683 85.5511099846018,28.0986391240197 85.551202586766,28.0983873146738</coordinates></LinearRing></outerBoundaryIs></Polygon></MultiGeometry>
  </Placemark>
  <Placemark>
	<Style><LineStyle><color>ff0000ff</color></LineStyle><PolyStyle><fill>0</fill></PolyStyle></Style>
      <MultiGeometry><Polygon><outerBoundaryIs><LinearRing><coordinates>85.5510346398004,28.0953385814783 85.5512473930429,28.0953755629613 85.5513570596501,28.0953111122184 85.5515104475931,28.095231685681 85.5516723827106,28.0951639272781 85.5517264648699,28.0950255615641 85.5516617636439,28.0949824254971 85.55143155355,28.0949491196707 85.5512447021889,28.0949278494883 85.5511832123866,28.0949696529078 85.5510819896938,28.0950534894859 85.5508812027324,28.0950976806099 85.5508845691796,28.0951710438932 85.5509279796525,28.0951792212149 85.5509970839366,28.0952185447826 85.5510346398004,28.0953385814783</coordinates></LinearRing></outerBoundaryIs></Polygon></MultiGeometry>
  </Placemark>
  <Placemark>
	<Style><LineStyle><color>ff0000ff</color></LineStyle><PolyStyle><fill>0</fill></PolyStyle></Style>
      <MultiGeometry><Polygon><outerBoundaryIs><LinearRing><coordinates>85.5517419017523,28.0951723800219 85.5519162692492,28.0951510648452 85.5519865135197,28.0951054941571 85.5521481374021,28.0950608880211 85.5522656773473,28.0950582693113 85.552335766052,28.0950242748612 85.5523278400536,28.0949663008837 85.552251586319,28.0948111218665 85.5522012857993,28.0946677948142 85.5521224938585,28.09437751151 85.5520570676888,28.094388398951 85.551821212188,28.0944515180848 85.5514721684774,28.0945173009025 85.5513142746853,28.0946082579054 85.5512864561064,28.094735322785 85.5513124090235,28.0947471749527 85.5515093619508,28.0946643491412 85.5516579829629,28.0946157469017 85.5517491550082,28.0946321469744 85.5518405861089,28.0946292529486 85.5519454858024,28.0945956262101 85.5517419017523,28.0951723800219</coordinates></LinearRing></outerBoundaryIs></Polygon></MultiGeometry>
  </Placemark>
  <Placemark>
	<Style><LineStyle><color>ff0000ff</color></LineStyle><PolyStyle><fill>0</fill></PolyStyle></Style>
      <MultiGeometry><Polygon><outerBoundaryIs><LinearRing><coordinates>85.5550074238802,28.0879126309865 85.5550592136171,28.0876198650055 85.5550600920848,28.0875542651121 85.5550231024203,28.0873917823309 85.5549365970219,28.0873522775555 85.5546228520998,28.0873837066805 85.5545745763784,28.0874140729481 85.5545881039681,28.0877036675546 85.5546654937464,28.0877739514044 85.5547550583431,28.0879099726099 85.5549141379651,28.0880544447455 85.5550180484558,28.0880941328729 85.5550789643829,28.0880947744796 85.5551009784426,28.088075709533 85.5550074238802,28.0879126309865</coordinates></LinearRing></outerBoundaryIs></Polygon></MultiGeometry>
  </Placemark>
  <Placemark>
	<Style><LineStyle><color>ff0000ff</color></LineStyle><PolyStyle><fill>0</fill></PolyStyle></Style>
      <MultiGeometry><Polygon><outerBoundaryIs><LinearRing><coordinates>85.5560233031334,28.0877689529016 85.5560970140943,28.0877890255364 85.5561851209722,28.087708906215 85.5562253653862,28.0876282831381 85.5561864118339,28.0876124357366 85.5561214548487,28.087588595923 85.5560566528101,28.0875531796227 85.5560433412601,28.087572336328 85.5560233031334,28.0877689529016</coordinates></LinearRing></outerBoundaryIs></Polygon></MultiGeometry>
  </Placemark>
  <Placemark>
	<Style><LineStyle><color>ff0000ff</color></LineStyle><PolyStyle><fill>0</fill></PolyStyle></Style>
      <MultiGeometry><Polygon><outerBoundaryIs><LinearRing><coordinates>85.5581249939526,28.0868069201173 85.5579222460501,28.0866735707062 85.5578185936001,28.0866145906698 85.5576888347813,28.0865553361031 85.5576366218139,28.0865547871768 85.5576253406146,28.086747636795 85.5576806668646,28.0868408432048 85.5578618655589,28.0869585289918 85.5579880473839,28.08695985534 85.5580579743421,28.0869374341323 85.5581249939526,28.0868069201173</coordinates></LinearRing></outerBoundaryIs></Polygon></MultiGeometry>
  </Placemark>
  <Placemark>
	<Style><LineStyle><color>ff0000ff</color></LineStyle><PolyStyle><fill>0</fill></PolyStyle></Style>
      <MultiGeometry><Polygon><outerBoundaryIs><LinearRing><coordinates>85.5556985200667,28.0863491480203 85.5557262275647,28.08622979946 85.5558578956293,28.0861462795144 85.5558109119195,28.0860801757716 85.5556546353912,28.0860515150811 85.5556117446447,28.0860047511775 85.5556832725207,28.0858627077768 85.5556985981727,28.085693057141 85.5557648450639,28.085620426627 85.5557871167031,28.0855820674423 85.5557364019825,28.0854696120423 85.5557463951825,28.0853732331576 85.5557879300514,28.0851961396673 85.5557724884261,28.0850493213065 85.5557612945565,28.0849102663842 85.5557375124901,28.0847363446731 85.5556773731345,28.08467782113 85.5556505957146,28.084727710962 85.5556872240841,28.0849172053751 85.5556280268647,28.0851134097141 85.5555782545817,28.0852556821586 85.5555064687409,28.0854170196227 85.5554295051261,28.0856400523285 85.5554141790638,28.0858097029201 85.5554221062892,28.0858676768308 85.5554111828802,28.0860335144102 85.5553736881109,28.0862338064578 85.5554156489738,28.0863500291684 85.5555062465652,28.0864088735293 85.5555844625308,28.0864174157609 85.555649780249,28.0864142440698 85.5556985200667,28.0863491480203</coordinates></LinearRing></outerBoundaryIs></Polygon></MultiGeometry>
  </Placemark>
  <Placemark>
	<Style><LineStyle><color>ff0000ff</color></LineStyle><PolyStyle><fill>0</fill></PolyStyle></Style>
      <MultiGeometry><Polygon><outerBoundaryIs><LinearRing><coordinates>85.5581367976576,28.0875519015518 85.5584247965791,28.0874931782836 85.5584553059716,28.0874896395048 85.5584894963093,28.087536311139 85.5585357090403,28.0876602963824 85.558572755663,28.0878189195867 85.5585571763043,28.0880078647641 85.5585911606436,28.0880699716692 85.5586855971511,28.0881674479811 85.5587900762385,28.0881646862499 85.558821771262,28.0880723944593 85.5587929625992,28.0879485921423 85.558735242366,28.0877087051379 85.5586769553703,28.0875112651688 85.5586971432402,28.0873030715484 85.5587932285065,28.0872770654163 85.5591110142891,28.0872688253392 85.5592946368903,28.0872051445562 85.5592864498962,28.0871664649229 85.5590174541776,28.0871057493106 85.5587665847663,28.0869911924864 85.5586049239562,28.0870396658473 85.5585294087416,28.0871546533808 85.5584504701979,28.0872001363268 85.558272023214,28.0872021205203 85.5581295710656,28.0871157174037 85.5578259737193,28.0870391983506 85.5576587750092,28.0871763777441 85.5576399778859,28.0872803829535 85.5577431150732,28.0873779513591 85.5577430119169,28.0873856690029 85.5577422898212,28.0874396925099 85.5577884500684,28.0875675367953 85.5579331200955,28.0874880109199 85.5579944998835,28.0874539218189 85.5581367976576,28.0875519015518</coordinates></LinearRing></outerBoundaryIs></Polygon></MultiGeometry>
  </Placemark>
  <Placemark>
	<Style><LineStyle><color>ff0000ff</color></LineStyle><PolyStyle><fill>0</fill></PolyStyle></Style>
      <MultiGeometry><Polygon><outerBoundaryIs><LinearRing><coordinates>85.5657362623393,28.0822130017001 85.566251721602,28.0820640139753 85.5663135571118,28.0819951913588 85.5663931037277,28.0819033975146 85.5663423280581,28.0817948044726 85.5660914110569,28.0816841199681 85.5659179903318,28.0816359950139 85.5657893094004,28.081495712508 85.5657154034375,28.0811630337255 85.5656123157189,28.0810616123433 85.565297411362,28.0811818199885 85.5653639478689,28.0814140781705 85.565353091771,28.0815760583897 85.5654203466852,28.0817542928113 85.5657362623393,28.0822130017001</coordinates></LinearRing></outerBoundaryIs></Polygon></MultiGeometry>
  </Placemark>
  <Placemark>
	<Style><LineStyle><color>ff0000ff</color></LineStyle><PolyStyle><fill>0</fill></PolyStyle></Style>
      <MultiGeometry><Polygon><outerBoundaryIs><LinearRing><coordinates>85.5660045693882,28.0829799622858 85.5654311670378,28.0829044994341 85.5653079041402,28.0830112730444 85.5655655762088,28.0832686858503 85.5658614417347,28.083271778743 85.5660369159369,28.0831655503195 85.5660808357053,28.0831351343379 85.5660045693882,28.0829799622858</coordinates></LinearRing></outerBoundaryIs></Polygon></MultiGeometry>
  </Placemark>
  <Placemark>
	<Style><LineStyle><color>ff0000ff</color></LineStyle><PolyStyle><fill>0</fill></PolyStyle></Style>
      <MultiGeometry><Polygon><outerBoundaryIs><LinearRing><coordinates>85.5622134867566,28.0833725368516 85.5618760658474,28.0832223444468 85.5616673229081,28.0832124375711 85.5616145971583,28.0832504785268 85.5617513592698,28.0834371619824 85.5619244722247,28.083508445218 85.562081621153,28.0834714985648 85.5622215717654,28.0834189340226 85.5622134867566,28.0833725368516</coordinates></LinearRing></outerBoundaryIs></Polygon></MultiGeometry>
  </Placemark>
  <Placemark>
	<Style><LineStyle><color>ff0000ff</color></LineStyle><PolyStyle><fill>0</fill></PolyStyle></Style>
      <MultiGeometry><Polygon><outerBoundaryIs><LinearRing><coordinates>85.5612022852315,28.0854537144996 85.5607953458237,28.0852950715409 85.5603525698279,28.0852132387211 85.5602653432629,28.0852277608718 85.5605854666735,28.0853700570932 85.5607323726462,28.0854487856566 85.5608010629529,28.0855189748649 85.5609048704989,28.0855663761929 85.5611742238181,28.0856000762125 85.5613046523942,28.0856091627413 85.5613133544932,28.085609253995 85.5612022852315,28.0854537144996</coordinates></LinearRing></outerBoundaryIs></Polygon></MultiGeometry>
  </Placemark>
  <Placemark>
	<Style><LineStyle><color>ff0000ff</color></LineStyle><PolyStyle><fill>0</fill></PolyStyle></Style>
      <MultiGeometry><Polygon><outerBoundaryIs><LinearRing><coordinates>85.5620821155763,28.0690606006443 85.5628324360597,28.0689140843412 85.5627982493135,28.0688674138156 85.5627295677495,28.0687972257863 85.562627007839,28.068657214116 85.5625246536555,28.0685017670134 85.5624748122403,28.0683237135787 85.5624072613652,28.0681686309084 85.5622185176067,28.0679659661643 85.5621593597048,28.0678341275718 85.561988121056,28.0676239271509 85.5617361105168,28.0675981303217 85.56163639445,28.067898116874 85.5616793838608,28.0679371611644 85.5617215509971,28.068037946876 85.5617280931301,28.0682001093123 85.5617762886755,28.0685016458363 85.561825820644,28.068702852517 85.5619456782524,28.0688507647555 85.5620821155763,28.0690606006443</coordinates></LinearRing></outerBoundaryIs></Polygon></MultiGeometry>
  </Placemark>
  <Placemark>
	<Style><LineStyle><color>ff0000ff</color></LineStyle><PolyStyle><fill>0</fill></PolyStyle></Style>
      <MultiGeometry><Polygon><outerBoundaryIs><LinearRing><coordinates>85.5621628547764,28.0695322906071 85.5626091642409,28.0693439966158 85.5626894231478,28.0691981807595 85.5627166554363,28.0691135596151 85.562647049238,28.0691128306739 85.5623679052427,28.0691639383177 85.5620444349417,28.0692763310301 85.5621628547764,28.0695322906071</coordinates></LinearRing></outerBoundaryIs></Polygon></MultiGeometry>
  </Placemark>
  <Placemark>
	<Style><LineStyle><color>ff0000ff</color></LineStyle><PolyStyle><fill>0</fill></PolyStyle></Style>
      <MultiGeometry><Polygon><outerBoundaryIs><LinearRing><coordinates>85.5625921420876,28.0699690375989 85.562253425778,28.0699191771979 85.5619563639489,28.0700086900086 85.5618675053494,28.0701466965111 85.5619873645266,28.0702946087445 85.5620912610784,28.0703342910762 85.5624054172007,28.0702681133216 85.5627130293652,28.07003977243 85.5625921420876,28.0699690375989</coordinates></LinearRing></outerBoundaryIs></Polygon></MultiGeometry>
  </Placemark>
  <Placemark>
	<Style><LineStyle><color>ff0000ff</color></LineStyle><PolyStyle><fill>0</fill></PolyStyle></Style>
      <MultiGeometry><Polygon><outerBoundaryIs><LinearRing><coordinates>85.5324949871039,28.0405895654607 85.5326926403756,28.0407692080751 85.532740376712,28.0407774368057 85.5328011082575,28.0407896637144 85.5328657177218,28.0408366663061 85.5328956907862,28.0408717207776 85.5329115690103,28.0409838119734 85.532893177292,28.0410569434352 85.5328739476967,28.0411918157763 85.5328900353906,28.0412884717499 85.532971570768,28.0413703893908 85.5330277440181,28.0413980049747 85.5330658921217,28.0414717403809 85.5331080753473,28.0415686750644 85.5331721094852,28.0416581243894 85.5332320039144,28.0417320920147 85.5333006492392,28.041802293708 85.5333734868389,28.0418841182331 85.5334380448493,28.0419349793882 85.5334939567878,28.0419818888238 85.533614583979,28.0420680828977 85.5337310191298,28.0421426540181 85.5337824250499,28.0422010933268 85.5338384942775,28.0422364262124 85.5339295668754,28.0422566952899 85.5341029613519,28.0423009992265 85.5342334389461,28.0423023918814 85.5343380826076,28.0422842118806 85.534473589491,28.0422354862278 85.534613445507,28.042186806844 85.5347755183405,28.0421036300544 85.5348557397603,28.0419616893717 85.5347403499878,28.04180994302 85.5347889237491,28.0417564301298 85.5347774973179,28.0416366678705 85.5346518927544,28.0415967340877 85.5345127698444,28.0415913902351 85.5343029084162,28.04167019736 85.5342717837006,28.0417200369358 85.5341148974937,28.0417415186527 85.5340726609662,28.0416484430513 85.5340124520321,28.0415976286135 85.5339311249876,28.0415002763296 85.5339060239252,28.0414266804285 85.5338456058657,28.0413913011508 85.5337151817296,28.0413860493624 85.5334969881562,28.0414377507372 85.5334279241485,28.0413984195908 85.5333385799069,28.0412508096131 85.5333184043567,28.0411348131997 85.5332683603085,28.0409760447817 85.5332871705613,28.04087204281 85.533357752271,28.0407994686348 85.5334675289244,28.0407234535927 85.5334514407707,28.0406267976628 85.533335687928,28.0405020618756 85.5332806143882,28.0403934114958 85.5332112893544,28.0403733742943 85.5330024243093,28.0403788621856 85.5329552640936,28.0403281866875 85.5329132385246,28.0402196755462 85.5328621481639,28.0401380831146 85.5327931899427,28.0400910340704 85.532781137422,28.0400175773758 85.5327214536781,28.039928174361 85.5326793761137,28.0398235219624 85.5326721965365,28.0397115236677 85.5326293859011,28.039660894535 85.532490946564,28.0396053842591 85.5323259411061,28.0395843242417 85.5322345567781,28.0395872070194 85.532099104759,28.0396320717632 85.5320944412766,28.0396551781082 85.5321068600279,28.0397016232147 85.532149827591,28.0397406760871 85.5322099822314,28.0397953500876 85.5322481292531,28.0398690856951 85.5322342960136,28.03992682833 85.5321899662777,28.0399881044039 85.5321714171127,28.0400728121811 85.5321788057289,28.0401693752592 85.5322126560693,28.0402392055905 85.532272496697,28.0403170323993 85.5322981202557,28.0403520405121 85.5323803878376,28.0403799352046 85.5324192684885,28.040399647503 85.5324359842464,28.0404499978626 85.5324949871039,28.0405895654607</coordinates></LinearRing></outerBoundaryIs></Polygon></MultiGeometry>
  </Placemark>
  <Placemark>
	<Style><LineStyle><color>ff0000ff</color></LineStyle><PolyStyle><fill>0</fill></PolyStyle></Style>
      <MultiGeometry><Polygon><outerBoundaryIs><LinearRing><coordinates>85.5346674387614,28.0430171465598 85.5350959693067,28.0428519062405 85.5352752307804,28.0427843496976 85.535336852565,28.0427309757891 85.5354037122962,28.0426120484846 85.5354882303053,28.0424740126174 85.535467268131,28.0424158985794 85.5353025190652,28.0423755479195 85.5352240232793,28.0423901481832 85.5348930612733,28.0424174927211 85.5347146370489,28.0424233078595 85.5346204179188,28.0423142403107 85.5345069188253,28.0423439041275 85.5343049696613,28.0424806861199 85.5342163101879,28.0426032395536 85.5342974290068,28.0427160269218 85.5343522953937,28.0428401121689 85.5344593532646,28.0429647543699 85.5345808192671,28.0429892067402 85.5346674387614,28.0430171465598</coordinates></LinearRing></outerBoundaryIs></Polygon></MultiGeometry>
  </Placemark>
  <Placemark>
	<Style><LineStyle><color>ff0000ff</color></LineStyle><PolyStyle><fill>0</fill></PolyStyle></Style>
      <MultiGeometry><Polygon><outerBoundaryIs><LinearRing><coordinates>85.5350905059771,28.0442180633594 85.5353765063992,28.0439779738805 85.5354205747189,28.0439359908461 85.535478475143,28.0438362648218 85.5355192395874,28.0437170592021 85.5355991999821,28.0435944121682 85.5357737472495,28.0435538202996 85.5358661802359,28.0434737591093 85.5358537594972,28.0434273142901 85.5357805008386,28.0433763614605 85.5357290932736,28.0433179228477 85.5355853051081,28.043335686476 85.5354153688354,28.0433570304591 85.5352920199671,28.0434714958991 85.5351910448296,28.0435398874807 85.5350690028327,28.0435578825082 85.5349299819569,28.0435448213687 85.5347564282093,28.0435120948177 85.5345870146397,28.043494849689 85.5345203626851,28.0435983412996 85.5345617109989,28.0437570164951 85.5346129088715,28.0438308907524 85.5347166647776,28.0438783102371 85.5347378883147,28.0439171303388 85.5348102053596,28.0440375422417 85.5348531755888,28.0440765943463 85.5349050537025,28.0441003040129 85.5349697706342,28.0441395880876 85.5350172994755,28.0441632513144 85.5350905059771,28.0442180633594</coordinates></LinearRing></outerBoundaryIs></Polygon></MultiGeometry>
  </Placemark>
  <Placemark>
	<Style><LineStyle><color>ff0000ff</color></LineStyle><PolyStyle><fill>0</fill></PolyStyle></Style>
      <MultiGeometry><Polygon><outerBoundaryIs><LinearRing><coordinates>85.5358072161658,28.0446155027761 85.5359547804718,28.044640232245 85.5360245791275,28.0446255388933 85.5360946913153,28.0445876926522 85.5361605586191,28.0445420823932 85.5362833331184,28.0444700631035 85.53639657282,28.0444596919403 85.5365185111925,28.0444494133844 85.5366802204863,28.044393246115 85.5367854926637,28.0443287585932 85.5368905558011,28.0442797062269 85.5370173133026,28.0442347442614 85.537170010056,28.0442016365877 85.5373745332552,28.044196096307 85.5374698531825,28.0442241270637 85.5379642685049,28.044333594603 85.5382602325244,28.0443213077539 85.5384650690102,28.0442926129768 85.5384966621806,28.0442080431045 85.5384662689859,28.0442038602743 85.5382228626169,28.0441896914577 85.5380930087439,28.044141996756 85.5379317702129,28.0441634364229 85.5378231934189,28.0441507023066 85.5377200099716,28.0440608381787 85.5375983331194,28.0440518237643 85.537428291573,28.0440808878325 85.5373892520156,28.0440727533125 85.5372150177121,28.0440901943569 85.5370810240054,28.0440270171469 85.5370738920072,28.043911160155 85.5370977274572,28.0437570393737 85.5371610199383,28.0435801826818 85.5370827845736,28.0435754899263 85.5369605860951,28.0436050630785 85.536811821608,28.0436690873766 85.5366797751513,28.0437834614198 85.5365047576165,28.0438587837279 85.5364068782561,28.0440198340006 85.5363316857389,28.0441116574001 85.5361628979454,28.0440481084605 85.5361069837703,28.0440012000413 85.5358410477553,28.0440446773463 85.5358046851192,28.0441600706291 85.5356862077454,28.0442359946802 85.5354157648373,28.0442910011788 85.5351581082343,28.0443654403521 85.535144171261,28.0444309008953 85.5352089407669,28.0444663260588 85.535330042645,28.044517789484 85.5355208910293,28.0445584185193 85.5358072161658,28.0446155027761</coordinates></LinearRing></outerBoundaryIs></Polygon></MultiGeometry>
  </Placemark>
  <Placemark>
	<Style><LineStyle><color>ff0000ff</color></LineStyle><PolyStyle><fill>0</fill></PolyStyle></Style>
      <MultiGeometry><Polygon><outerBoundaryIs><LinearRing><coordinates>85.535003641313,28.0448500725688 85.5353226180203,28.0450657401383 85.5353918418961,28.0450934940037 85.5355266723038,28.0450949319443 85.5356705673794,28.0450694508548 85.5357887843553,28.0450128209015 85.5357592274062,28.0449468965387 85.535663750528,28.0449304410136 85.5355988237621,28.0449065924743 85.5354475372186,28.0448355105368 85.5353788363313,28.044769168629 85.5353147463115,28.0446835790413 85.5352418531188,28.0446056142589 85.5351641923553,28.0445584735057 85.5350428813362,28.0445224451641 85.5350157393383,28.044599342917 85.535010396348,28.0446726138508 85.535003641313,28.0448500725688</coordinates></LinearRing></outerBoundaryIs></Polygon></MultiGeometry>
  </Placemark>
  <Placemark>
	<Style><LineStyle><color>ff0000ff</color></LineStyle><PolyStyle><fill>0</fill></PolyStyle></Style>
      <MultiGeometry><Polygon><outerBoundaryIs><LinearRing><coordinates>85.5121013874827,28.0014446245353 85.5122127840937,28.001531486241 85.5122125226221,28.0015505180784 85.5122333768601,28.0015935717865 85.5122654099541,28.0016034358103 85.5122922131448,28.0016037258922 85.5123295415235,28.0016184058767 85.5123938038325,28.0016238599945 85.5124264251802,28.0015909023441 85.512389750398,28.0015286427885 85.5123689614688,28.0014808311421 85.5123108442383,28.0014183395155 85.512268547492,28.0013750537545 85.5122262507793,28.0013317679815 85.5121736904378,28.0012550604411 85.5120887049797,28.0011970365858 85.5120462776593,28.0011632666803 85.5119131775891,28.001095204574 85.5117150965068,28.0010740254989 85.511672996306,28.0010164656912 85.5116146181575,28.000973005625 85.5115021762446,28.0009622707999 85.5114157525609,28.0010089216261 85.511382607877,28.0010799426972 85.5113864642171,28.0011894337777 85.5114451039847,28.0012138621089 85.5115795117788,28.001186765498 85.511648872827,28.0012113098292 85.5117179723528,28.0012548859605 85.5117924325569,28.0012985200937 85.5118669582047,28.0013373962299 85.5119732553961,28.001405168252 85.5121013874827,28.0014446245353</coordinates></LinearRing></outerBoundaryIs></Polygon></MultiGeometry>
  </Placemark>
  <Placemark>
	<Style><LineStyle><color>ff0000ff</color></LineStyle><PolyStyle><fill>0</fill></PolyStyle></Style>
      <MultiGeometry><Polygon><outerBoundaryIs><LinearRing><coordinates>85.5133663750739,28.0022482497237 85.5135116357445,28.0022117512845 85.5135385697239,28.0022025252057 85.5135710602994,28.0021790832032 85.5135983861184,28.0021413093407 85.5136523846365,28.0021133412174 85.5137222039115,28.0021045788046 85.5138025486105,28.0021102061593 85.5138774020599,28.0021252914375 85.5139412077264,28.0021640505843 85.5140055357667,28.0021647460008 85.5140490087283,28.002122387929 85.5140174323314,28.0020792185694 85.5139702963042,28.0019978116479 85.5139869659101,28.0019551638345 85.5139607502417,28.001912052414 85.5138753714987,28.0018825773889 85.5138271255968,28.0018820557885 85.5136119810002,28.001932074943 85.5135632779142,28.0019648589832 85.5134556728474,28.0019922473722 85.5133591156468,28.0019959618176 85.5132621665044,28.0020282239628 85.513165347962,28.002050970115 85.5131122639763,28.0020123265903 85.5131075566143,28.0019646889959 85.5131191272097,28.0019029514716 85.5131524670354,28.0018176560721 85.5131209564177,28.0017697285607 85.5130297600643,28.0017735007658 85.5128792045409,28.0018051827604 85.5127984680844,28.0018281026387 85.5127606168079,28.0018514864594 85.5127173395161,28.0018795702294 85.5127006694306,28.0019222178704 85.5127109333108,28.0019556395921 85.5127534918377,28.0019798933881 85.5128069023886,28.0019947472445 85.5128335096571,28.0020093111056 85.5128705115518,28.0020477807526 85.5129077094892,28.002071976509 85.5129447767689,28.002105688177 85.5129385667151,28.002167483672 85.5129056839778,28.0022194732823 85.5129317686082,28.0022721008097 85.5130013266856,28.0022823706116 85.5130871627951,28.0022785404561 85.5131301788429,28.0022694884169 85.5132694910272,28.0022757539031 85.5133663750739,28.0022482497237</coordinates></LinearRing></outerBoundaryIs></Polygon></MultiGeometry>
  </Placemark>
  <Placemark>
	<Style><LineStyle><color>ff0000ff</color></LineStyle><PolyStyle><fill>0</fill></PolyStyle></Style>
      <MultiGeometry><Polygon><outerBoundaryIs><LinearRing><coordinates>85.5145025855231,28.0026697785774 85.5145726661805,28.0026419838898 85.5145941089611,28.0026422156038 85.514626534192,28.0026235313132 85.5146645158947,28.0025906310482 85.5146597425712,28.0025477514475 85.5146438562908,28.0025333037788 85.5145853455672,28.0024993608343 85.5145427864037,28.0024751075838 85.5144789803303,28.0024363487027 85.514431060533,28.002412037487 85.5142553983183,28.0023197242507 85.514180936374,28.0022760913931 85.514101179104,28.0022276425878 85.5140206384231,28.0022362892922 85.513977034818,28.0022881632775 85.5139813508167,28.0023643486309 85.5139808284764,28.0024024123316 85.5139584063444,28.0024735499614 85.5139740966416,28.002502271593 85.5139952782197,28.0025215352494 85.5140481669078,28.0025744523398 85.5141228901421,28.0025990534223 85.5141547278662,28.0026231909108 85.5141756483615,28.0026614863925 85.5142180116595,28.0027000136444 85.5143522902011,28.0026824302976 85.514389880353,28.0026780778923 85.5144647342887,28.0026931628676 85.5145025855231,28.0026697785774</coordinates></LinearRing></outerBoundaryIs></Polygon></MultiGeometry>
  </Placemark>
  <Placemark>
	<Style><LineStyle><color>ff0000ff</color></LineStyle><PolyStyle><fill>0</fill></PolyStyle></Style>
      <MultiGeometry><Polygon><outerBoundaryIs><LinearRing><coordinates>85.5127136125307,28.0017605632237 85.5128591340852,28.0017050336128 85.5129184278632,28.0016818817298 85.5129454924255,28.0016631398418 85.5129564750532,28.0016442239788 85.5129352938318,28.0016249601737 85.5128439669193,28.0016382481814 85.5127901644793,28.0016519421084 85.5127153768804,28.001632098295 85.5126245727424,28.0016073224739 85.5125282773026,28.0015920045078 85.5124850000611,28.0016200882074 85.5124845425676,28.0016533939264 85.5125106268664,28.0017060215249 85.5125475631899,28.001749249212 85.5125848916559,28.0017639291301 85.5126438587719,28.0017645671697 85.5127136125307,28.0017605632237</coordinates></LinearRing></outerBoundaryIs></Polygon></MultiGeometry>
  </Placemark>
  <Placemark>
	<Style><LineStyle><color>ff0000ff</color></LineStyle><PolyStyle><fill>0</fill></PolyStyle></Style>
      <MultiGeometry><Polygon><outerBoundaryIs><LinearRing><coordinates>85.5138575980967,28.0023963214288 85.5139063665948,28.0023587793278 85.513879889682,28.0023346997415 85.513832100671,28.0023008723988 85.5137735250395,28.0022716870844 85.5136880807693,28.0022469698975 85.5136397694021,28.0022512061871 85.5136445423126,28.002294085809 85.5136815445986,28.0023325552509 85.5136918088179,28.0023659769105 85.5137396631137,28.002395046339 85.5137878439411,28.002400325941 85.5138575980967,28.0023963214288</coordinates></LinearRing></outerBoundaryIs></Polygon></MultiGeometry>
  </Placemark>
  <Placemark>
	<Style><LineStyle><color>ff0000ff</color></LineStyle><PolyStyle><fill>0</fill></PolyStyle></Style>
      <MultiGeometry><Polygon><outerBoundaryIs><LinearRing><coordinates>85.5117716449724,28.0008604977168 85.5118083191835,28.0009227574208 85.5118027624276,28.0009369732639 85.5117860921505,28.0009796207914 85.5118070115011,28.0010179165981 85.5118497656008,28.0010278967785 85.5119197804106,28.0010048613817 85.5119576315524,28.0009814777854 85.5119905143288,28.0009294883961 85.5119860036142,28.0008675768988 85.5119287368423,28.0007432316556 85.5118708163917,28.0006664659837 85.5117539295677,28.0005890619183 85.5116527323226,28.0005403796291 85.5115626486949,28.0004632656013 85.5114996296596,28.0003674099091 85.5113882348012,28.0002805476791 85.5113023348666,28.0002891347914 85.5112690595407,28.0003696717643 85.5113053408754,28.000460479338 85.5113639148339,28.0004896656486 85.5113844415367,28.0005565092623 85.5114371971876,28.0006189432027 85.5115118530351,28.0006483035955 85.5115434280153,28.000691473485 85.5115642818334,28.0007345272832 85.5116013482395,28.0007682392862 85.5116758734578,28.0008071155122 85.5117716449724,28.0008604977168</coordinates></LinearRing></outerBoundaryIs></Polygon></MultiGeometry>
  </Placemark>
  <Placemark>
	<Style><LineStyle><color>ff0000ff</color></LineStyle><PolyStyle><fill>0</fill></PolyStyle></Style>
      <MultiGeometry><Polygon><outerBoundaryIs><LinearRing><coordinates>85.5110690139954,28.000881441117 85.5110163892801,28.0008094911264 85.5109038167727,28.0008082717344 85.5108613245611,28.0007792594383 85.5108462241658,28.0007077158731 85.5108474018246,28.0006220726472 85.5107892859406,28.0005595804211 85.5107466629967,28.0005400840073 85.5107044326566,28.0004920398399 85.5106727272095,28.0004583856851 85.5105713997349,28.0004192185353 85.5104809898051,28.000365893613 85.5104439238943,28.0003321813247 85.5104395449594,28.0002607538936 85.5104138546598,28.0001795782052 85.510383327391,28.0000602807741 85.5103682273912,27.9999887371652 85.5103318161014,27.9999074452872 85.5102467018094,27.9998589362731 85.5101717850611,27.9998486070483 85.5101763601742,27.9999057606164 85.5102121168292,28.0000346320917 85.510147070165,28.0000862724638 85.5100610394079,28.000104374714 85.5100977123781,28.0001666348334 85.5101666142328,28.0002244855688 85.5102194999102,28.0002774040345 85.5102613372469,28.0003539960765 85.5102923880412,28.0004352298803 85.5103720113257,28.0004931967041 85.5104088809328,28.0005411828807 85.5104560790841,28.0006178329569 85.5105038008251,28.0006564193688 85.5106374883299,28.0006816611808 85.5106585380811,28.000710441233 85.510673703785,28.0007772268575 85.5107422137508,28.0008636250657 85.5107632635636,28.0008924051036 85.5108001989048,28.0009356332277 85.5108805425039,28.0009412622525 85.5109235581657,28.000932210889 85.5110253441807,28.0009380720994 85.5110467865894,28.0009383043537 85.5110690139954,28.000881441117</coordinates></LinearRing></outerBoundaryIs></Polygon></MultiGeometry>
  </Placemark>
  <Placemark>
	<Style><LineStyle><color>ff0000ff</color></LineStyle><PolyStyle><fill>0</fill></PolyStyle></Style>
      <MultiGeometry><Polygon><outerBoundaryIs><LinearRing><coordinates>85.5119218685436,28.0031938703986 85.5121636891496,28.0031536600632 85.5122069671021,28.0031255764976 85.5122072939644,28.0031017867064 85.5121648658878,28.0030680168165 85.5121274716675,28.0030580947299 85.5120419618316,28.0030381344709 85.5119730572114,28.0029802845912 85.5118664969742,28.0029315443551 85.5117966116684,28.0029450637552 85.5117271840984,28.0029252774178 85.5116899861565,28.0029010813436 85.5116144131616,28.0029383323948 85.5115064142793,28.0029942669386 85.511473465196,28.0030510141207 85.5114885008563,28.0031273155786 85.5115521099822,28.0031803496893 85.511595126497,28.0031712981505 85.5116485374469,28.0031861524711 85.5117129314215,28.0031820910264 85.5118307363743,28.0031928838021 85.5119218685436,28.0031938703986</coordinates></LinearRing></outerBoundaryIs></Polygon></MultiGeometry>
  </Placemark>
</Folder>
</Document></kml>
