<?xml version="1.0" encoding="utf-8" ?>
<kml xmlns="http://www.opengis.net/kml/2.2">
<Document id="root_doc">
<Folder><name>cloud_Nov2014</name>
  <Placemark>
	<Style><LineStyle><color>ff0000ff</color></LineStyle><PolyStyle><fill>0</fill></PolyStyle></Style>
      <MultiGeometry><Polygon><outerBoundaryIs><LinearRing><coordinates>85.4856542446383,28.0718467084195 85.4857699886588,28.0719073362398 85.485830616479,28.07196245244 85.4858471513391,28.0720616616004 85.4858526629591,28.0721498475207 85.4858802210592,28.072210475341 85.4859077791593,28.0722380334411 85.4859353372594,28.0723151961214 85.4859408488795,28.0723648007016 85.4858967559193,28.0724419633819 85.4858857326792,28.0724860563421 85.4858912442993,28.0725687306424 85.4858526629591,28.0726514049428 85.485830616479,28.0726844746629 85.485836128099,28.0727506141031 85.4858691978192,28.0728443116435 85.4858636861992,28.0728939162237 85.4858747094392,28.0729380091839 85.4858416397191,28.0730427299643 85.4857589654187,28.0731364275047 85.4857038492185,28.0731805204649 85.485588105198,28.073208078565 85.4855329889978,28.0732521715252 85.4855219657578,28.0733072877254 85.4855109425177,28.0733679155456 85.4854503146975,28.0734175201258 85.4852959893369,28.073472636326 85.4852684312368,28.0735001944262 85.4852353615166,28.0735938919665 85.4852243382766,28.0736545197868 85.4852078034165,28.073709635987 85.4851802453164,28.0737702638072 85.4851141058761,28.0738143567674 85.485081036156,28.0738474264876 85.4850314315758,28.0738474264876 85.4849873386156,28.0738584497276 85.4849267107954,28.0738970310678 85.4849101759353,28.0739301007879 85.4849101759353,28.073968682128 85.4848440364951,28.0740348215683 85.484821990015,28.0740844261485 85.4847778970548,28.0741174958686 85.4847062459945,28.0741395423487 85.4846731762744,28.0741671004488 85.4846456181743,28.0741946585489 85.484584990354,28.0742222166491 85.4845353857738,28.0742387515091 85.4844857811936,28.0742663096092 85.4844031068933,28.0742993793294 85.4843755487932,28.0742497747492 85.4843700371732,28.0741836353089 85.484342479073,28.0741230074887 85.4842818512528,28.0741119842486 85.4841826420924,28.0740734029085 85.4841109910321,28.0740293099483 85.4839787121516,28.0739962402282 85.4839511540515,28.0739907286081 85.4838684797511,28.0740072634682 85.4838464332711,28.0740458448083 85.4838133635509,28.0741064726286 85.4837417124906,28.0741615888288 85.4837141543905,28.074200170169 85.4837527357307,28.0742663096092 85.4837747822108,28.0743600071496 85.4837417124906,28.07445370469 85.4836369917102,28.0745198441303 85.48358187551,28.0746025184306 85.4835708522699,28.0746576346308 85.4836700614303,28.0747513321712 85.4837858054508,28.0747513321712 85.4839070610913,28.0747788902713 85.4839456424315,28.0747954251314 85.4840393399718,28.0747899135113 85.484072409692,28.0747403089311 85.4841054794121,28.0747292856911 85.4841661072323,28.0747568437912 85.4841991769525,28.0747899135113 85.4842046885725,28.0748505413316 85.484088944552,28.0748780994317 85.4840668980719,28.0748836110517 85.4839125727113,28.0748946342918 85.4838188751709,28.0749221923919 85.4837306892506,28.074944238872 85.4836480149503,28.0749332156319 85.4835102244497,28.0749387272519 85.4834165269093,28.074960773732 85.4832842480288,28.0749828202121 85.4832677131687,28.0750379364123 85.4834165269093,28.0750599828924 85.4835322709298,28.0750434480324 85.48359289875,28.0750434480324 85.4836425033302,28.0750710061325 85.4837196660105,28.0750765177525 85.483829898411,28.0750269131723 85.4840062702517,28.0750158899322 85.484088944552,28.0750048666922 85.4841991769525,28.0749883318321 85.4842763396328,28.0749993550722 85.484325944213,28.0750324247923 85.4844031068933,28.0750324247923 85.4844196417533,28.074955262112 85.4844582230935,28.0749111691518 85.4845519206339,28.0748836110517 85.4846401065542,28.0748560529516 85.4847172692346,28.0747844018913 85.4847338040946,28.0747733786513 85.4847613621947,28.0746245649107 85.4847723854348,28.0745804719505 85.4848054551549,28.0745198441303 85.4848936410753,28.0744867744101 85.4849322224154,28.0745308673703 85.4849211991754,28.0745529138504 85.4849432456555,28.0746025184306 85.4849763153756,28.0745914951905 85.4850314315758,28.0745143325102 85.485075524536,28.0744867744101 85.4852629196167,28.0744371698299 85.4854448030775,28.0743875652497 85.4854778727976,28.0743710303897 85.4855274773778,28.0743434722895 85.485588105198,28.0743820536297 85.4856321981582,28.0743985884898 85.4856873143584,28.0744151233498 85.4857589654187,28.0744867744101 85.4860014766997,28.0745584254704 85.4861117091001,28.0745418906103 85.4861668253004,28.0745198441303 85.4862605228407,28.0745474022304 85.4863817784812,28.0745749603305 85.4864754760216,28.0745584254704 85.4865581503219,28.0745474022304 85.4865912200421,28.0745198441303 85.4866132665222,28.0744922860301 85.4866904292025,28.07444819307 85.486817196463,28.0744426814499 85.4868392429431,28.0744041001098 85.4868668010432,28.0743159141894 85.4869274288634,28.0742442631292 85.4869880566837,28.0741891469289 85.4870156147838,28.0741064726286 85.4870321496438,28.0740072634682 85.487059707744,28.073957658888 85.4870982890841,28.0739080543078 85.4871038007041,28.0738419148675 85.4871203355642,28.0737592405672 85.4871864750045,28.0736545197868 85.4872140331046,28.0736049152066 85.4871974982445,28.0735553106264 85.4871754517644,28.0734891711861 85.4871699401444,28.0733844504057 85.4871478936643,28.0732907528653 85.4871258471842,28.073208078565 85.4871203355642,28.0731474507447 85.487081754224,28.0731198926446 85.487076242604,28.0730868229245 85.4870927774641,28.0729876137641 85.4871203355642,28.0729159627038 85.4871313588042,28.0728608465036 85.4871038007041,28.072712032763 85.487081754224,28.0726403817027 85.4870266380238,28.0725852655025 85.4869990799237,28.0725356609223 85.4869604985836,28.072475033102 85.4869604985836,28.0723758239417 85.4869660102036,28.0723151961214 85.4868833359032,28.0721994521009 85.4868502661831,28.0721553591408 85.486822708083,28.0720781964605 85.4867400337827,28.0720561499804 85.4866132665222,28.0720285918803 85.4864644527816,28.0720010337801 85.4856542446383,28.0718467084195</coordinates></LinearRing></outerBoundaryIs></Polygon></MultiGeometry>
  </Placemark>
  <Placemark>
	<Style><LineStyle><color>ff0000ff</color></LineStyle><PolyStyle><fill>0</fill></PolyStyle></Style>
      <MultiGeometry><Polygon><outerBoundaryIs><LinearRing><coordinates>85.4885974497301,28.0721774056208 85.4885423335299,28.0723096845014 85.4884872173297,28.0723703123216 85.4884321011295,28.0724309401419 85.4883714733092,28.072464009862 85.4883328919691,28.0725136144422 85.488327380349,28.0725797538825 85.4882998222489,28.0725852655025 85.4882171479486,28.0726018003626 85.4881344736483,28.0726238468426 85.488057310968,28.0726458933227 85.4879911715277,28.072712032763 85.4879636134276,28.0728277767835 85.4879525901875,28.0729104510838 85.4879470785675,28.0730206834842 85.4879636134276,28.0731750088449 85.4879415669475,28.0732852412453 85.4879415669475,28.0733679155456 85.4879360553275,28.0734395666059 85.4878974739873,28.0735277525263 85.4879250320874,28.0736214500666 85.4879581018076,28.0737261708471 85.4879856599077,28.0738088451474 85.4880187296278,28.0739025426878 85.4880077063878,28.0739907286081 85.4880517993479,28.0741340307287 85.4881179387882,28.0742442631291 85.4881730549884,28.0743048909494 85.4882391944287,28.0743434722895 85.488321868729,28.0744151233498 85.4884155662694,28.07446472793 85.4884927289497,28.0745529138504 85.4886194962102,28.0746576346308 85.4886580775504,28.0746631462508 85.4886911472705,28.0746907043509 85.4887407518507,28.0747568437912 85.4887572867108,28.0748505413316 85.4887958680509,28.0748780994317 85.4888399610111,28.0749001459118 85.4889612166516,28.074955262112 85.4890328677119,28.0749828202121 85.489071449052,28.0750489596524 85.4890990071521,28.0750985642326 85.4891320768723,28.0751757269129 85.4891816814525,28.075208796633 85.4892092395526,28.0752473779732 85.4892753789929,28.0753245406535 85.4893249835731,28.0753245406535 85.4894186811134,28.0753465871336 85.4894737973137,28.0753906800937 85.4895289135139,28.0753851684737 85.489556471614,28.0753851684737 85.4896115878142,28.0754237498139 85.4896667040144,28.0753906800937 85.4897218202147,28.0753024941734 85.4897328434547,28.075208796633 85.4896556807744,28.0750985642326 85.4896115878142,28.0750765177525 85.4895840297141,28.0749938434522 85.489573006474,28.0749277040119 85.4895234018938,28.0748836110517 85.4895123786538,28.0748174716114 85.4895178902738,28.0747182624511 85.4895013554138,28.0745474022304 85.4894848205537,28.0745363789903 85.4894572624536,28.0744757511701 85.4894737973136,28.0744261465899 85.4896115878142,28.0743875652497 85.4896997737345,28.0743489839096 85.489821029375,28.0743104025694 85.4899698431156,28.0743048909494 85.4900304709359,28.0742552863692 85.4901076336162,28.0742332398891 85.4902233776367,28.074211193409 85.4902564473568,28.0741450539687 85.4903777029973,28.0741119842486 85.4903777029973,28.0740678912884 85.4903997494774,28.0739852169881 85.4904658889176,28.0739080543078 85.490570609698,28.0738694729676 85.4907028885786,28.0737867986673 85.4907745396389,28.0737647521872 85.4909453998596,28.0737427057071 85.4910170509198,28.073709635987 85.49105012064,28.0736379849267 85.4911879111405,28.0735883803465 85.4912154692406,28.0736049152066 85.4912650738208,28.0736655430268 85.4913532597412,28.0736931011269 85.4914634921416,28.0736820778869 85.491546166442,28.0736931011269 85.4916178175022,28.0736765662669 85.4916508872224,28.0736545197868 85.4917225382827,28.0736159384466 85.4917666312428,28.0735332641463 85.491805212583,28.0734891711861 85.4919099333634,28.0734781479461 85.4919595379436,28.0734946828061 85.4919981192838,28.0735222409062 85.4920311890039,28.0735167292862 85.492058747104,28.073467124706 85.4920918168242,28.0734064968858 85.4920697703441,28.0733624039256 85.4919430030835,28.0732907528653 85.4919209566035,28.0731860320849 85.4917225382827,28.0730978461645 85.4913257016411,28.0729214743238 85.490818632599,28.0726734514228 85.4897107969746,28.0724199169018 85.4885974497301,28.0721774056208</coordinates></LinearRing></outerBoundaryIs></Polygon></MultiGeometry>
  </Placemark>
  <Placemark>
	<Style><LineStyle><color>ff0000ff</color></LineStyle><PolyStyle><fill>0</fill></PolyStyle></Style>
      <MultiGeometry><Polygon><outerBoundaryIs><LinearRing><coordinates>85.4698138486947,28.0791771630489 85.4696705465741,28.0793866046098 85.4695933838938,28.07943069757 85.4694941747334,28.0794968370102 85.4694611050133,28.0795519532105 85.4694170120531,28.0796401391308 85.4693729190929,28.079684232091 85.4691745007721,28.0798054877315 85.4689760824513,28.0799928828122 85.4687666408905,28.0801251616928 85.4687225479303,28.0802023243731 85.4686784549701,28.0802684638133 85.4685020831294,28.0803897194538 85.4681934324082,28.0803676729737 85.4680170605675,28.0802905102934 85.4677635260465,28.0802684638133 85.4676202239259,28.0803015335335 85.4674879450453,28.0803566497337 85.4674879450453,28.080433812414 85.4676312471659,28.080444835654 85.4678737584469,28.0804999518543 85.4681052464878,28.0807093934151 85.4682485486084,28.0808196258155 85.4683698042489,28.0808416722956 85.4687445944104,28.0807975793354 85.4689099430111,28.0807975793354 85.4691304078119,28.0807975793354 85.4692296169723,28.0807093934151 85.4693729190929,28.0806432539748 85.4694611050133,28.0805771145346 85.4695492909336,28.0804668821341 85.4696705465741,28.0803566497337 85.4698138486947,28.0802353940932 85.4699571508153,28.0801141384527 85.470133522656,28.0800149292923 85.4702768247765,28.0798936736518 85.4704201268971,28.0798165109715 85.4705964987378,28.079684232091 85.4707398008584,28.0795299067304 85.4708169635387,28.0794747905301 85.470894126219,28.0793535348897 85.4710264050996,28.0791771630489 85.4711697072201,28.0789787447282 85.4712799396206,28.0788795355678 85.4714893811814,28.0788023728874 85.471621660062,28.078692140487 85.4716988227423,28.0785708848465 85.4719633805033,28.0785598616065 85.4721617988241,28.0785708848465 85.4723271474248,28.0784937221662 85.4723932868651,28.0784275827259 85.4725255657456,28.0783393968056 85.4726468213861,28.0782622341253 85.4728562629469,28.078196094685 85.4730326347876,28.078185071445 85.473131843948,28.0781630249649 85.4733523087489,28.0781189320047 85.4735617503097,28.0780638158045 85.4737160756704,28.077942560164 85.4739144939912,28.0777551650832 85.4740688193518,28.0775677700025 85.4741790517522,28.0775236770423 85.4743995165531,28.0775016305622 85.4745207721936,28.077435491122 85.4747522602345,28.0773913981618 85.4749176088352,28.0773252587215 85.4751601201162,28.0772480960412 85.4753364919569,28.0771709333609 85.4755128637976,28.0770937706806 85.4756671891582,28.0770386544804 85.4758104912788,28.0770055847602 85.4759978863595,28.0770717242005 85.4761411884801,28.0770827474405 85.4762624441206,28.0770827474405 85.4764057462412,28.0770827474405 85.4766813272423,28.0771268404007 85.4767364434425,28.0771378636408 85.4767364434425,28.0771158171607 85.4766923504823,28.0770607009604 85.476604164562,28.0770055847602 85.4765380251217,28.0769725150401 85.4763947230011,28.0768953523598 85.4762073279204,28.0768622826397 85.4759758398794,28.0768181896795 85.4759317469193,28.076696934039 85.4760089095996,28.0766087481186 85.4760199328396,28.0765205621983 85.4760860722799,28.0765205621983 85.4762403976405,28.0764985157182 85.4764277927213,28.0764213530379 85.4764498392013,28.0763552135976 85.4764939321615,28.0762339579571 85.4764498392013,28.076200888237 85.4762624441206,28.0762339579571 85.4761522117201,28.0763221438775 85.4760309560797,28.0763882833177 85.4759317469193,28.0763882833177 85.4758215145188,28.0763000973974 85.4757663983186,28.0763552135976 85.4757223053584,28.0764323762779 85.4755238870376,28.0765315854383 85.4754357011173,28.0765756783985 85.4751601201162,28.0766197713587 85.4747963531947,28.0767410269992 85.4745869116339,28.0767851199593 85.4744215630332,28.0768402361596 85.4743554235929,28.0769173988399 85.4740908658319,28.0769725150401 85.4739585869513,28.07693944532 85.4738483545509,28.0768843291197 85.4736830059502,28.0769725150401 85.47361686651,28.0770937706806 85.4735507270697,28.0771158171607 85.4733192390288,28.0771488868808 85.4732420763485,28.0772150263211 85.473131843948,28.0773473052016 85.4729444488673,28.0773913981618 85.4729003559071,28.0774685608421 85.4728011467467,28.0775567467624 85.472624774906,28.0775347002824 85.4725255657456,28.0774795840821 85.4725035192655,28.0774024214018 85.4724924960255,28.0772480960412 85.4724924960255,28.0771378636408 85.4724814727854,28.0770276312403 85.4723602171449,28.0769945615202 85.4723161241847,28.0771047939206 85.4722610079845,28.0772811657613 85.4722499847445,28.077457537602 85.4722169150243,28.0775457235224 85.4720956593839,28.0776008397226 85.4719413340232,28.0776118629627 85.4717870086626,28.0776780024029 85.4716988227423,28.0777110721231 85.4714452882212,28.0777992580434 85.4712578931405,28.0778433510036 85.4710264050996,28.0778653974837 85.4709051494591,28.0779315369239 85.4708059402987,28.0780197228443 85.4707067311383,28.0781409784848 85.4706075219779,28.0782512108852 85.4705193360575,28.0784055362458 85.4703429642168,28.0785598616065 85.4702437550564,28.0786260010467 85.4702106853363,28.0787252102071 85.470144545896,28.0788244193675 85.4700563599757,28.0789126052879 85.4699681740553,28.0789787447282 85.4698689648949,28.0790889771286 85.4698138486947,28.0791771630489</coordinates></LinearRing></outerBoundaryIs></Polygon></MultiGeometry>
  </Placemark>
  <Placemark>
	<Style><LineStyle><color>ff0000ff</color></LineStyle><PolyStyle><fill>0</fill></PolyStyle></Style>
      <MultiGeometry><Polygon><outerBoundaryIs><LinearRing><coordinates>85.4881675433684,28.0792322792492 85.4880903806881,28.079199209529 85.4880132180078,28.0791661398089 85.4879250320874,28.0791110236087 85.4878478694071,28.0789566982481 85.487825822927,28.0789015820478 85.4877376370067,28.078934651768 85.4877376370067,28.0790338609284 85.4877376370067,28.0791110236087 85.4877045672865,28.079199209529 85.4876604743263,28.0792653489693 85.4876384278463,28.0793866046098 85.4876935440465,28.0794968370102 85.4877266137666,28.0796070694107 85.4877376370067,28.0797283250512 85.4877045672865,28.0797834412514 85.487583311646,28.0799157201319 85.4874730792456,28.0800590222525 85.4874510327655,28.0801031152127 85.4873518236051,28.0801472081728 85.4872856841648,28.080191301133 85.4871864750044,28.0802353940932 85.4870321496438,28.0802023243731 85.4869219172434,28.0802023243731 85.4868006616029,28.080180277893 85.4867565686427,28.0801251616928 85.4867455454027,28.0800259525324 85.4867675918828,28.0798826504118 85.4867896383629,28.0797834412514 85.4867675918828,28.0796732088509 85.4867014524425,28.0796070694107 85.4867124756826,28.0795519532105 85.4869219172434,28.0793755813697 85.4870541961239,28.0792873954494 85.4871313588042,28.0791771630489 85.4872415912047,28.0791000003686 85.4872415912047,28.0790228376883 85.4871534052843,28.0789677214881 85.4871203355642,28.0789015820478 85.4871093123241,28.0787803264074 85.4870541961239,28.0786480475268 85.4869770334436,28.0785157686463 85.4869329404834,28.0784165594859 85.4869439637235,28.0783283735655 85.4870211264038,28.0782953038454 85.4871423820443,28.078449629206 85.4872856841648,28.0784937221662 85.4874289862854,28.0785488383664 85.4874951257257,28.0785378151264 85.4874069398053,28.078438605966 85.4872526144447,28.0783724665257 85.4871974982445,28.0783283735655 85.4871423820443,28.0782622341253 85.4870321496438,28.0781740482049 85.4869329404834,28.0780968855246 85.4867786151228,28.0780638158045 85.4866573594823,28.0780527925644 85.4864920108817,28.0779315369239 85.4863707552412,28.0778984672038 85.4862605228407,28.0779866531242 85.486084151,28.0780748390445 85.4859298256394,28.0781520017248 85.4858085699989,28.0782181411651 85.4857203840786,28.0782512108852 85.4856652678783,28.0783063270854 85.4854117333573,28.0783724665257 85.4852133150365,28.0783504200456 85.4850369431958,28.0783063270854 85.4849156875553,28.0782512108852 85.4847503389547,28.0782512108852 85.4846070368341,28.0782401876452 85.4844637347135,28.0781630249649 85.4844857811936,28.0780527925644 85.4846180600741,28.0780527925644 85.4848715945952,28.0780527925644 85.4849487572755,28.0780748390445 85.4850259199558,28.0781630249649 85.4852353615166,28.0781299552447 85.4854999192777,28.0781079087647 85.4856211749182,28.0780417693244 85.4857424305586,28.077942560164 85.485830616479,28.0778984672038 85.4859188023994,28.0778653974837 85.48607312776,28.0778764207237 85.4861613136803,28.0778543742436 85.4862164298806,28.0777551650832 85.4862494996007,28.0776449326828 85.4863817784812,28.0775787932425 85.4864809876416,28.0775787932425 85.4865250806018,28.0775567467624 85.4864699644016,28.0774685608421 85.4861943834005,28.0774906073222 85.4860510812799,28.0775457235224 85.4858857326792,28.0776228862027 85.4856652678783,28.0777992580434 85.4855219657578,28.0778984672038 85.4853455939171,28.0779646066441 85.4851581988363,28.0779756298841 85.4849818269956,28.077953583404 85.484827501635,28.0779205136839 85.4846731762744,28.0779205136839 85.4845519206339,28.0778543742436 85.4844306649934,28.0777992580434 85.4843094093529,28.0777882348034 85.4841330375122,28.0777882348034 85.4839235959514,28.0777882348034 85.48358187551,28.0778323277635 85.4834165269093,28.0779315369239 85.483339364229,28.0780307460843 85.4834495966294,28.0780527925644 85.4837582473507,28.0779976763642 85.4838133635509,28.0779866531242 85.483835410031,28.0780086996043 85.4837692705907,28.0781189320047 85.4836590381903,28.0782071179251 85.4834826663496,28.0783393968056 85.4833834571892,28.0783834897658 85.4832842480288,28.0784826989262 85.4832511783086,28.0785708848465 85.4832070853485,28.0786260010467 85.4831299226682,28.078692140487 85.4830527599879,28.0787582799273 85.4829976437876,28.0788354426076 85.4830196902677,28.0788905588078 85.4831078761881,28.0788574890877 85.4831960621084,28.0788133961275 85.4832511783086,28.0788133961275 85.4833944804292,28.0787472566872 85.4833944804292,28.0786149778067 85.4834936895896,28.0785598616065 85.4836810846704,28.0785488383664 85.4837031311505,28.0785929313266 85.4836590381903,28.0787472566872 85.4837362008706,28.0789787447282 85.4837692705907,28.0790559074085 85.483846433271,28.0791771630489 85.4839015494713,28.0792763722093 85.4839897353916,28.0793645581297 85.4841330375122,28.0793976278498 85.4843094093529,28.0794637672901 85.4843645255531,28.0794086510899 85.4842542931527,28.0792763722093 85.4840558748319,28.0791771630489 85.4839787121516,28.0790669306485 85.4839015494713,28.0789015820478 85.4838905262312,28.0787252102071 85.4839456424314,28.0786480475268 85.4840999677921,28.0785378151264 85.4843094093529,28.0784826989262 85.4844637347135,28.0784826989262 85.4845078276737,28.0785598616065 85.484584990354,28.0786480475268 85.4846401065542,28.0787472566872 85.4847834086748,28.0787582799273 85.484838524875,28.0787693031673 85.4850148967157,28.0788795355678 85.4851361523562,28.0790118144483 85.4851912685564,28.0790559074085 85.4852574079967,28.0791551165689 85.485334570677,28.0792322792492 85.4854227565974,28.0793314884096 85.4854668495575,28.07943069757 85.4855440122379,28.0795850229306 85.485588105198,28.079684232091 85.4856101516781,28.0798826504118 85.485577081958,28.079948789852 85.4854999192777,28.0800920919726 85.4854117333573,28.0802464173332 85.485323547437,28.0803676729737 85.4852463847567,28.0804889286142 85.4852463847567,28.0805771145346 85.4852904777168,28.0806983701751 85.485334570677,28.0807645096153 85.4853786636372,28.0808196258155 85.4853566171571,28.080940881456 85.485323547437,28.0810511138565 85.485334570677,28.081172369497 85.485334570677,28.0812715786574 85.4852904777168,28.0812936251374 85.4851471755963,28.0811503230169 85.485081036156,28.0810070208963 85.4848936410752,28.0809188349759 85.4848164783949,28.0808526955357 85.4847723854348,28.0807314398952 85.4846952227544,28.0805991610147 85.4846511297943,28.0804999518543 85.4846401065542,28.0803676729737 85.4845629438739,28.0802464173332 85.4845188509137,28.080191301133 85.4844637347135,28.0800590222525 85.4843975952733,28.0799157201319 85.484331455833,28.0798606039317 85.4842983861128,28.0798165109715 85.4843204325929,28.0797062785711 85.4842542931527,28.079695255331 85.4841550839923,28.0797393482912 85.484077921312,28.0797944644914 85.4840668980719,28.0798936736518 85.4841881537124,28.0799818595722 85.4842763396328,28.0800149292923 85.484342479073,28.0801692546529 85.484342479073,28.0803125567735 85.4843535023131,28.0804117659339 85.4842432699126,28.0804889286142 85.4841991769524,28.0806983701751 85.4841881537124,28.0808416722956 85.4842653163927,28.080940881456 85.4846180600741,28.0809739511762 85.4846841995144,28.0809739511762 85.4847723854348,28.0810731603366 85.4848936410752,28.081172369497 85.485092059396,28.0812715786574 85.4852243382766,28.0814479504981 85.4852904777168,28.0815802293786 85.4853125241969,28.081679438539 85.4851802453164,28.0818447871397 85.4849156875553,28.0818668336197 85.4845629438739,28.08192194982 85.4844196417533,28.0819550195401 85.4841661072323,28.0819880892602 85.4839125727113,28.0820762751806 85.4837141543905,28.0821975308211 85.4834165269093,28.0823408329416 85.4833173177489,28.0823408329416 85.4829866205476,28.0823849259018 85.4828653649071,28.082440042102 85.4826779698263,28.0824731118222 85.4828653649071,28.0826935766231 85.4829094578673,28.0827156231032 85.4829204811073,28.0828479019837 85.4830196902677,28.0828919949439 85.4833614107091,28.082925064664 85.4836369917102,28.082914041424 85.4838684797511,28.0829801808642 85.4839897353916,28.0830352970644 85.4843204325929,28.0830022273443 85.4845408973938,28.0829801808642 85.4846952227544,28.082936087904 85.4848605713551,28.0828919949439 85.4851361523562,28.0829030181839 85.4852684312367,28.0828699484638 85.4853676403971,28.0828479019837 85.4856762911184,28.082925064664 85.4856762911184,28.0829581343841 85.4856101516781,28.0830683667846 85.4856432213982,28.0832116689051 85.4856542446383,28.0833108780655 85.4856652678783,28.0835092963863 85.4856652678783,28.083674644987 85.485841639719,28.0836525985069 85.4858747094392,28.0835092963863 85.4859077791593,28.0832888315855 85.4859077791593,28.0831455294649 85.485830616479,28.0830242738244 85.485819593239,28.0829691576242 85.4859739185996,28.0830242738244 85.486084151,28.0830573435445 85.4861723369204,28.0831124597447 85.486326662281,28.083167575945 85.4864920108816,28.0831014365047 85.486591220042,28.0831234829848 85.4868006616029,28.0832006456651 85.4869660102036,28.083167575945 85.4870321496438,28.0830793900246 85.4871093123241,28.0829471111441 85.4871423820443,28.0828258555036 85.4872305679646,28.0826935766231 85.4873848933252,28.0827376695832 85.4875061489657,28.0828589252237 85.4876163813662,28.0828919949439 85.4878037764469,28.0827927857835 85.488068334208,28.0827927857835 85.4881895898485,28.0828479019837 85.4883769849292,28.0829030181839 85.48856438001,28.0829581343841 85.4886635891704,28.0830352970644 85.4887187053706,28.0828258555036 85.4886635891704,28.0826605069029 85.4886305194502,28.0825061815423 85.4887076821306,28.0823077632215 85.4888620074912,28.0822857167414 85.4891927046925,28.0822746935014 85.4892478208927,28.0821534378609 85.4892037279325,28.0819770660202 85.4889942863717,28.08193297306 85.4887627983308,28.0818778568598 85.4886194962102,28.0817676244593 85.4885533567699,28.081690461779 85.4885313102898,28.0815140899383 85.4884982405697,28.0813818110578 85.4884651708496,28.0812274856972 85.4883769849292,28.0810511138565 85.4883439152091,28.0809078117359 85.4883769849292,28.0806432539748 85.4884651708496,28.0803676729737 85.4885092638097,28.080180277893 85.4885864264901,28.0801582314129 85.488817914531,28.0801692546529 85.4888950772113,28.0800369757724 85.4890494025719,28.0798275342116 85.489071449052,28.0796511623709 85.4889612166516,28.07944172081 85.4888068912909,28.0792873954494 85.4886525659303,28.0792433024892 85.4885092638097,28.0792322792492 85.4883990314093,28.0792433024892 85.4882777757688,28.0792984186894 85.4881675433684,28.0792322792492</coordinates></LinearRing></outerBoundaryIs></Polygon></MultiGeometry>
  </Placemark>
  <Placemark>
	<Style><LineStyle><color>ff0000ff</color></LineStyle><PolyStyle><fill>0</fill></PolyStyle></Style>
      <MultiGeometry><Polygon><outerBoundaryIs><LinearRing><coordinates>85.5492032234934,28.0702814083332 85.5494347115343,28.0703144780534 85.5496992692954,28.0703695942536 85.5497213157755,28.0704247104538 85.5496331298551,28.0705790358144 85.5495669904149,28.0707443844151 85.5494677812544,28.0708215470954 85.5493355023739,28.0707774541352 85.5492362932135,28.0707002914549 85.5491370840531,28.0706231287746 85.5490268516527,28.0705680125744 85.5489496889724,28.0707002914549 85.5488725262921,28.0707774541352 85.5485859220509,28.0709317794958 85.5482662480896,28.0711301978166 85.5481780621693,28.0713947555777 85.5482001086494,28.0715049879781 85.5483875037301,28.0714057788177 85.5484315966903,28.0713065696573 85.5486520614912,28.0711081513365 85.5489717354525,28.0710530351363 85.5492914094137,28.0710861048565 85.5495228974547,28.0711191745766 85.5497323390155,28.0711301978166 85.5500850826969,28.0711081513365 85.5502283848175,28.0710640583764 85.5500520129768,28.0709979189361 85.5497764319757,28.0709538259759 85.5497654087357,28.0708656400556 85.5497984784558,28.0707113146949 85.549864617896,28.0706010822945 85.5500189432567,28.0706121055345 85.550349640458,28.0705680125744 85.5505811284989,28.0704908498941 85.5508346630199,28.0704136872138 85.5509669419005,28.0704136872138 85.5509779651405,28.0705349428542 85.5509228489403,28.0706892682149 85.5512866158618,28.0706451752547 85.5513858250222,28.0705680125744 85.5514299179823,28.0707554076551 85.5514960574226,28.0708546168155 85.5517495919436,28.0709207562558 85.5520582426649,28.0708215470954 85.5523117771859,28.0706561984947 85.5525322419868,28.0705128963742 85.5527306603076,28.0704026639737 85.5527416835476,28.070237315373 85.5524550793065,28.0701932224129 85.552333823666,28.0700940132525 85.5522125680255,28.0700388970522 85.5520141497047,28.0700388970522 85.5517716384237,28.0700499202923 85.5514519644624,28.0700058273321 85.5510441045808,28.0700499202923 85.5507575003396,28.0701381062126 85.5492032234934,28.0702814083332</coordinates></LinearRing></outerBoundaryIs></Polygon></MultiGeometry>
  </Placemark>
  <Placemark>
	<Style><LineStyle><color>ff0000ff</color></LineStyle><PolyStyle><fill>0</fill></PolyStyle></Style>
      <MultiGeometry><Polygon><outerBoundaryIs><LinearRing><coordinates>85.5143358694155,28.0784248708382 85.5143188024682,28.0784296495834 85.5142526630279,28.0784103589133 85.514258174648,28.0783662659532 85.5142223491178,28.078338707853 85.5141066050974,28.078330440423 85.514012907557,28.0783690217632 85.5139633029768,28.0784351612034 85.5140432214671,28.0784406728235 85.5141396748175,28.0784406728235 85.5141121167174,28.0784654751136 85.5139577913568,28.0785261029338 85.5138751170564,28.0785591726539 85.5138392915263,28.0785481494139 85.5137483497959,28.078570195894 85.5136904777857,28.0785426377939 85.5136133151054,28.0785398819839 85.5135444198551,28.0785343703638 85.5134231642146,28.0785205913138 85.5133404899143,28.0785068122637 85.5132963969541,28.0784544518735 85.5132495481839,28.0783800450032 85.5131530948335,28.0783717775732 85.5131062460633,28.0784241379634 85.5131338041635,28.0784682309236 85.5131723855036,28.0785095680737 85.5131255367334,28.0785481494139 85.5130704205332,28.0785453936039 85.5129960136629,28.0785398819839 85.5129050719325,28.0785619284639 85.5127920837221,28.078578463324 85.5126790955116,28.0786005098041 85.5125964212113,28.0785894865641 85.5125605956812,28.0785536610339 85.5125054794809,28.0785205913138 85.5124641423308,28.0785371261738 85.5124448516607,28.078572951704 85.5124338284206,28.0786253120942 85.5124641423308,28.0786804282944 85.5125413050111,28.0787355444946 85.5126102002613,28.0787410561147 85.5126790955116,28.0787355444946 85.5127287000918,28.0787575909747 85.512767281432,28.0787658584048 85.5128912928825,28.0787327886846 85.5129629439428,28.0787079863945 85.513023571763,28.0787190096346 85.5130841995833,28.0787190096346 85.5131310483534,28.0787107422045 85.5131834087437,28.0786804282944 85.5132247458938,28.0786886957244 85.5133460015343,28.0787327886846 85.5134121409746,28.0787686142148 85.5134920594649,28.0787906606949 85.513508594325,28.0787768816448 85.513516861755,28.0787162538246 85.513527884995,28.0786776724844 85.5135499314751,28.0786638934343 85.5136022918653,28.0786611376243 85.5136629196856,28.0786859399144 85.5136353615855,28.0787713700248 85.5135609547152,28.0788127071749 85.5135058385149,28.0788402652751 85.5134975710849,28.0788816024252 85.513511350135,28.0789036489053 85.5135471756651,28.0789477418655 85.5135830011953,28.0790001022557 85.513508594325,28.0790304161658 85.5134755246048,28.0790111254957 85.5134507223147,28.0789918348257 85.5133597805844,28.0789697883456 85.5132908853341,28.0789808115856 85.5132385249439,28.0790276603558 85.5132853737141,28.079085532366 85.5133267108642,28.0790910439861 85.5133735596344,28.0790910439861 85.5133680480144,28.0791296253262 85.5134011177345,28.0791654508564 85.513511350135,28.0791902531465 85.5135830011953,28.0791764740964 85.5136822103557,28.0791296253262 85.5137511056059,28.0790386835959 85.5137869311361,28.0789477418655 85.5138117334262,28.0789091605253 85.5138723612464,28.0788788466152 85.5139329890667,28.0788650675652 85.5140597563272,28.0788099513649 85.5141231399574,28.0787768816448 85.5141699887276,28.0787686142148 85.5142416397879,28.0787493235447 85.5142967559881,28.0787493235447 85.5143573838084,28.0787520793547 85.5144152558186,28.0787383003047 85.5144441888348,28.0787343548933 85.5144758836389,28.0787300328746 85.5145075065588,28.0787353033613 85.5146064826078,28.0787305141976 85.5146302089995,28.0787107422045 85.5146632787196,28.0787079863945 85.5146880810097,28.0787162538246 85.5148148482702,28.0787079863945 85.5148892551405,28.0787024747745 85.5149113016206,28.0786914515345 85.5149939759209,28.0786473585743 85.5150248961093,28.0786600904165 85.5150353130711,28.0786556260043 85.5151510570916,28.0786942073445 85.515255777872,28.0787383003047 85.5152833359721,28.0787658584048 85.5152888475921,28.0787934165049 85.5153660102724,28.0787989281249 85.5154707310529,28.0788099513649 85.5155644285933,28.078831997845 85.5156415912736,28.0789091605253 85.5157187539539,28.0790083696857 85.5157352888139,28.079074509126 85.5157793817741,28.0791130904662 85.5157848933941,28.0792067880065 85.5157683585341,28.0792508809667 85.5157848933941,28.079317020407 85.5158289863543,28.079328043647 85.5158785909345,28.0793390668871 85.5159061490346,28.0792563925867 85.5159502419948,28.0792122996266 85.5160329162951,28.0792122996266 85.5160770092553,28.0792288344866 85.5161045673554,28.0792619042068 85.5161872416557,28.0792729274468 85.516247869476,28.0792122996266 85.5162864508161,28.0792122996266 85.5163084972962,28.0792674158268 85.5163250321563,28.079311508787 85.5163305437763,28.079328043647 85.5163305437763,28.0793583575571 85.5162919624362,28.0794162295674 85.516258892716,28.0794548109075 85.5162010207058,28.0794741015776 85.5161569277456,28.0794906364377 85.5161211022155,28.0795264619678 85.5161045673554,28.079565043308 85.5160797650653,28.079573310738 85.5160163814351,28.079578822358 85.515994334955,28.0796146478882 85.515999846575,28.0796366943683 85.5160218930551,28.0796890547585 85.516008114005,28.0797166128586 85.5159750442849,28.0797414151487 85.5159585094248,28.0797689732488 85.5159364629448,28.0797965313489 85.5159093517327,28.0798023408943 85.5159006374146,28.0797965313489 85.5158565444544,28.079813066209 85.5158207189243,28.0798461359291 85.5157876492042,28.0798819614592 85.5157738701541,28.0798847172693 85.5157132423339,28.0798709382192 85.5156553703236,28.0798544033591 85.5156333238435,28.0798351126891 85.5156085215534,28.079829601069 85.5155782076433,28.0798351126891 85.5155396263032,28.0797992871589 85.515506556583,28.0797882639189 85.5154817542929,28.0797772406788 85.5154431729528,28.0797744848688 85.5153577428424,28.0797855081089 85.5153026266422,28.0797910197289 85.515264045302,28.079815822019 85.5152171965319,28.0798488917391 85.5151703477617,28.0798819614592 85.5151317664215,28.0799040079393 85.5150931850814,28.0799398334695 85.5150711386013,28.0799646357596 85.5150601153612,28.0800004612897 85.515013266591,28.0800169961498 85.5149388597207,28.0800473100599 85.5149195690507,28.0800528216799 85.5149526387708,28.0801134495002 85.5149664178209,28.0801299843602 85.5149471271508,28.0801658098904 85.5148920109506,28.0801851005605 85.5148506738004,28.0801933679905 85.5148368947503,28.0802291935206 85.5148341389403,28.0802843097209 85.5148561854204,28.0803366701111 85.5148396505603,28.0803587165912 85.5147928017902,28.0803669840212 85.51476248788,28.0803697398312 85.5147349297799,28.0803697398312 85.5146963484398,28.0803614724012 85.5146467438596,28.0803835188813 85.5146054067094,28.0804028095513 85.5145594765426,28.0804538430701 85.5145530463192,28.0804524141315 85.5145172207891,28.0804386350815 85.514500685929,28.0804689489916 85.5144896626889,28.0805020187117 85.5144676162088,28.080576425582 85.5144483255388,28.0806094953022 85.5144152558186,28.0805874488221 85.5143684070485,28.0805543791019 85.5143215582783,28.0805516232919 85.5143188024683,28.0805929604421 85.5143573838084,28.0806590998824 85.5143408489484,28.0806894137925 85.5142967559882,28.0806701231224 85.5142140816878,28.0806701231224 85.5141534538676,28.0806894137925 85.5141010934774,28.0807169718926 85.5140790469973,28.0807362625627 85.5141010934774,28.0807858671429 85.5141644771076,28.0807831113329 85.5142306165479,28.0807803555229 85.5142829769381,28.0807748439028 85.5143215582783,28.0807803555229 85.5143601396184,28.0807858671429 85.5144207674387,28.080805157813 85.5144676162088,28.0807968903829 85.5145530463192,28.0807693322828 85.5145833602293,28.0807114602726 85.5146081625194,28.0806673673124 85.5146494996696,28.0806260301622 85.5147046158698,28.0805957162521 85.5147219381042,28.0805697329006 85.51474870883,28.080557134912 85.5148010692202,28.080562646532 85.5148424063704,28.0805075303318 85.5148892551405,28.0804992629017 85.5149388597207,28.0804882396617 85.5149609062008,28.0804717048016 85.5149829526809,28.0804221002214 85.5150380688811,28.0804248560314 85.5150821618413,28.0803890305013 85.5151234989915,28.0803449375411 85.5151483012816,28.080322891061 85.5151951500518,28.0802870655309 85.515253022062,28.0802843097209 85.5152971150222,28.0802760422908 85.5153467196024,28.0802567516208 85.5153963241826,28.0802539958107 85.5154569520028,28.0802484841907 85.515503800773,28.0802347051407 85.5155313588731,28.0802181702806 85.5155947425034,28.0801988796105 85.5156388354636,28.0801933679905 85.5157022190938,28.0802016354205 85.5157325330039,28.0801768331304 85.5157297771939,28.0801410076003 85.5156801726137,28.0801024262601 85.5156774168037,28.08006660073 85.5157159981439,28.0800528216799 85.515754579484,28.08006660073 85.5158069398742,28.08006384492 85.5158455212144,28.0800583333 85.5158567271601,28.0800572127054 85.5158565444544,28.0800583333 85.5159033932246,28.08006108911 85.5159337071347,28.0800500658699 85.5159722884749,28.0800335310099 85.516002602385,28.0800473100599 85.515994334955,28.08007211235 85.516002602385,28.0801134495002 85.515988823335,28.0801492750303 85.5159585094248,28.0801988796105 85.5159778000949,28.0802374609507 85.5160466953452,28.0802457283807 85.5160852766853,28.0802126586606 85.5161266138355,28.0801740773204 85.5161707067957,28.0801327401703 85.5162010207058,28.0801217169302 85.516245113666,28.0801217169302 85.5163002298662,28.0801051820701 85.5163443228264,28.0801079378802 85.5164573110368,28.0801217169302 85.5165344737172,28.0801134495002 85.5165785666773,28.08008037978 85.5166254154475,28.0800390426299 85.5166750200277,28.0800252635798 85.5167053339378,28.0800004612897 85.5167632059481,28.0799866822397 85.5168183221483,28.0799701473796 85.5168624151085,28.0799260544194 85.5169175313087,28.0799150311794 85.5169478452188,28.0799150311794 85.517000205609,28.0799150311794 85.5170084730391,28.0799040079393 85.5170277637091,28.0798571591691 85.5170167404691,28.079832356879 85.5170167404691,28.0797689732488 85.5170442985692,28.0797414151487 85.5170553218092,28.0797028338085 85.5170856357194,28.0796504734183 85.5171297286795,28.0796366943683 85.5171655542097,28.0796394501783 85.5171848448798,28.0796504734183 85.5172041355498,28.0796862989485 85.5172261820299,28.0797083454285 85.5172812982301,28.0797000779985 85.5173749957705,28.0796973221885 85.5174328677808,28.0797111012386 85.517482472361,28.0797166128586 85.517479716551,28.0796807873284 85.5174659375009,28.0796504734183 85.5174411352108,28.0796036246481 85.5174521584508,28.079573310738 85.5175045188411,28.0795485084479 85.5175238095111,28.0795402410179 85.5175899489514,28.0795237061578 85.5176257744815,28.0795154387278 85.5177056929719,28.0795237061578 85.5177552975521,28.0795347293979 85.5177635649821,28.0795209503478 85.517749785932,28.0794768573876 85.5177029371618,28.0794437876675 85.5176808906818,28.0794162295674 85.5176864023018,28.0793804040372 85.5177084487819,28.0793418226971 85.5177112045919,28.079319776217 85.5176946697318,28.0792867064969 85.5175623908513,28.0793032413569 85.5175403443712,28.0793363110771 85.5175596350413,28.0794052063273 85.5175541234212,28.0794327644274 85.5174742049309,28.0794603225276 85.5174025538706,28.0794768573876 85.5173281470003,28.0795044154877 85.5172812982301,28.0795540200679 85.51725374013,28.0795457526379 85.5171848448798,28.0795457526379 85.5171490193496,28.0795457526379 85.5170663450493,28.0795512642579 85.517000205609,28.0795209503478 85.5169754033189,28.0795044154877 85.5169257987387,28.0794878806277 85.5169009964486,28.0795016596777 85.5168541476784,28.0795237061578 85.5168321011983,28.0795099271078 85.5168128105283,28.0794878806277 85.5167990314782,28.0794575667175 85.5167659617581,28.0794355202375 85.516738403658,28.0794327644274 85.5166832874578,28.0794189853774 85.5166612409777,28.0793859156573 85.5166336828776,28.0793804040372 85.5165868341074,28.0793914272773 85.5165785666773,28.0793693807972 85.5165895899174,28.0793445785071 85.5166116363975,28.0792977297369 85.5166391944976,28.0792784390668 85.5166722642177,28.0792591483967 85.5166750200277,28.0792426135367 85.5166814258887,28.0792157089204 85.5166887990778,28.0791847415264 85.5167146797283,28.0791631743177 85.5167218687979,28.0791296253262 85.516749426898,28.079085532366 85.5168210779583,28.0790524626459 85.5168927290186,28.0790138813058 85.5169257987387,28.0789863232056 85.5169698916989,28.0789697883456 85.516991938179,28.0789367186254 85.5169994744757,28.0789103415869 85.5170098509442,28.0789022710003 85.5170332753293,28.0789105384304 85.5170677229544,28.0789642767256 85.5171187054396,28.0789821894906 85.5171614204948,28.0789628988206 85.5171545309698,28.0789256953854 85.5171352402997,28.0789008930953 85.5171297286797,28.0788719570902 85.5171641763048,28.0788623117552 85.5171710658298,28.0788457768951 85.5171710658298,28.078829242035 85.5171889785949,28.078809951365 85.51721240298,28.0787934165049 85.5172496064151,28.0787782595498 85.5172895656603,28.0787810153598 85.5173295249055,28.0787975502199 85.5173763736757,28.0787989281249 85.5174163329208,28.0787782595498 85.5174370014959,28.0787534572597 85.517470071216,28.0787121201096 85.5174962514111,28.0786969631545 85.5175293211313,28.0786914515345 85.5175568792314,28.0786886957245 85.5175803036165,28.0786886957245 85.5175995942866,28.0786969631545 85.5176106175266,28.0787341665897 85.5175968384765,28.0787451898297 85.5175692803764,28.0787575909747 85.5175610129464,28.0787686142148 85.5175541234214,28.0787934165049 85.5175665245664,28.078818218795 85.5175844373315,28.0788347536551 85.5176243965767,28.0788595559452 85.5176519546768,28.0788554222301 85.5176740011568,28.0788478437526 85.5176926028744,28.0788499106101 85.5177105156395,28.0788581780402 85.5177373847871,28.0788581780402 85.5177642539347,28.0788492216576 85.5177759661273,28.0788368205126 85.5177863004148,28.07882235251 85.5178055910849,28.0788058176499 85.5178166143249,28.0787982391724 85.5178365939475,28.0788009949824 85.5178545067126,28.078818218795 85.5178586404276,28.0788347536551 85.5178620851901,28.0788430210851 85.5178710415726,28.0788547332776 85.5178813758602,28.0788609338502 85.5178992886253,28.0788650675652 85.5179282246304,28.0788630007077 85.5179302914879,28.0788561111826 85.5179316693929,28.0788512885151 85.5179337362504,28.0788409542276 85.5179406257754,28.0788340647026 85.517948204253,28.07882786413 85.517959227493,28.0788120182225 85.517964739113,28.0788051286974 85.5179854076881,28.0787927275524 85.5179888524506,28.0787865269799 85.5179929861656,28.0787720589773 85.5179964309282,28.0787527683072 85.5179964309282,28.0787286549696 85.5179874745456,28.0787121201096 85.5179792071156,28.0787052305845 85.5179771402581,28.0786969631545 85.517970250733,28.0786900736295 85.5179599164455,28.0786790503894 85.5179475153004,28.0786659602919 85.5179330472979,28.0786638934344 85.5179075560553,28.0786618265769 85.5178861985277,28.0786680271494 85.5178662189051,28.0786707829594 85.5178496840451,28.0786666492444 85.5178421055675,28.0786542480993 85.51784003871,28.0786473585743 85.51783452709,28.0786404690493 85.51782625966,28.0786356463818 85.5178083468949,28.0786363353343 85.5177856114623,28.0786370242868 85.5177711434597,28.0786466696218 85.5177580533622,28.0786563149568 85.5177408295496,28.0786583818143 85.517723605737,28.0786673381969 85.517712582497,28.0786687161019 85.517705692972,28.0786583818143 85.5176946697319,28.0786363353343 85.5176767569669,28.0786273789517 85.5176746901094,28.0786211783792 85.5176760680144,28.0786032656141 85.5176705563943,28.078583974944 85.5176629779168,28.078572951704 85.5176616000118,28.0785598616065 85.5176629779168,28.0785440156989 85.5176657337268,28.0785261029338 85.5176581552493,28.0785068122637 85.5176333529592,28.0785068122637 85.517594771619,28.0785033675012 85.5175803036165,28.0784957890237 85.5175830594265,28.0784875215937 85.5175989053341,28.0784778762586 85.5176161291466,28.0784702977811 85.5176250855291,28.078448251301 85.5176292192442,28.0784324053934 85.5176175070516,28.0784165594859 85.5176085506691,28.0784138036759 85.5175761699014,28.0784000246258 85.5175789257115,28.0783931351008 85.517596149524,28.0783814229082 85.5176250855291,28.0783772891932 85.5176574662968,28.0783614432857 85.5176795127769,28.0783393968056 85.5177008703045,28.078316661373 85.5177256725946,28.0783001265129 85.5177532306947,28.0782842806053 85.5177649428872,28.0782753242228 85.5177987015599,28.0782601672677 85.5178117916574,28.0782587893627 85.5178627741426,28.0782567225052 85.5178930880527,28.0782525887902 85.5179096229128,28.0782546556477 85.5179433815854,28.0782525887902 85.5179736954956,28.0782505219327 85.5180012535957,28.0782381207877 85.5180212332182,28.0782305423101 85.5180425907458,28.0782284754526 85.5180625703684,28.0782250306901 85.518082549991,28.0782126295451 85.5180901284685,28.0782140074501 85.518093573231,28.0782284754526 85.518081172086,28.0782367428826 85.5180611924634,28.0782470771702 85.5180543029384,28.0782615451728 85.5180536139859,28.0782870364154 85.5180618814159,28.0783021933704 85.5180722157035,28.0783187282305 85.5180749715135,28.0783442194731 85.5180859947535,28.0783517979506 85.5181163086636,28.0783566206181 85.5181314656187,28.0783497310931 85.5181528231463,28.0783483531881 85.5181721138164,28.0783593764281 85.5181852039139,28.0783703996682 85.518200360869,28.0783793560507 85.5182148288715,28.0783841787182 85.5182327416366,28.0783855566232 85.5182492764967,28.0783752223357 85.5182547881167,28.0783648880482 85.5182582328792,28.0783490421406 85.5182561660217,28.078326306708 85.5182492764967,28.0783008154654 85.5182403201141,28.0782932369879 85.5182258521116,28.0782877253679 85.5182203404916,28.0782822137478 85.518208628299,28.0782767021278 85.5181927823914,28.0782677457453 85.5181845149614,28.0782553446002 85.5181824481039,28.0782450103127 85.5181810701989,28.0782215859276 85.5181845149614,28.078204362115 85.5181955382014,28.078190583065 85.5182065614415,28.0781761150624 85.5182189625865,28.0781644028699 85.5182341195416,28.0781533796298 85.5182465206866,28.0781402895323 85.5182465206866,28.0781354668647 85.5182458317341,28.0781120424797 85.5182396311616,28.0780968855246 85.5182292968741,28.0780913739046 85.5182279189691,28.0780789727595 85.5182354974466,28.078067260567 85.5182382532566,28.0780534815169 85.5182348084941,28.0780321239893 85.5182368753516,28.0780169670343 85.5182354974466,28.0780004321742 85.5182410090666,28.0779866531241 85.5182527212592,28.0779949205542 85.5182678782142,28.0780155891293 85.5182768345967,28.0780286792268 85.5182816572643,28.0780328129418 85.5182899246943,28.0780369466568 85.5183064595544,28.0780424582769 85.5183057706019,28.0780507257069 85.5182892357418,28.078072772187 85.5182823462168,28.0780879291421 85.5182733898342,28.0781154872422 85.5182782125018,28.0781402895323 85.5182864799318,28.0781692255374 85.5182940584093,28.0781740482049 85.5183195496519,28.0781898941125 85.5183498635621,28.0781967836375 85.5183725989946,28.0782022952575 85.5183815553772,28.0782160743076 85.5183898228072,28.0782222748801 85.5184132471923,28.0782222748801 85.5184277151949,28.0782181411651 85.518455273295,28.0782181411651 85.51847318606,28.0782140074501 85.5184910988251,28.0782036731625 85.5184986773026,28.07819196097 85.5185007441601,28.0781733592524 85.5185041889227,28.0781637139174 85.5185103894952,28.0781471790573 85.5185103894952,28.0781258215297 85.5185062557802,28.0781161761947 85.5185062557802,28.0781044640021 85.5185131453052,28.0780941297146 85.5185365696903,28.0780734611395 85.5185599940754,28.0780720832345 85.5185792847455,28.0780576152319 85.5185930637955,28.0780397024669 85.518595130653,28.0780252344643 85.518579973698,28.0780066327467 85.5185586161704,28.0779969874117 85.5185579272179,28.0779838973141 85.5185675725529,28.0779714961691 85.5185889300805,28.0779487607365 85.5186157992281,28.0779232694939 85.5186261335157,28.0779060456813 85.5186233777057,28.0778853771062 85.5185944417005,28.0778805544387 85.5185792847455,28.0778674643412 85.518589619033,28.0778502405286 85.5185978864631,28.0778419730986 85.5186123544656,28.077835772526 85.5186344009457,28.077821993476 85.5186454241857,28.0778089033784 85.5186598921883,28.0777882348033 85.5186654038083,28.0777634325132 85.5186667817133,28.0777441418432 85.5186667817133,28.0777207174581 85.5186750491434,28.0777193395531 85.518711563626,28.0777214064106 85.5187363659161,28.0777289848881 85.5187584123962,28.0777413860332 85.5187659908737,28.0777537871782 85.5187859704963,28.0777703220383 85.5187928600213,28.0777861679458 85.5188025053564,28.0778054586159 85.5188211070739,28.0778213045235 85.5188500430791,28.077820615571 85.5188700227016,28.0777999469959 85.5188893133717,28.0777799673733 85.5189010255643,28.0777544761307 85.5189086040418,28.0777441418432 85.5189161825193,28.0777413860332 85.5189402958569,28.0777475866057 85.518965098147,28.0777592987982 85.5189830109121,28.0777654993708 85.5189988568197,28.0777654993708 85.5190167695847,28.0777723888958 85.5190381271123,28.0777854789933 85.5190574177824,28.0777896127084 85.519082909025,28.0778040807109 85.519091176455,28.0778137260459 85.5190877316925,28.0778226824285 85.5190649962599,28.0778461068136 85.5190346823498,28.0778660864362 85.5190257259673,28.0778784875812 85.5190202143473,28.0778984672038 85.5190174585372,28.0779184468264 85.5190009236772,28.077941182259 85.5189905893896,28.077959095024 85.518971987672,28.0779887199817 85.5189506301445,28.0779914757917 85.5189347842369,28.0779783856941 85.5189010255643,28.0779735630266 85.5188817348942,28.0779770077891 85.5188617552716,28.0779990542692 85.5188562436516,28.0780190338918 85.5188479762216,28.0780245455118 85.518830752409,28.0780307460843 85.5188300634565,28.078064504757 85.518841775649,28.0780748390445 85.5188521099365,28.078085173332 85.5188569326041,28.0781072198121 85.518848665174,28.0781292662922 85.518837641934,28.0781258215297 85.5188211070739,28.0781271994347 85.5187687466837,28.0781320221022 85.5187411885836,28.0781402895323 85.518717075246,28.0781616470598 85.518706052006,28.0781588912498 85.5186833165734,28.0781526906773 85.5186392236132,28.0781485569623 85.5186254445631,28.0781630249649 85.5186199329431,28.0782002284 85.5186474910432,28.0782222748801 85.5186736712383,28.0782284754526 85.5186771160008,28.0782381207877 85.5186840055259,28.0782587893627 85.518711563626,28.0782656788878 85.518725342676,28.0782705015553 85.5187391217261,28.0782773910803 85.5187604792537,28.0782801468903 85.5187832146863,28.0782829027003 85.5188190402164,28.0782842806053 85.518833508219,28.0782760131753 85.5188397087915,28.0782739463178 85.5188555546991,28.0782767021278 85.5188652000341,28.0782856585103 85.5188755343216,28.0782925480354 85.5189079150893,28.0782953038454 85.5189375400469,28.0782849695578 85.5189382289994,28.0782691236503 85.5189368510944,28.0782553446002 85.5189389179519,28.0782360539301 85.5189533859545,28.0782229638326 85.5189788771971,28.0782064289725 85.5189954120571,28.0781912720175 85.5189995457721,28.0781761150624 85.5190229701572,28.0781630249648 85.5190360602548,28.0781499348673 85.5190401939698,28.0781389116273 85.5190581067349,28.0781230657197 85.5190718857849,28.0781079087646 85.5190849758825,28.0780886180946 85.519096688075,28.0780831064745 85.5191152897926,28.0780624378994 85.5191180456026,28.0780348797993 85.5191208014126,28.0780142112243 85.5191352694152,28.0779990542692 85.5191580048478,28.0779770077891 85.5191855629479,28.077956339214 85.519203475713,28.0779542723565 85.5192234553355,28.0779673624541 85.5192441239106,28.0779721851216 85.5192799494408,28.0779735630266 85.5193143970659,28.0779728740741 85.5193357545935,28.0779790746466 85.5193660685036,28.0779873420766 85.5193977603188,28.0779832083616 85.5194039608913,28.0779756298841 85.5194032719388,28.0779301590189 85.5193977603188,28.0779060456813 85.5193922486987,28.0778833102487 85.5193853591737,28.0778619527211 85.5193901818412,28.0778516184336 85.5194080946063,28.0778399062411 85.5194266963239,28.0778137260459 85.5194521875665,28.0778033917584 85.5194831904291,28.0777903016609 85.5195128153867,28.0777834121358 85.5195307281518,28.0777613656557 85.5195355508193,28.0777351854606 85.5195327950093,28.0777193395531 85.5195369287243,28.0777152058381 85.5195445072018,28.0777090052655 85.5195651757769,28.077709694218 85.5196189140722,28.0777152058381 85.5196464721723,28.077702804693 85.5196574954123,28.0776835140229 85.5196609401748,28.0776538890653 85.5196526727448,28.0776352873477 85.5196361378847,28.0776221972502 85.5196361378847,28.0776097961051 85.5196492279823,28.0776008397226 85.5196643849373,28.0775973949601 85.5196795418924,28.0776049734376 85.5197015883725,28.0776139298201 85.51971743428,28.0776187524877 85.5197394807601,28.0776221972502 85.5197594603827,28.0776180635352 85.5197684167652,28.0776132408676 85.5197863295303,28.0776097961051 85.5197945969604,28.0776118629626 85.5198276666805,28.0776125519151 85.519839378873,28.0776208193452 85.5198221550605,28.0776345983952 85.5198028643904,28.0776745576404 85.5197808179103,28.0776897145955 85.5197477481902,28.0777131389805 85.5197298354251,28.0777462087007 85.5197381028551,28.0778040807109 85.5197890853403,28.077837150431 85.5198125097254,28.0778426620511 85.5198469573506,28.0778729759612 85.5198758933557,28.0779074235863 85.5199199863158,28.0779404933065 85.5199792362311,28.0779432491165 85.5200536431014,28.0779143131114 85.5201060034916,28.0779156910164 85.5201156488266,28.0779267142564 85.5201432069267,28.0779542723565 85.5201363174017,28.0779818304566 85.5201239162567,28.0780066327467 85.5200674221514,28.0780245455118 85.5200191954763,28.0780314350368 85.5199296316509,28.0780162780818 85.5198524689706,28.0779956095067 85.5198207771555,28.0780245455118 85.5197739283853,28.0780093885567 85.5197312133301,28.0779721851216 85.5196898761799,28.0779170689214 85.5196444053148,28.0778895108213 85.5196030681646,28.0778991561563 85.5195782658745,28.0779322258764 85.5195934228295,28.0779749409316 85.5196209809296,28.0779887199817 85.5196209809296,28.0780273013218 85.5195672426344,28.0780493478019 85.5195589752044,28.078065882662 85.5195355508193,28.0781072198121 85.5195686205394,28.0781209988622 85.5196044460696,28.0781223767672 85.5196099576896,28.0781347779122 85.5195686205394,28.0781416674373 85.5195507077744,28.0781458011523 85.5194955915741,28.0781637139174 85.519445986994,28.0782078068775 85.5194322079439,28.0782353649776 85.5194294521339,28.0782574114577 85.5194356527064,28.0782842806053 85.519454254424,28.0783042602279 85.5194659666165,28.0783297514705 85.5194763009041,28.0783524869031 85.5194893910016,28.0783614432856 85.5195231496743,28.0783662659532 85.5195500188219,28.0783669549057 85.5195741321595,28.0783724665257 85.5196016902596,28.0783710886207 85.5196230477872,28.0783752223357 85.5196623180798,28.0783821118607 85.5196822977024,28.0783800450032 85.5197070999925,28.0783745333832 85.5197229459001,28.0783662659532 85.5197374139026,28.0783648880482 85.5197580824777,28.0783648880482 85.5197704836228,28.0783600653806 85.5198028643904,28.0783600653806 85.5198249108705,28.0783655770007 85.519828355633,28.0783717775732 85.5198428236355,28.0783834897657 85.5198724485931,28.0783910682433 85.5198924282157,28.0783917571958 85.5199110299333,28.0783876234808 85.5199130967908,28.0783697107157 85.5199096520283,28.0783552427131 85.5199103409808,28.0783325072805 85.5199199863158,28.0783228619455 85.5199385880334,28.0783090828954 85.5199537449885,28.0782973707029 85.5199757914686,28.0782897922254 85.5199971489961,28.0782808358428 85.5200054164262,28.0782677457453 85.5200336634788,28.0782608562202 85.5200536431014,28.0782656788878 85.5200743116765,28.0782705015553 85.5200949802515,28.0782629230778 85.5200991139666,28.0782546556477 85.5201011808241,28.0782512108852 85.5201211604466,28.0782436324077 85.5201425179742,28.0782394986927 85.5201521633093,28.0782312312626 85.5201762766469,28.0782346760251 85.5201928115069,28.0782401876452 85.5202424160871,28.0782374318351 85.5202975322874,28.0782153853551 85.5203002880974,28.0781712923949 85.5203085555274,28.0781354668647 85.5203306020075,28.0781244436247 85.5203939856378,28.0781079087646 85.5204050088778,28.0780941297146 85.5203967414478,28.0780638158044 85.5203581601076,28.0780527925644 85.5203223345775,28.0780362577043 85.5203085555274,28.0780197228443 85.5202782416173,28.0780004321742 85.5202589509472,28.0779783856941 85.5202561951372,28.077945315974 85.5202754858073,28.0779122462538 85.5203085555274,28.0778874439637 85.5203857182077,28.0778433510036 85.5204380785979,28.0778213045235 85.5204821715581,28.0778075254734 85.5205124854682,28.0777909906134 85.5205676016685,28.0777634325132 85.5205758690985,28.0777331186031 85.5206034271986,28.0776890256429 85.5206585433988,28.0776614675428 85.5207439735092,28.0776532001128 85.5207908222794,28.0776449326828 85.5208294036195,28.0776146187726 85.5208679849597,28.0776035955326 85.5209286127799,28.0775843048625 85.5209782173601,28.0776035955326 85.52095341507,28.0776752465929 85.5209313685899,28.0777303627931 85.5209313685899,28.0777799673733 85.52094790345,28.0777965022334 85.5209919964102,28.0777799673733 85.5211049846206,28.0777413860332 85.5211325427207,28.0776807582129 85.5211435659608,28.0776559559228 85.521206949591,28.0776394210627 85.5212593099812,28.0776063513426 85.5212978913214,28.0775622583824 85.5213089145614,28.0775264328523 85.5213585191416,28.0775098979922 85.5214356818219,28.0775154096122 85.5214907980222,28.0775181654223 85.5215018212622,28.0775154096122 85.5215293793623,28.0775347002823 85.5216478791928,28.0775843048625 85.521697483773,28.0776091071526 85.5217333093031,28.0776339094427 85.5218490533236,28.0776614675428 85.5218573207536,28.0776807582129 85.5218848788537,28.0777386302231 85.5219923554442,28.077697293073 85.5220502274544,28.0776366652527 85.5221273901347,28.0775953281026 85.522196285385,28.0775787932425 85.5223120294055,28.0775622583824 85.5224084827558,28.0775705258125 85.5224635989561,28.0776118629626 85.5224718663861,28.0776532001128 85.522452575716,28.077700048883 85.522452575716,28.0777854789933 85.522444308286,28.0778874439637 85.5224332850459,28.0779811415041 85.5224195059959,28.0780362577043 85.5224057269458,28.0780720832345 85.5223340758855,28.0781630249648 85.5222348667251,28.0782374318351 85.5221687272849,28.0783173503255 85.5221356575647,28.0783586874756 85.5220529832644,28.0784220711059 85.5220061344942,28.0784744314961 85.5219895996342,28.0785075012162 85.5220612506944,28.0785819080865 85.5220832971745,28.0786122219967 85.5220860529845,28.078686628867 85.5220832971745,28.0787637915473 85.5220777855545,28.0788271751775 85.5220640065045,28.0789070936678 85.5220998320346,28.0789677214881 85.5221136110846,28.0789925237782 85.5221356575647,28.0790338609283 85.5221632156648,28.0790503957884 85.522204552815,28.0790696864585 85.5222155760551,28.0791000003686 85.5222541573952,28.0791248026587 85.5222844713053,28.0791744072389 85.5222651806353,28.079190942099 85.5222458899652,28.0792129885791 85.5222403783452,28.0792570815392 85.5222293551051,28.0793314884095 85.5222183318651,28.0793755813697 85.5221246343247,28.0794224301399 85.5220309367843,28.07944172081 85.5219813322041,28.0794858137702 85.521959285724,28.0795712438805 85.5219344834339,28.0796125810307 85.5218435417036,28.0797338366712 85.5217829138833,28.0797806854413 85.5217443325432,28.0797944644914 85.5217250418731,28.0799184759419 85.5217884255033,28.079935010802 85.5218132277934,28.079951545662 85.5218573207536,28.0800259525323 85.5219262160039,28.0800838245426 85.5219951112542,28.0800728013025 85.5220419600244,28.0800700454925 85.5220777855545,28.0801113826427 85.5220640065045,28.0801334291228 85.5220695181245,28.0802684638133 85.5221494366148,28.0803263358235 85.5221880179549,28.0803566497337 85.5222569132052,28.0803594055437 85.5223423433156,28.0803731845937 85.5223974595158,28.0803924752638 85.5224691105761,28.0803869636438 85.5225297383963,28.0803814520238 85.5225958778366,28.0803263358235 85.5226289475567,28.0802794870533 85.5226813079469,28.0802436615232 85.5227529590072,28.0802353940932 85.5228521681676,28.0802712196233 85.5229072843678,28.0802960219134 85.522943109898,28.0802794870533 85.522951377328,28.0802519289532 85.5230009819082,28.0802491731432 85.5230809003985,28.0802739754333 85.5231497956488,28.0803594055437 85.5231608188889,28.0804117659339 85.5232159350891,28.080433812414 85.5233702604497,28.080444835654 85.5235300974303,28.0804007426938 85.5235797020105,28.0803180683935 85.5236348182108,28.0801747662729 85.5236458414508,28.0800755571125 85.523689934411,28.0799763479521 85.5237615854713,28.079954301472 85.5238607946317,28.079943278232 85.523932445692,28.0798330458316 85.523932445692,28.0797503715312 85.523937957312,28.0796621856109 85.5238773294917,28.0795519532104 85.5237781203313,28.0795188834903 85.5235576555305,28.0794306975699 85.5235907252506,28.0793810929897 85.5237891435714,28.0794251859499 85.5238938643518,28.0794582556701 85.5239930735122,28.0795023486302 85.5240426780924,28.07945274405 85.5240371664724,28.0794031394698 85.5241088175327,28.0793866046098 85.5241473988728,28.0793866046098 85.5242135383131,28.07945274405 85.5242741661333,28.0794251859499 85.5243403055736,28.0793370000296 85.5243843985338,28.0792322792491 85.5244670728341,28.0791330700887 85.5245662819945,28.078956698248 85.5246434446748,28.0788464658476 85.5247095841151,28.0788299309875 85.5247812351754,28.0788574890876 85.5248528862356,28.078934651768 85.5249245372959,28.0790834655085 85.524930048916,28.079199209529 85.5249080024359,28.0792929070694 85.5248528862356,28.0794251859499 85.5247812351754,28.0795519532104 85.524682026015,28.0796566739909 85.5246269098147,28.0797393482912 85.5245497471344,28.0797669063913 85.524439514734,28.0797228134311 85.5243899101538,28.0796732088509 85.5242686545133,28.0795850229306 85.524180468593,28.0795354183504 85.5240922826726,28.0795519532104 85.5240206316123,28.0795905345506 85.5240206316123,28.079700766951 85.5241033059126,28.0797503715312 85.5242796777534,28.0798275342115 85.5242851893734,28.0798826504118 85.5242741661333,28.0799873711922 85.5242851893734,28.0801141384527 85.5244284914939,28.0801306733128 85.524434003114,28.0800479990124 85.524439514734,28.0799818595722 85.5245111657943,28.079948789852 85.5245662819945,28.0799818595722 85.5246434446748,28.0800039060522 85.5247426538352,28.0800149292923 85.5248308397556,28.0800314641524 85.5248528862356,28.0800920919726 85.5248528862356,28.0802684638133 85.5249245372959,28.0803621613537 85.5250733510365,28.0804613705141 85.5252111415371,28.080433812414 85.5253158623175,28.0803897194538 85.5253764901378,28.0803125567735 85.525431606338,28.0802353940932 85.5254756992982,28.080196812753 85.5255363271184,28.0801416965528 85.5255583735985,28.0800755571125 85.5255693968385,28.0800039060522 85.5256300246588,28.079954301472 85.525685140859,28.0798440690716 85.5257898616394,28.0797228134311 85.5259937915802,28.07945274405 85.5260874891206,28.0793700697497 85.5261481169408,28.0792873954494 85.5261536285609,28.0792102327691 85.5260874891206,28.0791551165688 85.5259882799602,28.0791496049488 85.5259221405199,28.0791385817088 85.5258449778396,28.0791110236087 85.5258119081195,28.0790944887486 85.5256630943789,28.0790944887486 85.5255528619785,28.0790118144483 85.5253764901378,28.0789070936678 85.5253875133778,28.0788464658476 85.5255142806383,28.0787637915473 85.5255914433186,28.0787252102071 85.5256630943789,28.0786590707668 85.5256630943789,28.0785819080865 85.5255969549386,28.0785378151264 85.5255804200786,28.0784826989261 85.5256134897987,28.078438605966 85.525690652479,28.0784110478658 85.5258119081195,28.0784275827259 85.5258835591798,28.0784992337862 85.5259607218601,28.0784992337862 85.5260489077804,28.0784716756861 85.5261095356007,28.0785378151264 85.5261591401809,28.0785929313266 85.5262693725813,28.0785984429466 85.5264016514619,28.0785984429466 85.5265394419624,28.0785598616064 85.5266551859829,28.0785708848465 85.5267543951433,28.0786535591468 85.5268150229635,28.0787196985871 85.5267488835233,28.0787582799272 85.526671720843,28.0787803264073 85.5266276278828,28.0788354426076 85.5265945581626,28.0790007912082 85.5265780233026,28.0790889771286 85.5265725116826,28.0791661398089 85.5266496743629,28.0792653489693 85.5268260462036,28.0791606281889 85.526925255364,28.0790007912082 85.5269748599442,28.078940163388 85.5271016272047,28.0789070936678 85.527167766645,28.078945675008 85.5272724874254,28.0789732331081 85.5273716965858,28.0789622098681 85.5274598825061,28.078934651768 85.5275480684265,28.0789126052879 85.5276031846267,28.0788354426076 85.5277189286472,28.0787637915473 85.5277630216073,28.0787141869671 85.5277740448474,28.0786480475268 85.5277189286472,28.0786094661866 85.5276527892069,28.0786094661866 85.5275205103264,28.0786260010467 85.5275260219464,28.0785874197066 85.5275976730067,28.0785267918863 85.5277023937871,28.0785157686463 85.5277244402672,28.0784661640661 85.5277409751272,28.0783945130058 85.527691370547,28.0782953038454 85.5277189286472,28.0782236527851 85.5277740448474,28.0781079087646 85.5278622307677,28.0780252344643 85.527933881828,28.077959095024 85.5280937188087,28.0778543742436 85.5281323001488,28.0778653974837 85.5281102536687,28.0779646066441 85.5280330909884,28.0780803506645 85.5281378117688,28.0781244436247 85.5281984395891,28.0780858622845 85.5282645790294,28.0780086996042 85.5283417417097,28.0779921647442 85.5283637881898,28.0780307460843 85.5283748114298,28.078190583065 85.5282811138894,28.0783283735655 85.5282149744492,28.0783393968056 85.5281267885288,28.0783504200456 85.5281323001488,28.0784165594859 85.5280661607085,28.0784937221662 85.5280386026084,28.0785267918863 85.527933881828,28.0785598616064 85.5278677423878,28.0786480475268 85.527917346968,28.0787141869671 85.5279504166881,28.0788354426076 85.5279008121079,28.0788574890876 85.5278126261875,28.0788630007077 85.5277960913275,28.0789236285279 85.5277519983673,28.0790338609283 85.5276968821671,28.0790448841684 85.5276197194868,28.0790559074084 85.5275866497666,28.0791275584687 85.5275646032865,28.0791606281889 85.5275866497666,28.0792653489693 85.5276968821671,28.0792818838293 85.5277409751272,28.0793204651695 85.5278677423878,28.0793370000296 85.5279504166881,28.0792543257292 85.5279834864082,28.0792157443891 85.5280771839486,28.0792708605893 85.5281378117688,28.0792212560091 85.5281212769088,28.0791275584687 85.5281047420487,28.0790614190285 85.5281433233889,28.0789842563481 85.5281929279691,28.078951186628 85.5282425325493,28.0790228376883 85.5282645790293,28.0791000003686 85.5282645790293,28.0791606281889 85.5283196952296,28.0792322792491 85.5283858346698,28.0792433024892 85.5284464624901,28.0793976278498 85.5285511832705,28.0793535348896 85.5286118110907,28.0792984186894 85.5287551132113,28.0793645581297 85.5288984153319,28.07943620919 85.5288708572318,28.0795023486302 85.5287551132113,28.0796180926507 85.528666927291,28.0796621856109 85.5285952762307,28.0797558831512 85.5285181135504,28.0798385574516 85.5284685089702,28.0799046968918 85.5283803230498,28.0800094176723 85.5282811138894,28.0800590222525 85.5282370209292,28.0800094176723 85.5280441142285,28.0799653247121 85.5279834864082,28.0799983944322 85.5279889980282,28.0800479990124 85.5280771839486,28.0800755571125 85.5281598582489,28.0801196500727 85.5281488350089,28.080196812753 85.5280496258485,28.080196812753 85.5278622307677,28.0802188592331 85.5277850680874,28.0802849986734 85.5279669515482,28.0803566497337 85.5281653698689,28.0803786962137 85.5283307184696,28.0803125567735 85.5283803230498,28.0803290916336 85.5284409508701,28.0804227891739 85.5284685089702,28.0805219983343 85.5285897646107,28.0805330215744 85.528672438911,28.0805771145345 85.5287275551112,28.0806156958747 85.5287330667312,28.080687346935 85.5287606248313,28.0807810444754 85.5288102294115,28.0808526955357 85.5288708572318,28.0809574163161 85.5288212526516,28.0809629279361 85.5287606248313,28.0810511138565 85.5287330667312,28.0810952068166 85.5286614156709,28.081194415977 85.5286118110907,28.0812440205572 85.5285566948905,28.0812715786573 85.5285126019303,28.0813211832375 85.5285291367904,28.0814203923979 85.5286393691909,28.0814920434582 85.5287110202511,28.0815416480384 85.5287385783513,28.0816298339588 85.5287881829314,28.0817786476994 85.5287496015913,28.0818062057995 85.5285291367904,28.0818172290395 85.5283858346698,28.0818613219997 85.5282480441693,28.0820101357403 85.528176393109,28.0820487170805 85.5280716723286,28.0820652519405 85.5279945096483,28.0821589494809 85.5281267885288,28.0822581586413 85.5282039512091,28.0823132748415 85.5281267885288,28.0823683910417 85.5280275793684,28.0824565769621 85.5279614399281,28.0825392512624 85.5278732540078,28.0826219255628 85.5278181378075,28.0826990882431 85.5277464867473,28.0827817625434 85.5277244402672,28.0828754600838 85.527685858927,28.0829856924842 85.5276362543468,28.0831400178448 85.5276307427268,28.0832447386253 85.5276086962467,28.0833494594057 85.5275205103264,28.0834155988459 85.5274984638463,28.0834707150462 85.5275149987063,28.0835313428664 85.5275205103264,28.0836029939267 85.5274764173661,28.0837738541474 85.5275094870863,28.083928179508 85.5275701149065,28.0839998305683 85.5276472775868,28.0840439235285 85.5277905797074,28.0840494351485 85.5278732540077,28.0840769932486 85.5280220677483,28.0841321094488 85.5281323001488,28.0841486443089 85.5282756022694,28.0842258069892 85.5283527649497,28.0842864348094 85.5284133927699,28.0843415510097 85.5285566948905,28.0843415510097 85.5287496015913,28.0843139929095 85.5288377875116,28.0842588767093 85.528931485052,28.084187225649 85.5290417174524,28.0841486443089 85.5291464382329,28.0841321094488 85.5293393449336,28.0841210862088 85.5295377632544,28.0841155745888 85.5296535072749,28.0841210862088 85.529686576995,28.084176202409 85.5297251583352,28.0842092721291 85.5297692512953,28.0842147837492 85.5298023210155,28.0842533650893 85.5298849953158,28.0843525742497 85.529934599896,28.0843580858697 85.5300393206764,28.0843691091098 85.5300999484967,28.0843801323498 85.5301440414569,28.0844407601701 85.5301219949768,28.0845344577104 85.5301054601167,28.0846391784909 85.530171599557,28.0846942946911 85.5302818319574,28.0847769689914 85.5303479713977,28.0848596432917 85.5303259249176,28.0848816897718 85.5302377389972,28.084925782732 85.5302322273772,28.0850084570323 85.5301440414569,28.0850635732326 85.5300999484967,28.0850690848526 85.5298905069358,28.0850470383725 85.5298023210155,28.0850966429527 85.529686576995,28.0851462475329 85.5295928794547,28.0851517591529 85.5295598097345,28.0852289218332 85.5296094143147,28.0853060845135 85.5296590188949,28.0853391542337 85.5296976002351,28.0853556890937 85.5297472048153,28.0853887588139 85.5298519255957,28.085416316914 85.5298353907356,28.0854493866341 85.5297637396753,28.0855210376944 85.5296920886151,28.0856037119947 85.5296039026947,28.0856974095351 85.5295653213546,28.0857911070755 85.5295432748745,28.0859013394759 85.529438554094,28.0859619672962 85.5293558797937,28.0859454324361 85.5292070660531,28.085912362716 85.5290637639325,28.0858958278559 85.5289976244923,28.0858682697558 85.5288598339917,28.0857745722154 85.5287385783512,28.0857359908753 85.5285952762307,28.0857084327751 85.5284740205902,28.085680874675 85.5283858346698,28.085680874675 85.5282976487495,28.0856863862951 85.5281102536687,28.0856588281949 85.527944905068,28.085675363055 85.5278622307677,28.0857139443952 85.5278291610476,28.0857635489754 85.5278291610476,28.0858627581358 85.5278016029475,28.085917874336 85.5278126261875,28.0859895253963 85.5278897888678,28.0860170834964 85.5280000212683,28.0859619672962 85.5280275793684,28.0859564556761 85.5280826955686,28.0859509440561 85.5282039512091,28.0859674789162 85.5282756022694,28.0860115718764 85.5283196952296,28.0860721996966 85.5283748114298,28.0861328275169 85.5284629973501,28.086160385617 85.5285456716505,28.086165897237 85.5286393691908,28.0861218042768 85.528683462151,28.0860721996966 85.5287385783512,28.0860556648365 85.5288157410315,28.0860666880766 85.5288818804718,28.0861052694167 85.528920461812,28.0861438507569 85.5289700663922,28.086171408857 85.5290086477323,28.0862375482973 85.5290802987926,28.0862540831573 85.5291464382329,28.0862430599173 85.5292456473933,28.0862430599173 85.5293393449336,28.0862485715373 85.5294109959939,28.0862706180174 85.5294550889541,28.0863091993576 85.5295487864945,28.0863091993576 85.5295763445946,28.0863091993576 85.5296204375548,28.0863367574577 85.5296259491748,28.0863973852779 85.5296039026947,28.0864910828183 85.5295542981145,28.0865572222586 85.5295487864945,28.0866178500788 85.5295653213546,28.086678477899 85.5295377632544,28.0866895011391 85.5294606005741,28.086667454659 85.5294054843739,28.086678477899 85.5293779262738,28.0868107567796 85.5293999727539,28.0868658729798 85.5294495773341,28.0868658729798 85.5294716238142,28.0868272916396 85.5295377632544,28.0868383148797 85.5295928794547,28.0868603613598 85.5296369724148,28.08690996594 85.5296479956549,28.0869375240401 85.5296920886151,28.0870477564405 85.529670042135,28.0871083842608 85.5296369724148,28.0871524772209 85.5296590188949,28.0871855469411 85.5297196467152,28.0872186166612 85.5297802745354,28.0872627096214 85.5297968093955,28.0873012909615 85.5297527164353,28.087417034982 85.5297472048153,28.0874445930821 85.5297637396753,28.0874997092823 85.5297857861554,28.0875217557624 85.5299125534159,28.0875768719626 85.5299897160962,28.0875878952027 85.5300227858164,28.0876044300628 85.5300393206764,28.087665057883 85.5300613671565,28.0877201740832 85.5300723903966,28.0877808019035 85.5300944368767,28.0878248948636 85.5301054601167,28.0878579645838 85.5301219949768,28.0879516621242 85.5301330182168,28.0879902434643 85.530171599557,28.0880398480445 85.5301660879369,28.0881170107248 85.5301605763169,28.088166615305 85.5301605763169,28.0882658244654 85.5301660879369,28.0883760568659 85.5301936460371,28.0884477079261 85.5302322273772,28.0884918008863 85.5303975759779,28.0885083357464 85.5304857618982,28.0885689635666 85.5305188316184,28.0886020332868 85.5305959942987,28.0886351030069 85.530673156979,28.0885248706065 85.5307503196593,28.0883705452458 85.5308274823396,28.0883044058056 85.5309487379801,28.0882603128454 85.5310479471405,28.0881831501651 85.531180226021,28.0880839410047 85.5313235281416,28.0880508712846 85.5314888767423,28.0879957550843 85.5315880859027,28.0878744994438 85.5316872950631,28.0877532438034 85.5317865042235,28.0876981276031 85.5317865042235,28.0877752902834 85.5318305971836,28.0878744994438 85.5319738993042,28.0878634762038 85.5320179922644,28.0878083600036 85.5319959457843,28.0877091508432 85.5319959457843,28.0876319881629 85.5320400387445,28.0875658487226 85.5321392479049,28.0874556163222 85.5322274338252,28.087411523362 85.5323376662257,28.0873784536419 85.5324699451062,28.0873453839217 85.5325691542666,28.0873894768819 85.5327124563872,28.0873674304018 85.5327896190675,28.0873674304018 85.532910874708,28.0873894768819 85.5329659909082,28.0873233374416 85.5329770141482,28.0872241282812 85.5330321303485,28.0871249191208 85.5330762233086,28.0871138958808 85.533153385989,28.0871469656009 85.5333187345896,28.0871359423609 85.5334510134701,28.087169012081 85.5335061296704,28.0872571980014 85.5336053388308,28.0872682212414 85.5337155712312,28.0871249191208 85.533660455031,28.0870146867204 85.5337376177113,28.0869595705202 85.5338037571516,28.0869816170003 85.5339691057522,28.0869705937602 85.5340242219524,28.0869044543199 85.5340793381527,28.0868824078399 85.5342116170332,28.0868824078399 85.5342557099934,28.0868272916396 85.5342557099934,28.0867721754394 85.5342005937931,28.0866950127591 85.5342226402732,28.0866068268388 85.5342557099934,28.0865076176784 85.5343218494336,28.0864414782381 85.5343769656339,28.086419431758 85.5344541283142,28.0863312458376 85.5345092445144,28.0862981761175 85.5346966395951,28.0862320366772 85.5347517557954,28.0861548739969 85.5348289184757,28.0860225951164 85.5348399417157,28.0859013394759 85.5348178952356,28.0858352000357 85.5348840346759,28.0857800838354 85.5349611973562,28.0856918979151 85.5349281276361,28.0855485957945 85.5348619881958,28.0853722239538 85.5348399417157,28.0852399450733 85.5348730114358,28.0850856197126 85.5349501741162,28.0850856197126 85.5350383600365,28.0851297126728 85.5353029177976,28.0852068753531 85.5354572431582,28.0852399450733 85.5355123593584,28.0853060845135 85.5355123593584,28.085427340154 85.5354462199182,28.0855375725545 85.5353580339978,28.0856257584748 85.5352698480774,28.0857359908753 85.5351816621571,28.0858572465157 85.5349722205962,28.0860446415965 85.5349501741162,28.0861548739969 85.5349832438363,28.0862871528775 85.5350604065166,28.0863532923177 85.5351155227168,28.086408408518 85.5351375691969,28.0864965944383 85.5351044994768,28.0865847803587 85.5349942670763,28.086672966279 85.5349942670763,28.0867721754394 85.5350163135564,28.0868603613598 85.5350273367965,28.0869485472801 85.5350163135564,28.0870036634803 85.5349722205962,28.0871138958808 85.5350163135564,28.0872020818011 85.5350714297566,28.0872461747613 85.5351706389171,28.0873233374416 85.5352698480774,28.0874666395622 85.5352588248374,28.0876209649228 85.5352588248374,28.0876871043631 85.5352698480774,28.0878524529638 85.5352588248374,28.0879516621242 85.5352478015974,28.0880729177646 85.5351926853971,28.0881831501651 85.5351265459569,28.0882823593255 85.5351044994768,28.0884477079261 85.5351375691969,28.0885028241264 85.5352147318772,28.0885248706065 85.5353029177976,28.0886130565268 85.5353359875177,28.0886902192071 85.5353359875177,28.0887673818874 85.5352367783573,28.0889658002082 85.5352037086372,28.0890870558487 85.5352037086372,28.0892303579693 85.5351816621571,28.0893846833299 85.5351265459569,28.0895169622104 85.5349611973562,28.0896823108111 85.5348178952356,28.0896933340511 85.5347297093153,28.0896823108111 85.5346305001549,28.0897043572912 85.5344541283142,28.0897704967315 85.5342777564734,28.0898145896916 85.5342557099934,28.0899358453321 85.5342887797135,28.090167333373 85.5344320818341,28.0902555192934 85.5346194769148,28.0902555192934 85.5347407325553,28.0902555192934 85.5348068719956,28.0903437052138 85.5348068719956,28.0904870073343 85.5348178952356,28.0905751932547 85.5348950579159,28.0906303094549 85.5350052903164,28.090641332695 85.5350493832765,28.0907184953753 85.5351044994768,28.0907846348155 85.5351375691969,28.0908397510157 85.5352808713175,28.0908838439759 85.5353911037179,28.0908507742558 85.535402126958,28.0907846348155 85.535402126958,28.0906964488952 85.5355344058385,28.0906082629748 85.5356446382389,28.0905641700146 85.5358320333197,28.0904870073343 85.5358540797998,28.0904208678941 85.5358210100796,28.0902224495733 85.5358651030398,28.0902334728133 85.5360745446007,28.0900901706927 85.5360304516405,28.0899358453321 85.5359863586803,28.0898586826518 85.5359863586803,28.0897594734914 85.5359532889602,28.0897264037713 85.5358761262799,28.0896382178509 85.535909196,28.0894287762901 85.5359532889602,28.0893405903697 85.5360965910807,28.0893075206496 85.5363060326416,28.0891862650091 85.5364493347622,28.0890650093686 85.5366036601228,28.0889878466883 85.5366918460431,28.088921707248 85.5368461714038,28.0888445445677 85.5369453805642,28.0887453354073 85.5371878918451,28.0885799868067 85.5373752869259,28.0884807776463 85.5374634728462,28.0883705452458 85.5375626820066,28.0882492896054 85.537661891167,28.0882492896054 85.5376949608872,28.0883595220058 85.5378492862478,28.0882713360854 85.5378492862478,28.088161103685 85.5378272397677,28.0879626853642 85.537904402448,28.0878744994438 85.5380256580885,28.0877863135235 85.5380587278086,28.087676081123 85.5380807742887,28.0874997092823 85.538146913729,28.0873233374416 85.5382020299292,28.0872020818011 85.5383784017699,28.0871028726407 85.5384996574104,28.0870918494007 85.5386760292511,28.087157988841 85.5389295637721,28.087169012081 85.5389405870122,28.0870808261607 85.5388634243319,28.0869816170003 85.5387421686914,28.0869265008 85.538653982771,28.0868272916396 85.5384776109303,28.0867611521994 85.5384555644502,28.0866398965589 85.5385768200907,28.0865737571186 85.5386760292511,28.0865737571186 85.5388303546117,28.0865847803587 85.5389295637721,28.086672966279 85.5390287729325,28.0866839895191 85.5390838891327,28.0866178500788 85.5392161680133,28.0863091993576 85.5392051447732,28.086165897237 85.5392823074536,28.0860556648365 85.5393594701339,28.0859454324361 85.5394586792943,28.0857470141153 85.5394366328142,28.0856918979151 85.5393594701339,28.085680874675 85.5391169588529,28.0858021303155 85.5389295637721,28.0860005486363 85.5387862616516,28.0861218042768 85.5385768200907,28.0861218042768 85.5384886341704,28.0860225951164 85.5384776109303,28.0859344091961 85.5385547736106,28.0857249676352 85.538642959531,28.0856257584748 85.5387531919314,28.0855926887547 85.5388413778518,28.0855485957945 85.5390067264525,28.085427340154 85.5392161680133,28.0852950612735 85.5393594701339,28.0851958521131 85.5395799349348,28.0851186894328 85.5398555159359,28.0850635732326 85.540131096937,28.0850305035124 85.5404066779381,28.0850525499925 85.5405940730188,28.0850856197127 85.5408586307799,28.0851076661927 85.5410239793806,28.0850415267525 85.5412885371416,28.0849423175921 85.5413436533418,28.0848872013919 85.5415090019425,28.0847879922315 85.5416192343429,28.084677759831 85.5417074202633,28.0845234344704 85.5417404899834,28.08442422531 85.5417625364635,28.0842809231894 85.5416853737832,28.0842698999494 85.5415530949027,28.0843470626297 85.5413656998219,28.0844903647503 85.5412223977013,28.0846116203907 85.5410790955808,28.0847108295511 85.5409247702202,28.0847549225113 85.5407373751394,28.0847328760312 85.5405169103385,28.0847218527912 85.5404177011781,28.0846887830711 85.5403074687777,28.0846116203907 85.5401751898972,28.0845895739107 85.5400980272168,28.0845124112303 85.5400870039768,28.0843801323498 85.5400429110166,28.0842588767093 85.5400318877766,28.0841486443089 85.5400539342567,28.0840384119084 85.540131096937,28.0838730633078 85.5401751898972,28.0837077147071 85.5401751898972,28.0836085055467 85.5401641666571,28.0834762266662 85.5401641666571,28.0833549710257 85.5399988180564,28.0832888315854 85.539888585656,28.0832557618653 85.5398665391759,28.0831345062248 85.5398334694558,28.0831014365047 85.539657097615,28.0829140414239 85.5396901673352,28.0828589252237 85.5398775624159,28.0827156231031 85.5399106321361,28.0826164139427 85.5400098412965,28.0824179956219 85.5399547250963,28.0821534378609 85.5399106321361,28.0820211589803 85.5398775624159,28.0817676244593 85.5398555159358,28.0816353455788 85.5399547250963,28.0815581828985 85.5400318877765,28.0814699969781 85.5400980272168,28.0813266948576 85.5401641666571,28.0812495321772 85.5402633758175,28.0812495321772 85.5403736082179,28.0811613462569 85.5404507708982,28.0810952068166 85.5405610032987,28.0809739511761 85.5405499800586,28.0808526955357 85.5404838406184,28.080687346935 85.5404838406184,28.0805991610146 85.5406161194989,28.080433812414 85.5407483983794,28.0803015335334 85.5407924913396,28.0801582314129 85.5408145378197,28.0798716271717 85.5408255610597,28.0797834412514 85.5407924913396,28.079684232091 85.5405058870985,28.0796070694107 85.5403515617379,28.0794306975699 85.5404397476582,28.0793204651695 85.5405720265387,28.079188186289 85.5407373751394,28.0790779538885 85.5407924913396,28.0789236285279 85.5407704448595,28.0788244193675 85.5406712356991,28.0786370242868 85.5406932821792,28.0785267918863 85.5407704448595,28.0783173503255 85.5407153286593,28.078207117925 85.5405169103385,28.0780527925644 85.5404838406184,28.0779205136839 85.5406932821792,28.0777992580434 85.5407594216195,28.0777220953631 85.5407263518994,28.0776559559228 85.5405940730188,28.0776008397226 85.5403295152578,28.0776339094427 85.5400759807367,28.0777331186031 85.5398555159359,28.0778213045235 85.5397452835354,28.0777661883233 85.5397342602954,28.0776118629626 85.5397563067755,28.0775236770423 85.5400649574967,28.0773473052016 85.5404948638584,28.0773032122414 85.5406822589392,28.0773583284416 85.5408145378197,28.0775236770423 85.5410019329005,28.0775787932425 85.5412113744613,28.0776008397226 85.5413656998219,28.0776228862027 85.5416633273031,28.0776669791629 85.5419499315443,28.0776008397226 85.5422255125454,28.077457537602 85.5425010935465,28.0772701425213 85.5425121167865,28.0771819566009 85.5423136984657,28.0770386544803 85.5421483498651,28.0768953523598 85.5420601639447,28.0767300037591 85.5419389083042,28.0765205621983 85.5417515132235,28.076465445998 85.5415641181427,28.0764764692381 85.5414208160221,28.0764103297978 85.5413216068617,28.0763662368376 85.5410790955808,28.0762780509173 85.5408255610597,28.0761788417569 85.5407594216195,28.0760686093565 85.5406712356991,28.075947353716 85.5404177011781,28.0758260980755 85.5403074687777,28.0756497262348 85.5401200736969,28.0755394938343 85.5399767715763,28.075462331154 85.5400208645365,28.0752859593133 85.5400980272168,28.0751536804328 85.5400870039768,28.0750765177525 85.5400429110166,28.0749773085921 85.5400098412965,28.0748560529516 85.5401090504569,28.074701727591 85.5403295152578,28.0745694487104 85.540638165979,28.0745143325102 85.5408476075398,28.0745584254704 85.541145235021,28.0747347973111 85.5412775139016,28.0748340064715 85.5414097927821,28.074955262112 85.5414759322224,28.0750544712724 85.5414759322224,28.0751757269129 85.5415420716626,28.0752308431131 85.5416192343429,28.0752749360733 85.5416743505432,28.0753631219936 85.5417294667434,28.075451307914 85.5418396991438,28.0755284705943 85.5420270942246,28.0754954008741 85.5420050477445,28.0754072149538 85.5419719780243,28.0753300522735 85.5418286759038,28.0751536804328 85.5416082111029,28.0748891226717 85.5415751413828,28.0746796811109 85.5415420716626,28.0745914951905 85.5414649089823,28.0745474022303 85.541387746302,28.0744922860301 85.5410790955808,28.0742387515091 85.5409357934602,28.0740734029084 85.5407594216195,28.0740182867082 85.5406491892191,28.073974193748 85.540627142739,28.0739301007879 85.5407263518994,28.0738529381076 85.5408586307799,28.0736986127469 85.5409909096604,28.0735773571065 85.5410570491007,28.0733679155456 85.5411562582611,28.0733017761053 85.5412003512213,28.073213590185 85.5411562582611,28.0731805204649 85.541123188541,28.0730372183443 85.541145235021,28.0728277767834 85.541145235021,28.0726183352226 85.5410680723407,28.0724088936618 85.5411011420609,28.0722986612613 85.5412334209414,28.0722986612613 85.5414428625022,28.0723537774615 85.5415971878629,28.0723096845014 85.5415751413828,28.0721994521009 85.5416523040631,28.0721333126607 85.5417184435033,28.0721002429405 85.5419058385841,28.0721002429405 85.5419389083042,28.0720561499803 85.5419830012644,28.0720010337801 85.5420050477445,28.0719238710998 85.5419609547843,28.0718577316595 85.5418617456239,28.0717364760191 85.5417074202633,28.0716923830589 85.5416743505432,28.0716482900987 85.541630257583,28.0715380576983 85.5416523040631,28.0714498717779 85.5416853737832,28.0713837323376 85.5267805753383,28.0740093303257 85.5258656464147,28.0742408183666 85.5256066002736,28.0743069578069 85.525452274913,28.074351050767 85.5253420425126,28.0743841204872 85.5252924379324,28.0744447483074 85.5252318101121,28.0744557715475 85.5250609498915,28.0744557715475 85.5248845780507,28.0744888412676 85.5246806481099,28.0745219109877 85.5244656949291,28.0745715155679 85.5243223928085,28.0746156085281 85.524206648788,28.0746376550082 85.5240743699075,28.0746817479684 85.5239696491271,28.0747093060685 85.5238483934866,28.0747423757886 85.5237436727062,28.0747864687488 85.5236389519257,28.074836073329 85.5234736033251,28.074830561709 85.5228452786426,28.0749187476293 85.5225145814412,28.0750455148898 85.5220185356392,28.0751337008102 85.5215445363173,28.0751998402504 85.5211642345358,28.0752825145508 85.5207673978942,28.0754258166714 85.520469770413,28.0754368399114 85.5202989101923,28.0754092818113 85.5201225383516,28.0754092818113 85.5199351432709,28.0753817237112 85.5197642830502,28.0753210958909 85.5195989344496,28.0752659796907 85.5194942136691,28.0752880261708 85.5192847721083,28.0753045610309 85.5191910745679,28.0753100726509 85.5188989587067,28.0752714913107 85.5187336101061,28.0752935377908 85.5185737731254,28.0753045610309 85.5184304710049,28.0752990494108 85.5183037037444,28.0752990494108 85.5180832389435,28.0752825145508 85.5178958438627,28.0752825145508 85.517724983642,28.0752549564507 85.5175761699014,28.0752604680707 85.5175431001813,28.075343142371 85.5175596350414,28.0754313282914 85.5175431001813,28.0755140025917 85.517465937501,28.0756077001321 85.5173336586205,28.0757399790126 85.5172730308002,28.0758061184529 85.5172564959402,28.0759273740934 85.5172785424202,28.0759935135336 85.5173061005204,28.0760431181138 85.5173171237604,28.0761202807941 85.5172785424202,28.0761698853743 85.5172068913599,28.0762139783345 85.5171187054396,28.0762801177748 85.5170856357195,28.076324210735 85.5169974497991,28.0763958617952 85.5169092638788,28.0765446755358 85.5169423335989,28.0767210473766 85.5170360311393,28.0768037216769 85.5171627983998,28.0768919075972 85.5171848448799,28.0769360005574 85.5172564959402,28.0769635586575 85.5173777515806,28.0769304889374 85.5174218445408,28.0769029308373 85.5175431001813,28.0768863959772 85.5176643558218,28.0768808843572 85.5178186811824,28.0769084424573 85.5179013554827,28.0769470237975 85.5179068671028,28.0769856051376 85.5178352160425,28.0770407213378 85.5178021463223,28.0770958375381 85.5177690766022,28.0771399304982 85.5176919139219,28.0771564653583 85.5176257744816,28.0772005583185 85.5175871931415,28.0772501628987 85.5175871931415,28.0773107907189 85.5175871931415,28.0774210231194 85.5176312861017,28.0775367671398 85.5176478209617,28.0775973949601 85.5176257744816,28.0776359763002 85.5175320769413,28.0776414879202 85.517476960741,28.0776359763002 85.5173281470004,28.0776690460204 85.5172620075602,28.0776414879202 85.5172454727001,28.0775808601 85.5172344494601,28.0775312555198 85.5171903564999,28.0774651160795 85.5171517751597,28.0773714185392 85.5171131938196,28.0772942558589 85.5170966589595,28.0773052790989 85.5170691008594,28.0773989766393 85.5171021705795,28.0774981857997 85.5170966589595,28.0775367671398 85.5170966589595,28.0775973949601 85.5171352402997,28.0776690460204 85.5171848448799,28.0777296738406 85.51721240298,28.0777847900408 85.51721240298,28.077839906241 85.5171958681199,28.0779005340613 85.5171627983998,28.0779556502615 85.5171562331921,28.0779873383306 85.5171352402995,28.0779997432217 85.5170856357193,28.0780273013218 85.517008473039,28.0780273013218 85.5169478452188,28.0780107664617 85.5168706825385,28.0779942316017 85.5167880082382,28.0780107664617 85.5167163571779,28.0780217897018 85.5166777758377,28.0780273013218 85.5166171480175,28.0779776967416 85.5165951015374,28.0779446270215 85.516512427237,28.0779336037814 85.5164407761768,28.0779225805414 85.5164021948366,28.0778784875812 85.5163746367365,28.077839906241 85.5163195205363,28.0778013249009 85.5162258229959,28.0777792784208 85.5160770092553,28.0777958132809 85.515999846575,28.0777958132809 85.5159226838947,28.0777792784208 85.5158841025545,28.0777737668008 85.5158289863543,28.0777517203207 85.5157738701541,28.0777076273605 85.5156801726137,28.0776635344003 85.5156415912735,28.0776249530602 85.5156030099334,28.07758637172 85.515498289153,28.07758637172 85.5154211264727,28.07756983686 85.5153219173123,28.0775422787599 85.5152227081519,28.0775257438998 85.5150683827912,28.0775036974197 85.5148864993305,28.0775147206597 85.5147321739699,28.0775257438998 85.5146991042498,28.0775477903799 85.5145723369893,28.0775808601 85.5145447788891,28.0775973949601 85.5144731278289,28.0776910925005 85.5143243140883,28.0777351854606 85.5142306165479,28.0777792784208 85.5141424306275,28.077828883001 85.5140928260473,28.0779005340613 85.5140377098471,28.0779446270215 85.5140266866071,28.0780162780818 85.5140762911873,28.078087929142 85.5141424306275,28.0781099756221 85.5141644771076,28.0781485569623 85.5141589654876,28.0781816266824 85.5142030584478,28.0782202080226 85.5142140816878,28.0782422545027 85.5143077792282,28.0782918590829 85.5144565929688,28.0782863474628 85.5144841510689,28.078313905563 85.5144896626889,28.0783524869031 85.5144510813488,28.0783706428279 85.5144510813488,28.0783965798633 85.5144428139187,28.0784048472933 85.5143876977185,28.0784103589133 85.5143358694155,28.0784248708382</coordinates></LinearRing></outerBoundaryIs><innerBoundaryIs><LinearRing><coordinates>85.5388579127116,28.0751998402504 85.5388510231867,28.0752260204455 85.5388372441366,28.0752218867305 85.5388193313715,28.0752025960604 85.5387669709813,28.0751888170103 85.5387449245012,28.0752315320655 85.5387352791662,28.0752825145507 85.5387297675462,28.0753142063658 85.5386567385809,28.0753155842709 85.5386402037208,28.0753086947458 85.5386016223807,28.0753018052208 85.5385616631355,28.0753169621759 85.5385189480803,28.075345898181 85.5384955236952,28.0753968806662 85.5384982795052,28.0754244387663 85.5385093027453,28.0754492410564 85.5385051690303,28.0754630201064 85.5384969016003,28.0754795549665 85.5385065469353,28.0755222700217 85.5385244597004,28.0755622292668 85.5385258376054,28.075598054797 85.5385299713204,28.0756338803271 85.5385175701753,28.0756697058573 85.5384858783602,28.0756958860524 85.5384583202601,28.0757041534824 85.5383949366298,28.0757193104375 85.5383577331947,28.0757372232025 85.5383108844245,28.0757317115825 85.5382778147044,28.0757206883425 85.5382406112692,28.0757234441525 85.5382254543142,28.0756931302424 85.5382337217442,28.0756641942372 85.5382488786992,28.0756325024221 85.5382475007942,28.075599432702 85.5382158089791,28.0755815199369 85.5381620706839,28.075596676892 85.5381510474439,28.0756435256622 85.5381386462988,28.0756586826172 85.5380876638136,28.0756683279523 85.5380559719985,28.0756490372822 85.5380160127533,28.0756338803271 85.5379760535082,28.0756380140421 85.5379705418881,28.0756297466121 85.537941605883,28.0756145896571 85.537923693118,28.075609078037 85.5379181814979,28.0755773862219 85.537931960548,28.0755332932617 85.537931960548,28.0754657759165 85.537925071023,28.0754023922862 85.5379085361629,28.0753707004711 85.5378520420577,28.075362433041 85.5378382630076,28.0753844795211 85.5378299955776,28.0754327061963 85.5378382630076,28.0754630201064 85.5377996816675,28.0754850665865 85.5377624782323,28.0754712875365 85.5377032283171,28.0754354620063 85.5376701585969,28.0753872353311 85.5376481121169,28.075358299326 85.5375998854417,28.0753321191309 85.5375792168666,28.0753279854159 85.5375089437113,28.0753266075109 85.5374744960861,28.0753086947458 85.5374620949411,28.0752742471207 85.5374510717011,28.0752604680706 85.5374166240759,28.0752590901656 85.5374000892159,28.0752646017856 85.5373725311157,28.0752907819808 85.5373518625407,28.0752976715058 85.5372995021504,28.0753059389358 85.5372760777654,28.0753183400809 85.5372485196652,28.0753169621759 85.5372071825151,28.0753252296059 85.537182380225,28.075348653991 85.5371713569849,28.075359677231 85.5371355314548,28.0753748341861 85.5371121070697,28.0754037701912 85.5371010838296,28.0754161713363 85.5370873047796,28.0754189271463 85.5370501013444,28.0754230608613 85.5370060083843,28.0754340841013 85.536952270089,28.0754464852464 85.5369192003689,28.0754657759165 85.5368943980788,28.0754960898266 85.5368751074087,28.0755112467816 85.5368530609286,28.0755305374517 85.5367979447284,28.0755773862219 85.5367593633883,28.075598054797 85.5367070029981,28.075593921082 85.5366697995629,28.0755842757469 85.5366408635578,28.0755842757469 85.5365719683075,28.0755870315569 85.5365402764924,28.075595298987 85.5364851602922,28.0755884094619 85.5364727591471,28.0755801420319 85.5364272882819,28.0755622292668 85.5363914627518,28.0755691187919 85.5363887069418,28.075599432702 85.5363680383667,28.075603566417 85.5363198116915,28.075589787367 85.5362757187313,28.0755622292668 85.5362715850163,28.0755456944068 85.5362646954913,28.0755043572566 85.5362440269162,28.0754547526764 85.5362426490112,28.0754230608613 85.5362509164412,28.0753927469512 85.5362784745413,28.075361055136 85.5362963873064,28.075355543516 85.5363363465516,28.075356921421 85.5363721720817,28.075341764466 85.5363818174168,28.0752949156958 85.5363749278917,28.0752701134057 85.5363501256016,28.0752604680706 85.5362950094014,28.0752535785456 85.5362702071113,28.0752329099705 85.5362247362461,28.0752218867305 85.536191666526,28.0752425553056 85.5361530851858,28.0752646017856 85.5361103701307,28.0752659796907 85.5360938352706,28.0752880261707 85.5360566318355,28.0752907819808 85.5360662771705,28.0752701134057 85.5360745446005,28.0752453111156 85.5360456085954,28.0752205088255 85.5359863586802,28.0752218867305 85.53593399829,28.0752480669256 85.5359064401898,28.0752770029307 85.5358761262797,28.0752962936008 85.5358568356096,28.0753266075109 85.5358582135147,28.075358299326 85.5358775041847,28.0753789679011 85.5358981727598,28.0753927469512 85.5358926611398,28.0754230608613 85.5358706146597,28.0754409736264 85.5358347891296,28.0754423515314 85.5357920740744,28.0754423515314 85.5357548706392,28.0754836886815 85.535705266059,28.0755181363067 85.535688731199,28.0755401827868 85.5355908999436,28.0755580955518 85.5355536965084,28.0755456944068 85.5355220046933,28.0755443165018 85.5355040919282,28.0755663629819 85.5355096035482,28.075609078037 85.5355178709783,28.0756421477572 85.5355288942183,28.0756697058573 85.5355137372633,28.0756848628123 85.5354875570682,28.0756669500473 85.5354682663981,28.0756545489022 85.5354159060079,28.0756449035672 85.5353828362877,28.0756338803271 85.5353580339976,28.0756145896571 85.5353359875176,28.075602188512 85.5353249642775,28.075598054797 85.5352891387474,28.075596676892 85.5352726038873,28.075607700132 85.5352519353122,28.0756159675621 85.5352285109271,28.075595298987 85.5352298888321,28.0755567176468 85.5352257551171,28.0755250258317 85.535209220257,28.0755098688766 85.5351816621569,28.0754850665865 85.535209220257,28.0754726654415 85.5352464236922,28.0754712875365 85.5352602027423,28.0754547526764 85.5352657143623,28.0754340841013 85.5353015398924,28.0754189271463 85.5353180747525,28.0754092818112 85.5353235863725,28.0753817237111 85.5353387433276,28.075351409801 85.5353442549476,28.0753293633209 85.5353359875175,28.0753018052208 85.5353414991376,28.0752701134057 85.5353649235227,28.0752714913107 85.5353855920977,28.0752811366457 85.5353828362877,28.0753266075109 85.5353993711478,28.075345898181 85.5354310629629,28.075352787706 85.535458621063,28.0753720783761 85.535461376873,28.0753996364762 85.5354668884931,28.0754285724813 85.5354903128782,28.0754409736264 85.5355082256432,28.0754533747714 85.5355633418435,28.0754878223965 85.5356267254737,28.0754933340166 85.5356460161438,28.0754836886815 85.5356542835738,28.0754575084864 85.5356460161438,28.0754313282913 85.5356157022337,28.0754037701912 85.5355853883235,28.0753941248562 85.5355523186034,28.0753844795211 85.5355468069834,28.075362433041 85.5355619639384,28.0753362528459 85.5355536965084,28.0753224737959 85.5355330279333,28.0753018052208 85.5355385395534,28.0752880261707 85.5355468069834,28.0752646017857 85.5355440511734,28.0752301541605 85.5355316500283,28.0752232646355 85.5354944465932,28.0752163751105 85.5354668884931,28.0752163751105 85.535453109443,28.0752136193004 85.535443464108,28.0751929507254 85.5354365745829,28.0751709042453 85.5354269292479,28.0751516135752 85.5354269292479,28.0751212996651 85.5354393303929,28.07508960785 85.535442086203,28.0750675613699 85.5354351966779,28.0750207125997 85.535437952488,28.0749903986896 85.535446219918,28.0749738638295 85.535450353633,28.0749421720143 85.535450353633,28.0749394162043 85.535453109443,28.0748718988591 85.5354324408679,28.0748374512339 85.5354172839129,28.0748140268488 85.5354048827678,28.0747795792237 85.5353979932428,28.0747354862635 85.5353911037178,28.0746845037783 85.5353731909527,28.0746610793932 85.5353166968475,28.0746431666281 85.5352753596973,28.0746624572982 85.5352629585522,28.0746996607334 85.5352505574072,28.0747782013187 85.5352422899772,28.0748291838039 85.5352216214021,28.0748829220991 85.535206464447,28.0748953232442 85.535196819112,28.0749077243892 85.5351637493918,28.0749421720143 85.5351485924368,28.0749283929643 85.5351279238617,28.0749104801992 85.5351072552866,28.0749008348642 85.5350810750915,28.0748843000041 85.5350631623264,28.074859497714 85.5350631623264,28.0748264279939 85.5350714297565,28.0748057594188 85.5350507611814,28.0747161955934 85.5350287147013,28.0746872595883 85.5349873775511,28.0746541898682 85.5349832438361,28.0746280096731 85.5349942670762,28.074611474813 85.5350163135563,28.0745894283329 85.5350218251763,28.0745577365178 85.5350204472713,28.0745398237527 85.5350259588913,28.0745136435576 85.5350356042263,28.0744998645076 85.5350672960415,28.0744833296475 85.5350783192815,28.0744571494524 85.5350741855665,28.0744254576373 85.5350576507064,28.0744116785872 85.5350328484163,28.0743910100121 85.5350273367963,28.0743703414371 85.5350383600363,28.074356562387 85.5350576507064,28.074353806577 85.5350865867115,28.074362074007 85.5351017436666,28.0743744751521 85.5351265459567,28.0744020332522 85.5351375691967,28.0744268355423 85.5351389471017,28.0744419924973 85.5351596156768,28.0744557715474 85.5351747726319,28.0744488820224 85.535200952827,28.0744475041174 85.5352216214021,28.0744282134473 85.5352450457872,28.0744171902072 85.5352657143622,28.0744254576373 85.5353180747525,28.0744158123022 85.5353442549476,28.0743937658221 85.5353731909527,28.0743923879171 85.5353993711478,28.0744047890622 85.5354324408679,28.0744103006822 85.535451731538,28.0744144343972 85.5354751559231,28.0744282134473 85.5355137372632,28.0744295913523 85.5355481848884,28.0744337250673 85.5355826325135,28.0744282134473 85.5356005452786,28.0744309692573 85.5356253475687,28.0744323471623 85.5356473940488,28.0744378587823 85.5356680626239,28.0744406145923 85.535699754439,28.0744337250673 85.5357176672041,28.0744378587823 85.5357314462541,28.0744585273574 85.5357686496893,28.0744640389774 85.5357948298844,28.0744612831674 85.5358113647444,28.0744461262124 85.5358182542695,28.0744185681122 85.5358251437945,28.0744075448722 85.5358513239896,28.0743965216322 85.5358609693246,28.074367585627 85.5358595914196,28.0743303821919 85.5358706146597,28.0743221147619 85.5359078180948,28.0743234926669 85.535938132005,28.0743000682818 85.5359739575351,28.0742904229467 85.5359877365852,28.0743000682818 85.5360166725903,28.0743317600969 85.5360414748804,28.0743345159069 85.5360717887905,28.0743303821919 85.5360910794606,28.0743400275269 85.5361145038457,28.074368963532 85.5361227712757,28.0744006553472 85.5361530851858,28.0744116785872 85.536198556051,28.0744075448722 85.5362509164412,28.0744047890622 85.5362757187313,28.0743882542021 85.5362977652114,28.0743813646771 85.5363170558815,28.0743717193421 85.5363239454065,28.074353806577 85.5363473697916,28.0743124694268 85.5363997301818,28.0742931787567 85.536449334762,28.0742849113267 85.5364934277222,28.0742931787567 85.5365512997324,28.0743097136168 85.5365843694525,28.0743290042869 85.5366174391727,28.074353806577 85.5366449972728,28.0743758530571 85.5366229507927,28.0744089227772 85.5365430323024,28.0744695505975 85.5365264974423,28.0745108877476 85.5365320090623,28.0745604923278 85.5365485439224,28.0745880504279 85.5365678345925,28.074610096908 85.5365871252625,28.0746321433881 85.5366009043126,28.0746817479683 85.5365761020225,28.0747258409285 85.5365623229724,28.0748002477988 85.5365512997324,28.0748333175189 85.5364879161021,28.074855363999 85.536454846382,28.0748774104791 85.536463113812,28.0749270150593 85.5364879161021,28.0749325266793 85.5365099625822,28.0749600847794 85.536443823142,28.0749848870695 85.5363749278917,28.0750124451696 85.5363280791215,28.0750482706998 85.5363501256016,28.0750840962299 85.5364107534218,28.0751254333801 85.5364824044821,28.0751447240502 85.5364989393422,28.0751309450001 85.5365209858223,28.0751033869 85.5365209858223,28.0750620497498 85.5365320090623,28.0750427590798 85.5365678345925,28.0750124451696 85.5366119275526,28.0749848870695 85.5366697995629,28.0749655963994 85.536702869283,28.0749104801992 85.5367497180532,28.0748829220991 85.5368020784434,28.074863631429 85.5368131016834,28.074849852379 85.5368241249235,28.0747947361788 85.5367882993934,28.0747561548386 85.5367359390031,28.0747258409285 85.5367249157631,28.0746955270184 85.536711136713,28.0746404108181 85.5367249157631,28.0745852946179 85.5367662529133,28.0745384458477 85.5368020784434,28.0745163993676 85.5368351481635,28.0744750622175 85.5368819969337,28.0744530157374 85.5369316015139,28.0744723064075 85.5369812060941,28.0744667947874 85.5370225432443,28.0744612831674 85.5370831710645,28.0744282134473 85.5371162407847,28.0744364808773 85.5371713569849,28.0744364808773 85.5372182057551,28.0744392366873 85.5372595429052,28.0744419924973 85.5372843451953,28.0744227018273 85.5372733219553,28.0744034111572 85.5372319848051,28.074364829817 85.5371713569849,28.074348294957 85.5371355314547,28.074348294957 85.5370859268745,28.0743317600969 85.5370804152545,28.0742931787567 85.5371107291646,28.0742931787567 85.537198915085,28.0743014461868 85.5372430080452,28.0743317600969 85.5373063916754,28.0743372717169 85.5373918217858,28.074348294957 85.5374138682659,28.074367585627 85.537446937986,28.0744888412675 85.5375020541862,28.0745136435576 85.5375599261964,28.0745384458477 85.5375764610565,28.0745632481378 85.5375874842966,28.0746183643381 85.5375792168665,28.0746652131082 85.5375957517266,28.0747065502584 85.5376646469769,28.0746872595883 85.5376784260269,28.0746321433881 85.5376784260269,28.0745797829979 85.537692205077,28.0745439574678 85.5377335422271,28.0744998645076 85.5377969258574,28.0745053761276 85.5378713327277,28.0745577365178 85.5379181814979,28.0746211201481 85.537948495408,28.0746817479683 85.5379705418881,28.0747093060684 85.5380780184785,28.0747699338887 85.5381799834489,28.0747754455087 85.5382433670792,28.0747699338887 85.5383315529995,28.0747285967385 85.5384114714899,28.0746900153983 85.5384831225501,28.0746789921583 85.5385327271303,28.0746845037783 85.5386291804807,28.0747093060684 85.538684296681,28.0747782013187 85.5387118547811,28.0748360733289 85.5387256338311,28.0748939453392 85.5387256338311,28.0749490615394 85.5387394128812,28.0749876428795 85.5387807500313,28.0750041777396 85.5388110639415,28.0750179567897 85.5388193313715,28.0750455148898 85.5388331104215,28.07509511947 85.5388358662316,28.0751364566201 85.5388579127116,28.0751998402504</coordinates></LinearRing></innerBoundaryIs><innerBoundaryIs><LinearRing><coordinates>85.5289824675371,28.0751915728204 85.5289438861969,28.0752466890206 85.5289135722868,28.0752990494108 85.5289025490467,28.0753321191309 85.5289053048567,28.0753707004711 85.5288446770365,28.0753707004711 85.5288226305564,28.0753679446611 85.5287895608363,28.0753844795211 85.5287399562561,28.0753899911412 85.5286627935758,28.0753927469512 85.5286297238556,28.0753982585712 85.5286187006156,28.0754106597162 85.5285980320405,28.0754175492413 85.5285656512729,28.0754154823838 85.5285360263153,28.0754141044787 85.5285098461202,28.0754161713363 85.5284836659251,28.0754168602888 85.528458863635,28.0754120376212 85.5284457735374,28.0754092818112 85.5284133927697,28.0754127265737 85.5283844567646,28.0754278835288 85.5283665439996,28.0754320172438 85.5283431196145,28.0754306393388 85.5283238289444,28.0754285724813 85.5282886923667,28.0754134155262 85.5282749133167,28.0754017033337 85.5282521778841,28.0753886132362 85.528241154644,28.0753824126636 85.528241154644,28.0753672557086 85.5282473552166,28.0753465871335 85.5282618232191,28.0753307412259 85.5282666458867,28.0753183400809 85.5282687127442,28.0753148953184 85.5282797359842,28.0753100726508 85.5282907592242,28.0752990494108 85.5282948929393,28.0752928488383 85.5283024714168,28.0752887151232 85.5283176283719,28.0752866482657 85.5283334742794,28.0752832035032 85.528357587617,28.0752673575957 85.5283734335246,28.0752487558781 85.5283810120021,28.0752301541605 85.5283899683847,28.0752177530155 85.5284030584822,28.0752115524429 85.5284195933423,28.0752053518704 85.5284519741099,28.0752032850129 85.5284609304924,28.0751943286304 85.5284650642075,28.0751791716753 85.528486421735,28.0751591920527 85.5284946891651,28.0751474798602 85.5284974449751,28.0751440350977 85.5285146687877,28.0751275002376 85.5285229362177,28.0751178549026 85.5285408489828,28.07510889852 85.5285697849879,28.075102008995 85.528590453563,28.0750999421375 85.5286145669006,28.07509787528 85.5286455697632,28.075096497375 85.5286662383383,28.0750792735624 85.5286779505308,28.0750599828923 85.5286834621509,28.0750448259373 85.5286869069134,28.0750214015522 85.5286931074859,28.0750096893596 85.5287061975834,28.0749952213571 85.528716531871,28.074982820212 85.5287420231136,28.074969041162 85.5287468457811,28.074973174877 85.5287482236861,28.0749903986895 85.5287482236861,28.0750158899321 85.5287599358787,28.0750344916497 85.5287957614088,28.0750351806022 85.5288088515064,28.0750331137447 85.5288295200814,28.0750269131722 85.5288432991315,28.0750117562171 85.5288515665615,28.074991087642 85.5288715461841,28.0749766196395 85.5288873920917,28.074967663257 85.5288997932367,28.0749621516369 85.5289128833343,28.0749607737319 85.5289121943818,28.074978686497 85.5289080606668,28.0750021108821 85.5289135722868,28.0750248463147 85.5289307960993,28.0750276021247 85.5289487088644,28.0750420701273 85.5289955576346,28.0750448259373 85.5290155372572,28.0750172678372 85.5290169151622,28.0749890207845 85.5290306942122,28.074970419067 85.5290382726898,28.0749449278244 85.5290176041147,28.0749111691517 85.5290189820197,28.0748898116241 85.5290265604972,28.0748574308565 85.5290313831647,28.0748408959964 85.5290417174523,28.0748119599913 85.5290424064048,28.0747892245587 85.5290348279272,28.0747671780786 85.5290279384022,28.0747513321711 85.5290286273547,28.0747299746435 85.5290251825922,28.0747051723534 85.5290424064048,28.0746693468233 85.5290458511673,28.0746507451057 85.5290424064048,28.0746355881506 85.5290623860274,28.0746369660556 85.5290871883175,28.0746569456782 85.5291250807051,28.0746617683457 85.5291347260402,28.0746569456782 85.5291891532879,28.0746493672007 85.5292339352006,28.0746410997706 85.5292539148231,28.0746355881506 85.5292656270157,28.0746224980531 85.5292752723507,28.074599073668 85.5293138536909,28.0745811609029 85.529356568746,28.0745653149953 85.5294082401837,28.0745570475653 85.5294192634238,28.0745356900377 85.5294530220964,28.0745225999402 85.5295143388692,28.0745246667977 85.5295577428768,28.0745033092701 85.5296183706971,28.07448677441 85.5296473067022,28.074474373265 85.5296989781399,28.074471617455 85.5297079345224,28.07448677441 85.529711379285,28.0744971086976 85.5297230914775,28.0745012424126 85.5296996670924,28.0745198441302 85.5296755537548,28.0745356900377 85.5296459287972,28.0745508469928 85.5296121701246,28.0745639370903 85.5295818562144,28.0745839167129 85.5295542981143,28.0746121637655 85.5295288068717,28.0746245649106 85.5294998708666,28.0746307654831 85.5294612895265,28.0746610793932 85.5294378651414,28.0746969049234 85.5294261529488,28.0747244630235 85.5294144407563,28.0747478874086 85.5294130628513,28.0747561548386 85.5294068622788,28.0747899135112 85.5293937721812,28.0748078262763 85.5293724146536,28.0748216053264 85.5293503681735,28.0748278058989 85.5293276327409,28.0748415849489 85.5293193653109,28.0748464076165 85.5292904293058,28.074847096569 85.5292676938732,28.074844340759 85.5292497811081,28.0748464076165 85.5292387578681,28.074858119809 85.5292270456755,28.0748870558141 85.5292229119605,28.0749139249617 85.5292394468206,28.0749394162043 85.5292442694881,28.0749511283969 85.5292380689156,28.0749766196395 85.529216711388,28.074989709737 85.5291925980504,28.0749986661196 85.5291691736653,28.0750172678372 85.5291374818502,28.0750544712723 85.5291312812777,28.0750599828923 85.5291140574651,28.0750716950849 85.52910441213,28.0750847851824 85.5290913220325,28.0751040758525 85.5290740982199,28.0751192328076 85.5290479180248,28.0751254333801 85.5290224267822,28.0751392124301 85.5290224267822,28.0751591920527 85.5290231157347,28.0751695263403 85.5289824675371,28.0751915728204</coordinates></LinearRing></innerBoundaryIs><innerBoundaryIs><LinearRing><coordinates>85.5317630798382,28.0845310129478 85.5315922196175,28.0844758967476 85.531459940737,28.0844538502675 85.5313827780567,28.0845144780878 85.5313607315766,28.0846191988682 85.5313221502364,28.0846743150684 85.5312670340362,28.0847845474689 85.5312394759361,28.0848617101492 85.5311898713559,28.0848617101492 85.5311237319156,28.084812105569 85.5310465692353,28.0847735242288 85.5309804297951,28.0847625009888 85.5309198019748,28.0847404545087 85.5309253135948,28.0846908499285 85.5309473600749,28.0846577802084 85.530952871695,28.0845916407681 85.5309859414151,28.0845255013278 85.5310079878952,28.0844703851276 85.5309969646551,28.0844042456873 85.5310190111352,28.0843546411071 85.5310465692353,28.0842609435668 85.5310245227552,28.0842333854667 85.5310190111352,28.0841396879263 85.5310575924754,28.0841121298262 85.5311016854355,28.0840845717261 85.5311071970556,28.0840459903859 85.5310520808553,28.0839522928455 85.5310134995152,28.0839026882653 85.530963894935,28.0838530836851 85.5309859414151,28.0837538745247 85.5310245227552,28.0837318280446 85.5310961738155,28.0837152931846 85.5312008945959,28.0836877350845 85.5313276618565,28.0836932467045 85.531470963977,28.0836987583245 85.5316032428576,28.0836271072642 85.5316804055379,28.083571991064 85.5317906379383,28.0835058516237 85.5318953587187,28.0835278981038 85.5320000794992,28.0835554562039 85.5321103118996,28.0836381305043 85.5321709397198,28.0837428512847 85.5322370791601,28.0837979674849 85.5322591256402,28.0837759210048 85.5323473115605,28.0837373396647 85.5324906136811,28.0837318280446 85.5325898228415,28.0837593861448 85.5326284041817,28.0838034791049 85.5326614739018,28.083825525585 85.5326945436219,28.083825525585 85.5327386365821,28.0838420604451 85.5327772179223,28.0839026882653 85.532705566862,28.0839578044655 85.5326173809416,28.0840294555258 85.5325291950213,28.0841121298262 85.5324410091009,28.0841892925065 85.5323197534604,28.0842995249069 85.5322536140202,28.0843766875872 85.5321709397198,28.0844207805474 85.5320992886596,28.0844538502675 85.5319449632989,28.0845199897078 85.5317630798382,28.0845310129478</coordinates></LinearRing></innerBoundaryIs><innerBoundaryIs><LinearRing><coordinates>85.5365554334475,28.0799232986094 85.5365375206824,28.0799412113744 85.5365264974424,28.0799701473795 85.5365237416324,28.0799770369046 85.5365072067723,28.0799977054797 85.5365044509623,28.0800197519597 85.5364879161022,28.080076246065 85.5364782707672,28.08008864721 85.5364493347621,28.0801134495001 85.5364190208519,28.0801244727402 85.5363818174168,28.0801368738852 85.5363501256017,28.0801506529353 85.5363170558815,28.0801671877953 85.5362591838713,28.0802030133255 85.5362247362462,28.0802112807555 85.5362054455761,28.0802195481855 85.536191666526,28.0802305714256 85.5361641084259,28.0802429725706 85.5361337945158,28.0802319493306 85.5361034806057,28.0802360830456 85.5360648992655,28.0802691527657 85.5360373411654,28.0802967108659 85.5360111609703,28.0803104899159 85.5359643122001,28.0803160015359 85.535929864575,28.0803118678209 85.5359091959999,28.0803008445809 85.5359036843799,28.0802815539108 85.5358692367547,28.0802760422908 85.5358471902746,28.0802884434358 85.5358375449396,28.0803008445809 85.5358210100795,28.0803146236309 85.5357879403594,28.0803187573459 85.5357534927343,28.0803091120109 85.5357342020642,28.0803022224859 85.5357162892991,28.0802980887709 85.535692864914,28.0802911992458 85.5356708184339,28.0802622632407 85.5356653068139,28.0802526179057 85.535679085864,28.0802374609506 85.535687353294,28.0802374609506 85.5357259346341,28.0802663969557 85.5357879403594,28.0802691527657 85.5358072310295,28.0802526179057 85.5358141205545,28.0802099028505 85.5357975856944,28.0801782110354 85.5357700275943,28.0801478971253 85.5357397136842,28.0801258506452 85.5357259346341,28.0801134495001 85.5357204230141,28.080073490255 85.5357259346341,28.0800459321548 85.5357300683492,28.0800101066247 85.5357438473992,28.0799756589996 85.5357686496893,28.0799605020445 85.5357893182644,28.0799232986094 85.5357948298844,28.0799095195593 85.5358223879845,28.0798943626042 85.5358678588497,28.0798805835542 85.5359050622849,28.079835112689 85.535927108765,28.0798199557339 85.5359767133451,28.0798144441139 85.5360111609703,28.0798034208739 85.5360690329805,28.0797648395337 85.5361076143207,28.0797345256236 85.5361213933707,28.0797111012385 85.5361627305209,28.0796876768534 85.5362068234811,28.0796642524683 85.5362467827262,28.0796587408483 85.5362812303514,28.0796353164632 85.5362936314964,28.0796174036981 85.5363129221665,28.0795994909331 85.5363308349316,28.079578822358 85.5363611488417,28.0795526421629 85.5363735499867,28.0795374852078 85.5363873290368,28.0795416189228 85.5363845732268,28.0795636654029 85.5363790616068,28.079582956073 85.5363735499867,28.0796229153182 85.5363597709367,28.0796504734183 85.5363363465516,28.0796862989484 85.5363391023616,28.0797193686685 85.5363707941767,28.0797235023836 85.5363983522768,28.0797193686685 85.536441067332,28.0797496825787 85.5364617359071,28.0797565721037 85.5364837823872,28.0797524383887 85.5365196079173,28.0797675953437 85.5365554334475,28.0797675953437 85.5365912589776,28.0797441709586 85.5366257066028,28.0797097233335 85.5365995264077,28.0796711419933 85.5365802357376,28.0796601187533 85.5365623229725,28.0796353164632 85.5365898810726,28.079578822358 85.5366174391727,28.0795650433079 85.5366463751779,28.0796077583631 85.5366491309879,28.0796532292283 85.5366463751779,28.0797014559035 85.5366491309879,28.0797345256236 85.5366684216579,28.0797593279137 85.5366697995629,28.0797717290588 85.5366505088929,28.0797882639188 85.5366243286978,28.0798185778289 85.5366270845078,28.079843380119 85.5366505088929,28.0798557812641 85.5366684216579,28.0798750719342 85.5366436193678,28.0799081416543 85.5366229507927,28.0799219207044 85.5365953926926,28.0799164090843 85.5365554334475,28.0799232986094</coordinates></LinearRing></innerBoundaryIs><innerBoundaryIs><LinearRing><coordinates>85.5336645887459,28.0781981615424 85.533697658466,28.0781623360123 85.533714193326,28.0781265104821 85.5337445072362,28.078093440762 85.5337693095263,28.0780493478018 85.5338023792464,28.0780080106517 85.5338271815365,28.0779253363513 85.5338437163966,28.0778895108212 85.5338657628767,28.0778647085311 85.5338905651668,28.0778123481409 85.5339291465069,28.0777847900408 85.533956704607,28.0777296738406 85.5339925301372,28.0776993599304 85.5340338672873,28.0776828250704 85.5340889834875,28.0776690460203 85.5341854368379,28.0776166856301 85.5342267739881,28.07759188334 85.5342901576184,28.0775588136199 85.5343618086786,28.0775284997097 85.5343755877287,28.0775119648497 85.534455506219,28.0775229880897 85.5344968433692,28.0775257438997 85.5345354247093,28.0775284997097 85.5345492037594,28.0775505461898 85.5345492037594,28.0776139298201 85.5345436921394,28.0776497553502 85.5345023549892,28.0776966041204 85.534452750409,28.0777131389805 85.534438971359,28.0777406970806 85.534438971359,28.0777737668007 85.5344003900188,28.0778151039509 85.5343452738186,28.0778619527211 85.5342653553283,28.0779088014913 85.5342570878982,28.0779253363513 85.5342322856081,28.0779694293115 85.534204727508,28.0780080106517 85.5341385880677,28.0780410803718 85.5340586695774,28.0780521036118 85.5339815068971,28.0780603710419 85.5339374139369,28.078082417522 85.5338905651668,28.0781099756221 85.5338354489665,28.0781347779122 85.5338051350564,28.0781402895322 85.5337637979062,28.0781485569622 85.5337362398061,28.0781843824924 85.5337197049461,28.0781981615424 85.5336645887459,28.0781981615424</coordinates></LinearRing></innerBoundaryIs><innerBoundaryIs><LinearRing><coordinates>85.533705925896,28.0748691430491 85.5337500188562,28.0750179567897 85.5338051350564,28.0750179567897 85.5338767861167,28.0750014219296 85.533959460417,28.0749463057294 85.5339980417572,28.0749683522095 85.5339925301371,28.0750069335496 85.5340090649972,28.0750510265098 85.5341413438777,28.0750510265098 85.534207483318,28.0750179567897 85.5342570878982,28.0750565381298 85.5343232273385,28.0751281891901 85.5344224364989,28.07510063109 85.5344830643191,28.0751171659501 85.5345161340392,28.0751833053903 85.5344940875592,28.0752439332106 85.5345106224192,28.0753100726508 85.5344995991792,28.0754092818112 85.5343838551587,28.0754588863914 85.5343562970586,28.0755140025917 85.5344114132588,28.0756462814722 85.5344114132588,28.0757013976724 85.5342901576183,28.0757013976724 85.534201971698,28.0756297466121 85.5341523671178,28.0756132117521 85.5340200882373,28.0757179325325 85.533964972037,28.0757565138726 85.5339208790768,28.0756793511923 85.5339429255569,28.075607700132 85.5339429255569,28.0755084909716 85.5338492280166,28.0755140025917 85.5338106466764,28.0755580955518 85.5337224607561,28.0756683279523 85.5336508096958,28.0756242349921 85.5336893910359,28.0755691187919 85.5337334839961,28.0754974677316 85.5337279723761,28.0754478631514 85.5336838794159,28.0754092818112 85.5335736470155,28.0754423515314 85.5334468797549,28.0755360490717 85.533468926235,28.0755801420319 85.533457902995,28.0756407698522 85.5333862519347,28.0756517930922 85.5333146008744,28.0756187233721 85.5333035776344,28.0754919561116 85.5332539730542,28.0754368399113 85.5331878336139,28.0754258166713 85.5331547638938,28.0754974677316 85.5331437406537,28.0755746304119 85.5331602755138,28.0756462814722 85.5331768103739,28.0757124209125 85.5331216941736,28.0757344673925 85.5331106709336,28.0757785603527 85.5330886244535,28.0758722578931 85.5329949269131,28.0760431181138 85.5329122526128,28.0761368156542 85.5327965085923,28.0762029550944 85.5327524156322,28.0761864202344 85.5327634388722,28.076098234314 85.5327469040121,28.0760210716337 85.532702811052,28.0760100483936 85.5326697413318,28.0760816994539 85.5326421832317,28.0761864202344 85.5325705321714,28.0762690945347 85.5324492765309,28.0762580712946 85.5323776254707,28.0762470480546 85.5323335325105,28.0762690945347 85.5322618814502,28.0762801177747 85.5323169976504,28.0762029550944 85.5324768346311,28.0761478388942 85.5325484856913,28.076087211074 85.5326311599917,28.0760210716337 85.532713834292,28.0759659554335 85.5327799737323,28.0759824902935 85.5328681596526,28.0759824902935 85.5328957177527,28.0759328857133 85.5329012293728,28.0758116300729 85.5328736712727,28.0757730487327 85.5327909969723,28.0757344673925 85.532702811052,28.0757565138726 85.5325815554115,28.0757675371127 85.5325374624513,28.0757840719727 85.5324106951908,28.0758281649329 85.5323721138506,28.0758226533129 85.5323004627903,28.0758061184528 85.5322343233501,28.0759053276132 85.5321902303899,28.0759383973334 85.5321626722898,28.0759659554335 85.5321351141897,28.0759935135336 85.5320524398894,28.0759714670535 85.531964253969,28.0759328857133 85.5319146493888,28.0758777695131 85.5318650448086,28.0758281649329 85.5318650448086,28.0757399790126 85.5318981145287,28.0757179325325 85.5320138585492,28.0757124209125 85.5320414166493,28.0756683279523 85.5320303934093,28.0756132117521 85.5320193701692,28.0755415606918 85.5320138585492,28.0754588863914 85.5320965328495,28.075359677231 85.5320910212295,28.0752880261707 85.5320524398894,28.0752549564506 85.531975277209,28.0752053518704 85.5320359050293,28.0751557472902 85.5320799979895,28.0750510265098 85.5320910212295,28.0749848870695 85.5321351141897,28.0749187476293 85.5321847187699,28.0748305617089 85.5322288117301,28.0747754455087 85.5323335325105,28.0747478874086 85.5323831370907,28.0746927712084 85.5324217184308,28.0746321433881 85.5324878578711,28.0745880504279 85.5325705321714,28.0744943528876 85.5326421832317,28.0743841204871 85.532708322672,28.0743400275269 85.5328075318324,28.0743179810469 85.5328736712727,28.0742959345668 85.5329067409928,28.0742849113267 85.532956345573,28.0743069578068 85.5330335082533,28.074351050767 85.5330831128335,28.0744447483074 85.5331272057937,28.0745219109877 85.5331878336139,28.0745825388079 85.5332264149541,28.0746431666282 85.5332870427743,28.0746817479683 85.5333421589745,28.0747148176884 85.5334138100348,28.0747533990286 85.5334964843351,28.0747919803688 85.5335901818755,28.0748195384689 85.533705925896,28.0748691430491</coordinates></LinearRing></innerBoundaryIs><innerBoundaryIs><LinearRing><coordinates>85.5308481509145,28.0769222215073 85.5307764998542,28.0768836401672 85.530732406894,28.076839547207 85.530710360414,28.0767734077667 85.5306965813639,28.0767403380466 85.5306938255539,28.0766934892764 85.5306800465038,28.0766383730762 85.5306524884037,28.076602547546 85.530718627844,28.0765060941956 85.5307406743241,28.0764647570455 85.5307709882342,28.0763986176052 85.5307764998542,28.076354524645 85.5307764998542,28.0762801177747 85.5308288602444,28.0762305131945 85.5308949996847,28.0762442922446 85.530958383315,28.0763214549249 85.5310438134253,28.076340745595 85.5311209761056,28.076337989785 85.5311678248758,28.076351768835 85.531222941076,28.0764179082753 85.5313083711864,28.0764234198953 85.5313552199566,28.0764316873253 85.5313993129167,28.0764702686655 85.5315867079975,28.0764785360955 85.5316721381078,28.0764675128555 85.5317382775481,28.0764785360955 85.5318540215685,28.0764482221854 85.5319063819588,28.0764427105654 85.5320000794991,28.0764509779954 85.5320221259792,28.0764647570455 85.5320166143592,28.0764895593356 85.5319339400589,28.0765060941956 85.5318485099485,28.0765364081058 85.5318402425185,28.0765722336359 85.5318540215685,28.0766190824061 85.5318181960384,28.0766521521262 85.531721742688,28.0766631753663 85.5316335567677,28.0766411288862 85.5315811963775,28.0766383730762 85.5315123011272,28.0766907334664 85.5314075803468,28.0767541170966 85.5313497083365,28.0767816751967 85.5312753014662,28.0768175007269 85.531209162026,28.0768119891069 85.5311650690658,28.0767816751967 85.5311044412455,28.0767899426268 85.5310300343752,28.0768175007269 85.5310079878952,28.076839547207 85.530977673985,28.076856082067 85.530961139125,28.0769139540773 85.5309886972251,28.0769360005574 85.5310024762751,28.0769525354174 85.5309886972251,28.0769800935175 85.530969406555,28.0769883609476 85.5308481509145,28.0769222215073</coordinates></LinearRing></innerBoundaryIs><innerBoundaryIs><LinearRing><coordinates>85.5325760437914,28.0785701958939 85.532454788151,28.0786142888541 85.5323886487107,28.078594998184 85.5323362883205,28.0786749166744 85.5322729046902,28.0788182187949 85.53221227687,28.078829242035 85.53222330011,28.0787024747745 85.5322563698302,28.0786280679042 85.5322591256402,28.0786060214241 85.53221503268,28.0785619284639 85.5321433816197,28.0784957890236 85.5321268467596,28.0783938240532 85.5320331492193,28.0783772891932 85.5319890562591,28.0784461844434 85.5319945678791,28.078575707514 85.5320000794991,28.0786997189645 85.5320992886595,28.0787410561146 85.5321103118996,28.0787658584047 85.5321323583797,28.078845776895 85.5321516490497,28.0789146721453 85.5320689747494,28.0789504976755 85.5320166143592,28.0789642767255 85.5318953587187,28.0790028580657 85.5318678006186,28.0789339628154 85.5317713472682,28.0789560092955 85.5317685914582,28.0789973464456 85.5316280451476,28.0790056138757 85.5315123011272,28.0789560092955 85.5314075803468,28.0789504976755 85.5313386850965,28.0789780557756 85.5311843597359,28.0789863232056 85.5310134995152,28.0789890790156 85.530974918175,28.0790221487357 85.530977673985,28.0790689975059 85.5309914530351,28.0791737182864 85.530969406555,28.0792398577266 85.5309446042649,28.0793115087869 85.530972162365,28.0793693807971 85.5310493250453,28.0793859156572 85.5310796389554,28.0794189853773 85.5311209761056,28.0794741015776 85.5312036504059,28.0795374852078 85.5312504991761,28.0796201595081 85.5313083711863,28.0796918105684 85.5313331734764,28.0797551941987 85.5313193944264,28.0798158220189 85.5313166386164,28.0798792056492 85.5313634873866,28.0799729031896 85.5314186035868,28.0800390426298 85.5313662431966,28.08008864721 85.5313083711863,28.0801162053101 85.5312560107961,28.0800996704501 85.5311347551556,28.0800004612897 85.5310603482854,28.0800114845297 85.5309473600749,28.0800059729097 85.5308757090146,28.0799618799495 85.5308343718644,28.0799205427994 85.5308674415846,28.0798571591691 85.5309087787347,28.0798047987789 85.5309335810248,28.0797607058187 85.5309170461648,28.0797166128585 85.5309142903548,28.0796366943682 85.5308619299646,28.079589845598 85.5307957905243,28.0794878806276 85.5307516975641,28.0794134737573 85.5307709882342,28.0793748924172 85.5307654766142,28.0793197762169 85.5307737440442,28.0792315902966 85.5307985463343,28.0791682066663 85.5308481509145,28.0791434043762 85.5308261044344,28.0790717533159 85.5307985463343,28.0790138813057 85.5306717790738,28.0790249045458 85.5306139070636,28.079093799796 85.5305532792433,28.0791048230361 85.530484383993,28.0791323811362 85.5304458026529,28.0791158462761 85.5303796632126,28.0791103346561 85.5303135237723,28.0791544276163 85.5302473843321,28.0792178112465 85.5302832098622,28.0792481251567 85.5303410818725,28.0792536367767 85.5303741515926,28.0792756832568 85.5303741515926,28.0793528459371 85.5303576167325,28.0794300086174 85.5303493493025,28.0794961480577 85.5303741515926,28.079584333978 85.5303438376825,28.0796559850383 85.5303658841626,28.0797634616287 85.5304099771227,28.0798709382192 85.5304595817029,28.0799646357595 85.5305009188531,28.0800335310098 85.5305450118133,28.0800638449199 85.5306607558338,28.0801051820701 85.5306552442137,28.0801602982703 85.5305863489635,28.0801988796105 85.5305532792433,28.0801906121804 85.530481628183,28.0801713215104 85.5304458026529,28.0801575424603 85.5303824190226,28.0801244727402 85.5303465934925,28.0801079378801 85.5302776982422,28.08008864721 85.5302391169021,28.0801134495001 85.5301729774618,28.0800996704501 85.5300985705915,28.0800528216799 85.5300710124914,28.0800473100599 85.5300489660113,28.0800087287197 85.5300351869612,28.0799921938596 85.5299359778008,28.0799315660394 85.5299304661808,28.0798461359291 85.5299194429408,28.0797689732487 85.5299277103708,28.0796973221885 85.5299414894209,28.0796366943682 85.5299332219908,28.079576066548 85.5298973964607,28.0795705549279 85.5298340128304,28.0796614966583 85.5298174779704,28.0796725198984 85.5298092105403,28.0796284269382 85.5298229895904,28.0795567758779 85.5298229895904,28.0794933922476 85.5298202337804,28.0794162295673 85.5298009431103,28.0793914272772 85.5297651175802,28.0793115087869 85.5297981873003,28.0792508809667 85.5298450360705,28.0791930089564 85.5299607800909,28.079096555606 85.5300186521012,28.0790441952158 85.5300351869612,28.0790166371157 85.5300599892513,28.0789587651055 85.5301206170716,28.0788760908052 85.5301867565118,28.078831997845 85.5302556517621,28.0787796374548 85.5303824190226,28.0786886957244 85.5304044655027,28.0786583818143 85.5304292677928,28.0786198004741 85.530481628183,28.078592242374 85.5305064304731,28.0785453936038 85.530484383993,28.0785233471237 85.5303769074026,28.0785040564537 85.5303713957826,28.0784379170134 85.5304210003628,28.0784158705333 85.5304568258929,28.0784020914833 85.5304540700829,28.0783111497529 85.5304375352228,28.0782698126027 85.5303713957826,28.0782670567927 85.5303245470124,28.0782725684127 85.5302528959521,28.0783083939429 85.5301922681319,28.078349731093 85.5301481751717,28.0783056381329 85.5301316403116,28.0782698126027 85.5300958147815,28.0782505219326 85.5301261286916,28.0782146964025 85.5301784890818,28.0782146964025 85.5302749424322,28.0782367428826 85.5303300586324,28.0782229638325 85.5304017096927,28.0781926499224 85.530473360753,28.0781706034423 85.5305284769532,28.0781871383024 85.5305587908633,28.0781898941124 85.5306111512535,28.0781788708724 85.5306524884037,28.0782146964025 85.5307103604139,28.0782119405925 85.5307627208041,28.0781568243923 85.5307847672842,28.0781458011522 85.5308371276744,28.0781733592523 85.5308784648246,28.0781485569622 85.5309142903548,28.0781430453422 85.5309528716949,28.0781595802023 85.530983185605,28.0781595802023 85.5310190111352,28.0781320221022 85.5310658599054,28.078090684952 85.5311347551556,28.0780631268519 85.5311705806858,28.078096196572 85.5312008945959,28.0781044640021 85.5313138828064,28.078093440762 85.5313524641465,28.078082417522 85.5313882896767,28.0780465919918 85.5314186035868,28.0780355687518 85.531481987217,28.0780383245618 85.5315536382773,28.0780521036119 85.5316142660976,28.078076905902 85.5316445800077,28.0781127314321 85.5317052078279,28.0781871383024 85.5317410333581,28.0781513127722 85.5317933937483,28.0780603710419 85.5318347308985,28.0780107664617 85.531969765589,28.0779666735015 85.5320221259792,28.0779198247313 85.5321075560896,28.0778895108212 85.5321020444695,28.077850929481 85.5321130677096,28.0777875458508 85.5321709397198,28.0777324296506 85.53222330011,28.0776442437302 85.5322977069803,28.0776332204902 85.5323528231805,28.0776194414401 85.5324217184308,28.0775808601 85.532476834631,28.0775643252399 85.5325567531214,28.07760015077 85.5326614739018,28.0776304646802 85.5326972994319,28.0776166856301 85.5327634388722,28.0776084182001 85.5328819387027,28.0776359763002 85.5329425665229,28.0776525111602 85.5329866594831,28.0776332204902 85.5330527989234,28.0776249530601 85.5331354732237,28.0776166856301 85.5331740545638,28.0776580227803 85.533204368474,28.0777517203206 85.533215391714,28.077828883001 85.533226414954,28.0778702201511 85.5332677521042,28.0779887199816 85.5332705079142,28.0780355687518 85.5332760195342,28.078087929142 85.5333035776343,28.0781209988621 85.5333752286946,28.0781733592523 85.5333862519347,28.0782229638325 85.5333586938346,28.0782036731625 85.5332980660143,28.0781926499224 85.5332401940041,28.0781898941124 85.5331933452339,28.0782036731625 85.5331492522737,28.0782367428826 85.5331024035035,28.0782615451727 85.5330362640633,28.0782643009827 85.5329976827231,28.0783194171829 85.5329811478631,28.0783607543331 85.532961857193,28.0783993356732 85.5328984735627,28.0784020914833 85.5328709154626,28.0784406728234 85.5328516247925,28.0784627193035 85.5328047760223,28.0784709867335 85.5327524156321,28.0784930332136 85.532733124962,28.0785123238837 85.532716590102,28.0785288587438 85.5326945436219,28.0785536610339 85.5325760437914,28.0785701958939</coordinates></LinearRing></innerBoundaryIs><innerBoundaryIs><LinearRing><coordinates>85.538178605544,28.0739156327852 85.5380601057135,28.0740313768057 85.5379967220832,28.0740672023358 85.5379250710229,28.0740864930059 85.5377817689024,28.074103027866 85.537701850412,28.0741774347363 85.5376770481219,28.0742049928364 85.5376494900218,28.0741416092061 85.537682559742,28.074108539486 85.537690827172,28.0740424000457 85.5376770481219,28.0739872838455 85.537696338792,28.0739542141254 85.5377046062221,28.0739101211652 85.537690827172,28.0739128769752 85.5376164203017,28.0738715398251 85.5376191761117,28.0738026445748 85.5375916180116,28.0737640632346 85.5375282343813,28.0737006796044 85.5375640599115,28.0736648540742 85.5376301993518,28.0736372959741 85.5376715365019,28.0735821797739 85.5377238968921,28.0735628891038 85.5377597224223,28.0735546216738 85.5378065711925,28.0735132845236 85.5378782222528,28.0734884822335 85.5378975129228,28.0735077729036 85.537949873313,28.0735022612836 85.5379719197931,28.0734581683234 85.5380132569433,28.0733947846931 85.5380463266634,28.0734140753632 85.5379994778932,28.0734691915634 85.5379884546532,28.0735077729036 85.5379967220832,28.0735684007238 85.5379719197931,28.073612493684 85.5379801872232,28.0736372959741 85.5380049895133,28.0736593424542 85.5380518382835,28.0737117028444 85.5380931754336,28.0737006796044 85.5381400242038,28.0737089470344 85.5381455358238,28.0737034354144 85.5382034078341,28.0737309935145 85.538195140404,28.0737585516146 85.538195140404,28.0738026445748 85.5382034078341,28.073863272395 85.538178605544,28.0739156327852</coordinates></LinearRing></innerBoundaryIs><innerBoundaryIs><LinearRing><coordinates>85.5343535412486,28.0784241379633 85.5343535412486,28.0783717775731 85.5343370063885,28.078335952043 85.5343700761087,28.0782946148928 85.5344251923089,28.0782477661226 85.5344858201291,28.0781761150623 85.5345905409095,28.0781706034423 85.5346456571098,28.0782119405925 85.5347393546502,28.0782229638325 85.5347834476103,28.0782422545026 85.5348854125807,28.0782422545026 85.5349184823009,28.0782587893627 85.5349102148708,28.0782973707028 85.5349019474408,28.0783249288029 85.5348799009607,28.0784241379633 85.5348440754306,28.0784682309235 85.5347862034203,28.0784379170134 85.5347310872201,28.0784296495834 85.5346649477798,28.0784682309235 85.5346346338697,28.0785013006437 85.5346539245398,28.0785646842739 85.5346649477798,28.078592242374 85.5346180990097,28.0786060214241 85.5345436921394,28.0785646842739 85.5344775526991,28.0785619284639 85.5344086574488,28.0785536610339 85.5343370063885,28.0785316145538 85.5342929134284,28.0785150796937 85.534201971698,28.0784902774036 85.5341165415877,28.0784764983536 85.5340834718675,28.0784599634935 85.5340421347174,28.0784461844434 85.5339787510871,28.0784737425435 85.5339071000268,28.0784351612034 85.5339704836571,28.0783993356732 85.5340200882373,28.078338707853 85.5341303206377,28.0783083939429 85.5341744135979,28.0783111497529 85.5342295297981,28.0783828008132 85.5342433088482,28.0784076031033 85.5342818901883,28.0784324053934 85.5343287389585,28.0784489402534 85.5343535412486,28.0784241379633</coordinates></LinearRing></innerBoundaryIs><innerBoundaryIs><LinearRing><coordinates>85.5334771936651,28.0777338075556 85.5335130191952,28.0777048715505 85.5335323098653,28.0776773134503 85.5335378214853,28.0776538890652 85.5335460889154,28.0776345983952 85.5335419552003,28.0775781042899 85.5335254203403,28.0775353892348 85.5335584900604,28.0775229880897 85.5336080946406,28.0775202322797 85.5336728561759,28.0775464124748 85.533716949136,28.0776111740101 85.5337445072362,28.0776800692604 85.5337197049461,28.0777448307956 85.5336701003659,28.0777723888957 85.5336163620706,28.0777489645106 85.5335956934956,28.0777200285055 85.5335529784404,28.0777338075556 85.5335295540553,28.0777420749856 85.5335199087203,28.0777448307956 85.5334771936651,28.0777338075556</coordinates></LinearRing></innerBoundaryIs><innerBoundaryIs><LinearRing><coordinates>85.5333738507897,28.0777103831705 85.5332842869643,28.0776442437302 85.5332732637243,28.0776139298201 85.5332829090593,28.077587749625 85.5333407810695,28.07758361591 85.5333862519347,28.07759188334 85.5334179437498,28.0776345983952 85.5334041646998,28.0776690460203 85.5333738507897,28.0777103831705</coordinates></LinearRing></innerBoundaryIs><innerBoundaryIs><LinearRing><coordinates>85.5295294958242,28.082065940893 85.529461978479,28.082078342038 85.5294316645688,28.0820618071779 85.5294165076138,28.0820301153628 85.5293903274187,28.0820011793577 85.5293586356036,28.0819860224026 85.5293200542634,28.0819667317326 85.5292470252981,28.0819749991626 85.529222223008,28.0819653538276 85.5291547056627,28.0819212608674 85.5291946649079,28.0819185050574 85.5292800950182,28.0819102376273 85.5293048973083,28.0818854353372 85.5292980077833,28.0818137842769 85.5292883624483,28.0817476448367 85.5293269437884,28.0816883949214 85.5293724146536,28.0816773716814 85.529464734289,28.0816952844465 85.5295170946792,28.0817242204516 85.5296383503197,28.0817807145568 85.5296672863248,28.081822051707 85.5296727979448,28.0818551214271 85.5296727979448,28.0818950806723 85.5296287049846,28.0819198829624 85.5295846120245,28.0819460631575 85.5295639434494,28.0819749991626 85.5295487864943,28.0820190921228 85.5295294958242,28.082065940893</coordinates></LinearRing></innerBoundaryIs><innerBoundaryIs><LinearRing><coordinates>85.5191841850427,28.075343142371 85.5193219755433,28.0753238517009 85.5194459869938,28.0753293633209 85.5195369287241,28.0753210958909 85.5195865333043,28.0753100726508 85.5196333820745,28.0753100726508 85.5196609401746,28.075351409801 85.5196967657048,28.0754451073414 85.5197711725751,28.0755332932617 85.5198235329653,28.0755222700217 85.5198069981052,28.0754313282913 85.5197794400051,28.0753844795211 85.5198924282156,28.0753955027612 85.5199310095557,28.0754230608613 85.5199530560358,28.0754974677316 85.519999904806,28.0755388048818 85.5200577768162,28.0754671538215 85.5201156488265,28.0754340841013 85.5201790324567,28.0754285724813 85.5202038347468,28.0755112467817 85.5202010789368,28.0755856536519 85.5202065905568,28.0756710837623 85.5202644625671,28.0756821070023 85.5203195787673,28.0756435256622 85.5203443810574,28.0755332932617 85.5204022530676,28.0754671538215 85.5204491018378,28.0755415606918 85.5204160321177,28.0756517930922 85.5203829623975,28.0757179325325 85.5203085555272,28.0757289557725 85.5201928115068,28.0757399790126 85.5201432069266,28.0757427348226 85.5200880907263,28.0757592696826 85.5200688000563,28.0758254091229 85.5200770674863,28.0759218624733 85.5200577768162,28.0760238274437 85.5200247070961,28.0761175249841 85.5199310095557,28.0761671295643 85.5196967657048,28.0762029550944 85.5196581843646,28.0762167341445 85.5195672426343,28.0762690945347 85.5194487428038,28.0762828735847 85.5194184288937,28.0762883852048 85.5193164639232,28.0764261757053 85.519250324483,28.0764923151456 85.5191566269426,28.0765419197258 85.5191511153226,28.076597035926 85.5191511153226,28.0767045125164 85.5191125339824,28.0767651403367 85.5190877316923,28.0768615936871 85.5190711968323,28.0768974192172 85.5189582086218,28.0769222215073 85.5188589994614,28.0769442679874 85.518754278681,28.0769718260875 85.5186633369506,28.0770269422877 85.5185641277902,28.0770572561979 85.5185365696901,28.0770655236279 85.5184180698596,28.0770710352479 85.5183353955593,28.0770765468679 85.5182003608688,28.0771068607781 85.5181672911486,28.0770462329578 85.5181948492487,28.0769911167576 85.5182306747789,28.0769442679874 85.518266500309,28.076853326257 85.518272011929,28.0768092332969 85.5182224073488,28.0768009658668 85.5181810701987,28.0767293148065 85.5182141399188,28.0766218382161 85.5182775235491,28.0765639662059 85.5183298839393,28.0765501871558 85.5183767327095,28.076605303356 85.5183657094694,28.0766328614562 85.5183822443295,28.0766631753663 85.5184456279597,28.0766769544163 85.5184786976799,28.0767100241365 85.5185586161702,28.0766686869863 85.5185834184603,28.076605303356 85.5186798718107,28.0765584545859 85.5187239647709,28.0765116058157 85.5187928600211,28.0764702686655 85.5189196272816,28.0764371989454 85.519005057392,28.0764041292252 85.5189940341519,28.076346257215 85.5189416737617,28.0762994084448 85.5189058482316,28.0762911410148 85.5188204181213,28.076349013025 85.5187212089609,28.0763297223549 85.5187156973408,28.0762553154846 85.5187763251611,28.0762057109044 85.5188452204114,28.0761919318544 85.5188975808016,28.0762222457645 85.5189526970018,28.0762470480546 85.518999545772,28.0762470480546 85.5190684410222,28.0762360248146 85.5191263130325,28.0762139783345 85.5191648943726,28.0762167341445 85.5191428478925,28.0761561063242 85.5191097781724,28.0761202807941 85.519002301582,28.0761175249841 85.5189086040416,28.0760348506838 85.5188479762214,28.0759852461036 85.5188397087913,28.0759356415234 85.5189609644318,28.0759880019136 85.519016080632,28.0759990251536 85.5190959991224,28.0759659554335 85.5191318246525,28.0758915485632 85.5191786734227,28.0757592696826 85.5192089873328,28.0757179325325 85.5192337896229,28.0756600605222 85.5191841850427,28.075343142371</coordinates></LinearRing></innerBoundaryIs><innerBoundaryIs><LinearRing><coordinates>85.5182375643039,28.0760059146786 85.5182802793591,28.0759315078083 85.5183050816492,28.0758846590381 85.5183340176543,28.075855723033 85.5183684652794,28.0758047405478 85.5183794885195,28.0757454906326 85.5184208256696,28.0757082871974 85.5184346047197,28.0756765953823 85.5184290930997,28.0756600605222 85.5184814534899,28.0756159675621 85.51850625578,28.0755801420319 85.5184952325399,28.0755401827868 85.518504877875,28.0755084909716 85.5185351917851,28.0755456944068 85.5185710173152,28.0755773862219 85.5185765289353,28.075599432702 85.5185572382652,28.0756517930922 85.5185489708351,28.0757399790126 85.5185517266452,28.0758322986479 85.5185613719802,28.0758832811331 85.5185668836002,28.0759259961883 85.518521412735,28.0759700891485 85.5184924767299,28.0760252053487 85.5184428721497,28.076109257554 85.5184070466196,28.0761409493692 85.5183712210894,28.0761368156542 85.5183588199444,28.076110635459 85.5183450408943,28.0760555192588 85.5183257502242,28.0760334727787 85.5183037037442,28.0760183158237 85.5182375643039,28.0760059146786</coordinates></LinearRing></innerBoundaryIs><innerBoundaryIs><LinearRing><coordinates>85.5197890853401,28.0773824417792 85.5197036552298,28.0774430695994 85.5196347599795,28.0774568486495 85.5196016902594,28.0775119648497 85.5194583881388,28.0775009416096 85.5194308300387,28.0775284997097 85.5193619347884,28.0775477903798 85.5193261092583,28.0775202322797 85.5191993419978,28.0775064532297 85.5191662722776,28.0775009416096 85.5191166676974,28.0774844067496 85.5191111560774,28.0774596044595 85.5190587956872,28.0774044882592 85.5190698189272,28.0773824417792 85.5191001328374,28.0773218139589 85.5191717838976,28.0772970116688 85.5192158768578,28.0772556745186 85.519248946578,28.0772088257485 85.5192875279181,28.0771730002183 85.5193343766883,28.0771702444083 85.5193839812685,28.0771647327883 85.5194390974687,28.0771509537382 85.519496969479,28.0771619769783 85.5195383066291,28.0771978025084 85.5195686205392,28.0772060699384 85.5196127134994,28.0772198489885 85.5196402715995,28.0772363838486 85.5196871203697,28.0772308722285 85.5197008994198,28.0772391396586 85.51976152724,28.0772915000488 85.5197753062901,28.077346616249 85.5197890853401,28.0773824417792</coordinates></LinearRing></innerBoundaryIs><innerBoundaryIs><LinearRing><coordinates>85.5333035776344,28.0833901076033 85.5332787753443,28.0834369563735 85.5332291707641,28.0834617586636 85.5331299616037,28.0834617586636 85.5330252408233,28.0834507354235 85.532950833953,28.0834066424633 85.5329232758529,28.0833818401732 85.5329260316629,28.0833570378831 85.5329287874729,28.083310189113 85.5328764270827,28.0832743635828 85.5328984735628,28.0831806660424 85.5329701246231,28.083075945262 85.5331161825536,28.0829464221915 85.5333173566844,28.0829161082814 85.5333779845047,28.0829767361016 85.5334331007049,28.0829850035316 85.5334744378551,28.0829271315214 85.5335764028255,28.0828830385612 85.5337252165661,28.0828885501813 85.5338547396366,28.0829960267717 85.5338216699165,28.0830235848718 85.5337582862862,28.083064922022 85.5337748211463,28.0830979917421 85.5338519838266,28.0830869685021 85.5339071000268,28.0831227940322 85.5339071000268,28.0832109799526 85.5338795419267,28.0832771193928 85.5338078908664,28.0833377472131 85.533714193326,28.0833597936932 85.5336149841657,28.083326723973 85.5336177399757,28.0832826310128 85.5336122283556,28.0832605845328 85.5335764028255,28.0832247590026 85.5335571121554,28.0832109799526 85.5335047517652,28.0832330264326 85.533452391375,28.0832633403428 85.5334331007049,28.0833405030231 85.5333890077447,28.0833653053132 85.5333394031645,28.083312944923 85.5333834961247,28.0832412938627 85.5334138100348,28.0831889334725 85.5333945193648,28.0830869685021 85.5333311357345,28.0831145266022 85.5332815311543,28.0832027125225 85.5332649962942,28.0832716077728 85.5333035776344,28.0833901076033</coordinates></LinearRing></innerBoundaryIs><innerBoundaryIs><LinearRing><coordinates>85.5405899393037,28.0717798800267 85.5406119857837,28.071622798856 85.5408324505846,28.0715566594158 85.5408434738247,28.0715787058959 85.5408407180147,28.071603508186 85.5408434738247,28.0716668918162 85.5408737877348,28.0717220080164 85.5409647294652,28.0718184613668 85.5409481946051,28.0718928682371 85.540934415555,28.0719094030972 85.5408875667849,28.0719314495773 85.5408572528747,28.0720086122576 85.5408048924845,28.0720967981779 85.5407690669544,28.0720885307479 85.5407304856142,28.0720857749379 85.5407084391341,28.072105065608 85.5407277298042,28.0721464027581 85.5407194623742,28.0722180538184 85.540675369414,28.0722897048787 85.5405596253935,28.0722593909686 85.5404741952832,28.0722676583986 85.5403777419328,28.0722676583986 85.5403612070727,28.0722015189584 85.5403639628828,28.0721519143782 85.5403226257326,28.0720692400778 85.5402923118225,28.0719948332075 85.5403171141126,28.0719259379572 85.5403694745028,28.0719507402473 85.540430102323,28.0719727867274 85.5404714394732,28.0719452286273 85.5405100208133,28.0719094030972 85.5405678928236,28.0718956240471 85.5405678928236,28.071854286897 85.5405706486336,28.0718322404169 85.5405899393037,28.0717798800267</coordinates></LinearRing></innerBoundaryIs><innerBoundaryIs><LinearRing><coordinates>85.5394876152992,28.0721464027581 85.5395206850194,28.0720857749379 85.5395234408294,28.0720251471176 85.5395399756894,28.0719645192974 85.5396254057998,28.0719424728173 85.5396970568601,28.0719066472872 85.5398293357406,28.0718846008071 85.5399561030011,28.0719259379572 85.5399946843413,28.0719645192974 85.5398320915506,28.0719617634874 85.5397411498202,28.0719590076774 85.5397080801001,28.0719975890175 85.5397301265802,28.0720471935977 85.5397824869704,28.072116088848 85.5398265799306,28.0721464027581 85.5398706728908,28.0721381353281 85.539931300711,28.0721767166683 85.5399505913811,28.0722125421984 85.5398872077508,28.0722759258287 85.5398128008805,28.0722869490687 85.5397191033402,28.0722924606887 85.5396557197099,28.0723365536489 85.5395675337896,28.0722786816387 85.5395482431195,28.0722401002985 85.5394655688191,28.0722483677285 85.5394076968089,28.0722373444885 85.5394876152992,28.0721464027581</coordinates></LinearRing></innerBoundaryIs><innerBoundaryIs><LinearRing><coordinates>85.5396943010501,28.0744585273574 85.53967776619,28.0745163993676 85.5396529638999,28.0745163993676 85.5396143825598,28.0745108877476 85.5395537547395,28.0744640389774 85.5394655688192,28.0744227018273 85.5393580922287,28.0744144343972 85.5393332899386,28.0743758530571 85.5392754179284,28.0743730972471 85.5392533714483,28.074348294957 85.5393167550786,28.0742766438967 85.5394545455791,28.0742463299866 85.5395013943493,28.0742490857966 85.5395454873095,28.0742656206566 85.5395537547395,28.0743097136168 85.5395840686496,28.074345539147 85.5396088709398,28.0743786088671 85.5396391848499,28.0744254576373 85.5396943010501,28.0744585273574</coordinates></LinearRing></innerBoundaryIs></Polygon></MultiGeometry>
  </Placemark>
  <Placemark>
	<Style><LineStyle><color>ff0000ff</color></LineStyle><PolyStyle><fill>0</fill></PolyStyle></Style>
      <MultiGeometry><Polygon><outerBoundaryIs><LinearRing><coordinates>85.5071178709093,28.0747258409285 85.5071040918592,28.0747616664586 85.5070765337591,28.0747837129387 85.507035196609,28.0748030036088 85.5069966152688,28.0748085152288 85.5070048826989,28.074852608189 85.507048975659,28.0748911895292 85.5070848011892,28.0749187476293 85.5071040918592,28.0749463057294 85.5071068476692,28.0749821312595 85.5071013360492,28.0750813404199 85.5070985802392,28.07509511947 85.5070903128092,28.0751171659501 85.5071096034793,28.0751695263403 85.5071757429195,28.0751585031002 85.5072060568297,28.0751171659501 85.5072088126397,28.07508685204 85.5072611730299,28.0750840962299 85.5072777078899,28.07510889852 85.5073273124701,28.0751392124302 85.5073741612403,28.0751640147203 85.5074403006806,28.0751695263403 85.5074857715458,28.0751805495803 85.5075147075509,28.0752025960604 85.507533998221,28.0752218867305 85.5075463993661,28.0752397994956 85.5075615563211,28.0752549564506 85.5075698237512,28.0752714913107 85.5075946260413,28.0752894040758 85.5076442306215,28.0752935377908 85.5076538759565,28.0752838924558 85.5076538759565,28.0752590901657 85.5076552538615,28.0752384215906 85.5076524980515,28.0752177530155 85.5076566317665,28.0751915728204 85.5076717887216,28.0751722821503 85.5077076142517,28.0751695263403 85.5077558409269,28.0751709042453 85.507776509502,28.0751736600553 85.5077985559821,28.0751970844404 85.5078192245572,28.0752205088255 85.5078412710372,28.0752453111156 85.5078743407574,28.0752646017857 85.5078991430475,28.0752714913107 85.5079239453376,28.0752590901657 85.5079735499178,28.0752246425405 85.5080162649729,28.0751957065354 85.5080589800281,28.0751695263403 85.5080810265082,28.0751364566202 85.5080975613683,28.0751130322351 85.5080961834633,28.075085474135 85.5080975613683,28.0750482706998 85.5081085846083,28.0750234684097 85.5080975613683,28.0750000440246 85.5080768927932,28.0749903986896 85.5080465788831,28.0749917765946 85.508021776593,28.0750152009797 85.508021776593,28.0750276021247 85.5080121312579,28.0750289800297 85.5080052417329,28.0750152009797 85.5080024859229,28.0749835091645 85.5080011080179,28.0749752417345 85.5079928405878,28.0749545731594 85.5079845731578,28.0749476836344 85.5079666603927,28.0749394162044 85.5079570150577,28.0749311487743 85.5079418581026,28.0749187476293 85.5079253232426,28.0749077243892 85.5079074104775,28.0748980790542 85.5078963872375,28.0748870558142 85.5078963872375,28.0748774104791 85.5078977651425,28.074845718664 85.5078963872375,28.0748333175189 85.5078839860924,28.0748236721839 85.5078702070424,28.0748154047539 85.5078426489422,28.0748002477988 85.5078026896971,28.0747878466538 85.507782021122,28.0747850908438 85.5077641083569,28.0747726896987 85.5077544630219,28.0747465095036 85.5077379281618,28.0747217072135 85.5077021026317,28.0746872595884 85.5076800561516,28.0746734805383 85.5076621433865,28.0746597014882 85.5076469864315,28.0746514340582 85.5076318294764,28.0746362771032 85.5076511201465,28.0746280096731 85.5076841898666,28.0746335212931 85.5077310386368,28.0746362771032 85.5077420618768,28.0746390329132 85.507773753692,28.0746459224382 85.5078219803672,28.0746431666282 85.5078316257022,28.0746376550082 85.5078274919872,28.0746169864331 85.5078137129371,28.074599073668 85.5073962077204,28.0744984866026 85.5073741612403,28.0745122656527 85.5073714054303,28.0745205330827 85.5073590042853,28.0745356900377 85.5073300682802,28.0745453353728 85.5073038880851,28.0745591144228 85.50727770789,28.074590806238 85.5072487718848,28.0746142306231 85.5072239695947,28.0746238759581 85.5072088126397,28.0746156085281 85.5072101905447,28.074592184143 85.5072253474998,28.0745549807078 85.5072294812148,28.0745232888927 85.5072046789247,28.0745081319376 85.5071619638695,28.0745356900377 85.5071523185345,28.0745536028028 85.5071454290094,28.074588050428 85.5071385394844,28.0746197422431 85.5071247604344,28.0746541898682 85.5071164930043,28.0746721026333 85.5071178709093,28.0747258409285</coordinates></LinearRing></outerBoundaryIs></Polygon></MultiGeometry>
  </Placemark>
  <Placemark>
	<Style><LineStyle><color>ff0000ff</color></LineStyle><PolyStyle><fill>0</fill></PolyStyle></Style>
      <MultiGeometry><Polygon><outerBoundaryIs><LinearRing><coordinates>85.5083870335745,28.0771822289775 85.5083827877044,28.0771771339333 85.5083882993244,28.0771371746882 85.5083896772294,28.077090325918 85.5083945563685,28.0770618642733 85.5083979446594,28.0770420992428 85.508396250514,28.0770347579458 85.5083896772294,28.0770062737126 85.5084013941734,28.0769346701662 85.5084020783744,28.0769304889373 85.5084003146561,28.0769238749935 85.5083965667544,28.0769098203623 85.5083986215251,28.0769069436834 85.5083965667544,28.0768863959772 85.5083745202744,28.076853326257 85.5083138924541,28.0767871868168 85.508297357594,28.0767375822366 85.5082642878739,28.0766934892764 85.5081540554735,28.0766108149761 85.5081044508933,28.0765556987758 85.5080879160332,28.0764895593356 85.5080217765929,28.0764509779954 85.5078950093324,28.0764509779954 85.5078784744724,28.0764013734152 85.5078619396123,28.0763131874949 85.5078068234121,28.0762415364346 85.5077572188319,28.0761809086143 85.5077406839718,28.076092722694 85.5077241491118,28.0760486297338 85.5076690329115,28.0759935135336 85.5076635212915,28.0759494205734 85.5076580096715,28.0758998159932 85.5076304515714,28.075844699793 85.5076414748114,28.0758006068328 85.5076414748114,28.0757399790126 85.5076249399514,28.0757069092924 85.5075863586112,28.0756738395723 85.507542265651,28.0756738395723 85.5073714054303,28.0756903744324 85.5072391265498,28.0756848628124 85.5071564522495,28.0756793511923 85.5069690571687,28.0756683279523 85.5068974061084,28.0756628163323 85.5067485923678,28.0756573047122 85.5066493832074,28.0756903744324 85.506550174047,28.0756848628124 85.5064123835465,28.0756848628124 85.5063186860061,28.0756903744324 85.506296639526,28.0756517930922 85.5062249884657,28.0756683279523 85.5061864071256,28.0757013976724 85.5060982212052,28.0757454906326 85.5060706631051,28.0757124209125 85.5060265701449,28.0756628163323 85.5059879888048,28.075602188512 85.5059879888048,28.0755525839318 85.5059879888048,28.0755084909716 85.5059659423247,28.0754588863914 85.5059438958446,28.0754092818112 85.5058887796444,28.0754147934313 85.5058171285841,28.0754037701912 85.5058226402041,28.0753596772311 85.5058116169641,28.0753266075109 85.505789570484,28.0752880261708 85.505800593724,28.0752549564506 85.5058446866842,28.0752329099705 85.5058722447843,28.0751888170104 85.5058501983042,28.0751667705303 85.5057785472439,28.0751447240502 85.5057509891438,28.0750840962299 85.5057454775238,28.0750344916497 85.5057399659038,28.0749848870695 85.5057454775238,28.0748911895292 85.5057730356239,28.074841584949 85.5057785472439,28.0747809571287 85.5057785472439,28.0747368641686 85.5057730356239,28.0746597014882 85.5057620123839,28.0745715155679 85.5057675240039,28.0744557715474 85.5059163377445,28.0743014461868 85.5059273609845,28.0742904229468 85.5059879888048,28.0742463299866 85.5059659423247,28.0742297951265 85.5059328726046,28.0742242835065 85.5058501983042,28.0742132602664 85.5056958729436,28.0742242835065 85.5054147803225,28.0741912137864 85.5049573158607,28.0741360975861 85.5048470834602,28.074108539486 85.5047037813396,28.0740589349058 85.5046707116195,28.0740534232858 85.5036565735354,28.0741360975861 85.5036124805753,28.0741526324462 85.5035904340952,28.0741801905463 85.503540829515,28.0742132602664 85.5034802016947,28.0741857021663 85.5034085506344,28.0741526324462 85.5033699692943,28.0741526324462 85.503309341474,28.0741471208262 85.5032376904138,28.0741967254064 85.5031935974536,28.0742242835065 85.5031715509735,28.0742793997067 85.5031825742135,28.0743345159069 85.5032156439337,28.0744116785872 85.5032817833739,28.0744998645076 85.503309341474,28.0745660039479 85.5033148530941,28.074599073668 85.5033424111942,28.0746541898682 85.5034140622544,28.0746817479683 85.5034416203546,28.0747037944484 85.5034140622544,28.0747974919888 85.5034305971145,28.0748636314291 85.5034912249348,28.0749187476293 85.503540829515,28.0749848870695 85.5035794108551,28.0750400032698 85.5035738992351,28.0751392124302 85.503551852755,28.0752053518704 85.5035132714149,28.0752770029307 85.5033809925343,28.075354165611 85.5033479228142,28.0754037701912 85.5033644576743,28.0754754212515 85.5033975273944,28.0755195142117 85.5034085506344,28.0755636071719 85.5034305971145,28.0756352582322 85.5034691784547,28.0756848628124 85.5035242946549,28.0757454906326 85.503557364375,28.0758116300729 85.5035628759951,28.0758667462731 85.503551852755,28.0759108392333 85.5035298062749,28.0759218624733 85.5035077597948,28.0759549321934 85.5034471319746,28.076092722694 85.5034912249348,28.0761809086143 85.5036400386754,28.0762470480546 85.5037227129757,28.0762966526348 85.503794364036,28.0764234198953 85.5038219221361,28.0765226290557 85.5038715267163,28.0765446755358 85.5040203404569,28.0765446755358 85.5040919915172,28.0764950709556 85.5041195496173,28.0765171174357 85.5041801774375,28.0765501871558 85.5042408052578,28.0765005825756 85.504290409838,28.0764454663754 85.5043400144182,28.0764509779954 85.5044116654785,28.0764399547554 85.5044833165388,28.0764509779954 85.504543944359,28.0764399547554 85.5046045721792,28.0764399547554 85.5047092929597,28.0764840477156 85.5047258278197,28.0765336522958 85.5047644091599,28.076605303356 85.50479747888,28.0766879776564 85.50479196726,28.0767651403367 85.50478645564,28.0768863959772 85.50478645564,28.0769415121774 85.5048029905,28.0770296980977 85.5048140137401,28.077090325918 85.5047809440199,28.0771399304982 85.5047588975399,28.0771950466984 85.5047423626798,28.0772832326188 85.5047368510598,28.077338348819 85.5047644091599,28.0773879533992 85.50479196726,28.0774375579794 85.5048140137401,28.0774706276995 85.5048250369801,28.0775147206597 85.5048250369801,28.0776249530601 85.5048691299403,28.0776855808804 85.5049518042406,28.0777682551807 85.5050895947412,28.077834394621 85.5052549433418,28.0778564411011 85.5053541525022,28.077845417861 85.5055250127229,28.0778233713809 85.5056187102633,28.0777627435607 85.5056738264635,28.0777296738406 85.5058171285841,28.0776690460203 85.5059549190846,28.07759188334 85.506054128245,28.0774485812194 85.5061698722655,28.0773603952991 85.5062415233258,28.0773163023389 85.5063297092461,28.0772281164185 85.5063848254464,28.0772005583184 85.5064564765067,28.0771619769783 85.506550174047,28.077090325918 85.5066273367273,28.0771068607781 85.5067155226477,28.0771233956381 85.5068588247683,28.0772005583184 85.5068974061084,28.0772281164185 85.5070186617489,28.0772997674788 85.5070903128092,28.0772887442388 85.5071399173894,28.0772997674788 85.5072281033098,28.0773218139589 85.5073052659901,28.077349372059 85.5074430564906,28.0773603952991 85.5074761262107,28.0773934650192 85.507536754031,28.0774485812194 85.5076028934713,28.0774485812194 85.5076524980515,28.0774540928395 85.5077296607318,28.0774761393195 85.5078068234121,28.0774651160795 85.5078398931322,28.0774761393195 85.5079005209525,28.0775036974197 85.5079887068728,28.0774871625596 85.508038311453,28.0775036974197 85.5080985019382,28.0775214005035 85.5081292531833,28.0775160985647 85.5081733461435,28.0774981857996 85.5082105495787,28.0774582265545 85.5082491309188,28.0774086219743 85.5082809734424,28.077384465577 85.5083194040741,28.077338348819 85.5083855435144,28.0772060699385 85.5083870335745,28.0771822289775</coordinates></LinearRing></outerBoundaryIs></Polygon></MultiGeometry>
  </Placemark>
  <Placemark>
	<Style><LineStyle><color>ff0000ff</color></LineStyle><PolyStyle><fill>0</fill></PolyStyle></Style>
      <MultiGeometry><Polygon><outerBoundaryIs><LinearRing><coordinates>85.508075320817,28.0775343412507 85.508027288213,28.0775477903798 85.5073218008501,28.0774761393196 85.50729975437,28.0774926741796 85.5070296849889,28.0774430695994 85.5069084293484,28.0774596044595 85.5068533131482,28.0774926741796 85.5068202434281,28.0775698368599 85.5067651272279,28.0776084182001 85.5065997786272,28.0776635344003 85.506550174047,28.0777241622205 85.5065115927068,28.0778123481409 85.5064178951665,28.0778674643411 85.5064068719264,28.0779776967416 85.5063352208661,28.0780438361818 85.5062139652257,28.0780328129418 85.5061864071255,28.0780713942819 85.5061368025453,28.0781926499224 85.5061312909253,28.0783635101431 85.5060761747251,28.0785068122637 85.506048616625,28.0787107422045 85.5059879888047,28.0787603467847 85.5059218493645,28.0787217654446 85.5058557099242,28.0787989281249 85.5059163377445,28.0788816024252 85.5059604307046,28.0789532534855 85.5058832680243,28.0789863232056 85.5057785472439,28.0789752999656 85.5056903613236,28.0789587651055 85.5056517799834,28.0789367186254 85.5054974546228,28.0788926256652 85.5054754081427,28.0789422302454 85.5054919430028,28.0789973464457 85.5055195011029,28.0790304161658 85.505552570823,28.079080020746 85.505558082443,28.0791406485662 85.505552570823,28.0792178112465 85.5056242218833,28.0792398577266 85.5057785472439,28.0792563925867 85.5058777564043,28.0791957647665 85.5058998028844,28.0792012763865 85.5059990120448,28.0791902531464 85.506054128245,28.0791957647665 85.5061368025454,28.0792343461066 85.5062415233258,28.0793170204069 85.506296639526,28.0794603225275 85.5063297092461,28.0795981130281 85.506307662766,28.0797414151486 85.5062415233258,28.0797910197288 85.5061037328252,28.0798075545889 85.506059639865,28.0798957405093 85.5060265701449,28.0799618799495 85.5059494074646,28.0800004612897 85.5059218493645,28.0799398334694 85.5058942912644,28.0798626707891 85.5058281518241,28.079818577829 85.5056793380835,28.0797744848688 85.5055856405431,28.079835112689 85.5056021754032,28.0799288102294 85.5057234310437,28.0799784148096 85.5057840588639,28.0800225077698 85.5057344542837,28.0800500658699 85.5056793380835,28.0800500658699 85.5056297335033,28.0800610891099 85.5056021754032,28.0801051820701 85.5055801289231,28.0801437634103 85.5054533616626,28.0801217169302 85.5054643849027,28.0800610891099 85.5054533616626,28.0800335310098 85.5054037570824,28.0799839264296 85.5054037570824,28.0799067637493 85.5054202919425,28.0798571591691 85.5054037570824,28.0797910197288 85.5053321060221,28.0797689732488 85.5052769898219,28.0798130662089 85.5052880130619,28.0798957405093 85.5052218736217,28.0799508567095 85.5051557341814,28.0799122753693 85.5051006179812,28.0798626707891 85.5050124320608,28.0798461359291 85.5049352693805,28.0798736940292 85.5049352693805,28.0799122753693 85.5049958972008,28.0799894380496 85.5050840831211,28.0800500658699 85.5051777806615,28.0801051820701 85.5052108503816,28.0801823447504 85.5052384084817,28.0802374609506 85.5053210827821,28.0803476933511 85.5052659665819,28.0803972979313 85.5052053387616,28.0803917863112 85.505062036641,28.0803642282111 85.5049903855808,28.0803421817311 85.5049683391007,28.0802925771509 85.5049077112804,28.0802815539108 85.5048250369801,28.0802870655308 85.5047368510597,28.080336670111 85.5047092929596,28.0804138327913 85.5046927580996,28.0805020187117 85.5046155954193,28.0805461116719 85.5045053630188,28.0806122511121 85.5044171770984,28.0806342975922 85.5043565492782,28.0806673673124 85.5042518284978,28.0807059486525 85.5041471077174,28.0807886229528 85.5041360844773,28.0808657856332 85.5041360844773,28.0809539715535 85.5042242703977,28.0809925528937 85.5042628517378,28.081075227194 85.504295921458,28.0811579014943 85.5044502468186,28.0811634131143 85.5045218978789,28.0811799479744 85.5046486651394,28.0811744363544 85.5046817348595,28.081086250434 85.5047368510597,28.0810476690939 85.5048305486001,28.0809815296536 85.5048801531803,28.0809153902134 85.5049518042406,28.0808547623931 85.505051013401,28.0807500416127 85.5051722690415,28.0807555532327 85.5052769898219,28.0807390183726 85.5053872222224,28.0807335067526 85.505547059203,28.0807665764728 85.5056793380835,28.0807279951326 85.505789570484,28.0807555532327 85.5059659423247,28.0807610648527 85.5061037328252,28.0806618556923 85.5061753838855,28.0806122511121 85.5062084536057,28.080579181392 85.5063186860061,28.0805130419517 85.5064509648866,28.0804634373715 85.506528127567,28.0804303676514 85.5066824529275,28.0804028095513 85.5069029177284,28.0804138327913 85.507040708229,28.0803862746912 85.5071288941493,28.0803697398312 85.50728873113,28.0803807630712 85.5074154983905,28.0804083211713 85.5074320332506,28.0803697398312 85.5074981726908,28.0803036003909 85.5075808469912,28.0803036003909 85.5076580096715,28.0803421817311 85.5076745445315,28.0804083211713 85.5078178466521,28.0804854838516 85.5078729628523,28.0804303676514 85.5079005209524,28.0803532049711 85.5079556371527,28.0802870655308 85.5080217765929,28.0802484841907 85.5082642878739,28.0802374609506 85.508286334354,28.0802043912305 85.5083910551344,28.0801658098903 85.5084075899945,28.0802374609506 85.5084241248545,28.080320135251 85.5084296364746,28.0803587165911 85.5084682178147,28.0804083211713 85.5085178223949,28.0804744606116 85.5085619153551,28.0804579257515 85.5085674269751,28.0803917863112 85.5086280547954,28.080325646871 85.5087162407157,28.0802925771509 85.5088485195962,28.0802815539108 85.5090800076372,28.080320135251 85.5090855192572,28.0803476933511 85.5091792167976,28.0804193444114 85.509278425958,28.0804303676514 85.5093611002583,28.0804524141315 85.5094658210387,28.0804689489916 85.5095209372389,28.0804799722316 85.5096036115393,28.0805240651918 85.5096752625996,28.0805571349119 85.50977447176,28.080573669772 85.5098461228202,28.0805185535718 85.5099398203606,28.0804689489916 85.5100004481809,28.0805295768118 85.5100776108612,28.0805240651918 85.5102043781217,28.0805295768118 85.5103587034823,28.0805295768118 85.5103752383424,28.0805075303317 85.5103642151023,28.0804634373715 85.5102319362218,28.0803752514512 85.5101492619215,28.080325646871 85.5101161922013,28.0802925771509 85.5099894249408,28.0801878563704 85.5099784017008,28.0801437634103 85.5099453319806,28.08008313559 85.5098957274004,28.08008313559 85.5098406112002,28.0801327401702 85.5097028206997,28.0801658098903 85.5096311696394,28.0801327401702 85.5095980999193,28.0800280193898 85.5096256580194,28.0799894380496 85.5096256580194,28.0799177869893 85.5095484953391,28.0798847172692 85.5094382629386,28.079829601069 85.5094713326587,28.0797799964888 85.509537472099,28.0797414151486 85.5095760534392,28.0797028338085 85.5095925882992,28.0796697640884 85.5095925882992,28.0796146478881 85.509526448859,28.079587089788 85.5093886583584,28.079576066548 85.5093500770183,28.0795374852078 85.5093611002583,28.0794603225275 85.5093831467384,28.0794052063273 85.5093886583584,28.079339066887 85.5093666118783,28.0792729274468 85.5093666118783,28.0791957647664 85.5093941699784,28.0791626950463 85.5094107048385,28.0791516718063 85.5095154256189,28.0791351369462 85.509531960479,28.0790634858859 85.509542983719,28.0790138813057 85.5095760534392,28.0789532534855 85.5096091231593,28.0789036489053 85.5096146347793,28.078837509465 85.5094933791388,28.0788154629849 85.5093831467384,28.078831997845 85.5093445653983,28.0788154629849 85.5093280305382,28.0787327886846 85.5093941699784,28.0786776724844 85.5094162164585,28.0786556260043 85.5094603094187,28.0786280679042 85.5095099139989,28.078583974944 85.5095484953391,28.0785068122637 85.5096366812594,28.0784957890236 85.5097193555598,28.0784957890236 85.5097579368999,28.0784792541636 85.5098295879602,28.0784296495834 85.5098681693003,28.0783855566232 85.5099563552207,28.0783579985231 85.5100059598009,28.0782698126027 85.5100004481809,28.0781375337222 85.5099673784607,28.0780548594219 85.5099784017008,28.0779501386414 85.5099728900808,28.0779225805413 85.5099122622605,28.0778729759611 85.5098516344403,28.077834394621 85.5096807742196,28.0777186506005 85.5095925882992,28.0776855808804 85.5093941699784,28.0776525111602 85.5092508678579,28.0776745576403 85.5091075657373,28.0776690460203 85.5089918217168,28.0776525111602 85.5088595428363,28.0776469995402 85.5087603336759,28.0776580227803 85.5087382871958,28.0776084182001 85.5086997058557,28.07759188334 85.5086556128955,28.0775367671398 85.5086118100205,28.0774783633065 85.5086115199353,28.0774761393195 85.5086142757453,28.0774554707445 85.5086128978403,28.0774430695994 85.5085922292652,28.0774182673093 85.5085756944051,28.0773907092092 85.508550892115,28.0773741743491 85.5085067991549,28.077350749964 85.5084847526748,28.077332837199 85.5084640840997,28.0773231918639 85.5084475492396,28.077331459294 85.5084117237095,28.077339726724 85.5083731423693,28.077346616249 85.5083304273141,28.0773576394891 85.5083097587391,28.0773617732041 85.508289090164,28.0773783080641 85.5082491309188,28.0774086219743 85.5082105495787,28.0774582265545 85.5081733461435,28.0774981857996 85.5081292531833,28.0775160985647 85.5080892939382,28.0775229880897 85.508075320817,28.0775343412507</coordinates></LinearRing></outerBoundaryIs></Polygon></MultiGeometry>
  </Placemark>
  <Placemark>
	<Style><LineStyle><color>ff0000ff</color></LineStyle><PolyStyle><fill>0</fill></PolyStyle></Style>
      <MultiGeometry><Polygon><outerBoundaryIs><LinearRing><coordinates>85.5099751111813,28.0778176952349 85.5100004481808,28.0778068365209 85.5101148142963,28.0778095923309 85.5101974885966,28.0778095923309 85.5102567385119,28.0778095923309 85.510292564042,28.077835772526 85.5103394128122,28.0778771096761 85.5103669709123,28.0779060456813 85.5103972848224,28.0779253363513 85.5104620463577,28.0779515165464 85.5105047614129,28.0780162780817 85.5105160747382,28.0780436186179 85.5105626334231,28.078082417522 85.5106508193435,28.0781044640021 85.5108051447041,28.0781044640021 85.5109594700647,28.0781485569622 85.5110697024652,28.0781706034423 85.5112570975459,28.0780713942819 85.5114003996665,28.0779832083616 85.511532678547,28.0779832083616 85.5117310968678,28.0780052548417 85.5117310968678,28.078093440762 85.5116870039076,28.0782698126027 85.5117200736278,28.0784351612034 85.511786213068,28.078589486564 85.5118633757483,28.0786776724844 85.5119515616687,28.0787217654445 85.512039747589,28.0787217654445 85.5122491891499,28.0786666492443 85.5123263518302,28.0786225562841 85.5124365842306,28.0785233471237 85.5124917004309,28.0784792541636 85.5125688631112,28.0783579985231 85.5125688631112,28.0782146964025 85.5125909095913,28.0781375337222 85.5126019328313,28.0780052548417 85.5126129560714,28.0778729759611 85.5125688631112,28.0774761393195 85.5126019328313,28.0773107907189 85.5126129560714,28.0772446512786 85.5125688631112,28.0769800935175 85.5124806771908,28.0768037216768 85.5123704447904,28.0766493963162 85.5123483983103,28.0765281406757 85.5123263518302,28.0763958617952 85.5123153285901,28.0762856293948 85.5123263518302,28.0760541413538 85.5123704447904,28.0759990251536 85.5125027236709,28.0760210716337 85.5125688631112,28.0759549321934 85.5124806771908,28.0758777695131 85.5124035145105,28.0757234441525 85.5124035145105,28.0756132117521 85.5124261323171,28.0755679761389 85.5124104040355,28.0755498281218 85.5123552878353,28.0755360490718 85.5123139506852,28.0755167584017 85.51227399144,28.0754809328715 85.5122560786749,28.0754120376213 85.5122271426698,28.075350031896 85.5121982066647,28.0752990494108 85.5122174973348,28.0752852703607 85.5122505670549,28.0753155842709 85.512272613535,28.075339008656 85.5123070611601,28.075352787706 85.5123304855452,28.0753789679011 85.5123511541203,28.0754051480962 85.5124007587005,28.0754340841013 85.5124214272756,28.0754437294364 85.5124407179457,28.0754533747714 85.5124613865208,28.0754643980115 85.512524770151,28.0754933340166 85.5125336578647,28.0755083747628 85.5125702410162,28.0755167584017 85.5125748773632,28.0755232492875 85.5125840200663,28.0755360490718 85.5126046886413,28.0755498281218 85.5126363804565,28.0755622292669 85.5126653164616,28.0755649850769 85.5127094094218,28.0755636071719 85.5127300779968,28.0755456944068 85.5127397233319,28.0755195142117 85.5127433666061,28.0755155906856 85.512757636097,28.0755002235416 85.5127893279121,28.0754795549665 85.5128081743891,28.0754781589312 85.5128334208722,28.0754478631514 85.5129216067926,28.0753045610308 85.5129345984683,28.0752876718523 85.5129408974627,28.0752838924557 85.5129615660378,28.0752673575957 85.5129973915679,28.0752494448306 85.513029083383,28.0752301541605 85.5130704205332,28.0751901949154 85.5130745542482,28.0751529914802 85.5130731763432,28.0751281891901 85.5130869553933,28.07509787528 85.5130919918736,28.0750743717049 85.5130952228233,28.0750592939398 85.5130897112033,28.0750289800297 85.5131007344433,28.0749959103096 85.5131227809234,28.0749642184945 85.5131214030184,28.0749311487743 85.5131227809234,28.0749159918193 85.5131146040457,28.0749054786908 85.5131131355884,28.0749035906742 85.5130828216782,28.0748884337192 85.5130717984382,28.0748746546691 85.513034595003,28.074859497714 85.5129932578529,28.074848474474 85.5128830254524,28.074844340759 85.5128099964871,28.074841584949 85.5127424791419,28.074837451234 85.5125785084462,28.0748360733289 85.5123828459354,28.074838829139 85.5118730210834,28.074856741904 85.5110586792251,28.074842962854 85.510778964509,28.0748195384689 85.5105604723923,28.0748066317616 85.5104964939829,28.0747974919888 85.5102494213611,28.0747833735533 85.5101051689613,28.0747533990286 85.5100941457212,28.0747850908437 85.5100941819819,28.0747853446684 85.5100969015312,28.0748043815138 85.5101024131512,28.0748236721839 85.5101037910563,28.0748319396139 85.5100886341012,28.074855363999 85.5100858782912,28.0748801662891 85.5100872561962,28.0748980790542 85.5100845003862,28.0749187476293 85.510040407426,28.0749228813443 85.5100142272309,28.0749380382994 85.5099976923708,28.0749587068744 85.5099784017007,28.0749711080195 85.5099604889357,28.0750000440246 85.5099549773157,28.0750165788847 85.5099618668407,28.0750524044148 85.5099701342707,28.0750703171799 85.5099549773157,28.07508960785 85.5099301750256,28.07510889852 85.5099012390204,28.0751557472902 85.5098819483504,28.0751901949154 85.5098378553902,28.0752425553056 85.5098089193851,28.0752783808357 85.5097730938549,28.0752783808357 85.5097372683248,28.0752866482657 85.5097345125148,28.0753018052208 85.5097386462298,28.075343142371 85.5097414020398,28.0753638109461 85.5097303787998,28.0753858574261 85.5097097102247,28.0754423515314 85.5096986869846,28.0754754212515 85.5096931753646,28.0755250258317 85.5096959311746,28.0755649850769 85.5097000648896,28.075609078037 85.5096986869846,28.0756600605222 85.5096917974596,28.0756889965274 85.5096876637446,28.0757124209125 85.5097000648896,28.0757578917776 85.5097152218447,28.0757964731178 85.5097482915648,28.075840566078 85.5097744717599,28.0759053276132 85.5097744717599,28.0759328857133 85.5097565589949,28.0759811123885 85.5097262450847,28.0759852461036 85.5097083323197,28.0759756007685 85.5096628614545,28.0759714670535 85.5096229022093,28.0759659554335 85.5095953441092,28.0759425310484 85.5095732976291,28.0759053276132 85.5095699294169,28.0759022656021 85.5094823558988,28.0758887927532 85.5094713326588,28.0759880019136 85.509537472099,28.0760761878339 85.5096807742196,28.0761423272742 85.5097028206997,28.076340745595 85.5094933791388,28.076351768835 85.5093941699784,28.0762194899545 85.5093105114602,28.0762194899545 85.509288071293,28.0762456701496 85.5092674027179,28.0762952747298 85.5092605131929,28.07633936769 85.5092646469079,28.0763765711251 85.5092674027179,28.0763931059852 85.509289449198,28.0764371989454 85.509299094533,28.0764564896154 85.5093170072981,28.0765005825756 85.5093128735831,28.0765377860108 85.509288071293,28.076581878971 85.5092453562378,28.076602547546 85.5091888621326,28.0766232161211 85.5091392575524,28.0766507742212 85.5090924087822,28.0766783323213 85.5090620948721,28.0767003788014 85.509030403057,28.0767375822366 85.5089987112418,28.0767651403367 85.5089449729466,28.0767775414817 85.5089022578914,28.0767830531018 85.5088898567464,28.0767692740517 85.5089174148465,28.0767430938566 85.5089559961867,28.0767100241365 85.5089876880018,28.0766797102263 85.509034536772,28.0766521521262 85.5090565832521,28.0766342393612 85.5090717402071,28.076592902211 85.5090758739221,28.0765598324909 85.5090910308772,28.0765391639158 85.5091185889773,28.0765143616257 85.5091320934633,28.0764983250486 85.5091406354574,28.0764881814306 85.5091392575524,28.0764592454255 85.5091351238374,28.0764220419903 85.5091227226923,28.0763958617952 85.5090924087822,28.0763986176052 85.5090875135934,28.0764002493348 85.5090634727771,28.0764082629403 85.5090524495371,28.0764123966552 85.5090193798169,28.0764247978003 85.5090097344819,28.0764344431354 85.5089766647617,28.0764675128555 85.5089532403767,28.0765308964857 85.5089215485615,28.0765736115409 85.5088774556014,28.076597035926 85.5088388742612,28.0766218382161 85.5088154498761,28.0766521521262 85.508793403396,28.0766797102263 85.5087300197657,28.0767114020415 85.5086804151856,28.0767196694715 85.5086115199353,28.0767100241365 85.5085660490701,28.0766879776564 85.5085611048227,28.0766780891616 85.5085012875349,28.0766714427963 85.5084660883251,28.0767418412159 85.5084585724797,28.0767678961467 85.5084489271446,28.0767954542468 85.5084503050496,28.076839547207 85.5084461713346,28.0768795064521 85.5084314447032,28.0768922249065 85.5084213690445,28.0768932855022 85.5084034562795,28.0769001750272 85.5083965667544,28.0769098203623 85.5083989355783,28.076918703452 85.5084020783744,28.0769304889373 85.5083896772294,28.0770062737126 85.5083979446594,28.0770420992428 85.5083896772294,28.077090325918 85.5083896534724,28.0770911336553 85.5083882993244,28.0771371746882 85.5083827877044,28.0771771339333 85.5083965667544,28.0771936687934 85.5084164971662,28.0772096131228 85.5084172353295,28.0772102036535 85.5084392818096,28.0772363838486 85.5084475492396,28.0772653198537 85.5084503670315,28.0772925585087 85.5085250330858,28.0773604367399 85.508550892115,28.0773741743491 85.5085756944051,28.0773907092092 85.5085797319873,28.0773974385127 85.5085901250753,28.0773961393767 85.5085936071702,28.0773989766392 85.5086046304102,28.0774155114993 85.5086211652703,28.0774306684544 85.5086528570855,28.0774251568343 85.5086804151856,28.0774072440693 85.5087148628107,28.0773796859691 85.5087258860507,28.077346616249 85.5087162407157,28.0773052790988 85.5087175407988,28.0772376747762 85.5087176186207,28.0772336280386 85.5087272639557,28.0772115815585 85.5087333650539,28.077208663642 85.5087589557709,28.0771964246034 85.5087678328934,28.0771868646253 85.5087768685359,28.0771771339333 85.5087713569159,28.0771481979282 85.508779624346,28.0771385525932 85.5088526533113,28.0771426863082 85.5088995020814,28.0771413084032 85.5089422171366,28.0771385525932 85.5089697752367,28.0771330409732 85.5090124902919,28.0771344188782 85.509030403057,28.0771468200232 85.509040048392,28.0771550874532 85.5090524495371,28.0771812676483 85.5090744960171,28.0771909129834 85.5090813855422,28.0772143373685 85.5090951645922,28.0772529187086 85.5091103215473,28.0772653198537 85.5091585482225,28.0773094128139 85.5091819726076,28.077336970914 85.5092040190877,28.0773645290141 85.5092246876627,28.0773879533992 85.5092357109028,28.0774058661643 85.5092439783328,28.0774210231193 85.5092632690029,28.0774458254094 85.509279803863,28.0774609823645 85.509300472438,28.0774775172245 85.5093183852031,28.0774968078946 85.5093528328283,28.0775050753247 85.5093872804534,28.0775229880897 85.5094203501735,28.0775477903798 85.5094685768487,28.0775643252399 85.5095099139989,28.077601528675 85.509536094194,28.0776194414401 85.5095691639141,28.0776456216352 85.5095815650592,28.0776580227803 85.5096036115393,28.0776718018303 85.5096421928794,28.0777007378354 85.5096752625996,28.0777117610755 85.5097069544147,28.0777214064105 85.5097482915648,28.0777861679458 85.5097620706149,28.0778027028058 85.5097692300389,28.0778074011778 85.5099751111813,28.0778176952349</coordinates></LinearRing></outerBoundaryIs></Polygon></MultiGeometry>
  </Placemark>
  <Placemark>
	<Style><LineStyle><color>ff0000ff</color></LineStyle><PolyStyle><fill>0</fill></PolyStyle></Style>
      <MultiGeometry><Polygon><outerBoundaryIs><LinearRing><coordinates>85.5492101130183,27.8282158796288 85.5460684896057,27.8294284360337 85.5460354198855,27.8295386684341 85.5457929086046,27.8296929937947 85.5454732346433,27.829770156475 85.5451204909619,27.8299024353556 85.5446795613601,27.830012667756 85.5442276085183,27.830255179037 85.5438197486367,27.8303213184772 85.5431473309939,27.8303543881974 85.542662308432,27.8304205276376 85.5423646809508,27.8305748529983 85.5419568210692,27.8307402015989 85.5413725893468,27.8309165734396 85.5411300780658,27.8311260150005 85.5408875667849,27.8313134100812 85.5405789160636,27.8314346657217 85.53967501038,27.8318315023633 85.539189987818,27.8319086650436 85.5385065469353,27.8320299206841 85.5380986870537,27.8321842460447 85.5381427800138,27.8323385714053 85.5382419891742,27.8324708502859 85.5384183610149,27.8326582453666 85.5387159884962,27.8328676869275 85.5392010110581,27.8330881517283 85.5396088709397,27.8330220122881 85.5398403589807,27.8330881517283 85.5403253815426,27.8330991749684 85.5404576604231,27.8329448496078 85.5406560787439,27.8329338263677 85.5409647294652,27.8329117798876 85.541163147786,27.8330220122881 85.5414938449873,27.8330771284883 85.5417143097882,27.833242477089 85.5417694259884,27.8335511278102 85.5417032865481,27.8339479644518 85.5418024957085,27.834256615173 85.5420560302296,27.8343999172936 85.5422764950304,27.8346093588545 85.5425300295515,27.8347857306952 85.5429268661931,27.8349069863356 85.5431914239541,27.8348408468954 85.5433457493147,27.8348628933755 85.5436984929962,27.8349069863356 85.5441835155581,27.8348959630956 85.5444921662793,27.8348628933755 85.5448779796809,27.8348188004153 85.5449661656012,27.8346424285746 85.5451976536422,27.8344109405337 85.5456385832439,27.8344440102538 85.5460133734054,27.8343117313733 85.546145652286,27.8340581968522 85.5460684896057,27.8337936390912 85.5461676987661,27.8336062440104 85.5460905360858,27.8331983841288 85.5459803036853,27.8330550820082 85.5459913269253,27.8328346172073 85.5461015593258,27.8326582453666 85.5463550938468,27.8324708502859 85.5464873727273,27.8322724319651 85.5468180699287,27.8321621995646 85.5471156974099,27.8320188974441 85.5470164882495,27.8317763861631 85.5468511396488,27.8316330840425 85.5469944417694,27.8314567122018 85.5472589995304,27.8313905727615 85.5476999291322,27.8312803403611 85.547909370693,27.8310819220403 85.5482400678944,27.8310819220403 85.5485928115758,27.8311701079606 85.5487471369364,27.8313134100812 85.5489235087771,27.8315228516421 85.549143973578,27.8316441072825 85.5494967172594,27.8316330840425 85.5497943447406,27.831511828402 85.5498163912207,27.8312803403611 85.549882530661,27.8312031776808 85.5499376468612,27.8309606663998 85.5499707165813,27.8308504339994 85.5500699257417,27.8303323417173 85.550136065182,27.8301449466365 85.5500919722218,27.830012667756 85.5500809489818,27.8299024353556 85.5501691349021,27.8295717381542 85.550136065182,27.8294615057538 85.5498494609408,27.8293402501133 85.54964001938,27.8294174127936 85.549386484859,27.8297040170348 85.5492652292185,27.8295827613943 85.549143973578,27.8295386684341 85.5488463460968,27.8294284360337 85.5487250904563,27.8291859247527 85.5486148580559,27.8290426226321 85.5485707650957,27.8288993205115 85.5487140672163,27.828778064871 85.548890439057,27.8287119254308 85.5491660200581,27.8284914606299 85.5492101130183,27.8282158796288</coordinates></LinearRing></outerBoundaryIs></Polygon></MultiGeometry>
  </Placemark>
  <Placemark>
	<Style><LineStyle><color>ff0000ff</color></LineStyle><PolyStyle><fill>0</fill></PolyStyle></Style>
      <MultiGeometry><Polygon><outerBoundaryIs><LinearRing><coordinates>85.4973567918501,27.8399886999961 85.4973788383302,27.8402091647969 85.497841814412,27.8402973507173 85.4985473017749,27.8403414436775 85.4988779989762,27.8403414436775 85.4989441384165,27.8404296295978 85.4989000454563,27.8406941873589 85.4990102778567,27.8408705591996 85.4991646032174,27.8410248845602 85.4992748356178,27.8413114888014 85.4994071144983,27.8414878606421 85.499583486339,27.8416421860027 85.4997598581797,27.8418185578434 85.4999803229806,27.8420610691244 85.5006637638634,27.8424358592859 85.5007960427439,27.8426122311266 85.5009283216244,27.8428106494474 85.5009944610647,27.842964974808 85.5014794836266,27.8433177184894 85.5016558554673,27.8432956720093 85.5019204132284,27.843207486089 85.5020526921089,27.8433177184894 85.5022952033899,27.8434940903301 85.5026699935514,27.8436484156907 85.5029125048324,27.8436484156907 85.5032872949939,27.8430531607284 85.5031770625935,27.8427445100071 85.5030447837129,27.8425681381664 85.5027802259519,27.8423256268854 85.5027802259519,27.8421713015248 85.5029125048324,27.841972883204 85.5029125048324,27.8417524184031 85.5029345513125,27.8416862789629 85.5030337604729,27.8415429768423 85.503055806953,27.8414988838821 85.5031329696333,27.8415650233224 85.5031439928733,27.8416421860027 85.5031329696333,27.841719348683 85.5031991090735,27.8418406043235 85.5032432020337,27.8418957205237 85.5034416203545,27.8419839064441 85.503562875995,27.8418736740436 85.5035849224751,27.8417744648832 85.503573899235,27.841708325443 85.5036179921952,27.8416862789629 85.5037172013556,27.8416642324828 85.5037833407959,27.8415319536022 85.503805387276,27.8413666050016 85.5038825499563,27.8412673958412 85.5039817591167,27.8410800007604 85.5040148288368,27.8410138613202 85.5040919915171,27.8409477218799 85.5041912006775,27.8408705591996 85.5042242703976,27.8407713500392 85.504312456318,27.8406941873589 85.5044447351985,27.8406941873589 85.5044998513988,27.8406611176388 85.5045439443589,27.8406060014385 85.5046211070392,27.8405619084784 85.5046541767594,27.840462699318 85.5047754323999,27.8404186063578 85.5049407810005,27.8404186063578 85.5051502225614,27.8404406528379 85.505304547922,27.8404406528379 85.5054258035625,27.8404186063578 85.5055691056831,27.8404075831177 85.5056683148434,27.8403965598777 85.5057895704839,27.8403304204374 85.5059108261244,27.8401430253567 85.5059549190846,27.8400879091565 85.5061202676853,27.8400548394363 85.5061974303656,27.8399997232361 85.506307662766,27.839977676756 85.5063517557262,27.8399886999961 85.5063958486864,27.8400658626764 85.5065115927068,27.8401044440165 85.5065722205271,27.839977676756 85.506555685667,27.8398288630154 85.5066108018672,27.839713118995 85.5067596156078,27.8395643052544 85.506809220188,27.839470607714 85.506792685328,27.8393328172134 85.5069249642085,27.8391950267129 85.5069414990686,27.8390737710724 85.5069139409684,27.8389525154319 85.5068753596283,27.8388367714114 85.5068367782881,27.8387430738711 85.5066383599673,27.8385777252704 85.5065005694668,27.8385115858301 85.5063682905863,27.8384454463899 85.5063738022063,27.8383958418097 85.5065171043269,27.8384564696299 85.5065832437671,27.8384509580099 85.5067651272279,27.838224981589 85.5064234067865,27.8381533305287 85.5062580581858,27.8381588421487 85.5060265701449,27.838230493209 85.4973567918501,27.8399886999961</coordinates></LinearRing></outerBoundaryIs></Polygon></MultiGeometry>
  </Placemark>
  <Placemark>
	<Style><LineStyle><color>ff0000ff</color></LineStyle><PolyStyle><fill>0</fill></PolyStyle></Style>
      <MultiGeometry><Polygon><outerBoundaryIs><LinearRing><coordinates>85.5109760049247,27.8371887970248 85.510777586604,27.8372990294252 85.5107004239236,27.8373761921056 85.5106342844834,27.8374313083058 85.5105901915232,27.8375415407062 85.5106122380033,27.8376848428268 85.5106122380033,27.8377840519872 85.5107334936438,27.8378281449474 85.510788609844,27.8378612146675 85.510799633084,27.8380155400281 85.5107665633639,27.8380486097483 85.5105901915232,27.8380155400281 85.5103587034823,27.8378832611476 85.5101492619214,27.8378171217073 85.5099949365608,27.8378501914275 85.5098957274004,27.8379053076277 85.5096642393595,27.8378612146675 85.5095760534391,27.8379604238279 85.5096752625995,27.8381257724286 85.5097744717599,27.8381698653887 85.5098295879601,27.8382470280691 85.5098406112002,27.8383021442693 85.5097634485199,27.8384123766697 85.5097744717599,27.8385226090702 85.5099067506405,27.8385887485104 85.5100169830409,27.8386328414706 85.510050052761,27.8387100041509 85.5099508436006,27.8386989809109 85.5098516344402,27.8386989809109 85.509785495,27.8389414921918 85.5098185647201,27.8391068407925 85.5099398203606,27.8391619569927 85.5099839133208,27.8391729802328 85.5099398203606,27.8392501429131 85.5099287971205,27.8393162823533 85.5101161922013,27.8394265147538 85.5102154013617,27.8394926541941 85.5102705175619,27.8396028865945 85.5102264246017,27.8396690260348 85.5100941457212,27.8396800492748 85.5099398203606,27.839724142235 85.510039029521,27.8399005140757 85.510292564042,27.8399005140757 85.5104027964424,27.8398784675956 85.5105240520829,27.8398233513954 85.5106453077234,27.8397792584352 85.5106342844834,27.8399446070359 85.5106122380033,27.8400327929562 85.5107555401239,27.8401430253567 85.5109980514048,27.8402091647969 85.5111082838053,27.840220188037 85.5111634000055,27.8403414436775 85.5112295394458,27.8405619084783 85.511295678886,27.8407052105989 85.5112295394458,27.8407933965193 85.5111523767654,27.8409146521598 85.5111082838053,27.8412784190812 85.5110752140851,27.8414217212018 85.5111744232455,27.8416421860027 85.5112405626858,27.8417083254429 85.5112295394458,27.8418516275635 85.5110862373252,27.8418295810834 85.5109870281648,27.8417854881233 85.5106563309635,27.8417524184031 85.5105681450431,27.8417854881233 85.5104248429225,27.8418185578434 85.5104027964424,27.8418626508036 85.5104027964424,27.8420169761642 85.5105130288429,27.8420831156045 85.5104909823628,27.8421933480049 85.5103807499623,27.8423697198456 85.5103587034823,27.8425350684463 85.5103146105221,27.8427445100071 85.5103146105221,27.8430311142483 85.5103256337621,27.8432515790491 85.5102815408019,27.8433066952494 85.5101051689612,27.8433618114496 85.5100280062809,27.8433397649695 85.5099287971205,27.8433507882095 85.5098736809203,27.8434169276498 85.5097193555597,27.8434169276498 85.5095650301991,27.8433618114496 85.5095099139988,27.8432956720093 85.5094327513185,27.843218509329 85.5093335421581,27.8431854396089 85.5091902400376,27.8431082769286 85.5092012632776,27.842953951568 85.5091681935575,27.8428988353677 85.5089807984767,27.8429319050879 85.5088374963562,27.842953951568 85.5086941942356,27.8430200910082 85.5086390780353,27.8430862304485 85.5086280547953,27.8431964628489 85.5085288456349,27.8432846487693 85.5083524737942,27.8433066952494 85.5081871251935,27.8433507882095 85.5080107533528,27.8433948811697 85.5079005209524,27.8434169276498 85.5078233582721,27.8435492065303 85.507801311792,27.8436814854109 85.5078233582721,27.8437696713312 85.5078894977123,27.8439901361321 85.5078784744723,27.8441775312129 85.5078343815121,27.8443208333334 85.5078233582721,27.8445082284142 85.5079005209524,27.8445523213744 85.5080768927931,27.8446294840547 85.5081540554734,27.8446515305348 85.5081871251935,27.844706646735 85.508297357594,27.844717669975 85.5084957759148,27.844706646735 85.508550892115,27.8447838094153 85.5085839618351,27.8448499488556 85.5086170315552,27.844949158016 85.5087382871957,27.8450263206963 85.5088595428362,27.8450814368965 85.5090028449568,27.8451034833766 85.5091792167975,27.8451145066166 85.5092453562378,27.8451696228168 85.5092674027179,27.8452357622571 85.5091461470774,27.8453790643777 85.509046937917,27.8454782735381 85.508793403396,27.8455885059385 85.5086280547953,27.8456656686188 85.5084847526747,27.845709761579 85.5083965667544,27.8457869242593 85.5083304273141,27.8459412496199 85.5083855435143,27.8460625052604 85.5085398688749,27.8460073890602 85.5086501012754,27.8459192031399 85.5088485195962,27.8458530636996 85.5090248914369,27.8457869242593 85.5091351238373,27.8457538545392 85.5093666118783,27.8455444129784 85.5094437745586,27.8454892967781 85.5095319604789,27.8454341805779 85.5097303787997,27.8454341805779 85.5099508436006,27.8455003200182 85.5099177738805,27.8455444129784 85.5097634485199,27.8456656686188 85.5097524252798,27.8457869242593 85.50980754148,27.8459632961 85.5098516344402,27.8460404587803 85.5099287971205,27.8463270630215 85.510039029521,27.8463932024618 85.5103256337621,27.8464152489418 85.5104358661626,27.8463491095016 85.5107224704037,27.8463601327416 85.510799633084,27.8463270630215 85.5109208887245,27.8462278538611 85.5110752140851,27.8460625052604 85.511053167605,27.8457318080591 85.5110641908451,27.8454892967781 85.5110641908451,27.845213715777 85.5110641908451,27.8450042742162 85.5109760049247,27.8449160882958 85.5108767957643,27.8450263206963 85.5107114471637,27.8452798552173 85.5104689358827,27.8453129249374 85.5104579126427,27.8450704136565 85.5106563309634,27.8447838094153 85.5107665633639,27.8445082284142 85.5108657725243,27.8442546938932 85.5110311211249,27.8441885544529 85.5114830739668,27.8442657171332 85.5117255852477,27.844199577693 85.5119240035685,27.8439129734518 85.512045259209,27.8436484156907 85.5121003754092,27.8433177184894 85.5121113986493,27.8430972536885 85.5121554916095,27.8429980445281 85.5121444683694,27.8427004170469 85.5121444683694,27.8424799522461 85.5119680965287,27.8423697198456 85.5117586549679,27.8423917663257 85.5116263760873,27.8423035804053 85.5116484225674,27.8421161853246 85.5117586549679,27.8419508367239 85.5119019570885,27.8418957205237 85.5121113986493,27.8418736740436 85.5122326542898,27.8417965113633 85.5124310726106,27.8418406043235 85.512530281771,27.8418846972837 85.5125743747311,27.8419839064441 85.5126184676913,27.8420941388445 85.5126515374115,27.842215394485 85.5128279092522,27.8422705106852 85.5128830254524,27.8421161853246 85.5128830254524,27.8419508367239 85.5129601881327,27.8418406043235 85.5131034902533,27.841719348683 85.5132026994137,27.8415429768423 85.5133129318141,27.841465814162 85.513533396615,27.8412894423213 85.5137318149358,27.8411681866808 85.5141066050973,27.8411130704806 85.5143380931382,27.8410800007604 85.5144483255387,27.8411792099208 85.5144483255387,27.8415099071222 85.5145585579391,27.8416091162826 85.5149113016205,27.8415760465624 85.5150105107809,27.8416642324828 85.5151648361416,27.8416862789629 85.5153301847422,27.8415209303622 85.5155065565829,27.8414327444418 85.515517579823,27.8414106979618 85.5157490678639,27.8413555817615 85.5159805559048,27.8415540000823 85.5162010207057,27.8416642324828 85.5164986481869,27.8417965113633 85.5166419503075,27.8418406043235 85.5166860432677,27.841972883204 85.5169065080685,27.8423917663257 85.5171931123097,27.8427004170469 85.5173805073904,27.8428216726874 85.5178875764325,27.8428657656476 85.518019855313,27.8428437191675 85.5181631574336,27.842711440287 85.5181962271537,27.8426453008467 85.5183615757544,27.8426783705668 85.5188135285962,27.8428216726874 85.5188686447964,27.8428216726874 85.5191552490376,27.8428216726874 85.519507992719,27.8429098586078 85.5195961786393,27.8428326959275 85.5195520856792,27.8425130219662 85.519507992719,27.8423807430856 85.5194638997588,27.8421823247649 85.519519015959,27.8420169761642 85.5197174342798,27.8419398134839 85.5199048293606,27.8422484642051 85.5201804103617,27.8425791614064 85.5205772470033,27.8426232543666 85.5208418047643,27.8426232543666 85.5212055716858,27.842711440287 85.5214260364867,27.842711440287 85.5216575245276,27.8427775797272 85.5220653844092,27.8425240452062 85.5223960816106,27.8424468825259 85.5225283604911,27.8423256268854 85.5227378020519,27.8421051620845 85.5229582668528,27.8419949296841 85.5229803133329,27.8418846972837 85.5230574760132,27.8416642324828 85.5230795224933,27.841476837402 85.5229362203727,27.8413555817615 85.5226385928916,27.8412894423213 85.5225283604911,27.8411351169607 85.5224511978108,27.8409036289197 85.5224291513307,27.8406611176387 85.5222748259701,27.840473722558 85.5220874308893,27.840231211277 85.5218449196084,27.8401209788766 85.5214150132466,27.8399556302759 85.5212165949258,27.8396690260348 85.5212055716858,27.8394154915137 85.5211945484458,27.8392060499529 85.5211945484458,27.8390958175525 85.5212165949258,27.8389304689518 85.5212276181659,27.8387761435912 85.5212827343661,27.8386328414706 85.5213929667666,27.8385556787903 85.5216024083274,27.8385777252704 85.521756733688,27.838721027391 85.521999244969,27.8388422830314 85.5222197097699,27.8388643295115 85.5224732442909,27.8388092133113 85.5225944999314,27.8386989809109 85.5229031506526,27.8386879576708 85.5232007781338,27.8387651203511 85.5234653358949,27.8386769344308 85.5238621725365,27.8386659111907 85.523983428177,27.8386438647106 85.5241377535376,27.8385887485104 85.5244464042588,27.83847851611 85.5245345901792,27.8383682837095 85.5246889155398,27.8382580513091 85.5247881247002,27.8381698653887 85.5249644965409,27.8381808886288 85.5250637057013,27.8383021442693 85.5252180310619,27.8383462372295 85.5255597515033,27.8377068893069 85.5255707747433,27.8375966569064 85.5257802163042,27.8373100526653 85.5258573789845,27.8371226575845 85.5259565881449,27.8368691230635 85.5261219367455,27.8365714955823 85.5260998902655,27.8363289843014 85.5258573789845,27.8361526124606 85.5256699839037,27.8359541941398 85.5256810071438,27.8356234969385 85.525978634625,27.8354691715779 85.5260117043451,27.8354030321376 85.5260227275852,27.8350943814164 85.525978634625,27.8349510792958 85.5259345416648,27.8347747074551 85.5259455649048,27.8346424285746 85.5259455649048,27.834488103214 85.5260117043451,27.8343778708135 85.5260447740652,27.8342235454529 85.5261660297057,27.8340912665724 85.526232169146,27.8339589876918 85.5262542156261,27.8337936390912 85.5263975177467,27.8337054531708 85.5264195642267,27.8336393137306 85.5263313783064,27.8336172672505 85.5109760049247,27.8371887970248</coordinates></LinearRing></outerBoundaryIs></Polygon></MultiGeometry>
  </Placemark>
  <Placemark>
	<Style><LineStyle><color>ff0000ff</color></LineStyle><PolyStyle><fill>0</fill></PolyStyle></Style>
      <MultiGeometry><Polygon><outerBoundaryIs><LinearRing><coordinates>85.5711188026062,27.8743150694939 85.571074709646,27.873852093412 85.5711628955664,27.8736316286111 85.5712290350066,27.8734332102903 85.571074709646,27.8729481877284 85.5708762913252,27.8727938623677 85.5706558265243,27.872595444047 85.5703471758031,27.8721986074054 85.5702589898827,27.8719781426045 85.5701487574823,27.8714049341222 85.5701708039624,27.8703246565978 85.5699723856416,27.8701923777173 85.5695094095597,27.8699278199562 85.5691787123584,27.8697073551554 85.5685173179557,27.8695089368346 85.5678779700332,27.8695089368346 85.5673929474712,27.8694648438744 85.5672386221106,27.8693325649939 85.5670071340697,27.8692774487936 85.566841785469,27.8692223325934 85.5665441579878,27.869123123433 85.5664008558672,27.8689908445525 85.5661142516261,27.8688144727118 85.5657063917444,27.8689687980724 85.5653646713031,27.8690569839927 85.5651331832621,27.8692443790735 85.5650560205818,27.8694979135945 85.5646261142201,27.8698175875558 85.5643284867389,27.8699498664363 85.5641521148982,27.8703026101177 85.5637001620564,27.8705340981587 85.5632371859745,27.8705120516786 85.5629285352533,27.8705120516786 85.5625206753716,27.8707214932394 85.56211281549,27.8705671678788 85.561870304209,27.8704128425182 85.5614844908075,27.870368749558 85.5612530027666,27.8703356798379 85.5610435612057,27.8707986559197 85.5608892358451,27.8712836784817 85.5608451428849,27.8718789334441 85.5609223055652,27.8722537236056 85.5611427703661,27.8725293046067 85.5616498394081,27.8728379553279 85.5619805366095,27.8728159088478 85.5623222570509,27.8728269320879 85.5626750007323,27.8729040947682 85.5630718373739,27.8730033039286 85.5637111852964,27.8730033039286 85.5637883479768,27.8729702342085 85.5642292775785,27.872848978568 85.5646261142201,27.8729812574485 85.565100113542,27.8732237687295 85.5653316015829,27.8734001405702 85.5655300199037,27.8737087912914 85.5657063917444,27.8739292560923 85.5657945776648,27.8741386976532 85.5657725311847,27.8747008828954 85.5656622987843,27.8748000920558 85.5652434156626,27.874590650495 85.5649788579015,27.874590650495 85.5648245325409,27.8747339526155 85.5645269050597,27.8748331617759 85.5642513240586,27.874855208256 85.5639206268573,27.8749654406565 85.5637332317765,27.8752299984175 85.5635678831759,27.875351254058 85.5633694648551,27.8754945561786 85.5633033254148,27.8758032068998 85.5633143486548,27.87583627662 85.5634576507754,27.8761559505813 85.5636670923363,27.8762661829817 85.5637552782566,27.8764535780624 85.5638655106571,27.8767512055436 85.5640859754579,27.8769826935846 85.5643946261792,27.8771039492251 85.5645599747799,27.8771811119054 85.564835555781,27.8775669253069 85.5649016952212,27.8776881809474 85.5651442065022,27.878085017589 85.5652323924226,27.8781291105492 85.5656292290641,27.8782062732295 85.5657615079447,27.8781621802693 85.5659158333053,27.8780629711089 85.5659929959856,27.8778755760282 85.5660150424657,27.8776992041874 85.5660481121858,27.877346460506 85.5660260657057,27.8770267865448 85.5660481121858,27.8767622287837 85.5660370889458,27.8762000435414 85.5659929959856,27.8756599047793 85.5660370889458,27.8749433941764 85.5660260657057,27.8746567899352 85.5659709495055,27.8742158603335 85.5659268565453,27.8737528842516 85.5659599262655,27.8734883264905 85.5660260657057,27.8734111638102 85.5662134607865,27.8733670708501 85.5663898326272,27.8734001405702 85.5666323439082,27.8735324194507 85.5711188026062,27.8743150694939</coordinates></LinearRing></outerBoundaryIs></Polygon></MultiGeometry>
  </Placemark>
  <Placemark>
	<Style><LineStyle><color>ff0000ff</color></LineStyle><PolyStyle><fill>0</fill></PolyStyle></Style>
      <MultiGeometry><Polygon><outerBoundaryIs><LinearRing><coordinates>85.5658276473849,27.8928671824883 85.5660701586659,27.8899350006366 85.5660701586659,27.8897145358357 85.5660481121858,27.8893397456742 85.5659599262654,27.8887003977516 85.565849693865,27.8881492357494 85.5655851361039,27.8874657948667 85.5655851361039,27.8870910047051 85.5658276473849,27.8864737032627 85.5655630896238,27.8861430060613 85.5653205783428,27.8858343553401 85.5647253233805,27.8854375186985 85.5642403008185,27.8853272862981 85.5637993712167,27.8854154722184 85.5639536965774,27.8859445877405 85.5638434641769,27.8864516567826 85.5640418824977,27.8868264469441 85.5641741613782,27.8872453300658 85.5641741613782,27.887796492068 85.5645048585796,27.8881933287096 85.5645269050597,27.8886122118313 85.5642843937787,27.8889870019928 85.5642182543384,27.8894720245547 85.5642623472986,27.8899790935967 85.5638875571371,27.8904861626388 85.5634466275353,27.8908168598401 85.5630938838539,27.8914121148025 85.5635789064159,27.8915003007229 85.5638434641769,27.8915223472029 85.5641962078583,27.8915884866432 85.5644607656194,27.8916766725636 85.5650339741017,27.8917207655237 85.5655630896238,27.8919191838445 85.5656512755442,27.8921396486454 85.5656953685044,27.8925585317671 85.5658276473849,27.8928671824883</coordinates></LinearRing></outerBoundaryIs></Polygon></MultiGeometry>
  </Placemark>
  <Placemark>
	<Style><LineStyle><color>ff0000ff</color></LineStyle><PolyStyle><fill>0</fill></PolyStyle></Style>
      <MultiGeometry><Polygon><outerBoundaryIs><LinearRing><coordinates>85.5294730017189,27.9354609820193 85.5299359778008,27.9365192130636 85.527995887553,27.9422512978866 85.5255487282632,27.949328217995 85.5255487282632,27.9497691475968 85.5255487282632,27.9499014264773 85.5256369141835,27.9501218912782 85.526011704345,27.9500998447981 85.5261439832256,27.9501439377583 85.5260998902654,27.9505407743999 85.5258353325043,27.9508935180813 85.5256148677034,27.9513785406433 85.5252400775419,27.9517753772848 85.5248873338605,27.9522163068866 85.5243361718583,27.9526792829685 85.5244023112986,27.9529438407295 85.5244684507388,27.9530981660902 85.5248652873804,27.9531202125702 85.5254825888229,27.9529438407295 85.5257030536238,27.9527895153689 85.5260337508251,27.9524588181676 85.5264746804269,27.9518415167251 85.5271581213096,27.9516430984043 85.5274667720309,27.9510257969618 85.5275329114711,27.950827378641 85.5276210973915,27.950077798318 85.5278856551525,27.950077798318 85.5281943058738,27.949813240557 85.5281061199534,27.9496148222362 85.527995887553,27.9493061715149 85.5281943058738,27.9491077531941 85.528502956595,27.9487329630326 85.5284809101149,27.9482479404707 85.528260445314,27.9479613362295 85.528260445314,27.9475204066278 85.528502956595,27.9472558488667 85.5284809101149,27.9470353840658 85.5280620269933,27.9466826403844 85.527753376272,27.9464842220636 85.5278856551525,27.946087385422 85.5283265847543,27.9460212459817 85.5286793284357,27.9460432924618 85.5288116073163,27.9458889671012 85.5290541185972,27.9457787347008 85.5293186763583,27.9455141769397 85.5298036989202,27.9452496191786 85.5300682566813,27.9450512008579 85.5303989538826,27.9447645966167 85.5305091862831,27.9443677599751 85.5306194186835,27.9439268303733 85.5305532792433,27.943596133172 85.530487139803,27.9431552035702 85.5305091862831,27.9430449711698 85.5306635116437,27.9426481345282 85.530751697564,27.942361530287 85.5309060229247,27.9420087866056 85.5311264877256,27.9416780894043 85.5317217426879,27.9415458105238 85.5319201610087,27.9413694386831 85.5321185793295,27.9407521372406 85.5322949511702,27.9405096259596 85.5325374624512,27.9402230217185 85.5325815554114,27.9398041385968 85.5326036018915,27.9394513949154 85.5325374624512,27.9390325117937 85.5322949511702,27.9386797681123 85.5320083469291,27.9383931638711 85.5318540215685,27.9381726990702 85.5316996962079,27.9377758624286 85.5317217426879,27.9374892581875 85.5316335567676,27.9372687933866 85.5314571849269,27.9372908398667 85.5311044412455,27.9373349328269 85.5308619299645,27.937114468026 85.5305753257233,27.9368278637848 85.5302887214822,27.9365633060238 85.5301784890817,27.9363869341831 85.5301343961216,27.9361003299419 85.5300682566813,27.9358137257008 85.529980070761,27.9356373538601 85.5298036989202,27.9355271214596 85.5294730017189,27.9354609820193</coordinates></LinearRing></outerBoundaryIs></Polygon></MultiGeometry>
  </Placemark>
  <Placemark>
	<Style><LineStyle><color>ff0000ff</color></LineStyle><PolyStyle><fill>0</fill></PolyStyle></Style>
      <MultiGeometry><Polygon><outerBoundaryIs><LinearRing><coordinates>85.5115492134069,27.9787602689132 85.5116704690474,27.9788264083534 85.5117476317277,27.9788815245537 85.5117696782078,27.9790468731543 85.5121554916094,27.9791019893546 85.5124861888107,27.9790578963944 85.5131806529335,27.9790799428745 85.5134562339346,27.9790027801942 85.5138310240961,27.9790138034342 85.5142719536979,27.9790578963944 85.5145916276591,27.9790468731543 85.5149553945806,27.9790909661145 85.5149884643007,27.9791681287948 85.5151097199412,27.9792452914751 85.5151979058616,27.9793004076753 85.5153522312222,27.9792452914751 85.5154183706625,27.9790799428745 85.5154404171426,27.9790578963944 85.5156719051835,27.9790248266742 85.516046695345,27.9790027801942 85.5162120439457,27.9789035710338 85.5164214855065,27.978969710474 85.5164876249468,27.9789807337141 85.5166419503074,27.9788374315935 85.5168403686282,27.9787712921532 85.5170718566691,27.9787382224331 85.5172812982299,27.9787712921532 85.5173694841503,27.9784405949519 85.5172041355496,27.9782972928313 85.517049810189,27.9780768280304 85.5169946939888,27.9779335259099 85.5169175313085,27.9778122702694 85.517038786949,27.9775807822284 85.5171269728693,27.977481573068 85.517545855991,27.977459526588 85.5177001813516,27.9773603174276 85.5177332510718,27.9769414343059 85.5178104137521,27.9766768765448 85.5179316693926,27.9764343652638 85.5179537158727,27.9760154821422 85.5177773440319,27.9755965990205 85.5175568792311,27.9752989715393 85.5174686933107,27.974990320818 85.5173143679501,27.9748580419375 85.5171600425895,27.9746706468568 85.5171159496293,27.9744942750161 85.5169726475087,27.974240740495 85.5168403686282,27.9741966475349 85.5165978573472,27.9736675320127 85.5164986481868,27.9739651594939 85.5163884157864,27.9741194848545 85.5126515374114,27.9777902237893 85.5115492134069,27.9787602689132</coordinates></LinearRing></outerBoundaryIs></Polygon></MultiGeometry>
  </Placemark>
  <Placemark>
	<Style><LineStyle><color>ff0000ff</color></LineStyle><PolyStyle><fill>0</fill></PolyStyle></Style>
      <MultiGeometry><Polygon><outerBoundaryIs><LinearRing><coordinates>85.55963258648,27.9840183544143 85.5590263082775,27.9840514241344 85.5587507272764,27.9839852846942 85.5584971927554,27.9840734706145 85.5582767279545,27.984205749495 85.5581003561138,27.984205749495 85.5578468215928,27.9841396100548 85.5574720314313,27.9842388192152 85.5573397525508,27.9843380283756 85.557383845511,27.9844703072561 85.5575491941116,27.9845695164165 85.557648403272,27.9847679347373 85.5575051011514,27.9848450974176 85.5571303109899,27.9848120276975 85.5568106370286,27.9847789579773 85.5565681257477,27.9847569114973 85.5564468701072,27.9850435157384 85.5563697074269,27.9851427248988 85.5558736616249,27.985186817859 85.555642173584,27.9852309108192 85.555895708105,27.9858702587417 85.5561051496658,27.985947421422 85.5565901722278,27.9860797003026 85.5568216602687,27.9863001651034 85.5568547299888,27.9866418855448 85.5572295201503,27.9870387221864 85.5572956595906,27.987193047547 85.5572736131105,27.9877221630692 85.5572515666304,27.9878544419497 85.5572295201503,27.9880749067506 85.5572625898704,27.9883504877517 85.5575381708716,27.9885489060725 85.5576704497521,27.9885929990327 85.55963258648,27.9840183544143</coordinates></LinearRing></outerBoundaryIs></Polygon></MultiGeometry>
  </Placemark>
  <Placemark>
	<Style><LineStyle><color>ff0000ff</color></LineStyle><PolyStyle><fill>0</fill></PolyStyle></Style>
      <MultiGeometry><Polygon><outerBoundaryIs><LinearRing><coordinates>85.510325633762,27.9960447093026 85.5104579126425,27.9958793607019 85.5107334936436,27.9957581050614 85.5108106563239,27.9956699191411 85.510832702804,27.9954825240603 85.5107445168837,27.9950967106588 85.5107114471635,27.994898292338 85.5106894006835,27.9947660134574 85.5106673542034,27.9945675951366 85.5104468894025,27.9944242930161 85.5102925640419,27.9944242930161 85.5101382386813,27.9945565718966 85.5099508436005,27.9946337345769 85.5096201463992,27.9947990831776 85.5095099139987,27.9949754550183 85.5094988907587,27.9950746641787 85.5093004724379,27.9951408036189 85.5092453562377,27.9953502451798 85.5093114956779,27.9956148029408 85.5091351238372,27.9958242445017 85.5090138681967,27.9960336860625 85.5090138681967,27.9962541508634 85.5093114956779,27.9962541508634 85.5096642393593,27.9962761973435 85.5097414020397,27.9963754065039 85.5094878675186,27.9965297318645 85.5092784259578,27.996650987505 85.5099949365607,27.9967171269453 85.5101933548815,27.9965958713048 85.5102815408018,27.9965187086245 85.510325633762,27.9960447093026</coordinates></LinearRing></outerBoundaryIs></Polygon></MultiGeometry>
  </Placemark>
  <Placemark>
	<Style><LineStyle><color>ff0000ff</color></LineStyle><PolyStyle><fill>0</fill></PolyStyle></Style>
      <MultiGeometry><Polygon><outerBoundaryIs><LinearRing><coordinates>85.5120232127288,27.998899728474 85.5120342359689,27.9986241474729 85.5120342359689,27.9984698221123 85.5121554916093,27.9983044735116 85.5121775380894,27.9980729854707 85.512067305689,27.99790763687 85.5120011662487,27.9977863812296 85.511824794408,27.9975989861488 85.5116594458073,27.9974887537484 85.511328748606,27.9973454516278 85.511064190845,27.9972903354276 85.5109649816846,27.9974887537484 85.5112295394456,27.9976320558689 85.5113397718461,27.9977422882694 85.5112736324058,27.99790763687 85.5111744232454,27.9980509389906 85.5109319119644,27.9981611713911 85.5107665633638,27.9983485664718 85.5108878190043,27.9988005193136 85.5112074929655,27.9990871235548 85.5115051204467,27.9991753094751 85.5117917246879,27.9991863327152 85.5120232127288,27.998899728474</coordinates></LinearRing></outerBoundaryIs></Polygon></MultiGeometry>
  </Placemark>
  <Placemark>
	<Style><LineStyle><color>ff0000ff</color></LineStyle><PolyStyle><fill>0</fill></PolyStyle></Style>
      <MultiGeometry><Polygon><outerBoundaryIs><LinearRing><coordinates>85.5180308785529,27.9996934017572 85.5178434834722,27.9994949834364 85.5177773440319,27.9993186115957 85.5177332510717,27.9988556355138 85.5176781348715,27.9987674495935 85.5176230186713,27.9987343798734 85.5174025538704,27.9987894960736 85.5171820890695,27.9987674495935 85.5170167404689,27.9987784728335 85.5168403686282,27.998646193953 85.5167521827078,27.9985469847926 85.5166529735474,27.9987343798734 85.5166529735474,27.9990540538346 85.5167852524279,27.9994949834364 85.5168954848284,27.9997044249972 85.5169175313085,27.9998477271178 85.5171490193494,27.999902843318 85.5174025538704,27.9997926109176 85.5176891581116,27.9998367038778 85.5178545067122,27.9998697735979 85.518052925033,27.9998146573977 85.5180308785529,27.9996934017572</coordinates></LinearRing></outerBoundaryIs></Polygon></MultiGeometry>
  </Placemark>
  <Placemark>
	<Style><LineStyle><color>ff0000ff</color></LineStyle><PolyStyle><fill>0</fill></PolyStyle></Style>
      <MultiGeometry><Polygon><outerBoundaryIs><LinearRing><coordinates>85.5289769559168,27.9978084277096 85.528756491116,27.9976761488291 85.5283486312343,27.9976761488291 85.5281171431934,27.9976981953092 85.5278856551525,27.997654102349 85.5275770044312,27.9975769396687 85.5274557487907,27.9974887537484 85.5273344931502,27.997400567828 85.527025842429,27.997411591068 85.5267061684677,27.9974556840282 85.5265518431071,27.9975108002284 85.5261770529456,27.9975108002284 85.5258794254644,27.9975659164287 85.5256038444633,27.9975879629088 85.5254495191027,27.9976761488291 85.525537705023,27.9978745671499 85.5259345416646,27.9979737763103 85.5261439832255,27.9979847995503 85.5265849128272,27.9981611713911 85.5271470980695,27.9982824270315 85.5276982600717,27.9984147059121 85.528017934033,27.9984477756322 85.5288557002764,27.9985359615526 85.5291092347974,27.998403682672 85.5290651418372,27.9981611713911 85.5290541185971,27.9980068460304 85.5289769559168,27.9978084277096</coordinates></LinearRing></outerBoundaryIs></Polygon></MultiGeometry>
  </Placemark>
  <Placemark>
	<Style><LineStyle><color>ff0000ff</color></LineStyle><PolyStyle><fill>0</fill></PolyStyle></Style>
      <MultiGeometry><Polygon><outerBoundaryIs><LinearRing><coordinates>85.5370239211491,27.9365412595437 85.5377073620319,27.9370483285857 85.537971919793,27.937136514506 85.5383246634744,27.9370042356255 85.5387655930761,27.936871956745 85.5392506156381,27.9372247004264 85.5397135917199,27.9375333511476 85.5401765678018,27.9375333511476 85.5402427072421,27.9372467469065 85.5400442889213,27.9368499102649 85.5395813128394,27.9362326088224 85.5395151733992,27.9357696327406 85.5391844761978,27.9353948425791 85.5386994536359,27.9355271214596 85.5380601057133,27.9356594003401 85.537729408512,27.9354609820193 85.5373105253903,27.9355271214596 85.5368695957885,27.9355050749795 85.5362522943461,27.9354609820193 85.5357893182642,27.9355271214596 85.5356349929036,27.9359239581012 85.5360318295452,27.936122376422 85.5364507126668,27.936364887703 85.5370239211491,27.9365412595437</coordinates></LinearRing></outerBoundaryIs></Polygon></MultiGeometry>
  </Placemark>
  <Placemark>
	<Style><LineStyle><color>ff0000ff</color></LineStyle><PolyStyle><fill>0</fill></PolyStyle></Style>
      <MultiGeometry><Polygon><outerBoundaryIs><LinearRing><coordinates>85.5108767957641,27.8793085972339 85.5107665633637,27.878581063391 85.5106122380031,27.8781621802693 85.5106122380031,27.8776551112272 85.5104799591225,27.8771259957051 85.510347680242,27.8764425548224 85.5102154013615,27.8757811604197 85.5102594943217,27.8752520448976 85.5105460985628,27.8746347434551 85.5105681450429,27.874105627933 85.5103256337619,27.8735103729706 85.5096201463991,27.8732017222494 85.509091030877,27.8730473968887 85.5084516829544,27.8728489785679 85.5077241491115,27.8728930715281 85.5070848011889,27.8730473968887 85.5068202434279,27.8728930715281 85.506357267346,27.8725403278467 85.5058281518239,27.8724300954463 85.505122664461,27.8724080489662 85.5049462926203,27.8722096306454 85.5045274094986,27.8718127940038 85.5041526193371,27.8714380038423 85.5037116897354,27.8718127940038 85.5038219221358,27.8721875841653 85.5055635940628,27.873598558891 85.5088705660761,27.8762441365016 85.5101492619212,27.8796172479551 85.5104138196823,27.8797715733157 85.5106342844832,27.8797495268356 85.5107224704035,27.8797274803556 85.5108767957641,27.8793085972339</coordinates></LinearRing></outerBoundaryIs></Polygon></MultiGeometry>
  </Placemark>
</Folder>
</Document></kml>
