<?xml version="1.0" encoding="utf-8" ?>
<kml xmlns="http://www.opengis.net/kml/2.2">
<Document id="root_doc">
<Folder><name>cloud_2021</name>
  <Placemark>
	<Style><LineStyle><color>ff0000ff</color></LineStyle><PolyStyle><fill>0</fill></PolyStyle></Style>
      <MultiGeometry><Polygon><outerBoundaryIs><LinearRing><coordinates>85.5616340200436,28.1298714778586 85.5616285668191,28.1298227165678 85.561556480609,28.1297353750197 85.5615325000719,28.1297026539602 85.5615208711161,28.12965923941 85.5614725487918,28.1296208512945 85.5614363612704,28.1295880020947 85.5614249491615,28.1295283551266 85.5614009687086,28.1294956340462 85.561395371067,28.1294576943555 85.5613958046692,28.1294252295335 85.5613902070319,28.1293872898424 85.5613726191946,28.1293329896083 85.5613489278745,28.1292786253054 85.5613557540588,28.129224581335 85.5613992011952,28.1291709217556 85.561479341493,28.1291122357263 85.5615041167573,28.1290854379465 85.561566813563,28.1289616300284 85.5615865691266,28.1288536061062 85.5615816939993,28.1287615583722 85.5615944067255,28.1287238108499 85.5616385760571,28.1286160431304 85.5616460523048,28.1285133018889 85.5616470638259,28.1284375506185 85.5616585475271,28.1283776831499 85.5616069697028,28.1283862664588 85.5614409846548,28.1284148987576 85.5612243564818,28.128387312921 85.5610237754382,28.1284408934977 85.5609149541995,28.1284650629078 85.5608806287401,28.1284697648873 85.5608006261639,28.1284739872301 85.5606807913794,28.1284676664527 85.5605610242545,28.1284562838898 85.5604473050257,28.1284196527877 85.560322301915,28.1283727782845 85.5601971636029,28.128336027032 85.5600655037912,28.1283599558455 85.5599447218362,28.1284244979493 85.5598864750643,28.1285099465916 85.5597939703391,28.1285950352293 85.5597300813847,28.1286753621192 85.559712004907,28.1287460456272 85.5596423384586,28.1288313741472 85.5595722657682,28.1289470726983 85.5595427021141,28.1290226978404 85.5595646608169,28.1290887396909 85.5596153032803,28.1291449582098 85.5596248273973,28.1292868052184 85.559663306078,28.1293985821752 85.5596856033441,28.1294393156159 85.5597476654104,28.1294956540968 85.5597812467528,28.1295466308809 85.5598887834777,28.1296186343229 85.5599162491778,28.1296999211549 85.5599267888201,28.1297658429665 85.5598851966541,28.1298869032949 85.5597810682172,28.1299870569072 85.5597342398576,28.1300726254295 85.5597331569114,28.1301536122793 85.5598063681309,28.1302303174608 85.5599262724603,28.1302315773935 85.5600751314608,28.1302027670922 85.560253621585,28.1300932696641 85.5604431248856,28.130014262012 85.5605629613633,28.1300205830589 85.5606255653647,28.1300364277261 85.5607740857665,28.1300329250498 85.5608604079041,28.1299832075951 85.5609408173657,28.1299486151742 85.5610205505457,28.129964639515 85.5611178186232,28.1299504735562 85.561220390713,28.1299667375565 85.5613629984885,28.1299783593429 85.5614487118988,28.1299741966436 85.5615002345841,28.1299646126431 85.5615915901057,28.1299655714642 85.5616606474951,28.1299257970799 85.5616690212899,28.1299224567432 85.5616340200436,28.1298714778586</coordinates></LinearRing></outerBoundaryIs></Polygon></MultiGeometry>
  </Placemark>
  <Placemark>
	<Style><LineStyle><color>ff0000ff</color></LineStyle><PolyStyle><fill>0</fill></PolyStyle></Style>
      <MultiGeometry><Polygon><outerBoundaryIs><LinearRing><coordinates>85.5533239940759,28.1324249298357 85.5533143422135,28.1322932060735 85.5532815791316,28.1321814878602 85.553306322171,28.1320400024145 85.5533428926774,28.131868267528 85.5532413401682,28.1317760726766 85.5532429720172,28.1316545927787 85.5533128492853,28.131554082814 85.5534403680741,28.1314136821835 85.5534876778347,28.1312926843925 85.5534788415788,28.1311002206565 85.5535031761692,28.130989105116 85.5536648165539,28.1308591891332 85.5538831461977,28.1307602454118 85.5540447857884,28.1306303289467 85.5540920944939,28.1305093308957 85.5540368998706,28.1303670018815 85.5540037287999,28.1302856537957 85.553914004303,28.1301632099474 85.5538703654005,28.1300108780325 85.5537814568307,28.1298276941262 85.553772212268,28.1296656003452 85.5536941797458,28.1295230302088 85.5534433618473,28.1294900088822 85.5532833549971,28.1294984447569 85.5531800369352,28.1295378531776 85.5530309053805,28.1295869026103 85.5528257650053,28.1295543623892 85.5527219026404,28.1296342637588 85.5526052603929,28.1298152776958 85.5525934329009,28.1298455270726 85.5525703220563,28.1298655325239 85.552365181326,28.1298329916 85.5521834237883,28.1297601983474 85.5520798329358,28.1298198525579 85.5520542724081,28.1300220777179 85.5521211557992,28.1301442814287 85.5522553312394,28.1303583187957 85.5522194400219,28.130479436773 85.5521151680437,28.1305897075871 85.5519886013078,28.1306592437277 85.5517591230425,28.1307378170647 85.5515875586842,28.1307562535314 85.5513699079037,28.1308045769281 85.5511639487807,28.1308327740594 85.5510024417527,28.1309525636658 85.5509325628004,28.131053072395 85.5509768788416,28.1311547885073 85.5512837078648,28.1312694045644 85.5514430366295,28.1313115877176 85.551634718225,28.1314958591976 85.5517238965799,28.131658797733 85.5518942373436,28.13173147102 85.5520989732026,28.1317943827282 85.5522672732481,28.1320189053668 85.5522316535717,28.1321197766594 85.5522528598195,28.132241497768 85.5523201529334,28.1323333314438 85.5524317641012,28.1325268807835 85.5525904149481,28.132619679283 85.5526808200436,28.1326915073715 85.5527025710619,28.1327727351405 85.5526095808801,28.1328932501517 85.5523798260291,28.1329920709823 85.552184329943,28.1330912533491 85.5520791025369,28.1332723872221 85.5518369737595,28.1334419496477 85.5515612656781,28.1335605329484 85.5512285942871,28.1336683887353 85.5508628888947,28.1336847716188 85.5505869067008,28.1338235995118 85.550562023338,28.1339752075923 85.5509262313277,28.1340701819725 85.551119551106,28.1341329745136 85.5512893505209,28.1342461419063 85.5514598311465,28.1343086925351 85.5515952354621,28.1344316207475 85.5518457918055,28.1344848924697 85.552144069523,28.1343867966281 85.5523724667682,28.1343892095014 85.5525898523691,28.1343611314248 85.5527619665784,28.134302200644 85.5529796239833,28.134253875299 85.5531286261111,28.1342149495158 85.553337583196,28.1339640365868 85.5533734745162,28.1338429183726 85.553444305041,28.1336715451611 85.5536297409609,28.1334710072357 85.553745434133,28.1333608558761 85.5537028820086,28.1331275373391 85.5534763909279,28.1329834002469 85.5534315279107,28.1329221781495 85.5534213319933,28.1328309476936 85.5534338395011,28.1327500816411 85.5534462110136,28.13267933891 85.5534243234689,28.1326082345622 85.5533239940759,28.1324249298357</coordinates></LinearRing></outerBoundaryIs></Polygon></MultiGeometry>
  </Placemark>
  <Placemark>
	<Style><LineStyle><color>ff0000ff</color></LineStyle><PolyStyle><fill>0</fill></PolyStyle></Style>
      <MultiGeometry><Polygon><outerBoundaryIs><LinearRing><coordinates>85.5575003791245,28.1331344941065 85.5575982558542,28.1331192896388 85.5576653966316,28.1331199962843 85.5577505586883,28.1331425387719 85.5578051297737,28.1331701708391 85.5578783018444,28.1331763524065 85.5579331627911,28.1331823412548 85.5579635364468,28.1331934839725 85.5580306772812,28.1331941904408 85.5580856831376,28.133189357643 85.5581711351105,28.1331902567024 85.5583050546215,28.1332187233692 85.5583599156215,28.1332247120482 85.5583965379115,28.1332250972931 85.5584637512042,28.1332203927563 85.5585739801781,28.1331944944084 85.5586409037808,28.13321143296 85.5587198900123,28.1332393214534 85.5587809271807,28.1332399633628 85.5588237256075,28.1332350018887 85.5588888889263,28.1332260771617 85.5588888889263,28.1332171694677 85.5589339545236,28.1332091032486 85.5590199857259,28.1331667154194 85.5590749915425,28.1331618822223 85.5591459443551,28.1331058068805 85.5591553894832,28.1330842599579 85.5591968637677,28.1330555555476 85.5592170056752,28.1330416153053 85.5592572950454,28.132996040639 85.559273024805,28.132961030885 85.5592918787874,28.1329206424159 85.5593012514861,28.132904506277 85.5593291886117,28.1328696248458 85.5593509858334,28.132837384643 85.5593665707791,28.1328131964678 85.5593792848173,28.132775449219 85.5593887660563,28.1327511968784 85.5594167031123,28.1327163154261 85.5594293085566,28.1326866843657 85.559454085178,28.1326598870193 85.5594733805897,28.1326484236013 85.5593754756042,28.1325595497478 85.5592747296426,28.1324066190572 85.5593800797019,28.1322153558047 85.5595071854665,28.1321053193334 85.5595905078783,28.1318530757055 85.5595581445078,28.1317109886911 85.5595028066161,28.131578784966 85.5595052437741,28.1313965646092 85.5596565413714,28.131185534459 85.5596584367072,28.1310438074975 85.5594776195575,28.1309001601973 85.5591015877331,28.1308354586227 85.5589551656548,28.13068204749 85.5587391433607,28.1306089025077 85.558534405376,28.1305460006512 85.5581797237397,28.1305928936584 85.5580176823674,28.1307531852319 85.5578559116089,28.130893229899 85.5576718436307,28.1309925406168 85.5574763557811,28.1310917308778 85.557212757123,28.1311598295215 85.5571087606306,28.1312498576045 85.5569913099021,28.131491615495 85.5570443389131,28.1317959169319 85.5573397572054,28.1319103994876 85.5575446325496,28.1319631798435 85.5576349049973,28.1320451281156 85.5577344281451,28.1322891700185 85.5576636053576,28.1324605457679 85.5575816338002,28.1326115545896 85.5572950564077,28.1326895361948 85.5571346379989,28.1327283464213 85.5570064440258,28.1329193672846 85.5571190137721,28.1330420497441 85.5573695701234,28.133095311356 85.5574792204334,28.1331342713928 85.5575003791245,28.1331344941065</coordinates></LinearRing></outerBoundaryIs></Polygon></MultiGeometry>
  </Placemark>
  <Placemark>
	<Style><LineStyle><color>ff0000ff</color></LineStyle><PolyStyle><fill>0</fill></PolyStyle></Style>
      <MultiGeometry><Polygon><outerBoundaryIs><LinearRing><coordinates>85.5560727156847,28.1252697128902 85.556024250988,28.1252347193641 85.555942959046,28.1252024670882 85.555932912585,28.1252021384831 85.5558340411561,28.1251989045036 85.5558010323707,28.1252227073872 85.5557300852018,28.1252316201179 85.5556777187169,28.1252769546025 85.5556630963271,28.1253516675926 85.5556661883313,28.1253845916236 85.5556418067895,28.1254023145534 85.5556292780811,28.1254358385704 85.5555737344191,28.1255149504635 85.555548508248,28.1255678160935 85.5554883911407,28.1255816729541 85.5554037277459,28.1255976861569 85.5553700815102,28.1256062496167 85.5553490581386,28.1256116003678 85.5552804458538,28.1256495182634 85.5552417625854,28.1256901666584 85.5551865747462,28.1257427164016 85.5551857327235,28.1258054992504 85.5552204940499,28.1258541669883 85.5552392689956,28.1258761004842 85.5552936149187,28.1258863335735 85.5553149841275,28.1259179546688 85.5553333057494,28.1259736943034 85.5553536711416,28.1260801718695 85.5553774079847,28.1261383836396 85.5553877202362,28.1261819635198 85.5554140189949,28.1262522776167 85.5554234566367,28.1262551775036 85.5554872697087,28.1262747852085 85.555563568016,28.1262731742146 85.5556149961316,28.1262978668317 85.555633576976,28.1263342886295 85.5556876317978,28.1263662540992 85.555744734177,28.1263741009958 85.5557880233974,28.1263962927241 85.5558422077849,28.1264185992338 85.5558467365477,28.1264457573399 85.5558824141366,28.1264580490208 85.555937880884,28.1265801306973 85.5558446284656,28.1267208950299 85.5557294877148,28.1267905552365 85.55552204395,28.126930116028 85.5554639982492,28.1270003776958 85.555474059834,28.1271017314601 85.5556090530266,28.1272550256905 85.5556297194646,28.1274172398337 85.5556630267367,28.1274884642297 85.5557535655587,28.127550166917 85.5559932321256,28.1275628168906 85.5561653336317,28.1275038813062 85.5563943950264,28.1274556702148 85.5566798737558,28.1274586767168 85.556894803315,28.1276128114712 85.5569744662622,28.1276338997594 85.5570886579669,28.1276351019553 85.5572145400318,28.1276161775637 85.5573294096293,28.1275667628129 85.5573758997404,28.1275065034864 85.5574812479003,28.1273152415089 85.5575864601208,28.1271341027823 85.5577830247915,28.1269539252224 85.5578201282213,28.1267416952788 85.5577185763503,28.1266495037161 85.557398706863,28.1266562622558 85.5571016755062,28.1266632604692 85.5569658671736,28.1265707077401 85.5568450507421,28.1264829155684 85.5568481615541,28.1264749657076 85.5569635996056,28.1263195683307 85.5572077954836,28.1262218899795 85.5574519913616,28.1262085702043 85.5575940689633,28.1260398530522 85.5576606678392,28.1258666959751 85.5578427047664,28.1257157385232 85.5580203017686,28.1256225000971 85.5581268599699,28.1255070620457 85.5580735808692,28.1254360232448 85.5579625827429,28.1254049437694 85.5577761058906,28.1253960639193 85.5575851891132,28.1254138236195 85.5575718693381,28.1254138236195 85.5573631928605,28.1254626627951 85.5572211152587,28.1255159418958 85.557083477582,28.1255159418958 85.5569635996056,28.1254804224953 85.5567904425284,28.1254360232448 85.5566883242522,28.125369424369 85.5565728862007,28.1253072654182 85.5564707679245,28.1252628661677 85.5563819694234,28.1252673060927 85.5562976108473,28.1252539863175 85.5561288936953,28.1252495463925 85.5560727156847,28.1252697128902</coordinates></LinearRing></outerBoundaryIs></Polygon></MultiGeometry>
  </Placemark>
  <Placemark>
	<Style><LineStyle><color>ff0000ff</color></LineStyle><PolyStyle><fill>0</fill></PolyStyle></Style>
      <MultiGeometry><Polygon><outerBoundaryIs><LinearRing><coordinates>85.5560718693228,28.1302163354389 85.5562896528361,28.1301578811058 85.5566325072131,28.130141242731 85.5568962392963,28.1300630217715 85.5570121966765,28.1299326206525 85.55691186333,28.1297493183501 85.5566953018115,28.1297166636301 85.5565138126046,28.1296236293342 85.5563899632756,28.1294907028539 85.5562095602847,28.1293166814417 85.5561080075242,28.1292244886801 85.5558706445835,28.1290397419856 85.5557117243803,28.1289671940082 85.5554947575969,28.1289649074765 85.555277790839,28.1289626206016 85.5550612315085,28.1289299633722 85.554934125296,28.129039995739 85.5548870898829,28.1291407474929 85.5547828219018,28.1292510205074 85.554803894813,28.1293828646917 85.5550528117354,28.1295576102418 85.5551758446639,28.1297512778898 85.5552189421793,28.1299441028044 85.5551486603639,28.1300749838762 85.5550656008619,28.1303069778618 85.5549259869313,28.1304978764197 85.5550036143156,28.1306708159243 85.5551507095649,28.1307736143975 85.555252534458,28.1308455612021 85.5552404359822,28.1308960574964 85.5554799741026,28.1309188319712 85.5556407975614,28.1308496535841 85.5557333753312,28.1307595063018 85.5557577075203,28.1306483902664 85.555758929222,28.1305572802268 85.5558633333003,28.1304368831613 85.5559669228013,28.1303772260398 85.5560718693228,28.1302163354389</coordinates></LinearRing></outerBoundaryIs></Polygon></MultiGeometry>
  </Placemark>
  <Placemark>
	<Style><LineStyle><color>ff0000ff</color></LineStyle><PolyStyle><fill>0</fill></PolyStyle></Style>
      <MultiGeometry><Polygon><outerBoundaryIs><LinearRing><coordinates>85.5558316885589,28.1319451400818 85.5560956970717,28.131846674194 85.5561189434495,28.1318165448076 85.5561546951318,28.1317055490234 85.5561449041059,28.1315839486593 85.5560886204979,28.1315226070762 85.5559298322836,28.1314399358986 85.5556900213655,28.1314374088379 85.5553812857332,28.131464529148 85.5551649929777,28.1314116252384 85.5547650366864,28.1314276576755 85.5545120400922,28.1315566114354 85.5544862118032,28.1317790838144 85.5547697999248,28.1319238213537 85.5547665396235,28.1321667813019 85.5546603664395,28.1324187806878 85.554691908324,28.1326216085937 85.5549073881954,28.1327352533075 85.5550457828407,28.1326354649222 85.555160658811,28.1325860522599 85.5553552008625,28.1325577288351 85.5555175204474,28.1323771940305 85.5555422606247,28.1322357080777 85.5557164062981,28.1320249233543 85.5558316885589,28.1319451400818</coordinates></LinearRing></outerBoundaryIs></Polygon></MultiGeometry>
  </Placemark>
  <Placemark>
	<Style><LineStyle><color>ff0000ff</color></LineStyle><PolyStyle><fill>0</fill></PolyStyle></Style>
      <MultiGeometry><Polygon><outerBoundaryIs><LinearRing><coordinates>85.5405098932177,28.14708610218 85.5404480026405,28.1470603670873 85.540425080379,28.1470648906423 85.5405098932177,28.14708610218</coordinates></LinearRing></outerBoundaryIs></Polygon><Polygon><outerBoundaryIs><LinearRing><coordinates>85.540927076727,28.1470574255645 85.5410493124537,28.1470479043036 85.5411469103441,28.1470543551429 85.5413173950375,28.1470886395972 85.5413344104277,28.1470888207654 85.5411338203986,28.1470271730467 85.5408595756701,28.1470343771291 85.5408334252843,28.1470710478616 85.540927076727,28.1470574255645</coordinates></LinearRing></outerBoundaryIs></Polygon><Polygon><outerBoundaryIs><LinearRing><coordinates>85.541451693045,28.1470900694532 85.5415246532307,28.1471124922876 85.5416465957398,28.1471246134633 85.5418229652789,28.1471751945077 85.5419749904334,28.1472201047201 85.5420726618585,28.1472211441642 85.5420835077755,28.1472222222142 85.5421336332128,28.1472272045249 85.5422496913297,28.1472230279793 85.5422525317567,28.1472222222142 85.5424861475684,28.1472222222142 85.542579936909,28.1471818965213 85.5427753530044,28.1471785637298 85.5427777778152,28.1471776983256 85.5429225926318,28.147126014558 85.5430572569936,28.1471003891137 85.5430896003958,28.1470836528237 85.5430540098034,28.1470620709967 85.5428119073298,28.1471057804999 85.5425138604389,28.1471836077062 85.5421959873067,28.1470384796313 85.5418757836236,28.1470654461173 85.5416242439159,28.1470830180947 85.5413734629924,28.1470892365625 85.541451693045,28.1470900694532</coordinates></LinearRing></outerBoundaryIs></Polygon><Polygon><outerBoundaryIs><LinearRing><coordinates>85.5487753436844,28.1395904234623 85.5486354689717,28.1396347977259 85.5482895810276,28.139874127292 85.5478710726505,28.1404164283912 85.5479121122465,28.1407611043005 85.5479779046571,28.1409642962222 85.5480200369857,28.1412279857951 85.547970531661,28.1415109537264 85.5477382960406,28.1417919849507 85.5476664946244,28.1420342174712 85.5477311947044,28.1423183957619 85.5474992298147,28.1425791798944 85.5474304323837,28.1425987000083 85.5472699960274,28.1426374979481 85.5469472100005,28.1428568191732 85.5468533843991,28.143038069219 85.5467369902577,28.1431988303517 85.5467068671212,28.1432570211078 85.546744857753,28.1434621567306 85.5471054045209,28.1438304707502 85.5476062823993,28.143957278053 85.5482697842181,28.143883312172 85.5486360703616,28.1438264443929 85.5489759665774,28.1440325391938 85.5488095236025,28.1445167634774 85.5486444439888,28.1448997546235 85.5487330819204,28.145103188181 85.5491417811787,28.1452897619828 85.5496396676151,28.1456392744963 85.5495608104588,28.1458327490712 85.5495948412338,28.1458331093465 85.5497489094276,28.1457265096298 85.5498229641103,28.1456677666311 85.5500249923299,28.1456266126539 85.5502692627881,28.1455555555476 85.5502762928064,28.1455535105489 85.5502777778152,28.1455526948315 85.5504116095835,28.1454791808477 85.5504863923815,28.145366329819 85.5507432863935,28.1453311667632 85.5509329592478,28.1453007037941 85.5509808533168,28.1452777777698 85.5511111111485,28.1452154257023 85.5512094770126,28.1451683397428 85.5512418923215,28.1450279825551 85.5512440242215,28.144999999992 85.5512493075197,28.1449306532963 85.5513368803113,28.1447746447059 85.5513444410322,28.1446664938994 85.5515053382982,28.1445058489269 85.5515708865743,28.1444049397046 85.5515683474305,28.1443604035397 85.5515506169029,28.1443169237893 85.5515209689762,28.1442516718919 85.5514799133582,28.1441267724621 85.5514259939048,28.1440504408576 85.5514328991457,28.1439909869454 85.5514220739649,28.1438880532669 85.5514165521624,28.1438447025797 85.5513927174765,28.1438011582713 85.5514183724605,28.1437094333671 85.5514193190105,28.1436390933755 85.5514080569921,28.1435686243046 85.5514090035433,28.1434982843118 85.5513733972575,28.1434221463097 85.5513615527775,28.1433949633843 85.5513314683055,28.143362176063 85.5512648310585,28.1433235906995 85.5511864222605,28.1432524115979 85.5511570661139,28.1431655165575 85.55119441988,28.1431117961671 85.551221239949,28.1429334989927 85.5512241512518,28.1429228954663 85.551215426981,28.1429117913712 85.5511552584034,28.1428462166672 85.5511206720256,28.1426943278462 85.551134773879,28.1425537769596 85.5511123960359,28.1424020172328 85.551076498991,28.1423475222384 85.55094453692,28.14217295744 85.5509959923446,28.1419786862114 85.5508528421484,28.141728241465 85.5508570664889,28.141414416869 85.5509323556062,28.1412636900249 85.5510069162597,28.1411670708243 85.551032789304,28.141059113638 85.5510464540253,28.1409510273434 85.5510237852432,28.1408209106644 85.5511374459738,28.1405407124823 85.5512487761666,28.1404336588388 85.5514339377254,28.1402840933237 85.5515103923058,28.1401990715997 85.5514834888868,28.1401914213822 85.55138544982,28.1401529438905 85.5514181332122,28.1400966557756 85.5515202514884,28.1400300568998 85.5515513309638,28.1399767777992 85.551564650739,28.139883539373 85.5515158115634,28.1397459016963 85.5514980518631,28.1395816244693 85.5514536526126,28.1394173472423 85.5513914936618,28.1393107890409 85.5512183365847,28.1391731513643 85.5508409429551,28.1390355136875 85.5508187433298,28.1390310737625 85.5505878672269,28.138991114437 85.5503303515738,28.1389467151865 85.550103915396,28.1389156357111 85.5499351982439,28.1388667965355 85.5498020004922,28.1388801163106 85.5496110837149,28.1388135174348 85.5494645661881,28.1388534767603 85.5492780893358,28.1387957577346 85.549136011734,28.1388445969102 85.548971734507,28.138995554362 85.5489806143571,28.1391420718888 85.5488429766804,28.1393019091908 85.5488252169802,28.139399587542 85.5488252169802,28.1395372252187 85.5487753436844,28.1395904234623</coordinates></LinearRing></outerBoundaryIs></Polygon></MultiGeometry>
  </Placemark>
  <Placemark>
	<Style><LineStyle><color>ff0000ff</color></LineStyle><PolyStyle><fill>0</fill></PolyStyle></Style>
      <MultiGeometry><Polygon><outerBoundaryIs><LinearRing><coordinates>85.5373632537449,28.1244073724961 85.5368237086936,28.1246055912103 85.5363889711815,28.1246616982285 85.5359256176092,28.1251427367068 85.5354427251603,28.1253805713216 85.5350965814611,28.1256401151832 85.5348643494814,28.1259211252381 85.5341563792893,28.1259135557381 85.5337667598448,28.1260106356255 85.5335788212516,28.1263933643704 85.5334838867314,28.1266555913221 85.5331611236355,28.1268748813037 85.5327255482265,28.1269917157033 85.5321779890851,28.1269453540625 85.5318343162113,28.1270226709044 85.5313973588193,28.1272407333361 85.5311425518614,28.1275012453529 85.5312297630914,28.1278059212704 85.5310902495635,28.1279866709167 85.5309488026886,28.128309145609 85.5307176588197,28.1285091620817 85.5308926329538,28.1290780213807 85.5308670330671,28.1292802411246 85.530659001539,28.1294602557446 85.5305651617979,28.1296414943868 85.5306281532319,28.130047157982 85.5305345891065,28.1302081501178 85.5303719562282,28.1304089003803 85.5300065377401,28.1304049814527 85.5295750910435,28.1302181085017 85.529163719642,28.1302339437138 85.5285916481603,28.1303088006885 85.5280396476529,28.1305863647911 85.5279790714232,28.1306475007955 85.5279474628211,28.1306461228633 85.5277519502559,28.1307452697159 85.5274544935309,28.1307825727905 85.5271789063205,28.1308909831088 85.5270048469005,28.1310916063596 85.5270715634405,28.1312239444448 85.5272307428787,28.1312762786037 85.5273438295786,28.1313584913869 85.5273991272645,28.1314907066213 85.5276155428371,28.1315335306483 85.5276657885725,28.1316175992007 85.5276825371679,28.1316456220478 85.5277615046209,28.1317173432542 85.5277825445858,28.1318491903257 85.5279294756402,28.1319621403023 85.5281218082797,28.1320958271417 85.5281539915543,28.1322480432354 85.5279356371416,28.1323469449356 85.5277986028849,28.1323454729237 85.527535815515,28.1323527743925 85.527274274015,28.132268966497 85.5271337589172,28.1322479534392 85.5271028429237,28.1322772488448 85.5266666857749,28.1324345556377 85.5259358363488,28.1324266965372 85.5257793165436,28.1324737825481 85.5256954721237,28.1324646097178 85.5254441040362,28.1324720300066 85.5253200140664,28.1323593232066 85.5251150174411,28.1323166184276 85.5249561149332,28.1322440354069 85.5248552806852,28.1321012044406 85.5246842658412,28.1320791141796 85.5245231449774,28.1321685017904 85.5245902750624,28.1322704713908 85.5245535202064,28.1324523200587 85.5244943422254,28.1326035532293 85.524618431564,28.1327162607512 85.5246053478045,28.1328376161352 85.524569286181,28.1329688488202 85.5245684540444,28.1330295879793 85.5246238877129,28.1331516810131 85.524782929959,28.1332141412582 85.5248386412919,28.1333159878269 85.5248605395965,28.133335877348 85.524940169863,28.133408202852 85.5251560335406,28.1334915236411 85.525314522127,28.1335944760791 85.5255087946319,28.1335864417951 85.5256795348967,28.1336287775138 85.5259189317818,28.1336617268548 85.5261471862677,28.1336743065682 85.5262950876423,28.1337163958992 85.5264310153999,28.1337988550844 85.5265328228471,28.1338708225902 85.5267706972316,28.1340151256894 85.526825690052,28.1340526199483 85.5275129774074,28.1340231034484 85.5281783637995,28.1338075080897 85.5285916853023,28.1336499514182 85.5289593270497,28.1334919031332 85.5295770939432,28.1334175354106 85.5302143835186,28.1335863670609 85.5303935063693,28.133851530258 85.5304320016291,28.1343784274543 85.53083896941,28.1346865320581 85.5311328460157,28.1349124257509 85.5319085652115,28.1349814864895 85.5327134702787,28.1345851189553 85.5331303740449,28.1341643444943 85.5331587290472,28.1337596597297 85.5331617625343,28.1335369486395 85.5333711769036,28.1332556981336 85.5335803144741,28.1329946937237 85.5339017175919,28.1328766359613 85.5343340095144,28.133002756475 85.5345362566822,28.1332479124098 85.535196393492,28.1334169653749 85.5360227385412,28.1331220539778 85.5361680012905,28.1329866847426 85.5361925452062,28.1329273267325 85.536188541475,28.1328210216523 85.5362336339931,28.1327104108682 85.536310954001,28.1326339550087 85.5363393746287,28.1325473166474 85.5363893896432,28.1324753992193 85.5364448524194,28.132403539949 85.5364462962581,28.1322972930387 85.5363983159315,28.1322194989404 85.5362955949666,28.1321604406117 85.5362308119019,28.1321162777385 85.5361833569281,28.1319998483342 85.5360005604013,28.1318191818298 85.5359574375525,28.131784910427 85.535908932587,28.131745751408 85.535899021773,28.131673193945 85.5359598009189,28.1316110518678 85.5360691505609,28.1315832393344 85.5361508673773,28.1315841121978 85.5361783688725,28.1315650855215 85.5361687860821,28.1314683810448 85.5361148333933,28.1314291639111 85.5360012177739,28.1313699890081 85.5359801487858,28.1313166327753 85.5360356111934,28.1312447736467 85.5360693481008,28.131167852322 85.536070398381,28.131090581841 85.536104003929,28.1310233193137 85.5360889734761,28.1309265566383 85.5360411909062,28.1308342742169 85.5360153963266,28.130727736339 85.5360876610942,28.1306222459109 85.5361644545378,28.1305844253041 85.5362138779819,28.1305559725423 85.5363069489089,28.130523155811 85.5363296586553,28.1304557768485 85.5362867987454,28.1304021879351 85.5362436107145,28.1303727460393 85.5362008165142,28.1303143276953 85.5362455140544,28.1302326932647 85.5363344306003,28.1301719902984 85.5363456730937,28.1300791995198 85.536308523541,28.1300063511686 85.536309245456,28.1299532276983 85.5363819031369,28.1298187606335 85.5364531825794,28.1297857110652 85.5365899655656,28.1297437006796 85.5366938654546,28.1297158293947 85.5368131242944,28.1297605736226 85.5369493823309,28.1297571981346 85.5370752041256,28.1297199003556 85.5372877298608,28.1297173385938 85.5373468423231,28.1297139415678 85.5374648752062,28.129533051344 85.5374888133917,28.1294523089988 85.537379294542,28.1291068996686 85.5372439135321,28.1289839581712 85.5369057373685,28.1286563573725 85.5368848241084,28.1285143879902 85.5369332507774,28.1283124104632 85.5370042405007,28.1281309232017 85.5371671326995,28.1279099178924 85.5372152835769,28.1277281867354 85.537196294625,28.1274444917508 85.5372205074064,28.1273435029007 85.5377708200169,28.1271873793124 85.5379994753253,28.12716956904 85.5385957367722,28.1269936827307 85.5389209612596,28.1265921607295 85.5390186285095,28.1261274641319 85.5389982619521,28.1259450018585 85.5387968410945,28.1256391127785 85.5387324473555,28.1253346843175 85.5387354682511,28.1251119723976 85.5386947363742,28.1247470477596 85.5382888800102,28.1243579804776 85.5379572926523,28.1242739952381 85.5378834364414,28.1242644618552 85.5378467482732,28.1242580328637 85.5377963923972,28.1242550806483 85.5377458234922,28.1242678240085 85.5377089386823,28.1242758832206 85.5376820932773,28.1242767296678 85.5376803233283,28.1242767854749 85.5376640793903,28.1242693670099 85.53765738483,28.1242608428922 85.537627489567,28.1242556938401 85.5376179893574,28.1242531774288 85.5375853376108,28.1242504140157 85.5375676007158,28.1242526398363 85.5375471237204,28.1242560439479 85.537528090527,28.1242534258203 85.5375021824997,28.1242555644511 85.5374762580814,28.1242589104302 85.5374585539641,28.1242587215301 85.5374246551016,28.1242474920754 85.5374070001593,28.1242436811091 85.5373907726376,28.1242350552593 85.5373923475762,28.1242193741993 85.5374006498318,28.1242098025625 85.5374130212582,28.1242014818722 85.5373954974519,28.124188012079 85.537364191196,28.1241864704987 85.5373520820315,28.1241754735336 85.5373414166814,28.1241584543336 85.5373346729789,28.1241535522609 85.5373035142626,28.1241411444886 85.5372885994418,28.1241361552193 85.5372765394677,28.1241215361885 85.5372602464053,28.1241177397368 85.5372522064261,28.1241079937149 85.5372375211104,28.1240861014963 85.5372199153807,28.1240786684477 85.5371914476189,28.1240687044236 85.5371658019283,28.1240515253426 85.5371577291755,28.1240441940217 85.5371579258982,28.1240297057845 85.5371445532828,28.1240114501499 85.5371229931683,28.1239943146631 85.5371178572472,28.1239713168179 85.5371097681095,28.1239651928476 85.5370947713516,28.1239662403237 85.5370848449288,28.1239951150568 85.5371224849562,28.1240317426088 85.5371317556193,28.1240511619965 85.5371423225631,28.12407542533 85.5371459163092,28.1241116895243 85.5371525452444,28.1241250430776 85.537184934644,28.1241471242417 85.5372065439776,28.1241606376606 85.5372171929131,28.1241788642234 85.5372279074237,28.124192261373 85.5372344544096,28.1242116516883 85.5372574584022,28.1242227649267 85.5372694855994,28.1242397986655 85.5372843020796,28.1242520320561 85.5372895364004,28.1242677857772 85.5372961161859,28.1242847613836 85.5373028271103,28.1242920781647 85.5373012849414,28.1243053445168 85.5372995788503,28.1243306844 85.5373049279216,28.1243379866486 85.5373252082358,28.1243490708118 85.537333313806,28.1243539874175 85.5373371534983,28.124372141311 85.5373519208291,28.1243879967545 85.5373639480589,28.1244050304859 85.5373632537449,28.1244073724961</coordinates></LinearRing></outerBoundaryIs></Polygon></MultiGeometry>
  </Placemark>
  <Placemark>
	<Style><LineStyle><color>ff0000ff</color></LineStyle><PolyStyle><fill>0</fill></PolyStyle></Style>
      <MultiGeometry><Polygon><outerBoundaryIs><LinearRing><coordinates>85.5141962369788,28.1364365858435 85.5141936507993,28.1366240093389 85.5142426923892,28.1368560988561 85.5141687842234,28.1371640411706 85.5140787414151,28.1373791853615 85.5141231854587,28.1376813176586 85.5141107387174,28.1376954371554 85.514096804073,28.1378775298055 85.5140601689614,28.1380492516304 85.514099506809,28.1381651404549 85.5140653218466,28.1383515823111 85.513836404788,28.1385343458586 85.5136618549099,28.1385633269532 85.5135924184864,28.1385471365667 85.5134010954937,28.1385296238416 85.5131573223348,28.1385269789084 85.5128080090408,28.1386003739896 85.5126674307316,28.1386914712096 85.5125664610544,28.1388005831192 85.5123234328091,28.138921376168 85.5122738356093,28.1392043277832 85.5122359380842,28.1394671571043 85.51215361851,28.1396383822424 85.5121154406881,28.1399214577488 85.512261106112,28.1401255323308 85.5123730707274,28.1402887422996 85.5124172132431,28.1404005926462 85.5124263955494,28.1405626866557 85.5122527127084,28.1407329198738 85.5120229069839,28.1408316708798 85.5117929609153,28.1409405446056 85.5117235991593,28.1410005390749 85.5116074362404,28.1411410222581 85.5115678616876,28.1413305782849 85.5116607594161,28.1414149668211 85.5118767674914,28.1414881855388 85.5119445903124,28.1415395453548 85.512020736746,28.1415581947249 85.5121608786604,28.1415925173935 85.5123216039001,28.1415335147414 85.5125956938856,28.1415364904611 85.5128590626935,28.1414887260439 85.5131461109838,28.1413804702043 85.5133172772447,28.1413924521826 85.5135448467186,28.1414556690974 85.5137845356611,28.1414683938661 85.5140005454492,28.1415416092932 85.5142852178548,28.1416054442925 85.5144001206654,28.1415560669395 85.5144717163718,28.1413341009251 85.514703057454,28.1411239912785 85.5148304971585,28.1409937522407 85.5148345383513,28.1409536094063 85.5151189385563,28.1407842607535 85.5152926171266,28.1406140237329 85.5153973544658,28.1404734134705 85.5154912295635,28.1402921868214 85.5159160134318,28.1401347939171 85.5162820206447,28.140098259078 85.5165689225811,28.140000118918 85.5169325585774,28.1401356758203 85.5171708510083,28.1402496260534 85.5173512059059,28.1404236969173 85.5174951226763,28.1404440509586 85.5175556566054,28.1405069063341 85.5175879661506,28.1406490011085 85.5175868510268,28.1407299863073 85.5176301628761,28.1409025740783 85.5176162334908,28.1410846672147 85.517647846313,28.1412773777193 85.5177146962216,28.1413995968251 85.51774714557,28.1415315684129 85.517892545258,28.141755883748 85.5181318177126,28.1417989704053 85.5182348214714,28.1417277373186 85.5182469977946,28.1417293434649 85.5184066056963,28.1417513187702 85.5186020074042,28.1416623096457 85.5187068809186,28.1415115735943 85.5188681599159,28.1414120705009 85.5189379359425,28.1413217028107 85.5189624479722,28.1412004718401 85.5189749824892,28.1411196100404 85.5189650939788,28.1410081318846 85.5189088276179,28.1409467757197 85.5187831481012,28.1408413966452 85.5187854318275,28.1407834472479 85.5187590938777,28.1405856832175 85.5187543741784,28.1405502442991 85.5188361271257,28.1404195074675 85.5189185761835,28.1402381547942 85.5189675996132,28.1399956927973 85.5188234532485,28.1396802701404 85.5187901673911,28.1396090376863 85.5185983911509,28.1394348451927 85.5184776441309,28.1390791765229 85.518550343949,28.1387762226612 85.5187351555056,28.1386263506827 85.5189096912763,28.138580803974 85.518941971298,28.1385374642611 85.5191615991755,28.1383474693266 85.5192766356141,28.1382879644821 85.5197348316982,28.1381916683738 85.5199770193628,28.1380221651056 85.5202201801562,28.1377817992131 85.520427410492,28.1376625409289 85.5205551174124,28.137512049747 85.5206601230215,28.137351188686 85.5207762701667,28.1372106971465 85.5209064790724,28.1368779885209 85.5209660818071,28.1366963877576 85.521081949742,28.1365761422477 85.5213799801516,28.1364983610357 85.5215622820342,28.1365307020321 85.5215955689049,28.1366019338771 85.5216851216668,28.1367345207735 85.521681647089,28.1369876001306 85.5216454413163,28.1371289549553 85.5216648066345,28.1373822807042 85.5217319369578,28.1374842516509 85.5219120171713,28.1376785630297 85.5220355534655,28.137831765627 85.5220481011165,28.1379082377856 85.5220671735753,28.138024475464 85.5221117423516,28.1381059535464 85.5222131338682,28.1382082937875 85.5223039390499,28.1382497717546 85.5225319247029,28.1382826041874 85.5227252334481,28.1383454364213 85.5229997332162,28.1383180214935 85.523148611467,28.138289252138 85.5232416386232,28.138168758631 85.523255974429,28.1379562949332 85.5232690606035,28.1378349398469 85.5233269940076,28.1377748161158 85.5234773984429,28.1376346913768 85.5236390837283,28.1375048126784 85.5238219432682,28.1374966580217 85.5240740168834,28.137438625241 85.5241783235311,28.1373283772044 85.5243051925251,28.1372386214197 85.524386103797,28.1371686199811 85.5244223060215,28.1370272642971 85.5244021018555,28.136834677803 85.5244845386599,28.1366533212287 85.5245649295816,28.1365571336716 85.5245772854438,28.1365530730527 85.5248074874037,28.1364239305747 85.5252446339409,28.1361957681625 85.5254402974084,28.1360865022329 85.5257858050476,28.1358776012671 85.5258561259629,28.1357467368471 85.5258913556446,28.1356762430226 85.5259381437112,28.1355957488329 85.5260645935143,28.1355363608526 85.5261338054025,28.1354864818357 85.5262259954561,28.1354267252193 85.5262382465747,28.1353661088519 85.5263088436649,28.1352149977611 85.5266979485146,28.1351584335169 85.5269172791597,28.1349886716803 85.527066567319,28.1349295282351 85.5273879827246,28.1348114862733 85.5277096742636,28.1346731971187 85.5277123039262,28.13448085622 85.5275992137652,28.1343986436426 85.5273822387637,28.1343963122059 85.5269365921548,28.1344117719536 85.5266403715679,28.1343579640403 85.526217564583,28.1343736670051 85.5259675776795,28.1342798561066 85.525740153468,28.1342065368671 85.5254670507877,28.1341327257695 85.5254361568484,28.1341193438639 85.5253739756348,28.134074138462 85.5252378523048,28.1338411151247 85.5251178728816,28.133700888811 85.5248777035406,28.1334358708533 85.5246349979208,28.1333560719867 85.5243746695799,28.1332915201763 85.5240612606372,28.1332881451376 85.5235064170895,28.1331123588645 85.5233686059442,28.1330028134256 85.5231789837925,28.1328618350775 85.5228332937138,28.1326728626651 85.5223289957002,28.1326211143563 85.521633383949,28.1325518633191 85.5213017183781,28.1326100339659 85.520743067215,28.1327120655587 85.5203585300995,28.1328159748374 85.5199905553358,28.1329818107439 85.519710698013,28.1330714114005 85.5193800910433,28.1330524026876 85.519081972546,28.1332035535892 85.5188365125323,28.1333243985439 85.518747331688,28.1334778067369 85.5186742883288,28.1337240125516 85.518427340232,28.1339529010863 85.5181814530182,28.1341046145816 85.5179873754353,28.1342877623299 85.5176374413333,28.1344074751349 85.5174442122766,28.1345288824355 85.5171645615391,28.1346030427365 85.5169038102366,28.1345693465966 85.5166606834788,28.1345204035395 85.5165207516207,28.1345652004022 85.5164145799489,28.1346875486038 85.516269756431,28.1350873477707 85.5161782309001,28.1354105378799 85.5159996450834,28.1357327851148 85.515822972835,28.135916118063 85.5155779286668,28.1360060869841 85.5152806481327,28.1360954894963 85.5149407976286,28.1361179795752 85.5147761262487,28.1360591478206 85.5144444468787,28.1361173012858 85.5141824151679,28.13617620913 85.5140775172122,28.1362059460745 85.5141108502881,28.1363143678191 85.5141962369788,28.1364365858435</coordinates></LinearRing></outerBoundaryIs></Polygon></MultiGeometry>
  </Placemark>
  <Placemark>
	<Style><LineStyle><color>ff0000ff</color></LineStyle><PolyStyle><fill>0</fill></PolyStyle></Style>
      <MultiGeometry><Polygon><outerBoundaryIs><LinearRing><coordinates>85.5105759483086,28.1513322717919 85.5105974622587,28.1514140247402 85.5107395398604,28.1515472224919 85.5106685010596,28.1516981799438 85.5106507413593,28.1518935366462 85.5106063421088,28.152124412749 85.5103399466055,28.1522664903508 85.510215628704,28.1523908082523 85.5101534697532,28.1525240060039 85.5100824309523,28.1526394440554 85.5101090705027,28.1527371224066 85.5102689078046,28.152852560458 85.5106329816591,28.1529235992589 85.5109526562631,28.1529147194088 85.5111391331153,28.1529857582096 85.5114765674195,28.1528792000083 85.5114854472696,28.152612804505 85.511352249518,28.1523286493015 85.5114943271197,28.1521332925991 85.5117252032226,28.152124412749 85.5119294397751,28.1521865716998 85.5121159166274,28.1524085679525 85.5123823121307,28.1525772851046 85.5128263046362,28.1523730485521 85.5129239829874,28.1522664903508 85.5131814986405,28.1522043314 85.5133857351931,28.1522132112501 85.5134656538441,28.1520711336483 85.5133324560924,28.1517780985947 85.513217018041,28.151636020993 85.5130749404392,28.1515205829416 85.5130039016384,28.15139626504 85.5125332695825,28.1515117030914 85.5123379128801,28.1515916217424 85.5121603158779,28.1515383426418 85.511920559925,28.1515294627917 85.5116719241219,28.1515472224919 85.5115831256208,28.1514584239908 85.51151208682,28.1513607456396 85.5114322084807,28.1512459206366 85.5116307051684,28.1510229190112 85.5117364379498,28.1508114505684 85.511988828496,28.150733195354 85.5124568256591,28.1507585274227 85.5124637692322,28.1510825910056 85.5124505286531,28.1512140674189 85.5127119626609,28.1513080278171 85.5132184228729,28.1510300359854 85.5133808400923,28.1508495553009 85.5134059203942,28.1506878333453 85.5133851752669,28.1505357387129 85.5132167916691,28.1503212939733 85.5129113527957,28.1501053612929 85.5126163570803,28.1499604137741 85.5124344556935,28.1498976908315 85.5122191303344,28.1497738568637 85.5122105080209,28.149571270585 85.5124518938256,28.1494625209989 85.5129909309628,28.1493063790724 85.5130863569511,28.1490138004618 85.5130534919659,28.1489121973914 85.5129980643962,28.148790100137 85.5128858108296,28.1486471367345 85.5128412452042,28.1485656558709 85.5127973790758,28.1484335594126 85.5128104788414,28.1483122060017 85.5128960716748,28.1481505864457 85.5132688809217,28.1481030925092 85.5135507012298,28.147874593282 85.5137467299665,28.1475525397591 85.5139217207586,28.1474926894486 85.5141313259097,28.1474486515023 85.5146550185856,28.1473617074859 85.5149185684143,28.1471947558583 85.5149727264287,28.1470564084353 85.5150457886845,28.1468102057236 85.5148916208438,28.1466232885866 85.5145792395155,28.1465427161133 85.5140742430154,28.1465372397576 85.5133770567924,28.1465759876547 85.5129945958005,28.1465255254475 85.5127350971471,28.1463992113153 85.512562880495,28.1462584072092 85.512268342495,28.1461471489456 85.51195945267,28.1461437942774 85.5118927572803,28.1461153192482 85.5118249317074,28.1460639593306 85.5116909604623,28.1458397620208 85.51165837759,28.145717912427 85.5117184212646,28.1455059473474 85.5116419748592,28.1452520009729 85.5115660887145,28.1449575620972 85.5114422801076,28.1448245966985 85.5111922835532,28.1447307585407 85.5110421005094,28.1447134403975 85.5109081652833,28.1446264244429 85.510718634715,28.1442902513776 85.5106753329557,28.1441176618739 85.5106653128861,28.1440163065961 85.5107242369503,28.1438853268482 85.5109220290348,28.1436242361497 85.5109582513522,28.1434828849083 85.5111315207717,28.1433430229937 85.5112731879511,28.1430104493349 85.5111886836424,28.1425134238107 85.5113179490314,28.1422515877513 85.5111727027669,28.142017142831 85.5111054400719,28.1419252901661 85.5105121369991,28.1418783430797 85.5103322115114,28.1416738942304 85.5099815411912,28.1414270898992 85.509730432724,28.1414142342816 85.5092837760262,28.1415004971605 85.5091140122031,28.1413872790553 85.5084750318738,28.1413398262155 85.5082914642791,28.141398575618 85.5081861558436,28.141579672461 85.5077957575865,28.1417272907469 85.507657449673,28.141816906069 85.5075304216191,28.1419167687442 85.5073818156664,28.1419252745577 85.5072240352137,28.1417716861772 85.5070889556204,28.141628469603 85.5068494080889,28.1416056100357 85.5066778213389,28.1416239892845 85.5064048554465,28.1415400169447 85.5062224102224,28.1415177787454 85.5059921762879,28.1416468886327 85.5060124883525,28.1418293533954 85.5060913074254,28.1419112098199 85.5062028427582,28.1421047937902 85.5062124371122,28.1422365185398 85.5060856882312,28.1423161336099 85.5059812181458,28.1424364899948 85.5058984648004,28.1426380801143 85.505851096739,28.1427590590623 85.5058498321823,28.142850166896 85.5059616489564,28.1430235048723 85.5060298912168,28.1430444982559 85.5066077045565,28.1433849102091 85.5066760876165,28.1433957801878 85.5068242743691,28.1434176445103 85.507007144162,28.1434095127388 85.5071344552844,28.1432894044602 85.5072843264993,28.1431897911019 85.5075138606226,28.1431112946372 85.5077315528842,28.1430630426892 85.5080287679064,28.1430460302619 85.5082711245764,28.1428664258227 85.5082960697933,28.1427148279468 85.5084689204474,28.1426053387849 85.5088581993449,28.142538703541 85.5089368809401,28.1426306815296 85.5090140203731,28.1428340136571 85.5089321135845,28.1429748671637 85.5089073094005,28.1431163420755 85.5089499068829,28.1433395475699 85.5089015602891,28.1435313894206 85.5086631299688,28.1434275480157 85.5083781761542,28.1433839474983 85.5081229832737,28.1433948699709 85.5079446146895,28.1433488527457 85.5077365181856,28.1435288297065 85.5077118526136,28.1436601812258 85.507834953549,28.1438437652928 85.5078657073718,28.1440972159432 85.5079085836105,28.1443001754631 85.5079300217838,28.1444016552181 85.5077891844114,28.1446734862963 85.5074890172287,28.1449030830692 85.5074518072465,28.1451152948492 85.507416000835,28.145226275645 85.5071386729048,28.1454561203896 85.506931553814,28.1455652342105 85.5067469950858,28.1456948428494 85.5066642403494,28.145896433298 85.5066965366613,28.1460385300464 85.5067614103973,28.1463024773382 85.5066782338137,28.1465344370343 85.5066633015871,28.1467873898111 85.5066265105287,28.146969231953 85.5067365067071,28.1472741695791 85.5068157514643,28.1473256564266 85.506825487167,28.1474472579926 85.5068118190553,28.1476091029521 85.5070822729156,28.1478752906476 85.5071495355527,28.147967145222 85.5071458847499,28.148230345583 85.5070631285677,28.1484319361545 85.5069679678689,28.1487042638083 85.5070568093506,28.1488874751852 85.5070410348253,28.1492011664732 85.5070153837255,28.1494033792982 85.5070348557463,28.1496465823601 85.5070553108703,28.1498189237999 85.5071222937609,28.149931024584 85.5071888555176,28.1500734946032 85.5072661366683,28.1502667044914 85.5073225411861,28.1503179422029 85.5075041591703,28.1504009180232 85.5077313224314,28.1504945143835 85.5080631027512,28.1504576297527 85.5082359664499,28.1503481414887 85.508282774341,28.1502676542421 85.5083184414827,28.1501667964217 85.50835523106,28.1499849538398 85.5084034417705,28.1498032355986 85.5085767249312,28.1496633775564 85.5086144958604,28.1494106731998 85.5087642343152,28.1493211816778 85.508981938812,28.1492729282434 85.509211485028,28.1491944294495 85.5095405972382,28.1493498799564 85.5097460392094,28.1493622396376 85.5099507804452,28.1494252145217 85.5100289071427,28.1495576844291 85.5102903348561,28.149651649238 85.5104493918989,28.1497141265915 85.5105842055482,28.1498775864547 85.5105709629007,28.1500090626266 85.5103957199174,28.1502906467006 85.5101642100544,28.150510870829 85.5099995455562,28.1508533171215 85.5101801856314,28.1510071512025 85.5103484238692,28.1512317225663 85.5104956414409,28.1513244450426 85.5105759483086,28.1513322717919</coordinates></LinearRing></outerBoundaryIs></Polygon></MultiGeometry>
  </Placemark>
  <Placemark>
	<Style><LineStyle><color>ff0000ff</color></LineStyle><PolyStyle><fill>0</fill></PolyStyle></Style>
      <MultiGeometry><Polygon><outerBoundaryIs><LinearRing><coordinates>85.5349561612658,28.1452035059511 85.534922384176,28.1451987550251 85.5346691513155,28.1452500771802 85.5344587167751,28.1453558870403 85.5342129290487,28.1454999114408 85.5339423866446,28.1455433284059 85.5337851380336,28.1455802387274 85.533696839279,28.1456181973336 85.5335398746567,28.1456856743858 85.5333154987134,28.1457187156128 85.5332955572711,28.1457216521374 85.5329994193955,28.1457262000972 85.5327028607087,28.1457616173845 85.5324998675751,28.1459601272646 85.5323589793583,28.1460743973389 85.5323359087805,28.146096171133 85.5319723280293,28.1462205806175 85.5316481204266,28.1465410961643 85.5313704239801,28.1468013613758 85.5314348066727,28.1471057920748 85.5317306506407,28.1471899605501 85.5321407063613,28.1472753521599 85.5324101201997,28.1476224778469 85.5324544245277,28.1477241993133 85.5325485485,28.147878738172 85.5325661518675,28.1479076404712 85.5325171543829,28.1481501080845 85.5323996291726,28.1483918415579 85.5322377989174,28.1485318533853 85.5319356274797,28.1486695261179 85.5318469903823,28.148709909987 85.531567078556,28.1491321465517 85.5316320153711,28.1493960843269 85.5316761390877,28.1494390156105 85.5317270181593,28.1494885196285 85.5319476704238,28.1497032078355 85.5320581850287,28.1496946071875 85.5321072936401,28.1497251677018 85.5325129419731,28.1501345010662 85.5331511624469,28.150242583316 85.5333267313041,28.1507709467469 85.5333677264735,28.1511156249134 85.5341185145536,28.1513464041957 85.5348272032742,28.1513134872967 85.5352870974069,28.1510956623265 85.5358609295436,28.1508993029708 85.5363001799372,28.1505192587685 85.5364179744467,28.1502572753355 85.5366037463582,28.1500365167368 85.5372015142559,28.1497594096469 85.5375931439194,28.1495205982345 85.5376840656385,28.1493718561573 85.5376806274998,28.1491874183739 85.537743437513,28.1490582124372 85.5377633684956,28.1489393718229 85.537752335627,28.1488526698003 85.5377963906574,28.1487557327357 85.5378090408032,28.1487233986581 85.537827721967,28.1486965404661 85.5378833978662,28.1486430195325 85.5379334102053,28.1485569690302 85.5379585633496,28.148503122306 85.5380395391554,28.148384933104 85.5380645452093,28.1483419078209 85.5381080117754,28.1482882564937 85.5381086732266,28.1482395598976 85.5381034506515,28.1481745659605 85.5380677055621,28.1481092463092 85.5380015850141,28.1480327794565 85.5380090124906,28.1479354514107 85.538039902444,28.1479087234704 85.5381016088111,28.1478606783001 85.5380960922726,28.1478173272929 85.5381092566569,28.1477471180427 85.5381470594117,28.1476609371474 85.5382151640106,28.1475913141212 85.538246200783,28.1475537646599 85.538295771394,28.1475001783859 85.5384433808034,28.1474205804587 85.5386088625842,28.1473736421264 85.5387071951569,28.1473259873594 85.5388553182149,28.1472085138178 85.5389663001253,28.1471285246511 85.5390587482041,28.1470645723061 85.5391996645455,28.1470281943101 85.5393644845804,28.1470299516589 85.5394778962851,28.1469991119094 85.5394796780997,28.1468678027183 85.5394359168213,28.1467255903146 85.5397369858594,28.1464250585103 85.5398776092803,28.1461633149342 85.5398820036916,28.1458393711398 85.5395198278698,28.1455925177939 85.5394061769331,28.145628628143 85.5393317145887,28.1456163300655 85.5388693082314,28.1456808670101 85.5385473638967,28.1456619958643 85.5381482109406,28.1455573952323 85.53772052689,28.1456300174017 85.5373791768302,28.1457575903255 85.5370909063508,28.1458239801474 85.536612763159,28.1457648433482 85.5363118519951,28.1456241482009 85.5363179481007,28.1456038278154 85.5363357078009,28.1453995912629 85.5363801070515,28.1452575136611 85.5364866652528,28.1451509554598 85.5366109831543,28.1450177577082 85.5365221846532,28.144920079357 85.5363623473513,28.1447780017552 85.5359538742462,28.1447957614554 85.5355898003917,28.144760242055 85.5354122033896,28.1446536838537 85.5351902071368,28.1445826450528 85.5350570093852,28.1447336025046 85.5350747690854,28.1449911181578 85.5349682108841,28.1451953547103 85.5349561612658,28.1452035059511</coordinates></LinearRing></outerBoundaryIs></Polygon></MultiGeometry>
  </Placemark>
  <Placemark>
	<Style><LineStyle><color>ff0000ff</color></LineStyle><PolyStyle><fill>0</fill></PolyStyle></Style>
      <MultiGeometry><Polygon><outerBoundaryIs><LinearRing><coordinates>85.5214305872206,28.1444568961621 85.5215010584754,28.1443159113865 85.5217084394397,28.1441865285339 85.521881140696,28.1440871452043 85.5219867072439,28.143885790783 85.5218850328531,28.1438036965918 85.5215651140918,28.14381036945 85.521417062084,28.1437783977798 85.5212585629162,28.1436754405539 85.5210648284616,28.1436429754515 85.5209166377618,28.143621126415 85.5207453275525,28.1436192769302 85.5205638488282,28.1435261954775 85.5205192792014,28.1434447169131 85.5203852924279,28.1432205274605 85.5203414187832,28.14308843305 85.5201922549089,28.1431374453712 85.5201323684601,28.1433392917632 85.5201181644434,28.1435416315547 85.5200813973227,28.1437234783012 85.5200776396061,28.1439968035294 85.5202698435891,28.1441406247678 85.5204626046537,28.1442439531221 85.5205525792882,28.1443461713304 85.5205833632889,28.1445996202516 85.5206386585585,28.144731837911 85.5206946495701,28.144813439761 85.5208996676856,28.1448561519148 85.5210368565262,28.1448475082652 85.5211406173996,28.144777755687 85.5213134591844,28.1446682499765 85.5213709803304,28.1446384967954 85.5214305872206,28.1444568961621</coordinates></LinearRing></outerBoundaryIs></Polygon></MultiGeometry>
  </Placemark>
  <Placemark>
	<Style><LineStyle><color>ff0000ff</color></LineStyle><PolyStyle><fill>0</fill></PolyStyle></Style>
      <MultiGeometry><Polygon><outerBoundaryIs><LinearRing><coordinates>85.4986995896091,28.1172186763483 85.4987162228118,28.1172482464531 85.4986807034114,28.1173725643546 85.4986718235613,28.117479122556 85.4987783817626,28.1175412815067 85.4990447772659,28.1174880024061 85.4991246959168,28.1174613628557 85.4992845332188,28.117399203905 85.4993733317199,28.1173104054039 85.4994976496214,28.1172127270527 85.4996486070733,28.1171860875024 85.4997285257243,28.1172216069028 85.4998439637757,28.1172038472026 85.500030440628,28.1172660061533 85.5002968361313,28.1170884091511 85.5003856346324,28.116910812149 85.5005898711849,28.1167687345472 85.500838506988,28.116671056196 85.5009006659387,28.1165822576949 85.5010693830908,28.1164845793437 85.5012292203928,28.1164046606927 85.5013002591937,28.1162714629411 85.5014689763457,28.11618266444 85.5016732128983,28.1160405868382 85.501735371849,28.1159162689367 85.5018064106499,28.1158008308853 85.5019040890011,28.1156409935833 85.5019615945432,28.1155774349259 85.5022539170461,28.1155958880071 85.5026632634342,28.115721855213 85.503119406242,28.1157673349299 85.5034816780982,28.1159940323031 85.5039620631284,28.1159385273054 85.5043499825922,28.1159630091576 85.5045326652166,28.1159650020034 85.5049205849839,28.1159894822491 85.505423524054,28.1159544673831 85.5058613251998,28.115675748886 85.5063233623439,28.1152960463289 85.5065753912864,28.1152380439352 85.5071671434049,28.1153862339576 85.5076731631268,28.1151285015899 85.5079494276994,28.1149695137526 85.508454603106,28.1147725172117 85.5085944154789,28.1145715447729 85.5091463782349,28.1142940571545 85.5098807380766,28.1140387990961 85.5099086114348,28.1136746137302 85.509864621126,28.1135526395175 85.5097306912107,28.1133284409639 85.5095057027108,28.11308300306 85.5091654214987,28.1129173086142 85.5090991577027,28.1127545932834 85.5089643901128,28.1125911329657 85.5085787222138,28.1124046941868 85.5084371251679,28.1123217912204 85.5084130050238,28.1121829941258 85.50838117919,28.111966526898 85.5083493534632,28.1117500596611 85.5084219756515,28.1115347287027 85.5086168801808,28.1112898533955 85.5086892879461,28.1110899571437 85.5086944366809,28.111053005991 85.5087086176809,28.110951232426 85.5087651083269,28.110830334017 85.5087803844462,28.1107976407891 85.5088009951161,28.1105663066672 85.5087158778266,28.110426445971 85.5085978671286,28.1101472924785 85.5084804976898,28.1098218342088 85.5081707904958,28.1095560322303 85.5078589483931,28.1094445785277 85.507336505952,28.1094543294258 85.5069533244902,28.1094655947862 85.5065553013505,28.1092914508727 85.5060870076135,28.1091628518842 85.50564839514,28.1094050678213 85.5054855211395,28.1098509716963 85.5052856026992,28.1100847291022 85.5050242979975,28.1101588069382 85.5048619319411,28.1103392805641 85.5048805538747,28.1106432236285 85.5049765171393,28.1107458574142 85.504976517139,28.110836994674 85.5050386760898,28.1110501110767 85.5049676372889,28.1111655491281 85.5048610790876,28.1111921886784 85.5046746022353,28.1112099483786 85.5045858037342,28.1112543476292 85.5044259664322,28.1113786655307 85.5042661291302,28.1114941035821 85.5041862104792,28.1116628207342 85.5039908537768,28.1117871386358 85.503839896325,28.1119025766872 85.5037821904789,28.1120035620131 85.5037654021908,28.1120080133696 85.503375810446,28.1121050079204 85.503098984786,28.1123044791259 85.5029289585264,28.1124113051205 85.5028905810996,28.1124161119404 85.5025258694722,28.1123503803338 85.501953334447,28.1122051913036 85.5019450244811,28.1122065707172 85.5019529054169,28.1122360609928 85.5016889957837,28.1124338606945 85.5014970779682,28.1124626376592 85.5011650370155,28.1125516313623 85.5007960325267,28.1127945918977 85.500130443562,28.1130806187583 85.4995372772755,28.1131667515867 85.4991162574965,28.1133937009819 85.4990558074575,28.1134154932944 85.4988207237502,28.1135002409132 85.4987837819926,28.1135135583581 85.4987527862874,28.1135166494515 85.498644086307,28.1135429030412 85.4984878424262,28.1135103176634 85.4979481880493,28.113504406518 85.4977031824105,28.1135943451418 85.4972999959699,28.1137906098617 85.4971059226091,28.1139737286018 85.4970693953552,28.1141956480043 85.4969981367421,28.1142118230867 85.4967380885126,28.1141317862021 85.4965485350314,28.1139907732369 85.4962797835755,28.1139106400652 85.4959397841508,28.1139455034928 85.4956428743314,28.1140117131967 85.4953386606493,28.1139775005587 85.4951209496759,28.1139828296505 85.4949383785147,28.1139653884167 85.4946798415902,28.1137773041776 85.4945692751847,28.1135908442999 85.4945027685291,28.1133662752599 85.4944538858427,28.1131264625606 85.4942820687302,28.1129624855972 85.4941260428878,28.1129144605402 85.4940046176699,28.1128822525276 85.4938048562394,28.1128491838606 85.4935866082956,28.1128930975615 85.4934544297427,28.1130074238728 85.4933047349248,28.1131292761322 85.4931432899997,28.1132221636434 85.4931528819213,28.1134054760096 85.49307173988,28.1136052671502 85.4930177888817,28.1137281713558 85.4928858245121,28.1138270622655 85.4925193885214,28.1138847822939 85.4923437949765,28.1139909115127 85.4922467541509,28.1140824672396 85.4921500370642,28.1141508707343 85.4921372840826,28.1141529866743 85.4921336661037,28.1141526613846 85.4921325748187,28.1141545379694 85.4921214787151,28.1141698530778 85.4921060035489,28.1141870496659 85.4921025189153,28.1141890544922 85.4920994349596,28.1141898718868 85.4920677879988,28.1141962775683 85.4920698695551,28.1142030542135 85.4921034631117,28.1142130719078 85.4921083389432,28.1142145727664 85.4921262169933,28.1142200759128 85.4921434093277,28.1142357021419 85.4921565772543,28.1142516205451 85.4922183154533,28.1143262543542 85.492287125426,28.1143858651969 85.4923524365004,28.1144164739643 85.4923714511242,28.114425385372 85.492420182595,28.1144423232054 85.4924738144482,28.1144979077705 85.4924940415548,28.114529969295 85.4925004186544,28.1145398145815 85.4925217363955,28.1145727259657 85.492523337463,28.1145738462234 85.4925526548433,28.1146184125404 85.4925687678994,28.1147112125824 85.4926194818448,28.1148198302011 85.4927054443967,28.1148979610434 85.4928088154727,28.1149762832148 85.4930505907478,28.1151178752646 85.493154609695,28.1151498928645 85.4932927982349,28.1152285973569 85.4933787616074,28.1153067278039 85.4934473166338,28.1153846669027 85.4934804075183,28.1155085277149 85.4935485312441,28.1156173363231 85.4935722356599,28.1156364894452 85.4935848092348,28.1156536689832 85.4936600369934,28.115714161321 85.4936985644468,28.1158118518015 85.4937283966001,28.1158608828914 85.4937403748419,28.1158772489361 85.4937581531586,28.1159153246251 85.493769904549,28.1159479226159 85.4937780136648,28.1160348084169 85.4938366805877,28.1161111111031 85.4938407911196,28.116116457295 85.4938888889263,28.1162179605061 85.4939000776653,28.1162415726625 85.4940023848645,28.1163455146762 85.4940696669848,28.1163888888809 85.4941475615829,28.1164391045434 85.4941666667041,28.1164669689369 85.4942073778543,28.1165263452423 85.494353008558,28.1165874710037 85.4944202127108,28.1165827975805 85.494560799183,28.1165681069966 85.4946885002445,28.1166019781149 85.4948475456495,28.1165766669538 85.4950248987775,28.1165515565829 85.4950979788236,28.1165631817742 85.4951275851562,28.1166284445441 85.4951455907444,28.1166502881157 85.4952362987388,28.116710810069 85.495290315632,28.116776340738 85.4953446347675,28.1168202287768 85.4954297691838,28.1168428090615 85.4955023207243,28.1168923086174 85.4955750989316,28.1169255761775 85.4956174396107,28.116953098217 85.4956536776893,28.1169805532792 85.4957324075791,28.1170247090315 85.4958403668286,28.1171611806425 85.495887677529,28.1172699293671 85.4959167559006,28.1173730665619 85.4959219523399,28.1174380613606 85.4959450036436,28.1175357209418 85.4959561517291,28.1176116039993 85.4960159701083,28.1176988439761 85.4960642628445,28.1177372541488 85.4960968394401,28.1177691406966 85.496188536956,28.1177981437312 85.4962432722329,28.1178122728437 85.4963160512959,28.1178455400388 85.4963830674597,28.1178543923171 85.4964318888519,28.1178549277851 85.4964744565893,28.1178662176147 85.4965201889071,28.1178694249136 85.4965657325124,28.1178861588345 85.4966048337748,28.1179271737638 85.4966317674462,28.1179653495083 85.4966478963889,28.1179735270008 85.4966710742543,28.1179646965743 85.4969011253774,28.1178457234896 85.4970167155072,28.1177457444399 85.4971089050982,28.1176860073013 85.4976380759588,28.1174083175633 85.4982320828343,28.1173945765995 85.4984626953125,28.1172351083872 85.4985546016172,28.1171956164171 85.4986995896091,28.1172186763483</coordinates></LinearRing></outerBoundaryIs></Polygon></MultiGeometry>
  </Placemark>
  <Placemark>
	<Style><LineStyle><color>ff0000ff</color></LineStyle><PolyStyle><fill>0</fill></PolyStyle></Style>
      <MultiGeometry><Polygon><outerBoundaryIs><LinearRing><coordinates>85.4983656884829,28.1129362793695 85.4983378348786,28.1130301224287 85.4982993628311,28.1132921329786 85.498331813693,28.1134622972948 85.4986443013077,28.113527468223 85.4987837819926,28.1135135583581 85.4991162574965,28.1133937009819 85.4995372772755,28.1131667515867 85.500130443562,28.1130806187583 85.5007960325267,28.1127945918977 85.5011650370155,28.1125516313623 85.5014970779682,28.1124626376592 85.5016889957837,28.1124338606945 85.5019529054169,28.1122360609928 85.5019198055131,28.1121122018325 85.5017835449652,28.1118945923193 85.5015604598334,28.1116605966371 85.501555003833,28.1116568744051 85.5015569321467,28.1115181609734 85.5015137965544,28.1113354457263 85.5016547424629,28.1110534956358 85.501591586985,28.1106680684667 85.5014345623811,28.1104638592171 85.5010024031824,28.110337639441 85.5007128813089,28.1098079918033 85.5008346534501,28.1092625917402 85.5006550800053,28.1090378858019 85.5007266788077,28.108815926209 85.5008461971422,28.1084324959366 85.5008032469539,28.1083378250505 85.5009039490721,28.1081646155122 85.5009326356073,28.1079796828115 85.5009605708675,28.1078487720624 85.5011286227722,28.1076576441927 85.5012790522506,28.1074817606844 85.5013436251514,28.107220034097 85.5012940855521,28.1070265277055 85.5012700131497,28.1068796112356 85.501116245628,28.1066695283759 85.5008572849877,28.1065123255544 85.5004932386842,28.1064002847578 85.5003129334042,28.1062207852366 85.5000462378424,28.1059940289699 85.4999178327903,28.105838252438 85.4996591981234,28.1056578952139 85.4993263177794,28.1058086246613 85.49914956233,28.1059996551009 85.4989462659205,28.106221269143 85.4987119157351,28.1061723920855 85.4984416769343,28.1062003075909 85.4983870911607,28.1063695189154 85.4984010586681,28.106616666848 85.4983650620972,28.1067011771856 85.4982254827399,28.1067228043909 85.4980250859535,28.1067360467246 85.4977627964467,28.1068180780566 85.4976910171892,28.1069716635092 85.4976724270982,28.1070563643426 85.4976611425152,28.1072414868939 85.4977284054436,28.1074120328144 85.4978040495952,28.1076058262936 85.4977660089908,28.107836967269 85.4977367123124,28.1079158215248 85.4972201589094,28.1080688153163 85.4970104227276,28.1083702560473 85.4970975235172,28.1086749502216 85.4971849070011,28.1089593981418 85.4968364720283,28.1093808140782 85.496534549292,28.109741991162 85.4965773934927,28.1099449538633 85.4968254616538,28.1101704158427 85.4969805007855,28.1105163534172 85.496814450834,28.1109600175123 85.4963092744618,28.1111569711261 85.4960084747148,28.1114371619524 85.49609613965,28.1117013642451 85.496231450962,28.1118243440668 85.496662762587,28.112011317446 85.4970966164168,28.1120160737687 85.4973700649307,28.1120595694501 85.4978275999993,28.1120038351151 85.4980553799856,28.1120468290814 85.498349407019,28.1122525426073 85.4983262904751,28.1122725387211 85.4982778007506,28.1124745005744 85.4982298750041,28.1126359699906 85.4982281824681,28.1127574472115 85.4983656884829,28.1129362793695</coordinates></LinearRing></outerBoundaryIs></Polygon></MultiGeometry>
  </Placemark>
  <Placemark>
	<Style><LineStyle><color>ff0000ff</color></LineStyle><PolyStyle><fill>0</fill></PolyStyle></Style>
      <MultiGeometry><Polygon><outerBoundaryIs><LinearRing><coordinates>85.5189253997179,28.103170838923 85.5188246433848,28.1032358429803 85.5187536045839,28.1034045601324 85.5187269650336,28.1035022384836 85.5186692460079,28.1035910369847 85.5186470463826,28.1037064750361 85.518682565783,28.1037997134622 85.5187536045839,28.1038574324879 85.5188646027103,28.1040039500147 85.5190200000872,28.1039639906893 85.5190688392628,28.1039595507642 85.5193041552907,28.1039151515137 85.519246436265,28.103781953762 85.519246436265,28.1037464343616 85.5193041552907,28.103702035111 85.519330794841,28.1036309963101 85.5193529944663,28.1035155582587 85.5193604094727,28.1035047728023 85.5196154798425,28.10365506016 85.5196110323241,28.103979002995 85.5195152526696,28.1043019598366 85.5197839679096,28.1046895996957 85.5198482981503,28.1049940354547 85.5197522401883,28.1053372388326 85.5198413495727,28.1055001960821 85.5197461249648,28.105782660145 85.519716898198,28.1062480813663 85.5198956743886,28.1065335030278 85.5198686715723,28.1068369528856 85.5196562196025,28.1073408950094 85.5197662181504,28.1076458237427 85.5199895524001,28.1080127239617 85.5203732810942,28.1083408558509 85.5208976270426,28.1084072611278 85.5214450853303,28.1084536642087 85.5221017177841,28.108865731531 85.5230362480351,28.1089972974251 85.5233581433124,28.1088387688295 85.5236819785021,28.1085385142867 85.5237073077561,28.1083565420681 85.5238490241035,28.1080138273173 85.5237618473009,28.1077091472476 85.5236064470711,28.1073834831545 85.5234964377415,28.1070785570891 85.5234565934266,28.106652889838 85.5235066968624,28.106329438281 85.5236701353404,28.1060679552196 85.5238541888015,28.1059686893962 85.5240376876042,28.1059099162347 85.5242451281036,28.1057704026938 85.5243386784431,28.1056094138496 85.5245004513499,28.1054694084553 85.5245475032895,28.1053686674725 85.5250567598952,28.1048679095271 85.5251522467794,28.1045651947047 85.5252224077178,28.1044444525259 85.5252716738054,28.1041817394171 85.5252296076498,28.1039180441113 85.5250948252292,28.1037545989384 85.5249825991732,28.1036116457098 85.5247804268139,28.1033664775733 85.5243933763112,28.1032813156279 85.5241656020507,28.1032383656789 85.523916103781,28.1031141837251 85.5238029507894,28.1029769636655 85.5238905978723,28.1029294881515 85.5239305571978,28.1028140501001 85.523943876973,28.1027918504748 85.5239660765982,28.1027474512242 85.5240060359237,28.1026764124234 85.5240459952492,28.1026408930229 85.5241347937503,28.1025964937724 85.5241747530758,28.1025254549715 85.524192512776,28.1024677359458 85.5241969527011,28.1024188967702 85.5241347937503,28.1023345381942 85.5240459952492,28.1022501796181 85.5240015959987,28.1022146602177 85.5239793963734,28.102161381117 85.523948316898,28.1021081020164 85.523868398247,28.1020725826159 85.5237574001207,28.1020281833654 85.5234466053668,28.1019837841148 85.5231846497886,28.1020370632155 85.5231002912125,28.1020281833654 85.5229670934609,28.1019749042647 85.522891614735,28.101917185239 85.5226607386321,28.1019083053889 85.5225850227315,28.1019461633576 85.5225847802665,28.1019456291636 85.5225867219914,28.1018039039425 85.5225001077725,28.1014587302081 85.5223650550907,28.1013155290285 85.5220924535394,28.1012113444235 85.521888349625,28.1011078975561 85.5214781998956,28.1010427281188 85.5211142706842,28.1009375570001 85.5208193945227,28.1007926308352 85.5204785769016,28.1006674578908 85.5200904285992,28.1006632700294 85.5199537129697,28.1006415452589 85.519771332925,28.100619327502 85.5195418987738,28.1006978487572 85.5193325166901,28.1009790804536 85.5190785809209,28.1011788329643 85.5185514899902,28.1013148862936 85.5183421041198,28.101596116309 85.5183835963373,28.1019003059831 85.5186322506049,28.1020852369476 85.5189947905591,28.1022916468238 85.5190142863554,28.1025348505047 85.518804342914,28.1028565739797 85.5189143350563,28.1031615033236 85.5189253997179,28.103170838923</coordinates></LinearRing></outerBoundaryIs></Polygon></MultiGeometry>
  </Placemark>
  <Placemark>
	<Style><LineStyle><color>ff0000ff</color></LineStyle><PolyStyle><fill>0</fill></PolyStyle></Style>
      <MultiGeometry><Polygon><outerBoundaryIs><LinearRing><coordinates>85.5160415186198,28.1094685100015 85.5160211929322,28.1092860454777 85.515979705583,28.108981855551 85.5157544321947,28.1087566739343 85.5155514360369,28.1085722319255 85.5154651189729,28.10820680835 85.5154910195078,28.1079843454121 85.5152896981758,28.1076784248104 85.5149494240351,28.1075127449091 85.5146768149825,28.1074085453257 85.5142652517901,28.1074445854615 85.5139205147791,28.1076028449275 85.5136651575985,28.107903818053 85.513637299339,28.1082680050209 85.5136339495917,28.1085109613261 85.5134944339564,28.10869169338 85.5130803523282,28.1089099469289 85.5126428764147,28.1091684441681 85.5124557345869,28.1094904040873 85.5124958151808,28.1098958264066 85.5124671139777,28.1103207518913 85.51244008885,28.1106241992901 85.5126416863487,28.110909877509 85.5133024862251,28.1110182909352 85.5136884372661,28.111184470231 85.5137984220922,28.111489403094 85.5139788649774,28.1116533538848 85.514365377478,28.1117790386769 85.51461348846,28.1120044699926 85.5149320570423,28.112088918379 85.5153458688541,28.1118909060211 85.5154622724945,28.1117301713353 85.5155112875638,28.1114877094025 85.5154466878466,28.1112035185729 85.5154728682704,28.1109608093932 85.5154313820614,28.1106566194068 85.5152514962022,28.1104521777495 85.5152308928849,28.1102899595457 85.5153019052892,28.1101084839999 85.5155316413585,28.1100097244542 85.5157379853197,28.1099512100793 85.5159003331717,28.1097707228423 85.5159471163529,28.1096902316259 85.5160415186198,28.1094685100015</coordinates></LinearRing></outerBoundaryIs></Polygon></MultiGeometry>
  </Placemark>
  <Placemark>
	<Style><LineStyle><color>ff0000ff</color></LineStyle><PolyStyle><fill>0</fill></PolyStyle></Style>
      <MultiGeometry><Polygon><outerBoundaryIs><LinearRing><coordinates>85.5239236303559,28.1020971302272 85.523948316898,28.1021081020164 85.5239793963734,28.102161381117 85.5240015959987,28.1022146602177 85.5240459952492,28.1022501796181 85.5241347937503,28.1023345381942 85.5241969527011,28.1024188967702 85.5241954602008,28.1024353142796 85.5242106580729,28.1024491218416 85.5243924882804,28.1025118267892 85.5248496960081,28.1024762465874 85.5250574056243,28.1023164849786 85.5251735072434,28.10217598737 85.5254953787651,28.1020174527126 85.5257481980868,28.1018986739209 85.5260227424422,28.1018611260071 85.5263432284366,28.1018038217403 85.5265732138532,28.1016847960229 85.5266202620677,28.1015840541391 85.526621921834,28.1014625751507 85.5265776400337,28.1013608520605 85.526488246726,28.1012181453358 85.526330633118,28.101054456054 85.5261727432807,28.1009110131011 85.5261284621128,28.1008092898825 85.5261295689581,28.1007283038993 85.5263389332927,28.1004470611219 85.5263854278095,28.1003868122874 85.5264349653987,28.1001038519322 85.5264374552027,28.0999216334246 85.5265543822094,28.0997203949261 85.526738422082,28.0996211246308 85.5271532709668,28.0993420876107 85.5272250849548,28.0990998650422 85.5269778044846,28.0988137167402 85.5267525274734,28.0985885528073 85.5267115654905,28.0982438716596 85.5265091219467,28.0980189526269 85.5261229188757,28.0978730566601 85.5257125014324,28.0978281467307 85.5254143051867,28.0979261884562 85.5249576707194,28.0979212783151 85.5244080474999,28.0980368630704 85.5242220691318,28.0982778556827 85.524194527544,28.0986218002555 85.5241895406069,28.0989862369659 85.5240723330666,28.0992077198131 85.5239094609695,28.0994287110794 85.5238368079741,28.0997316710435 85.5239231482753,28.1000970906049 85.5240345381549,28.1003007840142 85.5237310675935,28.1007835047535 85.5235456371204,28.1009840031741 85.5233593742427,28.1012452407197 85.523628096581,28.1016328734467 85.523831371797,28.1017970572331 85.5239236303559,28.1020971302272</coordinates></LinearRing></outerBoundaryIs></Polygon></MultiGeometry>
  </Placemark>
  <Placemark>
	<Style><LineStyle><color>ff0000ff</color></LineStyle><PolyStyle><fill>0</fill></PolyStyle></Style>
      <MultiGeometry><Polygon><outerBoundaryIs><LinearRing><coordinates>85.5202820184921,28.0868902185104 85.5199479925036,28.0869123514974 85.5192842747706,28.0870266863195 85.5187603113756,28.0869400321964 85.5184167594209,28.087017320308 85.5180704263603,28.0872970721605 85.5180008258369,28.0873773181696 85.5177669691469,28.087779780962 85.5176745385598,28.0878597801167 85.5175364487717,28.0879392858107 85.5173966895715,28.0881402700769 85.5173702432805,28.0884032272328 85.5174601708226,28.0885054463918 85.5178246108892,28.0885701327489 85.5180746249319,28.0886538315792 85.5182544819593,28.0888582689791 85.51852593678,28.0890434459104 85.5186598576857,28.0892676361864 85.518562978408,28.0896715792598 85.5185134264147,28.0899545365844 85.5185783022733,28.0902184801853 85.5188043788236,28.0903829171223 85.5189366341894,28.0907285859283 85.5188639743932,28.0910315433209 85.5187940939207,28.0911320360784 85.5185841736863,28.0914537605533 85.5181495640009,28.091509814695 85.5178291054366,28.0915671008912 85.5173240562824,28.0917641374239 85.5170478657473,28.09192314747 85.5167006777903,28.0922636342403 85.5166054584293,28.0925460967809 85.5168543670553,28.0927107838413 85.5172388684443,28.0929781834646 85.5174181741329,28.0932231149272 85.5176462024156,28.0932458287987 85.5179872715203,28.0933507614532 85.5180070425487,28.0935737189931 85.5180023139255,28.0939179085099 85.5181145209818,28.094060866912 85.5183871005634,28.094165058697 85.5185435798642,28.0944097422092 85.5184948592606,28.0946319599212 85.5184929127449,28.094773685028 85.5186502272512,28.094957629108 85.519106013986,28.0950232991143 85.5196539591919,28.0950292139169 85.5201089136734,28.0951556199932 85.5203110605825,28.0954007943136 85.5206944695914,28.0957491706783 85.5213755205746,28.0960400066183 85.5217878711119,28.0959432039227 85.5222013305281,28.0957654140594 85.5226145113162,28.0956078693722 85.5231858459817,28.0955735231294 85.5236672411446,28.0954369591141 85.5239242024448,28.0950144856918 85.5243847019846,28.0947359478467 85.5241828237006,28.0944705327078 85.5239113454159,28.0942853662279 85.5235939291685,28.0941199542582 85.5234605464995,28.0938552753517 85.5232589492662,28.0935696124773 85.5230793522075,28.0933449346277 85.522830986596,28.0931397654879 85.5225113570103,28.0931363230658 85.522217054363,28.092950907519 85.5222663211187,28.0926881951429 85.5224289083321,28.0924874518461 85.5226368786713,28.0923074465967 85.5232563511711,28.0920913727012 85.5235525931073,28.0921350605361 85.5241899078741,28.092283665084 85.5247180555432,28.0920666019268 85.5248800836553,28.0919063485182 85.5252247546098,28.0917480586278 85.5254797633936,28.0914673071255 85.5253466557217,28.0911823833863 85.5249602016013,28.0910567315062 85.5245041501067,28.0910113279322 85.5240280387372,28.0907632121549 85.523916657853,28.0905595188406 85.5237136799031,28.0903750892149 85.5236487912843,28.0901111475681 85.5236988840668,28.089787694873 85.5237236532949,28.0896462150155 85.5236414257793,28.0891733656387 85.5236563918256,28.0891623905379 85.5236624967225,28.0891468508002 85.5236630517131,28.0891257611562 85.5236081076406,28.0891385259407 85.5235936151476,28.0891445644799 85.5232525378381,28.0890336597128 85.5230785886209,28.0889754333459 85.5230714316996,28.0889503841166 85.5230048328238,28.0889237445662 85.5229915130486,28.0888971050159 85.5230203725615,28.0888593656529 85.5230359122992,28.0888282861776 85.5230359122992,28.0888171863649 85.5230048328238,28.0888016466272 85.5229670934608,28.0887927667771 85.5229115943976,28.0887772270394 85.5228516554094,28.0887705671518 85.5228183559715,28.088783886927 85.5227761766835,28.0888083065148 85.5227639378923,28.0888092856201 85.5224384278359,28.0884579080439 85.5224425867154,28.0881542105608 85.522583445691,28.0878722347907 85.5226563697875,28.0875490283114 85.5224762289603,28.0873648429145 85.5220452424563,28.087157705649 85.5216576972603,28.0871130310695 85.5215218305349,28.0870305689786 85.5211499710527,28.0868900628043 85.5211511641134,28.086876939116 85.5211778036637,28.0867837006898 85.5212710420899,28.0867037820388 85.5213420808908,28.086632743238 85.5214086797666,28.086552824587 85.5214575189422,28.0864862257112 85.5215507573683,28.0863752275848 85.5215818368437,28.0862819891586 85.5216750752699,28.0861798708824 85.5216750752699,28.0860599929059 85.521604036469,28.0859267951543 85.5215862767688,28.0858823959037 85.5214841584925,28.0857847175525 85.5214264394668,28.0857181186767 85.5214219995418,28.0856026806253 85.521359840591,28.0854872425738 85.5212932417152,28.0854739227987 85.5211866835139,28.0854783627237 85.5211245245631,28.0853629246723 85.5211245245631,28.085256366471 85.5210756853875,28.0851453683446 85.5209691271862,28.0852075272954 85.5209380477108,28.0853096455717 85.520951367486,28.0854472832483 85.520955807411,28.0855582813747 85.5209735671112,28.0856382000257 85.5209913268115,28.0857092388266 85.5210046465866,28.0858157970279 85.5210046465866,28.0858779559786 85.5209957667365,28.0859312350793 85.5210002066616,28.0859800742549 85.5210179663618,28.0860333533556 85.5210135264367,28.086064432831 85.5210712454624,28.0862686693835 85.5211112047879,28.0863308283343 85.521115644713,28.0863752275848 85.5210801253125,28.0864151869103 85.5210490458372,28.0864684660109 85.5210090865117,28.0865439447369 85.5209424876358,28.0865794641373 85.5208270495844,28.0865439447369 85.5207249313082,28.0865306249617 85.5206538925073,28.0865439447369 85.5205695339312,28.0865439447369 85.5204984951304,28.0865306249617 85.5204096966293,28.0865483846619 85.5203342179033,28.0865883439874 85.5202542992523,28.0866549428633 85.5201921403016,28.086712661889 85.5201655007513,28.086797020465 85.520227659702,28.0868414197155 85.5202720589526,28.086876939116 85.5202820184921,28.0868902185104</coordinates></LinearRing></outerBoundaryIs></Polygon></MultiGeometry>
  </Placemark>
  <Placemark>
	<Style><LineStyle><color>ff0000ff</color></LineStyle><PolyStyle><fill>0</fill></PolyStyle></Style>
      <MultiGeometry><Polygon><outerBoundaryIs><LinearRing><coordinates>85.5242287139678,28.0861079875939 85.5245277084943,28.0859492075105 85.5247595986738,28.0856884576734 85.5243055080235,28.0855013285943 85.5241014308311,28.0853978858395 85.5238525268397,28.0852332119836 85.5235111995895,28.0851485410727 85.5231456584858,28.0851648561638 85.5229176456041,28.0851421520161 85.5227105216243,28.0852614188848 85.5226620917618,28.0854633923378 85.522590000997,28.085725859446 85.5224057046659,28.0858453716288 85.5224705881524,28.0861093138095 85.5229475070749,28.0862966947126 85.5232429017958,28.0864011221771 85.5234249818238,28.0864435809886 85.5237217624387,28.0864467748757 85.5240202047431,28.0863284890075 85.5241357356226,28.0862284844001 85.5242045002414,28.0862089746269 85.5242287139678,28.0861079875939</coordinates></LinearRing></outerBoundaryIs></Polygon></MultiGeometry>
  </Placemark>
  <Placemark>
	<Style><LineStyle><color>ff0000ff</color></LineStyle><PolyStyle><fill>0</fill></PolyStyle></Style>
      <MultiGeometry><Polygon><outerBoundaryIs><LinearRing><coordinates>85.5605283264337,28.0750083258282 85.5607671266977,28.0750506380763 85.5609158878657,28.0751319421694 85.5611238705011,28.0752670297375 85.5614067659276,28.0754029023469 85.5615553510193,28.0754974945905 85.5617192729453,28.0755656660871 85.5618152890193,28.0756181417 85.5620644534848,28.0756761736945 85.5626343296592,28.0757428931051 85.5630006463198,28.0756657306385 85.5630699369992,28.0756057070331 85.5631644802376,28.0753637002645 85.5632571368614,28.0752634217485 85.5633734288997,28.0751026414171 85.5634907982081,28.074860873335 85.5635850704006,28.0746391131024 85.5638165743872,28.0743985393079 85.5639103068344,28.0742172726268 85.5638235771045,28.0738721195414 85.5635749042015,28.073687269312 85.5634626550449,28.073544346231 85.5636039266687,28.0732218292139 85.5632185639616,28.0730152978938 85.5628995271963,28.0729714579367 85.5625546987494,28.0731500941234 85.5621169437231,28.073449254159 85.5617307741146,28.0733034594381 85.5617340107056,28.0730604966583 85.56128017202,28.0728532423387 85.5609154831796,28.0728089191981 85.5604562482203,28.0730066000227 85.5601342427502,28.0731854694131 85.5599040838827,28.0733248024204 85.559675545056,28.0733426537408 85.5591738942633,28.0732968884205 85.5589475173432,28.0731527635358 85.5587898916881,28.0729891106009 85.5587031792864,28.0726439548619 85.5584311509903,28.0724993497181 85.5581123885952,28.0724352518857 85.5578846627897,28.072392359684 85.5576134477167,28.072187012383 85.5571351712291,28.0721009860165 85.5563571724431,28.0722345522105 85.5559919467577,28.0722307098328 85.5553052524169,28.0723652306615 85.5550275394329,28.0726458026244 85.5547014612012,28.0731283615308 85.554357161845,28.073266482922 85.5536223643918,28.0735827354965 85.5540732074201,28.0740127298001 85.554276752208,28.0741566220579 85.5545476943169,28.0743822226766 85.5545004137146,28.0745032227771 85.5542716007848,28.0745413117949 85.5536560836211,28.0744740769001 85.553154702523,28.0744080426583 85.5524696201423,28.0744210677273 85.5524647336959,28.0747855103311 85.5528500805597,28.0749920712764 85.5535533821579,28.0753234809798 85.5536419785083,28.0755269115787 85.5542556036128,28.0757358745194 85.5545455815135,28.0762451712829 85.5547714163883,28.0764297970441 85.5554760881586,28.076659963238 85.5561598311083,28.0767481578656 85.5569818940882,28.0767365552712 85.5574849122561,28.0766810948935 85.5578286781072,28.0765834596822 85.558286580999,28.0764870227857 85.5587452940768,28.0763298437423 85.5589075190895,28.0761493001442 85.5589797851752,28.0758665631854 85.5589368330683,28.0756636150992 85.559076769875,28.0754423377833 85.5588979351836,28.0751569639985 85.5587865018299,28.0749532966931 85.5591775367401,28.0747346560716 85.5596593383489,28.0745574663996 85.5601376280559,28.0746434844151 85.5603860269179,28.074848587595 85.5605283264337,28.0750083258282</coordinates></LinearRing></outerBoundaryIs></Polygon></MultiGeometry>
  </Placemark>
  <Placemark>
	<Style><LineStyle><color>ff0000ff</color></LineStyle><PolyStyle><fill>0</fill></PolyStyle></Style>
      <MultiGeometry><Polygon><outerBoundaryIs><LinearRing><coordinates>85.5627385952365,28.0620000961036 85.562836550363,28.0619740636091 85.5628892256484,28.0619123815199 85.562941828888,28.0618561102684 85.5630098972354,28.0617837660441 85.5630320379205,28.0617244700561 85.5630393316707,28.0616666666587 85.5630422671369,28.0616434029175 85.563055555593,28.0616295921751 85.5631195927537,28.061563038113 85.563172267671,28.0615013558982 85.5632344878587,28.0614100096843 85.5632680513164,28.0613888888809 85.5633021599121,28.0613674250332 85.5633333333707,28.061317237234 85.5633489148743,28.0612921517476 85.5634102352927,28.0612684412192 85.5635391196143,28.06121026218 85.563607187148,28.061137917623 85.5636168042938,28.0611028427513 85.5636324131589,28.0610759479964 85.5636633430796,28.0610438019324 85.5637036023098,28.0609982244333 85.5637487993644,28.0609676560514 85.5637474508902,28.0609120973552 85.5637573917024,28.0608526735849 85.5638132955629,28.0607774958413 85.5638323138294,28.060723578648 85.5638823337457,28.0606321044652 85.5639318140887,28.0605812117402 85.5640401038721,28.0604659947759 85.5640834844514,28.0604150381853 85.5641150613392,28.0603341942229 85.5641620669831,28.060239982585 85.5641658719307,28.060183200403 85.5641695689956,28.0601345345177 85.5641980599736,28.0600563640614 85.5642443103165,28.0600189664691 85.5643118013209,28.0599899084282 85.5643855716449,28.0599473869765 85.5644381012225,28.0598965259374 85.5645271203889,28.0598541638668 85.5645610994759,28.0598220494627 85.5646162473299,28.0598036854364 85.5646988073233,28.0597883138035 85.5647222222596,28.0597793738325 85.5647263992057,28.0597777790481 85.5647417919279,28.0597671167445 85.5648049046258,28.0597222222142 85.5648280126819,28.0597057845502 85.5648865336863,28.0596631033934 85.5649240655452,28.0595931447048 85.5649919514252,28.0595343265408 85.5650000000374,28.0595257475836 85.5650321735838,28.0594914540345 85.5650684113169,28.0594444444365 85.5650694178012,28.0594431387692 85.5652291202466,28.0593609278856 85.5652777778152,28.0593328808666 85.5652936686014,28.0593237211573 85.5653313437884,28.0592429406031 85.5653259628149,28.0591887681747 85.5653216832006,28.0591679368933 85.5654004866656,28.0590894320171 85.5655482407282,28.058988155206 85.5658116701002,28.0589043216025 85.5659484455098,28.0587109320969 85.5660289602384,28.0586197755792 85.5661579836647,28.0585507721481 85.5662694264831,28.0584274687748 85.566347126144,28.0583333333254 85.5663624269412,28.0583147959546 85.5663888889263,28.0582918677236 85.5664673390005,28.0582238939336 85.5665239575229,28.0580946062172 85.5665244756649,28.0580555555476 85.5665260395463,28.0579376909233 85.566576127617,28.0578408047184 85.5666666667041,28.0577874163713 85.5666830124092,28.0577777777698 85.5667113928018,28.0577610426524 85.5667728899628,28.057723803326 85.5668041050909,28.0576700129764 85.5668237672629,28.0575673974105 85.5669044956988,28.0574600076852 85.5669722356116,28.057412010182 85.5670589914602,28.0573100948948 85.5672003550686,28.0572303959664 85.5672806523523,28.0571554712395 85.5673121540623,28.0570800372556 85.5673740093722,28.0570157432594 85.5674726763927,28.0569355984771 85.5675000000374,28.056903499956 85.5675594313802,28.0568336828352 85.5675874412345,28.0567390361038 85.5673848951569,28.0566767847666 85.5669754161716,28.0565712622381 85.5662246621323,28.0563811756668 85.5659072851016,28.0562158624547 85.565381542316,28.0562711190644 85.564945209949,28.0564690567696 85.5645547918322,28.0566472233264 85.5641676013466,28.0565824250974 85.5637135562249,28.0563954276995 85.5632138661494,28.0562079511538 85.5630809654579,28.0559028135536 85.5628100492737,28.0556772302538 85.5625160417318,28.0554716544502 85.5621291263607,28.055386603706 85.5618571355412,28.0552420064425 85.5615341083857,28.0555018694124 85.5614621346358,28.0557643623345 85.5613673372741,28.0560266160394 85.5610222922464,28.056225497655 85.5606337572014,28.0562619242843 85.5601797200693,28.0560749154641 85.5599080002139,28.055910067451 85.5592898842207,28.05604533075 85.5588540826607,28.0562027548703 85.5585973546064,28.0566253046017 85.5586862170371,28.0568084853441 85.5590250571378,28.0570752890617 85.5596404801126,28.0571424964791 85.560068998642,28.0575317371042 85.5605015668431,28.0576172724925 85.5609811313623,28.0576020503348 85.5614155878947,28.0575458542949 85.5617804952791,28.0575699273554 85.5621179983314,28.0579379585114 85.5626850877797,28.0582071439161 85.5631160453889,28.0584141529542 85.563248410401,28.0587597844392 85.5636753334448,28.0592704961707 85.5640378252769,28.0594767860873 85.5638944215616,28.0599612805441 85.5636855051451,28.0602223418729 85.563432285578,28.060381690388 85.5631592034182,28.0603180830751 85.562750793027,28.0601315598522 85.5624559655858,28.0599867244374 85.5621836935231,28.0598623744118 85.562028237298,28.059536749897 85.5617581233136,28.05925042356 85.5612331732646,28.059244922822 85.5609117505374,28.059383302088 85.560657180327,28.0596438800696 85.5599931256085,28.0597989140107 85.5593097553283,28.0596904952251 85.5588054667897,28.0598471999566 85.5582753804512,28.0602263790426 85.5581816519769,28.0604076423319 85.5584748532721,28.0606739681887 85.5587460421769,28.0608793131081 85.559062880677,28.061085136694 85.5596804861239,28.0609903694264 85.5599807103583,28.0607302723706 85.5608730127662,28.0605776316764 85.5611439365351,28.0608032189494 85.5612295703889,28.0612293613763 85.5621828025807,28.0616443441038 85.5625925646384,28.0617296344546 85.5627262785333,28.0619740316708 85.5627278047464,28.062007212024 85.5627385952365,28.0620000961036</coordinates></LinearRing></outerBoundaryIs></Polygon></MultiGeometry>
  </Placemark>
  <Placemark>
	<Style><LineStyle><color>ff0000ff</color></LineStyle><PolyStyle><fill>0</fill></PolyStyle></Style>
      <MultiGeometry><Polygon><outerBoundaryIs><LinearRing><coordinates>85.5510932141701,28.0425739943838 85.5510271956599,28.0423910500465 85.5508712535096,28.0421059080683 85.550785400998,28.0417000070093 85.5506517375874,28.0414555994022 85.5503347003338,28.0412700054653 85.5499486611779,28.041124181807 85.5493069852601,28.0413199028311 85.5488239603453,28.0415982962656 85.5484995864409,28.0419593637794 85.548313490988,28.0422206434732 85.5482879519637,28.0424228709418 85.5481469518982,28.0427251265253 85.5479152135191,28.0429859230555 85.5477519352034,28.0432474431233 85.5478839621043,28.0436133344999 85.547995072991,28.0438372564474 85.5481545447473,28.0438591922153 85.5482675597847,28.0439413859197 85.5486068777825,28.0441677196414 85.5489937409481,28.0442528067401 85.549292582808,28.0440939660345 85.54945504381,28.0438931846988 85.5498688014411,28.0436748071954 85.5499627993319,28.0434733022527 85.5503757398498,28.0433156637625 85.5506965832449,28.0432178013521 85.550857683267,28.0431182526329 85.5509734136205,28.0429979752604 85.551019868517,28.0429377161458 85.5510932141701,28.0425739943838</coordinates></LinearRing></outerBoundaryIs></Polygon></MultiGeometry>
  </Placemark>
  <Placemark>
	<Style><LineStyle><color>ff0000ff</color></LineStyle><PolyStyle><fill>0</fill></PolyStyle></Style>
      <MultiGeometry><Polygon><outerBoundaryIs><LinearRing><coordinates>85.552559523515,28.037041019188 85.5524481382723,28.03683734755 85.5521313820063,28.0366315111106 85.5519279085584,28.0364876176521 85.5517263338573,28.0362019954855 85.5516605888217,28.0359988044757 85.5517559318751,28.0356960631165 85.5518069925215,28.035291605888 85.5516717069822,28.0351686807883 85.5514451469291,28.0350447930225 85.551011862881,28.0350199732045 85.5506003123109,28.0350763804566 85.5501230198126,28.0349295948144 85.5499673614074,28.0346242050941 85.5495137050995,28.0344169176012 85.5491934305157,28.0344742845054 85.5487365159195,28.0345099572876 85.5484173278149,28.0344863347801 85.5477976923632,28.034743032111 85.5476346990921,28.0349843059138 85.5476306202235,28.0352880091782 85.5478115386115,28.0354114205973 85.5478520102235,28.035796593902 85.548350491098,28.0360651099428 85.5488976011096,28.0361113906009 85.5493314319534,28.0360957234385 85.5496954482711,28.0361805665924 85.5501453116195,28.0366713103622 85.5503721448321,28.0367749534119 85.5509198023265,28.0367807323592 85.5512389980048,28.0368043493159 85.551757599786,28.0372755632732 85.5519385263622,28.0373989695208 85.552393555248,28.0375050149573 85.5525323678896,28.0373647294679 85.5525562712067,28.0372839822586 85.552559523515,28.037041019188</coordinates></LinearRing></outerBoundaryIs></Polygon></MultiGeometry>
  </Placemark>
  <Placemark>
	<Style><LineStyle><color>ff0000ff</color></LineStyle><PolyStyle><fill>0</fill></PolyStyle></Style>
      <MultiGeometry><Polygon><outerBoundaryIs><LinearRing><coordinates>85.5510806106798,28.0230733201385 85.5515111363956,28.023300607536 85.5516238623264,28.0234030449628 85.5518281245754,28.0234861973335 85.552056287298,28.0234886020318 85.5521929140067,28.0235102916286 85.552717146831,28.0235563144084 85.5529702924321,28.0233969822056 85.5532916152675,28.0232586172234 85.553886190634,28.0231636274099 85.5543025640036,28.0227427628176 85.5543068925291,28.0224188111188 85.5544024849953,28.0220958196362 85.5542009286097,28.0218102012796 85.5544347684941,28.0213874152177 85.5544154691055,28.0211239643575 85.5541210281418,28.0209588676363 85.553805396004,28.020672048283 85.5536014079487,28.0205686519806 85.5531448238043,28.0205840947708 85.5525271756952,28.0206990885371 85.5523650279939,28.0208796287103 85.5525682028332,28.0210437677327 85.5527032017093,28.021186938543 85.5519223165217,28.0215634575947 85.5516012682539,28.0216815725699 85.5513253089714,28.0218406618054 85.5510474509387,28.0221414791269 85.551044468412,28.0223641956092 85.5509955825531,28.0226066778031 85.5509923287059,28.0228496412159 85.5510806106798,28.0230733201385</coordinates></LinearRing></outerBoundaryIs></Polygon></MultiGeometry>
  </Placemark>
  <Placemark>
	<Style><LineStyle><color>ff0000ff</color></LineStyle><PolyStyle><fill>0</fill></PolyStyle></Style>
      <MultiGeometry><Polygon><outerBoundaryIs><LinearRing><coordinates>85.5664857640502,28.0040887291707 85.5665749822035,28.0037974298365 85.566503687493,28.0036559831437 85.5665024447002,28.0036509331856 85.5663765470703,28.0036014820634 85.5661270871778,28.0034875054436 85.5660832055141,28.0033554230903 85.5660751508379,28.0031022148177 85.5658264968821,28.0029274962719 85.5655756981274,28.0029147544208 85.565323289954,28.0030234949379 85.5649803036224,28.0030806645792 85.5645357360628,28.0030557728761 85.5642727258876,28.0031036509158 85.5640655375797,28.0032432362656 85.5640405775021,28.0034049749628 85.5639691874171,28.0036269783911 85.5637280479104,28.0037459585654 85.5632715347095,28.0037614377394 85.5629843666371,28.0039103103585 85.5629588673432,28.0041125430042 85.5628759339966,28.0043445500523 85.5628845185849,28.0045572639722 85.5631793333679,28.0046919704617 85.5634063831134,28.0047753433097 85.5634360351584,28.0051199018857 85.5634656873408,28.0054644604456 85.5637721802038,28.0055790378575 85.5641024261675,28.0056229880078 85.5643887921068,28.0055348545641 85.564538282019,28.0054452911448 85.5646650933086,28.0053453657759 85.5646900530424,28.0051836269915 85.5647723123407,28.0050022365717 85.5649110658268,28.0048619357839 85.5651163781367,28.004864079176 85.5652068231789,28.0049257730879 85.5654358870111,28.004857289166 85.5655064703495,28.0046960263344 85.565701717165,28.0045968141281 85.5658968295513,28.0045077251987 85.566012366379,28.0043975559139 85.5662293522012,28.0043795694629 85.5663893069992,28.004360987872 85.5664700885339,28.0042909555757 85.5665048431815,28.0042508181465 85.5665079010974,28.0042388411685 85.5664857640502,28.0040887291707</coordinates></LinearRing></outerBoundaryIs></Polygon></MultiGeometry>
  </Placemark>
  <Placemark>
	<Style><LineStyle><color>ff0000ff</color></LineStyle><PolyStyle><fill>0</fill></PolyStyle></Style>
      <MultiGeometry><Polygon><outerBoundaryIs><LinearRing><coordinates>85.5592636334593,28.0023323698159 85.5592423031566,28.0022207717568 85.5592440541101,28.0020891657011 85.5592916980365,28.0019377907267 85.559248094727,28.0017854594086 85.5592034140133,28.0017141164242 85.5591945672513,28.0015216495536 85.5590476381304,28.001418859933 85.5589255416619,28.0011644561634 85.5586299335632,28.0010904822854 85.5583446535653,28.0010976157246 85.5580011313235,28.0011952622086 85.5576694188176,28.0012626568716 85.5573971624911,28.0011484255626 85.5570920382015,28.0009325992302 85.5566594279322,28.0008673080203 85.5563478282658,28.001137409647 85.556229316376,28.0014702882908 85.5562951871501,28.0016633541095 85.5562582702669,28.0018654653408 85.5559939101837,28.0020145628031 85.5556268962129,28.0021625811552 85.5553844010644,28.002382781748 85.555361454152,28.0023926655381 85.5550870364402,28.0024404060418 85.5548572965592,28.0025594902963 85.5547065871917,28.0027401547658 85.5547156961906,28.0029123745556 85.5550790666684,28.0030376939165 85.5554558697602,28.0030112793434 85.5559111646361,28.0030869377944 85.5563337267943,28.0030508765795 85.5566878527133,28.0030140955065 85.5569501907987,28.003016849756 85.5572476910999,28.0029490979246 85.5575088153927,28.0030429629039 85.558091330806,28.0029883247917 85.5582989302308,28.0028183781 85.5586874076669,28.0027718271554 85.5590420709987,28.0026945457878 85.5592032363892,28.0025848606349 85.5592498031039,28.002514474034 85.5592636334593,28.0023323698159</coordinates></LinearRing></outerBoundaryIs></Polygon></MultiGeometry>
  </Placemark>
  <Placemark>
	<Style><LineStyle><color>ff0000ff</color></LineStyle><PolyStyle><fill>0</fill></PolyStyle></Style>
      <MultiGeometry><Polygon><outerBoundaryIs><LinearRing><coordinates>85.4808162697125,28.0484560270717 85.4807846670446,28.0484888313249 85.4806691959552,28.0486573633097 85.4806593037372,28.0487421586548 85.4806929055945,28.0488274352565 85.4807003025341,28.0489201405207 85.4807248801726,28.0490284731183 85.4807756628733,28.049129377035 85.4808441688129,28.0492073211666 85.4808603732306,28.0492924052475 85.4808674448851,28.049408262757 85.4808837578233,28.0494856294168 85.4809086611829,28.0495708097318 85.4810280591601,28.0497419402241 85.4810796017223,28.0497888221158 85.4811738796143,28.0498902070407 85.4812510852192,28.0499682472144 85.4812838202535,28.0501152630383 85.4814642204173,28.0502793492756 85.4816822360337,28.0502431671577 85.4817437791226,28.0501975359692 85.4818840461766,28.0501219007031 85.4819630953674,28.0500687443452 85.4820166981284,28.0499689949021 85.4820449628511,28.0498149349799 85.4821777225725,28.0496543115709 85.4822731217093,28.0496237704597 85.4823413511689,28.0496476977414 85.4826611764811,28.0496512323886 85.4827082466811,28.0496678936679 85.4828908151419,28.049677629605 85.4831080709171,28.049695467131 85.4833519650059,28.0496750054408 85.4834919054369,28.0496225207361 85.4836577258456,28.0495857589358 85.4837540633101,28.0495405110497 85.4839905571886,28.0494273430018 85.4840181694066,28.0493195871214 85.4838989835232,28.049133024195 85.4838484143784,28.0490166864619 85.4838057862951,28.0489544667685 85.4836505065059,28.048860128573 85.4835648175961,28.0487665587754 85.4834469325866,28.0484873863586 85.4833348228555,28.0484166804882 85.4830499289906,28.0482591609517 85.4830084428078,28.0480554311707 85.4830258970594,28.0480353111549 85.4834181111045,28.0477359026952 85.4834467257386,28.0477061985578 85.4835443158682,28.04774747391 85.4836566416204,28.0478027447348 85.4837335228643,28.0479039358361 85.4838531402495,28.0480596291542 85.4840951904058,28.0481703623104 85.4842869964941,28.0481416051744 85.4843756076398,28.048026803875 85.4844398538075,28.0477882355625 85.4844601731475,28.0475800568999 85.4844357002048,28.0474640073827 85.4843849147242,28.0473631046934 85.4842477916359,28.0472149372168 85.4839978024331,28.0470500863352 85.4838339346964,28.0469479349555 85.483817295146,28.0468937208448 85.4838889413635,28.0467478579993 85.4838912146603,28.0465857919326 85.4838657682271,28.046539199217 85.4837715987447,28.0464300986771 85.4836852619565,28.0463828335826 85.483548672529,28.046286760396 85.4835780438356,28.0460974678021 85.4839037761644,28.0456555776464 85.4840680610373,28.0453334008807 85.4841716772924,28.0449509904251 85.4843498466052,28.044900475156 85.4845337056659,28.0448175993745 85.4847179971909,28.0447038535871 85.484833024902,28.0445661874409 85.4850094825027,28.0443906057494 85.4850561114894,28.0441672798389 85.4850761041537,28.0439822532233 85.4851031728741,28.0439130841415 85.4852270057932,28.0437677961131 85.4854018394526,28.0437079754278 85.4854983871324,28.0436472911653 85.4856227597861,28.0434634155349 85.4856499361271,28.0433865288798 85.4856268680868,28.0431701527497 85.4853980069004,28.043360594662 85.4850391013514,28.0435187270808 85.4847747956603,28.0437550886651 85.4845795354211,28.0440308048038 85.4843251162385,28.044182369608 85.4842668277668,28.0442287726115 85.4842527605933,28.04422563647 85.4841814260668,28.0442563029696 85.4838352059565,28.04458799507 85.4836624746052,28.0447267873541 85.4836132311427,28.0447587127056 85.4834167124862,28.0448539498444 85.4832558735326,28.0450145189937 85.483167912743,28.0451975390238 85.4829221489878,28.0453247005557 85.4827730499983,28.0455178678871 85.4826605418157,28.0457114393561 85.4826323497978,28.045981703652 85.4824219596338,28.046195839329 85.482359454372,28.0463033788488 85.4822109608009,28.0464532600475 85.4820505735511,28.0465813635357 85.4819877637229,28.0467105455559 85.481874948829,28.0469257589419 85.481689557891,28.0470968776453 85.4816400087275,28.0471504449069 85.4815288649982,28.0472466231433 85.4815024939902,28.0473870308749 85.4814770351316,28.0474625105237 85.481402482882,28.0475590932908 85.4813529333579,28.0476126604315 85.481302623502,28.0477203342731 85.481203524153,28.0478274684501 85.481140408384,28.047978292678 85.4811021434282,28.0480969226867 85.4810400919467,28.0481719974561 85.4808915939194,28.0483218770161 85.4808167363114,28.0484401020911 85.480808966143,28.0484497988221 85.4808162697125,28.0484560270717</coordinates></LinearRing></outerBoundaryIs></Polygon></MultiGeometry>
  </Placemark>
  <Placemark>
	<Style><LineStyle><color>ff0000ff</color></LineStyle><PolyStyle><fill>0</fill></PolyStyle></Style>
      <MultiGeometry><Polygon><outerBoundaryIs><LinearRing><coordinates>85.4780478055682,28.0536153081039 85.4779730933972,28.0537227099563 85.4778863355066,28.0538191552105 85.4777997299064,28.0539047790857 85.4775479934527,28.0540210408796 85.4774557458557,28.0540741329414 85.4774000160341,28.0541330414329 85.4773751624876,28.0541652348177 85.4773624307236,28.0542029741364 85.477367767285,28.0542571483476 85.4773966612692,28.0543711103456 85.4774448435829,28.0544149367108 85.4774556692881,28.054512463813 85.4773994817545,28.0546038362331 85.4774049708355,28.0546471891276 85.4774167877054,28.0546743776909 85.4773971943732,28.0547661559361 85.477310587604,28.0548517794462 85.4772537134722,28.0549918476964 85.4770635747263,28.055065499678 85.4769225334076,28.0551180500721 85.4768723678969,28.055214900556 85.4767984924618,28.0552627844527 85.4767552649378,28.0553001853517 85.4767696072498,28.0553730640092 85.4768291826648,28.0553172263979 85.4770599731582,28.0551375426692 85.4775637727385,28.0550216342695 85.4779306385135,28.0549042059431 85.478070137958,28.0547235083068 85.4781871000233,28.054522311349 85.4783032062429,28.0543818528359 85.4784666667536,28.0541204229163 85.478445270291,28.0540189390369 85.4784247291757,28.0538567165796 85.4784036178988,28.0537349865018 85.478268397335,28.0536119917174 85.4780600619932,28.0536096824384 85.4780478055682,28.0536153081039</coordinates></LinearRing></outerBoundaryIs></Polygon></MultiGeometry>
  </Placemark>
  <Placemark>
	<Style><LineStyle><color>ff0000ff</color></LineStyle><PolyStyle><fill>0</fill></PolyStyle></Style>
      <MultiGeometry><Polygon><outerBoundaryIs><LinearRing><coordinates>85.4937759209586,28.0604848472364 85.4936820659504,28.0605148994181 85.4935200427154,28.0606751167179 85.4931750069724,28.0608636991359 85.4930699002095,28.0610346653224 85.4930207223384,28.0612872430511 85.4929049092553,28.0614074680305 85.4925939969218,28.0613902533835 85.4925523530057,28.0613774293936 85.4924404394001,28.0612912954448 85.4923446331231,28.0612979618598 85.492264933928,28.0613974286629 85.4922283031132,28.0615282429949 85.4921138040525,28.0616273274531 85.4920256199696,28.0617112636394 85.4919722353819,28.0617955820729 85.4919353885635,28.0619418311871 85.4919810138271,28.0619769466506 85.4920496933348,28.062167553179 85.4923549889641,28.0623734006605 85.4924221504331,28.0623902342964 85.4924422212111,28.0624105160927 85.4925878587721,28.0625742066838 85.4927348967833,28.0626375703447 85.4928638888982,28.0627470474842 85.4930270352271,28.0629032112435 85.4932968429538,28.0628984544359 85.4933674118146,28.0628297613594 85.4934371194367,28.0628228078241 85.4937013480952,28.0625941487188 85.4937901773856,28.0624639067478 85.4938695532225,28.0623875913989 85.4939490365516,28.062303558549 85.494185441637,28.062198091259 85.4942351317331,28.0621712943776 85.4946176568378,28.0621754899596 85.4948708350683,28.0620263956511 85.4951696601904,28.0618778012703 85.4954782043768,28.0618508092509 85.4956261360329,28.0618828046866 85.4956946074194,28.0618835550682 85.4957761823919,28.0617629524857 85.4957508418683,28.0616513389734 85.4958218977246,28.0615290747379 85.4958236171998,28.0614055954155 85.495763685194,28.0613354709657 85.4956264216638,28.0611950313099 85.4954968909525,28.0611241439911 85.4953064613814,28.0610525890294 85.4951513690592,28.0609428280278 85.4950411740303,28.0607332168402 85.4950688862985,28.0606177411358 85.4950812416639,28.060355443004 85.4949958564341,28.0602387273865 85.4947717049707,28.0600896156681 85.4945112492993,28.0600481663353 85.4943111544227,28.060045971757 85.4941183607694,28.0601441992134 85.4940216948393,28.0602126064661 85.4938633770168,28.0603343676599 85.4937759209586,28.0604848472364</coordinates></LinearRing></outerBoundaryIs></Polygon></MultiGeometry>
  </Placemark>
  <Placemark>
	<Style><LineStyle><color>ff0000ff</color></LineStyle><PolyStyle><fill>0</fill></PolyStyle></Style>
      <MultiGeometry><Polygon><outerBoundaryIs><LinearRing><coordinates>85.4946130167957,28.0632654627903 85.4945338059779,28.0632781632884 85.4942337059275,28.063517864473 85.4941970704941,28.0636895825441 85.4942165075018,28.063932788652 85.4942118604017,28.0639396022148 85.4939595171657,28.0640480838648 85.4938802477293,28.0641166817553 85.4938006553203,28.0642084319375 85.4937116092413,28.064354108722 85.493709133716,28.0645316099985 85.4936805577188,28.0647088248409 85.4936880738893,28.0647938122281 85.4936950518949,28.0649173868454 85.4937990233871,28.0649494023157 85.4939997729767,28.0649052933074 85.4940432226413,28.0648961627986 85.4943029877436,28.0650012433669 85.4945200618456,28.0650344989586 85.4947734398955,28.065071401138 85.494789122081,28.0650837615703 85.4948828881949,28.0652237251299 85.4950549564167,28.0653645471841 85.495141528365,28.0653963708818 85.495368594002,28.0653371111391 85.4954739640752,28.0652687984972 85.4957271298796,28.0652098242357 85.4958508673326,28.0650722449041 85.4960872769169,28.0649667745416 85.4962541921266,28.0648528237976 85.4964006491729,28.0646630718903 85.4964321457679,28.0646556814329 85.4965917755864,28.0646675546555 85.4969142756753,28.0644584677154 85.4972487500884,28.0642090122297 85.4973307477791,28.0640580392557 85.4973899209912,28.0639068163663 85.4974255656654,28.0638059594457 85.4975887147743,28.0635647521931 85.4977421406532,28.0632019417451 85.4977329202724,28.063188952849 85.4977576957158,28.0631094380624 85.4978037718892,28.0629246950146 85.497909352733,28.0628409454018 85.4981901139618,28.0626742074096 85.4982710964342,28.0624821274265 85.498457443834,28.0622217322291 85.4985746198226,28.0619297056155 85.4986653735815,28.0616605458151 85.4987802959616,28.0615305857873 85.4989315191042,28.0612929616284 85.4989256075637,28.0610922123011 85.4987626694762,28.0609206203531 85.4985191805451,28.0609102386528 85.4983117785682,28.0608076276088 85.4981057719028,28.0606046891984 85.4979594843383,28.0604873089953 85.4976724974046,28.0604764498613 85.4973675741504,28.0605039869909 85.4971740306596,28.0606562410546 85.4970074452086,28.0607470408855 85.4967539683772,28.0608291703633 85.4966393666495,28.0609359762581 85.4965516161844,28.060989045676 85.4963498005358,28.061110333364 85.4962251015466,28.0613173705562 85.4961972828466,28.0614405639828 85.4961081349434,28.0615939600515 85.4960272568841,28.0617783212009 85.4959990079892,28.0619323843971 85.4959099668341,28.0620780628425 85.495847347713,28.0622008748463 85.495654551407,28.0622991043362 85.4955143845575,28.0623670358513 85.4953460750051,28.0625813127659 85.495214715108,28.0626416218613 85.4948735873657,28.0627690985711 85.49467917587,28.0629830883908 85.4946076396539,28.0631212392324 85.4946130167957,28.0632654627903</coordinates></LinearRing></outerBoundaryIs></Polygon></MultiGeometry>
  </Placemark>
  <Placemark>
	<Style><LineStyle><color>ff0000ff</color></LineStyle><PolyStyle><fill>0</fill></PolyStyle></Style>
      <MultiGeometry><Polygon><outerBoundaryIs><LinearRing><coordinates>85.4953200511959,28.0671437376294 85.4953536395519,28.0670350456707 85.4955127185727,28.0668592610346 85.4957574027971,28.0667847566037 85.4957754943645,28.0667816196685 85.4957925265783,28.0667619856529 85.4958198099519,28.0666773797307 85.4959437640277,28.0665243654996 85.4959371058731,28.0663776385633 85.4959214250004,28.0662539686425 85.4957663248079,28.0661442081026 85.4956624590253,28.0661044766093 85.4954716981732,28.0660560739368 85.4952985530758,28.0659924268627 85.4952300262989,28.0659144893104 85.4951584618899,28.0658455885624 85.495161607154,28.0658288342765 85.4951372269869,28.0657050689073 85.4950698834384,28.065542239329 85.4951065124494,28.0654114242315 85.4950949126939,28.0653792350511 85.4950549564167,28.0653645471841 85.4948828881949,28.0652237251299 85.494789122081,28.0650837615703 85.4947734398955,28.065071401138 85.4945200618456,28.0650344989586 85.4943029877436,28.0650012433669 85.4940432226413,28.0648961627986 85.4939997729767,28.0649052933074 85.4937990233871,28.0649494023157 85.4936992107534,28.0649186674657 85.4936336125339,28.064955305723 85.4935713119778,28.0650549641364 85.4934395174797,28.0651461411369 85.4933432771536,28.0651836778944 85.4931685197144,28.0652357898903 85.4930373707681,28.0652806618193 85.4928888213256,28.0653253425608 85.4927224405434,28.0654007018265 85.492591398945,28.0654378558714 85.4924596031824,28.0655290318757 85.4923893551114,28.0655745720458 85.492275282676,28.0656427866598 85.4921603481142,28.0657727406913 85.492125008443,28.0658109455776 85.4920540057555,28.065910507637 85.4919735483471,28.0660639961359 85.4918935217787,28.0661866148221 85.4918058725119,28.0662319634718 85.4915960960504,28.0662991258293 85.4915167156595,28.066375439647 85.4914552747265,28.0664133574795 85.4913764331894,28.0664510840263 85.491303635214,28.0664823770656 85.4912282049682,28.0664726105661 85.4909575257116,28.0665391024309 85.4907639623901,28.0666913465539 85.4907351651323,28.0668839953862 85.4907854256792,28.0670234832046 85.490775748363,28.0671554025123 85.4907581736915,28.0671954563997 85.4907449220536,28.0673269316471 85.4908690443108,28.0674295433713 85.4909742982486,28.067447716661 85.4909968948863,28.0674580510349 85.4911348067054,28.0675521906688 85.4912722874868,28.0676771999101 85.4914630489969,28.067725608448 85.4915248326553,28.0677358405975 85.4916100931551,28.067788973515 85.4916773248435,28.0679595220275 85.4916830070524,28.068175705836 85.4918027650351,28.0683236756658 85.492176021637,28.0683895257745 85.4924201726849,28.0683536147229 85.4926381145568,28.0683251340079 85.4927682979642,28.0683497195816 85.4930553047883,28.0683605897525 85.4932828084329,28.0682704640092 85.4933798052879,28.0681789053283 85.4935460823679,28.0681112628853 85.4938249264921,28.0680834487141 85.4940078506188,28.0680700187556 85.494193034587,28.0678945222159 85.494387779129,28.0676573812763 85.494748152586,28.0673989007202 85.495238061795,28.0672113070364 85.4953200511959,28.0671437376294</coordinates></LinearRing></outerBoundaryIs></Polygon></MultiGeometry>
  </Placemark>
  <Placemark>
	<Style><LineStyle><color>ff0000ff</color></LineStyle><PolyStyle><fill>0</fill></PolyStyle></Style>
      <MultiGeometry><Polygon><outerBoundaryIs><LinearRing><coordinates>85.4943248393189,28.0692059103236 85.4944521878878,28.0692789991051 85.4946786166142,28.0692660455358 85.4948982810107,28.0691140821541 85.4950646662548,28.0690387204523 85.4953602683467,28.0690573987305 85.4956303066203,28.0690372030342 85.4958231152812,28.0689389741383 85.4960063632085,28.0689023892141 85.4962350479725,28.0687273665732 85.4963079832541,28.0684888881868 85.4964670630343,28.068313102503 85.4965829624324,28.0681136877387 85.4966040162948,28.0678514849401 85.4965457994944,28.0676578814856 85.4965657788934,28.0674728532118 85.4967509578012,28.0672973530044 85.4969366731705,28.0670832652431 85.4969659965465,28.0668520274097 85.4969937086678,28.066736551397 85.4970850079433,28.0664288058503 85.4971763066582,28.0661210602093 85.4971880138637,28.0659050666623 85.4971629869971,28.0658276063091 85.4971377453786,28.0657655808669 85.497025501354,28.0657026027646 85.4969378544843,28.0657479547944 85.4967700791692,28.0659236459784 85.4967250739476,28.0660312139264 85.4966269000926,28.066207667192 85.4965271143168,28.0664998821891 85.4964198095698,28.0667071097785 85.4961755557867,28.0667507456042 85.4959667480191,28.066748457634 85.4957574027971,28.0667847566037 85.4955127185727,28.0668592610346 85.4953536395519,28.0670350456707 85.4953200511959,28.0671437376294 85.495238061795,28.0672113070364 85.494748152586,28.0673989007202 85.494387779129,28.0676573812763 85.494193034587,28.0678945222159 85.4940078506188,28.0680700187556 85.4938249264921,28.0680834487141 85.4936182306281,28.0681040662896 85.4935985752043,28.0681378831592 85.493391313305,28.0682672291998 85.4930211669359,28.0686175298077 85.4927675465238,28.0687969892898 85.4926621481725,28.0689882009294 85.492660028545,28.0691400480321 85.4928300879362,28.0692229131911 85.493264334015,28.0691871824304 85.4937890338975,28.0692131911759 85.4939717776901,28.0692050718934 85.4942455404479,28.0692182003796 85.4943248393189,28.0692059103236</coordinates></LinearRing></outerBoundaryIs></Polygon></MultiGeometry>
  </Placemark>
  <Placemark>
	<Style><LineStyle><color>ff0000ff</color></LineStyle><PolyStyle><fill>0</fill></PolyStyle></Style>
      <MultiGeometry><Polygon><outerBoundaryIs><LinearRing><coordinates>85.4935616058987,28.0735674259437 85.4936456772274,28.0733526167112 85.4937285348233,28.0731409077144 85.4937540443435,28.0729488186041 85.4936548577795,28.0726946126791 85.4934742268658,28.0725508842248 85.4932470968059,28.0724673931554 85.4932290631338,28.0724676273901 85.4931541664871,28.0723444834431 85.4931467582128,28.0722517786769 85.4931561052062,28.0722055695947 85.4931482661082,28.0721437345718 85.4931483738147,28.0721360171356 85.4931753376879,28.0720745642451 85.4932812543342,28.0719676664772 85.4933954407436,28.0718917338848 85.4935178970013,28.0718467664515 85.4936066269989,28.0717242425108 85.493624674451,28.0716781288872 85.4936863330891,28.0716247753207 85.4937934330172,28.0714329852837 85.4937066414281,28.0714165954681 85.4935671073716,28.0714382197695 85.4934356278606,28.0715062440682 85.4932951244064,28.071597325023 85.4931729914612,28.0716191399559 85.4930244332158,28.0716638204683 85.4927996372521,28.0717128884735 85.4927016451838,28.071722024574 85.4925973444025,28.0717131603663 85.4924768275012,28.071619213153 85.4924002453073,28.071494874009 85.4923587892868,28.0713477648559 85.4924308730606,28.0711710284963 85.4924769623815,28.0709862879335 85.4925139199107,28.0708323215159 85.4924118828183,28.0706613910613 85.4923176845814,28.0705522956012 85.4922144626302,28.0704662567985 85.4919811629728,28.0703479142103 85.4917814804346,28.0703148454737 85.4914681512728,28.0703191204068 85.4912436612223,28.0701931548086 85.491043979247,28.0701600850178 85.4908268962584,28.0701268235921 85.4905843589891,28.0700469701836 85.4902362284279,28.070050859567 85.4900527611195,28.070102871482 85.4897478094477,28.070130390511 85.489442425804,28.0701887785566 85.4891380137212,28.070177709093 85.4888149045061,28.0702590564269 85.4887609728562,28.0703819603606 85.4887417354504,28.0705129649262 85.4887640567913,28.0707833621261 85.488832905685,28.0708381505265 85.4889599590382,28.0710865450399 85.4889593110313,28.0711328495742 85.4894620053174,28.0712773184763 85.4896453669429,28.0712330248733 85.4901166055382,28.0711378682049 85.4903429304398,28.071132639393 85.49066431526,28.0711747673828 85.4908983701489,28.071239090206 85.4912288875932,28.0712504428469 85.4913676669482,28.0712828429475 85.4914793739746,28.0713844128813 85.4914776488117,28.0715078917771 85.4914055632497,28.0716846275581 85.49140405364,28.0717926715836 85.4913235905293,28.0719461593683 85.4912436663931,28.0720610599464 85.4912077850154,28.0721378516166 85.4912669647255,28.0722620000729 85.4912833956585,28.0723316482433 85.4912234392391,28.0724460174996 85.4908490942362,28.0725321658294 85.4906769086747,28.0726011449973 85.490380029054,28.0726080042383 85.4899005414007,28.072612853577 85.4896019623817,28.0727411885815 85.48932592544,28.0728900204162 85.488880250687,28.0729256123913 85.4884558427846,28.0730728085859 85.4883626958887,28.0732034033727 85.4883032209992,28.0733748677091 85.4880160511853,28.0735033248146 85.4877632617968,28.0736220354882 85.4873226141662,28.0741132879157 85.4872642718355,28.0742037668371 85.4872167751691,28.0743348639733 85.4870213326213,28.0744339560163 85.4868597036329,28.0745637946255 85.48668580964,28.0747542457884 85.4866731192951,28.0748452278591 85.4866591517691,28.075027317857 85.4864501653082,28.0752781296756 85.4863229161244,28.075398222109 85.4859896595844,28.0755565403437 85.4857355852559,28.0757663548566 85.4855726745966,28.0759872996604 85.4855582789262,28.0761997587282 85.4854180519445,28.0764310783148 85.4850387111347,28.076619259413 85.4848294335856,28.0768903146239 85.4847802275206,28.0771428878039 85.4848231815894,28.077335730656 85.4848563706428,28.0773586448788 85.4848598314114,28.077393748203 85.4849112799954,28.0774483464544 85.4849883988111,28.0775341024987 85.4850662759103,28.0775658366951 85.4851302190104,28.0775477132557 85.485151046981,28.0775620931017 85.4855987298749,28.0773847907319 85.4858642218851,28.0771751026201 85.4862181812024,28.0771688832235 85.4865060726039,28.0769898149124 85.4867477417164,28.0768507349052 85.4871029769108,28.0767534052601 85.4872389449649,28.0768257769456 85.4874879128946,28.0769803914283 85.4878187611652,28.0769941624726 85.4883347765663,28.0768277286475 85.48837242449,28.0767866835873 85.4884101670161,28.0767922601033 85.4884967457979,28.0768240882226 85.4885220927038,28.0768783976514 85.4885389546354,28.0769171764064 85.4885640854704,28.0769869206571 85.4885022050978,28.0770557064919 85.4883800651629,28.0770775168635 85.4882932700681,28.0770611234918 85.4881540521025,28.0770595897059 85.4880144017649,28.0770889254281 85.4878743189339,28.077149130652 85.487777417277,28.0772329674188 85.4877155362716,28.0773017528714 85.4876713818425,28.0773475778563 85.4874520149255,28.0774763762145 85.4873982940213,28.0775838444679 85.4873771472214,28.0776774390393 85.4873754040147,28.0776777532746 85.4871572702066,28.0777664704963 85.4868252844771,28.0778336825693 85.4864260946287,28.0778090305753 85.4861624476542,28.077887119481 85.4861150898009,28.0780080929562 85.4861084490293,28.0780604111315 85.4859630774053,28.078154629611 85.4858743333266,28.078277147954 85.4858282290824,28.0784618855483 85.4858092027318,28.0785774545535 85.4858243317549,28.078739712048 85.4859529019709,28.0788800655245 85.4859784645044,28.0789189405707 85.4859772267658,28.0790071820052 85.4857698958403,28.0790167501907 85.4854828499686,28.0791350780972 85.4854116690466,28.0793266609324 85.4852948330298,28.0795177397331 85.4851333362246,28.0796374527482 85.4850637172449,28.0797176813743 85.4849483011272,28.079807528946 85.4846167343245,28.0798443660954 85.484443111831,28.0800145676166 85.4842693466259,28.0801948919771 85.4843227194075,28.0804587225913 85.484252246294,28.0805996892556 85.484192475959,28.0807913973847 85.4844505875825,28.0811081129164 85.4847594727114,28.0810609011483 85.4849877500649,28.0810634219261 85.4852977714474,28.0809352242287 85.4855726983289,28.0808673864029 85.4856888252886,28.0807269228915 85.485576391428,28.080604186068 85.4855566887203,28.0803812261274 85.4857073405547,28.0802208943209 85.4857636993634,28.0802721395966 85.4860356423645,28.080416885698 85.4860904395154,28.0805794848653 85.4862141458118,28.080712470309 85.4864081810649,28.0807146109133 85.4866358900895,28.0807576212994 85.4869457668884,28.0806395428572 85.4870600471339,28.0806306783611 85.4874145853563,28.0805839639258 85.4875536791597,28.0804336272736 85.4876685265373,28.0803842698599 85.4879218995074,28.0802250676879 85.4881290494274,28.0801058543778 85.4884499113201,28.0800182674658 85.4887120029606,28.0800515284867 85.4888268494409,28.080002170064 85.4888519446774,28.079840451772 85.4887633276155,28.0796471070996 85.4886623049225,28.0795244984033 85.4883439966241,28.0794298699998 85.4880165440878,28.0791731454531 85.4875373112497,28.0791577391851 85.4874471366655,28.0790757478706 85.4876542848053,28.0789565351927 85.4879517490272,28.0789091901281 85.4882275199705,28.0787806080672 85.4885821934664,28.0787237672393 85.4887760836277,28.0787360274649 85.4890380305987,28.0787794108603 85.489244326399,28.0787209343447 85.4895196704593,28.0786227189375 85.4898038782734,28.078706844605 85.4898131674216,28.0788588169119 85.4900505885266,28.0790234245176 85.4903232425717,28.0791175466747 85.4907110250013,28.0791420620006 85.4910203269822,28.0790644664431 85.4911916738299,28.0790562260105 85.4914307953811,28.0790993538898 85.491514822321,28.0790790564774 85.4915197759835,28.0790803134237 85.4916582418597,28.0791358658574 85.4917362300794,28.0791598789579 85.4918135713327,28.0792301965561 85.4918559995832,28.0793078489885 85.4918549212682,28.0793850232229 85.4918712456111,28.0794623887333 85.4918957321642,28.0795784369953 85.492085975688,28.0796654325321 85.4922167115318,28.0796514319945 85.4923921398212,28.0795530176893 85.4925244922679,28.0794232554678 85.4926839183042,28.0792243230256 85.4927206634047,28.0790857916823 85.4928003760576,28.0789863253525 85.4929443378699,28.0786482876936 85.4930413447611,28.0785567297585 85.4932005530533,28.0783732314634 85.493341281127,28.0782667161776 85.4935973866804,28.077999376548 85.4937317818558,28.0777229817998 85.4937598238313,28.0775843545626 85.4938235318885,28.0773843698892 85.4938879934272,28.0771303631394 85.493952562305,28.0768686389048 85.4940159465266,28.0766918063939 85.4939578381031,28.076490484643 85.4938800665742,28.0764510379843 85.493811103875,28.0764039693555 85.4937869388359,28.0762647690304 85.4939118764106,28.0760423004707 85.4938541991644,28.0758101089404 85.4938572139816,28.07559402077 85.4938794611523,28.0752469271913 85.4938486409444,28.0749610000911 85.4939744380256,28.0746767918815 85.4940479391336,28.0745256244301 85.4942701275847,28.0744124374082 85.4944995212266,28.0743339566965 85.4946422084375,28.0742399817021 85.494668377635,28.0742135700664 85.4947132810822,28.0741137205678 85.4947383815493,28.0740758545397 85.494819951532,28.0739527995815 85.4949520788044,28.0738384694175 85.4951030060196,28.0736240032072 85.4951649878251,28.0735474966805 85.4953674739798,28.0733799072437 85.4954399846158,28.0731722994431 85.4954853170556,28.0730415798592 85.4955913400335,28.0729269628266 85.495653858732,28.0728118688215 85.4956985455827,28.0727274538119 85.4957529008607,28.0725736771511 85.4956760991252,28.0724647745697 85.4954757660565,28.0724780156896 85.4953180764433,28.0725534730574 85.4951775730759,28.0726445559353 85.495061773436,28.0728362516542 85.4950160102814,28.0729978408527 85.4949358739697,28.07312817857 85.4948033172144,28.0732733785259 85.494663027679,28.073349025934 85.4945410005632,28.0733631245735 85.4942797598111,28.0733756957141 85.4941315224372,28.0733972250233 85.4939997178531,28.0734884020785 85.4937549094764,28.0735706201054 85.4935634904817,28.0735685189696 85.4935616058987,28.0735674259437</coordinates></LinearRing></outerBoundaryIs></Polygon></MultiGeometry>
  </Placemark>
  <Placemark>
	<Style><LineStyle><color>ff0000ff</color></LineStyle><PolyStyle><fill>0</fill></PolyStyle></Style>
      <MultiGeometry><Polygon><outerBoundaryIs><LinearRing><coordinates>85.5035479026631,28.077881415253 85.5035264546511,28.0777940955079 85.5034823821301,28.0777451023554 85.5034056782144,28.0776375672897 85.5033020913515,28.0775434041771 85.5032204254127,28.077489351514 85.5031692770357,28.0773957602912 85.5030876112754,28.0773417075548 85.502907823328,28.0773397461564 85.5026666314871,28.0774434382495 85.5025312373947,28.0774818321729 85.5024111020991,28.0775004567914 85.5023425753377,28.0775794516876 85.502293488669,28.0776430474197 85.5022510217853,28.0776980666094 85.5021520690299,28.0778099554615 85.5020087220908,28.0778814882007 85.5018808184397,28.0779199632298 85.5016639425353,28.0778910143223 85.501506811855,28.077876008 85.5013198086952,28.077854030007 85.5011933809488,28.0777861968075 85.5010215449338,28.0777510936177 85.5010021792925,28.0777316329924 85.5008811501557,28.0776100100204 85.5007403866154,28.0774955031813 85.5006220968523,28.0773812417734 85.5004517384788,28.0772398303475 85.500331695491,28.0772518089204 85.5001418318675,28.0774358002234 85.4999380932265,28.0775398968084 85.499884362365,28.0776323426297 85.4998679949737,28.077731842134 85.4998581619401,28.0777480040719 85.4995970779724,28.0779739297232 85.4997487081465,28.0785628201141 85.499743924294,28.0789070075171 85.4996483931784,28.0792097038794 85.4997571839177,28.0795956318612 85.4997304164904,28.0798788306755 85.4994731201141,28.0803215037281 85.4993322127137,28.0806034541244 85.4993471584307,28.08117060041 85.4996656234194,28.0812550806737 85.499890807278,28.0814802860985 85.4999993193921,28.0818864601974 85.5002684733919,28.0822336420655 85.500494504419,28.0823981076552 85.5007647862919,28.0826643033749 85.5008070677551,28.0829077580512 85.5008268022903,28.0831307169594 85.5010736959435,28.0834371553318 85.501322277975,28.0836221153935 85.5015702986232,28.0838475676723 85.5021624346699,28.0839552804157 85.5028061278287,28.0836383159415 85.5033162163006,28.0830768981279 85.5037302145124,28.0828586702238 85.5039379146653,28.0826989399141 85.5041709680133,28.0823572410136 85.5041109021125,28.0817491039064 85.5042064234585,28.0814464041488 85.5040970538611,28.081100971814 85.5043078362861,28.0807185308647 85.5044718394458,28.0804165773248 85.5043469365356,28.0795444910389 85.5041750581133,28.079367381455 85.5041862104791,28.0793568160545 85.5042261698046,28.0793501561669 85.5042472594486,28.0793146367665 85.5042816688678,28.079274677441 85.5043071984368,28.0792291682091 85.5043138583244,28.0791647892959 85.5043016485305,28.0791159501203 85.5043149683057,28.0790626710196 85.5043149683057,28.0790160518065 85.5042627991863,28.0789616627246 85.5042339396734,28.078933913193 85.5042228398608,28.0789061636614 85.5042061901418,28.0788717542422 85.5041651208351,28.0788195851229 85.5041307114159,28.0788084853102 85.5040863121654,28.0787762958536 85.5041074018094,28.0787540962283 85.5041384812848,28.0787407764531 85.5041495810974,28.078710806959 85.5041629008726,28.0786874973525 85.5041717807227,28.0786775075211 85.5042117400482,28.0786652977272 85.5042472594486,28.0786220084579 85.5042550293174,28.0786064687202 85.5042583592612,28.0785853790762 85.5042483694299,28.0785542996008 85.5042516993737,28.0785320999756 85.5042639091676,28.0785054604252 85.5042627991863,28.0784688310435 85.5042650191488,28.0784399715307 85.5042838888303,28.0784188818866 85.5043083084181,28.0783900223738 85.5042960986242,28.0783478430858 85.504282778849,28.0783145436479 85.5042750089802,28.0782879040975 85.5042738989989,28.0782712543786 85.50425724928,28.0782213052217 85.5042228398608,28.0781946656714 85.5041806605728,28.0781724660461 85.5041207215845,28.078163586196 85.5040918620717,28.0781702460836 85.5040607825963,28.0781735760274 85.5040541227087,28.0781624762147 85.5040630025589,28.078142496552 85.504076322334,28.0780936573764 85.5040630025589,28.0780359383507 85.5040319230835,28.0780092988004 85.503912045107,28.07798265925 85.5038498861562,28.0779515797746 85.5037744074303,28.0779160603742 85.5037300081797,28.0778938607489 85.5036101302033,28.0778938607489 85.5035479026631,28.077881415253</coordinates></LinearRing></outerBoundaryIs></Polygon></MultiGeometry>
  </Placemark>
  <Placemark>
	<Style><LineStyle><color>ff0000ff</color></LineStyle><PolyStyle><fill>0</fill></PolyStyle></Style>
      <MultiGeometry><Polygon><outerBoundaryIs><LinearRing><coordinates>85.5091364256158,28.0549935999869 85.5084983798702,28.0550270712415 85.508182778733,28.0547401492136 85.5077296859107,28.0544922311437 85.5073406991596,28.0543337693439 85.5073117287779,28.054298612407 85.5072436265194,28.0541898106522 85.5072401003159,28.0541844490953 85.5071770171149,28.0539729637806 85.5071793628019,28.0538031786409 85.5072008129991,28.0535101025622 85.5069776169233,28.0532915529686 85.506701372936,28.0531341753975 85.5063580959537,28.0527908201029 85.5063267126738,28.0525434813993 85.5064360100767,28.0521896117694 85.5064404900756,28.0518654765244 85.5061820755084,28.0516774172809 85.5058701865842,28.0515813996596 85.5052427810043,28.0516517574258 85.5051379642399,28.051681490942 85.5048742136549,28.0518793043811 85.504697026712,28.0521089346974 85.5044156622662,28.0523219926866 85.504168879902,28.0525508641485 85.5040264872555,28.0527808725759 85.5037451197395,28.0529939290519 85.5035168017421,28.0531458138685 85.503411127993,28.0532372859369 85.5033574359125,28.0533447618856 85.5034057835295,28.053623160615 85.5034556277909,28.0537935144204 85.503592465438,28.0539648163963 85.5036053752032,28.0542891407533 85.5034638340336,28.0544574084647 85.503375130058,28.0545799400569 85.5033723507266,28.0547805948498 85.5036116583819,28.0550919496442 85.5038876887041,28.0552647683964 85.5041993724374,28.055376225803 85.5043707973411,28.0555633412015 85.5043970997161,28.0557284762247 85.5043158229112,28.0557634274131 85.5040883544391,28.0558535729796 85.5038593894425,28.0560517630451 85.5037711120078,28.0561434248652 85.5036458986895,28.0563890571716 85.5034160765098,28.0566489863291 85.5032412303993,28.0567088294258 85.5030489850087,28.0567684825748 85.5025976782004,28.0566863742916 85.5024247571611,28.0566073015697 85.5019556245198,28.056555871362 85.5017812059236,28.0565848426365 85.5015898163187,28.0565827538504 85.5013627722333,28.0566420248034 85.5012392658639,28.0567641749485 85.5011164016242,28.0568400200801 85.5010109363177,28.0569160550725 85.5008672458457,28.0572386693649 85.5009527424701,28.0573476640518 85.5012652852359,28.0573973883542 85.5019421412946,28.057528274389 85.5021490058544,28.0576694673057 85.5023554430245,28.0578415298682 85.5025616669135,28.0580290271123 85.502752417424,28.0580774195585 85.5029438097781,28.0580795068259 85.5032756796535,28.0579905016229 85.5035910049049,28.0578395660262 85.5037669215352,28.0577025476567 85.5040111522677,28.0576588973549 85.5042545280413,28.0576769865451 85.5043917989681,28.057817417901 85.5044599003932,28.0579262209928 85.5047694560662,28.0581920272389 85.5049765393583,28.0583177810849 85.5051479700754,28.0585048956669 85.5051636608767,28.0586285650324 85.5051277941538,28.0587053610424 85.5048223259727,28.0589300228715 85.504776173973,28.058963966009 85.5045472033089,28.05916215693 85.5043869751299,28.0594228456287 85.5043424371965,28.0596431790432 85.5043661122077,28.0599985712212 85.5042900399988,28.0601396243053 85.5042956409869,28.0603635262778 85.5042753561138,28.0605717088898 85.5041327385362,28.060817151745 85.5040969771638,28.060886229918 85.5039740030915,28.0609697949477 85.5036866929466,28.0609821007779 85.5035135504878,28.0609184641511 85.503296801922,28.0608620705253 85.503182206361,28.060968882132 85.503232160025,28.0611315184754 85.5032034937942,28.0613164535082 85.5030548466023,28.0613688631366 85.5028792438028,28.0614827278097 85.5028421978072,28.0616444153988 85.5028492932523,28.06176027252 85.5028987118971,28.0619614963722 85.5031064415839,28.0620409482723 85.5032119106758,28.0619649118605 85.5032899965068,28.0619812005881 85.5033409131265,28.0620743795413 85.5033205190014,28.062290279362 85.5032843288327,28.0623902272025 85.5032303108035,28.0625208552311 85.5032121621709,28.0625746878777 85.5032620095633,28.0627450416864 85.5033556781268,28.0628927173306 85.5034585816381,28.0630019003558 85.5034998364492,28.0631644417543 85.5035154188437,28.0632958286634 85.5035999604334,28.0634742792424 85.5037479726796,28.0635552671138 85.5038158591126,28.0635924124458 85.5038842840046,28.0636780634018 85.5038480938224,28.0637780113737 85.5038225112306,28.0637979360318 85.5038239006196,28.0638024593393 85.5038028827218,28.0639010169486 85.5038190000866,28.0639938164124 85.5037824889933,28.0641169168048 85.5037201981004,28.0642165802183 85.5036315927713,28.0643313940281 85.5034718888267,28.0645534936812 85.5033214191372,28.0647371005803 85.5032852280383,28.0648370483551 85.5032928587479,28.0649143180267 85.5033956570777,28.0650312186201 85.5034285630516,28.065091435895 85.5034550614451,28.0651399273736 85.5035745121118,28.0653110399275 85.503832418794,28.0655376922091 85.5039686295999,28.065755299013 85.504027145014,28.0659301086552 85.5040977268788,28.0659687278639 85.5041214932632,28.0660271177099 85.5042127074887,28.0660934924171 85.504250715102,28.0661211497309 85.5042589878656,28.0661521144715 85.5042588526747,28.0661618756789 85.5042573845764,28.0662678767044 85.5042648022632,28.0663605813012 85.5043407538076,28.0665312191925 85.5044702970472,28.0666020985835 85.5045212166909,28.0666952771613 85.5045520715579,28.0667394752326 85.5046763911823,28.0672971737663 85.5049337007734,28.067665752821 85.5049594254056,28.0677266311441 85.505071462753,28.0678050379644 85.5051545279941,28.0678281319536 85.5052448307169,28.0678532380565 85.5053223870394,28.0679081132099 85.5053296011474,28.0679153281806 85.5054082166533,28.0679939530034 85.50548737787,28.0680803488313 85.5054939395969,28.0680875102319 85.5056412068024,28.0681354256259 85.5056930892677,28.0681591464505 85.5058215675243,28.0683071995118 85.5058716348462,28.0684621175247 85.5059383558911,28.0686712473453 85.5058925041313,28.0688405584473 85.5058386991691,28.068955752412 85.5058193759233,28.0690944776929 85.5057821175407,28.0692716009398 85.5057113382617,28.0693557354488 85.5056149911526,28.0694009982948 85.5054577399162,28.0694455978645 85.5054226171516,28.0694683713259 85.5053694522809,28.0695372601707 85.5053162873413,28.0696061489916 85.5052472963711,28.0696955443271 85.5052345305251,28.0698546842205 85.505277379063,28.0700576453638 85.5053080382991,28.0702826615717 85.5053068865264,28.0702852873825 85.5052621013084,28.0703774233605 85.5052094700469,28.070407724709 85.5050177351001,28.0704287922025 85.504956509946,28.0704512811935 85.5049021688183,28.0706050620934 85.5049181809944,28.0707055788949 85.5049953117052,28.070791324202 85.5051416206997,28.070908697567 85.5052271319188,28.0710176899643 85.5052435717918,28.0710873368153 85.5053200620334,28.0712193868373 85.5054080643149,28.0712632155451 85.5054151290077,28.0712667340449 85.5054752863301,28.0713214196739 85.5055261020676,28.0714223154167 85.505594426203,28.0715156831496 85.5056541565114,28.0716012386312 85.5057568566947,28.0717258551703 85.5058770654547,28.0718429436117 85.5059715992828,28.0719288778689 85.5060485181177,28.0720300575987 85.5061687275293,28.0721471458047 85.5063592910113,28.0722109691286 85.50659399926,28.0722289607123 85.5068375151446,28.07223932908 85.5070710497399,28.072342212189 85.5072705283764,28.0723906939598 85.5075571221598,28.0724324042052 85.5077718701157,28.0725101516048 85.5078270554333,28.0724961187337 85.5078346953859,28.0724971717194 85.5080607037878,28.0725150662219 85.5081569461631,28.0724775192345 85.5082882050487,28.0724249155039 85.5083476955116,28.0724080420441 85.5084716687669,28.0723728790337 85.5086979968556,28.0723676200085 85.5089070298677,28.0723544540467 85.5092104932171,28.0724349373922 85.5093317373612,28.0724877727602 85.509543752944,28.0725064479495 85.5095488669521,28.0725080805764 85.5096136438707,28.0725435180014 85.5096564556565,28.0725941541644 85.50967751535,28.0726445540971 85.5096719931147,28.072729399287 85.5096409009228,28.0727753735366 85.5096050321361,28.0728521705058 85.5095994565582,28.0729408744345 85.5096027416529,28.0730180966156 85.5095797110103,28.0731104702983 85.5095652746838,28.0732106559645 85.5095426168506,28.0732760184106 85.509450564817,28.073325189848 85.5093114568721,28.0733159602147 85.5092505566114,28.073294761554 85.5091910828298,28.0732104508383 85.5088808350114,28.0729909580015 85.5085708016816,28.0727560295248 85.5082414486989,28.0726598260389 85.508039836172,28.0727656954108 85.507950801231,28.0729113817297 85.5078642191922,28.0728795657704 85.5076990094445,28.0728700507155 85.5076278024128,28.0729850560835 85.5076095472531,28.0730466067355 85.5074688396044,28.0731531375416 85.5074237348139,28.0732684266696 85.5073962451159,28.0733684700775 85.5074023853691,28.0735537843554 85.5078769894168,28.0738445354465 85.5079707739169,28.0738396177177 85.5080504750248,28.0738850148865 85.508249423811,28.0739720827869 85.5085184070918,28.0740290370005 85.508719062187,28.0739926244196 85.5088206193672,28.0739323072689 85.5088594500243,28.0739092448077 85.5090341085355,28.0738648306289 85.5091907256157,28.0738665321244 85.5092681816619,28.0739291227348 85.5093452115688,28.0740225832699 85.5094276568172,28.0741043453858 85.509439643548,28.0741162327818 85.5095158213641,28.0742714331626 85.5095926386395,28.0743803285554 85.5096885043805,28.0744602101757 85.5098068611383,28.0746219331154 85.5099540327413,28.0746775617443 85.5100567408002,28.0748021753134 85.5101674039218,28.0748498415247 85.5101423665294,28.0749034474032 85.5101063908048,28.0749879619599 85.5101619704765,28.0750849441928 85.5100174631228,28.0751259321186 85.5099123048237,28.075178820835 85.5099462568973,28.0752409386911 85.5100062056974,28.0753110574602 85.5100395187804,28.075419480249 85.510107742782,28.0755205634209 85.5102465341673,28.075552944834 85.5103250569617,28.0755383599729 85.5103535332515,28.075538669098 85.5105103649814,28.0754794848293 85.5105172262814,28.0754864154106 85.5106295950847,28.0755416655883 85.5108727997996,28.0755751795743 85.5111428530301,28.0755549538786 85.5113164492059,28.0755877118347 85.5115420392813,28.0756364708528 85.5115495795324,28.0756371106149 85.5116728749991,28.0756147339819 85.5117573649513,28.0756407359376 85.5117943712344,28.0756392076107 85.5118731066939,28.0756091868613 85.5119632026339,28.0753863229449 85.5119475025061,28.0752626542563 85.5119672449084,28.0750930579757 85.5119961533021,28.0750634960088 85.5121117365907,28.0751132793647 85.5121408406491,28.0751258148718 85.5122178739259,28.0752192739062 85.5123727916514,28.075344451853 85.5125977437982,28.0754395141418 85.512894112417,28.0754041329004 85.5130433065066,28.0753131257597 85.5131148284411,28.0751749649465 85.5131427385986,28.0750440502185 85.5131884759265,28.0748824540103 85.5132245555214,28.0747902210462 85.5133737484761,28.0746992134951 85.5135143464191,28.0746003940151 85.5136199275269,28.0745166324209 85.5136314973762,28.0743083540033 85.5136062444018,28.0742463312253 85.5134688349288,28.0741136256573 85.5133134924742,28.0740193189666 85.5132708377993,28.0739571076098 85.5131407483562,28.0739248235656 85.5130247488747,28.073914982668 85.5129433798349,28.0737048307078 85.5128136721683,28.0731769387306 85.5130497433338,28.072612511382 85.5131945073989,28.072047094341 85.5130664730113,28.0713977237321 85.5131182587533,28.0709527961416 85.5133977445081,28.0705508340943 85.5135413886217,28.0700664022309 85.5135024264737,28.06957999247 85.5135547665926,28.069094571551 85.5134295198169,28.068242736309 85.5132519346544,28.0678763218545 85.5131188859238,28.0675913876434 85.5131211910086,28.0674239704369 85.5132765438385,28.0672226384582 85.513490240769,28.0668698945029 85.5134605382365,28.0664990769098 85.5133081811399,28.0661886801374 85.5133088585677,28.0661394698527 85.5137591476726,28.0654407389113 85.5138766851326,28.0653457834214 85.5140375375207,28.0650387782105 85.5141795021042,28.0648396296696 85.5144795563144,28.0645341306293 85.5145360033719,28.0642259947547 85.5145043869368,28.0639940925153 85.5145236978505,28.063855365449 85.514909688528,28.063627982009 85.5152269252848,28.0633381043765 85.5153710069069,28.0629846038914 85.515494929642,28.0628315706926 85.5155664394557,28.0626934079224 85.5153954080516,28.0624754354165 85.5151539283039,28.0623184500633 85.5148778613701,28.0621456527599 85.5145334688268,28.0618794914906 85.514398938982,28.0615384140569 85.5142453116387,28.061320628549 85.5141832293703,28.0612528785729 85.5139456799687,28.0605940121802 85.5138137516095,28.0602280926133 85.5138182083486,28.0599041485649 85.5138699831907,28.0594592196411 85.5134658471716,28.0589688555204 85.5129231030564,28.0585984860013 85.5125150717464,28.0583915702707 85.512060280254,28.0582651446156 85.5118353949838,28.0580197128225 85.5117485649227,28.0576947793156 85.511663966676,28.057207873828 85.5113956702819,28.0567999746102 85.5111713474644,28.0565140488742 85.5109024964817,28.0561466417667 85.510541798425,28.0558187367687 85.510460501693,28.055730008447 85.5104775842818,28.0556997853814 85.5104731443567,28.0555488279296 85.5105042238321,28.0554777891287 85.5105397432326,28.0554422697283 85.5105619428578,28.0553889906276 85.5105486230827,28.0552691126511 85.5105175436073,28.0551980738502 85.5105131036822,28.0551270350494 85.5105042238321,28.0550648760986 85.5104331850312,28.0549893973727 85.5103488264552,28.054931678347 85.5102467081789,28.0548783992463 85.5100158320761,28.0548606395461 85.5098115955236,28.0548739593212 85.509762756348,28.0549183585718 85.5096695179218,28.0549449981221 85.5095851593458,28.0549405581971 85.5094874809946,28.0549583178973 85.5094075623436,28.0549494380472 85.5092033257911,28.0549538779722 85.5091364256158,28.0549935999869</coordinates></LinearRing></outerBoundaryIs></Polygon></MultiGeometry>
  </Placemark>
  <Placemark>
	<Style><LineStyle><color>ff0000ff</color></LineStyle><PolyStyle><fill>0</fill></PolyStyle></Style>
      <MultiGeometry><Polygon><outerBoundaryIs><LinearRing><coordinates>85.5164216556957,28.0764356597537 85.5165160245826,28.0762139356166 85.5164514388143,28.0759297445525 85.5161583058755,28.0756633318243 85.5161622019,28.0753798811183 85.5162354130787,28.0750364314141 85.5162162038004,28.0747729803423 85.5160603128165,28.0744878018232 85.5160402691142,28.0742850901715 85.5157268200867,28.0738362115074 85.5155918095231,28.0736930047607 85.5152076572874,28.0734053560958 85.5149590729112,28.0732204209206 85.5145710242782,28.0732162211963 85.5143408101996,28.0733554755403 85.5142678730619,28.0736786776609 85.5140590908011,28.0739194109237 85.5137111182731,28.0743206322249 85.5137272553217,28.0748067944772 85.5140192650471,28.0751541979559 85.5141013760312,28.0758233198411 85.5141651195011,28.0761682511534 85.5143218435126,28.0763926922818 85.5145707123812,28.0765573823053 85.5149573803932,28.0766628148112 85.5153674332565,28.0767280002913 85.5156639076847,28.0767514570602 85.5164216556957,28.0764356597537</coordinates></LinearRing></outerBoundaryIs></Polygon></MultiGeometry>
  </Placemark>
  <Placemark>
	<Style><LineStyle><color>ff0000ff</color></LineStyle><PolyStyle><fill>0</fill></PolyStyle></Style>
      <MultiGeometry><Polygon><outerBoundaryIs><LinearRing><coordinates>85.5050062169343,28.0786274858881 85.5050042666704,28.0786109086453 85.5050120365393,28.0785898190013 85.5050042666704,28.0785476397132 85.5050009367266,28.0785110103315 85.5050009367266,28.0784732709686 85.5049853969889,28.0784266517555 85.5049698572512,28.0784100020365 85.5049165781506,28.0784088920553 85.5048954885066,28.0784233218117 85.5048877186377,28.0784899206875 85.5048877186377,28.078546529732 85.5048866086565,28.0786375481956 85.5048899386003,28.0786708476335 85.5048954885066,28.0787296766405 85.5048899386003,28.0787552062096 85.5048743988626,28.078811815254 85.5048721789001,28.0788395647856 85.5048732888813,28.0789261433242 85.5048866086565,28.0790038420126 85.5048810587502,28.0790671109446 85.5048710689188,28.079114840139 85.5048655190125,28.0791647892959 85.5049021483942,28.0792114085089 85.5049321178883,28.0792402680218 85.5049609774011,28.0792635776283 85.5049831770264,28.079295767085 85.5049953868203,28.0793113068227 85.5050087065955,28.0793190766915 85.5050304263784,28.0793220117989 85.5050568361981,28.0793902319133 85.5051676094281,28.0796344317909 85.5051867919447,28.0798978832281 85.5050470214974,28.0800988546554 85.5049977203484,28.0803615599269 85.5049498211741,28.0805230333584 85.5048334382488,28.0806837605171 85.5047390413922,28.080905475407 85.5047122864998,28.0811886756322 85.5047776850287,28.0814121318783 85.5048182923338,28.0817770638267 85.5047695506649,28.0819992761935 85.5047447589886,28.0821407518963 85.5045813147997,28.0824022129142 85.5044646486134,28.0825831859689 85.5042764105046,28.082986122155 85.5044990827059,28.083393537601 85.5045633596711,28.0836979793057 85.5045833826172,28.0839006916055 85.5047175485533,28.0841046479553 85.5050137592561,28.0841483747576 85.5051521331226,28.0840486354451 85.5053133352962,28.0839491446848 85.5057963794084,28.0836911639092 85.5060080022937,28.0832479813634 85.5060350348457,28.0829445344928 85.5062444133178,28.0826633223722 85.5062939929971,28.0823803702938 85.5062082846888,28.0819744488104 85.5063297107642,28.0814492858238 85.5064700411015,28.0812078203574 85.5064937095944,28.0811473297226 85.5067025229411,28.0809066094028 85.5069803791339,28.0806261411723 85.5069859804504,28.0802212135737 85.507175323383,28.0797372874036 85.5073156494566,28.0794958208557 85.5073908518073,28.0790106525443 85.5072124315844,28.0787049700971 85.5071250419484,28.0784205272809 85.5071286821275,28.0781573242427 85.5070644004024,28.0778528833513 85.5070026392474,28.077366224931 85.5068456494975,28.0771620223892 85.5063654391593,28.077217544483 85.5061571929978,28.0774177718979 85.5057640861442,28.0777779814992 85.5055200542603,28.0781791259354 85.5055015382766,28.0781791259337 85.5054793386513,28.0781724660461 85.5054438192509,28.0781702460836 85.505393870094,28.078180235915 85.5053805503188,28.0781924457089 85.5053650105811,28.0782257451468 85.5053715274216,28.0782735353105 85.5051931367995,28.0783697415353 85.5051829736539,28.0783223135167 85.5051652139537,28.078302333854 85.5051363544408,28.0783056637978 85.5050997250591,28.0783411831982 85.5050886252465,28.0783811425237 85.5050886252465,28.0784144419616 85.5051072180987,28.0784536935396 85.5050062169343,28.0786274858881</coordinates></LinearRing></outerBoundaryIs></Polygon></MultiGeometry>
  </Placemark>
  <Placemark>
	<Style><LineStyle><color>ff0000ff</color></LineStyle><PolyStyle><fill>0</fill></PolyStyle></Style>
      <MultiGeometry><Polygon><outerBoundaryIs><LinearRing><coordinates>85.55012299521,28.0636011774945 85.5501441596626,28.0638145484103 85.5500806687927,28.0640796908073 85.5499265788747,28.0643970386851 85.5499690237254,28.0645835561756 85.5499964878055,28.0647699153998 85.5501141943249,28.064930646572 85.5502033663528,28.0649847510619 85.5502413840966,28.0650101045288 85.5502722128891,28.0649834015576 85.5502948626611,28.0649703501277 85.5503540198285,28.0649191098876 85.5504338295955,28.0649328543048 85.550707729672,28.0649357465826 85.5511145056529,28.0652437863843 85.5513180303094,28.0653876824463 85.5516392109867,28.0652695737219 85.5517340408297,28.0650073282597 85.5518959878015,28.0648470393013 85.5520342950085,28.0647472498641 85.5525842653239,28.0645910527195 85.5530619619589,28.0647175873592 85.553515478958,28.0649451140914 85.5539255164369,28.0650101836415 85.5544956009728,28.065056687822 85.5547684181377,28.065140559448 85.5551993864409,28.0653475936086 85.5553790085645,28.0655722310504 85.5554447760436,28.0657754203631 85.5552768740763,28.0663811445845 85.555068195182,28.0666219444647 85.5548122387806,28.0669837444566 85.5549448569683,28.0673091360811 85.5555348008648,28.0675785921563 85.555943225339,28.0677651372421 85.5561897057864,28.0681119753796 85.5562962554219,28.0686800880921 85.5566821301108,28.0688461441842 85.5569264507198,28.0693549560572 85.5572416865591,28.0696822656056 85.5577422377729,28.0698090248515 85.5581735007808,28.0699958035636 85.5587006643474,28.0698393428836 85.5590457580617,28.0696404692595 85.5594595987725,28.0694220665843 85.5596462580829,28.0691202797375 85.5600405094824,28.0686586728832 85.5600902108288,28.0683554483695 85.5601850234845,28.0680931965192 85.5603045508257,28.0676894556952 85.5603993623067,28.0674272036312 85.5604710778382,28.0671849589871 85.5604732369047,28.0670229837469 85.5602737451749,28.0665753971643 85.5601851426752,28.0663719703996 85.5598924621406,28.066065153875 85.5597815754461,28.0658209935893 85.5596492140965,28.0654753591952 85.5594013775516,28.0652297614596 85.5592461929885,28.0648838871635 85.559312230355,28.0646608249542 85.5592140970841,28.0646229540676 85.5590867945651,28.0645620900949 85.5589527426292,28.0645498596121 85.5588375678112,28.0644945343416 85.5587402593704,28.0644718662147 85.558667566896,28.0644332216814 85.5586313498517,28.0644181574426 85.5586344511116,28.0644004043062 85.558662297452,28.0643709328729 85.5586872743813,28.0643279022869 85.5587333479366,28.0643040338348 85.5587731411531,28.0642936284425 85.5588252422932,28.064275234853 85.5588502552335,28.0642294988089 85.5588968701718,28.06416504893 85.5589339021886,28.064132968071 85.5589383009617,28.0641277771939 85.5589646178038,28.0641170557124 85.559081163817,28.0640695747228 85.5591546502061,28.0640486996866 85.559283756545,28.0639742923241 85.5593454040925,28.0639262348837 85.5593790440138,28.0639143585561 85.5593981544823,28.0638591434101 85.5594809707734,28.0638248370897 85.5595613504788,28.0637445064777 85.5596989204057,28.0637215978004 85.5597724786001,28.0636953115675 85.5598373921045,28.0636310533348 85.5598866953679,28.0635936893413 85.5600000823417,28.0635542918126 85.5601096619635,28.0635716761466 85.5602412399871,28.063540586648 85.5603356423143,28.0635524000004 85.560525240262,28.0635165071232 85.5606106371539,28.0635174026291 85.5606781673344,28.0634856410797 85.5607800753654,28.0633920064289 85.5608474251838,28.0633737719271 85.5609635370958,28.0633587544017 85.5610399644357,28.0633460265781 85.5610832755246,28.063300481907 85.5611142068454,28.0632683364793 85.5611443229615,28.0632472278299 85.5610723031954,28.0631818140424 85.560618236707,28.0629948057489 85.560324214293,28.0627892248785 85.5602122500979,28.0626260525814 85.5597788524078,28.0626012563426 85.559572080955,28.0627003354731 85.5591808214496,28.0629392261423 85.5588819396621,28.0630980865553 85.5583349576022,28.0630315937202 85.5581539817755,28.0629081944799 85.5579507223538,28.062744061446 85.5578618567841,28.0625608802456 85.5577960863742,28.062357691903 85.5575007193732,28.0622533396961 85.5570015554775,28.0620253463013 85.5566858005874,28.0617385304794 85.5564143431312,28.0615534284643 85.5559151848813,28.061325431301 85.5555741741202,28.0612205948862 85.5549114577641,28.0612743692041 85.5544998080135,28.061330784285 85.554062623392,28.0615894263453 85.55403032247,28.0616103893806 85.5539483698964,28.0616143694811 85.5539090016321,28.0616172774303 85.5538542748201,28.0616482662386 85.5538294644982,28.0616828928664 85.5537972528656,28.0617107961803 85.5537594319931,28.0617409342809 85.5537427038976,28.0617284961476 85.5537091089643,28.0617198355301 85.5537034322291,28.0617206894535 85.5536776000382,28.0617651902198 85.5536451479232,28.061950917633 85.5536428347426,28.0621236719274 85.5535961136249,28.0622560863038 85.5535046285552,28.062374738296 85.5533082790174,28.0624922850873 85.553007954793,28.0625422822797 85.5524989701626,28.0625103346736 85.5520215503739,28.0623591022038 85.5517067800076,28.0623690721783 85.5514512191018,28.0624328288886 85.5513756032864,28.06248519356 85.5511346660393,28.0625756853069 85.5508338059387,28.0626655440181 85.5506055303848,28.0629289469995 85.5505135065294,28.0630874631572 85.5502559813171,28.0632973940152 85.5502314697051,28.0633419184042 85.5501177657852,28.0635484565814 85.55012299521,28.0636011774945</coordinates></LinearRing></outerBoundaryIs></Polygon></MultiGeometry>
  </Placemark>
  <Placemark>
	<Style><LineStyle><color>ff0000ff</color></LineStyle><PolyStyle><fill>0</fill></PolyStyle></Style>
      <MultiGeometry><Polygon><outerBoundaryIs><LinearRing><coordinates>85.551060718588,28.0661516343053 85.550713166291,28.0662317842065 85.5502528556469,28.066510418675 85.5498591157506,28.0669315026595 85.5495574905809,28.0672928098278 85.5491216301273,28.0674502005713 85.5489731882773,28.0675435830617 85.5489156861709,28.0675341616891 85.5488591046013,28.0675634674215 85.5487875863596,28.0675892925409 85.5486906098288,28.0675583632076 85.548653603108,28.0675247452943 85.5485335296481,28.0675400888583 85.5484954066623,28.0675895255976 85.5485094055889,28.0676627721591 85.5485238510557,28.0677027968425 85.5485231366179,28.0677559518453 85.5485106950101,28.0678455320875 85.5485440011108,28.0678757882455 85.5485776197874,28.0678827890822 85.548584262084,28.0679459898605 85.548576458859,28.0679691659613 85.5485680305092,28.0680388526878 85.548555678199,28.0681217885557 85.548566557003,28.0681484848774 85.5485888057898,28.0681653334554 85.5485619632743,28.0682115668331 85.5484943684924,28.0682241426361 85.5483740709443,28.0682560969653 85.5483437509228,28.06828235756 85.5482832894792,28.0683215899792 85.5482043245731,28.0683440133508 85.548039305989,28.0683588810307 85.5479598943018,28.0684145261241 85.5479476754848,28.0684874953544 85.5479321133443,28.0685305252797 85.547890199692,28.068583244382 85.5478747268612,28.0686196299263 85.5478819495297,28.0686396422968 85.5479078989858,28.0686598527965 85.5479860154372,28.0687005511496 85.5480830820885,28.0687248366336 85.548131995095,28.0687087407642 85.548222419677,28.0686698253638 85.5482860907625,28.0686704988393 85.5483652345316,28.068634786682 85.5484515117118,28.0686257311957 85.5484323383593,28.0686587550115 85.548439159224,28.0687086670403 85.5484160172033,28.0687582621767 85.5484079012703,28.0688046935706 85.5484189587286,28.0688181011547 85.5484334042956,28.0688581258455 85.5484404484546,28.0688914269384 85.5484959591133,28.068941853904 85.5485558403453,28.0689458098375 85.5486308816615,28.068936635422 85.5487320958922,28.0689310603794 85.5488290736507,28.0689619897239 85.5489338100608,28.0689730650721 85.5489673844644,28.0689833880137 85.5490046149653,28.069000394919 85.5490527691226,28.0690407759144 85.5491272748406,28.0690714674833 85.5491910354572,28.0690654961719 85.5492138647657,28.0690391562126 85.5492330379573,28.0690061322829 85.5492560931699,28.0689941912154 85.5494427999966,28.0690330700391 85.5498077419054,28.0690571762439 85.5501713248373,28.0691825155183 85.5506275711419,28.0692075840293 85.5508547434139,28.069290981563 85.5511028403393,28.069516347404 85.5512819169379,28.0697814836472 85.5516001236089,28.0698860905652 85.5521960445371,28.0697101310387 85.5525202228477,28.0693693056787 85.5529539162007,28.069373878937 85.5534810833048,28.0692174384658 85.5535327017224,28.0687724891814 85.5537193760115,28.068470710944 85.5538424525164,28.0678037677251 85.5541198843368,28.0675434444674 85.554399754021,28.0671008989349 85.5541527395027,28.0667945515315 85.5537416105651,28.0668104698028 85.5534473206985,28.066625121253 85.5532907976305,28.0663804751417 85.5532261188616,28.0660962975788 85.5527956943313,28.0658487635922 85.5526144492705,28.0657456039943 85.5525933923299,28.0657294143603 85.5525961450986,28.0657056862906 85.5526565590337,28.0656697740382 85.5527168393708,28.0656438283421 85.5527845656818,28.0656212837909 85.5528219737638,28.0656250008677 85.5528588921825,28.0656652620801 85.5529035682373,28.065685669084 85.5529597471713,28.0656862613553 85.5530083465609,28.065693419029 85.5530267613037,28.0657168718081 85.5530601571119,28.0657404825111 85.5531462981944,28.0657413905544 85.5531952536638,28.0657219705992 85.5532627574218,28.0657160367884 85.5532999875522,28.0657330425193 85.5533596447859,28.065753607277 85.5534309828193,28.0657410684653 85.5534981306166,28.0657617121062 85.5535579658832,28.0657689879955 85.553625692118,28.0657464430259 85.5537156674704,28.0657407457855 85.5537494193479,28.065737778756 85.5537911066206,28.065701668677 85.5538475524938,28.0656823274065 85.5539262475147,28.0656798338423 85.5539978968079,28.0656440393545 85.5540283037002,28.0656111330282 85.5540286595327,28.0655845554537 85.5539653014709,28.0655606293319 85.5539280268033,28.0655469459762 85.5538610124976,28.0655163359571 85.5538424641466,28.0655028498736 85.5537939537451,28.0654890481032 85.553715347841,28.0654848972038 85.55368181849,28.0654712532462 85.5536368754178,28.0654707796706 85.5536068688784,28.0654737861417 85.5535843528499,28.0654768715397 85.5535319192653,28.0654763189962 85.5534007018157,28.0654849041377 85.553359681997,28.0654711811593 85.5533936562872,28.0654516032347 85.5534914333749,28.0654227297033 85.5535217958564,28.0653931456878 85.5535220183277,28.0653765347069 85.553499858277,28.0653530425226 85.5534513479914,28.0653392406349 85.5533692639608,28.0653151168955 85.5533246324609,28.0652913878486 85.5532354585269,28.0652372853217 85.5530452075749,28.0651787945941 85.5529700356139,28.0651979381263 85.5526731372889,28.0652712291293 85.5525680032227,28.0652900565026 85.552504111382,28.0653059960606 85.5524515888513,28.0653120874968 85.5524066458698,28.0653116135211 85.55233927593,28.0653075803354 85.5522457783283,28.0652966262098 85.552196689296,28.0653260124109 85.5521548680552,28.0653720885755 85.5520421987775,28.0653941587212 85.5520007783152,28.0654103350896 85.5519070134065,28.0654193138942 85.5518546244344,28.0654154385174 85.5517947449652,28.0654114840901 85.5516824319935,28.0654069763882 85.5516074378783,28.065412830385 85.5515591506129,28.06538241687 85.5514467485743,28.065384553363 85.5513525826109,28.0654234315249 85.5513293535573,28.0654796716376 85.5512948441522,28.0655391153507 85.5511732133388,28.0656707380678 85.5511346465444,28.0657533975481 85.5510844873346,28.0658625159478 85.5510572453446,28.0659386496205 85.5510979084538,28.0659789508206 85.5510819468263,28.0660518809092 85.551060718588,28.0661516343053</coordinates></LinearRing></outerBoundaryIs></Polygon></MultiGeometry>
  </Placemark>
  <Placemark>
	<Style><LineStyle><color>ff0000ff</color></LineStyle><PolyStyle><fill>0</fill></PolyStyle></Style>
      <MultiGeometry><Polygon><outerBoundaryIs><LinearRing><coordinates>85.5597698532903,28.0718350395946 85.560175061485,28.0722645354812 85.5602438114279,28.0722450070272 85.5604734276357,28.0721461671076 85.5606351034201,28.0720061148036 85.5607967787853,28.0718660622907 85.5610076146688,28.0714632786047 85.5610798715898,28.0711805400327 85.5611526676963,28.0708573075974 85.5608822593606,28.0705912259297 85.5607219354745,28.0706300441599 85.5604042566759,28.0704849642098 85.5600857687786,28.0704006242286 85.5597409444209,28.0705792535399 85.5594885046905,28.0706778527706 85.5592355242028,28.0708169452846 85.5591181503581,28.0710587096743 85.5592738827608,28.0713640903644 85.5595445589374,28.0716099282144 85.5597698532903,28.0718350395946</coordinates></LinearRing></outerBoundaryIs></Polygon></MultiGeometry>
  </Placemark>
  <Placemark>
	<Style><LineStyle><color>ff0000ff</color></LineStyle><PolyStyle><fill>0</fill></PolyStyle></Style>
      <MultiGeometry><Polygon><outerBoundaryIs><LinearRing><coordinates>85.4941578860686,28.0898209658824 85.4944518467256,28.090026685781 85.4945420356046,28.0901086729252 85.4945857175623,28.0902508976565 85.4945617577323,28.0903316320593 85.4945369503074,28.0904731051599 85.4945809148948,28.0905950836562 85.4945795023294,28.0906963148292 85.4945538472586,28.0908985266244 85.4944385675004,28.0909782587674 85.4939822515156,28.0909530004267 85.4937099885313,28.0908285150782 85.4933210321158,28.0908849915058 85.4930453764848,28.0910034595146 85.4928384929553,28.0911024332493 85.4927683059734,28.0912231580245 85.4929692505168,28.0915493549773 85.4931504768754,28.0916525924824 85.4933071769076,28.0918770563156 85.4936019894035,28.0920220394685 85.4938063300263,28.0921052806459 85.4941693518444,28.0922712608826 85.4945802955703,28.0922757714818 85.4948097276373,28.0921972919105 85.4949692565539,28.0922192916621 85.4953325630809,28.0923650226651 85.4959275607283,28.0922703013565 85.496223789199,28.0923140478216 85.4966572815736,28.0923390487339 85.4968418982988,28.092199326533 85.49702707869,28.0920191115558 85.4972565086224,28.0919406277981 85.4976423658636,28.0921068491345 85.4979614249846,28.0921508418987 85.4981246189001,28.091909636581 85.4979450784065,28.0916849278764 85.4977652567245,28.0914804652203 85.4975868454966,28.0911747710444 85.4976595646256,28.0908718272316 85.4977542674372,28.0906298721587 85.4977576504245,28.0903869169838 85.4976234907503,28.090182954212 85.4974662198531,28.0899989875322 85.4975369647287,28.0898377675688 85.497675352695,28.0897380364278 85.4980192075899,28.0896405549386 85.4983171207605,28.0895628190209 85.4985465445472,28.0894843328398 85.4987319990369,28.0892838689247 85.49875764578,28.0890816559843 85.4986240491357,28.088837201588 85.4985828979142,28.0885127614302 85.4987680688799,28.0883325436518 85.4989320998403,28.0880305981037 85.4988213332814,28.0877863936905 85.4985983929998,28.0873992160371 85.4986243210841,28.0871767567781 85.4987190181131,28.0869348007043 85.498584860548,28.0867308388694 85.4980612008822,28.0866238600779 85.4977869704331,28.0866411069273 85.4975812270805,28.0866591032708 85.4973323631059,28.0864943827577 85.497173405936,28.0864318935038 85.4969910559513,28.086409646508 85.4965561767484,28.0864858788751 85.4965547662792,28.0865871102007 85.4964623217248,28.0866670945071 85.496300543425,28.0868070668786 85.4962517815788,28.0870292752963 85.4960671733067,28.0871689971169 85.4959744456756,28.0872692273125 85.4957678541989,28.0873479596438 85.4956049448385,28.0875689161217 85.4956024042674,28.0877511323982 85.495576752077,28.0879533445699 85.495321959271,28.0882137916885 85.4950243304372,28.0882712749293 85.494863395146,28.0883505066759 85.4945203894518,28.088387241597 85.4943143599139,28.0884254791244 85.4940846531051,28.0885242044414 85.4939228689539,28.0886641737444 85.4938752317198,28.0888053961032 85.4938273117184,28.0889668646705 85.493848162802,28.0891088389492 85.4939360895301,28.0893527963147 85.4940254296528,28.0894955224675 85.4940919403589,28.089637997956 85.4941578860686,28.0898209658824</coordinates></LinearRing></outerBoundaryIs></Polygon></MultiGeometry>
  </Placemark>
  <Placemark>
	<Style><LineStyle><color>ff0000ff</color></LineStyle><PolyStyle><fill>0</fill></PolyStyle></Style>
      <MultiGeometry><Polygon><outerBoundaryIs><LinearRing><coordinates>85.4862913903726,28.0857857751674 85.4861758264676,28.0858857465676 85.4860839432919,28.0859252312725 85.4859917759825,28.0859849620811 85.485922721455,28.0860246986022 85.4856713205878,28.0860421731536 85.4853057756755,28.0860583870539 85.4850988953301,28.0861573492747 85.4850061587899,28.0862575717065 85.4850489739622,28.0864605374766 85.485115470923,28.0866030168457 85.4850903680448,28.086764734021 85.4851337520136,28.0869272074501 85.4854510842828,28.0870927055147 85.4857004986622,28.0872169545995 85.4857661445325,28.0874201721746 85.4858783012278,28.0875631551722 85.4861268650064,28.0877481420259 85.4863540205583,28.0878316457421 85.4865831643393,28.0877734259182 85.486720423335,28.087754690771 85.4869489989631,28.087736962664 85.4871333355748,28.0876174997984 85.487297113392,28.0873358155331 85.4874583360609,28.087236346633 85.4878258711062,28.0870784038683 85.4878295596734,28.0868152034971 85.4878321132677,28.0866329878493 85.4880192839519,28.0863110618092 85.4880683458951,28.0860686107542 85.4882298495947,28.0859488946394 85.4885071984134,28.0857089587762 85.4885562589279,28.0854665074728 85.4884906087423,28.0852632910192 85.4883559057037,28.0850998123472 85.4881752622413,28.0849560766337 85.4880867844956,28.0847526084514 85.4880904720665,28.0844894079592 85.4882291448216,28.0843694401541 85.4884596982264,28.0842099858624 85.4887398771797,28.0837675872819 85.4886282873652,28.0835841141544 85.4882419078714,28.0834583613715 85.4878569477595,28.0832313765654 85.4876089583439,28.0830059006353 85.4871980512361,28.0830013705235 85.4868770375464,28.0830990771781 85.4866008279527,28.0832580252263 85.4864601673039,28.0835197146484 85.4861833880187,28.083719154135 85.4858167147035,28.0838163544066 85.4856540753436,28.0840170524189 85.4854215293672,28.0843182250282 85.4853504865482,28.0844996844711 85.4853930176738,28.0847228963482 85.485528283921,28.0848458854118 85.4857554329601,28.0849293898976 85.4859372092692,28.0849921439904 85.486185767448,28.0851771305776 85.4862054718455,28.0854000903621 85.4862023475876,28.0856227982477 85.4862913903726,28.0857857751674</coordinates></LinearRing></outerBoundaryIs></Polygon></MultiGeometry>
  </Placemark>
  <Placemark>
	<Style><LineStyle><color>ff0000ff</color></LineStyle><PolyStyle><fill>0</fill></PolyStyle></Style>
      <MultiGeometry><Polygon><outerBoundaryIs><LinearRing><coordinates>85.4977417789041,28.0835130181948 85.4977630161782,28.0834414446545 85.497810927495,28.0832799742639 85.4978602476982,28.0830172724099 85.4978625021483,28.0828553021067 85.4978636293664,28.0827743169536 85.4976653861539,28.0826390276998 85.4974920951738,28.0826655308701 85.4970748477493,28.0826300864928 85.497049602727,28.082568061031 85.4970579352995,28.0824544100096 85.4970603463298,28.0824215250203 85.4971746491236,28.0823378722801 85.4973078592628,28.0821463658873 85.4973540533778,28.0819539063894 85.4973994951886,28.0818154689472 85.4975230357901,28.0816933239645 85.4976725732577,28.0815791821316 85.4978409098129,28.081364903903 85.4978962337073,28.0811416696447 85.4978630388946,28.0810255269534 85.4978915062986,28.0808560289913 85.4979624068595,28.0807641817357 85.4981729600993,28.0806429886043 85.4983570864316,28.0805446617777 85.4985587226675,28.0804388076786 85.4986991264761,28.0803554391661 85.4988307213102,28.0802796927488 85.498997765589,28.0801580222681 85.4989220287618,28.0799719468064 85.4988180413063,28.0799399346677 85.4986433692724,28.0799843352605 85.4984415192564,28.0801056244188 85.4983015450941,28.0801581228937 85.4980904560116,28.0803179034956 85.4979318971376,28.0804551029641 85.497679448109,28.0804600577311 85.4975230371525,28.0804429078482 85.4973832770268,28.0804799704656 85.4973128059737,28.0805409476478 85.4972250394055,28.0805940167463 85.4970924759565,28.0807392185261 85.4969514256296,28.0808688899615 85.4968721451291,28.0809374890137 85.4967747091654,28.0810599194264 85.4966507385221,28.0812129334948 85.496520753293,28.0812279520181 85.4964705619572,28.0811593579956 85.496504371491,28.0810729723028 85.4964962618428,28.081056868522 85.4964986269971,28.0808870848834 85.4964820841292,28.080825154679 85.4964505312754,28.0807254737354 85.4964404045059,28.0806934814747 85.496450718588,28.0805778152515 85.4964430922385,28.0805005455161 85.4964733892749,28.080199851457 85.4965888725226,28.0800313072724 85.4966161591459,28.0799467014555 85.4966454880554,28.0797154642709 85.4965943547752,28.0796377178461 85.4963599555121,28.0795965562975 85.4962999061124,28.0795341492962 85.4961353330662,28.0794783153385 85.4959260705265,28.0795068961092 85.4957151945415,28.0796512381097 85.4955492232629,28.0796957301274 85.4953744429071,28.0797478439579 85.4951819368616,28.0798229190062 85.4949725658571,28.0798592157193 85.4947532018253,28.0799880258481 85.494550809499,28.0801478962732 85.4943053401735,28.0802764192243 85.4941743884013,28.0803058565938 85.4940766270434,28.0804514372949 85.4940396677525,28.0806054038838 85.4940212957463,28.0806746697421 85.4939593088129,28.0807511754854 85.4938713251367,28.0808196772239 85.4938263101301,28.0809272436431 85.4938259781541,28.0809510324361 85.4936430156437,28.0809056014747 85.4932746618872,28.081124299863 85.4930872336095,28.0814664805152 85.4932193958214,28.0818121709604 85.4933307092987,28.0820158868786 85.4933487323885,28.0823603237729 85.4933684514132,28.0825832831713 85.4932509186686,28.0828249846856 85.4930417896805,28.0830859294018 85.492922559188,28.0834491080127 85.4931474500815,28.0836945703127 85.493647978861,28.0838215627782 85.4938286281453,28.0839652915158 85.4940549348659,28.0841095211897 85.4943054831521,28.0841527697926 85.494761770577,28.0841780259715 85.4951025040542,28.0843032599712 85.4953961698063,28.084529223753 85.4956233266348,28.0846127121698 85.4960773592298,28.0847999341784 85.4962363133441,28.0848624245995 85.4964609327381,28.0851281280913 85.4966649809207,28.0852316109399 85.4973047496698,28.0851981211115 85.4978069820432,28.0852036211544 85.497664935875,28.0855665543446 85.4975941943023,28.0857277745866 85.4976826909916,28.0859312373328 85.4980245609026,28.0859754792688 85.4983464197174,28.0858170076515 85.4985775256115,28.0856170433527 85.49901324503,28.0854800655035 85.4993353825502,28.0853013451472 85.4994982808345,28.0850803837403 85.4995690191377,28.0849191623753 85.4996801889342,28.0847122844038 85.4996576504602,28.0846497581723 85.499528304133,28.0845634388136 85.4994175411264,28.0844438231228 85.4993911147765,28.0844152846077 85.499357058961,28.0843608817866 85.4993152673118,28.0842369267776 85.4992220166234,28.0840583785398 85.4992064377209,28.083926991613 85.4991896782469,28.0838804965724 85.4991038417537,28.0837946527837 85.4990261704052,28.0837474913631 85.4988359137761,28.0836605050075 85.4986356673813,28.0836660324901 85.498592266266,28.0836578389306 85.4983479744678,28.0837014770711 85.4980604962099,28.0837214861601 85.4978872141741,28.0836655587965 85.4977585150579,28.0835329332184 85.4977417789041,28.0835130181948</coordinates></LinearRing></outerBoundaryIs></Polygon></MultiGeometry>
  </Placemark>
  <Placemark>
	<Style><LineStyle><color>ff0000ff</color></LineStyle><PolyStyle><fill>0</fill></PolyStyle></Style>
      <MultiGeometry><Polygon><outerBoundaryIs><LinearRing><coordinates>85.4697495907864,28.0641133522986 85.4696321658431,28.0642202728271 85.4694845495031,28.0643052106656 85.4693549249389,28.0644119949083 85.4692065412478,28.0645510387104 85.4690155367377,28.0646841954701 85.4688923176715,28.0647694047592 85.4688306313587,28.0648174199861 85.4686763002645,28.0649455738612 85.4685720699532,28.0649822913503 85.4685286822037,28.0650305105939 85.4684853711408,28.065073319196 85.4683993627535,28.0651156513481 85.4683558981405,28.0651692811567 85.4683000807756,28.0652335960656 85.4681649682513,28.0652970260112 85.4681037417922,28.0653125771336 85.4679936415764,28.0653329942089 85.4679266224696,28.065326834671 85.4678989870352,28.0653362841559 85.4679251733299,28.0655149090438 85.4679653649687,28.0659000936706 85.4679576102427,28.0664467371932 85.467997227751,28.0668724138877 85.4686109069835,28.0670615057595 85.4687963744697,28.0668610823517 85.4690526109305,28.066499453924 85.4692161130949,28.066238037071 85.469293769126,28.0655909264996 85.4692518510333,28.0653272184908 85.469163710793,28.065103493501 85.4692350529749,28.0649017964403 85.4694190808257,28.0648026023082 85.4695808580123,28.0646626612783 85.4697668931255,28.0644217441013 85.4698627786876,28.0640988246006 85.4697978681078,28.0639362697879 85.4697495907864,28.0641133522986</coordinates></LinearRing></outerBoundaryIs></Polygon><Polygon><outerBoundaryIs><LinearRing><coordinates>85.4673063806354,28.0651846230676 85.4671967411765,28.0651725757665 85.4670745953366,28.0651820346249 85.4669766175274,28.0652079977479 85.4667865309591,28.0652762237782 85.4666877848386,28.065356292902 85.4665765320307,28.0654578681427 85.4664047436802,28.0655262980479 85.466390626072,28.0655385093728 85.4662883896858,28.0655574668206 85.4661910261084,28.0655401444012 85.4660382279554,28.0655600827417 85.4659338425333,28.0656076194031 85.4658357103787,28.0656444029217 85.4657076180424,28.0656429711213 85.4655676339415,28.0656197603491 85.4654574561528,28.0656455859752 85.4653221877987,28.0657198342666 85.4651874575149,28.0657562080968 85.4650348896273,28.0657599134494 85.46486402282,28.0657634139686 85.464735545822,28.0657890343359 85.4645642943551,28.0658195875577 85.4644848451599,28.0658295217103 85.4642818643351,28.0659463032147 85.4641776317138,28.0659830172632 85.4640421312539,28.06607349608 85.4639499438351,28.0661211676915 85.4638152896122,28.0661521295207 85.4637356861893,28.0661728844531 85.4635831177434,28.066176588166 85.463516021497,28.0661758370763 85.4633389774311,28.0661846779978 85.463253736195,28.0661729006838 85.4631619333477,28.0661935186897 85.4630697454647,28.0662411896896 85.4629719968792,28.0662509180397 85.4628496185978,28.0662766049053 85.4627456932883,28.0662916753902 85.4626784429557,28.0663017451091 85.462555833479,28.0663436635376 85.4624575455495,28.0663912657839 85.462371610949,28.0664281834053 85.4622249877534,28.0664427751438 85.4621941812224,28.0664640758747 85.4620958159838,28.0665170884591 85.4620162120079,28.0665378423691 85.4619301230333,28.0665855809191 85.461856464532,28.0666172243027 85.461722811089,28.0665778461275 85.4616249079756,28.0665983947155 85.4615699338056,28.0666031900058 85.4614355096611,28.0666179176256 85.4613308129853,28.0666870930841 85.4612142251887,28.0667344892604 85.4610797237467,28.066754627129 85.4610417377669,28.0668516076766 85.4609981917673,28.0669106455748 85.4609855682911,28.066940267113 85.4609607839696,28.066967046552 85.4609238773516,28.0669882785825 85.4608687101817,28.0670066000954 85.4608195270188,28.0670331058972 85.4608040096373,28.0670554026498 85.4608488279226,28.0670961757972 85.4610949930356,28.0674431728937 85.4614136721412,28.0675074933648 85.4615301027079,28.0673468047201 85.4617173137372,28.0670249154649 85.4619495958348,28.0667440294404 85.4622266606502,28.0665243924201 85.4627074145597,28.0664285317521 85.4629810193029,28.066451845202 85.4632762962362,28.0665563977048 85.4633878257616,28.0667398895081 85.4634514020801,28.0670848382814 85.463446504874,28.0674290204567 85.4635583235773,28.0675922661359 85.4639437510072,28.0677788234006 85.4641939589605,28.0678423711529 85.4643291798075,28.0679653796304 85.4643719502294,28.0681683505621 85.4644369698297,28.0684120688871 85.4646834374456,28.0687388140389 85.465025811208,28.068742643616 85.4653239738748,28.0686447317731 85.4655391795595,28.0679586637362 85.4655868428256,28.0678174518969 85.4659401428867,28.0670519298361 85.466172414418,28.0667710362318 85.4663139619409,28.0664486299505 85.4665924548759,28.0661277535104 85.4668920460032,28.0659286076517 85.4670549775842,28.065707685623 85.4671277609055,28.0654047595941 85.4672901165216,28.0652243293247 85.4673107724607,28.065186632628 85.4673063806354,28.0651846230676</coordinates></LinearRing></outerBoundaryIs></Polygon></MultiGeometry>
  </Placemark>
  <Placemark>
	<Style><LineStyle><color>ff0000ff</color></LineStyle><PolyStyle><fill>0</fill></PolyStyle></Style>
      <MultiGeometry><Polygon><outerBoundaryIs><LinearRing><coordinates>85.4482280070063,28.0746567521559 85.4481113274566,28.074709547139 85.4480012923784,28.0747245370459 85.4479951144981,28.074729878621 85.4478182894853,28.0747224671969 85.447744310372,28.0747757448438 85.4476581309831,28.0748288844353 85.4475725739518,28.0748387394493 85.447474505463,28.0748700986394 85.4473398362909,28.0749010436377 85.4472414563974,28.0749540449124 85.4471432320638,28.0749962249848 85.4469846292209,28.0749944301223 85.4468258707065,28.0750034562025 85.4467396907071,28.0750565951899 85.4466782224858,28.0750883680741 85.4465069521609,28.0751188979254 85.4463481934511,28.0751279234437 85.4462624803599,28.0751485987488 85.4462124334458,28.0752346151662 85.4461750539594,28.0752883063425 85.4461134296897,28.0753309000824 85.4460913646596,28.0754139474717 85.4464522781917,28.0752664943607 85.4468660607718,28.0750686870193 85.4475517161749,28.0750156982853 85.4479172242058,28.0749995837181 85.4480772976642,28.0749811450021 85.4481697660042,28.0749011941943 85.4482622342073,28.0748212433178 85.4482853512367,28.074801255588 85.4482877792826,28.0746323306524 85.4482280070063,28.0746567521559</coordinates></LinearRing></outerBoundaryIs></Polygon></MultiGeometry>
  </Placemark>
  <Placemark>
	<Style><LineStyle><color>ff0000ff</color></LineStyle><PolyStyle><fill>0</fill></PolyStyle></Style>
      <MultiGeometry><Polygon><outerBoundaryIs><LinearRing><coordinates>85.4642718031366,28.0832326471392 85.4643084939679,28.0830609396603 85.4641965151859,28.0829078172547 85.4641177700568,28.0828259389854 85.4640515915606,28.0826632045709 85.4641219479664,28.082532372403 85.4642044383751,28.0823510530217 85.4641496738777,28.0821884464121 85.4641753827745,28.0819862422099 85.4643490392858,28.0818160677724 85.464317246481,28.0816435937262 85.4641590376252,28.0815304522589 85.4640804375405,28.0814384510058 85.4640483571211,28.0812862228843 85.4639931611168,28.0811539851805 85.4636633147237,28.0810692953961 85.4632629685101,28.0811255596158 85.4630112891833,28.0811632389145 85.462759898072,28.0811806717816 85.4625202090791,28.0811779861234 85.4622208550895,28.0813568740589 85.4621370640453,28.0816292989709 85.4623042326982,28.0819146612395 85.4622902226626,28.0820967469216 85.4621620738095,28.082277553315 85.4622840205358,28.0825320349504 85.4623503404843,28.082684647135 85.4623708606383,28.0828468706052 85.4624712785197,28.0830099894654 85.4625032128653,28.0831723408285 85.4623987563581,28.0832926653357 85.4623486290954,28.083605965916 85.4623242144211,28.0837170628001 85.4621421670094,28.0836745239747 85.4619383016505,28.0835608681837 85.4615703114778,28.0837491095498 85.4616902380419,28.084145313277 85.4618939599103,28.0842690924334 85.4619599916839,28.0844419507352 85.4619676545335,28.0847052759802 85.4621242785244,28.0849297727195 85.462292605837,28.0851341512866 85.4623482342564,28.0852360206788 85.4622856816517,28.0856200539861 85.4623850920393,28.085854033751 85.4626928442814,28.0858878564148 85.4627721672544,28.0859292436152 85.4628962821638,28.086031880177 85.4630442351976,28.0860639115593 85.4633190429128,28.08600624243 85.4635607606505,28.0858672054214 85.4636766327934,28.0857470079417 85.4639758529797,28.0855782403059 85.464114120545,28.0854886669538 85.4641963253275,28.0853275937064 85.4642431347232,28.0852471209454 85.4640615161347,28.0851742155995 85.4638559165921,28.0851820382624 85.4636862890655,28.0850687683161 85.4636875861511,28.0849776614954 85.4636885949913,28.0849068006339 85.4637255756767,28.0847148474492 85.4637167556151,28.0845325059813 85.4635466968398,28.0844496048395 85.4634110247837,28.0843569640338 85.46334398166,28.0842549671961 85.4633007758787,28.084082365166 85.4632802541777,28.0839201417985 85.46335075654,28.0837791871385 85.4635684880633,28.0837208780427 85.4638090474277,28.0836628241966 85.4639356103894,28.0835933690735 85.4640390570006,28.0835439042327 85.4641768896286,28.0834846996402 85.4642345359369,28.0834448465397 85.4642718031366,28.0832326471392</coordinates></LinearRing></outerBoundaryIs></Polygon></MultiGeometry>
  </Placemark>
  <Placemark>
	<Style><LineStyle><color>ff0000ff</color></LineStyle><PolyStyle><fill>0</fill></PolyStyle></Style>
      <MultiGeometry><Polygon><outerBoundaryIs><LinearRing><coordinates>85.4496921722316,28.091015857268 85.4497380076493,28.091010963845 85.4498079750416,28.0910252831502 85.4498716470732,28.0910530598714 85.4499506105751,28.0910783036384 85.4500143992811,28.0910979644582 85.4500508888482,28.0911064939203 85.4500905455341,28.0911069420023 85.4501514392284,28.0911157471751 85.4502056100937,28.0911677678627 85.4503031877547,28.0911715759849 85.4503948198265,28.0911644939981 85.4504588418152,28.0911679229378 85.450534716182,28.0911958371973 85.4506047226728,28.0912074508247 85.4506867369976,28.0912327286347 85.4508024236239,28.09125026953 85.4508543989959,28.0912427393592 85.4508852926515,28.0912160310588 85.4509171488782,28.0911940143471 85.4509039527005,28.0911820097346 85.4508137975762,28.0910999951757 85.4507805709114,28.0910287480639 85.4507714820629,28.0908666525932 85.4508303000155,28.0907458222411 85.4509242340323,28.0905646411031 85.4510175863548,28.09042395153 85.4512130890999,28.090324913463 85.4513973221427,28.090215623327 85.4513999376185,28.0900334108776 85.4512762657048,28.0899003954799 85.4512904412657,28.0897081889874 85.4511215474752,28.0895442892458 85.450893691852,28.0895113426881 85.4506447516859,28.0893566629816 85.4503952306743,28.0892424744899 85.4501910775248,28.0891490472186 85.4499636593909,28.0890857304322 85.4497450379079,28.0892047546064 85.4493787542253,28.0892714866306 85.4491705277521,28.0894614992014 85.4491772860189,28.0897855611706 85.4493116422431,28.0899693219097 85.4495150686778,28.0901133650352 85.4496942117063,28.0903583789274 85.4495969299078,28.0907723859549 85.4496298647566,28.0908638791303 85.4496640764395,28.0910125447302 85.4496921722316,28.091015857268</coordinates></LinearRing></outerBoundaryIs></Polygon></MultiGeometry>
  </Placemark>
  <Placemark>
	<Style><LineStyle><color>ff0000ff</color></LineStyle><PolyStyle><fill>0</fill></PolyStyle></Style>
      <MultiGeometry><Polygon><outerBoundaryIs><LinearRing><coordinates>85.4482550912279,28.0904028543173 85.4481312773244,28.090279959126 85.4480193151978,28.090126824282 85.4480111042412,28.0899039913891 85.4478988513929,28.0897711022564 85.447647439109,28.0897885065063 85.4474971557409,28.0899184248374 85.447471121751,28.0901408701593 85.4474342556897,28.0903226946958 85.447248270364,28.0905534540591 85.447359357655,28.0907673268588 85.4475635111299,28.0908607583488 85.447700196273,28.0908825542674 85.4479982893327,28.090794806345 85.4481365762587,28.0907052499608 85.4481719852133,28.0906246541803 85.4481962706526,28.0905236834632 85.4482550912279,28.0904028543173</coordinates></LinearRing></outerBoundaryIs></Polygon></MultiGeometry>
  </Placemark>
  <Placemark>
	<Style><LineStyle><color>ff0000ff</color></LineStyle><PolyStyle><fill>0</fill></PolyStyle></Style>
      <MultiGeometry><Polygon><outerBoundaryIs><LinearRing><coordinates>85.4432539525565,28.0836564525975 85.4433026011628,28.0836678274591 85.4433873850535,28.0837120808887 85.4434786598063,28.0837293507438 85.4435080702377,28.083805444466 85.4435320824406,28.0838327740456 85.4435618831133,28.0838818150204 85.4435601663239,28.0840008470648 85.4435834762656,28.0840768715638 85.4436130429223,28.0841421441717 85.4436058498247,28.0842178226281 85.4436351824296,28.0842993268741 85.4436833631834,28.0843431648976 85.4437192646863,28.0843922750475 85.4437241168483,28.0844789130105 85.4437783203277,28.0845282307546 85.4437826263485,28.0846527425485 85.4437698008351,28.0846958885259 85.4437385953302,28.0847442374412 85.4437377370032,28.0848037534612 85.4436815045614,28.0848951099225 85.4436743894682,28.0849653778274 85.4436737651991,28.085008662203 85.4436854202974,28.0850466744438 85.4436540585761,28.0851058444256 85.443671502212,28.0851655680619 85.4436772127157,28.0851926900026 85.4437068577345,28.0852525520478 85.4437248476442,28.0852744018504 85.4437907846985,28.0853563212909 85.4438319289548,28.0854650166385 85.4438506156968,28.0854942807272 85.4438534052185,28.085300847426 85.4438774012505,28.0852201232818 85.4441325979369,28.0849395304852 85.4441811731547,28.0847375905128 85.4442991078907,28.0844756897676 85.4443037777908,28.0841517573417 85.4442153847979,28.0839482641378 85.4441035804582,28.0837850035573 85.4439007570338,28.0836004614927 85.4432615778367,28.0835932104027 85.4432203257404,28.0836440784028 85.4432539525565,28.0836564525975</coordinates></LinearRing></outerBoundaryIs></Polygon></MultiGeometry>
  </Placemark>
  <Placemark>
	<Style><LineStyle><color>ff0000ff</color></LineStyle><PolyStyle><fill>0</fill></PolyStyle></Style>
      <MultiGeometry><Polygon><outerBoundaryIs><LinearRing><coordinates>85.4759047251643,28.1031440753461 85.475957166981,28.1031625842169 85.4760104460817,28.1031403845916 85.4760237658568,28.1031936636923 85.4760060061566,28.1032380629428 85.4759926863814,28.1032735823432 85.4759793666063,28.1033046618186 85.4759260875056,28.1033268614439 85.4758861281801,28.1033623808443 85.475872808405,28.1034023401698 85.475952727056,28.1034245397951 85.4759882464564,28.103415659945 85.4760104460817,28.10342009987 85.4760504054072,28.1034378595703 85.4760592852573,28.1034511793454 85.4760770449575,28.1035044584461 85.4760992445828,28.1035577375467 85.4761036845078,28.103575497247 85.4760104460817,28.1035976968722 85.4759660468311,28.1036332162727 85.4759305274307,28.1036776155232 85.4758994479553,28.1037042550735 85.4758950080302,28.1037664140243 85.4758994479553,28.1038463326753 85.4759349673557,28.1039084916261 85.4759704867562,28.1039395711014 85.4760726050324,28.1039884102771 85.4761569636085,28.1039662106518 85.476201362859,28.1039573308017 85.4762502020346,28.1040416893777 85.4763123609854,28.1041216080287 85.4763745199361,28.1042015266797 85.4764766382124,28.1042548057803 85.4765432370882,28.1042459259302 85.4765698766385,28.104223726305 85.476609835964,28.1042059666047 85.4767075143153,28.1042681255555 85.4768273922917,28.1042503658553 85.4768629116922,28.104223726305 85.4770271889192,28.10422816623 85.4770760280948,28.1041926468296 85.477093787795,28.104068328928 85.4770183090691,28.1040328095276 85.4769561501183,28.1040017300522 85.4768629116922,28.1039084916261 85.4767874329662,28.1038463326753 85.4767163941654,28.1037575341742 85.4766631150647,28.1036420961228 85.4766320355893,28.103579937172 85.4766364755144,28.1034600591955 85.4766231557392,28.103415659945 85.4766675549898,28.103331301369 85.4767519135658,28.103255822643 85.4768273922918,28.1032691424182 85.4769339504931,28.1032913420435 85.4769605900434,28.1032647024931 85.4770449486194,28.1032158633175 85.4771071075702,28.103095985341 85.4772447452469,28.1030338263903 85.4773024642726,28.1028739890883 85.4773424235981,28.1027985103624 85.4774045825489,28.1026164734351 85.4774223422491,28.1025454346343 85.4774578616495,28.1023855973323 85.4774623015746,28.1023189984565 85.4774045825489,28.1021858007048 85.4772847045724,28.1020881223536 85.4772269855467,28.1020526029532 85.4771071075702,28.1019638044521 85.4769605900434,28.1019194052015 85.4768273922918,28.1018883257261 85.4766142758891,28.1019416048268 85.4765077176878,28.1019460447519 85.476340367136,28.1019579983746 85.4763639517373,28.1018977837243 85.476608946224,28.1018078827506 85.4769839413192,28.1017580178846 85.4773339166342,28.1016306886291 85.4773970173887,28.1014770180857 85.4772681063014,28.1013598084561 85.4771162874788,28.1013281180301 85.4771107739975,28.1012963344913 85.4769068593634,28.1011826993073 85.476701801197,28.101150047979 85.4766351645373,28.1010176879231 85.4766027757969,28.1008857082686 85.4765021777156,28.1007327216906 85.4763885907728,28.1006909614116 85.4761382992922,28.1006274329229 85.4758979933216,28.100665261004 85.4756217223653,28.1008241841544 85.4754820123778,28.1010149986448 85.4752746649847,28.1011443133955 85.4749906980511,28.1010399099953 85.4748552817743,28.1009270335024 85.4745473384682,28.1009033593777 85.4743639678166,28.1009519426173 85.4741473518988,28.1009292835256 85.4738837831148,28.1009972230079 85.4736888528454,28.101055801294 85.4734813600565,28.1011952362472 85.4733747472603,28.1014674136356 85.4732127738588,28.1016174794414 85.4730540699318,28.1016531209089 85.47301643914,28.1016367139585 85.4728255186716,28.1015959953038 85.4726419897118,28.1016479812704 85.4724841324489,28.1017311271132 85.4723956807356,28.1018304829832 85.4723063541967,28.1019915774119 85.4722098550634,28.1020445322283 85.4721648088934,28.1021520900251 85.4722067935285,28.1022606173948 85.4722922937392,28.1023696295173 85.4723695283334,28.1024476753346 85.4724725444063,28.1025491639195 85.4726270142213,28.1027052553274 85.4726985661772,28.1027562074493 85.4727055417711,28.1027660352572 85.4727951500852,28.1028885283164 85.4729311399116,28.1029609148353 85.4729603846276,28.1029580035381 85.4730667210694,28.1030034566321 85.4731355813522,28.1030582531569 85.4732886323696,28.1033146691631 85.4734612756374,28.1034169321737 85.4736946231416,28.1035353077167 85.473877499559,28.1035296244521 85.4740773455161,28.1035550039577 85.4744606140128,28.1035361124661 85.4748449740082,28.1034400465438 85.4750369900518,28.1034035891723 85.4752719763027,28.103406202046 85.475437118786,28.103423475169 85.475725633449,28.103334059727 85.4759047251643,28.1031440753461</coordinates></LinearRing></outerBoundaryIs></Polygon></MultiGeometry>
  </Placemark>
  <Placemark>
	<Style><LineStyle><color>ff0000ff</color></LineStyle><PolyStyle><fill>0</fill></PolyStyle></Style>
      <MultiGeometry><Polygon><outerBoundaryIs><LinearRing><coordinates>85.481608409804,28.1052839203322 85.481648301514,28.105244499085 85.4816966319171,28.1052122303227 85.4817491237984,28.1051935150992 85.4817822747233,28.105195161077 85.4817839644281,28.1051919711963 85.4817994941552,28.1051709170863 85.4818236729052,28.1051538180092 85.4818652312047,28.1051388409738 85.4819284321483,28.1051151521297 85.4819352384022,28.1051126010216 85.481955301975,28.1051024327567 85.48197249932,28.1050937170987 85.4820843363204,28.1050332065859 85.4821018516742,28.1050256819021 85.482182574975,28.1050111382792 85.4822435527618,28.105007953911 85.4823219915664,28.1050011034831 85.4823915912302,28.1050038033922 85.4824719886264,28.1050124116797 85.4825328034895,28.1050208032244 85.4825958756601,28.1050234307978 85.4826219585738,28.1050256490538 85.4826373782233,28.1050281825 85.4826674004775,28.1050218790939 85.4827305182046,28.1050161279963 85.4827392413544,28.1050341335834 85.4827602978792,28.1050306410639 85.4829683718443,28.1049896512902 85.4832733150447,28.1050038473826 85.4835535463198,28.1050394154227 85.4838224869984,28.1050099203677 85.484066259186,28.1050342613022 85.4840988365803,28.1050322163135 85.4841090486524,28.1050293228439 85.4841887538623,28.1050031465353 85.4842316954414,28.1049873867695 85.4842622049988,28.1049877240018 85.4843663177859,28.1049618173679 85.4843846235171,28.10496201969 85.4844196109909,28.1049717498977 85.4844454144616,28.1049789259839 85.4844690615829,28.1050333020809 85.4844380196302,28.1050708393373 85.4844187251605,28.1051409752723 85.4843747947918,28.1052270733434 85.4842457415889,28.1052905846253 85.4842330052745,28.1053283241687 85.4842261426856,28.1053823630606 85.484237890161,28.1054149617604 85.4843223284653,28.1054862442471 85.4844005128218,28.1055682805133 85.4845276649975,28.1056400349617 85.4847471070603,28.105658694366 85.4848940100868,28.105627848692 85.4850599791283,28.1055430987343 85.4851704222976,28.1055010270079 85.48526217949,28.1054858061657 85.4853543927168,28.1054381214407 85.4854887874097,28.1054287828611 85.4855739865759,28.1054459582371 85.4856897714765,28.1054580598437 85.4858300401666,28.1054650202261 85.4859954764308,28.1054181435635 85.4860748776361,28.1054136087072 85.4862519098913,28.1054101515706 85.4863622765453,28.1053734894992 85.4864361074581,28.105331012602 85.4865154326422,28.105331888127 85.4866008597676,28.1053328309487 85.4867171003502,28.1053124678464 85.4867604214166,28.1052696540777 85.4868216685691,28.1052540954952 85.4868709396372,28.1052221703024 85.4869513277575,28.1051472965995 85.4870068525167,28.105104617398 85.4870426613698,28.1050674646827 85.4870439955378,28.1050671468481 85.4875357926473,28.1048128209123 85.4878436199838,28.1046214023944 85.4879832995932,28.1045736376611 85.4880215614685,28.1045530151913 85.4881136210116,28.1045161498142 85.4881567894778,28.1044841568545 85.488205832221,28.1044684630833 85.4882606734009,28.1044744791401 85.4883516708175,28.1045133626264 85.4884062844708,28.1045356105614 85.4884662415403,28.1046120321854 85.4885385542014,28.1046777670054 85.4886105635748,28.1047651443719 85.4886114052758,28.1047661978807 85.4886585446071,28.104825199479 85.4887557202244,28.1048587393164 85.4888099549686,28.1049080403284 85.488894547716,28.1049684988142 85.4889675433197,28.1049855376092 85.4889773092029,28.1049888089142 85.4890343611989,28.1050079197792 85.4890749050136,28.1050582428115 85.4891859232565,28.1049026409059 85.489144796823,28.104578199512 85.4893153237303,28.1042419073944 85.4895085287211,28.1040123931396 85.4897558963408,28.1037526859179 85.4898622812413,28.1036149230498 85.489952772419,28.1033689249639 85.4901459729574,28.103247554933 85.4904640434121,28.1029114389078 85.4905353976644,28.1027887270148 85.4909204988945,28.102638593596 85.4912897043954,28.1023802240223 85.4914311145498,28.1022274079678 85.4916079846261,28.1020286702711 85.4918246315862,28.1014753148443 85.491932954186,28.101198636954 85.4920049530887,28.1010296197609 85.4921283068243,28.1009229158574 85.49249491433,28.1008497602682 85.4928438995606,28.1007918472005 85.4929315772222,28.1007464991797 85.4932124471815,28.1005797763829 85.4935801309536,28.1004294437594 85.4940337662158,28.1003572398649 85.494418207749,28.1002534004976 85.4945591797609,28.1001314505296 85.4948735651946,28.100057715205 85.4951161724003,28.1001375634285 85.4957249527038,28.1001751164786 85.4958644162563,28.1001612089055 85.4960921041971,28.1002070922923 85.4961472414183,28.1002610697146 85.4966937963318,28.1003683083652 85.4970100575012,28.1006147664957 85.4970297856034,28.1008377252165 85.4968423316492,28.1011799091873 85.4969967949435,28.1015663391336 85.4969226542466,28.101970512904 85.4969623925737,28.102396184062 85.4968631607289,28.1029620772395 85.4970844309113,28.1034707351889 85.4973333323942,28.1036354572568 85.4972583205166,28.103764475938 85.4972481490718,28.1037713137186 85.4969764100203,28.1039072703627 85.496896573965,28.1040144556212 85.4969360363882,28.1042128057127 85.4969535168663,28.1043006676813 85.49696396711,28.1044784783752 85.4971805342293,28.1047677443113 85.4973840550851,28.1049117197025 85.4975424748537,28.105014702046 85.4978128031063,28.1052809046427 85.4980065797699,28.1052434823174 85.4980970884529,28.1053166142433 85.4982352685907,28.1053953135144 85.498416643769,28.1054976414297 85.4985459059747,28.1055916799347 85.4988499900332,28.1056336020399 85.4990609145785,28.1054892575465 85.499096480436,28.1054356166545 85.49923799156,28.1052750749199 85.4992673244301,28.1050438380481 85.4991735204007,28.1049038767133 85.4991837277295,28.1047959280759 85.4990904611529,28.1046173795881 85.4990479110897,28.1045474465051 85.4989453870002,28.1044828346832 85.4990125207264,28.1044030715925 85.4993583944401,28.1041638650361 85.4995678337356,28.1038826662074 85.4997741732984,28.1038241756936 85.5003686685607,28.1037699300521 85.5005766967798,28.103589960795 85.5007167894372,28.1033687498276 85.5007869762933,28.1032480211518 85.5008828103299,28.1029250794616 85.5008188165197,28.1026003905575 85.5006155765589,28.102436173954 85.5007799073313,28.1021139811647 85.5009653806909,28.1019135152626 85.5010149854492,28.1016305667335 85.50101976981,28.1012863802699 85.5008402084412,28.1010616748184 85.5008435859589,28.1008187196688 85.5008692325654,28.100616506615 85.5008500594169,28.1003530556068 85.5006702183894,28.1001485962403 85.5006251174926,28.1001076044965 85.5006978354198,28.0998046593565 85.5006761294613,28.0997234246991 85.5005864910217,28.0996009486822 85.5004965712744,28.099498718876 85.5004069332189,28.0993762427529 85.5003626773267,28.0992745121457 85.5004334247107,28.0991132909661 85.5005735113876,28.0988920797929 85.5006214265436,28.0987306088741 85.5005557464928,28.0985273973852 85.5006498875405,28.0983259331185 85.5008119598937,28.0981657100213 85.5008843943081,28.0978830109006 85.5008112307731,28.0977320459051 85.5009482158554,28.0976234187938 85.5010724151063,28.0974549668149 85.5011278495122,28.0972240143828 85.5014095560019,28.0969955343702 85.5019725366709,28.0965694422088 85.5022379058666,28.0962635958283 85.5025905148559,28.0959432640977 85.5027306151358,28.0958830446275 85.5034158504703,28.0954274061951 85.5034534450613,28.0952271324001 85.5030576215372,28.0948986313012 85.5024482239209,28.0949074164914 85.5022574092659,28.0948590213697 85.5018394694643,28.0948698943212 85.501454195781,28.0950354951105 85.5010682774888,28.0952473993977 85.5004595218989,28.0952098710474 85.5002532339212,28.095022369025 85.4999762526265,28.0949112797084 85.4995965582983,28.0946755686058 85.4996515647463,28.0944754864833 85.4997418105404,28.09424491533 85.4995516425313,28.0941502119251 85.4991178038261,28.094052842222 85.4983857165983,28.0941220157897 85.4980361106751,28.0942262485385 85.4975292132031,28.0943750691639 85.4972651261749,28.0945882970715 85.4970373538893,28.0946938619167 85.4967403906807,28.0947677936744 85.4963894903172,28.0949646311411 85.4961950205657,28.095178620011 85.4957934088324,28.0952668394855 85.4954096323484,28.0953243790119 85.4951305023769,28.095367628422 85.4946779658509,28.095362662682 85.4942778606353,28.0953428338403 85.4939834800605,28.0952315415597 85.4938281262145,28.0951372125648 85.493726281436,28.0949508478759 85.4935204372661,28.0947324665405 85.4932784901393,28.0946063114812 85.4930713537792,28.0944805384532 85.4926555727475,28.0943370352408 85.4921160157492,28.0943311048452 85.491799487552,28.0945591826045 85.4916585201542,28.094681129992 85.4913609062465,28.0948013543854 85.4911853436447,28.0949074835655 85.4909889206652,28.0952603779061 85.4909310905986,28.0956611083438 85.4908425525744,28.0957681944567 85.4905775854238,28.0960431480012 85.4904525079129,28.0962733291314 85.4903792139845,28.0965349544381 85.4902545675361,28.0967342657402 85.4901814888264,28.0969804560981 85.4901795442599,28.0971193692542 85.490227871709,28.0973977703554 85.4901201973308,28.0976281426449 85.489875006474,28.0977335034148 85.4897523028067,28.0977939010229 85.4895769498623,28.0978845930593 85.4892786762359,28.0980511168067 85.4891200794723,28.0981883042997 85.4889442928761,28.0983098650439 85.4887687221652,28.0984159907634 85.4885407176755,28.0985369755821 85.4882600627942,28.0986882540049 85.4880481646303,28.0989020384659 85.4879409168225,28.0991015392067 85.4879219961892,28.0992093907288 85.4878850204441,28.099363354662 85.4878125835821,28.099563239069 85.4878450146995,28.0997334053952 85.4879638263241,28.0999508355536 85.4879713064172,28.0999939307914 85.4877673801971,28.1002094244691 85.4876272660438,28.1004306214326 85.4876449871207,28.100795303736 85.487648937249,28.1008100940648 85.4875507182073,28.1008570726523 85.4873061670958,28.1009161240988 85.487096211383,28.1009909938982 85.4868327376013,28.101157895798 85.4866023423942,28.1014486593993 85.4864961723584,28.1015709849424 85.4864248144864,28.1016936946069 85.4862472857554,28.1019387295447 85.4862109565417,28.1020463885712 85.485861314306,28.1021505887072 85.4853909114038,28.1021762685502 85.4850060217748,28.1023109514649 85.4847769204916,28.1025091031969 85.4846700966435,28.1026777314163 85.484770413843,28.1029721455079 85.4845232534692,28.1032164086242 85.4842099376782,28.1032129458561 85.4836000615063,28.1032525148509 85.4832667340043,28.1034340742345 85.4827090758221,28.1034742167438 85.4823768324195,28.1035786002474 85.4822177842619,28.1037466484376 85.4819901959825,28.1038367521032 85.4817280116194,28.1039110352296 85.4816903991332,28.1040207773016 85.4812554266999,28.1040910477025 85.4805739613879,28.1042687442723 85.4800162984128,28.1043088756156 85.4795269555157,28.1044423848943 85.4791411802994,28.104638789498 85.4789479655671,28.1047601434162 85.4787192837707,28.1049274149277 85.4786305081523,28.1050499269399 85.4787028825864,28.1050682948669 85.478769611903,28.1050620831459 85.4788479419906,28.1050629520639 85.4789392000796,28.1050729693181 85.4789888269805,28.1051031075728 85.4790407204682,28.1051268388196 85.4790754794339,28.1051310836173 85.4791191050425,28.1051238489102 85.4791803278403,28.1051033018752 85.4792328200566,28.1050845876299 85.4792677695042,28.1050753270171 85.4792969146757,28.1050772669494 85.4793220565724,28.1050836475895 85.4793784906035,28.1051077664525 85.4793869507338,28.1051113821531 85.479447547672,28.1051352097593 85.479449066526,28.105135526767 85.4794885893007,28.1051568908703 85.4795882697695,28.1051869406897 85.4795918627684,28.1051866419934 85.4796906702323,28.1051784278072 85.4797517025399,28.1051713858785 85.4798215198034,28.1051586523916 85.4799086893589,28.1051499704992 85.479954463571,28.1051446889816 85.4800306723203,28.1051416744319 85.4801046236369,28.105144423738 85.4801719386584,28.1051548180119 85.4802153738531,28.1051610883208 85.4802630519542,28.1051751241964 85.4803084998413,28.1051929946195 85.480371463237,28.1052033405714 85.4804390502411,28.1051944413328 85.4804745706413,28.1051446643029 85.4805119949465,28.1051142047566 85.4805731903153,28.1050955864275 85.4806016393424,28.1050843238056 85.4806885641182,28.1050930054601 85.4807537033398,28.1051033753425 85.4808209640453,28.1051176279767 85.4809142261103,28.1051398871756 85.4809726747772,28.1051617606791 85.4810072707674,28.1051775810238 85.4810072707674,28.1051775810238 85.4810833300506,28.105185177253 85.481308095633,28.1052957265243 85.4813638667825,28.1052914042916 85.4814042927386,28.1053062646385 85.4814425495405,28.1053290545788 85.4814729841811,28.1053313212452 85.4815450859198,28.1053108936141 85.481593226187,28.1052921302666 85.4815998250398,28.1052871380284 85.481608409804,28.1052839203322</coordinates></LinearRing></outerBoundaryIs></Polygon></MultiGeometry>
  </Placemark>
  <Placemark>
	<Style><LineStyle><color>ff0000ff</color></LineStyle><PolyStyle><fill>0</fill></PolyStyle></Style>
      <MultiGeometry><Polygon><outerBoundaryIs><LinearRing><coordinates>85.4920682262212,28.1141977042304 85.4920677879988,28.1141962775683 85.4920994349596,28.1141898718868 85.4921025189153,28.1141890544922 85.4921060035489,28.1141870496659 85.4921214787151,28.1141698530778 85.4921325748187,28.1141545379694 85.4921336661037,28.1141526613846 85.4921372840826,28.1141529866743 85.4921500370642,28.1141508707343 85.4922467541509,28.1140824672396 85.4923437949765,28.1139909115127 85.4925193885214,28.1138847822939 85.4928858245121,28.1138270622655 85.4930177888817,28.1137281713558 85.49307173988,28.1136052671502 85.4931528819213,28.1134054760096 85.4931432899997,28.1132221636434 85.4933047349248,28.1131292761322 85.4934544297427,28.1130074238728 85.4935866082956,28.1128930975615 85.4936411702967,28.1128821191695 85.4936739722044,28.1128709016884 85.4938761060724,28.1127341879008 85.4939737912828,28.1125963265411 85.4940183896158,28.1125196306346 85.4941422942454,28.1123743385516 85.4944155676285,28.1121303451125 85.4944891877054,28.1118455660647 85.4943878663759,28.11162061467 85.4944339730782,28.1114358750408 85.4943830431047,28.1113426928255 85.494323732709,28.1112262628235 85.494168679611,28.1111087813356 85.4939689213793,28.1110757130245 85.4935427544069,28.1110478756243 85.4933973771025,28.1108610323913 85.4932259966067,28.1106661846807 85.4927920988589,28.1105687928384 85.4923562590958,28.1106103126739 85.4920427047668,28.1106223017469 85.4916512477518,28.1106025588318 85.4913455332106,28.1106763811497 85.4910908530771,28.110835668726 85.4908115732819,28.1108866250102 85.4904884497097,28.1109602537525 85.4903560543238,28.1110900118365 85.4902492298219,28.1112586442087 85.4900892086325,28.111496157817 85.4897900320299,28.111724419967 85.4897348889629,28.1119322139769 85.4898118188079,28.1120334027585 85.4898808016848,28.1120804739785 85.4899666624283,28.1121222986293 85.4898760411578,28.1121095188512 85.4899778304246,28.112156054771 85.4900000000374,28.1121775508879 85.4900460709633,28.1122222222142 85.4900681527157,28.1122436331398 85.490140547078,28.1123039566373 85.4901735698515,28.1123065750639 85.4901891384497,28.1123207261612 85.4902777778152,28.1123656746036 85.4902982227977,28.1123760421206 85.4903340032787,28.1124359623571 85.4903455259467,28.1124847925337 85.4903517159829,28.112499999992 85.4903632267606,28.1125282792568 85.4903681924075,28.1126095061027 85.4903612564547,28.1126689559913 85.4903667525697,28.112712308331 85.4903843776448,28.1127612056953 85.4904084082238,28.1127885276729 85.4904692803758,28.1128000208409 85.4905488385197,28.1127846623137 85.490555555593,28.1127822671256 85.49062244581,28.1127584152713 85.4907383908296,28.112759691639 85.4907991114887,28.1127820059505 85.4908838628867,28.1128316421351 85.4909742622342,28.112913809304 85.4910030318797,28.1130385899567 85.4910078465141,28.1131306380828 85.4909881000632,28.1132332388411 85.4910281074025,28.1133333333254 85.4910293776003,28.113336511237 85.4910043619787,28.1133795277401 85.4909547851974,28.1134330968626 85.4909174889449,28.1134813896578 85.4909042992861,28.1135515936961 85.4909158223092,28.1136004238318 85.490939550183,28.1136493883025 85.4909756344316,28.1136876658138 85.4910117944576,28.113720532672 85.4911206534019,28.1137920799709 85.4911510140576,28.1138032370564 85.4912240159929,28.1138202748744 85.4912784834395,28.1138533431314 85.4913584217167,28.1138671404827 85.4914369195134,28.1138713209543 85.4915282288542,28.1138885600506 85.4916797296881,28.1139659875577 85.4917339702052,28.1140152875791 85.4918435870586,28.1140327278697 85.4919492055,28.1140862838233 85.491956955489,28.1140941118773 85.4919614241152,28.1140986255149 85.4919656845133,28.1141024978347 85.491975751024,28.1141116473887 85.4919785624161,28.1141181104557 85.4919891186368,28.1141413822834 85.492012704064,28.1141667270626 85.4920299773557,28.1141765652665 85.4920471696689,28.114192191507 85.4920644969551,28.1141981710144 85.4920682262212,28.1141977042304</coordinates></LinearRing></outerBoundaryIs></Polygon></MultiGeometry>
  </Placemark>
  <Placemark>
	<Style><LineStyle><color>ff0000ff</color></LineStyle><PolyStyle><fill>0</fill></PolyStyle></Style>
      <MultiGeometry><Polygon><outerBoundaryIs><LinearRing><coordinates>85.4767040931811,28.1047524531875 85.4767804812987,28.1047451845116 85.4768663092029,28.1047657739446 85.4768809329681,28.1047625346612 85.4769506459909,28.1047957777373 85.4770325246094,28.1048318616222 85.4770933904394,28.1048433604732 85.4771390400822,28.1048519846624 85.4771702959028,28.1048461890101 85.4772216447603,28.1048366675795 85.4772249934403,28.1048357189528 85.4772165699898,28.1047196257694 85.4772072982152,28.1045676537682 85.4771065530994,28.10442479056 85.4769816887751,28.1043727808366 85.4769137630094,28.1043315280141 85.476833849001,28.1043306404126 85.4766842931398,28.1044099759912 85.4766715896715,28.1045009562907 85.4766917049328,28.1046935471678 85.4766669761032,28.1047728226107 85.4767040931811,28.1047524531875</coordinates></LinearRing></outerBoundaryIs></Polygon></MultiGeometry>
  </Placemark>
  <Placemark>
	<Style><LineStyle><color>ff0000ff</color></LineStyle><PolyStyle><fill>0</fill></PolyStyle></Style>
      <MultiGeometry><Polygon><outerBoundaryIs><LinearRing><coordinates>85.4885496991007,28.110194892986 85.4885526364131,28.1102030425812 85.4885453962246,28.110284134929 85.4885934553873,28.1103387794651 85.4886410594359,28.1104258878322 85.4886520501389,28.1105125926141 85.4886937037808,28.1105888124207 85.488710948498,28.110664763177 85.4887095830556,28.1107621547148 85.4887210289816,28.110816395645 85.4887629103475,28.1108763835109 85.4887747355864,28.1109035712323 85.4887558978155,28.1109412439437 85.4887677230589,28.1109684316657 85.4887857264273,28.1109902760037 85.4888460663999,28.1110396443368 85.488930891356,28.1110838710119 85.4890148062551,28.1111930253337 85.4890341673832,28.1112307133705 85.4891701883119,28.1113214825755 85.4893294601204,28.1113637360067 85.4895229833709,28.1114063665908 85.4897059407031,28.1113881327633 85.4899466925633,28.1113199120804 85.4900965328175,28.1112203159706 85.490121919331,28.1110383522321 85.4902503427452,28.1108372738072 85.4901154651178,28.1106839191757 85.4899574702279,28.1105505590844 85.4899486057751,28.1103682181517 85.4896881423882,28.1102134799749 85.4894255519236,28.1102105872957 85.489140411316,28.1101871963832 85.4889821345916,28.1100740813587 85.4887305357466,28.110101682362 85.4886155145513,28.1101611623086 85.4885621968454,28.110179944662 85.4885496991007,28.110194892986</coordinates></LinearRing></outerBoundaryIs></Polygon></MultiGeometry>
  </Placemark>
  <Placemark>
	<Style><LineStyle><color>ff0000ff</color></LineStyle><PolyStyle><fill>0</fill></PolyStyle></Style>
      <MultiGeometry><Polygon><outerBoundaryIs><LinearRing><coordinates>85.5154696816086,28.1237733552424 85.5154755321302,28.1237952349679 85.5154866593412,28.1238036619952 85.5155091197577,28.1238055665467 85.5155213833785,28.1238056993611 85.5155240683349,28.1238057284389 85.5155372238887,28.1238058709114 85.5155581082282,28.1237861614405 85.5155884750326,28.1237582481381 85.5156111185308,28.1237468642269 85.5156506244928,28.1237356629155 85.5156674411912,28.1237391676287 85.5156859941892,28.1237526589633 85.5157329030412,28.1237481830058 85.5157648459108,28.1237418836761 85.5157969718423,28.1237222958918 85.5158050154651,28.1236825116992 85.5158111625921,28.1236443682748 85.515839426862,28.1236330451845 85.51588071484,28.1236285083144 85.5159256813836,28.1236289951704 85.5159555446768,28.123637625013 85.5159775932252,28.123669428495 85.515997745299,28.1237028727455 85.5160613335547,28.1237118676815 85.5160932077622,28.1237105514423 85.5161566816444,28.1237278516151 85.5161902235704,28.1237415051411 85.5162498816427,28.1237637478769 85.5163173086793,28.1237661390333 85.5163304468154,28.1237646199371 85.5162879257062,28.1237226270864 85.5162266228052,28.1236837535244 85.5162009413497,28.1236436042354 85.516167719735,28.1236066959266 85.5161399130588,28.1235847979631 85.5161250614833,28.1235746693661 85.5160915882527,28.1235560326578 85.5160469649232,28.1235306300158 85.516017261808,28.1235103728014 85.51597604252,28.1235099265465 85.5159254552132,28.1235093788531 85.5158731315948,28.1234988445192 85.5158546014964,28.1234836921543 85.5158473359042,28.1234670004495 85.5158381738292,28.1234519495139 85.515778241422,28.1234496392788 85.5157575860247,28.1234527382292 85.5157167100256,28.123427376059 85.5156830309534,28.1234236887576 85.5156267771163,28.1234264022015 85.5155765789233,28.1233976164325 85.5155467386168,28.123387325455 85.515522473346,28.1233804174549 85.5155195760977,28.1233769040841 85.5155176109539,28.1231893148794 85.5154239768324,28.1231849782036 85.515364250595,28.1231677182922 85.5153345934916,28.1231441388261 85.5153013723298,28.1231072303218 85.5152985407463,28.1230407475088 85.5152769732236,28.1229740617585 85.5152218184014,28.1228970443745 85.5152038607855,28.122840365537 85.5151666636566,28.1228200269705 85.515128596623,28.1228628085064 85.5150464790911,28.1228386606915 85.5149130000529,28.1227342138152 85.514898286089,28.1227141187604 85.5148952257929,28.1226642464996 85.5148996140566,28.1226177775446 85.5148703693398,28.1225642989877 85.5148446886488,28.1225241494677 85.5148488479597,28.1224942910684 85.5148604558145,28.1224678359766 85.5138075577106,28.122180648104 85.5137475115298,28.1221866422825 85.5137024539766,28.1221927989535 85.5136421328062,28.1222187257407 85.5135967085848,28.1222514592494 85.5135659979867,28.1223042879307 85.5135580453363,28.1223374277539 85.5135201153671,28.1223702425011 85.5134974490438,28.1223832871261 85.5134373110657,28.1223959253812 85.5133103658678,28.1223613225741 85.51321321468,28.1223403332348 85.5131527099369,28.1223795482321 85.5131510595022,28.1224991441331 85.5130004391847,28.1225506719781 85.5128052195287,28.122575134941 85.5127000236126,28.1225939292173 85.5125872415952,28.1226192863051 85.5124819538727,28.1226447246253 85.5123767578436,28.1226635186485 85.5122794231094,28.1226558170725 85.5122051219214,28.1226084941745 85.5121742747434,28.1225742211838 85.5123680793716,28.1224591664281 85.5126257124986,28.1219962273195 85.5128593889592,28.121614025116 85.5130916667217,28.1213330540086 85.5131432069767,28.120908376769 85.5129878223187,28.1205827017399 85.5130362891113,28.1203807339965 85.5132220529374,28.1201600060364 85.5133613054677,28.1199995214581 85.5135696248936,28.1197992869379 85.5138461728924,28.1196200411169 85.5139623084048,28.1194795546127 85.5139859822051,28.1194190631714 85.5139194282738,28.1192765962188 85.5137618093701,28.1191128926233 85.5137412072829,28.118950674416 85.5137654395629,28.1188496903506 85.5139269671026,28.1187299453068 85.5141347246076,28.1185702024239 85.5142745319387,28.1183692240818 85.5143227160126,28.1181875020264 85.5141436579339,28.1179223197264 85.5140993820949,28.117820593032 85.5140793379909,28.1176178821648 85.5141055237416,28.1173751736427 85.5139715804346,28.1171509788357 85.5137440613441,28.1170877643613 85.513607326624,28.1170660325663 85.5135421708182,28.1168223337929 85.5136145870919,28.1165396278901 85.5134352540675,28.1162946911078 85.5132548046141,28.1161307394436 85.5128897167446,28.1161065303977 85.512662200552,28.1160433142263 85.5122945977987,28.1162013205306 85.512153671809,28.1164832821662 85.5121500380409,28.1167464843368 85.5120333442666,28.1169274620193 85.5119177683704,28.1170274543137 85.5119378083359,28.1172301653544 85.5118901799442,28.1173713938264 85.5118177585246,28.1176540985908 85.5118149625545,28.1178565617343 85.5116528748838,28.1180167968882 85.511626683404,28.1182595047028 85.511760622986,28.1184837016329 85.5116882003401,28.1187664062429 85.5114804389949,28.1189261452597 85.5110911075552,28.1190029146508 85.5107026150762,28.119018944013 85.5104277429919,28.1190767055801 85.5100643258169,28.1189310108889 85.5096772336482,28.1188458058884 85.5094505540526,28.1187218453907 85.509064863816,28.1185354072689 85.5086543776841,28.1184904436692 85.5083817480697,28.1183862308977 85.5080645685202,28.1182005354543 85.5078373315351,28.1181170649542 85.5076323699442,28.1180743352323 85.5074051335903,28.117990864037 85.5074014565537,28.1179912889815 85.5073526263876,28.1179506142258 85.5072498272462,28.1177966551804 85.5071841301198,28.1176696809009 85.5070953989582,28.1175823269902 85.5069389460732,28.1175141711037 85.5068420768543,28.1174732448407 85.5067836902251,28.1173596404154 85.5067696229574,28.1172930351421 85.5067248433791,28.1172792569795 85.5066730302141,28.1172321761618 85.5066589630281,28.1171655708792 85.5066903198305,28.1170662343647 85.5066764367885,28.1169863406779 85.5066774495456,28.1169132544512 85.5067236099529,28.1168273695843 85.5068319309935,28.1165826767979 85.5068999284437,28.1165435461389 85.5069896711565,28.1165578139091 85.5070797820658,28.1165455048053 85.5071553653443,28.1164998114167 85.5071781231481,28.1164801236075 85.5070737608469,28.1164391159337 85.5069914200636,28.1164315740365 85.5069236988723,28.1164507721345 85.5068711495589,28.1164568450267 85.5067598458864,28.1163758902819 85.5067084934428,28.1162955884719 85.5065591682371,28.1162540906574 85.5063944870681,28.1162390062087 85.5062606102835,28.1161644503507 85.5061117459555,28.1160897310534 85.5059162606552,28.1161341172167 85.5058318936239,28.1162727470488 85.5057861933866,28.1163254106023 85.5055827529881,28.1164029355892 85.5054541590775,28.1164879214302 85.5055571387028,28.116628593306 85.5055863772314,28.1166820736564 85.5055923048451,28.1167951067333 85.5055604864462,28.11692766396 85.5055519790035,28.1170006684586 85.5054763025831,28.1170530051189 85.505378420735,28.117085164039 85.5053108831859,28.1170910729152 85.505258057027,28.1171170777669 85.5053091322622,28.1172173126787 85.5052037562746,28.1172493897607 85.5050771887509,28.1171882028458 85.5050109415401,28.1171010928098 85.5049438648507,28.1170737805186 85.5047792749415,28.1170520498948 85.504683328943,28.1169446801866 85.5045869221475,28.1168705313979 85.5031587785465,28.1182437923844 85.503202542837,28.1183306578045 85.5032241020025,28.1183973451768 85.5032596340961,28.118537282283 85.5032654669849,28.1186569595315 85.5033536420784,28.1187841809668 85.5033746477368,28.1188907334614 85.5034329391744,28.1190109833991 85.5036268621014,28.1190795522852 85.5036863533202,28.1191134276415 85.5038069041938,28.1190682270232 85.5039344878035,28.1190563290398 85.5039639105985,28.1190965213284 85.5039327351235,28.1191825686877 85.5039605897811,28.1193357122399 85.5040103733353,28.1195289662842 85.5040471058988,28.1195825287238 85.5041518388614,28.119596961988 85.5041813541106,28.1196305100434 85.5042255809033,28.1196841542116 85.504405992862,28.1196462514287 85.5044818560854,28.119580627082 85.5046242440561,28.1195821803765 85.5047372088109,28.1195435413932 85.5047660788569,28.1196235986876 85.5047794997347,28.1197367134668 85.5048302068636,28.1198635253266 85.5048515829238,28.1199435008669 85.5049031199356,28.1200105149569 85.5049066357323,28.1200826282771 85.5048400235244,28.1201498374393 85.504835913311,28.1204460467322 85.5048665976967,28.1204819257723 85.5048727745735,28.1205111737308 85.5048806640986,28.1205485311819 85.5049005652245,28.120734813808 85.5049221258627,28.1208015009494 85.5049513651009,28.1208549814352 85.504942764616,28.1209346300212 85.504940459828,28.1211007348516 85.5049618361717,28.1211807103733 85.5049917208481,28.1211876815003 85.5050141113113,28.1211945708896 85.5050196695891,28.1213341806784 85.5050409538431,28.1214208003823 85.5051907463375,28.1214290791053 85.5052810458409,28.1214034829692 85.5053941966584,28.1213515551301 85.5055221515094,28.1213130789912 85.5055810304029,28.1213215666298 85.5055996072233,28.1213730786192 85.5056647471283,28.12161678043 85.5058223567517,28.12178049295 85.5059813705604,28.1218429740621 85.5060262015414,28.1219042105943 85.5061829700152,28.1221286614776 85.5064394326278,28.1221405567862 85.5064804050385,28.122207334449 85.5066073475553,28.122241943493 85.5067345664163,28.1222566198299 85.5068810274865,28.1222349570435 85.5069859936716,28.1222327777544 85.5071132125906,28.1222474537414 85.5071952816396,28.1222749283265 85.5073262938215,28.1222863228265 85.5074238117846,28.1222807394957 85.5075329853573,28.1222453795911 85.5075647502945,28.1222448172174 85.5076408707182,28.1224077825012 85.5074534088761,28.1227499797971 85.5070629389699,28.1229077220887 85.507012495771,28.1232514109536 85.5074887050043,28.1234995886754 85.5078526942976,28.1236047980389 85.5082141612439,28.1238922228306 85.5084414105172,28.1239756931155 85.5088259976741,28.1242431186239 85.5091913917594,28.1242470932162 85.5093743689619,28.1242288338747 85.5097174860893,28.1241920661598 85.5099004631428,28.1241738061087 85.5101057172814,28.1241962866004 85.5106727272144,28.1244859391157 85.5107857937317,28.1245681648915 85.5113099307165,28.1246548557716 85.5115625390123,28.1245563524348 85.5117951064467,28.1242551377186 85.5118438571078,28.1240329243539 85.5118931668532,28.1237702183628 85.5118965226697,28.1235272627908 85.5115790422506,28.1233618211024 85.511031794486,28.1232951296935 85.510905923729,28.1232061204492 85.5109190267265,28.1231959203547 85.5110129819163,28.1231770053689 85.5110356486922,28.1231639611742 85.5111032357985,28.1231547275105 85.5111292365641,28.123171622946 85.5112191690768,28.1231725997456 85.5112565032427,28.1231829730435 85.5113166418741,28.1231703357734 85.5113840912632,28.1231710682864 85.5114586678395,28.1231984589943 85.5115263926323,28.1231792588049 85.5115792204398,28.1231532516149 85.5116507382658,28.1231307699451 85.5117110603944,28.1231048440756 85.5118087166892,28.1230892913267 85.5118534076044,28.1231097121462 85.5118975937972,28.123166676119 85.5119273877718,28.123180289982 85.5119842838586,28.1231310685678 85.5119993643751,28.1231245870656 85.5120249982303,28.1231680591868 85.5120166320964,28.1232310978524 85.5120076694802,28.1233373238972 85.5120070271257,28.1233838333838 85.5120251207619,28.1234305462567 85.5120474663088,28.1234407566359 85.5120810534578,28.1234510890387 85.5121299046857,28.1234416514935 85.5121819525775,28.1234721198801 85.5122718395096,28.1234764181052 85.5124182096846,28.1234613936386 85.512474922239,28.1234254604473 85.5125805776538,28.1233734453081 85.5126449220905,28.123327627044 85.5127501645965,28.1233055107323 85.512847362396,28.1233231783194 85.5128661442327,28.1233200594829 85.5129154538888,28.1232774005767 85.5130235723252,28.1233184447501 85.5130609984384,28.1233221733491 85.5131023092973,28.1233159762619 85.5131587923242,28.1232966533149 85.5132303558018,28.123270848704 85.513264447305,28.1232446376301 85.5133361482484,28.1232088666368 85.5133891131861,28.1231728924081 85.5134826554746,28.1231838746878 85.5135161968638,28.12319752885 85.5135232328952,28.1232308312073 85.5135335119379,28.1233007173937 85.5135705255617,28.123334344831 85.5136340904279,28.1233450019321 85.513690710877,28.1233157124366 85.5137283203385,28.123306152419 85.5137841158466,28.1233366608428 85.5138291738781,28.1233305041639 85.5138744610292,28.1233077369249 85.5139684158968,28.1232888198969 85.5140582569853,28.1232964390565 85.5141180746908,28.1233070553127 85.5141365357792,28.1233271910665 85.5142378017681,28.1233216435291 85.5143090443516,28.1233190931135 85.5143468828188,28.1232929223754 85.5144075251066,28.1232437405293 85.5144452719097,28.1232242139817 85.5145165602338,28.1232183413455 85.514572493346,28.1232388831251 85.5145834143146,28.1232622597172 85.5146056226834,28.1232824360178 85.5146806582391,28.1232766039037 85.5147481993936,28.1232706905435 85.5148226853909,28.1233047236764 85.5148929663016,28.1233719372774 85.51495255519,28.123399163727 85.5150085342763,28.1234163832242 85.5150426712049,28.1233868495829 85.5150727861859,28.1233772080035 85.5150906064452,28.1234438531871 85.5151050458159,28.1234838808893 85.5151461277199,28.1234942937383 85.5151905905617,28.1235313240532 85.5152348703007,28.1235816427985 85.515313882162,28.1235592403788 85.5153402499623,28.1235495581544 85.5153809656862,28.123586547824 85.5153720978897,28.1236861299867 85.5153972296938,28.1237661447528 85.5154646338043,28.1237701973836 85.5154696816086,28.1237733552424</coordinates></LinearRing></outerBoundaryIs></Polygon></MultiGeometry>
  </Placemark>
  <Placemark>
	<Style><LineStyle><color>ff0000ff</color></LineStyle><PolyStyle><fill>0</fill></PolyStyle></Style>
      <MultiGeometry><Polygon><outerBoundaryIs><LinearRing><coordinates>85.5067780600811,28.1253345357834 85.5066204440138,28.1251708241898 85.5063035290079,28.1249648779563 85.5061690321613,28.1247811685066 85.5060576536979,28.1245774616052 85.5059245616411,28.1242925207364 85.5058374251451,28.1239878313977 85.505862227705,28.1238463566459 85.5059563834446,28.1236448899218 85.5059140787893,28.1234014371695 85.5054361887167,28.1232747315636 85.5051615842641,28.1233122357721 85.504908692701,28.1234309734477 85.5045892569404,28.1234072396071 85.5043169005116,28.1232827722655 85.5041818469209,28.1231395534888 85.5039802511564,28.122853863301 85.503960225692,28.122651151791 85.5037586313822,28.1223654613152 85.5037177379353,28.1220207769166 85.503469066241,28.1218358186344 85.5030839388575,28.1216088712852 85.5029976561711,28.1212434417493 85.5030717910439,28.1208392654234 85.503051767485,28.1206365538031 85.5029632352034,28.1204330940298 85.502668895969,28.1202476356639 85.5024171348148,28.1202853840821 85.5021873654253,28.1203841202019 85.5019790245012,28.1205843365489 85.501381902192,28.1208208013892 85.5008332670825,28.1208553009906 85.5005118679934,28.1209732813727 85.5002113318823,28.1212332342037 85.500002703853,28.1214536935122 85.4997264112387,28.1216126640953 85.4994678789491,28.1221363154468 85.4993697648815,28.1226212239325 85.4987940520998,28.122959157677 85.4986308092129,28.1232003609815 85.4986939591823,28.1235857887094 85.4989877358394,28.1238117479691 85.4993722976603,28.1240791990922 85.4994783048674,28.1246675883625 85.4995662695803,28.1249115425064 85.4998380602175,28.1250765115729 85.5002471570563,28.1252227332892 85.5004487467764,28.1255084286636 85.5010394180464,28.1257376315352 85.5014736096381,28.125722129934 85.5018846822497,28.1257266235425 85.502158167699,28.1257701109999 85.5025421817097,28.1260780461312 85.5027905797763,28.1262832525057 85.5032236483436,28.12634873027 85.5034074735894,28.1262697404445 85.5035938297359,28.1260085344379 85.503732822911,28.1258683068309 85.5042132521423,28.1258128027155 85.5048966886961,28.1259417550682 85.5051005399981,28.1260654742782 85.5053506286058,28.1261491988232 85.5056706344248,28.1261324387324 85.5060619604219,28.1259139622949 85.5063374134913,28.1258157178186 85.5066799750544,28.1258194504361 85.5067718860942,28.1257799531682 85.5068646389312,28.1256797171005 85.5069117168111,28.1255789834254 85.5069348348084,28.1255589859494 85.5067780600811,28.1253345357834</coordinates></LinearRing></outerBoundaryIs></Polygon></MultiGeometry>
  </Placemark>
  <Placemark>
	<Style><LineStyle><color>ff0000ff</color></LineStyle><PolyStyle><fill>0</fill></PolyStyle></Style>
      <MultiGeometry><Polygon><outerBoundaryIs><LinearRing><coordinates>85.4987832864291,28.126510758055 85.4987788853535,28.1265090285395 85.4985870825976,28.126287636589 85.498499000184,28.1261537680327 85.4983052536007,28.1260719032575 85.4982539959691,28.1259849542856 85.4981128967974,28.1258903757041 85.497978829193,28.1258290999508 85.4978150616504,28.1257475630256 85.4976445411341,28.1256127904353 85.4975181539847,28.1255383080655 85.497182570166,28.1254150158028 85.4970562762768,28.1253338888611 85.4969076845715,28.1252392269258 85.4968031328206,28.1252114996339 85.4966384399583,28.1251964030059 85.4965033541016,28.1252082116679 85.496353464761,28.1252065674393 85.4962713965983,28.1251790863927 85.4961524126646,28.125111329197 85.4961239188415,28.1250046936898 85.4960647052611,28.1249508825579 85.4958926112609,28.1249290586596 85.4957428151246,28.1249207696168 85.4957275479109,28.1249405376037 85.4955314860927,28.1250247730794 85.4953805763111,28.1250962135597 85.4952900860304,28.1251350912682 85.4950490567602,28.125218832375 85.4950108418838,28.1252715742063 85.494894804602,28.1255294619991 85.4947511096846,28.1256209165069 85.494742408296,28.1257072082515 85.494785240041,28.1258605176993 85.4947991150253,28.1259404121952 85.4947434040479,28.1261723815714 85.4946881570299,28.1263711301244 85.4946634450941,28.1265303429522 85.4947671619138,28.126617869311 85.4948485808767,28.1266918603792 85.4949298142892,28.1267791397168 85.4949881927879,28.1268927487571 85.4951232808595,28.1268809416796 85.4952513383877,28.1268358313977 85.4954534135601,28.1268579852879 85.4955351115713,28.1269120434946 85.4956998068258,28.1269271415402 85.4958727389105,28.1268891683575 85.4959629522014,28.1268702228032 85.4961730787486,28.1268525929172 85.4962776318863,28.1268803207387 85.4963676596259,28.1268746632376 85.4964802638431,28.1268626081561 85.4966457010159,28.1268245517698 85.4967731088848,28.1268259491765 85.4969658357572,28.1269809019117 85.4970479981695,28.1270017384318 85.497204735807,28.1270499733177 85.497285786079,28.127150539666 85.4973071576608,28.1272305161411 85.4973661877201,28.1272976151193 85.4974549183012,28.1273849752145 85.4975523483903,28.1273860432746 85.4976502418133,28.1273538904413 85.4977927322661,28.1273488070592 85.4978067999304,28.1273789299685 85.4975204550228,28.1274810367647 85.497178736999,28.1274165426072 85.4969957530827,28.1274347853671 85.4967380400534,28.1278976916529 85.4966424504198,28.1282003818306 85.4963430148813,28.1283793402152 85.496180040499,28.1286002937496 85.4966305821812,28.1290507197783 85.4969714573869,28.129175953905 85.4973805652149,28.1293221845457 85.4981793337728,28.1293714381828 85.4987460535917,28.1296813858126 85.4990629667291,28.1298873493672 85.4992893743076,28.1300315734591 85.4996745224264,28.130258532055 85.4997856119048,28.1304824899093 85.5001668155495,28.1309928935486 85.5003467042168,28.1311973546323 85.500596236699,28.1313215804507 85.5009602444308,28.1314268087645 85.5012089329364,28.1316117720353 85.5014359105,28.1317155004417 85.5016896704687,28.1315360316689 85.501759876157,28.1314153036379 85.5018069614964,28.1313145720777 85.5018827992932,28.130788920305 85.5016386179454,28.1302800193409 85.5012988601852,28.1300738117798 85.5008903072431,28.1298871001851 85.5006658705123,28.1296011554331 85.5006461325093,28.1293781976464 85.5006937815322,28.1292369740909 85.5006904624155,28.129182767802 85.5007359128577,28.1291552977137 85.5008642484657,28.1290902496952 85.5010384770439,28.1289592516391 85.5011218438053,28.1288937115387 85.5012501788784,28.1288286631354 85.5013699097666,28.1288432627524 85.5015424735874,28.1288318591663 85.50160252391,28.1288258705099 85.5016760849281,28.1289263525067 85.5018097889212,28.1290142015486 85.5023122951321,28.1284548527581 85.5023287626584,28.1283487097044 85.5023155284977,28.1282223065236 85.5021005845501,28.1280471827003 85.502027485675,28.1279134800386 85.5019248703339,28.1277462287867 85.5018597285557,28.1275793870756 85.5018614842819,28.1274531477022 85.5017580378989,28.1273456939388 85.5017378643293,28.1271793437242 85.5016412660089,28.1271184810508 85.5016039777616,28.1271047830335 85.501446868107,28.1270831298083 85.5013125196785,28.1270417897264 85.5012463623724,28.1269480336993 85.5011802051791,28.1268542776435 85.5010910096178,28.1268001407343 85.5010473364095,28.1267066305009 85.5010026462559,28.1266862061888 85.5008529394807,28.1266712784498 85.5008006623303,28.1266574162753 85.5005837818484,28.1266218179182 85.5004649784463,28.1265407759666 85.5003156419677,28.1264992709554 85.5001580709836,28.1265108371618 85.5001366973793,28.1264308610472 85.5001223558164,28.1263841878091 85.4999420237441,28.1264154402518 85.4997764956457,28.1264601448616 85.4996926673793,28.1265589050663 85.4996241982797,28.1266312526083 85.4994890182491,28.1266497083258 85.4993704008006,28.1265553771141 85.4992959178981,28.1265213356982 85.499100596268,28.1265524228974 85.4989734663289,28.1265310951571 85.4987832864291,28.126510758055</coordinates></LinearRing></outerBoundaryIs></Polygon></MultiGeometry>
  </Placemark>
  <Placemark>
	<Style><LineStyle><color>ff0000ff</color></LineStyle><PolyStyle><fill>0</fill></PolyStyle></Style>
      <MultiGeometry><Polygon><outerBoundaryIs><LinearRing><coordinates>85.4991359812744,28.131204350148 85.4990488595607,28.1308996573122 85.4989820372277,28.1307774299783 85.4989169080734,28.1305337256735 85.4987609903636,28.1302485283853 85.4985331719004,28.130205534208 85.4983033776579,28.1303042627254 85.4979165383333,28.1301987772759 85.4975254633826,28.1303969829386 85.4974064700806,28.1307399154489 85.4975846583676,28.1310658568066 85.4978573079831,28.131170091706 85.4982658599821,28.1313568122962 85.4987212194593,28.1314630474857 85.4989496050018,28.1314655491385 85.4991100391903,28.1314268077567 85.4991331598806,28.1314068117174 85.4991359812744,28.131204350148</coordinates></LinearRing></outerBoundaryIs></Polygon></MultiGeometry>
  </Placemark>
  <Placemark>
	<Style><LineStyle><color>ff0000ff</color></LineStyle><PolyStyle><fill>0</fill></PolyStyle></Style>
      <MultiGeometry><Polygon><outerBoundaryIs><LinearRing><coordinates>85.5208384774951,28.154301631156 85.521004646587,28.1543088558759 85.5211334044136,28.1543488152014 85.5212355226899,28.1543221756511 85.5212843618655,28.1542466969252 85.5212976816406,28.1541800980494 85.5213465208162,28.1540824196981 85.5213420808912,28.1539980611221 85.5214042398419,28.1539137025461 85.5214175596171,28.1537627450942 85.5213642805165,28.1537183458437 85.5211911234393,28.153749425319 85.5210978850132,28.1537760648694 85.5209380477112,28.1538071443448 85.520914057735,28.153806078139 85.5209835161553,28.1537161300019 85.5209406121602,28.1535131737651 85.5208710461897,28.1534865973737 85.5208448092851,28.1534297507151 85.5208892085356,28.1533009928885 85.5208936484606,28.1532210742375 85.5208270495848,28.153101196261 85.520760450709,28.1530257175351 85.5206849719831,28.1529502388092 85.5206183731073,28.1528925197835 85.5205517742314,28.1528348007578 85.520520694756,28.1527149227813 85.5204718555804,28.1526305642052 85.5204185764798,28.152532885854 85.520418576481,28.152451453861 85.5205609154235,28.152303762371 85.5209474322731,28.1520609414483 85.521264713283,28.1517864976339 85.5213931898555,28.1513093318402 85.5218164383292,28.1509279700929 85.5221851090974,28.1507158272198 85.5226264024778,28.1502883458957 85.5226642788317,28.150101004771 85.522734066703,28.1500579491277 85.5229988825685,28.1497983723453 85.5230870130236,28.1497221365636 85.5232135724865,28.1493838827156 85.523163447957,28.1492289704218 85.5230615047477,28.1490426250658 85.5229950255932,28.1488103504221 85.5226828429053,28.1487143610779 85.5226322956603,28.1485903184319 85.5224781118265,28.1484034092854 85.522005601229,28.1485681214069 85.5217244321768,28.148750333919 85.5214071616158,28.1490247792996 85.5210215054364,28.1492058624954 85.5209176568859,28.1491584297395 85.5204311217953,28.1490759899039 85.5197167179711,28.1490991465541 85.5193533571654,28.1489254107601 85.5188666121672,28.1488584003309 85.5183968569524,28.1488224462873 85.5177905530645,28.1485843300442 85.5176395667744,28.1481658926598 85.5173484199407,28.1478076869861 85.5168444803715,28.1477250462643 85.5163055011538,28.1476574613968 85.5162046353701,28.1473939370739 85.5158767524019,28.1471742650612 85.5153528484973,28.1472766486839 85.515141114687,28.147475037115 85.5147722293635,28.1477025958719 85.5144887076792,28.1480545765528 85.5144313527292,28.1484244464905 85.5146182199217,28.1487660903175 85.5146141723583,28.1490593524893 85.5146129838028,28.1490597888006 85.514198128125,28.1487423732787 85.5140134322648,28.1488821148992 85.5140549239422,28.1491863040836 85.5140515693855,28.1494292589845 85.513934561061,28.1496304824636 85.5138401152994,28.1498521998737 85.5138378277964,28.1500178447792 85.5138030881482,28.150019888273 85.5136920900218,28.1499666091724 85.5136299310711,28.1499444095471 85.5135278127948,28.1499177699968 85.5134212545935,28.1498112117955 85.5132525374414,28.1497268532194 85.5131326594649,28.1497224132944 85.5131104598397,28.1498112117955 85.5131814986405,28.1499044502216 85.5132347777412,28.1500642875236 85.5132836169168,28.1501264464743 85.5133901751181,28.1502152449754 85.513465653844,28.1502862837763 85.5134922933944,28.1503972819027 85.5134878534693,28.1504905203288 85.5134922933944,28.1505437994295 85.5135322527199,28.1506414777807 85.513625491146,28.1506725572561 85.5137720086728,28.1506503576308 85.5138537676146,28.1506429250046 85.5138283721438,28.1507025418218 85.5138890718256,28.1512701798597 85.5138885126245,28.1513106723284 85.5139773680465,28.1514938796797 85.514089625894,28.1516368422983 85.5142238884285,28.1518407913078 85.5144266807064,28.1520454834158 85.5145113451708,28.1525323840103 85.5144394614601,28.1527745956493 85.5141385853859,28.1530548219942 85.5139964927808,28.153417767323 85.5141065138507,28.1536704741957 85.5140561638763,28.1536739465931 85.5139318459748,28.1536695066681 85.5138519273238,28.1536917062933 85.5137364892724,28.1537050260685 85.513625491146,28.1537005861434 85.5135144930196,28.1537227857687 85.5134834135443,28.153744985394 85.5134523340689,28.1537538652441 85.5132258978911,28.1538027044197 85.5130927001394,28.1538826230707 85.5130527408139,28.1539137025461 85.5130838202893,28.1539625417217 85.5131193396898,28.1539803014219 85.5131859385656,28.1539980611221 85.5132791769917,28.1540113808973 85.5133857351931,28.1540202607474 85.5134390142937,28.1540513402228 85.5134834135443,28.1541268189487 85.5135588922702,28.1541978577496 85.5136299310711,28.1542555767753 85.5137098497221,28.154313295801 85.5138386075486,28.1543221756511 85.5139318459748,28.1543621349766 85.5140694836515,28.1544287338524 85.5143269993047,28.1545042125783 85.514433557506,28.1545175323535 85.5145534354825,28.1545219722786 85.514682193309,28.1544953327282 85.5148065112106,28.1545042125783 85.5149352690372,28.1544997726533 85.5150285074633,28.1545086525034 85.5151705850651,28.1544642532529 85.5153171025919,28.1544109741522 85.515410341018,28.1543798946768 85.5154407625608,28.1543605355401 85.515441429907,28.1543611416529 85.515484783201,28.1543547640196 85.5155518613083,28.1543609024678 85.5156037520775,28.154361464817 85.5156922343083,28.1543651294099 85.5157627380215,28.1543442474644 85.5158576982046,28.1543209247315 85.5159554122388,28.1543192776984 85.5160439317692,28.1543202367261 85.5161175250995,28.1542966823257 85.5162639282496,28.1543063854888 85.5163708740775,28.1542994266751 85.516493044583,28.1542953384106 85.516642052628,28.1543375382837 85.5166966974516,28.1543597759776 85.5168187934438,28.1543610981007 85.5168610795534,28.1543940248758 85.5169277103258,28.1544326267121 85.5169702202266,28.1544493214261 85.516994863173,28.1544333537817 85.5170314174266,28.1544391610279 85.5171944575994,28.1545708017183 85.5172488044127,28.1546146819081 85.5173219130805,28.1546262962608 85.5173642740091,28.1546538122118 85.5175291041008,28.1546555962661 85.5176441265941,28.1547271904064 85.5178575718092,28.1547457346357 85.5181015412449,28.1547646087742 85.5181290181333,28.154776474264 85.5181348569738,28.1547839094062 85.5182620896916,28.1548556351378 85.5183381393105,28.1548753979971 85.5184508552183,28.1548928516714 85.5185082551432,28.154936764401 85.5185870220547,28.1549809082005 85.5186754304966,28.1549899815689 85.5188151342256,28.1550429014696 85.5188845206307,28.1551031781227 85.518944936035,28.1551498290257 85.5190480482283,28.1551996472922 85.5190990085872,28.1552678418462 85.5191560738712,28.1553361023846 85.5192256840547,28.1553801468329 85.5192778360231,28.1553617704242 85.5193241437248,28.1553243906157 85.5193828472575,28.1552736160686 85.5194269837645,28.1552250605542 85.5194510430618,28.1551985924072 85.5194980206961,28.155112516395 85.5195800572308,28.1550499221467 85.5196000535283,28.1550189181784 85.5196246454484,28.1549662989768 85.5196252545759,28.1549623699328 85.5196592034192,28.1549356794034 85.5197177949203,28.1548930207201 85.5197793643567,28.1548558056792 85.5198675123219,28.1548838156692 85.5199039552741,28.1548977381849 85.5199377308339,28.1549101376495 85.5199495182817,28.1549144649809 85.5199676839471,28.154925484242 85.5199748836008,28.1549323863679 85.5199636421892,28.1547783264881 85.5203319260313,28.1545798124769 85.520562033162,28.1544608022595 85.5208383837259,28.1543017924287 85.5208384774951,28.154301631156</coordinates></LinearRing></outerBoundaryIs></Polygon><Polygon><outerBoundaryIs><LinearRing><coordinates>85.5213699873312,28.1557388239712 85.5214695655369,28.1558237769837 85.5215389539771,28.1558840523605 85.5215529894414,28.1559734934288 85.5215719014173,28.1560169233646 85.5215825845973,28.1560414564872 85.5216229665444,28.1561396400357 85.5216208538967,28.1561446878427 85.5216215707186,28.1561573223826 85.5216234334403,28.156190154297 85.5216257692481,28.1562313247204 85.521630145787,28.1563240134094 85.5216335140227,28.156334226603 85.5217238612357,28.1564244912984 85.5217989090901,28.1565172965677 85.5218280735313,28.1566008954455 85.5218159664133,28.1563170260061 85.5216827967084,28.1560320986445 85.5215033833545,28.1557871705925 85.5213663450779,28.1557333581574 85.5213699873312,28.1557388239712</coordinates></LinearRing></outerBoundaryIs></Polygon></MultiGeometry>
  </Placemark>
  <Placemark>
	<Style><LineStyle><color>ff0000ff</color></LineStyle><PolyStyle><fill>0</fill></PolyStyle></Style>
      <MultiGeometry><Polygon><outerBoundaryIs><LinearRing><coordinates>85.5234443523786,28.1554746462461 85.5234288456669,28.1555253953409 85.5232423688146,28.1556763527928 85.5230114927118,28.1560493064974 85.5230381322621,28.1562801826003 85.5231713300138,28.1564844191528 85.5233311673157,28.1566975355554 85.523597562819,28.1568484930073 85.5237485202709,28.1569195318081 85.5239971560739,28.1569017721079 85.5241747530761,28.1567952139066 85.5245388269306,28.1566886557053 85.5246799662275,28.1566616291886 85.5248002132193,28.1569566790365 85.5251607251131,28.157325049004 85.5256379586236,28.1575124307808 85.5256447513164,28.1575232695874 85.5257022172496,28.1575090836969 85.5257543692801,28.1574907048242 85.5258275922357,28.1574941986959 85.5258826113962,28.1574893793672 85.5260017701428,28.1574825445428 85.5260934193061,28.1574781193294 85.5261639603892,28.15745452669 85.5262128374592,28.1574523468819 85.5262862827674,28.1574396084172 85.526368737334,28.1574377898337 85.5264329275386,28.1574551347877 85.5264371962643,28.1574547608586 85.526498468604,28.1574391855671 85.5266085809314,28.1574241356461 85.526705890463,28.157452239881 85.526754508202,28.1574689973222 85.5268216632424,28.1574697196464 85.5268772750657,28.1574216143292 85.5269150163559,28.1573408478173 85.5269953445208,28.1572319146096 85.5270133331291,28.1571829906628 85.5272239207323,28.1568207674759 85.5276167059566,28.1565010012582 85.5279156192757,28.1563624689081 85.5282150857732,28.1561834431714 85.5286992419295,28.1558646554497 85.5290931265011,28.1554638992155 85.5294402134858,28.1551436366768 85.5298541700603,28.1549455869514 85.5302672954728,28.1548082750337 85.5304748256239,28.1546687562752 85.5306842905904,28.1543875125282 85.5307076872833,28.1543472648092 85.5307566923064,28.154104798315 85.5308992830745,28.1537013407623 85.5307424188824,28.153476915469 85.5304512593714,28.153048555848 85.5306843938178,28.1527068178353 85.5314891624622,28.1523307100374 85.5314490019775,28.1519252923973 85.5306307926394,28.1516127779459 85.5300610965846,28.1515054191446 85.5300195588379,28.1512012331648 85.530023430724,28.1509177838064 85.5295704437259,28.150629431255 85.5289570055782,28.1503798530497 85.5283630908143,28.1503734740312 85.5278550084118,28.15077300168 85.5275778457896,28.1509927655663 85.5269374106094,28.1510466282371 85.5264813823531,28.150980975636 85.5261161719848,28.150956797363 85.5260484749961,28.1508953209784 85.5258668407054,28.1508123691836 85.5256152910017,28.1508299113205 85.52508657357,28.1510672116347 85.5246096467459,28.1508595825482 85.5240179520143,28.1506912139556 85.5231691530782,28.1509453069612 85.5230093378184,28.1514354460332 85.522864975185,28.1515205829416 85.5226918181078,28.151560542267 85.5226118994568,28.1515960616675 85.5225142211056,28.1517514590444 85.5224476222298,28.1518402575455 85.5223588237287,28.1519468157468 85.522303903959,28.1520450932864 85.5222398660028,28.1520692466295 85.5215749107535,28.1522443152589 85.5214113917965,28.1525057912678 85.5213590282095,28.1529912092838 85.521903375218,28.153280574462 85.5224251597542,28.1535494448593 85.5227630867501,28.1538973278533 85.5228307835898,28.1539588058365 85.5230344303992,28.1541027469797 85.523278763375,28.1546116139966 85.5231809969522,28.1550762939654 85.5234049894343,28.1554026977143 85.5234443523786,28.1554746462461</coordinates></LinearRing></outerBoundaryIs></Polygon></MultiGeometry>
  </Placemark>
  <Placemark>
	<Style><LineStyle><color>ff0000ff</color></LineStyle><PolyStyle><fill>0</fill></PolyStyle></Style>
      <MultiGeometry><Polygon><outerBoundaryIs><LinearRing><coordinates>85.514385135837,28.0796364189206 85.5144712926566,28.0796819131839 85.5147305304739,28.0798159366711 85.5148349478849,28.0798170669071 85.5149307700344,28.0798103853827 85.5150356121556,28.0797806454468 85.5151487309966,28.0797818696128 85.5153052509385,28.0797912819638 85.5153838824534,28.0797689768014 85.5154710030954,28.0797622007482 85.5156533090101,28.079795047648 85.5158618255329,28.0798204591583 85.5159842825664,28.0797754717064 85.5160894427046,28.079722578427 85.5161075882979,28.0796687440713 85.5161000539504,28.0795837573728 85.515979294911,28.0795052648049 85.5158496223926,28.0794421130356 85.5157991117657,28.0793180681926 85.5157053064785,28.0791781176947 85.5155153615698,28.0790680016898 85.5154028803396,28.0790204728126 85.515368817827,28.0789660736815 85.515405109413,28.0788584051636 85.5154417193502,28.0787275841093 85.515443099202,28.0786272565115 85.515383994184,28.0784953998855 85.515350037982,28.0784332832449 85.5152470019018,28.0783318258584 85.5151517118868,28.0782999201216 85.5150216166224,28.0782676376591 85.5150157925008,28.0782641021276 85.5149494753055,28.0782238442576 85.5148169246126,28.0781597559342 85.5145559415275,28.0780455588237 85.5143745761999,28.0779524727237 85.5143088806614,28.0777492667188 85.5141748427973,28.0775351959489 85.5139712088248,28.0774013692704 85.5137897057184,28.0773184056755 85.5135390242207,28.0772853161555 85.5134222392258,28.0774764209711 85.5134080373145,28.0776787617968 85.5134612021317,28.0779628303091 85.513219562585,28.0781019585865 85.5131212726573,28.0783161376371 85.5131665340631,28.0783710476985 85.5132429325673,28.078417426824 85.5134315434187,28.0784586209364 85.5136131875021,28.0785314618314 85.5137708892338,28.0786850410364 85.5137565483165,28.0788975051062 85.5136859746398,28.0790486116665 85.513707268911,28.0791602143859 85.5137512514885,28.0792821875866 85.5139419416402,28.0795272465256 85.5140326950373,28.0795687283114 85.5141464155977,28.0796003340143 85.5143628610656,28.0796330518889 85.514385135837,28.0796364189206</coordinates></LinearRing></outerBoundaryIs></Polygon></MultiGeometry>
  </Placemark>
  <Placemark>
	<Style><LineStyle><color>ff0000ff</color></LineStyle><PolyStyle><fill>0</fill></PolyStyle></Style>
      <MultiGeometry><Polygon><outerBoundaryIs><LinearRing><coordinates>85.511719035258,28.0783983594027 85.5116948397277,28.0784399982076 85.5115717441246,28.0785312867931 85.5115613400792,28.0786546723109 85.5116913281991,28.0786946755259 85.511769427525,28.0787109599028 85.5119959818031,28.078690260954 85.5120665500506,28.0786215583515 85.5121636477288,28.0785222687721 85.5122164939806,28.0784765298742 85.5123303558575,28.0784237338336 85.5123488221386,28.0783467475376 85.512359012518,28.0782387969136 85.5124295802343,28.0781700940999 85.5125883306802,28.0780174419958 85.5126699388122,28.0777790483942 85.5126451110361,28.0776861554643 85.5125764579561,28.0776159434365 85.5124558101139,28.0775297304288 85.5123871572563,28.0774595183132 85.5123363324133,28.0773586248427 85.5122069838152,28.0772723172975 85.5121554146281,28.077225446251 85.5121382249091,28.0772098225649 85.512183007486,28.0771176843145 85.5122274708887,28.0770486985396 85.5122813799705,28.0769257845954 85.5122657856993,28.0767943984491 85.5122332145362,28.0766319536303 85.5120866772602,28.0765300223258 85.512010387864,28.0763825407173 85.5119507304663,28.0763373389885 85.5119422679105,28.0762737409169 85.5119352688714,28.0761501665932 85.5118673619031,28.0760259317645 85.5118863599399,28.0759103580111 85.5118701279288,28.0758252768144 85.5118451948294,28.075740101256 85.5118028595587,28.0756547369697 85.5116728749991,28.0756147339819 85.5115495795324,28.0756371106149 85.5115420392813,28.0756364708528 85.5113164492059,28.0755877118347 85.5111428530301,28.0755549538786 85.5108727997996,28.0755751795743 85.5106295950847,28.0755416655883 85.5105172262814,28.0754864154106 85.5105103649814,28.0754794848293 85.5103336515566,28.0755461719215 85.5103147584461,28.0756540279117 85.5103481784253,28.0757547331433 85.5103543236897,28.0759400474264 85.5102216768068,28.0760929803805 85.5100802218841,28.0762535362069 85.5100712083152,28.0762747106571 85.5100253538486,28.0762954845425 85.5099204714551,28.0762878490135 85.5098530333432,28.0763205371242 85.5097141345782,28.0762958727733 85.5095315170524,28.0762861707282 85.5094913580321,28.0762836374659 85.509383704148,28.0762768465166 85.5092965861365,28.0762836188002 85.5091385799703,28.0763822446359 85.5090668389939,28.076535838102 85.5090475180423,28.0766745637968 85.5090893185125,28.0767985162896 85.509096634056,28.0768989381622 85.5090087693698,28.0769597326512 85.5089542170093,28.0771289500842 85.5090322081307,28.0771529534505 85.5092576936505,28.0772094337876 85.5094665229168,28.0772117023154 85.509657843216,28.0772214990092 85.5098133998251,28.0773003748724 85.5099592966736,28.07744861349 85.510052991815,28.0774615251809 85.510079409723,28.0775734160643 85.5101300194711,28.0776897452709 85.5102418577496,28.0777835832805 85.5103801195566,28.0778545521141 85.5105274023027,28.0779024627919 85.5107623368729,28.0779050127476 85.5109106845065,28.0778757480991 85.5112344413353,28.0777480440854 85.5112682144085,28.0777428060215 85.511260455597,28.0777871002156 85.51134994997,28.0779196926153 85.5115537210398,28.0780433998737 85.5115669757332,28.0780540313788 85.5115855534676,28.0781609414498 85.5116277830366,28.0782540232988 85.5116531420937,28.0783083289037 85.5117132000538,28.0783707295096 85.511719035258,28.0783983594027</coordinates></LinearRing></outerBoundaryIs></Polygon></MultiGeometry>
  </Placemark>
  <Placemark>
	<Style><LineStyle><color>ff0000ff</color></LineStyle><PolyStyle><fill>0</fill></PolyStyle></Style>
      <MultiGeometry><Polygon><outerBoundaryIs><LinearRing><coordinates>85.5180875048131,28.0777395026675 85.5181891162945,28.0778215979617 85.5183608775966,28.0777829536962 85.5185450250091,28.0776735697059 85.5187521383176,28.0775543086205 85.5190845237076,28.07745664873 85.519406189124,28.0773082485997 85.5194888615182,28.0771066455934 85.5195371539238,28.0769147963592 85.519653788863,28.0767338091402 85.519541874281,28.07657060575 85.5192690593877,28.076486664157 85.5191222106489,28.0763737072286 85.5188605323635,28.0763101345251 85.5186095733515,28.076297300796 85.51849557688,28.0762859453595 85.518335092624,28.0763348363802 85.5181961847025,28.076475082934 85.5182176222505,28.0765765619049 85.518397877358,28.0767506289645 85.5183845185731,28.0768922311998 85.5183355294049,28.0771346961869 85.518104894358,28.0773043263751 85.5180461584064,28.0774251890086 85.5180875048131,28.0777395026675</coordinates></LinearRing></outerBoundaryIs></Polygon></MultiGeometry>
  </Placemark>
  <Placemark>
	<Style><LineStyle><color>ff0000ff</color></LineStyle><PolyStyle><fill>0</fill></PolyStyle></Style>
      <MultiGeometry><Polygon><outerBoundaryIs><LinearRing><coordinates>85.5193905538306,28.0759513632847 85.5194395399808,28.0757088977696 85.5195088538618,28.0756488970805 85.5196247932827,28.0755185260802 85.5197525622892,28.0753579083161 85.5199133220904,28.0752887690366 85.5200397026123,28.0752293835499 85.5201907137837,28.0750386417374 85.5201698296584,28.0748966699586 85.5201365608273,28.0748254379073 85.5201632729977,28.0745422328129 85.5199710499836,28.0744085379931 85.5198893523074,28.0745392786735 85.5197607517173,28.0747606361714 85.5194488419237,28.0750306396982 85.5191618403573,28.0751490399707 85.5190102717561,28.0753802735839 85.5188708104089,28.0755610139281 85.5187309318745,28.075772123861 85.5187953847236,28.0760664373343 85.5190340964528,28.076139887038 85.5192750302107,28.0760513642916 85.5193905538306,28.0759513632847</coordinates></LinearRing></outerBoundaryIs></Polygon></MultiGeometry>
  </Placemark>
  <Placemark>
	<Style><LineStyle><color>ff0000ff</color></LineStyle><PolyStyle><fill>0</fill></PolyStyle></Style>
      <MultiGeometry><Polygon><outerBoundaryIs><LinearRing><coordinates>85.544125001755,28.0644997954517 85.5441329359872,28.0645320490165 85.5441200225025,28.0646432851829 85.5439921656382,28.0648140511084 85.5439668841593,28.0649960298622 85.5440352308674,28.0650255507851 85.5439377636258,28.0651842414572 85.5439200953475,28.0653834134621 85.5438268054297,28.0656349457255 85.5435963562867,28.0660578007651 85.5433223959088,28.0663738685767 85.5432758394608,28.0664929900956 85.5433032922534,28.0666793501949 85.543753980308,28.0665910982319 85.5439812052536,28.0664074400586 85.5441625905586,28.0662897484259 85.54465875682,28.0661621038966 85.5449009603964,28.0659786029402 85.5450682580945,28.0657943075529 85.5453702051258,28.0656247296113 85.5453149348374,28.0652785874034 85.5453351729077,28.0650767707284 85.5453471125627,28.0650612882141 85.5454174962728,28.0649202864407 85.5453732098111,28.0648185687922 85.5452948224188,28.0647063648994 85.5452730883319,28.0646251358951 85.545263175767,28.064513657675 85.5451953829695,28.0644623150117 85.5451625093029,28.0643607182592 85.5450146934098,28.0643186521643 85.5448773353332,28.064347570604 85.5446496327353,28.0643046572208 85.5444337520218,28.0642314943315 85.5442162422218,28.0642793711194 85.5441602143436,28.0642429662665 85.5440569610039,28.0641222554252 85.5438780875028,28.0640539048641 85.5436250272146,28.0639316044528 85.5436726571032,28.0637327503385 85.5436897879031,28.0635734445168 85.5435406977272,28.0635187001522 85.5434105309083,28.0631717625605 85.5432020566084,28.0630765157941 85.5429455934338,28.0632067000418 85.5428977832274,28.0634188426028 85.5429664123963,28.0638847430946 85.543203594841,28.0640733293302 85.5434858996871,28.0642491033488 85.5437694596507,28.0643318557132 85.544125001755,28.0644997954517</coordinates></LinearRing></outerBoundaryIs></Polygon></MultiGeometry>
  </Placemark>
  <Placemark>
	<Style><LineStyle><color>ff0000ff</color></LineStyle><PolyStyle><fill>0</fill></PolyStyle></Style>
      <MultiGeometry><Polygon><outerBoundaryIs><LinearRing><coordinates>85.5564171980799,28.1214924159545 85.5563230015059,28.1217040443749 85.5563114473254,28.1217140474724 85.5562418508997,28.1217943127404 85.5561494172577,28.1218743374292 85.556079956271,28.1219444792529 85.5559763751596,28.1220041368337 85.5558498210998,28.1220736770917 85.5558027898781,28.1221744294036 85.5557450184606,28.1222244446392 85.5556646812103,28.1222539725257 85.5554813051089,28.1223026641496 85.5552882748904,28.1222196316549 85.5551282789113,28.1222280700984 85.5549788868817,28.1222973688034 85.5549889477776,28.1223987226375 85.5551471791914,28.1225218878782 85.5551344029975,28.1226230009892 85.5551208122163,28.1227848541756 85.5552336411922,28.1228872911945 85.5554859375014,28.1228089518979 85.5556459343372,28.1228005130684 85.55580701672,28.1227110872548 85.555944854528,28.1226517907128 85.5562300491635,28.1226750443846 85.5563222121711,28.1226152663778 85.5564711969603,28.1225763362542 85.5566097123508,28.1224664222555 85.5568278865351,28.1223775963486 85.5569870692023,28.1224298960563 85.5572494263347,28.1224529071859 85.5573988172406,28.1223836059611 85.5575694188473,28.1224360251711 85.5577056292275,28.1224982071072 85.5580027845949,28.1224810837944 85.55807414146,28.1222692139238 85.5579513820906,28.1220553020766 85.5579993596732,28.1218836854253 85.5580572653772,28.1218235458304 85.5581162547974,28.1216824193171 85.5580723418078,28.121550335188 85.5579251203154,28.1214576634411 85.5578120191107,28.1213754752994 85.5576536506138,28.1212624364252 85.5575756184133,28.1211198683652 85.5574982640441,28.1209266834666 85.5573619201992,28.1208746247479 85.5570195021276,28.1208608959925 85.556916464896,28.1208800609214 85.5568112581775,28.1210611994781 85.556798348183,28.1211724361857 85.556786251726,28.1212229327526 85.5564984839274,28.1213920241127 85.5564171980799,28.1214924159545</coordinates></LinearRing></outerBoundaryIs></Polygon></MultiGeometry>
  </Placemark>
  <Placemark>
	<Style><LineStyle><color>ff0000ff</color></LineStyle><PolyStyle><fill>0</fill></PolyStyle></Style>
      <MultiGeometry><Polygon><outerBoundaryIs><LinearRing><coordinates>85.5585452501966,28.1187015722317 85.5585594749571,28.1187043378875 85.5585773092944,28.1187175909834 85.5585802147713,28.1187452044177 85.5585650723251,28.1187755315496 85.5585547831932,28.1188102649024 85.5585559349767,28.1188465702821 85.5585489008012,28.1188827895892 85.5585303868571,28.1189203399193 85.5585167456446,28.1189608449443 85.5585180915838,28.1189826350576 85.5585144676914,28.1190087281055 85.5584910227117,28.1190476783098 85.5584856645279,28.1190810117736 85.5584854703534,28.1190955270387 85.5584849072465,28.1191376213073 85.5584778924413,28.1191723890812 85.5584774846708,28.1192028711374 85.5584789276911,28.1192174036177 85.558466807107,28.1192666350082 85.5584778014652,28.1193015921529 85.5584771606793,28.1193494925258 85.5584684698193,28.1193871461348 85.5584698934217,28.1194031301414 85.5584876890238,28.1194192863043 85.5585021325607,28.1194412141402 85.5585165178513,28.119467496554 85.5585278035014,28.1194806807982 85.5585651872886,28.1195013981111 85.5586081234279,28.1194742666824 85.5586262685485,28.1194642953511 85.5586609215794,28.1194443354675 85.5586938014932,28.1194345190475 85.5587417462456,28.1194001815806 85.5587732995605,28.1193671235021 85.5587983817142,28.1193281904619 85.5588068394946,28.1193079551473 85.5588168956434,28.1192906400969 85.5588482353626,28.1192735487923 85.5588944069123,28.1192493547427 85.5589340684755,28.1192221887829 85.5589457423813,28.1192063424586 85.5589623861074,28.1191861931822 85.558983999649,28.1191617409515 85.5590138379816,28.1191344717091 85.5590304622734,28.1191157739502 85.5590339307657,28.1191012930993 85.5590389782223,28.1190911840378 85.5590442585969,28.1190636566535 85.5590297567637,28.119046083452 85.5590054317689,28.1190284069946 85.558997478723,28.1190109026264 85.5589681645165,28.1189989806423 85.5589371354778,28.1189928475496 85.5588977651801,28.1189982406125 85.5588566606231,28.1190108740868 85.5588434465957,28.1190194455594 85.5588104309312,28.1190394227082 85.5587875878631,28.1190333756387 85.5587714294693,28.1190172367264 85.5587669838135,28.1189823484495 85.5587593026013,28.1189445226949 85.5587480946302,28.118925532363 85.5587584613677,28.1188849928874 85.5587573483433,28.1188457844536 85.5587626870148,28.1188139025012 85.5587368025814,28.1187904026802 85.5587175251621,28.1187626171244 85.5587048159256,28.1187334488899 85.5586954004885,28.1187028635529 85.5586891817763,28.1186781187478 85.5586715609914,28.1186488988722 85.5586539402157,28.1186196789947 85.5586394967494,28.1185977511752 85.5586361149136,28.118584460685 85.5586381507867,28.1185759610612 85.5586450101738,28.1185528054866 85.5586846909461,28.1185241880624 85.5587308039598,28.1185043486352 85.5587638971224,28.1184785653913 85.5588197167417,28.1184675383638 85.5588559677713,28.1184504986797 85.5588889055964,28.1184363276189 85.5589188213867,28.1184032522801 85.5589403959509,28.1183817031021 85.558955363538,28.1183644396638 85.5589785558607,28.1183443592154 85.5590033077191,28.1183301020796 85.5590263447493,28.1183216338385 85.5590529666898,28.1182899755772 85.559059651286,28.1182798837204 85.5590696296557,28.1182683747521 85.5590715579719,28.1182466190541 85.5590931518824,28.1182236183222 85.5591195796964,28.1182064753169 85.5591507637853,28.1182009961441 85.5591771139554,28.1181896592356 85.5592033864919,28.1181841284306 85.5592247086675,28.1181814490566 85.559257626958,28.1181687294291 85.5592906616761,28.11814730063 85.5593237740027,28.1181200657133 85.5593355447518,28.1180969617106 85.5593424427654,28.1180709030383 85.5593575266738,28.1180449303877 85.5593708375628,28.1180291012219 85.5593841484479,28.1180132720547 85.5593581670334,28.117997029987 85.5593367866815,28.1180040639651 85.5593087217719,28.1180211898109 85.5592840670535,28.1180281893705 85.5592759975923,28.1180193941805 85.5592680057565,28.1180047928811 85.5592814136822,28.117981706088 85.5593077443795,28.1179718206789 85.5593195539248,28.117945813622 85.5593297262864,28.1179197893591 85.5593430953778,28.1178996056134 85.5593597000091,28.1178823593294 85.5593747062671,28.1178621927844 85.5593996714079,28.117831968769 85.5594098825463,28.1178030414439 85.5594248693796,28.1177843264198 85.5594497568743,28.1177599085034 85.5594665943042,28.1177252438756 85.5594686001379,28.1176976820574 85.5594887118992,28.1176630518317 85.5594840138085,28.1176470334218 85.5594364775603,28.1176508891186 85.5594149032449,28.1176724383861 85.5593650312489,28.1177285318395 85.5593254673814,28.1177484403175 85.5592842663241,28.1177683315784 85.5592609771552,28.1177956697232 85.5592391310878,28.1178375403419 85.5592044204677,28.117861854981 85.5591598479544,28.1178889694254 85.5591185691821,28.1179146667416 85.5591048312921,28.1179624294795 85.5590879937073,28.117997094056 85.5590469477845,28.1180053730228 85.5589931926189,28.1179844837666 85.5589427312416,28.1179621773817 85.5589037883629,28.1179356368665 85.5588794830432,28.117916508867 85.5588223759548,28.1179013912342 85.5587844879318,28.1179184137063 85.5587581572045,28.1179282990137 85.5587190202521,28.1179162737172 85.5587071182882,28.1178994230454 85.5587758691727,28.1176191899586 85.5587221633788,28.1173655055123 85.558758719233,28.1171937683203 85.5586373177497,28.1168786233886 85.558478548499,28.1167959557198 85.5583068717865,28.1168245248701 85.5580426316574,28.1169432434007 85.5579144593599,28.1171342662941 85.5576721057819,28.1173240878337 85.5574671223652,28.1172814319523 85.5571230891772,28.1173891842365 85.5570747059114,28.117591170801 85.5569477511533,28.1176910824213 85.5567743101972,28.1178512532784 85.5567382932558,28.1179824963569 85.5566676149753,28.1181437488673 85.5566532138286,28.1183663425736 85.5566851633869,28.118538800331 85.55680791651,28.1187527131773 85.5570929655813,28.1187860880515 85.5573565336528,28.1187179884012 85.557448286028,28.1186885795437 85.557643208855,28.1186298817725 85.5577924586251,28.11857070324 85.5579524490964,28.1185622614729 85.5580033448524,28.1185489610544 85.5581079741072,28.1185500615636 85.5581831293172,28.1185624658558 85.5582054284653,28.1186091557617 85.5582081590574,28.1186498329386 85.5581977144576,28.1186961784727 85.558207188014,28.1187224092594 85.5582266400775,28.1187371311443 85.5582427400852,28.1187576246961 85.5582587235775,28.1187868274048 85.5583305269146,28.1188050032924 85.5583732880552,28.1187909356649 85.5584129301503,28.1187652213793 85.5584524945563,28.1187453131877 85.5584854325218,28.1187311422298 85.5585283101142,28.1187083653923 85.5585452501966,28.1187015722317</coordinates></LinearRing></outerBoundaryIs></Polygon></MultiGeometry>
  </Placemark>
  <Placemark>
	<Style><LineStyle><color>ff0000ff</color></LineStyle><PolyStyle><fill>0</fill></PolyStyle></Style>
      <MultiGeometry><Polygon><outerBoundaryIs><LinearRing><coordinates>85.5538940902346,28.1180335223132 85.5539030631124,28.1182158630176 85.55392555981,28.1182414122719 85.5539761264776,28.1183026943369 85.554060608135,28.1183896460519 85.5541172915273,28.1184206182396 85.5541911701388,28.1184467093619 85.5543050124381,28.1184732218895 85.5543843286202,28.1185196198147 85.5544804326763,28.1185915066665 85.5545999843109,28.1186180791551 85.5546793007317,28.1186644769172 85.554787162756,28.1187111755678 85.5549131703788,28.1186821295435 85.5549421910437,28.118646998712 85.5550007074315,28.1185413052956 85.5549443630866,28.1184850250822 85.5547968090946,28.1184176585685 85.5546890831291,28.1183608365834 85.5546041257274,28.1183093169651 85.5544502520322,28.118287444977 85.5542854355879,28.1182300206843 85.5542807451041,28.1181540353576 85.5542712283361,28.1180121880516 85.5542277967587,28.1178446711282 85.5541090610403,28.1177573582516 85.5540084035115,28.1175993624847 85.5537651561998,28.1174297377303 85.5535992544718,28.1174532994494 85.5536037406578,28.1175444698092 85.5536828520555,28.1176060531312 85.5537789548341,28.1176779404366 85.5538806988715,28.1177549495746 85.5539253524742,28.1178313564538 85.5539010898528,28.1179374107282 85.5538940902346,28.1180335223132</coordinates></LinearRing></outerBoundaryIs></Polygon></MultiGeometry>
  </Placemark>
  <Placemark>
	<Style><LineStyle><color>ff0000ff</color></LineStyle><PolyStyle><fill>0</fill></PolyStyle></Style>
      <MultiGeometry></MultiGeometry>
  </Placemark>
  <Placemark>
	<Style><LineStyle><color>ff0000ff</color></LineStyle><PolyStyle><fill>0</fill></PolyStyle></Style>
      <MultiGeometry></MultiGeometry>
  </Placemark>
  <Placemark>
	<Style><LineStyle><color>ff0000ff</color></LineStyle><PolyStyle><fill>0</fill></PolyStyle></Style>
      <MultiGeometry><Polygon><outerBoundaryIs><LinearRing><coordinates>85.5272271623242,27.8344893741518 85.5272130828341,27.8344964210908 85.526396499528,27.8351788355284 85.526771173253,27.8362195326465 85.5271822138694,27.8367821414829 85.5273202211707,27.8376342373522 85.5282669412822,27.8383886326004 85.5286823010048,27.8386322996237 85.5287659021738,27.8390850845266 85.529113579195,27.839912832113 85.529915849586,27.8402935291872 85.530661191621,27.8404609597019 85.5309890139868,27.8405441960206 85.5315221975099,27.8409220190458 85.5323013821333,27.8407973991315 85.5326096803297,27.8401095461614 85.5331279856367,27.8393707609006 85.5333437165841,27.8388945779201 85.5333807654999,27.8383633315724 85.5333306192611,27.8376450843962 85.5333673100603,27.8371404161573 85.5339137073147,27.8365348357487 85.5342774924476,27.8361665517521 85.5345834280142,27.8357777374403 85.5346068398814,27.8357684978051 85.534951210573,27.8355696516494 85.5352522023163,27.8352083422152 85.5351662631012,27.8348226753656 85.53508304407,27.8342345348512 85.5353615270766,27.833852735825 85.5354141489612,27.8333267877186 85.535579019579,27.8329235321572 85.535676919952,27.8324183145257 85.5353184853851,27.8319690054766 85.5348876467203,27.8318226807862 85.5346154241794,27.8317387897265 85.5343451065648,27.8315131666056 85.5342580845439,27.8312084886782 85.5342393900361,27.83090453635 85.5344492679728,27.8305422605012 85.5345666822455,27.8302802538663 85.5347296469457,27.8300187306864 85.534600609927,27.8294503535102 85.5344929893299,27.8289834548998 85.5346578559566,27.8285802000727 85.5350065537539,27.8280573946595 85.5353053486037,27.8278580629851 85.5356946989308,27.8277001918641 85.5359495719358,27.8273788911384 85.5359533760303,27.8270954276773 85.5361404656185,27.8267329070014 85.5361242111254,27.8262467280177 85.5357161681938,27.8261006481463 85.5354680926689,27.8259157638666 85.5353130192207,27.825590114113 85.5350874482227,27.8254257182489 85.5349288420211,27.8253632841424 85.5345416683588,27.8253400360268 85.5344545115222,27.8253967172255 85.534440291601,27.8254071578414 85.5343117535276,27.8255187353949 85.53446491997,27.8259861178219 85.5344841588931,27.8262495755617 85.5344795351589,27.826593781007 85.5343843559083,27.8268965244237 85.5340833856571,27.8272578331536 85.5340353871069,27.8274395757496 85.5339399336861,27.8277625661189 85.5335719950363,27.8280219109783 85.5333851668705,27.8283641803314 85.5334713679472,27.8287296008404 85.5334423319854,27.8291950481841 85.5330529732638,27.8293529125874 85.5324811380203,27.8295290860684 85.5323420339611,27.8297098592158 85.5320640969107,27.8300511576767 85.532015003629,27.8303138887048 85.5320117337662,27.830556856844 85.5318918604828,27.83100108713 85.5316394200089,27.8311401533625 85.5312717370369,27.8313792439827 85.5310187495567,27.8315588036746 85.5304005296394,27.8317952250534 85.530238097616,27.8320162479071 85.5299401009543,27.8321548257375 85.5297787591539,27.8322948587055 85.5294793962665,27.8325346720661 85.5290450143033,27.8326515444225 85.5288614408112,27.8327508388651 85.528766513069,27.8330333300328 85.5286946340755,27.833295816612 85.5285793876258,27.8333958390352 85.5284855512406,27.83359734072 85.5279831087144,27.833693233649 85.5275934531108,27.8338713289216 85.5274529684131,27.8341533329706 85.5274049553305,27.8343350725436 85.5272271623242,27.8344893741518</coordinates></LinearRing></outerBoundaryIs></Polygon></MultiGeometry>
  </Placemark>
  <Placemark>
	<Style><LineStyle><color>ff0000ff</color></LineStyle><PolyStyle><fill>0</fill></PolyStyle></Style>
      <MultiGeometry><Polygon><outerBoundaryIs><LinearRing><coordinates>85.5431614827177,27.8288446673258 85.5431736392899,27.8288460974951 85.5433414146469,27.8290977605306 85.5438447407178,27.8291606762895 85.5441383475925,27.8289509570933 85.5443480667888,27.8288041536559 85.5445743836437,27.8287852939392 85.5444946606842,27.8290443585472 85.5443099600763,27.8294411424203 85.5444527060548,27.8299477079684 85.544598290235,27.8302416464103 85.544526083549,27.8311712588161 85.5449688708156,27.8316012412646 85.5455394034168,27.8314211800619 85.5459031328639,27.8310528630023 85.5463266542826,27.8306851746578 85.5471381275266,27.8303747334264 85.5477427937941,27.8298760365028 85.5479264215477,27.8295589828551 85.5479803211095,27.8294207083645 85.5481322051315,27.8293706013341 85.5485030792654,27.8288884940738 85.5487356819981,27.8285264339453 85.5489677445145,27.8282048683574 85.5496097594653,27.8278876106378 85.5498905979732,27.8273235517649 85.550078180764,27.8269205154215 85.5503572673936,27.8264724916319 85.5502642439356,27.8261994144114 85.5502443313468,27.8261409593651 85.5500990898221,27.8258204478875 85.5498947639348,27.8254461512612 85.5495705031609,27.8250971763644 85.5490077863187,27.8246925301261 85.5486525744557,27.8244229743145 85.5480592617683,27.8240711669907 85.5473449562479,27.8238244126389 85.5468694623843,27.8236067508984 85.5466042991405,27.8233115557345 85.546312429041,27.8227768395106 85.5457209042308,27.8222921305929 85.5449770756067,27.8220184712256 85.5441150903428,27.8216372333433 85.5434609544377,27.8213645118795 85.5427509370784,27.8207987940728 85.5422733357816,27.8207405875504 85.5416405797687,27.8211060544625 85.5411882533234,27.821393678736 85.5410316730931,27.8219236663985 85.5409979067294,27.822305526041 85.5409827554347,27.8223291080764 85.5407501418013,27.8226911549751 85.5408341980672,27.8232185515156 85.540966511048,27.8235439549665 85.5408233670795,27.824028449309 85.5405441169001,27.8244710038912 85.5402171481671,27.825075055598 85.5402968687618,27.825926411199 85.540788704889,27.8266201215831 85.5408924150979,27.8266476545969 85.5408458046958,27.8268792649374 85.5406319099665,27.8272225709264 85.5404482657342,27.8275396143134 85.5401436122592,27.8279617059823 85.5399297130847,27.8283050106656 85.5396200739961,27.8290991974405 85.5393677327394,27.8300800642201 85.5389715964231,27.8306340950406 85.5387263665466,27.8310833941031 85.5387192451723,27.8316149600651 85.5389822693598,27.8320696397857 85.5390694698981,27.832256637325 85.5393346326321,27.8325518466493 85.539812639113,27.8325834868521 85.5402290720037,27.8327473845228 85.5409711816277,27.8331539629954 85.5417794891828,27.8330827596008 85.5422603409585,27.8329017647772 85.5428625575351,27.8325891391869 85.543351924353,27.8317702600221 85.5433002933894,27.831158326831 85.5430660849942,27.8307837053335 85.5426816824931,27.8304606618933 85.5425378789164,27.8300338298828 85.5426937553048,27.8295569979829 85.5429987589287,27.8291083222145 85.5431614827177,27.8288446673258</coordinates></LinearRing></outerBoundaryIs></Polygon></MultiGeometry>
  </Placemark>
  <Placemark>
	<Style><LineStyle><color>ff0000ff</color></LineStyle><PolyStyle><fill>0</fill></PolyStyle></Style>
      <MultiGeometry><Polygon><outerBoundaryIs><LinearRing><coordinates>85.5189478247034,27.8420015476673 85.5189556474954,27.8414256766263 85.5195940088248,27.8406616517547 85.5201120420388,27.8399494969949 85.5203339615046,27.8390215098289 85.5203393714294,27.8386228390868 85.5203148823043,27.8382238477244 85.5206210833204,27.8376954922716 85.521044713121,27.8373278861407 85.5216325151829,27.8371877011799 85.5217184207767,27.8370789272037 85.5217675425316,27.8368162011611 85.5220213802855,27.8365759179147 85.5223893747645,27.8363166063364 85.5225062757749,27.836095106014 85.5225317955552,27.8358928774456 85.5224439810348,27.8356489351168 85.5222189591209,27.8354440239102 85.521855907099,27.835338884892 85.5210601030929,27.8352291079825 85.5204218130303,27.8352627665439 85.5196002116711,27.8353754565056 85.5191666339628,27.8354315552279 85.5188472133003,27.8354686276748 85.5187330558735,27.8354876525699 85.5185917212867,27.8358303881877 85.5184967642097,27.8361128710372 85.5182879232482,27.8363941310727 85.5181501627025,27.8364736524893 85.517872989908,27.836754178068 85.5178908133293,27.8371188722338 85.5178397557251,27.8375233268824 85.5178578542369,27.83786777382 85.5179023074104,27.8379492518607 85.5179667858128,27.8382334464496 85.5178718247395,27.8385159286302 85.5177313088058,27.8387979213942 85.5176127435561,27.8391409002274 85.5175389062891,27.8395451098818 85.517190087458,27.8400678656604 85.5171832035827,27.8405740451711 85.5171310396261,27.8410594879093 85.5169397299553,27.8417256863135 85.5171178213478,27.8420313523699 85.5174592136025,27.8420552709986 85.517732272489,27.8420784547335 85.5180264580562,27.8422233656724 85.5186650642825,27.8421694726424 85.5189478247034,27.8420015476673</coordinates></LinearRing></outerBoundaryIs></Polygon></MultiGeometry>
  </Placemark>
  <Placemark>
	<Style><LineStyle><color>ff0000ff</color></LineStyle><PolyStyle><fill>0</fill></PolyStyle></Style>
      <MultiGeometry><Polygon><outerBoundaryIs><LinearRing><coordinates>85.5267496485849,27.841615792478 85.5268185932247,27.8415630129335 85.527160417867,27.8406097116111 85.5270796948521,27.8399443010379 85.5266099223897,27.8393013188554 85.5261625104013,27.8392167950669 85.5254470841074,27.8390496603087 85.5250331686109,27.8386996713512 85.5250097408049,27.8382209458401 85.5247485604359,27.8376333510067 85.5247582686054,27.8369157420772 85.5251537806337,27.8364149124348 85.5257326315485,27.8356236386286 85.5257088413713,27.8351714910653 85.5252038072337,27.8349268572462 85.5246624055439,27.8351603081387 85.5243879278258,27.8355561029205 85.5239401734078,27.8354981506453 85.5233969670088,27.8358644868363 85.522967590976,27.8366573502358 85.5225749489932,27.836945548507 85.522004713955,27.837098933966 85.521044713121,27.8373278861407 85.5206210833204,27.8376954922716 85.5203148823043,27.8382238477244 85.5203393714294,27.8386228390868 85.5203339615046,27.8390215098289 85.5201120420388,27.8399494969949 85.5195940088248,27.8406616517547 85.5189556474954,27.8414256766263 85.5189444550842,27.8422495952827 85.5191468961341,27.8427568240951 85.519318355726,27.843343465842 85.5192794305935,27.8440075954223 85.5191198188808,27.8447501752953 85.5192271467886,27.8456551113475 85.5198460448595,27.8463262995036 85.5204714439959,27.846519080745 85.5214909695792,27.8463173549323 85.5225072495322,27.8463548238555 85.5228920034401,27.8466513445975 85.5231250919665,27.8471057323137 85.5235058899553,27.8476946100617 85.5240689815954,27.848072781875 85.5247848237083,27.8482133477015 85.5255028251187,27.8481944414303 85.5259852067516,27.8479071949893 85.5263205932506,27.8474323032296 85.5266574137415,27.8468510981334 85.527024850053,27.8462170550607 85.527121017836,27.8457396068614 85.5269619071851,27.8454232472282 85.5269765404312,27.8453659173151 85.5271631282459,27.844836270443 85.527080607839,27.8443037506926 85.526910182136,27.843637382677 85.5266183610515,27.8431026279302 85.5267199146106,27.8422265080857 85.5267496485849,27.841615792478</coordinates></LinearRing></outerBoundaryIs></Polygon></MultiGeometry>
  </Placemark>
  <Placemark>
	<Style><LineStyle><color>ff0000ff</color></LineStyle><PolyStyle><fill>0</fill></PolyStyle></Style>
      <MultiGeometry><Polygon><outerBoundaryIs><LinearRing><coordinates>85.5067987853425,27.8411548126439 85.5067882905398,27.8411616334606 85.506846269732,27.8412951699551 85.506841537857,27.8416406823459 85.5062402668339,27.8418734107733 85.505638264759,27.8421592921901 85.5051226794488,27.842685343338 85.504875096492,27.8432940420967 85.5048324383726,27.8442239426013 85.5051267042362,27.8445726944226 85.5053586199686,27.845106842777 85.5046355363656,27.8454977345298 85.5042099970862,27.8459981755948 85.5040820047358,27.8466081688129 85.50437080398,27.8473555896405 85.5048412030582,27.8479454874394 85.5052846214119,27.8483224371778 85.5055180027111,27.8487502740003 85.5054793545563,27.84938781801 85.5055934954635,27.849787781133 85.5058560541545,27.8502690970378 85.5059691041869,27.8507487933795 85.5066524842411,27.8510751740462 85.5070783977258,27.8505481482923 85.5078051464853,27.8498914664238 85.5086175914047,27.849528106642 85.5091926344441,27.8490292676725 85.5092294431124,27.8485246111307 85.5087331156517,27.8476420474925 85.5087396473486,27.8471646300847 85.5090412179577,27.8469808322452 85.5098215557682,27.8467766084247 85.510934796708,27.8462835734177 85.5111517271004,27.8457276961483 85.5111863469108,27.845382505939 85.5110138398426,27.8448755895655 85.5105693248137,27.8445783915675 85.5101576184984,27.8440688918392 85.5101090778077,27.8432443309759 85.5106239165682,27.8427714162314 85.5112036318551,27.8419270536364 85.5109677001453,27.8416852712059 85.5104017835297,27.841519671966 85.5099616422022,27.8409035374662 85.5103262467214,27.8404821647053 85.5103940339111,27.8398980959358 85.5098591163238,27.8396530838206 85.5090230295273,27.8395643069263 85.5080673478738,27.839474232005 85.5074135694686,27.839174761786 85.506544677832,27.8392982697472 85.5062672121085,27.8399066482994 85.5062912856598,27.8403322179522 85.5064342289349,27.8408122379146 85.5066996839219,27.8410809291216 85.5067987853425,27.8411548126439</coordinates></LinearRing></outerBoundaryIs></Polygon></MultiGeometry>
  </Placemark>
  <Placemark>
	<Style><LineStyle><color>ff0000ff</color></LineStyle><PolyStyle><fill>0</fill></PolyStyle></Style>
      <MultiGeometry><Polygon><outerBoundaryIs><LinearRing><coordinates>85.5006322522605,27.839701894431 85.5006303549813,27.8398398657385 85.5006039233226,27.8399911059127 85.5005516550508,27.840250299162 85.500354189317,27.8404429741381 85.5002817873002,27.8405555555475 85.5002777778152,27.8405617900904 85.5002297680864,27.8406364427474 85.500155531956,27.8407222229098 85.5000981375062,27.8408333333253 85.5000554585004,27.8409159559844 85.5000000000374,27.8409276417198 85.4998600752254,27.8409571254855 85.4996437148064,27.8410335803543 85.4995876103017,27.8412140915731 85.4996967612813,27.841559529184 85.4998103704733,27.8415810144679 85.4998280759688,27.8415733844044 85.499813843907,27.8416574905626 85.4999571254512,27.8421109383113 85.5001345128227,27.842259066355 85.5003585783216,27.8422747926753 85.5007031567951,27.8422253737553 85.5010889305831,27.8424422192075 85.5022550244691,27.8424548818434 85.5025429061427,27.8421788977237 85.5028887609642,27.8420364509058 85.5034756367175,27.8417637085141 85.503630789146,27.8413533733878 85.5035746378452,27.8410869465069 85.5034575935261,27.8408996045721 85.5035401849777,27.8403289917061 85.5035351745868,27.8403179241912 85.503609790234,27.8402857661513 85.5036792336781,27.8402055189307 85.5037720100046,27.8400850245363 85.5037726889531,27.8400355478956 85.5043255874567,27.8397527074411 85.5043629601872,27.839208185517 85.5043669703199,27.8389158291081 85.5042956864633,27.8386625293066 85.5039843011592,27.8384730812026 85.5038659823664,27.8383787621113 85.5037644365999,27.8381517157624 85.5035434790898,27.837910083558 85.5032005569975,27.8378399098809 85.5026877189914,27.8381666187891 85.5024755081779,27.8383769703935 85.5019185475913,27.8386500338666 85.5016319524367,27.8388329947425 85.5011975058281,27.8388947311371 85.5007606834641,27.8391292219188 85.5005769041461,27.8394462064334 85.5006322522605,27.839701894431</coordinates></LinearRing></outerBoundaryIs></Polygon></MultiGeometry>
  </Placemark>
  <Placemark>
	<Style><LineStyle><color>ff0000ff</color></LineStyle><PolyStyle><fill>0</fill></PolyStyle></Style>
      <MultiGeometry><Polygon><outerBoundaryIs><LinearRing><coordinates>85.4984762071104,27.8458233001728 85.4979162367468,27.8462632767408 85.4974967983544,27.8468504904902 85.4976645737113,27.8473957604004 85.4982517874607,27.8474796480789 85.4985034504962,27.8471860412042 85.4993003834418,27.8469343781687 85.4998875971912,27.8468504904902 85.5004748109406,27.8465988274548 85.5007264739761,27.8463471644193 85.5009361931723,27.8458857821876 85.5010200808508,27.8450469054028 85.501229800047,27.8445016354926 85.5017331261179,27.8438305340647 85.5019428453141,27.843369151833 85.5018170137964,27.8427819380836 85.5015653507609,27.8428238819229 85.500894249333,27.8432013764761 85.5006425862976,27.84353692719 85.5004328671014,27.8437466463862 85.5000651963876,27.8439611213144 85.5000662606276,27.8439595572302 85.500069186057,27.8437469349537 85.4998788578493,27.8434524664149 85.4996263530759,27.8433301029681 85.4992097646616,27.8431793726653 85.4985078466643,27.8431185725718 85.4981304354985,27.8433802825031 85.4981267740378,27.8436460601252 85.4982277632155,27.8439129768332 85.4981788853605,27.8442048440269 85.4981163386007,27.8444035262895 85.4982756646584,27.8447774049382 85.4983788517637,27.8448848549923 85.4984103032194,27.8449258520917 85.4983728331316,27.8450585083223 85.4983935196515,27.8452106086749 85.4984794734603,27.8455861696397 85.4984762071104,27.8458233001728</coordinates></LinearRing></outerBoundaryIs></Polygon></MultiGeometry>
  </Placemark>
  <Placemark>
	<Style><LineStyle><color>ff0000ff</color></LineStyle><PolyStyle><fill>0</fill></PolyStyle></Style>
      <MultiGeometry><Polygon><outerBoundaryIs><LinearRing><coordinates>85.5133252944287,27.8520143422658 85.5134589357032,27.8522385334134 85.5134703256688,27.8522386561518 85.5136070052621,27.85224012894 85.5137899350467,27.8521914746612 85.513905491286,27.8520712190348 85.51401020949,27.8519103463735 85.5141609011239,27.851719593662 85.5142313108837,27.8515684763183 85.5141892018031,27.8513148966182 85.5141011194265,27.8510911968676 85.5139903957771,27.8508571281305 85.5138996913191,27.8508257759056 85.5136616096352,27.8507422105956 85.5134903482445,27.8507707404214 85.5133071445645,27.8508396415136 85.5131585244769,27.8508785399637 85.5130547729771,27.8509685471025 85.5129035280157,27.8511997928088 85.5128543768638,27.8514625140867 85.5129096685944,27.8515846106528 85.5129878783921,27.8516968291984 85.5130890063098,27.8517991696869 85.5132019386898,27.8518712622018 85.5133252944287,27.8520143422658</coordinates></LinearRing></outerBoundaryIs></Polygon></MultiGeometry>
  </Placemark>
  <Placemark>
	<Style><LineStyle><color>ff0000ff</color></LineStyle><PolyStyle><fill>0</fill></PolyStyle></Style>
      <MultiGeometry><Polygon><outerBoundaryIs><LinearRing><coordinates>85.5571277407841,28.1122374827779 85.5571367992719,28.1122596991541 85.5571606960149,28.1123058369929 85.5571903951903,28.1123254700952 85.5572391584093,28.1123453037963 85.5572523877237,28.1123744238665 85.5572574144197,28.1124058726957 85.5572381887693,28.1124177457522 85.5571670885517,28.1124387332186 85.5571422867199,28.1124602078695 85.5571175495266,28.1124768530521 85.5570898626152,28.1125103726907 85.5570487201251,28.1125316753576 85.5569831313299,28.1125478905841 85.5569338831468,28.112564277763 85.5569280159987,28.1125956119441 85.5569523006553,28.1126127730388 85.5570202896685,28.1126207338066 85.5570639616848,28.112613948201 85.5571627489574,28.1125594411465 85.5571791542347,28.1125547836382 85.5572580369886,28.1125628589231 85.5572957126472,28.1125970663685 85.5573118270454,28.1126141414312 85.557360558098,28.1126363898259 85.5574178473075,28.1126297473839 85.557455813893,28.1126422221998 85.5574964392971,28.1126595551224 85.557515277179,28.1126766588153 85.5575422207642,28.1126986779261 85.5576158829675,28.1126897925809 85.5576678868709,28.1126710190728 85.557692397849,28.1126712769156 85.5576975216185,28.1126954815358 85.5577488469949,28.1127274173745 85.5577730025784,28.1127542372586 85.5577944347288,28.1127810284919 85.5578455017086,28.1128322821553 85.5579165051537,28.1128185385402 85.557971167908,28.1128046230273 85.5580065403981,28.1128074101213 85.558071838493,28.1128129269992 85.5580991375591,28.1128083839468 85.5581452423317,28.1128233592322 85.5581805502329,28.1128309757471 85.5582403368621,28.1128412647321 85.5583030407399,28.1128370939315 85.5583744639953,28.1127919585494 85.5584652419547,28.1127252909672 85.5585262556899,28.1126438199684 85.5586144714442,28.1125650499793 85.5587073913086,28.112541876053 85.5587918502366,28.1125403487826 85.5588789034656,28.1125485090196 85.5589550629476,28.1125565547071 85.5590505770586,28.1125430681038 85.5591268011127,28.1125462842286 85.5592057163365,28.1125519436639 85.5592154247834,28.1125513840412 85.5592879543236,28.1125929466516 85.5593533217955,28.1126023438935 85.5593990829134,28.1126086316389 85.5594641012246,28.1126441563416 85.5595555847225,28.1126596348022 85.5596179496251,28.112648676122 85.5596640146581,28.1126322231651 85.5597391724568,28.1126441426255 85.5597749558736,28.1126619392951 85.5598335423178,28.1126886858699 85.559882655279,28.1126892017326 85.5599021453185,28.1127010203029 85.5599083058521,28.1127301196577 85.5598882727918,28.1127589438931 85.5598388882815,28.1127787494333 85.5598056808114,28.1128132422038 85.5598119189017,28.1128365354471 85.5598608767791,28.1128486635497 85.5598933860811,28.1128664258001 85.5599258178219,28.1128899941581 85.5599944985309,28.1128965224345 85.5600698827869,28.1128915072183 85.5601057826863,28.1129005946329 85.5601583250734,28.1128895325545 85.5602243520449,28.1128495774066 85.5602738528537,28.1128210625524 85.5603560956493,28.1127928914739 85.5603859899693,28.112761267243 85.560438609808,28.112744398937 85.5605077944792,28.1127131871964 85.5605474725585,28.1126845691115 85.5606033277673,28.1126706381725 85.5606594543238,28.1126363858004 85.5607089161597,28.112610773839 85.5607747489506,28.112585333704 85.5607979784161,28.1125623498141 85.5607853080221,28.1125302786944 85.560808653758,28.1124985856257 85.5608810348424,28.1124732141715 85.5609173997862,28.1124474646643 85.5609473326043,28.1124129372409 85.5609449110847,28.1123490355782 85.5609417919271,28.1123373889776 85.5608699148246,28.1123250207023 85.560781317945,28.1123386080783 85.5607223437963,28.112340892493 85.5606468824087,28.112351714201 85.5605749278026,28.1123451518891 85.5605423797654,28.1123302928592 85.5605230835616,28.1123039590867 85.5605306399222,28.112228548314 85.5605355576076,28.1122067234154 85.5605641571211,28.112170830881 85.5606643208488,28.1120267091098 85.5606980317284,28.1119544763431 85.5607879074178,28.1118450880616 85.5609332500269,28.11175079921 85.5609831764537,28.1116903504172 85.5610297511483,28.1116356733607 85.5610937041852,28.1115056885396 85.5610529614702,28.1113687980543 85.561008208366,28.1112870313281 85.5609053344516,28.111143681797 85.5608046496915,28.1110816522254 85.5607986440254,28.1110409406611 85.5609299975387,28.1110132846648 85.5609662844525,28.11099334124 85.5610097009526,28.1109299206326 85.5610364366588,28.1108895526847 85.5610797755708,28.1108319381708 85.5611295852174,28.1107801984778 85.5612715356873,28.1106945840112 85.5613348291724,28.1106139510531 85.5613777416367,28.1105882700962 85.5614935373343,28.1104994775009 85.5615167661818,28.1104764934602 85.5615667691429,28.1104102382887 85.5615673889471,28.1103637893184 85.5616010986593,28.1102915562711 85.5616147374761,28.1102510508061 85.5616217892965,28.1102133797082 85.5616721794105,28.1101180938802 85.5616921727478,28.1100921723985 85.5616826989916,28.1100659418174 85.5615813949464,28.1100503618009 85.5615192641488,28.1100439030771 85.5614176114824,28.1100544504869 85.5613615640213,28.1100828971194 85.56126653704,28.1100877069983 85.5612270538628,28.1101018100426 85.5611644580865,28.1101301878809 85.5610854916665,28.1101583938966 85.5610162700717,28.1101925090668 85.5609895345433,28.1102328770208 85.5609009006522,28.1102493676021 85.5608547140944,28.1102750140475 85.5607988214112,28.1102918482005 85.5607560252172,28.1103088197976 85.560719699743,28.1103316662354 85.5606247888234,28.1103277664816 85.5605296840856,28.110338381959 85.5604907822284,28.1103089388942 85.5604945990853,28.1102683304369 85.5604756909079,28.1102129660709 85.5604238864623,28.1101688701987 85.5603619495399,28.1101478956543 85.5602968160655,28.1101210805871 85.5602678917971,28.110080128359 85.5602195167127,28.1100244545559 85.5601739504976,28.1100036518258 85.5601150939571,28.1099972268498 85.5600984131635,28.1100202794118 85.5600781480266,28.1100665220598 85.5600156683306,28.1100861901868 85.5599762237873,28.1100973898061 85.5598583167278,28.1100990549495 85.5598224953429,28.1100841613848 85.5598027730639,28.1100897611677 85.5597790397405,28.1101504846689 85.5597623588516,28.1101735371859 85.559647803413,28.1101694304187 85.559556244413,28.1101597582083 85.5594999636815,28.1102056224077 85.5594733439773,28.1102372808706 85.5593914133267,28.1102422270299 85.5593492765048,28.1102098461964 85.5592841044694,28.110185933714 85.5592024842633,28.1101676552997 85.5591239441904,28.1101639265314 85.559035969822,28.1101310639205 85.5589411368105,28.1101213568948 85.5588558544999,28.1101320744411 85.5587640627506,28.1101398200485 85.5586758556311,28.1101243755538 85.5585188920788,28.1101082082019 85.5584575379166,28.1100436869596 85.5584250685187,28.1100230213451 85.5584187532215,28.1100055341601 85.5585011107254,28.1099686549512 85.5585471035794,28.1099575245985 85.5586325022209,28.1099380980688 85.5586756090869,28.1098979026835 85.5586431785031,28.1098743340631 85.558600964422,28.1098477591258 85.5585325574947,28.1098209088244 85.5584638788601,28.1098143798884 85.5583952002355,28.1098078509184 85.5583299510241,28.1097897441113 85.5582546465608,28.1097889523368 85.5582180101518,28.1098350225531 85.5581746313501,28.109895539185 85.558115775028,28.1098891133571 85.5581161244967,28.1098629858491 85.5581199810512,28.1098194744314 85.55810719526,28.1097961122625 85.5580782719269,28.1097551596046 85.5580723838389,28.1097057387846 85.5580894533049,28.1096536559174 85.5581193085231,28.1096249352158 85.5582550997294,28.109510224466 85.5583081453163,28.1094614232983 85.5583581885172,28.1093922662864 85.5583814954023,28.1093634766752 85.5583916282579,28.1093403554858 85.5583625108165,28.1093139181708 85.5583101641567,28.1093104643395 85.5582442552256,28.1093417094688 85.5582113978122,28.109350074379 85.5581791616305,28.109311990373 85.5581663370537,28.1092915312666 85.5581832122647,28.1092539636645 85.5581475467192,28.1092274574521 85.5580921589988,28.1092065507713 85.5580409773261,28.1091160051394 85.5580383245306,28.1090695218023 85.5580520033237,28.1090261136719 85.5580820136872,28.1089857807427 85.5581053205509,28.1089569911763 85.558105980637,28.1089076392102 85.5580998595924,28.1088756367279 85.5580775234775,28.1088318498737 85.5580779894273,28.1087970131915 85.5580718295666,28.1087679137649 85.5580714544773,28.1086735472018 85.5580784491553,28.1086402309052 85.5580853079284,28.1086170753071 85.5581003518745,28.1085940057794 85.5581600810891,28.1085351128051 85.5581782437717,28.1085236899225 85.558207962752,28.1085051298845 85.5582230454805,28.1084791572842 85.558242961653,28.1084590424334 85.5582776305269,28.1084376309587 85.5582779605235,28.1084129549719 85.558248552172,28.1084082905689 85.5582174873785,28.1084050604756 85.558183070871,28.1084076020637 85.5581651217529,28.1084030581336 85.558145419124,28.1084072061591 85.5581239047386,28.1084244007247 85.5580763919621,28.1084268045752 85.558048407089,28.1084381241571 85.5580250809143,28.1084683652479 85.5580098622341,28.1085044985239 85.5579864389558,28.1085419972491 85.5579695638005,28.1085795648323 85.5579658625808,28.1086114640257 85.5579654742622,28.1086404945935 85.5579718088311,28.1086565302686 85.5579960925554,28.1086771098993 85.5580188945743,28.1086860600835 85.5580269438512,28.1086963068578 85.5580266720388,28.1087166282556 85.5580111426733,28.1087759859835 85.5579927469418,28.1088048271817 85.5579531085283,28.1088305415139 85.5579527784515,28.1088552174957 85.5579787769182,28.108870008233 85.5579700869033,28.1089076618909 85.5579551399645,28.1089234737591 85.5579123050842,28.1089433475318 85.5578662931948,28.108955929215 85.5578006368065,28.108968304269 85.5577858257654,28.1089739554199 85.5578131894207,28.1090090848017 85.557862358915,28.1090052467413 85.5579099884503,28.1089941338052 85.5579181154057,28.1089985744728 85.5579078854006,28.1090289532671 85.5578715015497,28.1090561535326 85.5578186890008,28.1090875361958 85.5577528771737,28.1091115234488 85.5577114656083,28.109147381182 85.5576814744824,28.1091862624943 85.5576514444931,28.1092280468551 85.5576958194774,28.1092154480304 85.5577386156661,28.1091984773879 85.5577729741752,28.1092002905058 85.5578057733158,28.1091962802846 85.5578437748572,28.1091705487851 85.5578719347023,28.1091461655001 85.5578817181283,28.109149171859 85.5578648428321,28.1091867394213 85.5578611027165,28.1092215416636 85.5578492550444,28.1092504517056 85.5578421049025,28.109295380209 85.557841561194,28.1093360229976 85.5578264976643,28.1093605440168 85.5577886319824,28.1093761148114 85.5577489738869,28.109403280601 85.5577028646816,28.1094231198608 85.5576667331119,28.1094314501992 85.5576566389353,28.1094516682726 85.5576776292517,28.10947366505 85.5576723102746,28.1095040954794 85.5576933394446,28.1095231891986 85.5577379864237,28.1094902689724 85.5577530111537,28.1094686510209 85.5578191338996,28.1094214393271 85.5578305155594,28.1094273659647 85.557825235465,28.1094548933457 85.5578053384435,28.1094735565952 85.5577769066263,28.1095182612549 85.5577453754624,28.1095498677173 85.5577398040426,28.1095991680142 85.5577695428187,28.1095791565598 85.5578059462956,28.1095505048027 85.5578175804108,28.1095375615764 85.5578305797134,28.1095449569605 85.5578120866999,28.1095810557652 85.5577823479308,28.1096010672291 85.5577737354542,28.1096329147538 85.5577750617958,28.1096561564212 85.5577500011168,28.109693637869 85.5577216857355,28.1097296333448 85.5576886145415,28.1097539649312 85.5576572386486,28.1097739591451 85.5576193145317,28.1097938844695 85.5575913098313,28.1098066554689 85.5575818759525,28.1097775215853 85.5575936460725,28.109754417685 85.5575676474544,28.1097396268706 85.5575646452611,28.1097192710377 85.5575203865902,28.1097231606435 85.55747911067,28.1097488575969 85.5574624876394,28.109767555236 85.5574473074173,28.1098007853735 85.5573878101904,28.1098422596531 85.5573315287502,28.1098881229362 85.5573144783057,28.1099387541647 85.5573273804906,28.109953407235 85.5573848134025,28.1099438493724 85.5574108120417,28.109958640222 85.5573822439529,28.1100135054801 85.5573784842158,28.110049759226 85.5574011310661,28.1100703217419 85.557450262206,28.1100693869039 85.5574682115638,28.1100739309357 85.5574626788273,28.1101203281564 85.5574575539894,28.1101362432938 85.557432920419,28.1101417910628 85.5573916054643,28.1101703910371 85.5573517332922,28.1102135234985 85.5573006930614,28.110234762461 85.5572792753014,28.1102446992331 85.5572544668567,28.110263310717 85.5571937013611,28.1102771886488 85.5571591676729,28.1102884391213 85.5571164292468,28.1103010549784 85.5570720343212,28.110315105122 85.5570538517879,28.110327979367 85.557066345962,28.1103731145379 85.5571120865411,28.1103808545363 85.5571329603429,28.1104115605616 85.5571706322011,28.1104105052425 85.5572214394113,28.1104066846635 85.5572707261172,28.1103941376752 85.5573069163176,28.1103814528726 85.5573497130334,28.1103644823736 85.5573727095973,28.1103589173981 85.5573756340651,28.1103850793432 85.5573506701975,28.1104153030646 85.557312590387,28.1104468405125 85.5572728346375,28.110481263779 85.5572645133328,28.1104913383464 85.5572479872812,28.1105027783142 85.5572115056187,28.1105372360118 85.5571834229644,28.1105558130275 85.5572141969184,28.1105808162884 85.5572738500442,28.1105277298857 85.5572970409114,28.1105076496488 85.5573185558541,28.1104904552382 85.5573284947913,28.1104818494193 85.5573432283617,28.110482004438 85.5573344796921,28.1105240126168 85.5573094769266,28.1105571393836 85.5573107254645,28.1105861871595 85.5572873985954,28.1106164280907 85.5572511111768,28.1106363705223 85.5572411139369,28.1106493309171 85.5572588496819,28.1106698417817 85.5572602924771,28.1106843742821 85.5572797624324,28.110697644732 85.5572810498158,28.1107237894523 85.5572691629522,28.1107556024812 85.5572718737035,28.1107977312289 85.5572730833769,28.1108296820588 85.5572826143847,28.1108515583221 85.5572690321547,28.1108877087072 85.5572637324016,28.1109166875803 85.5572533465875,28.1109586785235 85.5572414014038,28.11099484613 85.5572246227081,28.1110251559475 85.5572046281431,28.1110510767281 85.557184886138,28.1110581276494 85.5571523001289,28.1110461708982 85.5571241007527,28.1110734570592 85.5571086676416,28.1111255569975 85.5570983983217,28.1111588387609 85.5570779373815,28.1112195961752 85.5570939778191,28.1112444444158 85.5571031396582,28.1112938997087 85.5571025761958,28.1113359939995 85.557106826814,28.111385397609 85.5570915102228,28.1114287883777 85.557065943681,28.1115040093745 85.5570338093511,28.1115806129776 85.5570125516029,28.1117008829869 85.5569903368252,28.1117703323116 85.556960072623,28.111829534794 85.5569362984267,28.1118931607687 85.5569324024171,28.111939575174 85.5569418751448,28.1119658060397 85.5569380762961,28.1120049628096 85.5569326014919,28.1120470054031 85.5569271072499,28.112090499523 85.5569378672885,28.1121428751049 85.5569751899737,28.1121679473483 85.5570225295264,28.1121786076862 85.5570695776257,28.1122110409139 85.5571265454443,28.112236319858 85.5571277407841,28.1122374827779</coordinates></LinearRing></outerBoundaryIs></Polygon></MultiGeometry>
  </Placemark>
  <Placemark>
	<Style><LineStyle><color>ff0000ff</color></LineStyle><PolyStyle><fill>0</fill></PolyStyle></Style>
      <MultiGeometry><Polygon><outerBoundaryIs><LinearRing><coordinates>85.5652015588075,28.1153637792307 85.565191305427,28.1153666907707 85.5651764546622,28.115356875049 85.5651737954386,28.1153520170676 85.5651711683629,28.115344744347 85.565159649668,28.1153403974154 85.5651487636315,28.1153396797177 85.5651399041597,28.1153401907663 85.565124940883,28.1153388266264 85.5651093047644,28.1153368516742 85.5650977137372,28.1153379379007 85.5650903205103,28.115330615296 85.5650890551997,28.1153233568262 85.5650796032613,28.1153172202121 85.5650659213728,28.1153219071662 85.5650561881216,28.1153368995181 85.565053263664,28.1153519631324 85.5650477041004,28.1153603577086 85.5650401099342,28.1153681272207 85.5650168957208,28.1153727143999 85.5649908776072,28.1153833099161 85.5649784690483,28.1153946516466 85.5649572813905,28.1154004675649 85.5649469476188,28.1154094159337 85.5649591070009,28.1154167884335 85.5649645058125,28.1154204675563 85.5649691835541,28.1154271579759 85.5649943278901,28.1154310437719 85.5650113257798,28.1154330329908 85.5650220992954,28.1154422022865 85.5650267770415,28.1154488927043 85.5650334893914,28.115456208186 85.5650628315448,28.1154516851415 85.5650849331736,28.1154283694746 85.5651008586487,28.1154086117778 85.5651207488392,28.1153979521067 85.5651515813264,28.1153837843376 85.5651658556929,28.1153857450338 85.5651794732908,28.1153858875484 85.5651986102589,28.1153806539033 85.5652034487487,28.115375270619 85.5652069897722,28.1153650436049 85.5652015588075,28.1153637792307</coordinates></LinearRing></outerBoundaryIs></Polygon></MultiGeometry>
  </Placemark>
  <Placemark>
	<Style><LineStyle><color>ff0000ff</color></LineStyle><PolyStyle><fill>0</fill></PolyStyle></Style>
      <MultiGeometry><Polygon><outerBoundaryIs><LinearRing><coordinates>85.5633900654621,28.0101754667214 85.5634547700358,28.0102288479238 85.563556888312,28.010251047549 85.5636456868131,28.0102421676989 85.563716725614,28.010251047549 85.5638055241151,28.010251047549 85.563956481567,28.0102022083734 85.5640541599182,28.0101356094976 85.5641784778197,28.0100334912214 85.5642539565457,28.0099713322706 85.5642894759461,28.0098558942192 85.5643027957212,28.0097804154932 85.5643383151217,28.0097226964675 85.5643479661633,28.0096487051718 85.5643957653898,28.0096239261674 85.5645367798583,28.0094929597077 85.5645794943244,28.0092726735984 85.5643326922326,28.0091288271804 85.5641956588664,28.0089596392248 85.5641004876035,28.0088883943722 85.564116318869,28.0087459129555 85.5641607181195,28.0086837540047 85.5642184371452,28.0086038353537 85.5641962375199,28.0085683159533 85.5641562781944,28.0085239167027 85.5640497199931,28.0084795174522 85.5639342819417,28.0084795174522 85.563876562916,28.0084528779018 85.5637300453892,28.0084395581267 85.5635790879373,28.0084439980517 85.5634192506353,28.0084750775271 85.563308252509,28.0084972771524 85.5632061342327,28.0085150368526 85.5630329771556,28.0085549961781 85.562908659254,28.0086171551289 85.5628420603782,28.0086837540047 85.5628010978292,28.0087411015765 85.5627958306576,28.0087419350454 85.5626352728848,28.008846207463 85.5624642989389,28.0089856878779 85.5621911579927,28.0093271728397 85.5621208254324,28.0093794127534 85.5619603833394,28.0094748562574 85.5618309548308,28.0094823312662 85.5614226578835,28.0095133753829 85.5613908224804,28.0096631399502 85.5615881209618,28.0097888149223 85.5617954842487,28.0099057656605 85.561813150005,28.0100737068818 85.5619897346799,28.0102609695227 85.5620380629493,28.0103674265607 85.5622155864977,28.0104840644903 85.5624237724504,28.0105392179488 85.562622011505,28.0105942670678 85.5628217744107,28.0105345511526 85.5630121759267,28.0104305906404 85.5631929814964,28.0103000416804 85.5633536581429,28.0101869406319 85.5633900654621,28.0101754667214</coordinates></LinearRing></outerBoundaryIs></Polygon></MultiGeometry>
  </Placemark>
  <Placemark>
	<Style><LineStyle><color>ff0000ff</color></LineStyle><PolyStyle><fill>0</fill></PolyStyle></Style>
      <MultiGeometry><Polygon><outerBoundaryIs><LinearRing><coordinates>85.5547875695701,28.0098618976353 85.5546325562353,28.0099100871761 85.5543135440741,28.0099597075206 85.5540439130693,28.0100363344484 85.5537540338043,28.01013923556 85.5533841057214,28.010276610556 85.5533656907206,28.0102968147598 85.5533539405362,28.0102821270244 85.5533628203864,28.0102244079987 85.5533095412857,28.0101400494227 85.5532607021101,28.0100690106218 85.5532029830844,28.0100112915961 85.5531053047332,28.0099802121207 85.5529987465319,28.0099402527952 85.552932147656,28.0100734505468 85.5529499073563,28.0101933285233 85.5529365875811,28.0103220863499 85.5529676670565,28.0104863635769 85.5529873330868,28.0105306121935 85.5525825577583,28.0107008052209 85.5525412348575,28.0108151504127 85.5528590700148,28.010853814504 85.552902921269,28.0108456493545 85.5529099480308,28.010894836682 85.5530387058574,28.0109569956327 85.5531408241336,28.0109747553329 85.5533139812107,28.0109925150332 85.5534560588125,28.0109347960075 85.5535848166391,28.0108859568319 85.5535638185665,28.010813630179 85.5536455991742,28.0108091185175 85.5538657327519,28.0107143130956 85.5542062921718,28.0105413108271 85.5545681591585,28.0102625805829 85.5547783438134,28.0101676690063 85.555156685237,28.0101451591206 85.5552549775605,28.0102344850808 85.5552624243654,28.0102351147372 85.5553163874104,28.0103176464249 85.5553785463612,28.0103620456754 85.5554273855368,28.0104064449259 85.555520623963,28.0104774837268 85.5555916627638,28.0105174430523 85.5556760213399,28.0103931251508 85.5556760213399,28.0103176464248 85.5557159806654,28.0102066482985 85.5556538217146,28.010082330397 85.5556598660331,28.0100533176918 85.5558260819586,28.0099314629363 85.5560369714576,28.0097835811696 85.5562784077985,28.0095830443173 85.5564293786324,28.0094521910277 85.5566195485121,28.0093658955867 85.5568206065592,28.0092090800259 85.5569223121295,28.0090423917549 85.5571437336503,28.0088504723984 85.5573644485568,28.0087115208866 85.5575459633556,28.0085280112322 85.5574791580417,28.0083154075078 85.5573118254945,28.0081812120741 85.5570451423699,28.0080371441802 85.5567284903485,28.0079102096319 85.5564985357276,28.0079960874817 85.5562782921741,28.0080997254862 85.5559784732095,28.0082025271087 85.5556889539037,28.0082789484804 85.5555185612824,28.0083742798005 85.5552779510538,28.0085130191803 85.5551279228142,28.0085732469734 85.5549363392292,28.008765476725 85.5549157383543,28.0088182357381 85.5546339242854,28.0090624919163 85.55462374161,28.0090800433677 85.5545235648845,28.0091319654442 85.5543442839485,28.0091477383513 85.5540259814283,28.0091443899567 85.5537073251464,28.0091675248988 85.5535665344435,28.0092808237303 85.5536153256845,28.0093519713252 85.5537237988508,28.0094237469473 85.5540707639797,28.0095156902695 85.5542499276544,28.0095087457705 85.5544292091988,28.0094929730102 85.5546292097302,28.0094156130345 85.5547987798101,28.009382079121 85.5549072538348,28.0094538538389 85.5549954805137,28.0095519034044 85.5549897155951,28.0095975941405 85.5549345538557,28.0096205781913 85.5548590751298,28.0096538776292 85.5548213357668,28.0096649774418 85.5548035760666,28.0096805171795 85.5548102359542,28.0097093766923 85.5548168958418,28.0097559959054 85.5548035760666,28.0097892953433 85.5547835964039,28.0098248147438 85.5547875695701,28.0098618976353</coordinates></LinearRing></outerBoundaryIs></Polygon></MultiGeometry>
  </Placemark>
  <Placemark>
	<Style><LineStyle><color>ff0000ff</color></LineStyle><PolyStyle><fill>0</fill></PolyStyle></Style>
      <MultiGeometry><Polygon><outerBoundaryIs><LinearRing><coordinates>85.504277389647,28.0698495460279 85.5043481703501,28.06976541232 85.5043487048269,28.0697268249273 85.5043146507244,28.0696724233068 85.5042454735991,28.0696407948265 85.5041759757943,28.0696323187469 85.5040714618241,28.0696388982566 85.503975220747,28.0696764424358 85.5039828521248,28.0697537120486 85.5039908042747,28.069807829229 85.5041206718317,28.0698555566274 85.504277389647,28.0698495460279</coordinates></LinearRing></outerBoundaryIs></Polygon></MultiGeometry>
  </Placemark>
  <Placemark>
	<Style><LineStyle><color>ff0000ff</color></LineStyle><PolyStyle><fill>0</fill></PolyStyle></Style>
      <MultiGeometry><Polygon><outerBoundaryIs><LinearRing><coordinates>85.5019189643178,28.0623367397676 85.5019116557942,28.0622363176014 85.5019655682026,28.0621134076214 85.501931945677,28.0620281355753 85.5017247522045,28.0619100945411 85.5016736229775,28.0618323499989 85.5016674922523,28.0616470355634 85.501651805205,28.0615233659881 85.5016188254096,28.0613917890052 85.5016386874142,28.0612144769276 85.5015883079321,28.0610827100113 85.5015894855196,28.060997817747 85.5014951785912,28.0608964458849 85.5014703637023,28.0608035512314 85.5014199845958,28.060671784261 85.501228266551,28.0606928471262 85.501078976847,28.0607915594783 85.5009462298262,28.0609522014786 85.5008901748469,28.0612294605754 85.5008891038031,28.0613066353338 85.5011913517395,28.0614720273553 85.5013638511271,28.0615819717516 85.5014054235253,28.0617213612384 85.5013767539787,28.0619062957475 85.5012361626327,28.0620051031751 85.5012348776343,28.0620977128894 85.5013643064403,28.0621763124495 85.5015806282139,28.0622635790888 85.5015964223041,28.0623795311833 85.5016645234967,28.0624883355948 85.5017687094393,28.0625049100834 85.5019593603146,28.0625610213708 85.5020365901208,28.0626390506462 85.5021837412789,28.062694686921 85.5022365834957,28.0626489516299 85.5022202536137,28.062571586981 85.5021689096941,28.0625092775628 85.502074172852,28.0624387759635 85.5019963009717,28.0624070515825 85.5019189643178,28.0623367397676</coordinates></LinearRing></outerBoundaryIs></Polygon></MultiGeometry>
  </Placemark>
  <Placemark>
	<Style><LineStyle><color>ff0000ff</color></LineStyle><PolyStyle><fill>0</fill></PolyStyle></Style>
      <MultiGeometry><Polygon><outerBoundaryIs><LinearRing><coordinates>85.5461886342924,28.0775748004831 85.5462996737633,28.0777303512001 85.5464123763474,28.0777624199812 85.5465337804146,28.0777945808396 85.5468391610186,28.0777360654138 85.5469973446182,28.077621959711 85.5471554240158,28.0775155714303 85.547392854093,28.0773328357834 85.5475345683644,28.0771490866043 85.5477724122905,28.0769354797514 85.5480474480681,28.076544735396 85.5482759656199,28.0763773412397 85.5484860421868,28.0762869388441 85.5487560937027,28.0762666389078 85.5489551861934,28.0763459315246 85.5490936809866,28.0764014269904 85.5493283052344,28.0764270636911 85.5495294723974,28.0763520029393 85.5496954193494,28.0763074445525 85.5497998350066,28.0763085480602 85.5499913673894,28.0763028533216 85.5502274427474,28.0762204416572 85.5504194931364,28.0761761581575 85.5506743174661,28.0759936003102 85.5506934814144,28.0758625843517 85.5505908276441,28.0757302817873 85.5505225646374,28.0756292173181 85.5504442533615,28.0756283901254 85.5502088013335,28.0756644964363 85.5500869837718,28.0756632093929 85.5498437633532,28.0756297644615 85.5496352444082,28.075604404594 85.5494368786034,28.075471089586 85.5493773180847,28.0753701165653 85.5493872637296,28.0752775969977 85.5495191300301,28.0751786474335 85.5496602156996,28.0750412015426 85.5495133321756,28.0749624618335 85.5492966319518,28.0748984213839 85.5491664252606,28.0748738886858 85.5490528949401,28.0749035632625 85.5488964810155,28.0748864719392 85.5487752868613,28.0748388779997 85.5485411850222,28.0747746523482 85.5482805648563,28.0747410206712 85.5480537116112,28.0747849330054 85.5478776119658,28.0749374441446 85.5478243667286,28.0750140679338 85.5476392537022,28.0751896395279 85.5474632566479,28.0753344324576 85.5473135705089,28.0754640662325 85.5472507925298,28.0756023386282 85.5470564569509,28.0758164053356 85.546828873816,28.0759143388725 85.5466106149672,28.0759660584604 85.5464877581445,28.076041944393 85.546311238546,28.0762253238052 85.5462056798697,28.076309111433 85.5459940422826,28.0765152745034 85.5459658593343,28.0766693502235 85.5460226106398,28.0769787002366 85.5461162465778,28.0771340666869 85.5461657522857,28.0773352778359 85.5461886342924,28.0775748004831</coordinates></LinearRing></outerBoundaryIs></Polygon></MultiGeometry>
  </Placemark>
  <Placemark>
	<Style><LineStyle><color>ff0000ff</color></LineStyle><PolyStyle><fill>0</fill></PolyStyle></Style>
      <MultiGeometry><Polygon><outerBoundaryIs><LinearRing><coordinates>85.5613039793982,28.0802735767973 85.561455405006,28.0800127271678 85.5615533858799,28.0798439420047 85.5616420477501,28.0797213715365 85.5617569170992,28.0795913569599 85.5618277639908,28.0794994746022 85.5619952537363,28.0793391363393 85.5620846343503,28.0791625418678 85.562165621504,28.0789627031382 85.5623421198217,28.0787793025619 85.5624399953452,28.0786182343131 85.56248535307,28.0784797720532 85.5624777821128,28.0783947865245 85.5622865542267,28.0783773455733 85.5620156762013,28.0784594133855 85.5618231115657,28.0785423014696 85.5617092718201,28.0785951394931 85.5615798800815,28.0785088769837 85.5615803942994,28.078470288649 85.5615811142028,28.07841626498 85.5615732354319,28.0783544324285 85.5617665197054,28.0782175210126 85.5619333905598,28.0781034887368 85.5619447652596,28.0779029205415 85.5617999248505,28.0776698401697 85.5615659109907,28.0775979185862 85.5614173691672,28.0776426738799 85.5614320979596,28.0778435156744 85.561465052567,28.0779827985708 85.5614117122696,28.07806714557 85.5613057514524,28.0781818158297 85.5611489187088,28.0781956088994 85.5609607780597,28.0779466361569 85.5609377602231,28.0777148324306 85.5606971035122,28.0774884648263 85.5605763124368,28.0774100103686 85.5604026954325,28.0773773140864 85.5602534329565,28.0774760917606 85.5600769334512,28.0776594896308 85.5597966335438,28.0777954853987 85.5596037596125,28.0779015233392 85.5593847808733,28.0780072869361 85.5591944814804,28.0779203827813 85.5589521796809,28.0778174947852 85.5587518399836,28.0778308282169 85.5586917541264,28.0777684471915 85.5585452721662,28.0776588461697 85.5582063280692,28.0776244103194 85.5579271601934,28.0776755079726 85.5577087991094,28.077734962925 85.5575580899976,28.0779417847085 85.5575315730756,28.077972380915 85.5574780235114,28.078072161578 85.5576225454926,28.0783283991348 85.557820823942,28.0784694204781 85.5581323257966,28.0786039125885 85.5584345085015,28.0787846185383 85.5586506041968,28.0788949509491 85.5587193921787,28.0789574234034 85.5587870467378,28.0791047900505 85.5588804970855,28.0792755838073 85.5590268784902,28.0793929021973 85.5590776456537,28.0795014976698 85.5591019990175,28.0796329719725 85.5591520452008,28.0797955910213 85.5592207310163,28.0798657809056 85.5596544736292,28.079970678231 85.559966600006,28.0800588604363 85.5602257963621,28.0802005177459 85.5605192854607,28.0803811280509 85.5606402855549,28.0804441473244 85.5609622477434,28.0804475243337 85.5610753696066,28.0804487106713 85.5613039793982,28.0802735767973</coordinates></LinearRing></outerBoundaryIs></Polygon></MultiGeometry>
  </Placemark>
  <Placemark>
	<Style><LineStyle><color>ff0000ff</color></LineStyle><PolyStyle><fill>0</fill></PolyStyle></Style>
      <MultiGeometry><Polygon><outerBoundaryIs><LinearRing><coordinates>85.5567510206968,28.0777712050598 85.5571646308752,28.0774282114792 85.5573409284738,28.0772602528274 85.5574664609751,28.076983697938 85.5575289175957,28.0768685734023 85.5574523584121,28.0767365500423 85.5571103230016,28.0769336412163 85.55691631331,28.0771245695313 85.5567228188571,28.0772769092825 85.5565290142603,28.07745240169 85.5563615197681,28.077612733129 85.5562118405688,28.0777423768517 85.556202932674,28.0777577205969 85.5560713786384,28.0778335237138 85.5559048120975,28.0779243957042 85.5558426628702,28.0780163664525 85.5559289548123,28.0780713057391 85.5559634509655,28.078094824969 85.5560157630422,28.0780876567322 85.5567510206968,28.0777712050598</coordinates></LinearRing></outerBoundaryIs></Polygon></MultiGeometry>
  </Placemark>
  <Placemark>
	<Style><LineStyle><color>ff0000ff</color></LineStyle><PolyStyle><fill>0</fill></PolyStyle></Style>
      <MultiGeometry><Polygon><outerBoundaryIs><LinearRing><coordinates>85.5513860723427,28.0806709448118 85.551623194279,28.0811597276124 85.5516132497623,28.0812522473165 85.5517427398345,28.0813308013896 85.5519681561527,28.0813949302863 85.552113497124,28.0815894321575 85.5523025544317,28.0817689576995 85.5525823561163,28.0816715662193 85.5528106712583,28.0815196000393 85.5528299374076,28.0813808661905 85.5529901899139,28.0811124009083 85.552880689432,28.0808410906731 85.5529700860424,28.0806645027781 85.552955476374,28.0804559430904 85.5529137271311,28.0803242844437 85.5528892777707,28.080200526965 85.5525768470514,28.0801354817607 85.5522975669845,28.080194285232 85.5520695646473,28.0803230977665 85.5518695305454,28.0803132680418 85.5516602770563,28.0803419343329 85.5514406646038,28.0804939905202 85.5513860723427,28.0806709448118</coordinates></LinearRing></outerBoundaryIs></Polygon></MultiGeometry>
  </Placemark>
  <Placemark>
	<Style><LineStyle><color>ff0000ff</color></LineStyle><PolyStyle><fill>0</fill></PolyStyle></Style>
      <MultiGeometry><Polygon><outerBoundaryIs><LinearRing><coordinates>85.5543702326432,28.0885369234721 85.5539015492811,28.0884393591818 85.5535184412514,28.0884507577023 85.5530833263949,28.0884461692028 85.5526979408764,28.0886273531918 85.5525570474087,28.0887493661767 85.5526243883283,28.0889198884491 85.5529536279141,28.089031423755 85.553161242257,28.0891262381625 85.5532650495695,28.089173645253 85.5536133507399,28.0891618805332 85.5540495028651,28.0890892911655 85.5541895678396,28.0890290176466 85.5545053338451,28.0888470958959 85.5545250131493,28.0886774913944 85.5543702326432,28.0885369234721</coordinates></LinearRing></outerBoundaryIs></Polygon></MultiGeometry>
  </Placemark>
  <Placemark>
	<Style><LineStyle><color>ff0000ff</color></LineStyle><PolyStyle><fill>0</fill></PolyStyle></Style>
      <MultiGeometry><Polygon><outerBoundaryIs><LinearRing><coordinates>85.5522692080081,28.0829572892284 85.5517765190968,28.0833534631711 85.5517224435617,28.0834918293531 85.551737361683,28.0836772361267 85.5517520727016,28.0838780781505 85.5518034557105,28.0839403702881 85.5518366063987,28.0840642197302 85.5519221759634,28.0841731849879 85.5520953865427,28.084236762796 85.5523759195816,28.0840853486128 85.5528495501924,28.0838124711335 85.553095480418,28.0836452529834 85.5536037080276,28.0833881750783 85.5537812621864,28.083127610091 85.5540118537953,28.0828058540016 85.5540837433097,28.082636799642 85.5544879555924,28.082347747141 85.5549103959911,28.0819971355334 85.5562481402701,28.0808842835236 85.5568110343265,28.0804425186682 85.5571132875408,28.0799671358609 85.5577466109952,28.0794643575768 85.5579257982215,28.0790803040108 85.5577208794182,28.0787848382556 85.5570943689982,28.0787782516427 85.5568140626471,28.0789142410476 85.5564280984151,28.0791417431527 85.5561448997178,28.0794938252514 85.5559501608066,28.0797387754225 85.5557181360361,28.0801685824003 85.5554865225079,28.0805675183154 85.5551177463182,28.0808106348581 85.5546631916122,28.0809602220642 85.5539993811161,28.0811384775357 85.5536301860545,28.0814124604099 85.5533131996436,28.0816869927141 85.5527370212807,28.0818198534753 85.5523309432233,28.0822478181002 85.5524326733802,28.0824495782335 85.5524274975953,28.0828354597883 85.5522692080081,28.0829572892284</coordinates></LinearRing></outerBoundaryIs></Polygon></MultiGeometry>
  </Placemark>
  <Placemark>
	<Style><LineStyle><color>ff0000ff</color></LineStyle><PolyStyle><fill>0</fill></PolyStyle></Style>
      <MultiGeometry><Polygon><outerBoundaryIs><LinearRing><coordinates>85.5191031720922,28.1111679619144 85.5189274944064,28.1110311214578 85.5187532026117,28.1110446759323 85.518663829517,28.1112135202139 85.5185729712318,28.1114904091655 85.5182914722024,28.1117034889623 85.5182031587288,28.11179515808 85.5181844775137,28.1118875797021 85.518198914998,28.1121038572701 85.5182488054138,28.1122742062238 85.5182989081521,28.1124291202022 85.5184190682139,28.1125539167113 85.518713098774,28.1126960289487 85.5192648614031,28.1130879203531 85.5194213241341,28.1131050472993 85.5196476321669,28.1131074909573 85.5199429376405,28.1131569908539 85.5201673385894,28.1132983483886 85.5204070296617,28.1135942431554 85.520542695098,28.113858140534 85.5206628593671,28.1139829352103 85.5209422420073,28.1139242004039 85.5210991298838,28.113910455539 85.5214135407733,28.1138366603328 85.521418840732,28.1138187903474 85.5215358233297,28.1138071044988 85.5217445129159,28.1138247920068 85.5219355824689,28.1138577265087 85.5221103019131,28.1138132981853 85.5221633737903,28.1137521211963 85.5220436312667,28.1135964578101 85.5219415091306,28.113425547018 85.5219085973848,28.1132862568332 85.5217538273732,28.1131456528497 85.5215302714022,28.1129425579205 85.5214283624003,28.1127562118044 85.5212234866283,28.1124606942681 85.5211215785834,28.1122743479486 85.521194811257,28.1120127043399 85.521126025744,28.1119502133777 85.5209389839192,28.1116240132746 85.5209937495642,28.1114393568642 85.5211359786454,28.1112247692801 85.5213648236256,28.111041990158 85.5214902785827,28.1107809094632 85.5211627038297,28.1105458178049 85.5208175108524,28.1103259725992 85.5207512682666,28.1100782617061 85.5205440689801,28.1099525280964 85.5200916779015,28.1099322088898 85.5198311966936,28.1098830854615 85.5196201835449,28.1100351800458 85.5196333520493,28.1103440674586 85.5193692660128,28.1105573376412 85.5191924306198,28.1107561123417 85.5191179218536,28.1111103645822 85.5191031720922,28.1111679619144</coordinates></LinearRing></outerBoundaryIs></Polygon></MultiGeometry>
  </Placemark>
  <Placemark>
	<Style><LineStyle><color>ff0000ff</color></LineStyle><PolyStyle><fill>0</fill></PolyStyle></Style>
      <MultiGeometry><Polygon><outerBoundaryIs><LinearRing><coordinates>85.4787340277339,28.101105927623 85.4787898384004,28.1008518342172 85.4787755894587,28.100627837922 85.4787331631995,28.1005501817158 85.4785001426817,28.1004086626795 85.4783449049085,28.1003065990955 85.4780497667793,28.1002492942511 85.4779452224419,28.1002558526078 85.477908667848,28.1003789438583 85.477976875583,28.1004800421024 85.4780271329009,28.1006195339038 85.4781983609993,28.1008221165494 85.4782140245169,28.1009457872988 85.4782562327303,28.1010388783536 85.4783595799725,28.1011172106475 85.4785064425146,28.1011960256428 85.4786452554949,28.1012284398343 85.478679958754,28.1012365433607 85.4787340277339,28.101105927623</coordinates></LinearRing></outerBoundaryIs></Polygon></MultiGeometry>
  </Placemark>
  <Placemark>
	<Style><LineStyle><color>ff0000ff</color></LineStyle><PolyStyle><fill>0</fill></PolyStyle></Style>
      <MultiGeometry><Polygon><outerBoundaryIs><LinearRing><coordinates>85.5424991140683,28.1464335044296 85.542509597574,28.1463023991281 85.5424956323575,28.1460475355284 85.5425052797886,28.1459781704252 85.5426037725777,28.1457785336157 85.5426225447586,28.1456783910125 85.5425034700047,28.1454687210788 85.5422693254528,28.1453967622355 85.541982731078,28.1453396821084 85.5418356556038,28.1452686491066 85.5415931188406,28.145173443899 85.5412635142854,28.1450773112646 85.541074265396,28.1449054861608 85.5408932008413,28.1447723411486 85.5403290381952,28.1446351149185 85.5402589652924,28.1446652428829 85.5401776736259,28.1448804984968 85.5403756278007,28.1450524175454 85.540694536609,28.1452950924317 85.540840565114,28.1454433018386 85.5409424320216,28.1456373526041 85.540912859104,28.145891752601 85.5409635312402,28.1460080717706 85.5411612795136,28.1461954248223 85.5411946428018,28.1463038409665 85.5411494345684,28.1464268577301 85.5410515661371,28.1465801882322 85.5410148553402,28.1467187326978 85.5411607815386,28.1468746593422 85.5412905493218,28.1469377901828 85.5413683891491,28.1469772121348 85.5416554057291,28.1470034235983 85.5418126541741,28.146966504225 85.5419705297887,28.1468832795296 85.5420669337141,28.1468379936657 85.5422418047792,28.1467858240519 85.542312296663,28.146724825016 85.5424991140683,28.1464335044296</coordinates></LinearRing></outerBoundaryIs></Polygon></MultiGeometry>
  </Placemark>
  <Placemark>
	<Style><LineStyle><color>ff0000ff</color></LineStyle><PolyStyle><fill>0</fill></PolyStyle></Style>
      <MultiGeometry><Polygon><outerBoundaryIs><LinearRing><coordinates>85.5429051312257,28.1434584284841 85.5426596719798,28.1435793160785 85.5426759361164,28.143664394118 85.5427014293905,28.1437109771196 85.5428485034004,28.1437820091492 85.5430136178124,28.1438069210271 85.5433004176656,28.1438485638158 85.5436656828095,28.1438833214322 85.5439759936938,28.1441181787844 85.5441918882666,28.1442516899009 85.5444075746649,28.1444006357629 85.5446936463944,28.1444962984533 85.5448251872137,28.1444282278362 85.5449841000216,28.1442678240509 85.5449959362771,28.1440363904243 85.5449549061429,28.1438507072235 85.5447239975587,28.1435395090086 85.5445513241444,28.1434296138101 85.5441176590515,28.1433015080653 85.5438917026642,28.1432682322949 85.5434918216039,28.1432176700659 85.5432391189728,28.1432304207494 85.5429051312257,28.1434584284841</coordinates></LinearRing></outerBoundaryIs></Polygon></MultiGeometry>
  </Placemark>
  <Placemark>
	<Style><LineStyle><color>ff0000ff</color></LineStyle><PolyStyle><fill>0</fill></PolyStyle></Style>
      <MultiGeometry><Polygon><outerBoundaryIs><LinearRing><coordinates>85.5205064143526,28.1454992349035 85.5203317483823,28.1455359415581 85.5203230416036,28.1455358475225 85.5201489060384,28.1455339666948 85.5199844323001,28.1454627226697 85.519820383291,28.1453606086636 85.5196722621975,28.1453667268876 85.5196107841563,28.1454046555724 85.5195838147152,28.1454661129029 85.5196080244723,28.1456053091916 85.5197716491055,28.145738293244 85.5199969645837,28.1458179133957 85.5201878775882,28.1458662872167 85.5202645412889,28.1459906127827 85.5202881154423,28.1461761136699 85.5204168083352,28.1463164382881 85.5205993338071,28.1463415651923 85.5207308910699,28.1462735183924 85.5209044976155,28.1463139857783 85.5212104035122,28.1462323835169 85.5213072389692,28.1461562427606 85.5215080261753,28.1461198167802 85.5217725167693,28.1458833943315 85.5216699429399,28.1457433527865 85.5214179758003,28.1457020407128 85.5212175074387,28.1457153142349 85.5209309255042,28.1456581904488 85.5207756880936,28.1455484540903 85.5205064143526,28.1454992349035</coordinates></LinearRing></outerBoundaryIs></Polygon></MultiGeometry>
  </Placemark>
  <Placemark>
	<Style><LineStyle><color>ff0000ff</color></LineStyle><PolyStyle><fill>0</fill></PolyStyle></Style>
      <MultiGeometry><Polygon><outerBoundaryIs><LinearRing><coordinates>85.5169879822334,28.1423660395872 85.5169235280879,28.1426200554569 85.5168669295472,28.1429359050449 85.5168807275628,28.1431984865022 85.5170163116638,28.1434701047996 85.5170469917023,28.143771461916 85.5171312938243,28.1439730577162 85.5176536922824,28.1439787107531 85.5177679413026,28.1439027608933 85.5178988596268,28.143881021401 85.518072142383,28.1439446445333 85.5183320669179,28.1440400788343 85.5184819918553,28.1439027654325 85.5184854969397,28.1436480897506 85.5185498419586,28.1434017905117 85.5186059048901,28.1431245273012 85.5184424980114,28.1429761071214 85.5181410615806,28.1427335708329 85.5179952814877,28.1425699035986 85.5178147820272,28.14239814204 85.5177116852777,28.1422966850032 85.5175394681167,28.1421558870751 85.51742798422,28.1420311833079 85.5174301098632,28.1418768344425 85.5173262699442,28.141829399243 85.5172034227273,28.1418975371632 85.5170975630885,28.1419967331957 85.5170444737305,28.1420579073407 85.5170179290286,28.1420884944044 85.5169879822334,28.1423660395872</coordinates></LinearRing></outerBoundaryIs></Polygon></MultiGeometry>
  </Placemark>
  <Placemark>
	<Style><LineStyle><color>ff0000ff</color></LineStyle><PolyStyle><fill>0</fill></PolyStyle></Style>
      <MultiGeometry><Polygon><outerBoundaryIs><LinearRing><coordinates>85.5432901866929,27.8184785478757 85.5434129546327,27.8182406038602 85.5436278858592,27.8178175568999 85.5436919290244,27.8174992466452 85.5436993765811,27.816941100004 85.5436157255072,27.8164883210247 85.5435584215832,27.816301641468 85.5434434595932,27.8159548607045 85.5433879296934,27.8156352890159 85.5434832836122,27.8152109804334 85.5434868302597,27.8149451962611 85.5434305912603,27.8146787813959 85.5431387580958,27.8141440592837 85.5430223803639,27.8139035918691 85.5427903359937,27.8133694999489 85.5424084774887,27.8128604084313 85.5420536748372,27.8125642588638 85.5417558179901,27.8124813670846 85.5414497937802,27.8130097779318 85.5412640467075,27.8134862944255 85.5412576533607,27.8139647055549 85.5411327547224,27.8143621181549 85.5405957526075,27.8142766967999 85.5398804623038,27.8141096417022 85.5393964904703,27.8145298370605 85.5391502345551,27.815058874439 85.5391989931519,27.8158834362955 85.539253799369,27.8162561659203 85.5388908116728,27.8165713105292 85.5384331589349,27.8172576016602 85.5382765723778,27.8177875862201 85.5385979279298,27.8183492125835 85.5389523830041,27.8186719495035 85.53921537958,27.8191266284505 85.5393011482588,27.8194199392066 85.5392346005893,27.8199242952464 85.5391983022986,27.8204023891761 85.5392830044505,27.8207754349638 85.539428563385,27.8210693782402 85.5399353473977,27.8211810674793 85.5402342927491,27.8211842288741 85.5405933826951,27.8211614433344 85.5409222226218,27.8211649192637 85.541401601136,27.8210902386559 85.5416421781827,27.8209864517866 85.5418848856297,27.8207231942217 85.5420667378938,27.8205390399219 85.5424873892673,27.8203839888318 85.5426987793271,27.8202267276237 85.5428510900344,27.8200156782387 85.5429154919203,27.8196707901851 85.5429813127496,27.8192195884889 85.5432901866929,27.8184785478757</coordinates></LinearRing></outerBoundaryIs></Polygon></MultiGeometry>
  </Placemark>
  <Placemark>
	<Style><LineStyle><color>ff0000ff</color></LineStyle><PolyStyle><fill>0</fill></PolyStyle></Style>
      <MultiGeometry><Polygon><outerBoundaryIs><LinearRing><coordinates>85.5536323784458,27.8209265179931 85.5537276984744,27.8205022013131 85.5537030877773,27.8201032103659 85.5535275964852,27.8198089674829 85.5534104853625,27.8196216649558 85.5532040443012,27.8194068440098 85.5528168292675,27.8192964567686 85.5522214138044,27.8191041386728 85.5513530730779,27.8192013587082 85.5508413433594,27.8194618101012 85.5506876365893,27.8197791828742 85.5503819855804,27.8202810353707 85.5501076387878,27.8206768871224 85.5502180359699,27.8213691832508 85.550422709098,27.8217169008917 85.5505362865321,27.8221699905278 85.5506512769519,27.8225167661852 85.5509449329591,27.8229185816575 85.5512104603502,27.8231871904293 85.5515656749719,27.8234567397907 85.5519550195067,27.8234076600794 85.5521699293878,27.8229845992527 85.5522044091282,27.822639392416 85.5522680783314,27.8223476560482 85.5525417168571,27.8220049569521 85.5528737333996,27.8217691980056 85.5536323784458,27.8209265179931</coordinates></LinearRing></outerBoundaryIs></Polygon></MultiGeometry>
  </Placemark>
  <Placemark>
	<Style><LineStyle><color>ff0000ff</color></LineStyle><PolyStyle><fill>0</fill></PolyStyle></Style>
      <MultiGeometry><Polygon><outerBoundaryIs><LinearRing><coordinates>85.5483312923286,27.8193556933029 85.5482444384466,27.8191421226087 85.5482472669652,27.8189294949424 85.5482240906847,27.818424189862 85.5481685457813,27.8181046196276 85.5479339925208,27.8177565845958 85.5474862945154,27.8176987108897 85.5467382448532,27.8177440032353 85.5459289909521,27.8178949755804 85.54562615779,27.818184189599 85.545738649631,27.8187170178012 85.5460027375489,27.8190919496004 85.5466252030841,27.8194972363147 85.5471295115866,27.8197949482527 85.5475170756007,27.8198787728449 85.5479957377329,27.8198572258349 85.5482359527053,27.8197800055668 85.5483312923286,27.8193556933029</coordinates></LinearRing></outerBoundaryIs></Polygon></MultiGeometry>
  </Placemark>
  <Placemark>
	<Style><LineStyle><color>ff0000ff</color></LineStyle><PolyStyle><fill>0</fill></PolyStyle></Style>
      <MultiGeometry><Polygon><outerBoundaryIs><LinearRing><coordinates>85.5239317207556,27.8195488711337 85.5237905204505,27.8189359751302 85.5233774029255,27.8185328270366 85.5232923973761,27.8181863516924 85.5231767796205,27.817892712867 85.5224614969406,27.8177255676987 85.5218920834992,27.8178258006769 85.5217350565468,27.8183823414504 85.5219979791332,27.8188370504368 85.5224989745665,27.8193740530499 85.5227946747098,27.8196164553851 85.5231811370467,27.8197800820441 85.5235683197578,27.8198905513397 85.5238676188906,27.8198671698683 85.5239317207556,27.8195488711337</coordinates></LinearRing></outerBoundaryIs></Polygon></MultiGeometry>
  </Placemark>
  <Placemark>
	<Style><LineStyle><color>ff0000ff</color></LineStyle><PolyStyle><fill>0</fill></PolyStyle></Style>
      <MultiGeometry><Polygon><outerBoundaryIs><LinearRing><coordinates>85.5284981722067,27.8179229504191 85.52880463095,27.8173679933498 85.5288110797909,27.8168895851263 85.5283694907319,27.8163798199768 85.5278631011691,27.8162415112773 85.5270887522456,27.8160205962744 85.5263122535035,27.8159591462986 85.5259837903531,27.8159290579723 85.5256467108522,27.8165368456791 85.5259690734697,27.8170187643056 85.5264711577704,27.8174760184569 85.5270629266854,27.8179342277174 85.5278963590133,27.8182089372716 85.5282241128894,27.818292177768 85.5284981722067,27.8179229504191</coordinates></LinearRing></outerBoundaryIs></Polygon></MultiGeometry>
  </Placemark>
  <Placemark>
	<Style><LineStyle><color>ff0000ff</color></LineStyle><PolyStyle><fill>0</fill></PolyStyle></Style>
      <MultiGeometry><Polygon><outerBoundaryIs><LinearRing><coordinates>85.5286694435015,27.8207424723772 85.5282537915453,27.8205253855393 85.5278719793904,27.8200162559559 85.5276378473246,27.8196416106355 85.5272542476277,27.8192653705551 85.526626118306,27.8192852504888 85.5261409968865,27.8197851308037 85.525927790008,27.8200752567232 85.5257099140076,27.8207108986555 85.5260301342996,27.8213522864511 85.5262930817415,27.8218069880322 85.5267278632255,27.8228217454977 85.5267217625069,27.8232735746752 85.5268028347985,27.8239124082689 85.5273949974977,27.8243440389018 85.5280526926966,27.8243510535764 85.528541411347,27.8235853852449 85.52863898136,27.8230016206129 85.5287030716983,27.8226833193368 85.5287394170952,27.8222052301133 85.5287736119852,27.8218866101333 85.5288099566385,27.8214085208157 85.5288423593541,27.8212227918629 85.5286694435015,27.8207424723772</coordinates></LinearRing></outerBoundaryIs></Polygon></MultiGeometry>
  </Placemark>
  <Placemark>
	<Style><LineStyle><color>ff0000ff</color></LineStyle><PolyStyle><fill>0</fill></PolyStyle></Style>
      <MultiGeometry><Polygon><outerBoundaryIs><LinearRing><coordinates>85.5184653080097,27.8257902421286 85.5181667139612,27.8257604550439 85.5172381477855,27.8258833933204 85.5169049615183,27.8261987971276 85.5169859773667,27.8268376340884 85.5173411145779,27.8271072686149 85.5178504273996,27.8270329926293 85.51824268325,27.8267713845766 85.5184559239481,27.8264812720979 85.5185492201129,27.8262164539434 85.5184653080097,27.8257902421286</coordinates></LinearRing></outerBoundaryIs></Polygon></MultiGeometry>
  </Placemark>
  <Placemark>
	<Style><LineStyle><color>ff0000ff</color></LineStyle><PolyStyle><fill>0</fill></PolyStyle></Style>
      <MultiGeometry><Polygon><outerBoundaryIs><LinearRing><coordinates>85.5123830612399,27.8398663896796 85.512755533458,27.8399634412003 85.5128906241127,27.839925024351 85.512951510156,27.8398459349206 85.512971896843,27.839447426664 85.5129448974387,27.8392344807913 85.5129191667707,27.838928512053 85.5130440182548,27.8385444203908 85.5128075455278,27.83834250806 85.5124300025784,27.8386175482498 85.512108991739,27.8391324336469 85.5121631686523,27.8395450366154 85.5123830612399,27.8398663896796</coordinates></LinearRing></outerBoundaryIs></Polygon></MultiGeometry>
  </Placemark>
  <Placemark>
	<Style><LineStyle><color>ff0000ff</color></LineStyle><PolyStyle><fill>0</fill></PolyStyle></Style>
      <MultiGeometry><Polygon><outerBoundaryIs><LinearRing><coordinates>85.4881149929064,27.8496637925887 85.4888271046275,27.8500703198285 85.4890509993557,27.8500993538813 85.4892612327655,27.8500352021495 85.4893834184268,27.8498504684993 85.4894472737825,27.8495587693841 85.4896307349459,27.8492683797263 85.4898590473116,27.8489784807501 85.4901156030267,27.8488085079908 85.49034023188,27.8487843845753 85.4905641245085,27.8488134160886 85.4908476361672,27.8488563902757 85.4912206685251,27.848913633796 85.4913878856689,27.8487160998457 85.4912706713232,27.8485420370997 85.4910344039852,27.8483267996259 85.4908108801906,27.8482711912543 85.4903782318014,27.8482000035203 85.4897940524757,27.8482733549782 85.4895546581198,27.8482840250384 85.4891949218399,27.8483465402059 85.4888207872776,27.8483690242093 85.4884309647941,27.8484444986337 85.4878927413815,27.8484386004928 85.4872939778313,27.8484851997628 85.4870346517778,27.8488544991828 85.4872232930859,27.8492685834585 85.487460476616,27.8494173831952 85.4877580171623,27.8495269716901 85.4881149929064,27.8496637925887</coordinates></LinearRing></outerBoundaryIs></Polygon></MultiGeometry>
  </Placemark>
  <Placemark>
	<Style><LineStyle><color>ff0000ff</color></LineStyle><PolyStyle><fill>0</fill></PolyStyle></Style>
      <MultiGeometry><Polygon><outerBoundaryIs><LinearRing><coordinates>85.5091287277258,27.7803807510603 85.5089512427074,27.7802459258128 85.5086848347069,27.7800569766088 85.5085682042883,27.7798430614857 85.5083921714973,27.7796019230375 85.5080670889001,27.7793325932062 85.5079519114712,27.7790123650981 85.507535369938,27.7788749567746 85.506998936611,27.7787628340028 85.5062850256267,27.7785158807221 85.505861949564,27.7788568734309 85.5057030910386,27.7795462885153 85.505965859824,27.7800010242591 85.505988114217,27.7805594874716 85.5057745737084,27.7808761628585 85.5051124215964,27.7812145673993 85.5044779668208,27.7817127604845 85.5043194582956,27.7823755951245 85.5046077473501,27.7831495936645 85.5048114790354,27.7835505285368 85.5050115766164,27.784217243893 85.5056329616564,27.7846758599576 85.5063195691399,27.7847364482371 85.5069489509425,27.7846103406213 85.5074613359612,27.7842968921574 85.5072612231341,27.7836301797669 85.5069372211869,27.7832811127629 85.5067644549327,27.7828007693714 85.5066222998245,27.782267592562 85.5064848670393,27.7813889002899 85.5067549050661,27.7813120726184 85.5073212336949,27.7814245195903 85.5077709333373,27.7813230485313 85.5081014622902,27.7811937073478 85.5087013013041,27.7810406900372 85.508973149828,27.780830967259 85.5091247402306,27.7806731105832 85.5091287277258,27.7803807510603</coordinates></LinearRing></outerBoundaryIs></Polygon></MultiGeometry>
  </Placemark>
  <Placemark>
	<Style><LineStyle><color>ff0000ff</color></LineStyle><PolyStyle><fill>0</fill></PolyStyle></Style>
      <MultiGeometry><Polygon><outerBoundaryIs><LinearRing><coordinates>85.5087782557449,27.7929236852223 85.5087826090011,27.7926047481762 85.5089072324717,27.7922339453141 85.5089742591135,27.7917030286135 85.5087092751851,27.7914077662987 85.5080820329947,27.791374411863 85.5075145631836,27.7913417003528 85.5068235546903,27.7916000532432 85.5063114960252,27.7918869195494 85.5055628904875,27.7919851512537 85.5047552390909,27.7920295758205 85.5041549704097,27.7922091512148 85.5041498759317,27.7925812436683 85.503904962866,27.7930039029941 85.5036866580946,27.793666087713 85.5040402011069,27.7940420643159 85.5046062279322,27.7941811027234 85.5051740746628,27.7941872486763 85.5057714447319,27.7942202936257 85.5063979752512,27.7943068152586 85.507056572945,27.7942341887336 85.5078350797519,27.7941362723503 85.5080151259001,27.7940850530907 85.5083158073002,27.7939553903262 85.5087782557449,27.7929236852223</coordinates></LinearRing></outerBoundaryIs></Polygon></MultiGeometry>
  </Placemark>
  <Placemark>
	<Style><LineStyle><color>ff0000ff</color></LineStyle><PolyStyle><fill>0</fill></PolyStyle></Style>
      <MultiGeometry><Polygon><outerBoundaryIs><LinearRing><coordinates>85.5112104686809,27.7943056018609 85.5114732933796,27.7947603284691 85.5116522527893,27.7947888387872 85.511860737188,27.7948442489667 85.5120706698249,27.7947933463633 85.5125820046719,27.7945596150135 85.5129154636394,27.7942176388455 85.5131031043673,27.793608272037 85.513378593943,27.7931327604443 85.5135644219316,27.7926562834699 85.5133602805004,27.7922819382483 85.5127038682123,27.7921951266587 85.512254127106,27.7922966120575 85.511800764904,27.7926638772045 85.511404637584,27.7932178316603 85.5111867394102,27.7938534518613 85.5112104686809,27.7943056018609</coordinates></LinearRing></outerBoundaryIs></Polygon></MultiGeometry>
  </Placemark>
  <Placemark>
	<Style><LineStyle><color>ff0000ff</color></LineStyle><PolyStyle><fill>0</fill></PolyStyle></Style>
      <MultiGeometry><Polygon><outerBoundaryIs><LinearRing><coordinates>85.5120019754334,27.7603156487932 85.5116485073801,27.7599396939844 85.5110560233795,27.7595611643953 85.510341863549,27.7593408141896 85.5096277067564,27.7591204603993 85.5087357395617,27.7587918566865 85.5081389234495,27.7587322537183 85.5070648014698,27.758614330665 85.5064053310783,27.7587667005562 85.5056890089223,27.7587057959507 85.5052153345662,27.7583816902958 85.5051045422031,27.7577425219452 85.5049952035277,27.7569970407853 85.5044646917842,27.7564596613402 85.5039859433899,27.7565076462792 85.5034991976037,27.7571403490892 85.5019528963772,27.756591961939 85.5016606837965,27.7561103180371 85.5008926410859,27.7554640228218 85.4992217709955,27.7552864043983 85.497182176224,27.7558490563471 85.4971683050264,27.7568590236119 85.4975624870952,27.7586177229988 85.4975500777444,27.7595213777233 85.4981942398075,27.7604853303229 85.4992596168018,27.7612411968835 85.5004386906638,27.7624236017891 85.5004889740863,27.7631152806107 85.5005363432771,27.7640195841553 85.5020193428785,27.7648331240249 85.5033369114723,27.7646347390035 85.5041786000907,27.7642717002798 85.5049590734888,27.764014322545 85.5057971218199,27.7639170551359 85.5066329918056,27.7639792516177 85.5078266795074,27.7640984700977 85.5090247175855,27.7638987399607 85.5096863888791,27.7635868894874 85.5107022538602,27.7635978374458 85.5118455877256,27.7630253433467 85.5123243626886,27.7629773322067 85.5133380559777,27.7631477301036 85.5141724826073,27.7633161939829 85.5148305283576,27.7632701008707 85.5160299897038,27.7629639959839 85.5172258422049,27.7629236634583 85.5187730361808,27.7634187290843 85.5196636350403,27.7638535837673 85.5217580103601,27.7636633379883 85.5226572389482,27.7634602931717 85.5233203069957,27.7630420622877 85.5233901091648,27.7622985059723 85.5226802108239,27.761759277443 85.5214958652716,27.7609491501808 85.5207341359758,27.7598245493007 85.5200271430619,27.7590726812558 85.5195577378314,27.7584296828536 85.5184303261656,27.757832797787 85.5177147204637,27.7577187988132 85.5171207850273,27.7574466080579 85.5158681229961,27.7572736741579 85.5150279675302,27.7575304748536 85.514482968357,27.7580562636018 85.5141121729555,27.7589560726168 85.5139271338585,27.7593793983419 85.5135023518751,27.7598533105381 85.5130207010595,27.7601139524496 85.5125980803757,27.7604283920022 85.5120019754334,27.7603156487932</coordinates></LinearRing></outerBoundaryIs></Polygon></MultiGeometry>
  </Placemark>
  <Placemark>
	<Style><LineStyle><color>ff0000ff</color></LineStyle><PolyStyle><fill>0</fill></PolyStyle></Style>
      <MultiGeometry><Polygon><outerBoundaryIs><LinearRing><coordinates>85.5344520590385,27.7708162157431 85.5334482349135,27.769901771729 85.5328015631869,27.7690974413232 85.5322708537845,27.768560161959 85.5314413507617,27.7680197065003 85.5310323140322,27.7673242217751 85.5308637462844,27.76652496288 85.5306930385203,27.7658851745126 85.5301068824531,27.7650283109915 85.5294005055159,27.7642233307601 85.5283320201486,27.7636803151223 85.5277920582553,27.7638340591971 85.5273039800319,27.7645731629609 85.5258035888624,27.7650356504995 85.5248367080073,27.7658228022646 85.5246473946552,27.7665650836616 85.5248180675474,27.7672048781113 85.5251082612428,27.7678459477051 85.5254006083477,27.768327546476 85.5254524844222,27.7689129083729 85.5256238817131,27.7694995451827 85.5271042897284,27.7705254524844 85.5283499716776,27.7712298589154 85.5292385288872,27.7718241258187 85.5299506680229,27.7722038531444 85.5305375729301,27.7730075610528 85.5323218854923,27.7736644942087 85.5333371414447,27.7737284363621 85.5341759604485,27.7735778419463 85.5349016620021,27.7729475627664 85.5352068835047,27.7724723173461 85.5353285441363,27.7723141131337 85.5344520590385,27.7708162157431</coordinates></LinearRing></outerBoundaryIs></Polygon></MultiGeometry>
  </Placemark>
  <Placemark>
	<Style><LineStyle><color>ff0000ff</color></LineStyle><PolyStyle><fill>0</fill></PolyStyle></Style>
      <MultiGeometry><Polygon><outerBoundaryIs><LinearRing><coordinates>85.5041388868864,27.7759142095586 85.5049842960705,27.7752853887444 85.5055308821834,27.7746533313993 85.5053632203645,27.7738008927952 85.5042306474359,27.7735759835324 85.5036891518625,27.7738359423816 85.5030237625402,27.7744135414735 85.5027788894202,27.7748362013015 85.5027730660752,27.7752614506193 85.5028874968263,27.7756348386267 85.5031819461107,27.7759570123803 85.5033007450777,27.7760114630833 85.5041388868864,27.7759142095586</coordinates></LinearRing></outerBoundaryIs></Polygon></MultiGeometry>
  </Placemark>
  <Placemark>
	<Style><LineStyle><color>ff0000ff</color></LineStyle><PolyStyle><fill>0</fill></PolyStyle></Style>
      <MultiGeometry><Polygon><outerBoundaryIs><LinearRing><coordinates>85.5396603945712,27.7657143764679 85.5394291676805,27.7651271227099 85.5390805568784,27.7643791342368 85.5386658018652,27.7641089273383 85.5378284821107,27.76415323805 85.5374002266787,27.7648930120602 85.537391697144,27.7655308969433 85.5376826725605,27.7661187858739 85.5382133982965,27.766656045203 85.5388081497057,27.766874991816 85.5394071628201,27.7667749933051 85.5396490389724,27.7665648903902 85.5397109272805,27.7664060503507 85.5396603945712,27.7657143764679</coordinates></LinearRing></outerBoundaryIs></Polygon></MultiGeometry>
  </Placemark>
  <Placemark>
	<Style><LineStyle><color>ff0000ff</color></LineStyle><PolyStyle><fill>0</fill></PolyStyle></Style>
      <MultiGeometry><Polygon><outerBoundaryIs><LinearRing><coordinates>85.6117629631768,27.8344823053683 85.6114710782051,27.8339211357897 85.6113874725435,27.8334418089713 85.6114825829409,27.8330174452713 85.6116371513883,27.8326202621267 85.6117016848693,27.832248755685 85.6112888587226,27.8317926993212 85.6106640399873,27.8315471683174 85.6102199680906,27.8311971245188 85.6094198326931,27.8306308321871 85.6085568586129,27.8303031446934 85.6082932029315,27.8298751660231 85.6080329408112,27.829181395799 85.6077991872336,27.828753717791 85.6072691763291,27.8281103902539 85.6067646560213,27.8278128909452 85.6061684096141,27.8276739587977 85.6053588075549,27.8278518588283 85.6049619865736,27.8284858292335 85.6048046812266,27.8290956370578 85.6041115960086,27.8295139496544 85.6037782993055,27.8298561510828 85.6035955104102,27.8301201269212 85.6024634800876,27.8297896795449 85.6018057306184,27.8297830181371 85.6012930393588,27.8301233959441 85.6011628820593,27.8309461338334 85.6012172246311,27.8313720042558 85.6010880874981,27.8321150047932 85.6011379986795,27.8328864024283 85.6017600756045,27.8333446082105 85.602598941321,27.8332201919277 85.6031670157573,27.8332259425327 85.6032842278191,27.8334132061736 85.60336745726,27.8339191156462 85.6041359830422,27.8346180353747 85.6044876296699,27.8351798237942 85.6048987385598,27.8357687949712 85.6053421307139,27.8361720138331 85.6057270862026,27.8364683109932 85.6058728464789,27.8367621909419 85.6058069306472,27.8372400098202 85.6057104345382,27.8377706846239 85.6058820187028,27.8383838152782 85.606839841102,27.8383137408633 85.6076532526974,27.8378434653479 85.6079862239578,27.8375278344672 85.6086226000635,27.8368696895017 85.6089579387412,27.836368002378 85.6095576251293,27.8362411331584 85.6100645627971,27.8363525698575 85.6105130569072,27.8363570862136 85.6109632438229,27.8362287055321 85.6115381038755,27.8357028398035 85.611782374394,27.8353065591759 85.6118751171351,27.8350682492395 85.6117629631768,27.8344823053683</coordinates></LinearRing></outerBoundaryIs></Polygon></MultiGeometry>
  </Placemark>
  <Placemark>
	<Style><LineStyle><color>ff0000ff</color></LineStyle><PolyStyle><fill>0</fill></PolyStyle></Style>
      <MultiGeometry><Polygon><outerBoundaryIs><LinearRing><coordinates>85.6173364899381,27.8382863979388 85.6175233045704,27.8377034532813 85.6177373217669,27.8373334412498 85.6178945694601,27.8367236171989 85.6171507818865,27.8364237579793 85.6165820130719,27.8364712226798 85.6159487217923,27.8368901936926 85.6157951741936,27.8372076442771 85.6157880892027,27.8377658067644 85.615694677506,27.8380572777929 85.6155414648353,27.8383481487965 85.6156271162826,27.8386679986078 85.6158340567417,27.8388561522788 85.6159197093867,27.839176001931 85.6160668502834,27.8393635554787 85.6163057170596,27.839392533384 85.616695435373,27.8393166929511 85.6170569381895,27.839107655878 85.6173364899381,27.8382863979388</coordinates></LinearRing></outerBoundaryIs></Polygon></MultiGeometry>
  </Placemark>
  <Placemark>
	<Style><LineStyle><color>ff0000ff</color></LineStyle><PolyStyle><fill>0</fill></PolyStyle></Style>
      <MultiGeometry><Polygon><outerBoundaryIs><LinearRing><coordinates>85.6147034309583,27.8407587494746 85.6141037244407,27.8408856402981 85.6131435151875,27.8411418183279 85.6130507694044,27.8413801288267 85.613851676793,27.8418932445323 85.6142111665344,27.8418436902837 85.6147520890829,27.8416364614411 85.6149647732751,27.8413727711002 85.6149983882211,27.8410807006542 85.6149997387176,27.8409743840802 85.6147034309583,27.8407587494746</coordinates></LinearRing></outerBoundaryIs></Polygon></MultiGeometry>
  </Placemark>
  <Placemark>
	<Style><LineStyle><color>ff0000ff</color></LineStyle><PolyStyle><fill>0</fill></PolyStyle></Style>
      <MultiGeometry><Polygon><outerBoundaryIs><LinearRing><coordinates>85.6150872229434,27.8387954941019 85.6143760320641,27.8382832866601 85.6134834200156,27.8379287482338 85.6130638047939,27.8380042792043 85.6127610844615,27.8382936442478 85.6127539836182,27.8388518059293 85.6130482538838,27.8392269192254 85.6136129827539,27.8394984193001 85.6142976546643,27.8397445390893 85.6148056270651,27.8397762216437 85.6149860435162,27.839698284957 85.615108346473,27.8394868521269 85.6151997358191,27.8393548565702 85.6150872229434,27.8387954941019</coordinates></LinearRing></outerBoundaryIs></Polygon></MultiGeometry>
  </Placemark>
  <Placemark>
	<Style><LineStyle><color>ff0000ff</color></LineStyle><PolyStyle><fill>0</fill></PolyStyle></Style>
      <MultiGeometry><Polygon><outerBoundaryIs><LinearRing><coordinates>85.6148258016087,27.8546626290106 85.6156328906294,27.8546973135343 85.6159060841506,27.8543810650767 85.6162720271713,27.8538265039725 85.616364440377,27.8536147709638 85.6167320652295,27.852927312822 85.617099010745,27.852293011714 85.6172848424065,27.8517898068232 85.6174747182361,27.8509676519952 85.6175785888423,27.849852227275 85.6176814455629,27.8488165396563 85.6176962766886,27.8476470572317 85.6178153057394,27.8453355695983 85.61773503565,27.8445904544694 85.6174115074713,27.8441618924094 85.6172035431388,27.8440534782537 85.616846070368,27.8439435651544 85.6163095252896,27.8438052729618 85.6155952591565,27.843532283063 85.6153930364439,27.8429720208958 85.614948903808,27.8426219906468 85.6140814259749,27.8426398629083 85.6135408352102,27.8428205097456 85.613027439129,27.8432140878667 85.612693787338,27.8435828887777 85.612327863327,27.8441374417732 85.6116370764048,27.8443697352077 85.610946286674,27.8446020250686 85.6102286417619,27.8445947984917 85.6097196321863,27.8446428355497 85.6092045186001,27.8451692938488 85.6088993934117,27.8456447024391 85.6085045587092,27.8461192055338 85.6082296694307,27.8465683349004 85.6080135645912,27.8470978041235 85.6076190601091,27.8475457252192 85.6077502407399,27.8489825018666 85.6084635024483,27.8493352698758 85.6089976886149,27.8496596464066 85.6093840569435,27.8498496187112 85.6103990749235,27.8499927585399 85.6112659335611,27.8500280697302 85.6116815337106,27.8502714949317 85.6120053942708,27.8506734908318 85.611697894483,27.8513349586029 85.6114532464249,27.8517578159365 85.6112041931777,27.8525262004846 85.6113438916261,27.8532984983047 85.6116667435366,27.853780232278 85.6124089387315,27.854213019393 85.613125632819,27.8542999741289 85.6141104555207,27.8544693666534 85.6148258016087,27.8546626290106</coordinates></LinearRing></outerBoundaryIs></Polygon></MultiGeometry>
  </Placemark>
  <Placemark>
	<Style><LineStyle><color>ff0000ff</color></LineStyle><PolyStyle><fill>0</fill></PolyStyle></Style>
      <MultiGeometry><Polygon><outerBoundaryIs><LinearRing><coordinates>85.6194322758291,27.8097310617683 85.6197365765168,27.8093087808333 85.6198383490773,27.8083528215523 85.6197953641517,27.807023257762 85.6196831893009,27.8064373175205 85.6194558185118,27.8055046507274 85.6196106507792,27.8050808753251 85.6201604465033,27.8041559750607 85.6205056984047,27.8028568715193 85.6203740411185,27.8014466729647 85.6198168761423,27.80059045986 85.6198521399131,27.8001654888588 85.6197403060006,27.7995529689854 85.6194226063121,27.7986725644049 85.6188929988595,27.7980027022312 85.6188087085315,27.797576536011 85.6189400263598,27.7966474539224 85.6195472080003,27.7959092068655 85.6197208304419,27.7939969853034 85.6198158673106,27.7935726110936 85.6200633642473,27.7929105151235 85.6202806347184,27.7922746994416 85.6202416693971,27.7906261800679 85.6206090399724,27.7899386969692 85.6211842721745,27.7893596183347 85.6222118206996,27.7884660552673 85.6226103977515,27.7876725462213 85.6227168060539,27.7863444681209 85.6224279963688,27.7855441055591 85.6221388555885,27.7847703218963 85.6216660486622,27.7843402818312 85.6211291154926,27.7842551764288 85.6202913155834,27.784326561723 85.618997507843,27.7850047885867 85.6187221543718,27.7855071086425 85.6185633182287,27.786249837834 85.6177218039726,27.7866135801587 85.6171479145374,27.7870863269558 85.6166603145381,27.787825762546 85.6160585472665,27.7881387289396 85.6143523224241,27.78833428937 85.613582017571,27.7877949074309 85.6137459474078,27.7866534953695 85.6138511131486,27.7854317451531 85.6136319196578,27.7838611650677 85.6128650222624,27.783055986626 85.6117001808671,27.7829911228551 85.6113012069498,27.7838111780107 85.6114680244725,27.7847964149163 85.6110710683627,27.7854569930135 85.6111267864206,27.7857765455919 85.6113265302748,27.7865228690637 85.6110558674539,27.7866530619958 85.6109940684885,27.786811936963 85.6105346256521,27.7876845464403 85.6102435372124,27.7870702167526 85.6102197353678,27.7865914887706 85.60971640756,27.7862142673123 85.6090303857708,27.7861010319568 85.6083413194127,27.7862270067621 85.6074447438405,27.7862179734117 85.6064333702972,27.785835618968 85.605672618247,27.7845519756321 85.6048660527791,27.7845172514996 85.6042853329306,27.7855215281425 85.6044853686099,27.7862412805764 85.6050172064142,27.7867251391401 85.6060000527178,27.7870008854994 85.6063546177442,27.7873234544182 85.6066446678479,27.7880175292669 85.6069703680717,27.7882600575781 85.6071755075464,27.788581117832 85.6076459020379,27.7891972606572 85.6084161856288,27.7897366748885 85.6086220089217,27.7900045746488 85.6091233196326,27.7905412760236 85.6100759862934,27.7908432732453 85.6101924921561,27.7910836894734 85.6102122369289,27.7918813685411 85.6104438996046,27.7924685178288 85.6107662418242,27.7929768306323 85.6111117169428,27.7940170288794 85.6108325855701,27.7948117024626 85.6108808709833,27.7957159988638 85.6116250430872,27.795962724349 85.6120723585096,27.7960469674893 85.6121549330447,27.7966060333304 85.6122949224909,27.7973517546276 85.6124661532922,27.7979914588963 85.6129383041484,27.7984746890268 85.6134413607749,27.7988784798389 85.6134957412767,27.7993043485085 85.6133113426386,27.7997012374813 85.6131504199413,27.8006034325578 85.6139567715244,27.8006646919346 85.6147376167711,27.8003801160099 85.6152763074089,27.800332352241 85.6156054321921,27.8003090687407 85.6161152427706,27.8001812641508 85.6168634970445,27.8001090109489 85.6171298127505,27.8003243390626 85.6174240006511,27.800699441847 85.6173904095558,27.8009915152269 85.6167345125464,27.8008520345996 85.6161659297396,27.8008995045197 85.6153521612828,27.8014230025622 85.6152540659334,27.8020865860276 85.6152520438816,27.8022460618034 85.6155401649613,27.8030995957792 85.6158000839659,27.8038199331632 85.61543566597,27.8042681857366 85.6150121371439,27.8046626791476 85.6145234273975,27.8054818398276 85.6146654649812,27.8060680831487 85.6146593951771,27.8065465100697 85.6146822052013,27.8071049746204 85.6141353843308,27.8077906371178 85.6136900441131,27.807546923452 85.613336406273,27.8071446333436 85.6126868950045,27.8065001266889 85.6121495244435,27.8064415621916 85.6113129024024,27.8064065694649 85.6109511623727,27.8066421752116 85.6108859692183,27.8070668415528 85.6111811663854,27.8073622194762 85.6115079468923,27.8075250011956 85.61192170053,27.8079013174537 85.6121863351535,27.8082495513903 85.6123884849869,27.8088098180646 85.6126853795228,27.8089722968187 85.6128915853579,27.8092136119476 85.6131249833163,27.8096678609544 85.6132864444148,27.8110783619543 85.6136672867534,27.811693586474 85.6146241969081,27.8116766075842 85.6150796713361,27.8111229410422 85.6155650336936,27.8105695724832 85.6158965482039,27.8103602345444 85.6163792082265,27.8100194970122 85.6170983110037,27.8098937869877 85.617633682767,27.8101118086608 85.6184706732721,27.8101201848661 85.6194322758291,27.8097310617683</coordinates></LinearRing></outerBoundaryIs></Polygon></MultiGeometry>
  </Placemark>
  <Placemark>
	<Style><LineStyle><color>ff0000ff</color></LineStyle><PolyStyle><fill>0</fill></PolyStyle></Style>
      <MultiGeometry><Polygon><outerBoundaryIs><LinearRing><coordinates>85.6178538899367,27.776167874221 85.6174989882052,27.7758719138148 85.6167858279749,27.7755457846014 85.616431603881,27.7751966627782 85.6159011131132,27.7746065299394 85.6148921696065,27.774038183812 85.6142364365483,27.7738986967757 85.6131002251682,27.773940465389 85.6119599644343,27.7743011770275 85.6114418332469,27.7750934549165 85.6115243936316,27.7756525220874 85.6122069797383,27.776031536559 85.613251540783,27.7761483528241 85.6142675687209,27.7761585441007 85.6152506842294,27.776407643055 85.6155733419483,27.7768893654837 85.6155387464103,27.7772611776624 85.6154729205525,27.7777390079908 85.6156475103996,27.7781129157184 85.6163025977745,27.7783055557572 85.617022835124,27.778073520382 85.6174140129053,27.7778647722691 85.6177175546758,27.7774956497987 85.617930771885,27.7771787888884 85.6180241181648,27.7768873117527 85.6178538899367,27.776167874221</coordinates></LinearRing></outerBoundaryIs></Polygon></MultiGeometry>
  </Placemark>
  <Placemark>
	<Style><LineStyle><color>ff0000ff</color></LineStyle><PolyStyle><fill>0</fill></PolyStyle></Style>
      <MultiGeometry><Polygon><outerBoundaryIs><LinearRing><coordinates>85.6228083645629,27.7648398800004 85.6226666610518,27.7642270624887 85.6219263573552,27.763688027598 85.6213005550883,27.763548873652 85.6205488671249,27.7639135349526 85.6198831254953,27.7645714613248 85.6196685984411,27.7649946448589 85.6197515312544,27.765527129669 85.6205549487946,27.7658009775481 85.6212129885013,27.7657543767749 85.621695764328,27.7653870312985 85.6219673661705,27.7651770762278 85.6228083645629,27.7648398800004</coordinates></LinearRing></outerBoundaryIs></Polygon></MultiGeometry>
  </Placemark>
  <Placemark>
	<Style><LineStyle><color>ff0000ff</color></LineStyle><PolyStyle><fill>0</fill></PolyStyle></Style>
      <MultiGeometry><Polygon><outerBoundaryIs><LinearRing><coordinates>85.5836676433695,27.7365857811087 85.5835814649974,27.7363190716534 85.5833469592505,27.7359710951047 85.5832940919828,27.7354388995184 85.5830005335411,27.7350371522272 85.5821043870512,27.7350279700061 85.581652527684,27.7353157475974 85.5812562776064,27.7359230863084 85.5813699117832,27.7363761574905 85.5816315300004,27.7369370767752 85.5816243008844,27.7374952391876 85.5812575702202,27.7381294628751 85.5807469840972,27.7383368865871 85.5803545077324,27.7386518512927 85.5799300884379,27.7391259829253 85.5799173348271,27.7401094108686 85.5802067587114,27.7408301140985 85.5806805940412,27.7411539691453 85.5809116566133,27.7417677414334 85.5815136003789,27.7414283411975 85.5817900336943,27.7408463569203 85.5819486931208,27.7401302511807 85.5820730033163,27.7397593679534 85.5824081421841,27.7392577319523 85.5828631121509,27.7387307400489 85.5830777226815,27.7383076154148 85.583381604677,27.7379119873414 85.5835354356671,27.7375679875098 85.5836892656478,27.7372239874545 85.5836676433695,27.7365857811087</coordinates></LinearRing></outerBoundaryIs></Polygon></MultiGeometry>
  </Placemark>
  <Placemark>
	<Style><LineStyle><color>ff0000ff</color></LineStyle><PolyStyle><fill>0</fill></PolyStyle></Style>
      <MultiGeometry><Polygon><outerBoundaryIs><LinearRing><coordinates>85.566703295688,27.731626179752 85.5677619493051,27.7329131091684 85.5679095656572,27.7330475504142 85.5682346703429,27.7333167416173 85.5685312951294,27.7334793069232 85.5690974542237,27.7335914945043 85.5698171343603,27.7333862754667 85.5700321298928,27.7329365932116 85.5699171579009,27.732589830566 85.5700411515901,27.7322455380148 85.5700154448024,27.7319262806925 85.5699022087997,27.7314466227828 85.5698501022815,27.7308612661474 85.5694701194296,27.7302193544092 85.5689942816493,27.7300549377365 85.5684521060514,27.7303949030651 85.5681461092831,27.7309499716957 85.5676994457246,27.7308390177319 85.5671336500962,27.7307002459547 85.5667425558705,27.7309088558664 85.5666501629234,27.7311205596037 85.5666470328096,27.7313597707097 85.566703295688,27.731626179752</coordinates></LinearRing></outerBoundaryIs></Polygon></MultiGeometry>
  </Placemark>
  <Placemark>
	<Style><LineStyle><color>ff0000ff</color></LineStyle><PolyStyle><fill>0</fill></PolyStyle></Style>
      <MultiGeometry><Polygon><outerBoundaryIs><LinearRing><coordinates>85.5673888405334,27.7385979231397 85.5676629062283,27.7382020223951 85.5677893473737,27.7376716796413 85.5677928234329,27.7374058896323 85.5679487871557,27.7369024348963 85.5682294484906,27.7360015315052 85.5682113910512,27.7350975358716 85.5675576970416,27.7348249424739 85.567196807524,27.7350072833288 85.5666851685407,27.7352943917555 85.5658459847573,27.7354983550565 85.5655173987373,27.7354949481255 85.5652766861891,27.7356253647636 85.5652707669267,27.7360772073902 85.5657153602228,27.736347643718 85.5658591497187,27.7367744559642 85.5657914001866,27.737385153086 85.5659928470526,27.7379720584922 85.5662269522355,27.7383466414434 85.5664937148198,27.7385089017686 85.5668796197128,27.7386989786217 85.5669393644045,27.7386995975991 85.5673888405334,27.7385979231397</coordinates></LinearRing></outerBoundaryIs></Polygon></MultiGeometry>
  </Placemark>
  <Placemark>
	<Style><LineStyle><color>ff0000ff</color></LineStyle><PolyStyle><fill>0</fill></PolyStyle></Style>
      <MultiGeometry><Polygon><outerBoundaryIs><LinearRing><coordinates>85.562727287021,27.7272785502427 85.5628322351992,27.7261100057146 85.5625742251261,27.7252832647453 85.5620991175262,27.7250656674713 85.5611106627687,27.7252680529425 85.560181592705,27.7254976317886 85.5592862321562,27.725435146823 85.5584214409034,27.7253198094113 85.5574990141564,27.7250443703394 85.5567283850763,27.7245844306355 85.5563446488484,27.724234854124 85.5556921016182,27.7238824710633 85.5555206009767,27.7232958643594 85.5552890159435,27.7227352127234 85.5554485160822,27.7219659832789 85.5556948136104,27.7214103200733 85.5557028704278,27.7207990048536 85.555616421268,27.7205588593439 85.5554435240172,27.7200785681813 85.5550014748951,27.7196220492447 85.5536644761736,27.7190764307773 85.5527702265935,27.7189341690202 85.5521700822844,27.7191405520966 85.5517480833538,27.7194285446138 85.5513548952077,27.7197965850315 85.5507220647851,27.7202152798184 85.5504543156233,27.7201327278309 85.5500737799169,27.7195439252959 85.5497515748447,27.7190620632546 85.5493949326471,27.7189254126276 85.5486141741618,27.7192362169089 85.5482515476921,27.7195514036958 85.5472951031502,27.7195945318554 85.5462448267147,27.7199556579424 85.5457851836014,27.7208280515611 85.5449414913397,27.7213774155505 85.5436718751421,27.7225071071245 85.542744918631,27.7225770958532 85.5407903419256,27.7280324857192 85.5407754728553,27.7291487918651 85.5419318894636,27.7297989626815 85.543429610318,27.7294957491395 85.5445045604412,27.7295336443769 85.545147924187,27.7305771276923 85.5456187840451,27.7311137278433 85.5475287026697,27.7312667050248 85.5479837999914,27.7307398323695 85.5482094451815,27.7294928230736 85.5486912319768,27.7292054702506 85.5494608009248,27.7297451908356 85.550774012205,27.7298387002812 85.5516718609513,27.7297151895992 85.552245707916,27.7292427101709 85.5529414853072,27.7285854257765 85.5538480932069,27.727797428674 85.5544521405427,27.7272986725316 85.5556208892385,27.7270184701197 85.5565169598326,27.7270278213895 85.5572289164024,27.7274074030693 85.5575227085287,27.7277826222403 85.5573382430599,27.7281794374381 85.5578288773845,27.729487098087 85.5595480408994,27.7305151452865 85.5601440439127,27.7306276796309 85.5611360401126,27.7301595136055 85.5616848662979,27.729314577513 85.5617185745356,27.7290225194465 85.5619026770756,27.7286522768734 85.5622045119672,27.7284161704849 85.5624750811116,27.7282860689446 85.562727287021,27.7272785502427</coordinates></LinearRing></outerBoundaryIs></Polygon></MultiGeometry>
  </Placemark>
  <Placemark>
	<Style><LineStyle><color>ff0000ff</color></LineStyle><PolyStyle><fill>0</fill></PolyStyle></Style>
      <MultiGeometry><Polygon><outerBoundaryIs><LinearRing><coordinates>85.4553001474008,28.0809318019225 85.4551866159981,28.0809923810273 85.4550802167922,28.0810975054109 85.4550251149143,28.0812829491192 85.4549915355519,28.0815350866356 85.4549214506603,28.0817203615608 85.4547695318383,28.0818648439364 85.4547453455697,28.0819841841935 85.4548039443444,28.0820778762156 85.4547649656467,28.0821837595823 85.4546498366873,28.08237517216 85.4547160220581,28.082462304522 85.454826870299,28.0825698752997 85.4549472076538,28.0825380047623 85.455030278393,28.0824924241831 85.4551891185255,28.0823878903625 85.4554070332697,28.082343827744 85.4556018082706,28.0823460203458 85.45576690311,28.082327943172 85.4559479311681,28.082243593617 85.4560095728529,28.0821246746201 85.4560564218464,28.0819922988293 85.4560572772908,28.0819325021087 85.45604381545,28.0818260282272 85.4560826026703,28.0817334325975 85.4561133282529,28.0816806171407 85.4561135183424,28.0816673289796 85.4561143737434,28.0816075322546 85.4561187691944,28.0815836155991 85.4561387484893,28.0814749035247 85.4562237186557,28.0812964405412 85.4561807668167,28.0811564090972 85.45607067891,28.0809956867483 85.4560045883004,28.0809019109334 85.4557586129635,28.0808127557825 85.4556459591455,28.0808314232848 85.4553227897926,28.0809008820591 85.4553001474008,28.0809318019225</coordinates></LinearRing></outerBoundaryIs></Polygon></MultiGeometry>
  </Placemark>
  <Placemark>
	<Style><LineStyle><color>ff0000ff</color></LineStyle><PolyStyle><fill>0</fill></PolyStyle></Style>
      <MultiGeometry><Polygon><outerBoundaryIs><LinearRing><coordinates>85.5550149252484,28.1267423085219 85.5547275705462,28.1266333293058 85.5545488043014,28.1265961276948 85.5542801812866,28.126575636352 85.5541022447423,28.1264766390409 85.5538632584174,28.1264741177725 85.5537129438128,28.1265431647565 85.553601274811,28.1267009106266 85.5536296072829,28.1268159882149 85.5538078994552,28.1268885025195 85.5540656173567,28.1269795127598 85.5542535124946,28.1270786151766 85.5543223879215,28.1271411455316 85.554401339729,28.1271949530044 85.5546205304933,28.1271884355011 85.554730421974,28.127163106926 85.5548708974673,28.1270851259723 85.5549613468336,28.1270242757129 85.5550322357174,28.1269367317999 85.5550427855984,28.1268926973867 85.5550635300966,28.1268311121914 85.5550149252484,28.1267423085219</coordinates></LinearRing></outerBoundaryIs></Polygon></MultiGeometry>
  </Placemark>
  <Placemark>
	<Style><LineStyle><color>ff0000ff</color></LineStyle><PolyStyle><fill>0</fill></PolyStyle></Style>
      <MultiGeometry><Polygon><outerBoundaryIs><LinearRing><coordinates>85.5521579532141,28.1296081104287 85.5523144343088,28.1298216622086 85.5523643432847,28.1298133602628 85.5524341683826,28.1298052686536 85.5525139515357,28.1297972821795 85.5526040486271,28.1297629172283 85.5527240198391,28.129728867685 85.5528243120867,28.1296769520071 85.5529052811527,28.1295806866375 85.5529771222063,28.1294225210095 85.5530577351718,28.1293527391359 85.5531775872172,28.1293275170389 85.5532367424894,28.1293722870925 85.553256065682,28.1294166366651 85.5533339514405,28.1295498955908 85.5534031835096,28.12958594282 85.5534923317305,28.1296222002156 85.5535703364731,28.1297466311507 85.5537178108494,28.1298894533878 85.5538568683674,28.1299174080987 85.5539871530336,28.1298569789046 85.5540288815213,28.1297161532264 85.5540304221597,28.1296013909071 85.5540514048411,28.1295221501875 85.5541614173406,28.129487994299 85.5542607607891,28.1295067005081 85.5543195611694,28.1295779537291 85.5543463547216,28.1298077935126 85.5543740962387,28.1299670103146 85.5544510359491,28.1301708916345 85.5545491953734,28.1302778763771 85.5548166431715,28.1303866462552 85.55497692073,28.1303177032645 85.5550475750357,28.130247815212 85.5550913155623,28.1299569153085 85.5548760277419,28.1296721135189 85.5548689122758,28.1294601395411 85.5549399213641,28.1293637678936 85.5551105105867,28.1292684460442 85.5553432156312,28.1289971962319 85.5552952016699,28.1288642532608 85.5552864277154,28.1287758695277 85.5552697086649,28.1285373069196 85.5550409124486,28.1285172367487 85.5546039469737,28.1284243380538 85.5545663659326,28.1282561883748 85.5544095269643,28.1280691226611 85.5543303375765,28.1280329709238 85.5541527541141,28.1279074899869 85.554034444372,28.1278179506597 85.5539367616376,28.1276756541217 85.5537499325035,28.1274971003999 85.5534535677545,28.1273173904498 85.5533069270053,28.1271127729222 85.5533088239139,28.1269715269819 85.5535288439738,28.1269032161058 85.5536880502729,28.1269137252827 85.5539162502053,28.1269779369502 85.5542632333577,28.1270963759614 85.5545407493806,28.1271964232822 85.5548701868927,28.1271380932359 85.5549606363053,28.1270772429791 85.5550911537112,28.1269991568043 85.5553225513358,28.1268250134322 85.5553646318938,28.1266577035395 85.5554267462323,28.1264817756422 85.5554489109603,28.1263142558082 85.5554621832487,28.1260671800921 85.5554966729519,28.125723207551 85.5553889139396,28.1255896349461 85.5552499798761,28.1255528540846 85.5550812912782,28.1255069302992 85.5548322308988,28.1255131337086 85.554613161988,28.1255108238006 85.554334820908,28.1254725719026 85.5537557353358,28.1255812416778 85.5535945160433,28.1257208065116 85.5532240659975,28.1258669919467 85.5530627270286,28.1260153839795 85.5529897028208,28.1262618285285 85.5528782702764,28.1264019180461 85.5527473963098,28.1265064856963 85.5526474628779,28.1265319178414 85.5523742139393,28.1268557096459 85.552362713912,28.1269703667552 85.5524403596582,28.1271212818636 85.5524287410295,28.1272447668433 85.5523470615832,28.127393999215 85.5523154084581,28.1275261016902 85.5523823848179,28.127729878854 85.55239044452,28.1278712298943 85.5521893883751,28.128010372136 85.5520706055862,28.1279561426324 85.5519832392819,28.1277874663966 85.5520141809072,28.1277083312133 85.5521048696553,28.1276298271927 85.5521764731245,28.1274893176686 85.5521473115009,28.1274360349057 85.5519470865936,28.1275133817606 85.5518761948754,28.1276009239632 85.5517058430737,28.1276785860718 85.5515755599232,28.1277390131656 85.5513855293833,28.1277988086665 85.551264135242,28.1279387914576 85.5512219290453,28.1281149276675 85.5512501405207,28.1282388335059 85.5513481762621,28.1283546482493 85.551397253571,28.1284081416659 85.5514958831839,28.1284798170013 85.5515346465512,28.1285596887188 85.5515224330977,28.128727312863 85.551480820528,28.1288593098283 85.5514099275044,28.128946851726 85.5513390343639,28.1290343935816 85.5512875821681,28.1291574573546 85.55128615737,28.1292633916814 85.5513536075991,28.1294318578241 85.5514320845769,28.1295209784404 85.5516608819599,28.1295410546887 85.5518402453176,28.129534120885 85.5519891411664,28.1295710105391 85.5521579532141,28.1296081104287</coordinates></LinearRing></outerBoundaryIs></Polygon></MultiGeometry>
  </Placemark>
  <Placemark>
	<Style><LineStyle><color>ff0000ff</color></LineStyle><PolyStyle><fill>0</fill></PolyStyle></Style>
      <MultiGeometry><Polygon><outerBoundaryIs><LinearRing><coordinates>85.5488604460027,28.1330033444994 85.5486893696792,28.1331339694727 85.5486989711404,28.1331605584686 85.5487383287263,28.1331962916829 85.5488275971193,28.1332237243023 85.5488971867236,28.1332332902836 85.5489770915362,28.1332164781309 85.5491271805906,28.1331650925606 85.5492669543975,28.1331400849453 85.5494660026816,28.1331510210133 85.549614902538,28.1331879133845 85.5497041711746,28.1332153454408 85.5498932613025,28.1332261755076 85.5499840752278,28.1331388453319 85.5499354720523,28.1330500399895 85.5498871066875,28.1329435789312 85.5499271777876,28.1329263447145 85.5502067244233,28.1328763276679 85.5504459622043,28.1328612001314 85.5505955748992,28.1328451243177 85.5506957522737,28.1328020382203 85.5507463755101,28.1327407698005 85.5507175697004,28.1326610031845 85.5506288952476,28.1325894325258 85.5503806503622,28.132533832249 85.5502023515409,28.132461313281 85.5500826142468,28.1324777047571 85.5499533940539,28.1324586793568 85.5498039007069,28.1324659266358 85.5497036044461,28.1325178399316 85.5495934686719,28.1325608199082 85.5494539334839,28.1325681721914 85.5493037265014,28.1326283860091 85.5492133881777,28.1326804043438 85.5491525679529,28.1327592224369 85.5490510817757,28.1328994137032 85.5489306301947,28.1329687712267 85.5488604460027,28.1330033444994</coordinates></LinearRing></outerBoundaryIs></Polygon></MultiGeometry>
  </Placemark>
</Folder>
</Document></kml>
