<?xml version="1.0" encoding="utf-8" ?>
<kml xmlns="http://www.opengis.net/kml/2.2">
<Document id="root_doc">
<Schema name="river_terrace_Oct2021" id="river_terrace_Oct2021">
	<SimpleField name="layer" type="string"></SimpleField>
</Schema>
<Folder><name>river_terrace_Oct2021</name>
  <Placemark>
	<Style><LineStyle><color>ff0000ff</color></LineStyle><PolyStyle><fill>0</fill></PolyStyle></Style>
      <MultiGeometry><Polygon><outerBoundaryIs><LinearRing><coordinates>85.5397167933395,27.8733199980645 85.5397133496861,27.873349726063 85.5397325403592,27.873394576014 85.5397375042414,27.8734120808499 85.5397456238632,27.8734407142137 85.539749809659,27.8734691700836 85.5397689459401,27.8735180782451 85.5397669519859,27.8735532333192 85.5397756864358,27.8735830902916 85.5397859250112,27.8736143161233 85.5397853626132,27.8736562510103 85.5397830715415,27.8736719425753 85.5397820096732,27.873679215318 85.5397832235241,27.8737022279903 85.539788967885,27.8737279945038 85.53980328685,27.8737609385262 85.5398125984529,27.8737823619776 85.539810617843,27.8737932125171 85.5398116485641,27.8737977501678 85.5398151773365,27.8738055361125 85.5398137397438,27.8738107856027 85.5398132499187,27.8738473095359 85.5398309910105,27.8738867324006 85.539852103192,27.8739018382162 85.5398635416756,27.8739122480305 85.5398716568302,27.8739196333846 85.5398748049183,27.8739370994449 85.5398787420793,27.8739589433984 85.5398827827961,27.8739982211705 85.5398975156792,27.8740349063098 85.539919932481,27.8740662610961 85.5399307757521,27.8741158017996 85.539926509821,27.8741434477794 85.5399169408231,27.8741758167761 85.5399150920199,27.8742001499444 85.539917773749,27.8742272369503 85.539911339988,27.8742528744954 85.5398817818803,27.8742999140414 85.539881564186,27.8743161469 85.5398963333887,27.8743501265629 85.5398913493232,27.8743811911797 85.5398817621494,27.8744149129099 85.5398963318117,27.874463772693 85.5398990135395,27.8744908596983 85.5398925616143,27.874517849979 85.5398997194641,27.8745517490374 85.5399084540178,27.8745816060016 85.5399018206767,27.874622123664 85.5398969454441,27.8746450718504 85.5399027261536,27.8746681328823 85.5399174772644,27.8747034652815 85.5399155014591,27.8747372676148 85.5399179655019,27.8747805874769 85.53992677264,27.8748050334873 85.5399430823371,27.8748376765284 85.5399532484988,27.8748743133011 85.5399605152298,27.8749000959274 85.539975502214,27.8749178427252 85.5399949834866,27.874941048834 85.5400034278497,27.8749925496032 85.5400195561952,27.8750387200179 85.5400299944975,27.8750550657132 85.5400368259001,27.8751133140517 85.5400546216777,27.875148678677 85.5400739941699,27.875180001205 85.5400858822209,27.8752017739684 85.5401067770168,27.8752331126114 85.5401108722586,27.8752683321602 85.5401211654835,27.8752954997548 85.5401391064261,27.8753200424651 85.5401446514129,27.8753606890842 85.5401489824729,27.8753783230358 85.5401593664094,27.875398726937 85.5401653285925,27.8754082605774 85.5401664699722,27.8754366841973 85.5401555237329,27.8754582151795 85.5401553242075,27.8754730952992 85.540164095171,27.8755002467725 85.5401806045572,27.8755180096693 85.5401863128114,27.8755464816432 85.5401950112346,27.8755790440674 85.5402145470812,27.8755981919347 85.540225003601,27.875613184879 85.5402323248515,27.8756349092781 85.5402365652456,27.875659306918 85.54024105957,27.8756647662234 85.5402590912851,27.8756825452294 85.5402662674466,27.8757150915323 85.5402765970225,27.8757395536403 85.5402901344245,27.8757518733382 85.540306553183,27.8757763999124 85.5403153967533,27.8757981404246 85.5403318517977,27.8758199615197 85.540337581341,27.8758428178511 85.5403312442156,27.875865278249 85.5403262601833,27.8758963428769 85.5403204605889,27.8759314576605 85.5403262323757,27.8759551950456 85.5403326474233,27.8759877332869 85.5403245553107,27.8760235002641 85.5403292938991,27.8760675206627 85.5403511405058,27.8760846635815 85.5403672425208,27.8760760400066 85.5403841147503,27.8760667481187 85.5404010595212,27.8760520452759 85.540407302867,27.8760406114652 85.5404136822306,27.8760190321175 85.5404260510318,27.8760049572926 85.5404361635882,27.8759888291857 85.540437758427,27.8759834343484 85.5404489991002,27.8759683328807 85.5404613996276,27.8759518907602 85.5404669271508,27.8759370670428 85.5404731568813,27.8759266477821 85.5404726858947,27.8759049959124 85.5404675210768,27.8758927648649 85.5404628184422,27.875874450524 85.5404687310682,27.8758592926505 85.5404761297172,27.8758468563683 85.5404843348488,27.8758310462974 85.5404829712346,27.8758191937224 85.540480873676,27.8758053039825 85.5404769186939,27.8757987506386 85.5404749159783,27.8757954321699 85.5404724605163,27.8757798474782 85.5404684646264,27.8757655994097 85.5404729229578,27.8757453526519 85.5404769689781,27.875727469157 85.540474862354,27.8757142557861 85.540479252676,27.8756990817964 85.5404890390251,27.8756788914399 85.5404881285234,27.8756616319402 85.5404837565957,27.8756470416587 85.5404751756986,27.8756340979839 85.540470830976,27.8756174785945 85.5404756245354,27.8756006177105 85.5404883330485,27.875589590567 85.540499460331,27.8755829437072 85.5405090970565,27.8755739134397 85.5405153040927,27.8755651850985 85.5405181902459,27.875548642254 85.5405302237402,27.8755311815417 85.5405399284607,27.8755170785028 85.5405443595658,27.8754988608486 85.5405514320087,27.8754823623168 85.5405608286841,27.875462844294 85.5405648429436,27.8754473280871 85.540561608196,27.8754330880776 85.5405579339427,27.8754232404393 85.5405604077788,27.8754090608569 85.5405656045527,27.8753905130738 85.5405638422272,27.8753800092088 85.5405664203288,27.8753580513802 85.5405676980457,27.8753479179273 85.5405716941658,27.8753337544582 85.540571508528,27.8753192084916 85.5405689578591,27.8753107256773 85.5405623115686,27.8752954348579 85.540561768027,27.8752791939397 85.5405581799125,27.8752629207939 85.5405545011311,27.8752534113401 85.5405500385402,27.8752455847524 85.5405456983521,27.87522862718 85.5405349836528,27.8752044992461 85.5405280429373,27.875182778889 85.5405217137622,27.8751722266809 85.5405162273337,27.8751555952067 85.5405119914242,27.8751308593874 85.5405019336123,27.8751145177544 85.5404927094821,27.8750927732242 85.5405009281498,27.8750759485945 85.5405019522357,27.8750563419443 85.5405021607773,27.8750407854521 85.5404970277271,27.8750261871135 85.5404980064776,27.8750099623093 85.5405072988474,27.8749982225338 85.5405097148703,27.8749946702506 85.5405150643991,27.874986804828 85.5405144392616,27.8749766512324 85.5405111999982,27.8749627494062 85.5405052786081,27.8749501721183 85.5405047214738,27.8749349457534 85.5405094333905,27.8749241721884 85.5405087946532,27.8749150331466 85.5405025017622,27.8749017754608 85.5404982205281,27.874880421487 85.5405003273863,27.8748652233219 85.5404940299655,27.8748523038205 85.5404838679088,27.8748437404328 85.5404798675123,27.8748298305486 85.5404790386164,27.874806483724 85.5404742906823,27.8747915512286 85.5404596524654,27.8747761758033 85.5404510897694,27.8747618793896 85.5404470757788,27.8747489840585 85.5404427537575,27.8747306737446 85.5404380239659,27.8747143885096 85.5404313233225,27.8747031559 85.5404151039064,27.8746921607555 85.5404099391461,27.8746799297063 85.5404109723087,27.8746596466869 85.5404081680403,27.8746416906718 85.5404029942155,27.8746301359916 85.5403974896936,27.8746148572516 85.5403974299984,27.8746147448257 85.5403908071952,27.8746022719018 85.540384473531,27.8745920578729 85.5403752041258,27.874573695182 85.5403685397677,27.8745597570928 85.5403576755496,27.8745467892391 85.5403544499182,27.8745318728557 85.5403535666419,27.8745125842459 85.5403495753401,27.8744979979891 85.540347772241,27.8744905377829 85.5403498519067,27.8744773687276 85.5403486061979,27.8744567233502 85.540349861251,27.8744482808215 85.5403539389699,27.8744280300336 85.5403609569578,27.874415589723 85.5403725463011,27.8744028595737 85.5403753508285,27.8743924040524 85.5403838910856,27.8743799798557 85.5403912306969,27.8743719399722 85.5403940170867,27.8743628371889 85.5403992047627,27.8743449657777 85.5404054480021,27.8743335319606 85.5404063315479,27.8743244090331 85.5404056973541,27.8743149318058 85.5404118680525,27.8743089089424 85.5404169741173,27.8742971248537 85.5404197741036,27.8742870075157 85.54042866318,27.8742769546368 85.5404436005428,27.8742700098775 85.5404524488139,27.8742630006586 85.5404601961811,27.8742529356916 85.5404637164969,27.8742458700714 85.5404665119439,27.8742360909168 85.5404704400274,27.8742270002171 85.5404739830089,27.8742182436733 85.5404801672982,27.8742112062525 85.5404855632504,27.8742061898821 85.5404882520755,27.8742032223136 85.540489812965,27.8742014996107 85.5404910272029,27.8741961007418 85.5404895729322,27.874191011858 85.5404884248399,27.874190334333 85.5404884327874,27.8741897414638 85.540481331908,27.8741811158756 85.5404739562898,27.8741634497029 85.5404710205501,27.8741553010429 85.5404575195845,27.8741402758896 85.5404440911587,27.8741198397806 85.5404412279587,27.8741062801657 85.5404414455677,27.8740900473025 85.5404416813105,27.8740724617007 85.5404357191702,27.8740629280723 85.5404313881054,27.8740452941268 85.5404133747539,27.8740261624099 85.5404090980971,27.874004470248 85.5404092250379,27.8739950010778 85.5403987867714,27.8739786554105 85.5403913023714,27.8739691056654 85.5403761884969,27.873960828083 85.5403717486362,27.8739513105673 85.5403658046432,27.8739404241976 85.5403523218528,27.8739240462965 85.5403403613339,27.8739076845098 85.5403390204184,27.8738941410085 85.540328491495,27.8738845590292 85.5403179625735,27.8738749770492 85.5403119823188,27.8738667961546 85.5403107502202,27.8738451362217 85.5403048425099,27.8738315443726 85.5402988259871,27.8738260689546 85.5402915410988,27.8738016390805 85.5402840567199,27.8737920893303 85.540276608614,27.8737798341025 85.5402708641346,27.8737540676051 85.5402680190997,27.8737391552484 85.5402635611207,27.8737309904682 85.5402515099546,27.8737213923674 85.5402471789309,27.8737037584168 85.5402458380284,27.8736902149148 85.5402399121975,27.8736779758018 85.5402341314584,27.8736549147801 85.540246672292,27.8736279889408 85.5402576364481,27.8736051051996 85.5402547370099,27.8735942510583 85.5402597571973,27.8735604809425 85.5402629649453,27.8735483385276 85.5402616965853,27.873529384071 85.5402587790125,27.8735198826683 85.5402527806446,27.8735130545103 85.5402408383193,27.8734953399776 85.5402379570214,27.8734831330974 85.5402351119964,27.87346822074 85.5402338617777,27.8734479135445 85.5402340794115,27.8734316806813 85.5402343514535,27.8734113896023 85.5402361094831,27.8733938201168 85.5402425249719,27.8733695352872 85.5402473637903,27.8733492925568 85.5402568056561,27.8733263926974 85.540261553791,27.8733129136594 85.5402616626052,27.8733047972275 85.5402617895551,27.873295328057 85.5402574585433,27.8732776941063 85.5402545953838,27.8732641344876 85.5402533270262,27.8732451800303 85.540256716121,27.8732195102282 85.5402584197355,27.8732059989577 85.5402663030568,27.8731857884578 85.5402727003889,27.8731628563641 85.5402774847845,27.8731466718475 85.5402914027178,27.873130584025 85.5403084376994,27.8731091174771 85.5403131314126,27.8730996966524 85.5403194561897,27.8730821755106 85.5403393905927,27.8730715630987 85.5403561898089,27.8730676821477 85.5403760879377,27.8730597752077 85.5403837898857,27.8730530920871 85.5404021657545,27.8730451690286 85.5404113536879,27.8730412074984 85.5404150321696,27.8730408383812 85.5404235498644,27.8730399836734 85.5404417806622,27.8730428825198 85.5404524364501,27.8730429953172 85.5404707216481,27.8730418359433 85.5404845126105,27.8730352172713 85.5404818670204,27.87300542479 85.5404775359819,27.8729877908446 85.5404777354424,27.8729729107173 85.5404748722615,27.8729593511019 85.5404645791399,27.8729321835298 85.5404525099072,27.872923938187 85.5404329200746,27.8729088485794 85.5404197287099,27.8729028117819 85.5404177882066,27.8729019237445 85.5403952989463,27.872875979993 85.5403865462382,27.8728474757914 85.5403777028648,27.8728257352834 85.5403734262509,27.8728040431187 85.5403720672044,27.8727918523549 85.5403677543247,27.8727728656676 85.5403572980388,27.8727578727379 85.5403437791191,27.8727442003164 85.5403424926134,27.8727265985971 85.5403381434723,27.8727103173867 85.5403200940784,27.8726938911407 85.5403127185759,27.8726762249605 85.5403069922682,27.8726491057236 85.5403040384419,27.8726423097991 85.5402950500219,27.8726313911968 85.5402860616036,27.872620472594 85.5402756053428,27.8726054796587 85.5402652397605,27.8725837230287 85.5402639895384,27.8725634158312 85.5402622056934,27.8725503395354 85.5402047264392,27.8724584271516 85.5401817979966,27.872442762956 85.5401759179455,27.8724326020573 85.540156255693,27.8724229233691 85.5401442772219,27.872407914308 85.5401308853278,27.8723847726965 85.5401066926243,27.8723723401729 85.5400839858976,27.8723626292404 85.540062855833,27.8723488762059 85.5400476877915,27.8723446568111 85.5400397259789,27.872345702553 85.540009559105,27.8723496648119 85.5399821224106,27.8723520801559 85.5399518044738,27.8723422886085 85.539932251093,27.8723244934578 85.5399052134703,27.8722971485369 85.5398995054196,27.8722686765476 85.5398845006526,27.8722522824879 85.5398817282588,27.8722319591692 85.539878901447,27.8722156940662 85.5398716167445,27.8721912641721 85.5398772839383,27.8721730132857 85.5398750058839,27.8721655943777 85.5398631907374,27.8721384106465 85.539842750064,27.8720732535126 85.5398220917313,27.8720243292396 85.5397975544745,27.8720375986993 85.5397605490277,27.8720723830046 85.5397415927643,27.8721235936173 85.5397396445081,27.8721332690338 85.5397318062216,27.8721721954775 85.5397191565984,27.8722072377082 85.5396881674739,27.8722474974301 85.5396542426923,27.8722796084686 85.539641012465,27.8723579383208 85.5396259717953,27.8723860133527 85.5396222738054,27.8723929160497 85.5395974098618,27.8724305347606 85.539606107903,27.87246309722 85.5396177415848,27.872503808355 85.5396242588978,27.8725137270445 85.5396356456952,27.8725310565955 85.5396746072938,27.8725774688841 85.539707479929,27.8726238166754 85.5397340458914,27.8726863328347 85.539733537921,27.8727242095111 85.5397332839354,27.8727431478492 85.539744373438,27.8728244411277 85.5397410386653,27.8728460526993 85.5397375950397,27.8728757807012 85.5397279898318,27.8729108551695 85.5397092873805,27.8729431274282 85.5396906574878,27.8729699887303 85.5396858070738,27.8729996161554 85.5396840241933,27.873010506392 85.5396834436278,27.8730537940191 85.539698078637,27.8730778751106 85.539698339613,27.873078304532 85.5397128727573,27.8731298698104 85.5397124373396,27.8731623355307 85.5397209177554,27.8732111308431 85.5397196379702,27.8732247642611 85.5397259913894,27.8732913758552 85.5397167933395,27.8733199980645</coordinates></LinearRing></outerBoundaryIs></Polygon></MultiGeometry>
  </Placemark>
  <Placemark>
	<Style><LineStyle><color>ff0000ff</color></LineStyle><PolyStyle><fill>0</fill></PolyStyle></Style>
      <MultiGeometry><Polygon><outerBoundaryIs><LinearRing><coordinates>85.551975928612,27.850375460152 85.5520153194999,27.8503894029918 85.5520364470344,27.8504031541328 85.5520544587924,27.8504222843239 85.5520726143299,27.850430592511 85.552102981393,27.8504363229828 85.5521271887853,27.8504474005568 85.5521605278698,27.8504585739635 85.552181727318,27.8504669140822 85.552251377537,27.8504947038071 85.5522814571234,27.8505220782461 85.5523298360527,27.8505469388306 85.5523783587482,27.8505609773958 85.5524117338306,27.8505694452431 85.5524876875775,27.8505810657278 85.5525638209993,27.8505791586662 85.5526274554541,27.8506014733314 85.5526670980162,27.8505964774831 85.5527128283754,27.8505915454903 85.5527434829384,27.8505756318143 85.5528016762885,27.8505491835118 85.5528688216881,27.8505363584807 85.5528997995199,27.8504960952556 85.5529367573561,27.8504640123837 85.5529248691459,27.8504422406577 85.5528367039293,27.8504331981952 85.5527970973577,27.8504354885936 85.5527484309503,27.8504322721807 85.5526755570953,27.8504179782752 85.5526181183131,27.8503876110026 85.5525757912387,27.8503655198926 85.5525519071961,27.8503300928864 85.552531102992,27.8502919923127 85.5524767800743,27.8502562459198 85.5524527882864,27.8502289354011 85.5524136130005,27.8501987596802 85.5523655216864,27.8501522551215 85.5523536336238,27.850130483351 85.5523448253879,27.8501060380197 85.5523329732704,27.8500815607466 85.5523089815561,27.8500542502051 85.5522786864606,27.8500431087802 85.5522269404291,27.8500425657486 85.5521690706905,27.8500446643088 85.5521113447178,27.8500359408419 85.5520597424654,27.8500245757453 85.5520263675793,27.8500161078195 85.5520081761689,27.8500105051292 85.5519897690923,27.8500211354398 85.5519376995636,27.8500449418045 85.5519131687597,27.8500582137046 85.5518946538247,27.8500769605029 85.5519004899649,27.8500959629075 85.5519031743801,27.8501230498623 85.5518936113548,27.850155420014 85.5519175310891,27.8501881416251 85.5519202874033,27.8502098175787 85.5519290955499,27.8502342629335 85.5519319237601,27.8502505278861 85.5519314205086,27.8502884048912 85.5519341408805,27.8503127863448 85.5519431287692,27.8503237041969 85.5519582044436,27.8503346859484 85.551975928612,27.850375460152</coordinates></LinearRing></outerBoundaryIs></Polygon></MultiGeometry>
  </Placemark>
  <Placemark>
	<Style><LineStyle><color>ff0000ff</color></LineStyle><PolyStyle><fill>0</fill></PolyStyle></Style>
      <MultiGeometry><Polygon><outerBoundaryIs><LinearRing><coordinates>85.545753064279,27.9537906294716 85.5457586502321,27.9538285701954 85.5457703660104,27.9538638698577 85.5457732315057,27.9538774293147 85.5457942689285,27.9538992982999 85.54579536098,27.9539008917124 85.54580856893,27.9539123021241 85.5458160499274,27.953922528057 85.5458203844373,27.9539401617889 85.5458156057863,27.9539556698479 85.5458077119692,27.9539646685212 85.5458054046179,27.9539778851964 85.5457991660195,27.9539886426156 85.5457802689295,27.9540344421324 85.5457554957951,27.9540639445405 85.5457519413922,27.954101788675 85.5457361998268,27.9541395040233 85.5457052605552,27.9541743529314 85.5456836066791,27.9541984766172 85.5456615901862,27.9542496548193 85.5456245935325,27.9542817338578 85.5455877781703,27.9543002856259 85.5455692435636,27.9543190305876 85.5455503825775,27.954362124613 85.5455497660941,27.954408117294 85.5455339156173,27.9544539489685 85.5455089247274,27.9544996840348 85.5454932555452,27.9545319884444 85.5454893746382,27.9545941816307 85.5454857475851,27.9546374366546 85.5454638397003,27.9546804984601 85.5454449423365,27.9547262979165 85.5454351853774,27.9547721939815 85.5454314857588,27.9548208599049 85.5454249569313,27.9548532609146 85.5454121168712,27.9549018302235 85.5453963025233,27.9549449564227 85.5453806332376,27.9549772608137 85.5453710575696,27.9550096296139 85.5453673579091,27.9550582955325 85.5453667050607,27.9551069936564 85.5453536835903,27.9551690902124 85.5453442529751,27.9551906372038 85.545331485373,27.9552337955975 85.5453311952091,27.9552554392073 85.5453520151733,27.95529354097 85.5453640211114,27.9553071970508 85.5453973185411,27.9553237840209 85.545409469563,27.955326618293 85.545427387817,27.9553538660351 85.5454323160936,27.955373510371 85.5454238332362,27.9553917101483 85.5454083452318,27.9554104872822 85.5453867635708,27.9554292000028 85.5453744311898,27.9554398929844 85.5453589068997,27.9554613755631 85.5453462480779,27.9554964176022 85.5453305061481,27.9555341328837 85.5452965920456,27.955563538564 85.545262786743,27.955584827882 85.5452379405513,27.9556197410738 85.5452374689968,27.9556549119362 85.5452279294909,27.9556845752685 85.5452093220279,27.9557087310686 85.5451967356749,27.955738362188 85.5451533544853,27.9557920202546 85.5451254613723,27.9558269012106 85.5451219429399,27.9558620398582 85.5451216527265,27.955883683464 85.5451120768892,27.955916052236 85.545111315058,27.9559174303121 85.5450990268273,27.955928084912 85.5450788144304,27.9559472021676 85.5450476104552,27.9559742577716 85.5450237701801,27.9559933366615 85.5449782275283,27.9560073533441 85.544965465216,27.9560120511409 85.5449527245025,27.9560151382522 85.5449381482576,27.9560198168666 85.5449253859422,27.9560245146595 85.5448979393738,27.956041944482 85.5448777485217,27.9560594510216 85.544843046211,27.9560768041095 85.5448230065568,27.9560830358517 85.5448010881621,27.9560940804615 85.5447736415569,27.9561115102576 85.544744532232,27.9561176460772 85.544717085612,27.9561350758614 85.544694994366,27.9561590059253 85.5446602919956,27.9561763589645 85.5446474864415,27.9561842780983 85.5446292606906,27.9561905289948 85.5446037575991,27.9561983138354 85.5445707611073,27.9562237394547 85.5445543060675,27.9562332308934 85.5445451715796,27.9562379670194 85.5445413296146,27.9562421287637 85.5445386931733,27.9562475639742 85.5445339962906,27.9562595961398 85.5445283708332,27.9562732293963 85.5445091408635,27.9562867187605 85.544491789645,27.9562953952563 85.5444744816382,27.9563008503823 85.5444740469302,27.9563009158242 85.5444577704241,27.9563140191166 85.5444465942598,27.956338516182 85.544410896101,27.9563750852395 85.54439612531,27.956394259947 85.5443776618139,27.9564182283289 85.5443663460135,27.956450326877 85.5443587661275,27.9564744103811 85.5443563903515,27.9565162689685 85.5443562390871,27.956527543754 85.5443468452536,27.9565516080691 85.5443357023049,27.9565708211442 85.5443283168894,27.9565804084932 85.5443171523244,27.9566012322501 85.5443114944055,27.9566172815208 85.5443021653838,27.956636513781 85.5442983646216,27.9566493608724 85.5443012803217,27.9566617038708 85.5443017980118,27.956663895402 85.5443051665726,27.9566832619822 85.5443013009783,27.9567009411242 85.5442901580051,27.9567201541943 85.544282729354,27.9567329629072 85.5442860979129,27.9567523294876 85.544289531304,27.9567668640174 85.5442801806538,27.9567877069586 85.5442617818942,27.9568068432695 85.5442543316224,27.9568212626638 85.5442523015688,27.9568373503095 85.5442537697364,27.9568631404349 85.5442443758478,27.9568872047399 85.5442296049542,27.9569063794244 85.544222241117,27.9569143560825 85.5442038855486,27.9569302710172 85.5441946429265,27.9569430605338 85.5441762225124,27.9569638075147 85.5441579317666,27.9569748903924 85.5441394681144,27.9569988587346 85.5441319313604,27.9570197208542 85.5441208099354,27.9570373232241 85.5441151951885,27.957050151117 85.5441149790559,27.9570662579506 85.5441055418904,27.9570935436102 85.5440943988396,27.9571127566607 85.5440813121532,27.957141614618 85.5440717452878,27.9571785643743 85.5440422898097,27.9572104709645 85.5440148211837,27.9572295112744 85.5439917782703,27.9572423226813 85.5439892313445,27.957243738722 85.5439800102847,27.9572549175385 85.5439798700137,27.9572653698814 85.5439797076683,27.9572774671034 85.5439809380016,27.9573209747431 85.5439731850359,27.957357943683 85.5439656482221,27.9573788057904 85.5439508772095,27.9573979804392 85.5439130532276,27.957417290193 85.5438979483244,27.9574215840574 85.5438869781371,27.9574279116227 85.543872423276,27.9574309794313 85.5438560112259,27.9574372494096 85.5438323433597,27.9574434426046 85.5438230790304,27.9574578427751 85.5438081566546,27.9574882921883 85.5438042693267,27.9575075819932 85.5437966459954,27.9575348868214 85.5437928451375,27.9575477338937 85.5437925640969,27.9575686727727 85.543784983995,27.9575927562337 85.543782888996,27.9576136759165 85.5437790665145,27.9576281336711 85.5437715728804,27.957645774399 85.5437623085247,27.957660174564 85.5437493081554,27.95768258975 85.5437436284701,27.9577002496725 85.5437416415572,27.9577131159393 85.5437322474741,27.9577371801993 85.5437119912538,27.9577595185933 85.5437009129209,27.9577738995562 85.5436897481041,27.9577947232496 85.5436863804809,27.9578047357662 85.5436859688433,27.9578059596348 85.5436802242792,27.9578284516023 85.5436672671128,27.9578476454128 85.5436452617602,27.9578651325491 85.5436232564006,27.9578826196816 85.5436183759099,27.9578863802447 85.5436067577817,27.9578953323577 85.5435993938296,27.9579033089771 85.5435881857354,27.9579273540261 85.5435871120769,27.9579358619493 85.5435861555549,27.9579434416549 85.5435786402436,27.9579626930523 85.5435638690802,27.9579818676525 85.5435546479115,27.9579930464353 85.5435526609693,27.9580059126977 85.5435470028555,27.9580219619267 85.5435450375343,27.9580332175063 85.5435394442859,27.9580444346867 85.5435319722042,27.9580604647152 85.5435264005759,27.9580700712123 85.5435207857005,27.9580828990744 85.5435187987521,27.958095765336 85.5435168334263,27.9581070209149 85.5435112185476,27.9581198487765 85.5434964473499,27.9581390233677 85.543487247784,27.9581485914623 85.5434816977705,27.9581565872744 85.5434743121671,27.9581661745685 85.5434656273304,27.9581778616907 85.543452263811,27.9582102465638 85.5434462288678,27.9582213810311 85.5434371678864,27.9582302178576 85.5434298038983,27.9582381944662 85.543411491235,27.9582508879143 85.5434041704935,27.9582556431562 85.5433839573565,27.958274760129 85.5433764852348,27.9582907901471 85.543374476639,27.958305267088 85.5433724247917,27.9583229653939 85.5433667666328,27.9583390146131 85.5433500949069,27.9583646127139 85.5433517791208,27.9583742960112 85.5433515628628,27.9583904028361 85.5433530740707,27.9584129715932 85.5433711705135,27.9584163849796 85.5433874746132,27.9584181684793 85.5434166062496,27.9584104222925 85.543442131568,27.9584010270147 85.5434761419149,27.9583771705048 85.5434805925287,27.958374048628 85.54353365171,27.9583407810987 85.543595715832,27.9583124415908 85.5436414109726,27.9582871506347 85.5437032372121,27.9582765285863 85.5437469237685,27.9582657145411 85.543776206677,27.9582466934957 85.5438056841456,27.9582131762978 85.5438223989789,27.9581843567706 85.543842893062,27.9581443008519 85.5438888474871,27.9580996816128 85.5439272866153,27.9580743137749 85.5439604948746,27.9580582596948 85.5440181503248,27.9580041082952 85.5441105696385,27.9578990226271 85.5442198472491,27.9578092671714 85.5443174114006,27.9577446409303 85.544409355941,27.9576749045287 85.5444553281671,27.957640036303 85.5445299398218,27.957590319051 85.5446041449565,27.9575709013223 85.5446667723654,27.9575665130401 85.5447068540128,27.9575467343605 85.5447755073174,27.9575171565339 85.5448100371532,27.9574872178224 85.544931568691,27.9573319329707 85.5450186379286,27.9572015368462 85.5450422671937,27.9571361282991 85.5451181648542,27.9569904620455 85.5451385746049,27.9569552704019 85.5451685143391,27.9569340425141 85.5452238658154,27.9568967460147 85.5453038098207,27.9568434744625 85.5453469012038,27.9568114599745 85.5453963039158,27.9567632771816 85.5454460692823,27.9566880398612 85.5454954718931,27.9566398570281 85.5455757782415,27.956559530794 85.5456254708563,27.9564897043005 85.5456566646982,27.9564359172895 85.5457004810752,27.9563497936548 85.545737696014,27.9563014819232 85.545787098316,27.9562532989713 85.5458621806698,27.9561079773157 85.5458816219988,27.9560215960398 85.5459072294889,27.9559298682451 85.545907737089,27.955891991922 85.5459150635013,27.9558000709538 85.5459219548194,27.9557406154045 85.5459471996404,27.9556759421128 85.5459358824524,27.9556108824952 85.5459493749792,27.9555136150033 85.5459622873969,27.9554596347383 85.5459512602582,27.9553729315052 85.545949970148,27.9553708702128 85.5459514052791,27.9553621096975 85.5459463992889,27.9552808817533 85.5459711364122,27.9552540847763 85.5460327979018,27.9552006195725 85.5460761059155,27.9551523721032 85.5460949668486,27.9551092780078 85.5462254705418,27.9549212482471 85.5462448388319,27.9548402777914 85.5462462162182,27.9547374705964 85.5461871649845,27.9545961433357 85.5461888323949,27.9544716925193 85.5462446172007,27.9544019301042 85.5463069304629,27.9542997665985 85.5462835709697,27.9542237564463 85.5462904619453,27.954164300854 85.5463340593627,27.9540944096536 85.5463344942872,27.954061944219 85.5463655420582,27.9540189788011 85.546384330175,27.9539812955534 85.5463974596107,27.9539110825028 85.5464037706296,27.9538949141478 85.5464258591802,27.9538383249023 85.5464322064311,27.9538194510924 85.5464415279797,27.953806020369 85.5464386986423,27.9537897554697 85.5464296670221,27.953781542568 85.5464083395572,27.9537813173004 85.5463869033666,27.9537892083887 85.5463470415149,27.9538077281906 85.546298293014,27.9538072132586 85.5462709444725,27.953801512696 85.5462191129489,27.9538036710045 85.5461731575024,27.9538221263834 85.5461304300648,27.9538270866703 85.5460970967137,27.95381320534 85.5460607165907,27.9537992918128 85.5460150873829,27.9537933980644 85.545978453513,27.9537984226842 85.5459418921464,27.9537980363891 85.5458749354855,27.9537919172512 85.5458353635982,27.9537887932823 85.5458201745602,27.9537844669661 85.5458064554437,27.9537857819838 85.5457859259358,27.953782859216 85.5457654236222,27.9537779073559 85.545753262097,27.9537758688421 85.545753064279,27.9537906294716</coordinates></LinearRing></outerBoundaryIs></Polygon></MultiGeometry>
  </Placemark>
  <Placemark>
	<Style><LineStyle><color>ff0000ff</color></LineStyle><PolyStyle><fill>0</fill></PolyStyle></Style>
      <MultiGeometry><Polygon><outerBoundaryIs><LinearRing><coordinates>85.5433097388828,27.9548450094239 85.5433600414519,27.9549112002556 85.5433990376648,27.9549722207529 85.5434830562648,27.9550690722751 85.5435107461632,27.9551249224318 85.5436374373021,27.9552155014905 85.543641664499,27.9552272261757 85.5436703196515,27.9552549149347 85.5437114344457,27.9553004555758 85.5437365050335,27.9553248845639 85.5437742298285,27.9553526692789 85.5437939451514,27.9553705979387 85.5438229678537,27.9553709050482 85.5438486004909,27.9553534562448 85.5438598730816,27.9553245791029 85.5438619680004,27.95530365941 85.543885916388,27.9552765273035 85.5438971241153,27.9552524822084 85.5438988666671,27.9552306241665 85.5438993054841,27.9552251197799 85.5438995216319,27.9552090129436 85.5438997810092,27.95518968474 85.543905417289,27.9551752461662 85.5439201879878,27.9551560715051 85.5439258674917,27.9551384115629 85.543928005621,27.9551142705005 85.5439318495925,27.9550982020489 85.5439285675914,27.9550723927248 85.5439270562767,27.9550498239606 85.5439365581263,27.9550177062493 85.5439440299181,27.9550016761817 85.5439480035655,27.9549759436268 85.5439721463772,27.9549343153468 85.5439796829974,27.9549134532255 85.5439841798879,27.9549095541957 85.5439919872979,27.9548673813997 85.5439923259895,27.9548650882345 85.5439915606692,27.9548394769222 85.5439775681064,27.954800666978 85.5439796197612,27.9547829686481 85.5439817578678,27.9547588275829 85.5439948226496,27.9547315802993 85.5440023376367,27.9547123288593 85.5440081683895,27.9546833941244 85.5440103064868,27.9546592530581 85.5440106306761,27.9546350928005 85.5440111709907,27.9545948257042 85.5440170233458,27.9545642802843 85.5440227027985,27.9545466203348 85.5440301961542,27.9545289795759 85.5440322079613,27.9545245431462 85.5440432825055,27.9545001216015 85.5440489619501,27.9544824616505 85.5440347100615,27.954462979918 85.544016722309,27.9544515132217 85.543998864236,27.9544303824198 85.5439943820455,27.9544235662539 85.543993680101,27.9544216193251 85.5439810277828,27.9544076409319 85.5439543379563,27.9543686966446 85.5439455926448,27.9543444404274 85.5439441029428,27.9543202609775 85.5439480981708,27.9542929177353 85.5439448810207,27.9542622763579 85.543939763519,27.954238058524 85.5439328753463,27.9542106001301 85.5439315801679,27.9541719245247 85.543931969208,27.9541429322145 85.543944947468,27.9541221276666 85.5439456631275,27.9541210595684 85.5439653109908,27.9540917357798 85.5439782460128,27.954074152596 85.5439731717356,27.9540467133948 85.5439696952305,27.9540354002244 85.5439647506332,27.9539982969192 85.5439431567846,27.9539851811488 85.5439253329356,27.9539774117977 85.5439180864437,27.9539607522037 85.5439147396272,27.9539397749285 85.5439096869843,27.9539107250414 85.543886408948,27.9538879259672 85.5438774907744,27.9538765552175 85.5438743601068,27.9538394711021 85.5438657445345,27.9538055507767 85.5438497004846,27.9537844391512 85.5438337212841,27.9537584954723 85.5438286254403,27.9537326669505 85.5438237241293,27.953692342273 85.5438167927852,27.9536681052416 85.5438061255901,27.9536518832429 85.5437880947637,27.9536436378892 85.5437697829414,27.953656331424 85.5437547098161,27.953698055654 85.5437378660186,27.9537365393198 85.5437318407136,27.9537799702009 85.543729464805,27.9538218287864 85.5437252966162,27.9538620574932 85.5437321847179,27.9538895158959 85.5437336959873,27.9539120846638 85.5437371831259,27.9539339416876 85.5437367573743,27.9539656659071 85.5437298504158,27.9540565044385 85.5437345886553,27.9541272636154 85.5437274783582,27.9542332519289 85.5436921360133,27.9543237895475 85.5436517165278,27.9543688176182 85.5436000584188,27.954403625448 85.5434970810265,27.9544479914074 85.5433941035526,27.9544923572863 85.5433909834343,27.9544937015264 85.5433812074715,27.9544931154042 85.543341215097,27.9544991357447 85.5433119331598,27.9545181567429 85.5432753523475,27.9545403222979 85.5432461568835,27.9545529005478 85.5431987358651,27.9545717295069 85.5431656530727,27.9546035975343 85.5431652205699,27.9546358111991 85.5431682861289,27.9546777273679 85.5431897070131,27.9547037287262 85.5431966166459,27.9547295764662 85.5432069811009,27.9547683480756 85.5432282722653,27.954804013528 85.5432802677999,27.9548148526623 85.5433097388828,27.9548450094239</coordinates></LinearRing></outerBoundaryIs></Polygon></MultiGeometry>
  </Placemark>
  <Placemark>
	<Style><LineStyle><color>ff0000ff</color></LineStyle><PolyStyle><fill>0</fill></PolyStyle></Style>
      <MultiGeometry><Polygon><outerBoundaryIs><LinearRing><coordinates>85.5468234430051,27.9533519290053 85.5467970963703,27.9533324540747 85.5467840120246,27.9533160725309 85.5467120605444,27.9532702071475 85.5466224017239,27.9531919364495 85.5465615925801,27.9531268576946 85.5464896844699,27.9530777708299 85.5464285302651,27.953038462996 85.5463531239709,27.9529796736316 85.5462918404088,27.9529500298556 85.5461904788943,27.9529328499947 85.5461326505286,27.9529161299593 85.5460785362619,27.9528930054831 85.5460424313229,27.9528797367352 85.5460207942614,27.9528698426592 85.5459847325012,27.9528533525253 85.5459399814908,27.9528422476899 85.5459053966684,27.9528170741988 85.5458404855732,27.952787391899 85.5457178758264,27.9527313252524 85.5456491643931,27.9527144900146 85.5455698287812,27.9526782115019 85.5455231429677,27.9526422780098 85.5454434620209,27.9526317703931 85.5454001449366,27.9526152034273 85.5453460741687,27.952588857303 85.5452956311742,27.9525625495043 85.5452598287391,27.9525267309649 85.5452275245158,27.9525006148759 85.5451592883737,27.9524483443271 85.545130871067,27.9524029383441 85.5450989987994,27.9523446085238 85.5450923479667,27.9522994326373 85.5450856107607,27.9522606994911 85.5450607780757,27.9522185532168 85.5450402571726,27.9521957325798 85.5450417354267,27.9520854758671 85.5450540572157,27.9520148970513 85.5450455269414,27.9518026796264 85.5450464748114,27.9517319805644 85.5450365904507,27.9516207617946 85.5449931262022,27.9514687828252 85.5449602911121,27.9513724733558 85.5449482233378,27.95131838554 85.5449560825947,27.9513000311074 85.5449439039293,27.951261240423 85.5449405137801,27.951243484531 85.5449302569551,27.9511966595958 85.5449214252604,27.9511788461725 85.5448985794871,27.9511238335688 85.5448791886596,27.9510817447993 85.544879966132,27.9510237601282 85.5448697093495,27.9509769351888 85.5448573795693,27.9509494192947 85.5448434519183,27.9509057773687 85.5448458056836,27.9508655294135 85.5448351169894,27.9508509181782 85.5448188355862,27.9508475242048 85.5447969182744,27.9508585688619 85.5447896197021,27.9508617135183 85.544774914567,27.9508760562564 85.544760209428,27.9508903989927 85.5447383137003,27.9508998329546 85.544720045659,27.950909305272 85.5446944790357,27.9509219222379 85.5446561722891,27.9509376263071 85.5446359823892,27.9509551328581 85.5446193553741,27.9509775098232 85.5446101565412,27.9509870780291 85.5445936159183,27.9510030122501 85.5445678980515,27.9510269039866 85.5445568853627,27.951036453007 85.5445330461321,27.9510555318629 85.5445201547844,27.9510698937532 85.5444872463006,27.9510888766888 85.5444725842999,27.9510999980214 85.5444523943401,27.9511175045429 85.544441316823,27.9511318856081 85.5444320963581,27.9511430644859 85.5444209972322,27.9511590562342 85.5444117119522,27.9511750671652 85.5443877862501,27.9512005887331 85.5443603192537,27.9512196291878 85.5443511203772,27.9512291973746 85.5443272594632,27.9512498868762 85.5443035065662,27.951262522949 85.5442578794245,27.9512829822131 85.544243152556,27.9512989355735 85.5442338456311,27.9513165571755 85.544215534264,27.9513292507906 85.5442099846758,27.9513372466549 85.5442086419028,27.9513412392871 85.5441643142712,27.9513609272554 85.5441442754669,27.9513671589343 85.5441169164269,27.9513781459134 85.5440821507111,27.9514003309267 85.5440403024428,27.9514095536986 85.5439967699742,27.9514090931605 85.5439786746662,27.9514056798965 85.5439405189265,27.9514101089631 85.5439060773348,27.9514081336621 85.5438932723085,27.9514160527501 85.5438785885925,27.9514287846995 85.5438655674433,27.9514528106296 85.5438598233155,27.9514753026388 85.543863234904,27.951491447866 85.5438701661428,27.9515156848977 85.5438880885721,27.9515319836524 85.543898733975,27.9515498163266 85.5439076519712,27.9515611870716 85.5439272586028,27.9515871691192 85.543932462449,27.9516049442198 85.5439424730881,27.9516160043367 85.5439449217223,27.9516227960812 85.5439590868031,27.9516487205541 85.5439643122677,27.9516648849691 85.5439749793058,27.9516811069535 85.5439802912157,27.95169082863 85.5439818241385,27.9517117867184 85.5439870496091,27.9517279511327 85.5439959244082,27.9517425432415 85.5440011498823,27.9517587076553 85.5440044750584,27.9517812956175 85.5440114495646,27.951802311274 85.5440185537328,27.9518136628231 85.5440274717623,27.951825033561 85.5440418097642,27.9518380725503 85.5440579616297,27.951851130727 85.5440614164756,27.9518640545809 85.5440684774345,27.9518786274967 85.5440702264676,27.951883478739 85.544082707403,27.9518997199048 85.5440934825252,27.9519078884583 85.5440988160648,27.9519159994462 85.5441076476761,27.9519338129177 85.5441273408537,27.9519533522016 85.5441507049794,27.9519697084892 85.5441703549557,27.9519924691365 85.5441883207224,27.9520055464865 85.5442081651786,27.9520138109675 85.5442243386973,27.9520252584415 85.5442567505648,27.9520433213303 85.5442711534421,27.9520515282434 85.5443109288111,27.9520616144412 85.5443361932745,27.9520715471459 85.5443487606923,27.9520813455506 85.5443594009163,27.9520896413818 85.5443815744594,27.9521138496517 85.5443877452194,27.9521189515601 85.5443961043447,27.9521358118868 85.5444121374734,27.9521577287905 85.5444272636753,27.9521796361006 85.5444506170938,27.9521967976826 85.5444694358531,27.9522139113019 85.5444891075434,27.9522350612224 85.5445069977786,27.95225377593 85.5445404247096,27.9522637949234 85.5445657108445,27.9522721169034 85.5445918931165,27.9522812538124 85.5446363328804,27.9522817237662 85.5446742621027,27.9522942067088 85.5446860198452,27.9522967474121 85.5447177517394,27.9522978884157 85.5447548604412,27.9523039190067 85.5447810427384,27.9523130558806 85.5448099242447,27.9523238322034 85.544832424818,27.9523369574218 85.5448603238088,27.9523533615424 85.5448827811994,27.9523697081229 85.5449079809989,27.9523844727819 85.5449422501561,27.9523993333245 85.5449782576066,27.9524198504337 85.5450035222189,27.9524297830208 85.5450224814791,27.9524364271157 85.5450269149367,27.9524355678476 85.5450288192292,27.9524372995758 85.5450394001195,27.9524599642253 85.5450536519476,27.952479445856 85.5451330304185,27.9525125032851 85.5451576904445,27.9525675350294 85.5451648163754,27.9525772758394 85.5451970342323,27.9526098346838 85.5452256243595,27.9526423551734 85.5452433312537,27.9526747606156 85.5452757218992,27.9526944339616 85.5453043984385,27.9527205116953 85.5453185207986,27.9527496574124 85.5453898667867,27.95284062268 85.5453890895273,27.9528986073489 85.5453956109659,27.9529534473346 85.5454236830767,27.9530246242329 85.5454415628076,27.9530441441704 85.5455098858093,27.9530899718529 85.5455421039185,27.9531225306239 85.5455705215754,27.9531679365309 85.5455883150046,27.9531938991922 85.5456168622236,27.9532296409787 85.5456344829755,27.9532684891172 85.5456486918385,27.9532911920628 85.5456666580003,27.9533042692323 85.5457063907996,27.9533175764177 85.545764435156,27.9533181897828 85.5458152671386,27.9533155050864 85.5458987059039,27.953316386725 85.5459384819049,27.9533264724735 85.5460467108207,27.9533727215269 85.546061135595,27.9533793175773 85.546104409929,27.9533991057198 85.5461730355547,27.9534223834903 85.5462160941396,27.953458278456 85.5462592822222,27.9534845092947 85.5463244527764,27.9534948631849 85.546382410938,27.9535019190362 85.5464295720717,27.9535024171686 85.5465058848913,27.9534935576945 85.5465783973336,27.953497545352 85.5466434816432,27.9535143418364 85.5466903407822,27.9535373894839 85.5467408708658,27.9535572540532 85.5467804313386,27.9535834464251 85.5468055238361,27.9536062641848 85.546833985291,27.9536484484803 85.5468804994237,27.9536972670442 85.546927444968,27.9537138718707 85.5469815166973,27.9537402174049 85.547017363238,27.9537728141543 85.5470530803999,27.9538150750124 85.5471860579158,27.9539099118975 85.5472618534531,27.953939708485 85.5473303503148,27.9539726498169 85.5473734957582,27.9540021016947 85.547388515311,27.9540059777218 85.5474166412252,27.9540315535596 85.5474562451598,27.9540545243751 85.5474958059908,27.9540807165527 85.5475316528,27.9541133131766 85.5475532471342,27.9541264284008 85.5476000205039,27.9541559184999 85.5476650622689,27.9541759358934 85.547697540046,27.9541891659521 85.5477589109324,27.9542123663911 85.5477876315896,27.954235222266 85.5478197213972,27.9542774446568 85.5478412295783,27.9542970025847 85.5478912860358,27.9543523018577 85.5479451427882,27.9543947538988 85.5479921319161,27.9544081370044 85.5480283238289,27.9544149625188 85.5480608017245,27.9544281924957 85.5481039475524,27.9544576441567 85.548129083636,27.9544772403167 85.5481469209953,27.9544999812997 85.5481535300961,27.9545483784512 85.5481566837912,27.9545838518346 85.548167136229,27.9546161803901 85.5481848874153,27.9546453641162 85.5482099373548,27.9546714030104 85.5482531264184,27.9546976332551 85.5483001157188,27.9547110162613 85.5483507759516,27.9547212161461 85.5483867956129,27.9547409270664 85.5484225136262,27.9547831875952 85.5484438496406,27.9548156309312 85.5484650563873,27.954857738386 85.5485044453902,27.9548968157869 85.5485473329789,27.9549455955626 85.5485903067856,27.954987932578 85.5486480074039,27.9550143157538 85.5487130068068,27.9550375540504 85.5487743353187,27.9550639754341 85.5488356638615,27.9550903967915 85.5488862812482,27.9551038178617 85.5489480406381,27.9550980254255 85.5489844913216,27.9550855224511 85.5490462937745,27.9550765085956 85.5491190658757,27.9550611667078 85.5491987921254,27.9550684508977 85.5492567944379,27.9550722842002 85.5492606376254,27.9550562155698 85.5492427137985,27.9550399174707 85.5492067800176,27.9550137640159 85.549163504441,27.9549939768082 85.5490730670511,27.9549736923529 85.5490115231233,27.9549633779747 85.5489211288719,27.9549398720468 85.5488417904836,27.9549035953298 85.5487875453658,27.9548901359899 85.5486948159973,27.95476995043 85.5486048528739,27.9547142305598 85.5485292287661,27.9546715491846 85.5484935969289,27.9546228459344 85.5484250130969,27.9545963479039 85.548364331374,27.9545216057663 85.5483108622646,27.9544501615162 85.5482893539662,27.9544306036578 85.5481995637385,27.954361998043 85.5481644493642,27.954274638229 85.5481398305424,27.954216385591 85.5480753059,27.9541577119331 85.5480180369315,27.9540991147995 85.5479462999318,27.9540371431593 85.547895941822,27.9540043935231 85.5478243342873,27.953932757703 85.5477740193756,27.9538967866515 85.5476875559056,27.9538507686219 85.5475978958912,27.9537724985214 85.5475224022028,27.9537201525072 85.5474683734627,27.9536905858078 85.5473819102917,27.9536445675959 85.5473095702036,27.9536276948656 85.5472516118961,27.9536206394002 85.5472181209626,27.9536074734789 85.5472010816811,27.953600775014 85.5471036490912,27.9535610844875 85.5470206845658,27.9535247684746 85.546991885649,27.9534944363481 85.5469527057112,27.9534531705312 85.5468557910128,27.9533748233682 85.5468293680991,27.9533591207037 85.5468234430051,27.9533519290053</coordinates></LinearRing></outerBoundaryIs></Polygon></MultiGeometry>
  </Placemark>
  <Placemark>
	<Style><LineStyle><color>ff0000ff</color></LineStyle><PolyStyle><fill>0</fill></PolyStyle></Style>
      <MultiGeometry><Polygon><outerBoundaryIs><LinearRing><coordinates>85.5477740193756,27.9538967866515 85.5478243342873,27.953932757703 85.5478300884325,27.9539385141211 85.5478827363362,27.9539744522701 85.5479761969512,27.9540398749794 85.5480766546633,27.9541247024209 85.5481483486947,27.9541898953712 85.5482055315818,27.9542549352019 85.5482697977635,27.9543329370464 85.5483200699468,27.9543721293022 85.548435125681,27.9544506668252 85.5484784009017,27.9544704542504 85.5486076234209,27.954574915688 85.5486430398574,27.954639725782 85.5486715453839,27.954678688354 85.5487651794238,27.9547312250639 85.5488224491282,27.954789821909 85.5488942302081,27.9548485717488 85.5489592726504,27.9548685885531 85.5490529931507,27.9549146823276 85.5491323746971,27.9549477375508 85.5492618568425,27.9550328701621 85.5492908795251,27.9550331761153 85.549363263965,27.9550468264721 85.5494716684067,27.9550801874383 85.5495438806577,27.9551067232036 85.5496304320652,27.9551462973747 85.5497314949023,27.9551860244235 85.5498035350753,27.9552254455599 85.5498609778204,27.9552711564965 85.5499113371276,27.9553039054519 85.5499907192383,27.9553369601986 85.5500627596096,27.9553763812057 85.5501203747271,27.9554092065359 85.5502140962146,27.955455299552 85.5502861367492,27.9554947204475 85.5503064465616,27.9555021835009 85.5503221570366,27.9555144308817 85.550379772309,27.9555472561083 85.5504303901243,27.9555606766247 85.5505387954402,27.9555940367793 85.5506183500911,27.955614205671 85.5506688819121,27.9556340688552 85.5507336670209,27.9556734131093 85.5508639257621,27.9557005594988 85.5509793289661,27.9557533239847 85.5510587977903,27.9557799353832 85.5511458665078,27.9557808521101 85.5512764695919,27.9557822270972 85.5513419431761,27.9557700290337 85.5514798879967,27.9557650374528 85.5515454475593,27.9557463965353 85.5515311081242,27.9557333582819 85.5515097709961,27.9557009153874 85.5514594970118,27.9556617242381 85.5514021393776,27.9556095711828 85.5513739766813,27.9555448381133 85.5513170492477,27.9554604712478 85.5512447502633,27.9554403791448 85.5511867046307,27.9554397680482 85.5510852108114,27.9554322558153 85.5510201675958,27.9554122399902 85.550904248462,27.9553981320754 85.5508391192564,27.9553845589209 85.5507673367338,27.9553258100474 85.5507168910887,27.9552995041493 85.5505796353651,27.9552529529577 85.5504794104996,27.9552183701326 85.5504285569644,27.955154706752 85.5503930532125,27.9550963398292 85.5503496912939,27.9550829957386 85.5502412865464,27.9550496354539 85.5501763298175,27.9550231764906 85.5500899504722,27.9549707171535 85.5500395912578,27.9549379682657 85.5499392173188,27.9548466994291 85.5498892887186,27.954781736729 85.5498247627692,27.9547230638481 85.549767492537,27.9546644674007 85.5497248197644,27.9545995811074 85.5496531244874,27.9545343889366 85.5495526651234,27.9544495625906 85.549495395181,27.9543909660386 85.5494598060472,27.9543390416482 85.5493592608833,27.9542606579222 85.5493234995891,27.9542216190016 85.5492808272502,27.9541567325832 85.5492454105688,27.9540919226406 85.5491807130918,27.954046134982 85.549130440728,27.9540069430328 85.549064655152,27.953965010045 85.549051404452,27.9539481168283 85.5490013044839,27.9538960393341 85.5489655434369,27.9538570003279 85.5489370380037,27.9538180378165 85.5488945383635,27.9537402657887 85.5488805441459,27.9537014562765 85.5488597251549,27.9536303565053 85.5488384753892,27.9535914704824 85.5488100562298,27.9535460651973 85.5487743815269,27.9535005833964 85.5487533041449,27.9534488118615 85.5487396546719,27.9533842313362 85.5487190081575,27.9533002460461 85.5486977585024,27.9532613600039 85.5486624286122,27.9531901071771 85.5486348713295,27.9530802743593 85.5486288221786,27.9529899993404 85.5486005755981,27.9529317085173 85.5485505624749,27.9528731881273 85.548530002362,27.9527827600618 85.5485093561037,27.9526987747436 85.548473940327,27.9526339646243 85.5484391278511,27.9525240552468 85.5484041430776,27.9524270313615 85.5483759829353,27.9523622977476 85.5483479090094,27.9522911213786 85.5483122348936,27.9522456394726 85.5482909855758,27.9522067533751 85.5482266343739,27.9521351943138 85.54817627703,27.9521024448015 85.5481403444587,27.9520762911037 85.5480973288343,27.9520371753552 85.5480037836063,27.9519781955212 85.5479172353135,27.9519386204266 85.5478458014881,27.9518540991496 85.5477741953394,27.9517824633363 85.5476953338413,27.9517107509255 85.547609044557,27.9516518474022 85.5475588600855,27.9516062121804 85.5474867368919,27.951573232718 85.547298440605,27.9515454706753 85.5472405696519,27.9515319724975 85.5471826987143,27.9515184742959 85.5470591839102,27.9515300577075 85.5469362729432,27.9514965417804 85.5468498117181,27.9514505232942 85.5467997139413,27.9513984450633 85.5467586727974,27.9513673332739 85.5467525504936,27.951325751577 85.5467092191658,27.9511636731828 85.5466875535463,27.9510826339811 85.546642869828,27.9510215543118 85.5465987272025,27.9509200751325 85.5465659584431,27.9508187160543 85.5465463219514,27.9505861787172 85.5465024501096,27.9504644997619 85.5464691404798,27.9504035401607 85.5464244571493,27.9503424604297 85.5463456526776,27.9502810203023 85.5462894604568,27.9502299202755 85.5461922733974,27.9501806222775 85.5461665800745,27.9501803508752 85.5461084510759,27.9501861804882 85.5460649190579,27.9501857206226 85.5460070921582,27.9501690005839 85.5459651658106,27.9501372170018 85.54596399174,27.9501363269607 85.5459205892258,27.9501262029326 85.5458880265555,27.9501194152458 85.545840866903,27.950118916983 85.5458082179136,27.9501185720224 85.5457758710768,27.9500956774477 85.5457579054141,27.9500826003062 85.5457324254333,27.9500887747338 85.5457068591166,27.950101391901 85.5456555969612,27.9501362903369 85.5456299874558,27.9501521288612 85.545604162094,27.9501840742406 85.5455893060625,27.9502096918767 85.5455811596752,27.9502260314093 85.5455156412852,27.9502520486272 85.5454176861304,27.9502819520561 85.5453599426168,27.9502684826272 85.5453165401158,27.9502583584088 85.5452948604582,27.9502516856089 85.5452622114367,27.9502513405173 85.5452187225903,27.9502476590116 85.5451569658549,27.9502534498742 85.5450916678154,27.9502527596178 85.5450553911279,27.9502523761287 85.5450371664108,27.9502586271229 85.5450223966118,27.9502778019498 85.5450112112901,27.9503002364966 85.5450037400103,27.9503162666509 85.5449851697719,27.9503482886065 85.544980937459,27.9503933494502 85.5449732934119,27.9504222650864 85.5449584803889,27.9504446612757 85.5449436241696,27.950470278834 85.5449433650298,27.9504896070599 85.5449503180541,27.9505122333618 85.5449609419488,27.9505316766447 85.5449716090363,27.9505478985559 85.5449965277117,27.9505836020984 85.5449987533094,27.950585851296 85.5449992200095,27.950590034286 85.5450211550864,27.9506508739729 85.5450880436607,27.9507525940742 85.5450984696374,27.9508234133825 85.5451311016129,27.950934872626 85.5451644106243,27.9509958325245 85.5452081457401,27.9511276117165 85.5452177594744,27.9512590302217 85.5452166763431,27.9513398291614 85.545249714739,27.9514209887771 85.5453161978226,27.9515530083849 85.5453378624845,27.9516340477622 85.5453481533008,27.9517149669195 85.5453358317452,27.9517855457731 85.5453221563211,27.9519571232949 85.545321069607,27.9520381928966 85.5453248790618,27.9520723354825 85.5453168895109,27.9521270220959 85.5453164145097,27.952162457174 85.5453194376961,27.9522075947088 85.5453189626942,27.9522430297865 85.5453036312835,27.9523040824483 85.5452946906461,27.9523414590572 85.5452921003259,27.9523522879707 85.545291582129,27.9523909444177 85.5453129167475,27.9524233881972 85.5453524764556,27.9524495809552 85.54539924849,27.9524790717596 85.545435137316,27.9525084475227 85.5454817171473,27.952522152366 85.5455302737688,27.9525552994937 85.5456204533179,27.9526168603122 85.5457220069486,27.9526785412655 85.5459142819102,27.9527613833107 85.5460498225116,27.9528335244214 85.5460950478593,27.9528542048069 85.5462763553339,27.9529066265967 85.5463780762253,27.9529991272752 85.5464285302651,27.953038462996 85.5464896844699,27.9530777708299 85.5465615925801,27.9531268576946 85.5466115235468,27.9531802944796 85.5469742408988,27.9534594669179 85.5470079573865,27.9534901267999 85.5470358650991,27.953515504487 85.5470713872395,27.9535317474343 85.5471074925304,27.9535450159239 85.547129539319,27.9535539969989 85.5472037894407,27.9535621173638 85.5472422500536,27.9535746295241 85.5473143744682,27.9536076091527 85.5474372016854,27.9536475675727 85.5475234061683,27.9537129139898 85.5475736777924,27.9537521065008 85.5476455437367,27.9538044142028 85.547710240392,27.9538502025551 85.5477662136913,27.9538926322703 85.5477740193756,27.9538967866515</coordinates></LinearRing></outerBoundaryIs></Polygon></MultiGeometry>
  </Placemark>
  <Placemark>
	<Style><LineStyle><color>ff0000ff</color></LineStyle><PolyStyle><fill>0</fill></PolyStyle></Style>
      <MultiGeometry><Polygon><outerBoundaryIs><LinearRing><coordinates>85.5483486459213,27.943832270769 85.5482976021936,27.9438216311445 85.5482521774744,27.9438161014208 85.5481641037799,27.943810121863 85.5481299508267,27.9438122869711 85.5481042938986,27.9438170670126 85.548070073401,27.9438242820513 85.5480387974797,27.943823952154 85.5479960134067,27.9438336021736 85.5479387765794,27.9438607770235 85.5478989033007,27.9438654070597 85.5478703693097,27.9438726820354 85.5478359461233,27.9438950468498 85.5477874079171,27.9439096867569 85.5477475683944,27.9439117917759 85.5477104032415,27.9439265516431 85.547681632763,27.9439515013848 85.5476359040006,27.9439686962075 85.5475874670843,27.943975761125 85.54754745862,27.9439904909459 85.5474704876407,27.944004830722 85.5474249615421,27.9440068756401 85.5473849530464,27.9440216054125 85.5473024306433,27.9440257851958 85.5472598153853,27.9440228101215 85.5472198744453,27.9440324899011 85.5471882943508,27.9440548845541 85.5471283153262,27.9440744541302 85.5470884419451,27.9440790839272 85.5470369251148,27.9441037934378 85.5469872412965,27.9441200038888 85.5469743219023,27.9441149246028 85.5469090275021,27.9441142353471 85.5468763803029,27.9441138907076 85.5468365644157,27.9441070267177 85.5467820230512,27.9441161164156 85.546719924865,27.9441476791314 85.546658128537,27.944156692183 85.5465963322001,27.9441657052064 85.5465419201834,27.9441651306784 85.5464804257647,27.9441515940162 85.5463970802923,27.9441442702427 85.5463389545504,27.9441501000804 85.5462518090678,27.9441556234147 85.5462119069319,27.9441552019965 85.5461541263183,27.9441352607501 85.5460960437174,27.9441378691092 85.5460270355703,27.9441435838714 85.5459546588421,27.9441299320283 85.5459075880895,27.9441229911355 85.5458421211084,27.9441351868746 85.5457944462178,27.9441733451956 85.5457468144485,27.9442082821236 85.5457028964299,27.9442368146086 85.5456336292595,27.9442618574196 85.5455679463684,27.9442901598977 85.5454548905017,27.9443340709157 85.545349521161,27.9443458447617 85.5452949795791,27.9443549338606 85.5452330535337,27.9443736103859 85.5451673704783,27.9444019126658 85.5451123539428,27.9444464368054 85.5451047535994,27.9444721311162 85.5451077334619,27.9445204900671 85.5451107996747,27.9445624062698 85.5451175365432,27.9446011394389 85.5451169321049,27.9446462386744 85.5451128728798,27.944678414073 85.5451014723351,27.9447169555369 85.5451008247123,27.9447652761451 85.5451179259527,27.9448427808236 85.5451135644945,27.9448975058379 85.5451162421401,27.944968414403 85.5451663362585,27.9450204931515 85.5452310699231,27.9450630611153 85.5452777956643,27.9450957732442 85.5453384270662,27.9451737379374 85.5453701680399,27.9452417318086 85.5453772935407,27.9452514726002 85.5454019953856,27.9453032829253 85.5454339090983,27.9453583912873 85.5454770506849,27.9453878436468 85.5455275336377,27.9454109299072 85.5455592747943,27.9454789237397 85.5455618232397,27.9455594964243 85.5455607010077,27.945643252152 85.5455344019618,27.945710632693 85.5455184674687,27.9458167847102 85.5455500792352,27.9458944426671 85.5455748676216,27.9459398102172 85.5455228304929,27.9460326934271 85.5454197919924,27.9461411468062 85.5453492715925,27.9462596092527 85.5453004731001,27.9463815230588 85.5452442035357,27.9465194670285 85.5452538773073,27.9466097804983 85.5453039722141,27.9466618592158 85.5453908607165,27.9466756648018 85.5455540141324,27.9466838325751 85.5456627111588,27.9466946466066 85.5457753378711,27.9466829492615 85.5458513438109,27.9466966395813 85.5458912468744,27.9466970611391 85.5458974667245,27.9466964373463 85.5460075011246,27.946685401926 85.5461233238739,27.946705956358 85.5461850354041,27.9467033863553 85.5462575001563,27.9467105953888 85.5463585970711,27.9467471032453 85.5464238067602,27.9467542355712 85.5464959311682,27.9467678392988 85.5465122140129,27.946762474385 85.5466493705263,27.9467134161337 85.5467125325127,27.9466686271506 85.5467870001873,27.9466290081559 85.5469242240208,27.9465748996776 85.5469474439224,27.9465397902218 85.5469877914148,27.946499810913 85.5470395798076,27.946454901707 85.5471311072143,27.9464154625987 85.5471940660639,27.946385823204 85.5473199160793,27.946331594266 85.5474228841833,27.9462872250455 85.5474746722982,27.9462423156638 85.5475321470244,27.9461974662684 85.5476237416153,27.9461529768732 85.5476867001854,27.9461233372413 85.5477783622154,27.9460737977947 85.5478642699601,27.9460292482338 85.5479842975005,27.9459850585513 85.5480186875666,27.9459652187022 85.5481385798894,27.9459311287681 85.5482638886272,27.9459172984814 85.5483038301903,27.9459076184239 85.5483380851063,27.945897878381 85.5484292064178,27.9458887380401 85.5484859377643,27.9458994376174 85.5485143034421,27.9459047873975 85.5487588290331,27.9459073657363 85.5487932189415,27.9458875256872 85.5488071971024,27.945877321909 85.5488221169742,27.9458605144042 85.5488516109202,27.9458253851921 85.5488920735528,27.9457839279436 85.5489360775528,27.9457489516811 85.5489582733222,27.9457169673389 85.548977099925,27.9456656164781 85.5490066368271,27.9456272658489 85.5490397581677,27.94559217483 85.5490508990811,27.9455729612703 85.5490730086621,27.9455474196645 85.5491095852439,27.9455252523812 85.5491462479235,27.945496642329 85.5491574318637,27.94547420738 85.5491797566748,27.9454325588581 85.5492091080798,27.9454071050937 85.5492091365756,27.9454070469331 85.5492180771324,27.9453903676548 85.5492400276706,27.9453341227389 85.5492678772697,27.9452673855386 85.549277508237,27.9452443064347 85.5492823411914,27.9451541460361 85.5492746072749,27.9451112790704 85.5492654521732,27.9450605348663 85.5492334073944,27.9450150914596 85.5491472946011,27.9449433034961 85.5490862299348,27.9448975541757 85.5490182117429,27.9448291786975 85.5489936804754,27.9447644834393 85.5489362004032,27.9447219936754 85.548911324713,27.9446830694394 85.5488506047997,27.9446115489874 85.5487719198084,27.9445269517737 85.5487620278716,27.9444527453178 85.5487463465577,27.9443722182616 85.5487431964483,27.9443687791113 85.5487110228835,27.9443329997322 85.5486892705922,27.9443032651765 85.5486827782897,27.9442747089381 85.5486830797637,27.9442521592835 85.5486618317389,27.9442132732534 85.54864054066,27.9441776085997 85.5486269782958,27.944106585267 85.5485983892422,27.9440740654914 85.5485735138136,27.9440351412009 85.5485595207983,27.9439963316544 85.5485419433997,27.9439542624779 85.5485131821218,27.9439346282031 85.5484952170966,27.9439215514336 85.5484630868155,27.9438825506233 85.5484125177321,27.9438659081962 85.5483738889994,27.9438540189792 85.5483486459213,27.943832270769</coordinates></LinearRing></outerBoundaryIs></Polygon></MultiGeometry>
  </Placemark>
  <Placemark>
	<Style><LineStyle><color>ff0000ff</color></LineStyle><PolyStyle><fill>0</fill></PolyStyle></Style>
	<ExtendedData><SchemaData schemaUrl="#river_terrace_Oct2021">
		<SimpleData name="layer">Trunk terrace</SimpleData>
	</SchemaData></ExtendedData>
      <MultiGeometry><Polygon><outerBoundaryIs><LinearRing><coordinates>85.5485131821218,27.9439346282031 85.5485419433997,27.9439542624779 85.5485595207983,27.9439963316544 85.5485735138136,27.9440351412009 85.5485983892422,27.9440740654914 85.5486269782958,27.944106585267 85.5486397871948,27.9441736628562 85.54864054066,27.9441776085997 85.5486461435824,27.9441869940464 85.5486618317389,27.9442132732534 85.5486830797637,27.9442521592835 85.5486827782897,27.9442747089381 85.5486892705922,27.9443032651765 85.5487110228835,27.9443329997322 85.5487431964483,27.9443687791113 85.5487463465577,27.9443722182616 85.5487620278716,27.9444527453178 85.5487719198084,27.9445269517737 85.5488506047997,27.9446115489874 85.548911324713,27.9446830694394 85.5489362004032,27.9447219936754 85.5489936804754,27.9447644834393 85.5490182117429,27.9448291786975 85.5490862299348,27.9448975541757 85.5491472946011,27.9449433034961 85.5492334073944,27.9450150914596 85.5492654521732,27.9450605348663 85.5492823411914,27.9451541460361 85.549277508237,27.9452443064347 85.5492400276706,27.9453341227389 85.5492127917836,27.9454039105574 85.5491797566748,27.9454325588581 85.5491574318637,27.94547420738 85.5491462479235,27.945496642329 85.5491095852439,27.9455252523812 85.5490730086621,27.9455474196645 85.5490508990811,27.9455729612703 85.5490397581677,27.94559217483 85.5490066368271,27.9456272658489 85.548977099925,27.9456656164781 85.5489582733222,27.9457169673389 85.5489360775528,27.9457489516811 85.5488920735528,27.9457839279436 85.5488516109202,27.9458253851921 85.5488221169742,27.9458605144042 85.5487852818153,27.9459020098753 85.5487341087821,27.9459304668337 85.5486758098734,27.9459491831396 85.5486210523317,27.9459743804267 85.548573635978,27.9459932114375 85.5485229366809,27.9459862331529 85.5484829476784,27.9459922551241 85.5484286208575,27.9459852385512 85.548384832001,27.9460041077505 85.5483268776506,27.9459970528812 85.5482688371426,27.9459964407434 85.548214251829,27.946008752353 85.5481451132877,27.9460241322682 85.54808707277,27.9460235200533 85.5480104636843,27.9460549302584 85.5479518629486,27.9460961958916 85.5479044033415,27.9461182480422 85.5478861363815,27.9461277208271 85.5478202373902,27.946172131238 85.547772519135,27.946213511603 85.5477686761049,27.9462295802153 85.5477101182849,27.9462676243605 85.5476516897304,27.9462960043486 85.5476150694989,27.9463213925977 85.5475748217081,27.9463467425583 85.5475236481637,27.9463751990449 85.5474978674012,27.9464039234751 85.5474649177506,27.9464261285848 85.5474282974324,27.9464515167804 85.5473844220045,27.9464768283992 85.5473370483446,27.9464924375898 85.5472714938222,27.9465110767095 85.5471585224553,27.9465485463002 85.5471111056163,27.9465673767864 85.5470965091828,27.946573666375 85.5470453354116,27.9466021226741 85.5469831495943,27.9466401281983 85.5469318463911,27.9466782485795 85.5468698761214,27.9467001471714 85.5467932662287,27.9467315566647 85.5467421354368,27.9467567914692 85.5466724786572,27.9468108271195 85.5466357286301,27.9468458792162 85.546595394155,27.9468776716226 85.5465657697933,27.9469224644326 85.5465215488878,27.946973546759 85.5465030228443,27.9470023475982 85.5464844967906,27.9470311484344 85.5464585861819,27.9470695367752 85.5464511153574,27.9470855670318 85.5464363462598,27.9471047420447 85.5464361737017,27.9471176275434 85.5464542252546,27.947124261837 85.5464868302149,27.9471278279853 85.5465160232969,27.9471152489451 85.5465306629722,27.9471057380477 85.5465488870744,27.9470994868297 85.5465598560435,27.9470931589977 85.546581837113,27.9470772819561 85.5465964767776,27.9470677710513 85.546632968094,27.9470520472194 85.5466695456651,27.9470298806273 85.546691569838,27.9470107821918 85.5467261610794,27.9470014819331 85.5467425282423,27.9469984329127 85.5467552894066,27.9469937349023 85.5467735566075,27.9469842622779 85.5467900531532,27.946971549126 85.5468119910372,27.9469588934205 85.546819332416,27.9469525272676 85.5468320935719,27.9469478292497 85.5468539020658,27.9469448376632 85.5468794028089,27.9469370523073 85.5468903717431,27.9469307244475 85.5469140802628,27.9469213092488 85.5469413947766,27.9469135430291 85.5469794625975,27.9469155558143 85.547001271082,27.9469125642041 85.547021330468,27.9469047213802 85.5470559863321,27.9468905889725 85.5470941619477,27.9468845482865 85.5471268531019,27.9468816715298 85.5471487046945,27.9468754585199 85.5471779191957,27.9468612686454 85.5472269774718,27.9468553427891 85.5472541841624,27.9468556299457 85.5472741141786,27.9468574512118 85.5472977579816,27.9468528680091 85.5473160035578,27.9468450059979 85.5473324569085,27.9468355141536 85.5473851642806,27.9468280158371 85.5474069511842,27.9468266348495 85.5474379794196,27.9468124640594 85.5474780118781,27.9468032210299 85.5475034263336,27.9468018783079 85.5475487276953,27.9468055781838 85.5475887170385,27.9467995564981 85.5476377752711,27.9467936304934 85.5476594759611,27.9467986922186 85.5476902024457,27.9468070710064 85.5477192229087,27.9468073772085 85.5477409667061,27.9468092175444 85.547749906301,27.9468189773599 85.5477770267903,27.9468257071664 85.5477860956868,27.9468258028495 85.5478041903816,27.9468292155908 85.547824120406,27.9468310367774 85.5478422366517,27.9468328388253 85.5478638727155,27.9468427325841 85.5478982698858,27.9468479282207 85.547916386136,27.946849730259 85.5479344808396,27.9468531429835 85.5479654012854,27.9468470255147 85.547989109702,27.9468376101264 85.5480073552299,27.9468297480216 85.5480292714059,27.9468187028039 85.5480474738367,27.9468140620706 85.5480747236172,27.9468111276875 85.548092926045,27.946806486948 85.548118340499,27.9468051441123 85.5481526299525,27.9468183931285 85.5481833133988,27.9468299931851 85.5482051218419,27.9468270013821 85.5482432973862,27.946820960374 85.5482777807411,27.9468197131613 85.5483068012151,27.9468200192396 85.548343162973,27.9468139590738 85.5483849229846,27.946811177662 85.5484066883393,27.9468114072043 85.5484394009912,27.9468069194448 85.548466650763,27.9468039849836 85.5485137659532,27.9468077036706 85.5485337821439,27.9468030819991 85.5485647240859,27.9467953537049 85.5485992720449,27.9467892743442 85.5486247080301,27.9467863207255 85.54866277586,27.9467883330447 85.5486972161328,27.9467903071043 85.5487318717615,27.9467761742647 85.5487592291954,27.9467651862996 85.5487937986707,27.9467574962002 85.5488210914919,27.9467513402897 85.5488339386814,27.9467401993253 85.5488412799313,27.9467338330593 85.5488668020325,27.9467244366384 85.5489014791525,27.9467086930652 85.5489107633707,27.9466926817818 85.548916506161,27.9466701894976 85.5489202629113,27.9466605636053 85.5489295040576,27.9466477736988 85.5489405589788,27.9466350029127 85.5489461510347,27.9466237854515 85.5489535138021,27.9466158084897 85.5489682178019,27.9466014652539 85.5489719960767,27.9465902286706 85.5489775450637,27.9465822325864 85.5489839794064,27.9465758567517 85.5489913098707,27.9465702958214 85.5490087452884,27.9465551759169 85.5490178356983,27.9465536608287 85.5490287721799,27.946549748826 85.5490370633546,27.9465401707298 85.5490509573325,27.9465185698222 85.549052943351,27.9465057034271 85.5490522948283,27.9464863655949 85.5490544315583,27.946462224374 85.5490618588972,27.9464494153374 85.5490792942853,27.9464342954225 85.5490858039676,27.9464222821694 85.5490940951272,27.9464127040691 85.5491024401092,27.9463990992446 85.5491097920847,27.9463919276178 85.5491135380427,27.9463831070636 85.5491227791417,27.9463703171418 85.5491365223763,27.9463599910498 85.5491629620156,27.9463497987837 85.5491821680892,27.9463379193516 85.549205790185,27.9463349465029 85.5492230533131,27.9463327120843 85.5492385457233,27.9463272371674 85.549254070423,27.9463193462143 85.5492696704649,27.9463058178459 85.5492751655977,27.946301848472 85.5492897941687,27.9462931426115 85.5492981391169,27.9462795377737 85.5493046164756,27.9462699405431 85.5493147106121,27.9462611868891 85.5493230232653,27.9462499980839 85.5493258730785,27.9462403626201 85.5493269306465,27.9462290973508 85.5493307196329,27.9462170554103 85.5493344548035,27.9462090401938 85.5493382330253,27.9461978035979 85.5493438034903,27.9461881968071 85.549348424018,27.9461818018376 85.5493593927392,27.946175473772 85.549370329171,27.94617156174 85.5493803587172,27.9461676401496 85.5493949657367,27.9461605449665 85.5494013892671,27.9461549744548 85.5494087519688,27.9461469974655 85.5494142901379,27.9461398067061 85.5494198821177,27.9461285892221 85.5494226888695,27.9461221751351 85.5494282485608,27.9461133736852 85.549433797489,27.94610537758 85.5494356650685,27.9461013699701 85.5494412247576,27.9460925685196 85.5494458990859,27.946082146822 85.5494505734132,27.9460717251241 85.5494580329634,27.946056500028 85.5494600189228,27.946043633624 85.5494592949926,27.946029933204 85.5494585387766,27.9460186488187 85.5494614423805,27.9460049866267 85.5494633530048,27.9459977576367 85.5494662566074,27.9459840954445 85.5494718162876,27.9459752939923 85.5494837241491,27.9459665594378 85.5494865416542,27.9459593400042 85.5494921659017,27.9459457064816 85.5494995070587,27.9459393401764 85.5495077443362,27.9459337887722 85.5495096441944,27.9459273651263 85.5495207958252,27.9459073461827 85.5495246278231,27.9458920828555 85.5495266030093,27.9458800217948 85.549526753669,27.9458687469658 85.5495278434949,27.9458550656586 85.549532496281,27.9458462546469 85.5495380129032,27.9458406745711 85.5495462501711,27.9458351231643 85.549559971775,27.945826407715 85.5495654883947,27.9458208276379 85.5495774500365,27.9458080663495 85.5495785183331,27.9457959957314 85.5495778804759,27.9457758525515 85.5495816586556,27.9457646159467 85.5495871860319,27.9457582305237 85.5495954555735,27.9457502630786 85.5496064888009,27.945739102921 85.5496093493342,27.9457286621042 85.5496104068654,27.9457173968306 85.5496115289605,27.945701299487 85.5496071990093,27.9456859501529 85.5496046397777,27.9456738413105 85.5496047796672,27.9456633718258 85.5496085363183,27.9456537459098 85.5496068947284,27.9456408412783 85.5496061384977,27.9456295568927 85.5496081029081,27.9456183011748 85.549610035036,27.9456094614918 85.5496137701633,27.9456014462655 85.5496174837688,27.945595041729 85.5496193943743,27.9455878127357 85.5496212942189,27.9455813890874 85.5496295960255,27.9455710056045 85.5496297251515,27.9455613414645 85.5496280082364,27.9455540742481 85.5496235814429,27.9455459730193 85.5496191654106,27.9455370664454 85.5496184307,27.9455241713697 85.5496185490662,27.9455153125747 85.54962045967,27.9455080835813 85.5496214418731,27.9455024557221 85.5496224671181,27.9454936064828 85.5496213405322,27.9454871308764 85.549621646323,27.945487154167 85.5496226177653,27.9454823316528 85.5496317834011,27.9454751791051 85.5496337047636,27.9454671447664 85.5496365330047,27.9454591199833 85.5496393612455,27.9454510952002 85.5496421572047,27.945445486452 85.5496404618109,27.9454366085456 85.5496350851005,27.9454317191416 85.5496224641214,27.9454259479466 85.5496153166972,27.9454178180504 85.5496036564025,27.9454080296845 85.5495937883454,27.9453998711196 85.5495884654426,27.9453909549889 85.5495840601797,27.945381243069 85.5495832609089,27.945373180063 85.5495833254734,27.945368347993 85.5495852145551,27.9453627296899 85.5495907526702,27.9453555389206 85.5495926955546,27.9453458938924 85.5495955560771,27.945335453075 85.5496028971853,27.9453290867619 85.5496129804472,27.9453211384257 85.5496221998716,27.9453099591528 85.5496295517369,27.9453027874931 85.5496323369321,27.9452979840899 85.5496370112045,27.9452875623827 85.5496443845878,27.945278780032 85.5496481197,27.9452707648038 85.5496490803785,27.9452667476342 85.5496519624136,27.9452546961251 85.5496512169392,27.945242606394 85.54964861467,27.945233718932 85.5496478046348,27.9452264612711 85.5496497259908,27.9452184269317 85.5496534503402,27.9452112170483 85.5496544325382,27.9452055891885 85.5496581461267,27.9451991846499 85.5496627558314,27.9451935950117 85.5496637595488,27.9451863564616 85.5496702152861,27.9451783698988 85.5496721689195,27.9451679195237 85.5496686705335,27.9451582171616 85.5496624192388,27.9451509021685 85.5496615876829,27.9451452551977 85.5496517734449,27.9451330699121 85.5496492034583,27.9451217664149 85.5496475080677,27.9451128885083 85.5496440204457,27.9451023808006 85.5496386760316,27.945095075362 85.5496342492544,27.9450869741337 85.5496325538655,27.945078096227 85.5496254172225,27.9450691609866 85.5496200943319,27.9450602448573 85.5496257400314,27.945045000635 85.5496294536156,27.945038596097 85.5496331349187,27.945034607594 85.5496360707491,27.9450185293594 85.5496343753609,27.9450096514526 85.5496299808678,27.9449991341891 85.5496282531996,27.9449926723174 85.5496247548225,27.9449829699543 85.549624894706,27.9449725004685 85.5496250668702,27.9449596149475 85.5496251959932,27.9449499508067 85.5496307663641,27.9449403439993 85.5496372220882,27.9449323574372 85.5496528003568,27.9449204397036 85.5496629266157,27.9449092699814 85.5496667370319,27.9448956173362 85.5496723289159,27.9448843998365 85.5496806414211,27.9448732110022 85.5496844733533,27.9448579476661 85.5496855631432,27.9448442663546 85.549687581326,27.944828983908 85.5496913917359,27.9448153312617 85.5496952021448,27.9448016786152 85.5496925891211,27.9447935964989 85.5496954065784,27.9447863770581 85.5497028121999,27.9447751786669 85.5497038051499,27.944768745461 85.5497148490214,27.9447567799438 85.5497194909818,27.9447487742672 85.5497205377278,27.9447383143355 85.5497207636761,27.9447214020878 85.5497263555448,27.9447101845852 85.5497301444263,27.9446981426276 85.5497312664859,27.9446820452797 85.5497331985836,27.9446732055927 85.5497342991237,27.9446587189351 85.549743539995,27.9446459289602 85.5497455043686,27.9446346732376 85.5497503292271,27.9446129766919 85.5497468631271,27.944600858296 85.5497460100513,27.9445968220156 85.549745243049,27.9445863429739 85.5497462682718,27.944577493732 85.5497509102217,27.9445694880537 85.549753759946,27.9445598525757 85.5497566527061,27.9445469957169 85.5497630868784,27.9445406198376 85.5497740984423,27.9445310703497 85.5497769051277,27.9445246562517 85.549782453944,27.9445166601266 85.549789859537,27.9445054617292 85.5497917593497,27.9444990380765 85.5497955374568,27.9444878014613 85.5498038499172,27.9444766126173 85.5498040005392,27.9444653377847 85.5498013659967,27.9444588663605 85.5497951470071,27.9444491353382 85.5497907740359,27.9444370073889 85.549787254142,27.9444289157196 85.5497774614682,27.9444151197533 85.5497757230398,27.9444094632282 85.5497749237585,27.9444014002219 85.5497723322548,27.9443917074165 85.5497725797096,27.9443731844772 85.5497763685725,27.9443611425171 85.5497746731804,27.9443522646112 85.5497766160262,27.9443426195777 85.5497785265952,27.9443353905797 85.5497813547923,27.9443273657909 85.549785996728,27.9443193601107 85.5497870542203,27.9443080948322 85.5497871510491,27.9443008467254 85.5497936605153,27.9442888334274 85.5497965640207,27.9442751712217 85.5497966608487,27.9442679231148 85.5497967469181,27.9442614803532 85.5498060307805,27.944245468991 85.5498161677163,27.9442334939082 85.5498244909124,27.9442214997166 85.549827351378,27.9442110588908 85.5498256667419,27.94420137564 85.5498248674576,27.9441933126337 85.5498241004488,27.9441828335917 85.5498269824301,27.9441707820754 85.5498226309819,27.9441570434364 85.5498236561927,27.9441481941929 85.5498274773161,27.9441337361948 85.5498275956583,27.9441248773972 85.5498304346039,27.9441160472615 85.5498451166214,27.9441033146004 85.5498515292447,27.9440985494058 85.5498570349999,27.9440937746572 85.5498679604442,27.9440906679212 85.5498789074039,27.9440859504938 85.5498862914399,27.9440763627796 85.5498999805155,27.9440700633206 85.5499109382295,27.9440645405452 85.5499155478707,27.9440589508954 85.5499183437766,27.9440533421386 85.5499229641744,27.9440469471431 85.5499275738141,27.9440413574928 85.5499303804766,27.9440349433904 85.5499304235069,27.9440317220093 85.549932044243,27.944023675963 85.5499323663319,27.9440220769724 85.5499306063855,27.9440180311395 85.5499315885555,27.9440124032758 85.5499347499073,27.9440081050013 85.5499363165259,27.9439979548268 85.549936875916,27.9439560768717 85.5499371340956,27.9439367485846 85.5499446472048,27.9439174967229 85.5499450775011,27.9438852829108 85.5499454647671,27.9438562904798 85.549938683168,27.943820778861 85.5499389843754,27.9437982291923 85.5499502109924,27.9437725727795 85.5499614806326,27.9437436949842 85.5499690367512,27.9437212217387 85.5499766358947,27.9436955271112 85.5499769370926,27.9436729774417 85.5499773673749,27.943640763628 85.5499704136621,27.9436181375353 85.5499526206182,27.9435921754254 85.5499239021935,27.943569320057 85.5498881440293,27.9435302813494 85.5498561854671,27.9434783953226 85.54984197689,27.9434556927954 85.5498060036274,27.9434327609745 85.5497665750686,27.9433969054034 85.5497380719086,27.9433579430932 85.5497093105552,27.9433383090644 85.5496840905843,27.943325156011 85.5496624980639,27.9433120411725 85.54964457603,27.9432957431695 85.5496122303058,27.9432728495208 85.5496016492478,27.9432501851915 85.5495984091541,27.9432211545414 85.5496024239419,27.9431922003328 85.5496063526506,27.943169688886 85.5495958576801,27.9431405817942 85.5495781508792,27.9431081768784 85.5495710681617,27.9430952149114 85.549571541593,27.9430597797197 85.5495573761669,27.943033855785 85.5495431677075,27.94301115323 85.5495361280401,27.9429949698805 85.5495220917519,27.9429593817994 85.5495223930349,27.942936832132 85.5495118120254,27.9429141677967 85.5495047293275,27.9429012058268 85.5495014031839,27.9428786179364 85.5494979048775,27.9428689155702 85.5495017044702,27.942856068269 85.5495019196745,27.9428399613636 85.5494948800232,27.9428237780122 85.5494914247601,27.9428108542648 85.5494909388245,27.9428104123599 85.5494770872172,27.9427978158471 85.5494561494765,27.9427850986046 85.5494406142784,27.9427860836129 85.5494217666317,27.9427872786443 85.5494045625466,27.9427829164239 85.5493936161858,27.9427800137875 85.5493859383314,27.9427673900986 85.5493721330934,27.9427435527006 85.5493724310037,27.9427212575648 85.5493757739858,27.9427059627293 85.5493806860512,27.9426906844286 85.549390286748,27.9426768491787 85.5494029325152,27.9426700142278 85.5494202669137,27.9426646223255 85.5494376385476,27.9426564435289 85.5494455770586,27.9426495589705 85.5494411025381,27.9426320912919 85.5494357038386,27.9426250661913 85.5494202922857,27.9426039991557 85.5494165092186,27.9425935069739 85.5494119043733,27.9425857934167 85.5494089244677,27.942573916056 85.5494098393405,27.9425641702011 85.5494092782247,27.9425474405812 85.5494069618391,27.9425446288871 85.5493992095228,27.9425375789832 85.5493883097342,27.9425311927321 85.549374253164,27.9425261668561 85.5493664449934,27.9425232972885 85.5493477742778,27.9425112545744 85.5493392560468,27.9425028029536 85.5493403012622,27.9424833029771 85.5493342949228,27.942463031868 85.5493304560092,27.9424567200222 85.5493235254842,27.9424468914901 85.5493157452504,27.9424419317508 85.5493032763959,27.9424355289578 85.5492939922541,27.9424256756205 85.5492823358733,27.9424171909247 85.5492730238044,27.9424094277551 85.5492645335177,27.9423988859611 85.5492608156441,27.9423835167146 85.5492587320228,27.9423632869433 85.5492494851324,27.9423506467114 85.5492512311078,27.9423374255109 85.5492561152404,27.9423242373829 85.5492601682812,27.9423145246016 85.5492619142545,27.9423013034008 85.549270674529,27.9422916402277 85.5492809573296,27.942285477205 85.5492943875956,27.9422786505301 85.549306211542,27.9422745942103 85.5493196418051,27.9422677675329 85.5493260019058,27.9422615631677 85.5493355746396,27.9422498180887 85.5493450635841,27.9422443435162 85.5493537493696,27.9422402541216 85.5493577465407,27.9422347216751 85.5493641904232,27.9422222468005 85.5493753880834,27.9422063379151 85.5493864274806,27.9422022733205 85.54939436596,27.9421953887635 85.5493975972075,27.9421884546022 85.5493930389261,27.9421772574294 85.5493923288625,27.9421716753776 85.5493893024214,27.9421632816316 85.5493862759808,27.9421548878855 85.5493785795492,27.9421436576428 85.5493773692845,27.9421404658274 85.5493732739712,27.9421296653098 85.5493725825277,27.9421226898119 85.5493728058902,27.9421211603603 85.5493656427091,27.9421135580051 85.5493595898344,27.942096770512 85.5493582628067,27.9420786391776 85.5493570288747,27.9420535406126 85.5493477447588,27.9420436872795 85.549338479264,27.9420324404997 85.5493323705394,27.9420198333438 85.5493309876585,27.9420058823475 85.549331173852,27.9419919478864 85.5493250837498,27.9419779472841 85.5493173687168,27.9419681104845 85.5493159299797,27.9419583398264 85.5493083266665,27.9419401423497 85.5493085501016,27.9419234209964 85.5493175731823,27.9419089534035 85.549319775666,27.9419054219448 85.5493246876975,27.9418901436434 85.5493252094286,27.9418856402964 85.5493264615826,27.9418748322712 85.5493308995936,27.9418677163658 85.5493376871387,27.9418568332178 85.5493346420903,27.9418498329168 85.5493308590545,27.9418393407322 85.5493286901141,27.9418333252136 85.5493285892333,27.9418330454224 85.5493209114483,27.9418204217309 85.5493022687847,27.9418062888449 85.5492994471751,27.9417825671896 85.5492885940157,27.9417726973177 85.5492682519539,27.9417683020147 85.5492463222029,27.9417652836187 85.5492353945686,27.9417609875272 85.5492213846557,27.9417524780239 85.549199510772,27.9417452792824 85.549179261825,27.9417339167361 85.5491607495443,27.9417100297096 85.5491405192295,27.9416972737119 85.5491218393674,27.941685927695 85.5491093799208,27.9416788281644 85.5490938754479,27.941664728327 85.5490751583516,27.9416561691961 85.5490578799693,27.941657380723 85.54902959948,27.9416598699246 85.5490170655503,27.9416583441698 85.5489903727528,27.941659456456 85.5489746075676,27.9416648648492 85.5489588610046,27.9416688797947 85.5489385003536,27.94166587789 85.5489322613255,27.9416630248397 85.5489275913668,27.9416601883289 85.5489150946879,27.9416558756731 85.548902504887,27.9416585302458 85.5488865906996,27.941675086196 85.5488754395905,27.9416875114275 85.5488517172971,27.9417011977798 85.5488406406831,27.9417080492247 85.5488349010122,27.9417161161227 85.5487978474051,27.9417396518735 85.5487753216351,27.9417812236693 85.5487436049407,27.9418059748602 85.5486960484995,27.9418417081859 85.5486580554822,27.9418663931857 85.548610089159,27.9419327822845 85.5485530809205,27.9419712031865 85.548473993827,27.9420177531079 85.548439250632,27.9420341104592 85.5483979330277,27.942072696746 85.5483766928094,27.9421246052991 85.5483523200658,27.9421391105625 85.5483380120638,27.942152896098 85.5483300362588,27.9421625674826 85.5483140473794,27.9421846971412 85.5483090047637,27.9422097295181 85.5483057361819,27.942219450542 85.5482881036801,27.9422471374314 85.5482689952576,27.9422678405436 85.5482467859395,27.9422857236666 85.5482259966217,27.9423147708966 85.548219533971,27.9423286391579 85.5482144540574,27.9423564584204 85.5482111109261,27.9423717532228 85.5482092250685,27.9423954252453 85.5482090014597,27.9424121465892 85.5482071342346,27.9424344251662 85.5482068360886,27.9424567202913 85.5482112265492,27.9424804585067 85.5482155983774,27.9425055901672 85.5482175269121,27.942525047898 85.5482068763882,27.942558896951 85.5482312775097,27.9426332564711 85.5482672070859,27.9426594100631 85.5483174309855,27.94270182356 85.548356643431,27.9427537864197 85.5483886010627,27.942805672765 85.5484057905756,27.9428767343741 85.5484078242856,27.9429959636662 85.5484430648605,27.9430736592882 85.5484750656932,27.9431223242368 85.5484703183848,27.943206041852 85.5485203272565,27.9432645621814 85.5485449871518,27.9433195933758 85.5485587216675,27.9433777312008 85.548568570332,27.9434551590531 85.5485498301125,27.9435000671223 85.5485272470712,27.9435610438353 85.548526210287,27.9436385870366 85.5485243565657,27.9436415591936 85.5485165848002,27.9436801392454 85.5484942601324,27.943721787674 85.5484865744944,27.9437539249647 85.5484934417567,27.9437829938789 85.5484893835725,27.94381516942 85.5484853253854,27.9438473449607 85.5484885221181,27.9438795970031 85.5484986242562,27.9439240315103 85.5485131821218,27.9439346282031</coordinates></LinearRing></outerBoundaryIs></Polygon></MultiGeometry>
  </Placemark>
  <Placemark>
	<Style><LineStyle><color>ff0000ff</color></LineStyle><PolyStyle><fill>0</fill></PolyStyle></Style>
      <MultiGeometry><Polygon><outerBoundaryIs><LinearRing><coordinates>85.5448068172923,27.8775056658427 85.5448531016989,27.8774601546992 85.5449296154875,27.8774311977642 85.5449656753743,27.8774305449376 85.5449763816212,27.8774350736603 85.5450675761833,27.8774468595298 85.5452012511178,27.877469917058 85.5452313359854,27.8774972931464 85.5453161521322,27.8775306584541 85.545388500553,27.8775855390722 85.5454858568844,27.8775919779544 85.5455648007749,27.8776090459795 85.5456745525877,27.877599380315 85.5457726317785,27.8775517093511 85.5457972057737,27.8775357333752 85.5459557440711,27.8775211703405 85.5459622669925,27.8774887687721 85.5459382712192,27.877461457059 85.545780817226,27.8773948556072 85.5456655546401,27.8773611694152 85.5456113294601,27.8773173035808 85.5455266579638,27.8772731165284 85.54542328494,27.8772612024769 85.5454101314641,27.8772526423392 85.5454153398628,27.8772308499515 85.5452813761752,27.8770476112867 85.5452149343694,27.8769155920042 85.5452285948471,27.8767440123336 85.5452388491898,27.876724870081 85.5452860036739,27.8767104637611 85.5454213405933,27.8766090688666 85.5454951343374,27.8765557301234 85.545593646364,27.8764755934579 85.5457161537333,27.8764227684644 85.5458016919925,27.8764020237978 85.5458687457314,27.8763973193052 85.5459115148424,27.8763869469304 85.5459908915517,27.8763715488882 85.5460946251295,27.8763564076547 85.5461804523068,27.8763140188824 85.5462357610745,27.8762767199896 85.5463276051024,27.8762398062942 85.5464743242451,27.8761980593444 85.5465232546826,27.8761823400029 85.5466208988108,27.8761671341692 85.5466941138332,27.8761570824897 85.5467428997651,27.8761521850042 85.5468714232411,27.8761048340988 85.5469146977001,27.8760565846254 85.5469518106966,27.8760136819306 85.5469709449246,27.8759489428297 85.5469838454964,27.8758949614894 85.5470211028378,27.8758412368342 85.5470097910281,27.8757761768645 85.5470471205266,27.8757170412304 85.5471271464939,27.8756529437848 85.5471828878441,27.8755831786669 85.5471957160546,27.8755346082679 85.5471417799342,27.8754690991575 85.5470692153078,27.8754304523711 85.5469230029407,27.8754343232239 85.5467831686444,27.8754166142277 85.5466500014243,27.8753556815314 85.5465431936179,27.8753640368746 85.5465417381065,27.8753680695965 85.5465230732928,27.8753976373452 85.546492230126,27.8754270767039 85.5464491002336,27.8754645041157 85.546390711251,27.8755044765014 85.5463690740298,27.8755286011595 85.5463170270335,27.8755496993245 85.5462648355149,27.8755816194036 85.5462032934307,27.8756296760528 85.5461209449592,27.8756396311684 85.5460141313486,27.8756574458249 85.5459252961833,27.8756970969219 85.5458215632209,27.8757122380523 85.5457637882364,27.8757062169465 85.5456630637005,27.8757240955526 85.5455862621664,27.8757746968164 85.5455002544853,27.8758306126424 85.5454636109001,27.8758383436548 85.5453899622364,27.8758808604745 85.5452894905423,27.8758798004221 85.5452130502551,27.8759033466436 85.5451433860602,27.8758755529149 85.5450979340459,27.8758588381077 85.545030989095,27.8758554257909 85.5450090417282,27.875839440041 85.5449871678792,27.8758306105669 85.5449339597871,27.8758246373084 85.5449339597544,27.8758246372991 85.5448945246972,27.8758133976631 85.544893588786,27.8758132024551 85.5448535311579,27.8758048474219 85.54483723791,27.875770852164 85.5448350116809,27.8757680862302 85.5448207638625,27.8757503843135 85.5448011729046,27.8757352952904 85.5447917392953,27.8757332850938 85.5447754927691,27.8757201419946 85.5446779211806,27.8757299355641 85.544562516046,27.8757070704478 85.5445033470284,27.8757064458165 85.5444589999585,27.8757059776565 85.5443253997126,27.8756775085283 85.5442653037803,27.8756173450289 85.5441688797113,27.875549493231 85.5441325719903,27.8755239441729 85.544035434715,27.8755012715203 85.5439632330765,27.8754355683305 85.5438661682904,27.875407484601 85.5437572230557,27.8753685050209 85.5437570699856,27.8753684502539 85.5437563182974,27.8753680095395 85.5437090837479,27.8753403159473 85.5434997108988,27.8751196364593 85.5434358396682,27.8747957169509 85.5435072773261,27.8745540380352 85.5435269167264,27.8744687653635 85.5435903962332,27.8743979907795 85.5435909390884,27.8743574085663 85.5436103282825,27.874273731615 85.5436295726875,27.8742008765829 85.5436148927916,27.8741601335733 85.5435882156754,27.8741057345195 85.5435679171944,27.8740297559333 85.5435626966804,27.8739647600693 85.5435271393545,27.8738913261578 85.5434638555113,27.8738419521112 85.543424964206,27.8737901298616 85.5433831007918,27.8737328644765 85.5433608107751,27.873726458134 85.5433043922292,27.8737102429587 85.5432951350752,27.8737075823731 85.5432530907727,27.8736638443555 85.5431681334768,27.8736412998212 85.5430737168085,27.8736430080497 85.5429842245994,27.873609713014 85.5428986546756,27.8735275118747 85.5428745156951,27.8735110215968 85.5427835419717,27.8734830015223 85.5427785391922,27.8734017727607 85.5427729570722,27.8733638316831 85.5427370745766,27.8733147469118 85.542719531654,27.8732604442401 85.5426900279396,27.8731897799715 85.5426726299029,27.8731246553734 85.5426616106051,27.8730379512891 85.5426381235818,27.872972762329 85.542614636585,27.8729075733654 85.5426030379468,27.8728641569612 85.5425978904583,27.8727937501133 85.5426110100032,27.8727235363443 85.5425813616379,27.8726636939767 85.5425777073488,27.8726578508362 85.5425711404334,27.8726311155813 85.5425501548397,27.8726065409933 85.542535258257,27.8725820307651 85.5425263963599,27.8725616431188 85.5425159216806,27.8725480030819 85.5424886298273,27.8725395970038 85.5424748028261,27.872548921364 85.5424670286071,27.8725610155686 85.5424640342907,27.8725815274583 85.5424606679895,27.8725812423048 85.5424542892615,27.8726028217806 85.5424597988119,27.8726461738299 85.5424775588115,27.8726842436494 85.542484083765,27.8726925689713 85.5424860766634,27.8727303333605 85.5424932895594,27.8727601740987 85.542483630919,27.8727993070139 85.5424740265947,27.8728343817077 85.5424781768764,27.8728655430036 85.542479463729,27.8728831447158 85.5424760027385,27.8729142255544 85.5424694248028,27.8729506851698 85.5424706392223,27.8729736978421 85.5424687548056,27.8730007365513 85.5424623217261,27.8730263742454 85.5424785052012,27.8730684861936 85.5424852327114,27.8730795553323 85.5424900313756,27.8731173135662 85.5425019197145,27.8731390861373 85.5425014851282,27.8731715518979 85.5425069947154,27.8732149039436 85.5425246823849,27.8732583847183 85.5425301919841,27.8733017367631 85.5425299022636,27.8733233806033 85.5425417182015,27.8733505641315 85.5425533168575,27.873393980539 85.5425526649937,27.8734426791792 85.5425523028464,27.8734697339791 85.5425515785503,27.8735238435786 85.5425325870805,27.8735777600849 85.5425138128864,27.8736154437081 85.5425071443692,27.8736586670203 85.5424999688158,27.8737397670492 85.542475177946,27.8737719753386 85.5424624203306,27.8738151342789 85.542449807576,27.8738474712984 85.5424368326307,27.8739068631133 85.5424363255742,27.8739447398286 85.5424304062364,27.8740078140566 85.542426250273,27.8740149857443 85.5424106653784,27.8740418796137 85.5423948269388,27.8740877118378 85.5423821779088,27.8741227543275 85.5423726096351,27.8741551235226 85.5423688044624,27.8742119064053 85.5423686233601,27.8742254338027 85.5423802220228,27.8742688502203 85.5423676816261,27.8742957762685 85.5423521691159,27.8743172591693 85.5423213614078,27.8743439920886 85.5423119017599,27.874368244839 85.5423174113089,27.8744115968845 85.5423199487527,27.874449505783 85.5423042913202,27.874481810594 85.5423006672054,27.8745250660741 85.5423033857571,27.8745494475759 85.5422999427521,27.8745791756593 85.5423025164136,27.874614379078 85.5423050176308,27.8746549934549 85.5422986749539,27.8746738674323 85.5423040785221,27.8746837635581 85.5423001109373,27.8746963801346 85.5423064226489,27.8747206254672 85.542303813223,27.8747449506385 85.5423142609062,27.8747606198037 85.5423231953671,27.8747755965042 85.5423236848392,27.8747958956452 85.5423325740262,27.8748142541943 85.5423453594753,27.8748258892796 85.5423649408629,27.8748416550044 85.5423807708828,27.8748533222739 85.5423894608686,27.8748865609555 85.5423945353114,27.8749055556371 85.5424126125475,27.8749199525227 85.5424253980174,27.8749315876012 85.5424320671917,27.8749451874162 85.5424395246743,27.8749567661679 85.5424537962155,27.8749711228162 85.5424603205181,27.8749955445471 85.5424700071046,27.8750112056553 85.542477410267,27.8750268426241 85.5425015313999,27.8750446857182 85.5425126587906,27.8750664502444 85.5425192102748,27.8750888428634 85.5425311803061,27.8751045281059 85.5425414560215,27.8751330482824 85.5425458055749,27.875149329434 85.5425577756163,27.8751650146744 85.5425758710249,27.8751780588009 85.5425886293796,27.8751917229752 85.5425922449608,27.8752059669702 85.5425890011958,27.8752208149239 85.5425788890276,27.8752369432053 85.542584824257,27.8752485058585 85.5426006362506,27.8752615258449 85.5426171369601,27.875279964834 85.5426245220526,27.8752969545355 85.54261447326,27.8753083482304 85.5426112838185,27.8753191379654 85.542623933546,27.8753409185749 85.5426350338274,27.875364712202 85.5426340553889,27.8753809370325 85.5426246953022,27.8753977497319 85.5426176095935,27.8754152629372 85.5426294076478,27.8754437991991 85.5426346179633,27.8754526483256 85.5426466061568,27.8754669808198 85.5426562475404,27.8754860237656 85.5426596639548,27.8755151478953 85.5426670128532,27.8755348430741 85.5426834230769,27.8755600457548 85.5426860602464,27.8755905145783 85.5426955205745,27.8756230849183 85.5427150025646,27.8756462906671 85.5427200680404,27.8756659617081 85.5427478592866,27.8756939905374 85.5427330081964,27.8757229215852 85.5427067942083,27.8757476737346 85.5426896958715,27.875773875162 85.5426824109627,27.8758062685049 85.5426941185346,27.87584156846 85.5426929499689,27.875871997056 85.5426788962016,27.8758982306619 85.542661752563,27.8759278139331 85.5426598590532,27.8759555290033 85.5426557364192,27.8759791617181 85.5426356387054,27.876001949105 85.5426178063224,27.8760261133654 85.5426128048205,27.8760585308394 85.5426056647357,27.8760801022593 85.5425769951442,27.876117681266 85.5425802304582,27.8761603327898 85.542590542491,27.8761861474838 85.5425854866443,27.8762226231738 85.5425795790968,27.8762658545147 85.5425587020512,27.8762899865802 85.5425462882083,27.8763074434538 85.5425215963352,27.8763322116515 85.5424985263602,27.8763495558706 85.5424920749415,27.8763765462862 85.5424933437002,27.8763955007307 85.5424686427392,27.876420945287 85.5424575519516,27.8764532983774 85.5424555949863,27.8764857480282 85.5424446671867,27.876505926463 85.5424230289107,27.8765300504574 85.542404254121,27.8765677340293 85.5423932900796,27.8765906179376 85.5423916047675,27.8766027764969 85.5423516987781,27.8766267073453 85.542333268084,27.8766386888599 85.5423116297564,27.8766628128345 85.5423051601565,27.8766911559769 85.5422850078936,27.8767180015202 85.5422767988067,27.8767272546812 85.5422695493394,27.8767354261731 85.5422697160787,27.876744760133 85.5422704195658,27.8767841408793 85.5422546349541,27.8768259148348 85.5422286592573,27.87685273908 85.5422222136032,27.8768593952944 85.542200394062,27.8768970466392 85.5421893755984,27.8769239887447 85.5421523510336,27.8769601263733 85.5421337572232,27.8769842825092 85.5421196216476,27.8770166033691 85.5421176464482,27.8770504057474 85.5420912236592,27.8770907142562 85.5420770155916,27.8771284460663 85.5420672114099,27.8771784008197 85.542070111109,27.8771892549279 85.5420763859533,27.8772000971972 85.5420735784348,27.8772056534359 85.5421007172023,27.8773161390823 85.5421064479707,27.8773181675807 85.5421138059315,27.8773371864153 85.5421197140407,27.8773507781961 85.5421317114192,27.8773644343671 85.5421601463305,27.8774012641711 85.5421660725639,27.8774135032111 85.5421779793797,27.8774339230734 85.5421793386623,27.8774461138214 85.5422005424277,27.8774544556134 85.5422233228584,27.8774587552818 85.5422566870637,27.877468578577 85.5422656579488,27.8774808498056 85.5422837989766,27.8774905121319 85.5422882934782,27.877495971376 85.5422942378446,27.877506857672 85.5422910301831,27.8775190001316 85.5422755896239,27.8775350720399 85.5422556726719,27.8775443319623 85.5422402321039,27.8775604038663 85.5422263138512,27.877576491865 85.5422184369054,27.8775827564344 85.5422078467486,27.8775911788325 85.5421909563064,27.8776018236776 85.542180173258,27.8776111801704 85.5421753526835,27.8776300702241 85.5421752258768,27.8776395393967 85.5421734499421,27.8776584616447 85.5421881659302,27.8776964993074 85.5421909026167,27.8777195280637 85.542185955232,27.8777478872899 85.5421903229325,27.8777628157097 85.5422036977658,27.8777873098844 85.5422080654701,27.8778022383037 85.5422094247587,27.8778144290511 85.5422076488257,27.8778333512991 85.5422012334599,27.8778576362116 85.5421979352002,27.8778765423622 85.5421992220276,27.8778941440652 85.5422010029753,27.8778966975118 85.5422096790334,27.8779091368728 85.542209425423,27.8779280752177 85.5422107122525,27.8779456769205 85.5422121258874,27.877953809451 85.5422164211385,27.8779741488256 85.542225373943,27.8779877727964 85.5422327319645,27.8780067916254 85.5422416666589,27.8780217683341 85.5422535373211,27.878044893669 85.5422547879291,27.8780652008494 85.5422636682875,27.8780842357735 85.5422770975167,27.8781046717254 85.5422828969981,27.8781263799335 85.5422934446072,27.8781346090409 85.5423022706354,27.8781577021797 85.5423173127784,27.8781713905295 85.5423291834718,27.8781945158587 85.5423274075501,27.8782134381078 85.5423255591723,27.8782377713126 85.5423328085438,27.8782649065704 85.542346237807,27.8782853425163 85.5423643427464,27.8782977103141 85.5423882834278,27.8783290808361 85.5423986137081,27.8783535428036 85.5424057725396,27.8783874417529 85.5424069144992,27.8784158653657 85.5424157586846,27.8784376057591 85.5424227545104,27.8784836793579 85.5424192570231,27.8785174656411 85.5424203446472,27.8785499474702 85.5424169739467,27.8785742645805 85.5424088732235,27.8786107080552 85.5424056474231,27.8786242032538 85.5424115194053,27.8786405005013 85.5424143648318,27.8786554128195 85.5424156516975,27.8786730145203 85.5424184971252,27.8786879268383 85.5424227924376,27.878708266207 85.5424164313977,27.8787284929097 85.5424146554779,27.8787474151588 85.5424157430997,27.878779896987 85.5424077329237,27.8788095767657 85.5423984539926,27.8788203021043 85.5423874172462,27.8788485969516 85.5423884867458,27.8788824315181 85.5423836480266,27.8789026743137 85.5423695665889,27.8789309369675 85.5423618099824,27.8789416783988 85.5423508456691,27.8789645622866 85.5423459344819,27.8789902160355 85.5423366917571,27.8789982358913 85.5423182425327,27.8790115701234 85.5423119059639,27.8790163798402 85.5422871102121,27.8790867701537 85.5422836886705,27.8790997219812 85.5422684499634,27.8791199545213 85.5422378219755,27.8791331599646 85.5422177235629,27.879155947255 85.5422037326273,27.8791774461946 85.5421898503837,27.8791908287006 85.5421774361301,27.8792082855191 85.5421737936008,27.8792528936979 85.5421735580862,27.8792704793001 85.5421610532369,27.8792946998095 85.5421561601034,27.8793190008095 85.5421556890671,27.8793541720132 85.5421430211506,27.8793905671675 85.5421288852309,27.8794228880057 85.5421300271158,27.8794513116143 85.5421463199985,27.8794853071635 85.5421534788083,27.8795192061204 85.5421548381029,27.8795313968659 85.5421667451291,27.8795518167319 85.5421848502508,27.8795641845583 85.5422058007927,27.8795914647028 85.5422131770219,27.879609130794 85.5422175085562,27.8796267646892 85.5422172549287,27.8796457030293 85.5422169831847,27.879665994108 85.5422190563044,27.8796703449938 85.5422273497707,27.87968775061 85.5422437876441,27.8797109242404 85.5422542629345,27.8797245643091 85.5422615486009,27.8797489940909 85.542267474961,27.8797612331278 85.5422763735615,27.8797789153134 85.5422884074443,27.8797898659998 85.5423064039272,27.8798103502435 85.5423182566651,27.8798348283136 85.5423317223351,27.8798525587864 85.5423528541143,27.8798663115249 85.5423678964898,27.8798799998751 85.5423753089921,27.8798949604814 85.5423842981922,27.8799058789676 85.5424084928084,27.8799183111517 85.5424372544894,27.8799307916185 85.5424539279189,27.8799363796236 85.5424780138708,27.879956928228 85.5424976957877,27.8799652538956 85.5425111796157,27.8799816316136 85.5425248083494,27.8799871874209 85.5425551829784,27.8799929202653 85.5425824223428,27.8800053846088 85.5426081031359,27.8800205383308 85.5426292349838,27.8800342910291 85.542651907303,27.8800467070789 85.5426824507274,27.880060683278 85.5427379407691,27.880061269815 85.5427446079595,27.8800598633867 85.5427553549945,27.8800532123379 85.5427722457767,27.8800425674397 85.5427892814313,27.8800211006284 85.5428047041785,27.8800063814176 85.5428322695373,27.8799944964131 85.5428735722936,27.8799800507428 85.5429025513446,27.879976298248 85.5429603102615,27.8799836733685 85.5430043861055,27.8799895509226 85.5430348694037,27.8799871672282 85.5430758824398,27.8799943653207 85.5431076527219,27.8800095833063 85.543151583747,27.8800262827265 85.5431727699827,27.8800359771269 85.5431985232878,27.8800457197859 85.5432197095317,27.8800554141793 85.5432438499713,27.8800719044387 85.5432634957653,27.8800829354781 85.5432800063344,27.8801006980377 85.5432844285757,27.8801115682098 85.5432964988058,27.8801198133347 85.5433346482269,27.8801134517885 85.543383417933,27.880109908307 85.5434153150067,27.88011565705 85.543448824947,27.8801146581741 85.5434852709946,27.8801218078938 85.5435201946909,27.8801289415202 85.5435474704085,27.8801387001997 85.5435763408871,27.8801430639998 85.5436234977501,27.880146268047 85.5436385222301,27.8801613090049 85.5436459168288,27.880177622289 85.5436624274762,27.8801953848055 85.5436925850546,27.8802173502758 85.5437198427131,27.8802284616618 85.5437303725344,27.880238043408 85.5437392533146,27.8802570782479 85.5437556373058,27.8802843099297 85.5437917576843,27.8803158088802 85.5438293823467,27.8803486766417 85.5438488291908,27.880374587735 85.5438683303328,27.8803964406075 85.5438694169038,27.8803975945099 85.5439624458254,27.880468162617 85.5440316622893,27.8805548792969 85.5440382219599,27.8805578808062 85.5440548593872,27.8805661741028 85.5440820628904,27.8805813436399 85.5441060769262,27.8806073029331 85.5441226962732,27.8806169489615 85.5441499178918,27.8806307657464 85.5441725362394,27.8806472397749 85.544192109865,27.8806636816468 85.5442132963223,27.8806733758945 85.5442158053092,27.8806760628153 85.5442388146829,27.8807007039822 85.5442445965811,27.8807237648595 85.5442565764949,27.8807387736029 85.5442672511457,27.8807375333944 85.5442956157913,27.8807325392658 85.5443083731079,27.8807366146953 85.5443569802645,27.8807452455358 85.5443936436733,27.8807361621489 85.5444256857107,27.8807310887489 85.5444516382833,27.8807259510465 85.5444820855944,27.8807262725184 85.5445080200751,27.8807224875449 85.54453705355,27.8807146764929 85.5445523676448,27.8807080735213 85.54458431923,27.8807097637828 85.5446240092539,27.8807020652177 85.5446515384377,27.8806928853293 85.5446728153778,27.8806958158089 85.544706054208,27.8807151077317 85.5447576699538,27.8807264760535 85.5448003504505,27.8807228677978 85.5448261764142,27.8807271992037 85.5448520023802,27.8807315306048 85.5448809635003,27.8807291304393 85.5449068256367,27.8807307563503 85.5449249312769,27.880743123834 85.5449461901528,27.880747407012 85.5449704937632,27.8807517223229 85.5449901398634,27.8807627531263 85.5450036603363,27.8807764251366 85.5450202436286,27.8807887765406 85.5450399078227,27.8807984545973 85.5450533378968,27.8808188903033 85.5450529762583,27.8808459451044 85.5450482464174,27.8808580715632 85.5450404175931,27.8808742241073 85.5450417229759,27.8808904730551 85.545047486972,27.880914886645 85.5450625298392,27.8809285747175 85.5450973815886,27.8809411189174 85.5451352780848,27.8809536952416 85.5451503571302,27.8809646778248 85.5451607967474,27.8809810231687 85.5451787939753,27.8810015070618 85.5451971166548,27.8809976416308 85.5452157466936,27.8809707796152 85.5452252425082,27.8809438212049 85.5452166145327,27.8809058480888 85.5452065184347,27.8808638006862 85.5452115736979,27.8808273248986 85.5452016584081,27.880771750094 85.5452005518823,27.8807406210048 85.5451830247766,27.8806849658711 85.5451629362963,27.8806597988953 85.5451699562997,27.8806374753738 85.5451734349559,27.8806050417413 85.5451737965608,27.8805779869378 85.5451528450751,27.8805507072128 85.5451378745687,27.8805316081904 85.545128957358,27.8805152789116 85.5450896652185,27.8804932173432 85.5450807118554,27.8804795935419 85.5450565710345,27.8804631035912 85.5450203959811,27.8804356631775 85.5450085787296,27.8804084798361 85.545005967979,27.8803759819384 85.5449953661451,27.8803465598888 85.5449912868388,27.8803352390597 85.5449920243648,27.8803293882738 85.544994693205,27.8803082163924 85.544974031134,27.8802592928009 85.5449592053586,27.8802293718401 85.5449533329153,27.8802130746869 85.5449173388005,27.8801721068483 85.5449025492182,27.8801394804018 85.5449063172618,27.8800854029343 85.5448855467682,27.8800445957719 85.5448372653829,27.8800116158057 85.5448322009041,27.8800077741415 85.5448255567235,27.8799763160099 85.5448077586519,27.8799409519358 85.5448143905973,27.8799004340106 85.5448272566235,27.8798491584405 85.5448005052949,27.8798001705494 85.5448101819363,27.8797596847621 85.5447956817853,27.8797054144637 85.5447779199327,27.8796673449061 85.5447813624915,27.8796376167626 85.5447759241294,27.8795888538396 85.5447491005438,27.8795452769005 85.54471006202,27.8795042768755 85.5446770442942,27.8794772339487 85.5446710958679,27.8794578658798 85.5446534426107,27.8794116798675 85.544656957535,27.8793765407666 85.544660653313,27.8793278742641 85.544648908603,27.8792952799352 85.5446310745187,27.8792626213215 85.5446133851342,27.8792191407849 85.5446200170945,27.879178622866 85.5446357831099,27.879138201372 85.5446241469408,27.8790974906003 85.544606493755,27.8790513045826 85.5445947852598,27.8790160047693 85.544595581053,27.878956484203 85.5446020683106,27.8789267882044 85.5446240683375,27.8788756090721 85.5446153683596,27.8788430468822 85.5446006513749,27.8788050094468 85.5445775599928,27.8787100604946 85.5445993791233,27.8786724087656 85.5446276854655,27.8786050610302 85.5446222110308,27.8785590035792 85.5446137281017,27.8785102085057 85.5446206132029,27.8784507522175 85.5446245259706,27.8783858528258 85.5446347450823,27.8783047848317 85.5446171281752,27.8782558933343 85.5445933496186,27.8782123485128 85.5445855641328,27.8782047748485 85.5445968283337,27.8781799148874 85.5445823646342,27.8781229390858 85.5445918603214,27.8780959807049 85.5446263643234,27.8780205807998 85.5446154516642,27.8779257604113 85.5446100857662,27.8778715865146 85.5446069093813,27.8778557467205 85.544727839202,27.8776377520788 85.5447630176862,27.8775573122168 85.5447811721355,27.8775183311233 85.5448068172923,27.8775056658427</coordinates></LinearRing></outerBoundaryIs></Polygon></MultiGeometry>
  </Placemark>
  <Placemark>
	<Style><LineStyle><color>ff0000ff</color></LineStyle><PolyStyle><fill>0</fill></PolyStyle></Style>
      <MultiGeometry><Polygon><outerBoundaryIs><LinearRing><coordinates>85.5396131065449,27.867371922704 85.53965123349,27.8673669147437 85.5396787052036,27.8673617939375 85.5396924954742,27.8673551753139 85.5397261828493,27.8673406497984 85.5397430900151,27.8673286524491 85.539759888353,27.8673247715347 85.5397980515505,27.8673170580538 85.5398041946607,27.8673130643072 85.5398288940524,27.8672876201409 85.5398366681526,27.867275526073 85.5398535752964,27.8672635287093 85.5398582324996,27.8672568133635 85.5398736718718,27.8672407416609 85.5398815910497,27.8672178256732 85.5398894920884,27.8671962624245 85.5398972480394,27.8671855210921 85.539903445545,27.8671774691217 85.5399142775051,27.8671614096649 85.5399166107073,27.8671606968684 85.5399258525554,27.8671526771301 85.5399404492088,27.8671426846891 85.5399496638514,27.8671366940586 85.5399649581155,27.8671314442617 85.5399726324488,27.8671267902531 85.5399757311968,27.8671227642663 85.5399757311972,27.8671227642661 85.5399979659047,27.8671108232886 85.5400209163585,27.8671022722145 85.5400309374139,27.8670929077866 85.5400532990442,27.8670714976216 85.5400732232759,27.8670615615682 85.5400947875398,27.8670428488179 85.5401148386916,27.8670234435796 85.5401430441874,27.8670203598434 85.5401576226715,27.8670117201176 85.5401744300137,27.8670071627802 85.5401996455574,27.8669999885851 85.540215012317,27.8669893277999 85.5402364496245,27.8669800842048 85.5402502398144,27.866973465522 85.5402610219237,27.8669641091324 85.5402787535155,27.8669473851791 85.5403009972205,27.8669347677799 85.5403140625764,27.8669254355543 85.540333189414,27.866918196885 85.5403630258253,27.8669070127746 85.5403760549139,27.8669003860227 85.5403852695128,27.8668943953611 85.5404013973244,27.8668837426093 85.5404174888753,27.8668757953355 85.5404343415085,27.8668678561151 85.5404496900987,27.8668585480419 85.5404589409467,27.866849851895 85.5404681646009,27.8668431848575 85.5404850897374,27.8668298346704 85.5404966872803,27.8668164280958 85.5405204077837,27.8668072086192 85.5405494830627,27.8667960164116 85.5405633004017,27.8667873685855 85.5405817295593,27.8667753872349 85.540603837247,27.8667729153349 85.540616766611,27.8667737286297 85.5406472552844,27.8667706689502 85.5406595232563,27.8667640341159 85.5406832074848,27.8667575200906 85.5407090480861,27.8667604994042 85.5407287728304,27.8667654433935 85.5407394189431,27.8667662325155 85.540759179939,27.8667684710201 85.5407721546152,27.8667659024497 85.5407767754919,27.8667618925499 85.5407867964522,27.8667525280629 85.5407975603705,27.8667445243688 85.5408097739594,27.8667419477414 85.5408250318828,27.8667394033257 85.540846405661,27.8667348942227 85.540867788499,27.8667297087461 85.5408868337154,27.8667285573285 85.5409012943064,27.866728710332 85.5409195874999,27.8667268744869 85.5409340933967,27.8667236456361 85.5409569440303,27.8667225344717 85.5409714771083,27.8667172765063 85.5409791423104,27.8667132988089 85.5409974717436,27.8667087574725 85.5410073658309,27.8667088621513 85.5410172236756,27.8667116723101 85.5410309322421,27.8667111408776 85.541046914999,27.8667113099699 85.5410576154723,27.866708040846 85.5410660508148,27.8667033948252 85.541076017384,27.8666980885373 85.5410882128417,27.8666968646252 85.5410995928549,27.8666996908817 85.5411048932599,27.8667017763539 85.5411177954415,27.8667046187122 85.5411284506125,27.8667047314339 85.5411390967237,27.8667055205249 85.5411519989068,27.86670836288 85.5411633970426,27.8667098363909 85.5411664594968,27.8667085158556 85.5411862748515,27.8667066960775 85.5411908504132,27.8667060680143 85.541196196118,27.8667047716319 85.5412015327632,27.8667041516196 85.5412099228024,27.866702887441 85.541214189,27.8667032776604 85.5412182856633,27.8667036523728 85.5412266485244,27.866704417304 85.5412312422044,27.866702436499 85.5412381644315,27.8666970979952 85.5412428124664,27.8666910589682 85.5412441413339,27.8666865632507 85.5412497890473,27.8666816622422 85.5412574995331,27.8666743026774 85.5412675204453,27.8666649381535 85.5412736725259,27.8666602679674 85.5412852156021,27.8666509195435 85.5412928807888,27.8666469418279 85.5413012979993,27.8666436485328 85.541312007518,27.8666397030182 85.5413189569134,27.8666323353992 85.54132817144,27.8666263446715 85.5413350664817,27.8666230352734 85.5413450239726,27.8666184053355 85.541352725389,27.8666117221353 85.5413528340912,27.8666036056915 85.5413506051933,27.8665995233189 85.541348367237,27.8665961173166 85.5413461564565,27.8665906822033 85.5413470443591,27.8665812210692 85.5413494000758,27.8665758342576 85.5413510671777,27.8665650284331 85.5413565034586,27.866556968341 85.541365020303,27.8665462349681 85.5413711904893,27.8665402120364 85.5413819090536,27.8665355901456 85.5413965145536,27.866524921171 85.5414194647832,27.8665163698544 85.5414286430624,27.8665130846007 85.5414370602587,27.8665097912966 85.541451602345,27.8665038569082 85.5414647219006,27.8664904663451 85.541475512918,27.8664804334838 85.5414870831307,27.8664690559303 85.5414917673722,27.8664603114124 85.5414995231136,27.8664495699808 85.5415080127629,27.8664408657091 85.5415172544353,27.8664328458565 85.5415348589491,27.8664255909151 85.541548667109,27.8664176193554 85.5415609259319,27.8664116608073 85.5415732028677,27.8664043495172 85.5415824445322,27.86639632966 85.5415918220496,27.866378164246 85.5416018338489,27.8663694760657 85.541611093622,27.8663601034654 85.5416164936461,27.8663547488434 85.5416264963845,27.8663467370315 85.5416364810082,27.8663400779597 85.5416457407758,27.8663307053569 85.5416534421533,27.866324022138 85.5416741815296,27.8663100356674 85.5416903453583,27.8662966772741 85.5417033833535,27.8662893740198 85.5417247841808,27.8662828356642 85.5417332556871,27.8662754841182 85.541746311789,27.8662668281187 85.5417577642245,27.8662642433563 85.5417738374787,27.8662576486572 85.5417868573525,27.8662516981355 85.5418013903308,27.8662464400784 85.5418166391108,27.8662445719198 85.5418303566737,27.8662433640349 85.5418448805936,27.8662387823436 85.5418578461302,27.8662368900379 85.5418707845009,27.8662370268426 85.5418791744981,27.8662357626216 85.5418906088176,27.8662345305888 85.5419035290783,27.8662360201314 85.5419161001595,27.8662373961884 85.5419172104201,27.8662375177198 85.541924848391,27.8662355690785 85.5419294873132,27.8662302063963 85.5419295785588,27.8662296149375 85.5419303208321,27.8662248034791 85.5419334738115,27.8662167192206 85.541943494624,27.8662073546432 85.5419488855698,27.8662026763776 85.5419573298912,27.8661973539285 85.5419634728617,27.8661933600797 85.5419787850137,27.8661867573089 85.5419910709515,27.8661787696089 85.5419995695951,27.8661693889338 85.542006546077,27.866159992165 85.5420142383665,27.8661539852951 85.5420265152439,27.8661466739622 85.5420303659149,27.8661433323414 85.5420410934679,27.866138034026 85.5420453125863,27.8661365857137 85.542062426321,27.8661211156978 85.5420702589628,27.8661200777781 85.5420794734057,27.8661140869966 85.5420871385268,27.866110109234 85.5420978389128,27.8661068400257 85.5421063103807,27.8660994884551 85.5421162949533,27.8660928293463 85.542127783577,27.8660875390697 85.5421354577479,27.8660828849337 85.5421416188125,27.8660775383351 85.5421515852742,27.8660722319648 85.5421585164702,27.8660662170406 85.5421654657719,27.8660588493747 85.5421716087272,27.8660548555159 85.5421762566827,27.8660488164539 85.5421770151183,27.8660478310226 85.5421871019101,27.8660347253084 85.5421978656573,27.8660267214975 85.5422033018484,27.866018661368 85.542215596804,27.8660099972758 85.5422209877285,27.8660053189986 85.5422294320217,27.8659999965316 85.5422363451032,27.8659953343443 85.542247734131,27.865997484134 85.5422507512892,27.8659995454265 85.5422605819491,27.8660043846074 85.5422631857819,27.8660099664396 85.5422650216872,27.8660139020668 85.5422679664253,27.8660213743241 85.5422762839819,27.8660255210432 85.5422915960925,27.866018918236 85.5423031209099,27.8660109224614 85.5423077235945,27.8660082652478 85.5423177353038,27.8659995770116 85.5423315161979,27.8659936344808 85.542335403063,27.8659875873682 85.5423392006183,27.8659799643312 85.5423546834968,27.8659688501047 85.54236776667,27.8659581649307 85.5423755403931,27.8659460707031 85.5423794544096,27.865937994477 85.5423872733889,27.8659225183951 85.5423949746929,27.8659158351316 85.5424042705667,27.8659037569907 85.5424097610464,27.8658916386279 85.5424098877698,27.8658821694381 85.5424138651428,27.8658693586159 85.5424170633334,27.8658578924907 85.5424157222096,27.8658443489883 85.5424158670356,27.865833527057 85.5424144897056,27.8658226890374 85.5424122969882,27.8658159011977 85.5424087088386,27.8657996280798 85.5424103939235,27.8657874694955 85.5424112907756,27.8657773319791 85.5424152681441,27.8657645211565 85.5424153948664,27.8657550519665 85.5424147967177,27.8657428692495 85.5424172700328,27.865728689597 85.5424273903249,27.8657118849025 85.5424252066601,27.8657044206923 85.5424291930753,27.8656909334983 85.5424308147955,27.8656835095085 85.5424326811275,27.8656700431114 85.5424413193661,27.8656556993415 85.5424420491621,27.8656403343983 85.5424460355725,27.8656268472035 85.542452269006,27.8656160896233 85.5424539178772,27.8656066365207 85.5424563459269,27.8655958387206 85.5424633223314,27.8655864419251 85.5424710869643,27.8655750240608 85.5424757891888,27.8655649267623 85.5424781810308,27.8655568344447 85.542477582875,27.8655446517274 85.5424799747163,27.8655365594096 85.5424831638374,27.8655257696525 85.5424901583369,27.8655150201138 85.5424979410637,27.865502249506 85.5425041382807,27.8654941974058 85.5425141499257,27.8654855091523 85.5425172937875,27.865478101248 85.5425226937229,27.8654727465864 85.5425319261875,27.8654654030296 85.5425357677678,27.8654627377636 85.5425411948536,27.8654553539889 85.5425481259881,27.8654493390422 85.5425535892748,27.8654392497838 85.5425543775019,27.8654372287148 85.5425582733842,27.8654305052234 85.5425614353424,27.8654217445763 85.5425646335022,27.8654102784459 85.5425686017868,27.8653981439878 85.5425687827968,27.8653846165719 85.5425758496819,27.8653684560616 85.5425805880887,27.8653556532754 85.542580134614,27.8653488785332 85.5425837681434,27.8653455398859 85.5425861418711,27.8653388003072 85.5425893309751,27.8653280105467 85.542591731853,27.8653192418555 85.5425888866628,27.8653043295253 85.5425852170465,27.8652941437477 85.5425893934815,27.8652664527599 85.5425856967152,27.8652582960948 85.5425836126009,27.8652433918076 85.5425776235637,27.8652358873837 85.5425677160972,27.8652309074558 85.5425655640377,27.8652269658726 85.5425619849306,27.8652100163863 85.542561359614,27.865199862781 85.5425593026553,27.865182929381 85.5425625460594,27.865168081396 85.5425626818162,27.8651579358337 85.5425652455995,27.865136992468 85.5425654447088,27.86512211231 85.5425655714146,27.8651126431185 85.5425658248261,27.8650937047355 85.5425659605821,27.8650835591731 85.5425699650544,27.8650687192307 85.542569357838,27.8650572128835 85.5425710157387,27.8650470834073 85.5425742319852,27.865034264534 85.5425720573719,27.8650261239547 85.5425706800327,27.8650152859352 85.5425723469827,27.8650044800881 85.5425747569039,27.8649950350257 85.54257184837,27.8649848572908 85.5425680792108,27.8649821115919 85.5425568622385,27.8649671107864 85.5425516342894,27.8649596144049 85.5425510904281,27.8649433734618 85.5425473846241,27.8649358931666 85.5425438326786,27.8649169145671 85.5425423919897,27.8649108111431 85.5425363939221,27.8649039830888 85.5425319179983,27.8648971711208 85.5425266991047,27.8648889983676 85.54252145306,27.8648828547268 85.5425184992806,27.8648760588451 85.5425193508581,27.8648693031801 85.5425202205366,27.8648611947735 85.5425188422115,27.8648555829925 85.5425130170341,27.8648523117128 85.5425109379378,27.8648438467752 85.5425019860985,27.8648302228375 85.5425021852139,27.8648153426793 85.5424947012151,27.8648057930531 85.5424932695809,27.8647990132579 85.5424960774593,27.8647839846038 85.5424950270415,27.8647814437032 85.5424909271348,27.8647749739412 85.5424906235309,27.8647692207674 85.5424907004623,27.8647634716153 85.542489613161,27.8647594013251 85.5424904059091,27.8647570420707 85.5424902925294,27.8647567056322 85.5424832119425,27.864754260174 85.5424710167131,27.8647554842187 85.5424495257196,27.8647687864129 85.5424371313645,27.8647848906125 85.5424000930982,27.8648223812707 85.5423907430137,27.8648385176415 85.5423659723691,27.8648693732856 85.542359612251,27.8648896000553 85.5423581693463,27.8648978723657 85.5423232397229,27.8649249892774 85.5421628484906,27.8650192572528 85.5420484569787,27.8650736057113 85.5419275041163,27.8651935438545 85.541846530691,27.8652987524968 85.5416797799402,27.8654434596736 85.541484007997,27.8656333160342 85.5412032017278,27.865807120496 85.5409685306287,27.8659309054499 85.5406934052472,27.866104768926 85.5404114460421,27.8663644214202 85.5401810339028,27.8665943147655 85.540013398918,27.8668046695336 85.5399547085095,27.8669224747258 85.5399463769937,27.8669276313124 85.5399294517785,27.8669409814301 85.5399109318485,27.8669597263877 85.5399000771695,27.8669744937075 85.5398785491589,27.8669905009474 85.539843267198,27.8670104213469 85.539815668625,27.8670250113671 85.5397994075501,27.8670268294454 85.539778139659,27.8670422020932 85.5397535310005,27.8670608825552 85.5397135917913,27.8670875182619 85.5396613300793,27.8671248469173 85.5395999715742,27.8671593733518 85.5395934112617,27.8671944800966 85.5395772825534,27.8672619558645 85.539555319082,27.867310428795 85.5395581094733,27.8673293993879 85.5395669522868,27.867351139942 85.5395880450664,27.8673675985017 85.5395900668982,27.8673771743736 85.5396131065449,27.867371922704</coordinates></LinearRing></outerBoundaryIs></Polygon></MultiGeometry>
  </Placemark>
  <Placemark>
	<Style><LineStyle><color>ff0000ff</color></LineStyle><PolyStyle><fill>0</fill></PolyStyle></Style>
      <MultiGeometry><Polygon><outerBoundaryIs><LinearRing><coordinates>85.5448447006007,27.8597165179073 85.544879961213,27.8596979488272 85.544904440838,27.8596887365432 85.544932307881,27.8596538542308 85.5449781326231,27.8596421612457 85.5450149152606,27.8596236081859 85.545037981183,27.8596062633554 85.545057894563,27.8595970028742 85.5450794925988,27.8595755837476 85.545116347457,27.8595516196819 85.5451774109023,27.8595387344354 85.5452020169151,27.8595200528857 85.5452432573035,27.8595096643905 85.5452662147884,27.8595004359854 85.5452924331603,27.8594750067503 85.5453129602277,27.8594571911598 85.5453200968239,27.8594553427263 85.5453401727121,27.8594339075024 85.5453680937357,27.8593949668596 85.5453957618806,27.8593749646328 85.5454187735079,27.8593616779672 85.5454388854807,27.8593375372382 85.5454452627206,27.8593159575322 85.5454539605601,27.8592982737282 85.5454624750288,27.85928096274 85.5454900528271,27.8592677242149 85.5455009962503,27.8592461926584 85.5455256743802,27.8592221000673 85.545538013441,27.85921005377 85.5455519648607,27.8591912597986 85.5455629624408,27.8591656700023 85.5455875683034,27.8591469883773 85.5456044735425,27.8591349902226 85.545609220321,27.859121510925 85.5456264686602,27.8590838106188 85.545638807694,27.8590717643112 85.5456510925512,27.8590637762363 85.5456537576457,27.859050535166 85.545648319293,27.8590434529678 85.5456440962045,27.8590177026713 85.5456337126349,27.8589972991566 85.5456339835059,27.8589770079862 85.5456435131546,27.8589473438979 85.5456496916917,27.8589406443707 85.5456528261045,27.8589339127452 85.545668245356,27.8589191930424 85.5456928872583,27.8588978059056 85.545699336647,27.8588708152046 85.5457057499182,27.8588465299926 85.5457135949618,27.8588290245523 85.5457487287465,27.8588199244446 85.5457685516427,27.8588174275761 85.5457763063933,27.8588066858558 85.5457720652246,27.8587822883063 85.5457784604174,27.8587593558347 85.54580176076,27.8587244251798 85.5458020315965,27.8587041340071 85.5458024829901,27.8586703153858 85.5458194784078,27.858651553476 85.5458455520004,27.8586369460791 85.5458594852354,27.8586195048153 85.5458642500121,27.8586046727609 85.5458889459672,27.8585792273492 85.5459179733759,27.8585714157545 85.5459333022694,27.8585634597428 85.5459362547917,27.8585604707959 85.5459361521401,27.8585577535017 85.5459425790415,27.8585527340571 85.5459581426286,27.8585271923578 85.5459631420844,27.8584947746144 85.5459755351727,27.8584786700367 85.5460063734532,27.858449230547 85.5460096341995,27.8584330296964 85.5460129671565,27.8584114178655 85.5460238923313,27.8583912390027 85.5460332773953,27.8583723968394 85.5460487326192,27.8583549715979 85.5460581176755,27.8583361294325 85.5460523544031,27.8583117158442 85.5460587675574,27.8582874306096 85.546061938029,27.8582779934824 85.5460576968108,27.8582535959383 85.5460794929499,27.8582172964372 85.5460871934696,27.8582106129311 85.5461134113324,27.8581851835162 85.5461181760531,27.8581703514501 85.5461216172863,27.8581406231438 85.5461509153271,27.858112520317 85.5461602642415,27.858096383633 85.5461697756094,27.8580680722414 85.5461700283192,27.8580491338087 85.5461917521759,27.8580182452667 85.5462118637205,27.8579941044046 85.5462243830624,27.8579685305831 85.5462110275762,27.8579426840432 85.5462037241877,27.8579196071623 85.5461979428497,27.8578965463235 85.5461829750787,27.8578774474649 85.5461710875081,27.8578556751998 85.5461729705652,27.8578286363377 85.5461625869973,27.85780823286 85.5461307142776,27.8578011322317 85.5461170880656,27.8577955768619 85.5460927533777,27.8577939674221 85.5460698324264,27.8578004904929 85.54604533527,27.8578110557513 85.5460103282035,27.857810686733 85.5459965575756,27.8578159533127 85.5459826786295,27.8578293363617 85.5459779861193,27.8578387574432 85.5459640530086,27.8578561987254 85.5459395919369,27.8578640584738 85.5459242811984,27.8578706617457 85.5459043682087,27.8578799223689 85.5458966496487,27.8578879586108 85.5458889310876,27.8578959948521 85.5458629660089,27.8579024857954 85.5458522575125,27.8579064317072 85.5458369467631,27.8579130349688 85.54582931847,27.8579143074815 85.5457926448838,27.8579247443202 85.5457697780557,27.8579272091043 85.5457499553225,27.8579297059795 85.5457209461328,27.8579361648006 85.5457071393635,27.85794413684 85.5456842364168,27.8579493070996 85.5456734917964,27.8579559584869 85.5456594322237,27.85798286895 85.5456591433119,27.8580045128684 85.5456590169129,27.8580139820827 85.545663474718,27.8580221466973 85.5456649064824,27.8580289264702 85.5456677338977,27.8580451915058 85.5456782257324,27.8580574785481 85.5456826835407,27.8580656431622 85.5456962014221,27.8580793150445 85.5457037394455,27.8580848062643 85.5457066932632,27.8580916020848 85.5457126911814,27.8580984300011 85.5457201028128,27.8581133904345 85.5457213720748,27.8581323449111 85.5457212456805,27.8581418141255 85.5457089067658,27.8581538604464 85.5457042503303,27.8581605760269 85.5456934876328,27.8581685801596 85.545670530467,27.8581778086496 85.54565367956,27.8581857485852 85.5456338206627,27.8581909509314 85.545626156233,27.8581949289217 85.5456214997905,27.858201644499 85.5456045585874,27.8582163481525 85.545587761844,27.8582202298453 85.5455602926784,27.8582253519335 85.545546503919,27.8582319712099 85.5455418294115,27.8582400395291 85.5455295265837,27.8582493803431 85.5455217899107,27.8582587693063 85.5455201956227,27.8582641642352 85.5455216273805,27.8582709440092 85.5455245450733,27.8582804453227 85.5455259587727,27.8582885778413 85.5455214572098,27.8582982456646 85.5455196899724,27.8583020410885 85.5455012808643,27.8583126704436 85.5454936344806,27.8583152956812 85.5454767474211,27.8583259410832 85.5454705202867,27.8583263780755 85.5454599867763,27.85832711727 85.545440073665,27.858336377821 85.5454278611183,27.8583389549016 85.545412586404,27.8583428526231 85.5453957535142,27.8583494397807 85.5453880529438,27.8583561232461 85.5453833422975,27.8583668970485 85.5453787038934,27.8583722598721 85.5453555841101,27.8583936630085 85.5453555496621,27.8583940075107 85.5453448936093,27.8583962561333 85.5453309964475,27.8584109918545 85.5453232958687,27.858417675316 85.54531255118,27.858424326672 85.5452926741628,27.8584308817113 85.5452819475331,27.8584361803202 85.5452635383801,27.8584468096416 85.5452390590665,27.8584560220027 85.5452268284396,27.8584599518093 85.5452176780475,27.8584612082328 85.5452023671834,27.8584678114191 85.5451870021278,27.8584784728372 85.5451685929588,27.8584891021453 85.5451593341822,27.8584984750318 85.5451499670217,27.8585159643846 85.5451375918742,27.8585307161388 85.5451252709154,27.8585414096582 85.5451144720103,27.8585521192312 85.5451052132236,27.8585614921137 85.5450959183065,27.8585735704843 85.545091153428,27.8585884025083 85.5450849387496,27.8585978074991 85.5450741217701,27.858609869813 85.5450694110811,27.8586206436026 85.5450585940976,27.858632705915 85.5450462369892,27.8586461049154 85.545035456131,27.8586554617369 85.5450246933363,27.8586634658132 85.5450184605822,27.8586742235449 85.5450153080737,27.8586823078994 85.5450138346621,27.858693999731 85.5450102350779,27.8586974076361 85.5450089307928,27.8587038875857 85.5450057963482,27.8587106191955 85.5449949974143,27.8587213287578 85.5449932647746,27.8587228325317 85.5449926691621,27.8587246865345 85.5449876231099,27.8587320744457 85.5449833742181,27.8587367648962 85.5449761718203,27.8587417624238 85.5449717690847,27.8587508482892 85.5449701024969,27.8587616541875 85.5449654098567,27.8587710752284 85.5449576369648,27.8587831696446 85.5449574563017,27.8587966970878 85.5449525107294,27.8588250565486 85.5449493582112,27.8588331409011 85.5449392932637,27.8588443645509 85.5449255630317,27.8588481103934 85.5449095181663,27.8588526763991 85.5448995163728,27.8588606884929 85.5448949050241,27.8588640221816 85.544883381168,27.8588720182168 85.5448786885154,27.8588814392541 85.5448755721247,27.8588868181161 85.5448739416595,27.858894918524 85.5448730812582,27.8589023505886 85.544872986026,27.8589035470042 85.5448721666544,27.8589138408859 85.5448742961727,27.8589253632984 85.5448725573019,27.8589415801717 85.5448686618108,27.8589483037489 85.5448608888948,27.8589603981584 85.5448478429641,27.8589683781322 85.5448447265692,27.8589737569933 85.5448406955659,27.8589906261511 85.5448352147709,27.8590020682738 85.5448290090797,27.8590107968787 85.5448212451886,27.8590222149135 85.5448119773016,27.8590322641453 85.5448057806409,27.8590403163769 85.544798786811,27.8590510660673 85.5447948732426,27.8590591423861 85.5447886223732,27.8590712528493 85.5447808584734,27.8590826708814 85.5447762109741,27.859088710054 85.5447729590557,27.8591042344942 85.5447690183801,27.8591143399282 85.5447650777037,27.8591244453621 85.5447642172925,27.8591318774254 85.5447595065483,27.8591426512017 85.5447516793982,27.8591588038362 85.5447484274738,27.8591743282754 85.5447459546501,27.859188508 85.5447373845311,27.8592032998597 85.5447356908071,27.8592161348694 85.5447347310111,27.8592310070249 85.5447284891591,27.8592424411125 85.5447169020064,27.8592551717356 85.5447068549865,27.8592665656732 85.5446975057529,27.859282702244 85.5446905118957,27.8592934519276 85.5446812710779,27.8593014720328 85.5446735071497,27.8593128900574 85.5446703365249,27.8593223271457 85.5446656438328,27.8593317481738 85.5446585957579,27.8593465560875 85.5446598377331,27.8593675396802 85.5446520195859,27.8593830159354 85.544649528673,27.8593985484011 85.5446409133466,27.8594167221133 85.5446331494054,27.859428140135 85.5446192610478,27.8594421994016 85.5446146044879,27.8594489149394 85.5446145141325,27.8594556786594 85.5446044490116,27.859468425332 85.5445982252028,27.8594785066683 85.5445912945724,27.8594845217418 85.5445857504742,27.8595006984557 85.5445848629394,27.8595101596329 85.5445809312658,27.8595195886878 85.5445632557877,27.859532255051 85.5445585088611,27.8595457343063 85.5445560540739,27.8595585612815 85.5445505461102,27.8595720325057 85.5445366486871,27.8595867681345 85.5445304248647,27.8595968494671 85.544524817498,27.8596177607814 85.5445193727805,27.8596264974003 85.5445116359196,27.8596358862979 85.5445062002363,27.8596439465442 85.5444946039772,27.8596573535173 85.5444876525086,27.8596639894317 85.5444868942211,27.8596647132975 85.5444783511366,27.8596774760216 85.5444751714465,27.8596875894758 85.5444704696841,27.8596976868674 85.544464961702,27.8597111580872 85.5444586926826,27.8597246212754 85.5444555129891,27.8597347347289 85.5444537559642,27.8597523043361 85.5444428484292,27.8597711303106 85.5444396596959,27.8597819201355 85.5444341336318,27.8597967440974 85.5444340909918,27.8597999355495 85.544433907712,27.859813653395 85.5444313534977,27.8598339204577 85.5444266426875,27.8598446942191 85.5444188786918,27.859856112226 85.5444157622487,27.859861491075 85.5444117943987,27.8598736256111 85.5444054621035,27.8598918233992 85.5443930957302,27.859905898702 85.5443854040233,27.8599119057316 85.5443839459044,27.8599132615604 85.5443821700939,27.859926077414 85.5443717734593,27.8599414938713 85.5443712986769,27.8599421978937 85.5443604362938,27.8599576420006 85.544351938357,27.8599670228555 85.5443463941958,27.8599831995564 85.5443447546338,27.8599919763266 85.5443407777332,27.8600047872318 85.5443444202492,27.8600170020853 85.5443403529729,27.860036576709 85.5443363760699,27.860049387614 85.5443346732434,27.8600628989869 85.5443275075839,27.8600864997127 85.5443258047555,27.8601000110853 85.5443262098869,27.8601114102061 85.5443219705478,27.8601272196111 85.5443237856107,27.8601371954722 85.5443266942024,27.8601473731784 85.5443218929907,27.8601649106532 85.5443240405437,27.8601750803272 85.5443253276441,27.8601926820592 85.5443267231961,27.8602021673292 85.5443310634924,27.8602191248179 85.5443286538477,27.8602285699271 85.5443315262915,27.8602414531205 85.5443388655608,27.8602618245966 85.5443424900088,27.8602753921936 85.5443368464148,27.8602990089829 85.5443305954177,27.8603111194186 85.5443326616352,27.8603273764389 85.5443353985174,27.8603504052094 85.5443406083113,27.860359254268 85.5443564184478,27.8603722740062 85.544359408385,27.8603763643652 85.5443684504974,27.8603832244674 85.5443759795669,27.8603893921334 85.544388772661,27.8604003506249 85.5443947163906,27.860411236829 85.5444074733403,27.8604249008063 85.5444119311397,27.8604330654588 85.5444239541644,27.8604446922874 85.544432914953,27.8604576397322 85.5444326167303,27.8604799600029 85.5444339942201,27.8604907980156 85.5444497772758,27.8605058468595 85.5444535282615,27.8605099452483 85.5444655964832,27.8605181902144 85.544474539209,27.8605324904005 85.5444766325611,27.8605467183035 85.5444871244844,27.8605590054361 85.5445007147979,27.8605672664622 85.5445057438823,27.8605896429521 85.5445078733858,27.8606011653673 85.5445100932559,27.860605924064 85.5445228683154,27.860618235288 85.5445203863841,27.8606330913751 85.5445238843533,27.8606561281739 85.5445274817257,27.8606717248823 85.5445218291102,27.8606960180504 85.5445254084102,27.8607129675025 85.5445259616121,27.860728532086 85.5445386282492,27.860748959771 85.5445430589613,27.8607591535353 85.5445564414663,27.8607829711092 85.5445554093305,27.8608032542335 85.5445544404491,27.8608188027548 85.5445640538896,27.8608398746853 85.5445714745651,27.8608541588039 85.5445763681298,27.8608866808691 85.5445775287655,27.8609137518046 85.5445697195217,27.8609285516752 85.5445801392001,27.8609462497766 85.5445845428143,27.8609584726553 85.5445979886046,27.8609775556228 85.5445977536628,27.8609951412906 85.544594492613,27.8610113420912 85.5446018500496,27.8610303608112 85.5446092978505,27.8610426158126 85.5446121251638,27.8610588808599 85.5446225087162,27.8610792844458 85.5446223822107,27.8610887536515 85.5446113480526,27.8611170488374 85.5446171653343,27.8611374042388 85.54461856092,27.861146889506 85.5446199745783,27.8611550220295 85.5446197577106,27.8611712549533 85.544608940412,27.8611833172147 85.5445950247077,27.8611994055822 85.5445887013913,27.8612169270017 85.5445794061778,27.8612290053223 85.5445731190029,27.8612438212537 85.5445744603669,27.8612573647519 85.5445728659815,27.8612627596642 85.5445665968766,27.8612762228515 85.5445617775715,27.8612951130751 85.5445615968402,27.861308640511 85.5445523016154,27.8613207188291 85.5445423975156,27.861334649023 85.5445395020825,27.8613655136456 85.5445409963114,27.8613693051604 85.5445408336504,27.8613814798525 85.5445436609597,27.8613977449004 85.5445526127993,27.861411368711 85.5445570706466,27.8614195333597 85.5445630686637,27.861426361327 85.5445690486084,27.8614345420377 85.54456888595,27.8614467167298 85.5445625806865,27.8614628854032 85.544556329641,27.8614749958456 85.5445531047141,27.8614884911562 85.5445497351987,27.8615128084151 85.5445510765615,27.861526351913 85.544543194972,27.8615465627532 85.5445399700409,27.8615600580632 85.5445381587651,27.8615816858969 85.5445211626528,27.8616004476154 85.5445057790034,27.8616124616771 85.5444949254981,27.8616272294135 85.5444928792461,27.8616664429113 85.544491176404,27.8616799542828 85.5444877526439,27.8617083297691 85.5444830778981,27.8617163980399 85.5444812123834,27.8617420841022 85.5444839854672,27.8617624073809 85.5444898931255,27.8617759990689 85.5444942244612,27.8617936329237 85.544500114048,27.8618085773548 85.5445030136564,27.8618194314289 85.5445088670972,27.8618370813466 85.544530013854,27.8618494809203 85.5445358492267,27.8618684835804 85.544532371248,27.8619009172977 85.5445307587757,27.861907664952 85.5445380620323,27.8619307419053 85.5445378812931,27.8619442693398 85.5445512548933,27.8619687632875 85.5445587027474,27.8619810182921 85.5445598814511,27.8620067364805 85.5445612408919,27.8620189272342 85.5445685803086,27.8620392986992 85.5445700301187,27.8620447257356 85.5445774960532,27.862055627996 85.5445803595277,27.8620691875555 85.544577080362,27.8620867410953 85.5445845282266,27.8620989960989 85.5445857973035,27.8621179505696 85.5445901648127,27.8621328789348 85.5445945142496,27.8621491600433 85.5445911627894,27.862172124557 85.5445924318678,27.8621910790276 85.5445983576339,27.8622033179681 85.5445964017654,27.8622357677481 85.5445976889183,27.8622533694751 85.5446066589033,27.86226564054 85.5446141067825,27.8622778955422 85.5446214462244,27.8622982670047 85.54462425549,27.8623158847936 85.5446331712638,27.8623322140873 85.5446283338415,27.8623524570525 85.5446234060513,27.8623794637345 85.544621793576,27.8623862113894 85.5446277555013,27.862395744842 85.5446259984405,27.8624133144443 85.5446196750492,27.8624308358597 85.5446073355087,27.8624428820518 85.5445964819286,27.8624576497919 85.5445887087139,27.8624697441695 85.5445840158662,27.8624791651853 85.5445777286115,27.8624939811115 85.544576025762,27.8625074924824 85.5445728369487,27.8625182823037 85.5445668449996,27.8625240020963 85.5445542447842,27.8625691813733 85.5445523446103,27.8625708304761 85.544547669829,27.8625788987469 85.5445414910093,27.8625855982109 85.544541472935,27.8625869509542 85.5445474710118,27.8625937789235 85.5445549550532,27.8626033284423 85.544557908907,27.862610124285 85.5445547562368,27.862618208619 85.5445622222064,27.8626291108807 85.5445666620258,27.8626386282729 85.5445680937682,27.8626454080525 85.5445709934017,27.862656262125 85.5445769011141,27.8626698538098 85.5445798188229,27.8626793551388 85.5445796200093,27.8626942353155 85.5445840598326,27.8627037527072 85.5445921402106,27.8627120274205 85.5445960740785,27.862716055899 85.5446096646621,27.8627243169223 85.5446156266035,27.8627338503756 85.5446262091091,27.8627393737858 85.5446367735424,27.8627462499385 85.5446503460598,27.8627558637014 85.5446563080064,27.8627653971531 85.5446608201313,27.8627695035692 85.5446789951439,27.8627764600285 85.5446849932395,27.8627832879924 85.5446879109604,27.8627927893194 85.5446847040756,27.8628049318863 85.5446769127709,27.8628183790111 85.5446782360849,27.8628332752499 85.5446751014893,27.8628400068431 85.5446642659489,27.8628534218432 85.5446654627501,27.8628777872854 85.5446638321955,27.8628858876835 85.5446560589552,27.8628979820633 85.5446558962965,27.8629101567533 85.5446572196082,27.8629250529921 85.5446462936901,27.8629452317069 85.5446436128547,27.8629487151615 85.5446500819634,27.8629809782707 85.544647219387,27.8629898882985 85.5446425626665,27.8629966038283 85.5446363476805,27.8630060087821 85.544630060399,27.8630208247087 85.5446283756182,27.863032983336 85.5446267269842,27.8630424364765 85.5446234839366,27.8630572845276 85.5446096222033,27.8630693146536 85.5446048389593,27.8630854993847 85.5446014513149,27.8631111693811 85.5445936961247,27.8631219110129 85.5445949109842,27.8631449237111 85.5445885875398,27.8631624451216 85.5445959451027,27.8631814638417 85.5446063469094,27.8632005146871 85.5446015998064,27.863213993931 85.5445937723116,27.8632301465353 85.5445890071313,27.8632449785219 85.544584315308,27.8632486797153 85.5445827740512,27.8632557362155 85.5445809627394,27.8632773640439 85.5445640386541,27.8632907147806 85.5445501931509,27.8633015274297 85.5445486547615,27.8633027288353 85.544540809177,27.863320234179 85.5445223810327,27.8633322161033 85.5444964145733,27.8633387067321 85.544490199554,27.8633481116776 85.5444930630438,27.8633616712374 85.544500510979,27.8633739262463 85.5444988081009,27.8633874376136 85.5444878821036,27.8634076163117 85.5444786047563,27.8634183418711 85.544464706808,27.8634330774657 85.5444493409602,27.8634437387649 85.5444385957108,27.8634503900273 85.5444338304986,27.8634652220069 85.5444397743853,27.8634761082109 85.5444487625223,27.8634870265441 85.5444485456078,27.8635032594612 85.5444576060522,27.8635087668215 85.5444679536348,27.863531875906 85.5444889380246,27.8635564501834 85.5444994302231,27.8635687373209 85.5445054464239,27.86357421255 85.5445129124493,27.8635851148152 85.5445186843109,27.8635848909009 85.5445220090547,27.8635879166854 85.5445280252577,27.8635933919135 85.544532374733,27.8636096730225 85.5445565660803,27.8636221047299 85.5445839462838,27.8636237466147 85.5446035531857,27.8636374828674 85.5446200977644,27.8636525397349 85.5446214210753,27.8636674359726 85.5446120894944,27.8636822197697 85.5446104408465,27.8636916729088 85.5446133043584,27.8637052324664 85.5446208246261,27.8637120764969 85.5446313349281,27.8637230108821 85.5446358651641,27.8637257645568 85.5446661992832,27.8637342022675 85.5446752416845,27.8637410623577 85.5446780509848,27.8637586801437 85.5446718359552,27.8637680850965 85.544662558593,27.8637788106673 85.5446668538736,27.8637991500022 85.5446773641884,27.8638100843843 85.5446818402084,27.8638168962871 85.5446863343025,27.8638223554466 85.5446983306043,27.8638360113759 85.5447011579835,27.8638522764182 85.54471168638,27.8638618580547 85.544717539949,27.8638795079639 85.5447262751231,27.8639093646852 85.5447367312354,27.8639243572928 85.5447425305926,27.8639460654306 85.5447623002257,27.8639476269744 85.5447792424663,27.8639329234743 85.5447808549595,27.8639261758196 85.5447963292801,27.8639073980262 85.544801112538,27.8638912132907 85.5448150647198,27.8638724194338 85.5448154442305,27.8638440118257 85.5448250830197,27.8638062313792 85.5448192475083,27.8637872287307 85.5448088998283,27.8637641196696 85.5447970119521,27.8637423472901 85.5447913210255,27.8637125226944 85.5447932226674,27.863684131147 85.5447950158758,27.863663856059 85.5447878570423,27.8636299571722 85.5447821119062,27.8636041908059 85.5447656215283,27.8635850757273 85.5447522296253,27.86356193454 85.5447448177945,27.863546974057 85.5447267510878,27.8635319011425 85.5447225100226,27.8635075035789 85.5447150801264,27.8634938958378 85.5447261145284,27.8634656006611 85.5447277812347,27.8634547947766 85.5447248033785,27.8634426715061 85.5447369645154,27.863432117288 85.5447405365508,27.8634116354838 85.544748472473,27.8633873664115 85.5447533822177,27.8633617124727 85.5447841861177,27.8633349788281 85.5448073793908,27.863308164873 85.5448166928398,27.8632947338031 85.5448397053842,27.8632814472754 85.5448476051316,27.8632598836825 85.544849362177,27.8632423140787 85.5448788065341,27.8632033896596 85.544889949284,27.8631669780054 85.5448870315368,27.8631574766821 85.5448796919944,27.8631371052322 85.5448860515319,27.8631168783196 85.544877262155,27.8630910798361 85.5448851980203,27.8630668107528 85.5448869369846,27.8630505938912 85.5449116522878,27.8630237959738 85.5449393033964,27.8630051466304 85.5449577856489,27.8629891064155 85.5449656130717,27.8629729537873 85.5449659021819,27.8629513098911 85.5449952922078,27.8629164436716 85.5450032099637,27.862893527323 85.5450003644883,27.8628786150274 85.5449988965785,27.8628745407385 85.5450021034311,27.8628623981631 85.5450038243045,27.8628475340422 85.5449994025074,27.8628366639191 85.5450041134056,27.8628258901453 85.5450166155671,27.8628016692263 85.5450093302269,27.8627772395515 85.5450034947295,27.8627582369088 85.545019023043,27.8627354008489 85.5450268323684,27.8627206009592 85.5450285893721,27.8627030313504 85.5450471076949,27.8626842856332 85.5450640316261,27.8626709348302 85.5450642123055,27.862657407394 85.5450706259804,27.8626331222382 85.545086063923,27.8626170498874 85.5450890397699,27.8626140704895 85.5450894298114,27.8626053303512 85.545087893185,27.8625940693025 85.545090269668,27.8625865106537 85.5450942526478,27.8625738423761 85.5450919777531,27.8625482354921 85.5450916059087,27.8625440499013 85.5450922928221,27.8625411753555 85.545094830807,27.8625305545788 85.5451118631112,27.8625090873064 85.5451152506103,27.86248341729 85.5451354174587,27.8624552184092 85.545141813037,27.8624322859922 85.5451345276892,27.8624078563226 85.5451332404487,27.8623902545977 85.5451319712753,27.862371300129 85.5451033764055,27.8623466456645 85.5451068361684,27.8623155646726 85.5451028034421,27.8623056509862 85.5450979925923,27.862293824432 85.5450936069401,27.862280248824 85.545081610749,27.8622665929308 85.5450741989517,27.8622516324645 85.5450712812089,27.8622421311441 85.5450653192516,27.8622325977094 85.545061060079,27.8622095528945 85.5450689958302,27.8621852837936 85.5450767870385,27.8621718366419 85.5450831826095,27.8621489042265 85.5450834355517,27.8621299658141 85.5450760237626,27.8621150053479 85.5450732505619,27.8620946820776 85.5450856622804,27.8620772248648 85.5450950659189,27.8620570300496 85.5451067262943,27.8620424345888 85.54510851078,27.8619088233956 85.5450952470398,27.8618421954536 85.5450875367943,27.8618228929772 85.545066462244,27.8618050825115 85.5450499901392,27.8617846147268 85.5450518555212,27.8617589286519 85.545058251069,27.8617359962356 85.5450600983805,27.861711662904 85.5450527588897,27.8616912914616 85.5450470679728,27.8616614668694 85.545047266714,27.8616465866874 85.5450337846308,27.861630209247 85.5450294893473,27.8616098699179 85.545028202127,27.8615922681911 85.5450300313737,27.8615692876034 85.545035870598,27.8615439288964 85.5450339506246,27.8615342842656 85.5450303901078,27.8615186114739 85.5450247198866,27.8615110553898 85.5450081755608,27.8614959985765 85.5450009987027,27.8614634524373 85.5449755566937,27.8614307136054 85.5449760625999,27.8613928367784 85.5449596267078,27.8613696634971 85.5449493153393,27.8613438489586 85.5449449839436,27.8613262151148 85.5449272066592,27.8612894983338 85.544930666424,27.8612584173425 85.5449233992586,27.8612326349187 85.5449175277088,27.8612163377596 85.5449133228032,27.8611892347081 85.544912234359,27.8611567527979 85.5448942944908,27.8611322107077 85.5448808847675,27.8611104222791 85.5448765895286,27.8610900829457 85.5448680351934,27.8610466987909 85.544871513033,27.8610142650565 85.5448718119401,27.8610132859678 85.5448611475078,27.8609925087437 85.5448462157174,27.8609707042534 85.5448479727083,27.8609531346426 85.5448437136191,27.8609300898205 85.5448304484851,27.8608974794371 85.5448049885832,27.8608660933219 85.5448115106087,27.8608336917073 85.5448193378825,27.8608175390775 85.5448151330121,27.860790436023 85.544797175153,27.8607672466658 85.5447793257215,27.8607359408436 85.5447643397701,27.8607181945771 85.5447555867292,27.860689690598 85.5447590284453,27.8606599623532 85.5447579761852,27.8606247749536 85.5447461970538,27.8605948861105 85.5447387854062,27.8605799256287 85.5447330765489,27.8605514537681 85.5447364459835,27.8605271364988 85.5447274038353,27.8605202764196 85.5447244861622,27.8605107750925 85.5447215684897,27.8605012737654 85.5447171829464,27.8604876981466 85.5447174178639,27.8604701124766 85.5447132310989,27.8604416566753 85.5447260040808,27.8603971446086 85.5447294277216,27.8603687691072 85.5447343373004,27.8603431151532 85.5447498653002,27.860320279105 85.5447532708613,27.8602932563463 85.544752164391,27.8602621271768 85.5447495358416,27.8602309819475 85.5447285339255,27.8602077604643 85.5447306342506,27.860164488719 85.5447248169908,27.8601441333208 85.5447293983229,27.8601339747837 85.5447220980992,27.8601197518105 85.5447193069275,27.8601007812758 85.5447195057004,27.8600859010926 85.5447259373425,27.8600602631974 85.544733909128,27.8600332886175 85.5447296862298,27.8600075383033 85.544745250319,27.8599819967648 85.5447563023834,27.859952348814 85.5447718845275,27.8599254545278 85.5447813602955,27.859899848747 85.5448058580432,27.8598892837388 85.5448196651276,27.8598813118037 85.5448336528966,27.8598598124267 85.5448369500056,27.8598409061271 85.5448388695881,27.8598111618165 85.5448392128905,27.8597854596795 85.5448318735541,27.8597650882263 85.5448384496955,27.8597286283705 85.5448403637485,27.8597237200121 85.5448447006007,27.8597165179073</coordinates></LinearRing></outerBoundaryIs></Polygon></MultiGeometry>
  </Placemark>
  <Placemark>
	<Style><LineStyle><color>ff0000ff</color></LineStyle><PolyStyle><fill>0</fill></PolyStyle></Style>
      <MultiGeometry><Polygon><outerBoundaryIs><LinearRing><coordinates>85.5563128964416,27.8479369151127 85.5563284381009,27.8479127248092 85.5563400971608,27.8479033823481 85.5563684378883,27.8478806727859 85.5564024933228,27.847837735025 85.5564090109599,27.8478053326431 85.5564674527937,27.847759944147 85.5564983926667,27.8477223855248 85.5564959937704,27.8476736545547 85.5564841767714,27.847646472098 85.5565029413168,27.8476087860837 85.5565093872496,27.8475817947081 85.5565129326733,27.8475439494579 85.5565011873405,27.8475113559887 85.5565199160262,27.8474763754771 85.5565324495806,27.8474494477917 85.5565542578889,27.8474117936133 85.5565605963133,27.8473929187547 85.5565609187588,27.8473685691914 85.5565886713626,27.8473418007246 85.5565891012806,27.8473093346395 85.5565959054335,27.847255288186 85.5566144907386,27.8472311296862 85.5566331476858,27.8472015601692 85.5566548484326,27.847172022492 85.5566827084336,27.8471371374811 85.5566891901125,27.8471074405852 85.5566896199963,27.8470749744976 85.5567204521209,27.8470455323338 85.5567270770734,27.8470050134057 85.5567273323091,27.8469857366643 85.5567427080555,27.8469740592754 85.5567612216348,27.8469553117668 85.5567952766126,27.8469123738866 85.5568079174898,27.8468773296465 85.5568391793599,27.8468154213611 85.5568458042504,27.8467749024238 85.5568893487114,27.8467050049536 85.5569328214812,27.8466405184824 85.556988755897,27.8465545152723 85.5570473042471,27.8465010099643 85.5570999798337,27.8464312079161 85.5571677668598,27.8463696815236 85.5571958055339,27.8463212688501 85.5571935853755,27.8462590103309 85.5571452787343,27.846228740451 85.5571119403547,27.8462175682721 85.5570452994303,27.8461925183827 85.5569782645718,27.8461972290503 85.5568926088368,27.8462288037453 85.556864749147,27.8462636888144 85.5568368178016,27.8463039848926 85.5568028346807,27.846341511779 85.5567718953241,27.8463790704955 85.556719649423,27.8464164063208 85.5566522920075,27.8464454663919 85.5565884799005,27.8464366811683 85.5565398578467,27.8464423370103 85.5564921751053,27.8464267337388 85.5563730650001,27.8464103352885 85.5562603496612,27.8464291492064 85.5562397331312,27.8464506204303 85.5562304763441,27.8464599941506 85.5562105662912,27.8464692563886 85.5561846403256,27.8464730439048 85.5561572282993,27.8464741099825 85.5561282943778,27.8464751601278 85.5560946335027,27.8464883372661 85.5560701219102,27.8465002572081 85.5560531301929,27.8465190205514 85.5560133996331,27.8465307812043 85.5559859875922,27.8465318472474 85.5559553346342,27.8465477617139 85.5559352990979,27.8465664931837 85.5558880486354,27.8465714103874 85.5558712360921,27.8465766461738 85.5558269935713,27.8465843007223 85.5557799581706,27.8465729848498 85.5557510959152,27.8465686239021 85.5557220185813,27.8465804959865 85.5557052777242,27.8465803207397 85.5556794054908,27.8465800498997 85.5556595312209,27.8465866065492 85.5556533898634,27.8465906010799 85.5556410892226,27.8465999428936 85.5556197468247,27.8466024253455 85.5556029521902,27.8466063083454 85.5556013051524,27.8466073076539 85.5555857159425,27.8466258079564 85.5555840799774,27.8466521107559 85.5555516899255,27.8466842422326 85.5555209651606,27.8467055676103 85.5555146803825,27.8467203841586 85.5555112959894,27.8467460545983 85.5555124055856,27.8467771838515 85.5555090749684,27.8467987960319 85.5555058519074,27.8468122916941 85.5555011069462,27.8468257714221 85.5555053320442,27.846851521531 85.5555064416384,27.8468826507837 85.555486208771,27.8469162624649 85.5554676412069,27.8469390680534 85.5554521891456,27.8469564944965 85.5554305239823,27.8469833264688 85.5554227172726,27.8469981270763 85.5554223407954,27.8470265348875 85.5554205858354,27.8470441047403 85.5554202810672,27.8470671015396 85.5554123667835,27.8470900186634 85.5554180599882,27.8471198429674 85.5554132432903,27.8471387337024 85.5554007812151,27.8471602502668 85.5553914346554,27.8471763876891 85.555384988477,27.8472033790045 85.5553511121491,27.8472327889821 85.555324952903,27.8472541621148 85.5553201003242,27.847275758351 85.5553273692033,27.8473015403352 85.5553147457299,27.847335231665 85.5552946561487,27.8473580212884 85.5552820505874,27.8473903598616 85.5552573235473,27.8474185126794 85.5552342797735,27.8474345066551 85.5552242697434,27.8475006959137 85.5552226940438,27.8475047382344 85.5552086382554,27.8475316498506 85.5551900884548,27.8475531026409 85.5551746362589,27.8475705290464 85.5551485306895,27.8475878438824 85.555134492803,27.847613402737 85.5551141162227,27.8476578363715 85.5551017257534,27.8476739418924 85.5550953332647,27.8476968749308 85.5550855921024,27.8477427728844 85.5550637114958,27.8477858378174 85.5550418488041,27.8478275499935 85.5550246953005,27.8478584879647 85.5550024461154,27.8478886007965 85.5550058056733,27.8479617496155 85.5550553328382,27.8480834859211 85.5551783856013,27.8482312458891 85.5552495013714,27.8484390706687 85.5552634669358,27.8486715506109 85.555329570884,27.8488288155411 85.5553865792862,27.848857234038 85.5553874123277,27.8488580505188 85.5554418431518,27.8488856792667 85.5554684490103,27.8489454872201 85.5554677677311,27.8489968918172 85.5555065490725,27.8490568272476 85.5555180791139,27.8491056538203 85.5555204417173,27.8491570902873 85.5555476930719,27.8491681991353 85.5555813189959,27.8491577276743 85.5556216421461,27.8491013263517 85.55563739925,27.8490609031105 85.5556530487848,27.8490285963827 85.5556781167016,27.8489747412093 85.55570307704,27.8489290025463 85.5557124595679,27.8489101596053 85.5557493443523,27.848883486932 85.555751491026,27.8488807804201 85.5557834003557,27.848840549351 85.5557868385466,27.8488108206539 85.5557872328814,27.8487810600928 85.5557938224666,27.848743246742 85.5558159539347,27.8486812431558 85.555828416118,27.8486597265621 85.5558346472078,27.8486489682647 85.5558507984746,27.8485787844282 85.5558817387995,27.8485412259655 85.5558878981853,27.8485358786766 85.5559341652486,27.8484903629886 85.5559437627614,27.8484552869926 85.5560051414569,27.8484180470947 85.5560604324252,27.8483807434533 85.5560943447819,27.8483486278063 85.5561222411153,27.8483110374263 85.5561810058863,27.8482412995134 85.5561843722667,27.8482169818116 85.5561788221596,27.8481763355087 85.5561822602135,27.8481466067941 85.5562163516442,27.8481009635803 85.5562201480521,27.8480441798003 85.5562417774141,27.848020053215 85.5562865798347,27.8479995672024 85.5563128964416,27.8479369151127</coordinates></LinearRing></outerBoundaryIs></Polygon></MultiGeometry>
  </Placemark>
  <Placemark>
	<Style><LineStyle><color>ff0000ff</color></LineStyle><PolyStyle><fill>0</fill></PolyStyle></Style>
      <MultiGeometry><Polygon><outerBoundaryIs><LinearRing><coordinates>85.5638098456566,27.8392418624287 85.5638150433278,27.839203036314 85.5638202227079,27.8391655985874 85.5638299231419,27.839140705124 85.5638412220226,27.8391130511375 85.5638571516737,27.8390896110807 85.563869902704,27.8390703036782 85.5638970397704,27.8390261515688 85.5638990953575,27.838988681328 85.5639058000008,27.8389540366274 85.5639076178726,27.8389346154395 85.5639203871599,27.8389139196422 85.5639456880165,27.8388905770972 85.563999413447,27.8388439244985 85.564024842257,27.8388108632158 85.5640391368139,27.8387929604364 85.5640427542177,27.8387555064429 85.564054016434,27.8387306292117 85.5640732159915,27.8386961145188 85.5641249040554,27.8386855437238 85.5641939372428,27.8386626561695 85.5642177675162,27.8386323553737 85.5642694920993,27.8386190077447 85.5642854947046,27.8385900140745 85.564291961553,27.8385734184053 85.5642859517116,27.8385553043486 85.5642814306216,27.8385427600977 85.5642675017479,27.838532895125 85.5642268017066,27.8385394145637 85.5641861565056,27.8385417688233 85.5641408622555,27.8385412975386 85.5640924625479,27.8385394053462 85.5640518173459,27.8385417595661 85.5640158211871,27.8385469393104 85.5639875612428,27.8385577538668 85.5639546156803,27.8385685196565 85.563918710934,27.8385667574308 85.5638983700422,27.8385693229052 85.5638685116392,27.8385828979598 85.56385135055,27.8385940625398 85.563743657613,27.8385929417458 85.5636570781394,27.8386112277415 85.5636368426534,27.838619366974 85.5636210410511,27.8386330882873 85.5636098884825,27.8386496351486 85.5635908716824,27.838670265886 85.5635766319393,27.8386840034514 85.5635592684475,27.838697708499 85.563549714315,27.8387114948356 85.5635242670996,27.8387459444152 85.5635006560979,27.8387595844204 85.5634864163316,27.8387733219755 85.5634688699058,27.8388009108955 85.56344981647,27.8388243183881 85.5634214466529,27.838843463154 85.5634071885739,27.8388585890884 85.5633975063648,27.838882094132 85.5633925646531,27.8389014827897 85.5633703508471,27.8389276345263 85.5633481736153,27.8389510094819 85.5633323902209,27.83896334237 85.5633024950568,27.8389796940714 85.5632927396404,27.8390087526594 85.5632721059588,27.8390335322509 85.5632655840459,27.8390542930294 85.5632575185463,27.8390736491574 85.5632509417463,27.8390985750998 85.5632365738452,27.8391220313436 85.5632144331329,27.839142629498 85.5631907854173,27.8391590462212 85.5631718965116,27.8391699581754 85.5631624337624,27.8391768025398 85.5631451433207,27.8391849539765 85.5631308485669,27.8392028566549 85.5631149736329,27.8392221314564 85.5631038209249,27.8392386782702 85.5630848222204,27.8392579205406 85.5630547256773,27.8392895444528 85.5630198702855,27.8393266731166 85.5630025249181,27.8393389896983 85.5629773518419,27.8393526133408 85.5629650069843,27.8393579403764 85.5629458238702,27.8393777150503 85.5629440948815,27.8393869814722 85.5629547718853,27.8394065327628 85.5629623617232,27.839423274746 85.5629605619692,27.8394413075254 85.5629571820335,27.8394607124275 85.5629444673928,27.8394772429607 85.562934968006,27.8394868640837 85.562906744314,27.839494901628 85.562892595869,27.839501697174 85.5628658791568,27.8395139161397 85.562850095626,27.8395262489666 85.5628373992609,27.8395413911009 85.5627997310433,27.8395548845735 85.5627700186417,27.8395573522699 85.5627511479263,27.8395668757738 85.562732445485,27.8395727804676 85.5626809054534,27.8396139495199 85.5626550860014,27.8396255840867 85.5626174177341,27.8396390775074 85.5626001271799,27.839647228871 85.562596765475,27.8396652453732 85.562596564146,27.8396805176389 85.562589932245,27.8397096087039 85.5625725318596,27.8397260903901 85.562550537325,27.8397355813249 85.5625347537269,27.8397479141128 85.5625283414475,27.8397603445211 85.5625218925591,27.8397755517045 85.5625139366928,27.8397865774538 85.5625043823295,27.8398003637074 85.5624994587151,27.8398183639354 85.5625024360592,27.8398295035784 85.5625161635832,27.8398546409925 85.5625173443571,27.8398568031881 85.5625169970782,27.839857500799 85.5625269503725,27.8398658619875 85.562534503565,27.8398853807672 85.5625483409235,27.8399021878522 85.5625527703435,27.8399216740907 85.5625415076545,27.8399465511777 85.5625287745886,27.8399644700546 85.5625176217126,27.8399810168132 85.5625158767834,27.8399948844193 85.562515748656,27.840004603133 85.5625140586379,27.840014305576 85.5625121855796,27.8400378918956 85.5625104040404,27.8400545362768 85.562510184392,27.8400711969287 85.5624989399806,27.8400946856231 85.5624972682634,27.8401029996781 85.5625173349067,27.8401212602375 85.56251994618,27.8401601676329 85.5625118072426,27.8401850772568 85.562506883609,27.8402030774835 85.5625019599736,27.84022107771 85.5625001235157,27.8402418872533 85.5625047359804,27.8402474896165 85.5625045529379,27.8402613734926 85.5625059683981,27.8402724968644 85.5625042051567,27.8402877528571 85.562491453738,27.8403070601157 85.5624882201213,27.840315357899 85.5624856516079,27.8403192469508 85.5624877626763,27.8403324741589 85.5624575591659,27.8404685296821 85.5624138066776,27.8405541833728 85.5624146398563,27.8405645354353 85.5624145666337,27.8405700889853 85.5624142188263,27.8405964683476 85.562402974335,27.8406199570297 85.5623995759483,27.8406407502973 85.5623961226423,27.8406657087271 85.5623960781547,27.8406690828166 85.5623958846648,27.8406837577641 85.5623968820658,27.8406915958671 85.5623973001173,27.8406948811361 85.5624048899485,27.8407116231471 85.5624139318481,27.8407367117546 85.5624137438345,27.8407378385477 85.5624088434165,27.840767207462 85.5624084406871,27.8407977519859 85.5624049873765,27.8408227104152 85.5624108505613,27.8408519316406 85.562424742933,27.8408645735772 85.5624371466272,27.8408716456908 85.5624448280032,27.8408814457626 85.5624554867439,27.8409023854773 85.5624864685409,27.840922148334 85.5624942706495,27.8409182923786 85.5625176333955,27.8409280273094 85.562571085898,27.8409022011536 85.5626027632502,27.8408692052586 85.5626204566736,27.8408305093769 85.5626396570769,27.8407959949246 85.5626760017788,27.8407644362068 85.5627059524389,27.8407439195042 85.5627372819722,27.8407373029397 85.5627780195108,27.8407280072012 85.5628187936443,27.840715934675 85.5628377377593,27.8407008576197 85.562855174869,27.8406815991311 85.5628664741715,27.8406539452457 85.5628917756662,27.8406306029234 85.5629263021533,27.8406184652965 85.5629812248182,27.8405995971768 85.5630095585839,27.8405832293018 85.5630304305046,27.8405404007258 85.5630386059507,27.8405127142934 85.5630546091786,27.8404837207964 85.5630798739992,27.8404631552119 85.563086560717,27.8404298989594 85.5630884885529,27.840402147465 85.5630856758081,27.8403785123413 85.5630796477873,27.8403617866284 85.5630861698253,27.8403410258668 85.5630974324372,27.8403161487335 85.5630975888159,27.8403042824497 85.5631382389978,27.8402531627932 85.5631718843809,27.840237775015 85.5632111146914,27.8402242977121 85.5632363611265,27.8402051204828 85.5632663115282,27.8401846036473 85.5632748161826,27.8401319262104 85.5632611433318,27.8401026237006 85.5632600498531,27.8400999794916 85.56324903238,27.840073337452 85.5632572077305,27.8400456510014 85.5632762248439,27.8400250203252 85.5633061203058,27.8400086686428 85.563335942585,27.8399978705063 85.5633438348325,27.8399946156492 85.5633720673011,27.8399829722422 85.5633926096871,27.839965134586 85.5634522724923,27.8399421498788 85.563488360592,27.8399300283595 85.5635541977563,27.839912662198 85.5635967162959,27.8398867218012 85.5636344942792,27.8398648977819 85.5636755789159,27.8398292223824 85.5636931986236,27.8397960798906 85.5636920025107,27.8397682958648 85.5636832164266,27.8397237698914 85.563672594128,27.8397000534868 85.5636745583712,27.8396695251985 85.5636810985384,27.8396473760125 85.5636876569913,27.8396238384375 85.5637020797344,27.8395962169818 85.5637196262402,27.8395686280377 85.5637386614696,27.8395466089016 85.5637513028506,27.8395356318452 85.5637799105357,27.8394984379668 85.5638006904957,27.8394625511914 85.5638090119505,27.8394237575902 85.5638110127209,27.8393904525199 85.5638206766058,27.839368335836 85.5638210972021,27.8393364028982 85.5638137449646,27.8393016119056 85.5638158554503,27.8392599765029 85.5638079412332,27.8392461545094 85.5638098456566,27.8392418624287</coordinates></LinearRing></outerBoundaryIs></Polygon></MultiGeometry>
  </Placemark>
  <Placemark>
	<Style><LineStyle><color>ff0000ff</color></LineStyle><PolyStyle><fill>0</fill></PolyStyle></Style>
      <MultiGeometry><Polygon><outerBoundaryIs><LinearRing><coordinates>85.5651509782101,27.8389860341753 85.5651939089146,27.8389621275411 85.5652643743201,27.8389276836126 85.5653105265555,27.8388902809806 85.5653322944474,27.8388553307119 85.5653357651971,27.8388228961046 85.5653271327874,27.8387849238842 85.5653216798361,27.8387799618921 85.5652970528881,27.8387575522437 85.5652729889796,27.8387356549269 85.5652400791154,27.8386920185059 85.565222569876,27.838670752253 85.5652221024009,27.8386701844702 85.5651797414252,27.8386508027872 85.5651680077309,27.8386475402188 85.5651494123929,27.8386423697617 85.5651482458081,27.8386391330268 85.5650843251736,27.8386119396687 85.5649727628606,27.8385842475961 85.5649669093093,27.8385637759792 85.5649406863876,27.8385385088508 85.5648939764327,27.8385269144555 85.5648661916665,27.8385016310708 85.5648320497927,27.838484613043 85.5647836866344,27.8384799443148 85.5647025973081,27.8384693808703 85.5646557229323,27.8384702818999 85.5645897771425,27.8384959789653 85.564516350961,27.8384966037566 85.5644772310929,27.8385017511283 85.5644567439981,27.8385154237993 85.5644157515146,27.8385441575205 85.5643812441226,27.8385549071655 85.5643308986562,27.8385821549781 85.564307086705,27.8386110674063 85.5642751363315,27.8386648895823 85.5642357970226,27.8386866975506 85.5642152550194,27.8387045353498 85.5641896434756,27.8387514805606 85.5641502492722,27.8387774536692 85.5641217881711,27.8388035405288 85.5641089275215,27.8388311782914 85.5641008073392,27.8388546996422 85.5640911618437,27.8388754279623 85.5640869758886,27.8388836690374 85.5640687105226,27.8389196288728 85.5640543829675,27.8389260447441 85.5640262838959,27.8389386274929 85.5639932285141,27.8389577236198 85.563969526097,27.8389783056492 85.5639583552574,27.8389962409272 85.5639578798528,27.8390323390346 85.5639440371087,27.8390678627397 85.5639188010584,27.8390998395345 85.5638543800579,27.8392456408412 85.5638596620858,27.8392760003112 85.5638660679223,27.8392857476465 85.5638654925572,27.8392865450478 85.5638622707881,27.8393000409667 85.5638711521518,27.8393190746261 85.563880069152,27.8393354027659 85.5639073546619,27.8393438043985 85.5639502857654,27.839319898168 85.5639960822973,27.8393095511915 85.5640213264052,27.8392920260084 85.5641648718176,27.8392827153781 85.5642124985626,27.8392874501172 85.564248879266,27.8392986522058 85.5642943551564,27.8393126548036 85.564312545516,27.8393182558386 85.5643888492685,27.8393028143462 85.5644226850767,27.8392761074517 85.5644807628073,27.8392577704058 85.5644936210335,27.8392522216588 85.5645236225238,27.83923927503 85.5645544146817,27.83921253644 85.564554913314,27.8391746591632 85.5645766815035,27.8391397090263 85.5645831248543,27.8391127171475 85.5646201109953,27.8390779252999 85.5646842401649,27.8390623569999 85.5647481556479,27.8390630217898 85.5648122135733,27.8390528644696 85.5648669982713,27.8390534342403 85.5649034501887,27.8390592251159 85.5649308425402,27.8390595099859 85.5649588069327,27.8390580264531 85.5651130953219,27.8390162989516 85.5651429028824,27.8389877398061 85.5651509782101,27.8389860341753</coordinates></LinearRing></outerBoundaryIs></Polygon></MultiGeometry>
  </Placemark>
  <Placemark>
	<Style><LineStyle><color>ff0000ff</color></LineStyle><PolyStyle><fill>0</fill></PolyStyle></Style>
      <MultiGeometry><Polygon><outerBoundaryIs><LinearRing><coordinates>85.5419099105394,27.8900283819955 85.5419299151622,27.8900445641037 85.5419370253874,27.8900503156961 85.5419551865537,27.8900586253906 85.5419762839486,27.8900750837133 85.5420003900858,27.8900942797173 85.542033776215,27.8901027504589 85.5420764060769,27.8901032014039 85.5421160272007,27.8901009146539 85.5421619920525,27.8900797539975 85.5421836694729,27.8900529247214 85.5421991844083,27.8900314419734 85.5422210068026,27.8899937907982 85.5422427204384,27.8899642560381 85.5422765777582,27.8899375555689 85.5423010463833,27.8899296967894 85.5423502373377,27.8898950409039 85.5423747059485,27.8898871821108 85.5424236069168,27.8898741699844 85.5424276965153,27.8898722688552 85.5425750555801,27.8898427373751 85.5426909671886,27.8898400031225 85.5427315489393,27.8898476618298 85.5428045198541,27.8898565509156 85.5428656007004,27.8898436674034 85.5428992042179,27.8898359050914 85.5429633662563,27.8898203482522 85.5429939247774,27.8898125537265 85.5430217281356,27.8897830832121 85.5430404689885,27.8897481051785 85.5430743622787,27.8897186990283 85.5430898045399,27.8897026271191 85.5431084366791,27.8896757654974 85.5431239876049,27.8896515771609 85.5431485647846,27.8896356018028 85.543167088225,27.8896168565951 85.5431825666816,27.8895980791998 85.5431980089093,27.8895820072769 85.5432134149096,27.8895686408266 85.5432351644153,27.8895364004204 85.5432174016785,27.8894983306741 85.5431964853103,27.8894683451649 85.5432003271914,27.8894088569103 85.5431946357012,27.8893790323218 85.5431930709561,27.8893614176528 85.54319552081,27.88935432944 85.5431846549328,27.8893056027811 85.5431867323768,27.8892869496344 85.5431808597789,27.889270652418 85.5431813669041,27.8892327757742 85.5431848103255,27.8892030477385 85.5431728477997,27.8891866861527 85.543163930243,27.889170356751 85.5431644011485,27.8891351855815 85.5431494298926,27.8891160863346 85.5431312687814,27.8891077767988 85.5430949465675,27.8890911577205 85.5430737767276,27.8890801105167 85.543043435778,27.8890716722221 85.543012986152,27.8890713503444 85.5429732567264,27.8890817537908 85.542936753402,27.8890786620436 85.5429062675457,27.8890810456165 85.542881799153,27.8890889045133 85.5428422146359,27.8890884860242 85.5428117287757,27.889090869576 85.5427721442591,27.8890904510669 85.5427235697927,27.8890791140668 85.542686994009,27.8890814332018 85.5426533544783,27.8890919009451 85.5426045626017,27.8890967967471 85.5425648331333,27.8891072000739 85.5425250311792,27.8891230143364 85.5425033177968,27.8891525491538 85.5424965004649,27.889160232607 85.5424430736486,27.8891843823588 85.5423963091432,27.8891838878154 85.5423380923702,27.8892103307037 85.5423195688648,27.8892290757981 85.542294701703,27.889266694796 85.5422667533094,27.8893069870572 85.5422145538832,27.8893389052455 85.5421564819804,27.8893545261585 85.542135058447,27.8893624171253 85.5421133811608,27.8893892464011 85.5421101186901,27.889405447032 85.5421065299663,27.8894459969214 85.5421001500193,27.8894675762895 85.5420968512932,27.8894864823929 85.5420964887875,27.8895135371244 85.5421022162302,27.8895406562733 85.5420894563189,27.8895838150077 85.5420897574427,27.8895879337887 85.5420920300337,27.889619018367 85.542097684978,27.8896515484621 85.5420879700287,27.8896947394041 85.5420785450817,27.8897162865606 85.5420691201309,27.8897378337161 85.5420321090887,27.8897726183439 85.5420093354499,27.8897841011061 85.5419287078151,27.8899021037318 85.5419054158305,27.8899092767682 85.5418805121056,27.8899496011491 85.5418862032552,27.8899794257769 85.5418980206385,27.8900066093594 85.5419070836533,27.8900232054374 85.5419099105394,27.8900283819955</coordinates></LinearRing></outerBoundaryIs></Polygon></MultiGeometry>
  </Placemark>
  <Placemark>
	<Style><LineStyle><color>ff0000ff</color></LineStyle><PolyStyle><fill>0</fill></PolyStyle></Style>
      <MultiGeometry><Polygon><outerBoundaryIs><LinearRing><coordinates>85.5378447836724,27.8908971888945 85.5379121373868,27.8908708448952 85.5379670929168,27.8908606044622 85.53806460581,27.890856227139 85.538107526706,27.8908350355802 85.5381993130597,27.8908035388849 85.5382662304643,27.8908096603225 85.5382966805122,27.8908099832672 85.5383397467315,27.8907779697612 85.5383519267474,27.8907780989332 85.5383886121745,27.8907676645701 85.5384561110602,27.8907304984234 85.5384690179236,27.8906765182191 85.5384406758143,27.8905192781527 85.5384352399969,27.8904705151413 85.5384358941715,27.8904218167109 85.5384734516779,27.890346451078 85.5384928845554,27.8902600698239 85.5384752687686,27.8902111776547 85.5384944835688,27.890141029209 85.5384888296908,27.8901084990083 85.5384775946263,27.8900380276689 85.5384606330278,27.8899404370636 85.5385290035198,27.8898383396083 85.5385418375414,27.8897897703225 85.5385915019585,27.8897199447268 85.5386593634751,27.8896557237586 85.5386908305975,27.8895802934725 85.5386917026448,27.8895153622162 85.5387657992391,27.8894403838778 85.5387789237635,27.889370170808 85.5387861036726,27.8892890712953 85.5388175705902,27.8892136409691 85.5388486741543,27.8891652653268 85.5389039920386,27.8891279697873 85.5389178623501,27.8891063971176 85.5389134290515,27.8890564683636 85.5389323660379,27.88898860105 85.5389549273848,27.8889634526003 85.538967761096,27.8889148832577 85.5390112622665,27.8888504038614 85.5390298952303,27.8888235428207 85.5390255489685,27.888693615722 85.5390628148223,27.8886398936304 85.5391182776544,27.8885917761097 85.5391431457217,27.8885541577173 85.5391559792926,27.8885055883494 85.5391540612638,27.8884883831558 85.5391505432103,27.8884568253441 85.5391757018057,27.8883975631832 85.5392127495559,27.8883600738628 85.5392074587344,27.8883004889775 85.5392263094706,27.8882573950819 85.5392407940294,27.8882202678898 85.5392759727132,27.8881875691812 85.5393253453518,27.8881393870222 85.5393629013894,27.8880640210693 85.5394183637886,27.8880159034076 85.5395102926369,27.8879735838392 85.5395902595745,27.8879149023326 85.5396523199704,27.8878289725022 85.5396587729029,27.8878019823155 85.5396895852061,27.8877752502115 85.5397214140872,27.8876727649126 85.5397217045417,27.8876511211446 85.5397649142902,27.8876082852312 85.5397717302335,27.8875542403258 85.5397480970267,27.8874998728372 85.5397672378409,27.8874351350802 85.5397496944812,27.8873808321079 85.539725843482,27.8873426974429 85.5397085179951,27.8872721616392 85.5396785772193,27.8872339624483 85.539655379814,27.8871471292923 85.5396311658138,27.8871360493239 85.5395466347145,27.8870810365763 85.5394980615261,27.8870696984828 85.5394681208788,27.8870314992501 85.5394195477217,27.88702016113 85.5393890260907,27.8870252494152 85.5393378717649,27.8870247073353 85.539328273346,27.8870137821989 85.539310657634,27.88696489012 85.5392682469559,27.8869482055419 85.539207494269,27.8869367382743 85.5391526134719,27.8869415683464 85.5391039677507,27.8869356410588 85.5389706461029,27.8868855225504 85.5389219277686,27.8868850061405 85.5388732094357,27.8868844897134 85.5388063670435,27.8868729577173 85.5387088577332,27.8868773357048 85.5386597760883,27.8869038739028 85.5385619760735,27.8869298955444 85.5384762102571,27.8869668681386 85.5384378287845,27.8869964609473 85.5384208206928,27.8870095744932 85.5383658671599,27.8870198151884 85.5382663821616,27.8870417514293 85.5382253657012,27.8870507954759 85.5382239311286,27.887052965577 85.5382012851391,27.8870589478924 85.5377545762957,27.8873067438517 85.5377381851484,27.8873138097016 85.5377345462987,27.8873161748198 85.5377221485377,27.8873322784202 85.5377034428196,27.8873645502245 85.5376907541934,27.8874022975708 85.537689306903,27.887405404349 85.5376722665975,27.8874183365579 85.5376286198331,27.8874936374102 85.5376099140579,27.8875259091989 85.5375665580866,27.8875795662797 85.5374990609251,27.8876167320699 85.5374803550894,27.8876490038382 85.5374127851278,27.8876915805195 85.5373639937357,27.8876964744817 85.5373273092735,27.8877069086121 85.5372780814606,27.8877442681599 85.53724139697,27.8877547022648 85.5371746997444,27.8877323475948 85.5371200367224,27.887720944031 85.5369859148893,27.8877303438957 85.536876807172,27.8876913037934 85.5367979304036,27.8876688196543 85.5367064374324,27.8876786717765 85.5366151627517,27.887672291034 85.5365629313958,27.8876562028674 85.5365605725997,27.8876554763171 85.5365563097963,27.8876554310555 85.5364509556923,27.887654312425 85.5364365485029,27.8876477195095 85.5363666185524,27.8876643961348 85.5363504371423,27.8876559509143 85.5363141165246,27.887639330103 85.5362626077467,27.8876198421381 85.5362291501,27.8876167809749 85.5362159940832,27.8876145491018 85.5362020006458,27.8875975516772 85.5361413207794,27.8875806721239 85.5361110900429,27.8875641159375 85.5360869491368,27.8875476244238 85.5360630994184,27.8875094891731 85.5360146720579,27.8874873279926 85.535996984991,27.8874438464802 85.5359610285001,27.8874001709145 85.5359124556055,27.8873888315664 85.5358883875721,27.8873669290872 85.5358219093046,27.8873283409806 85.5357852248401,27.8873387747001 85.5356513218722,27.8873319404824 85.5354991495062,27.8873249120231 85.5354317975013,27.8873512549174 85.535419918452,27.8873539347598 85.5353831882783,27.8873426208515 85.5353404867948,27.8873475788094 85.5352489211748,27.887362840901 85.5351823338941,27.8873323688916 85.5351585938029,27.8872861171002 85.5350709472411,27.8872364802612 85.5350530784825,27.8872065259697 85.5350260386146,27.8871791800545 85.5349690232946,27.8871163394494 85.5349333223056,27.8870537253752 85.5348761978246,27.8869990011313 85.534821644735,27.8869794802817 85.5347459231376,27.8869489109726 85.5346951436017,27.8868753131386 85.5346620505588,27.886845196953 85.5345654885239,27.8867792299101 85.5345388496605,27.8867221237903 85.5344634198138,27.8866699106144 85.5344427250476,27.8866236910869 85.5344310920683,27.886582979612 85.5344040525101,27.8865556335842 85.5343832849134,27.8865148249788 85.5343409845526,27.8864900225237 85.5342900597374,27.886427246414 85.5342659922478,27.886405343669 85.5342022320615,27.8863911363821 85.5340744201812,27.886384365439 85.5340408901079,27.88638671469 85.5338736042276,27.8863714061777 85.533813107705,27.8863409983143 85.5337521737796,27.8863430559969 85.5337004838374,27.8863370944329 85.5336213535871,27.8863335467828 85.5335538924228,27.8863680051611 85.5335200342186,27.8863947034612 85.5334890385741,27.8864349614675 85.5334489811974,27.8864697113486 85.5334150135505,27.8865045260117 85.533332437216,27.8865307058952 85.5332016168545,27.8865211962756 85.5331231064743,27.8864716554558 85.5330686634037,27.8864440175426 85.5329930521273,27.8864053309109 85.5329506791991,27.886385938969 85.5328535715218,27.8863605527258 85.5328084091016,27.8863221900899 85.5327630643249,27.8862973547557 85.5327271095299,27.8862536784031 85.5326544704211,27.8862204349326 85.5325937919384,27.8862035538641 85.5325457307408,27.8861543368805 85.5324732012107,27.88611297693 85.532418649035,27.8860934551601 85.5323428558058,27.8860682955014 85.5322971463571,27.8860705146476 85.5322085168824,27.8860939235555 85.5321443557713,27.88610947542 85.5320622174102,27.8861031889954 85.5319894691302,27.886078061572 85.5319224821274,27.8860773481308 85.5318644107199,27.8860929647234 85.531785353761,27.8860840051039 85.5317427256696,27.8860835510365 85.5316909264846,27.886085705113 85.5316604413439,27.8860880862214 85.5315872185915,27.8860981295927 85.5315264673483,27.8860866589863 85.5314781511362,27.8860563798815 85.5314360707154,27.8860153437955 85.5314089955618,27.8859907026736 85.5313636512614,27.8859658668953 85.5312782491321,27.8859757803357 85.5312413821776,27.8859997401552 85.5312076331,27.8860183214871 85.5311432162907,27.8860528111106 85.5310852908766,27.8860576055265 85.5310119950648,27.8860730595131 85.5309933971989,27.8860972139613 85.530950549983,27.8861129924146 85.5309137559593,27.8861315412197 85.5308556843983,27.8861471573804 85.5308005481074,27.8861709223532 85.5307301509384,27.8861972304827 85.5306751972438,27.8862074681 85.5306264793943,27.8862069487703 85.5305442314934,27.8862087778228 85.5305381052296,27.8862114183622 85.5304767695067,27.886243234661 85.5305253412364,27.8862545758858 85.5306223386049,27.8862880801273 85.5307074487908,27.8862998107904 85.5308048845779,27.8863008493786 85.530913769371,27.8863561269249 85.5311572129263,27.8863695447511 85.5313271414848,27.8864146490643 85.5314609698311,27.8864268983544 85.5316307525977,27.8864828241475 85.531801703608,27.8864521749582 85.5319726545319,27.886421525553 85.5321431674503,27.8864233414796 85.5322276940913,27.8864783586117 85.532483317698,27.8864919038053 85.5326039453214,27.8865797752793 85.532688618247,27.8866239702896 85.532870289743,27.8867016679479 85.5329176947807,27.8867995831653 85.5330264353271,27.8868656809512 85.533098199693,27.8869638553618 85.5331340089844,27.8870183534809 85.5331572011089,27.8871051875369 85.5331805391418,27.8871811997363 85.533240561856,27.8872467789081 85.5332763713068,27.8873012769944 85.5333245062596,27.8873450828206 85.5333604616416,27.8873887590335 85.5333958336326,27.8874757226526 85.5335648899265,27.8875857554257 85.5336486890483,27.8876948810115 85.5337087123231,27.8877604599963 85.5337933866261,27.8878046543726 85.533877623571,27.8878813142654 85.5339868031841,27.8879149457798 85.5341197590765,27.8879921237045 85.5342532982543,27.8880260140796 85.5343381187612,27.8880593862787 85.5344355562823,27.8880604223608 85.5345090716702,27.8880287338028 85.5346800244926,27.8879980811109 85.5348145838989,27.887956217932 85.534876065147,27.8879135778383 85.5350230954448,27.8878502001925 85.5351208241801,27.8878295920605 85.5352545091921,27.8878526596084 85.5353644175637,27.8878321807342 85.5354258985358,27.8877895403835 85.5354992678261,27.8877686731413 85.5356114487402,27.8877301791901 85.5356397708641,27.8877376957015 85.5357371353421,27.887744141785 85.5358041234853,27.8877448534117 85.5358890171035,27.8877728137346 85.5359253376944,27.8877894346569 85.5360285736871,27.887812178022 85.5361560234928,27.8878460018859 85.5362106136688,27.8878628167638 85.536401418257,27.8878391988625 85.5364179229317,27.8878460772611 85.5364817570757,27.8878548726293 85.536499881045,27.8878658884827 85.5365453001428,27.887885311705 85.5366333845387,27.8879024820413 85.5366877565298,27.8879355295371 85.5367394110637,27.8879441954817 85.5367682406912,27.8879435530911 85.5368063266007,27.8879503175608 85.5368486644906,27.8879724138296 85.5368910387758,27.8879918046186 85.5369638986992,27.8880088131368 85.5369907573924,27.8880496860327 85.5370268600095,27.8880825394794 85.5370321860021,27.8881394189368 85.537007390075,27.8881716259911 85.5370101803794,27.8881905965835 85.5369943373482,27.8882364279311 85.5369939008421,27.8882688935407 85.536974976482,27.888317398032 85.5369717886943,27.888348173414 85.5369879435481,27.8884139498493 85.5369888552439,27.888417661929 85.5370110978608,27.8884480875297 85.5370127782291,27.8884503860997 85.5370548981076,27.8884887151173 85.5370704397359,27.8885355785291 85.5370783118939,27.8885593158219 85.5370998069708,27.8885788762632 85.5371324661118,27.8886085959619 85.5371990183772,27.8886417725416 85.5372167788449,27.8886798429829 85.5372467918437,27.8887126317479 85.5372768048605,27.888745420507 85.5373043869531,27.8887856940425 85.537306672421,27.8887890311306 85.5373244329487,27.8888271015596 85.5373777201888,27.8888580315546 85.5373909126743,27.8888656889883 85.5374269429449,27.8889039532767 85.5374631187002,27.8889313956854 85.5375409056362,27.889035043515 85.5375833168219,27.8890517286408 85.5375949148514,27.8890951453583 85.5376240554073,27.8891928652768 85.5376597949818,27.8892527732528 85.5376529051257,27.8893122289326 85.5376700113658,27.8893989977433 85.5376816094606,27.8894424144541 85.5376600674067,27.8895011887154 85.5376499962493,27.8895286663571 85.5376370891468,27.889582646483 85.5376421609645,27.8896584641938 85.5376533227344,27.8897343465183 85.5376465782781,27.8897829803218 85.5375785706509,27.8898580226345 85.5375594280529,27.8899227599997 85.5375653734437,27.8899590214213 85.5375479617823,27.8899915149102 85.5375428354427,27.8900034369458 85.5374966738259,27.8900600926341 85.5374528803264,27.890146215227 85.5374522984537,27.8901895027033 85.5374025603593,27.8902647387821 85.5373953065852,27.8903512491041 85.5374125582155,27.8904271960641 85.5374722943302,27.8905144172653 85.5375441377995,27.8906071786203 85.5375788595442,27.8907428397032 85.5375844404426,27.8907807808636 85.5376991324279,27.8908577616734 85.5377345262257,27.8908792732077 85.5377469504563,27.8908868243687 85.5378447836724,27.8908971888945</coordinates></LinearRing></outerBoundaryIs></Polygon></MultiGeometry>
  </Placemark>
  <Placemark>
	<Style><LineStyle><color>ff0000ff</color></LineStyle><PolyStyle><fill>0</fill></PolyStyle></Style>
      <MultiGeometry><Polygon><outerBoundaryIs><LinearRing><coordinates>85.5386223003246,27.8901477962272 85.538599640891,27.8902476725619 85.5385593292344,27.8903013621987 85.5385546852868,27.8904203705263 85.5385358702134,27.8904607588241 85.5385314079293,27.8905662398049 85.538555113791,27.8906151965441 85.5386549447025,27.8906649604522 85.538706746061,27.8906628038369 85.538758620089,27.8906552362647 85.5388349631188,27.8906398105252 85.5388654494595,27.8906374278735 85.5389175414551,27.8906136274275 85.5389421194406,27.8905976528536 85.5389545900825,27.8905761382202 85.5389488633887,27.8905490189721 85.5389430640364,27.8905273106616 85.538937192025,27.8905110132888 85.538919249021,27.8904864703894 85.5389019236595,27.8904159345163 85.5389268649085,27.8903729052534 85.5389454618413,27.8903487497096 85.5389579687814,27.890324529605 85.5390165138719,27.8902737389808 85.5390595796703,27.8902417252313 85.5390816937857,27.8901824308434 85.5390973183152,27.8901528320613 85.5391042074606,27.8900933762883 85.5391320482355,27.8900612011333 85.5391416554138,27.8900261268559 85.53915129891,27.8899883471081 85.5391487261465,27.8899531437314 85.5391460807352,27.8899233512935 85.5391556152461,27.8898936879527 85.5391680857592,27.8898721732932 85.5391775112881,27.8898506263587 85.5391807378852,27.8898371312849 85.5391826509768,27.8898291298758 85.5391957652507,27.8898156877687 85.5391994073122,27.8898075647603 85.5392042472011,27.8897873221484 85.5392120957424,27.8897698172786 85.539244522024,27.8897363377693 85.5392463350862,27.8897147101484 85.5392588963631,27.8896864318046 85.5392743754837,27.8896676548745 85.5392776747041,27.889648748858 85.5392962714297,27.8896245932568 85.5393164632728,27.8895950428482 85.539321284969,27.8895761529653 85.5393382502289,27.8895600976316 85.5393613054254,27.8895441068342 85.5393797931595,27.8895280676295 85.5393859687772,27.8895227099123 85.5394059841069,27.8895053454182 85.5394260851049,27.889482558666 85.5394368877638,27.889471849723 85.5394660691802,27.8894532179716 85.5394785577364,27.8894303505434 85.5394925687707,27.8894074992469 85.5395156602269,27.8893888029512 85.5395250311701,27.8893713141925 85.5395251696829,27.8893709755716 85.5395360516921,27.8893443724201 85.5395529805701,27.889331022527 85.5395887954925,27.8893173315731 85.5395927829927,27.8893152091427 85.5396082256894,27.8892991376401 85.5396220207781,27.8892835906963 85.5396236865373,27.8892817134004 85.5396344762713,27.8892723526023 85.5396390929132,27.8892683473642 85.5396483185815,27.8892616804767 85.53965015018,27.8892582106604 85.5396561306996,27.8892468810465 85.5396592664394,27.8892401496331 85.5396578892012,27.8892293116207 85.5396656286944,27.8892199231304 85.5396734589621,27.8892037709637 85.5396767762508,27.889183512198 85.5396847335991,27.8891578908842 85.5397018258227,27.8891323663538 85.5397233220863,27.8891190648292 85.5397401964433,27.8891097731162 85.5397678007695,27.8890951833697 85.5397740177641,27.8890857787424 85.5397941186059,27.8890629919293 85.5398110474083,27.8890496420011 85.5398326707141,27.8890268713111 85.5398603476181,27.8890068706034 85.5398788896441,27.8889867731182 85.5399095570288,27.8889708628631 85.5399341707979,27.8889521826181 85.5399555943923,27.888944291996 85.5399891070472,27.8889432940672 85.5400120531136,27.8889354195635 85.5400258280121,27.8889301537652 85.5400502602499,27.8889250008527 85.5400762331128,27.8889185113268 85.540105377974,27.8889025848997 85.5401161623588,27.8888932286334 85.5401499472335,27.888871939632 85.5401714615414,27.8888572852974 85.5402005519278,27.8888454170555 85.5402143449547,27.8888387985019 85.5402282105719,27.8888267690046 85.5402496341221,27.888818878335 85.5402602914533,27.8888189912056 85.5402939492476,27.8888071713161 85.5403077967053,27.8887964945458 85.5403265019344,27.8887642223746 85.5403495749657,27.8887468786624 85.5403664310674,27.8887389396036 85.540390772519,27.8887405503069 85.5404227444918,27.8887408888828 85.5404425911015,27.8887370402666 85.5404610422502,27.8887237063752 85.5404826653567,27.8887009355745 85.5405162686594,27.8886931738354 85.5405422777306,27.8886839787467 85.5405683593723,27.8886693727097 85.5405942777172,27.8886669412899 85.5406264129575,27.8886551051951 85.5406478183047,27.8886485671969 85.5406784129183,27.8886380677055 85.5406968095963,27.8886287919883 85.5407243229699,27.8886209657193 85.5407487732519,27.8886144599429 85.5407792771422,27.8886107241081 85.540806699803,27.8886096615021 85.5408357174979,27.8886032040644 85.5408510147908,27.8885979542981 85.5408770238137,27.8885887591442 85.5409060052207,27.8885850071634 85.5409319235409,27.8885825756791 85.5409547787754,27.8885814646928 85.540958224328,27.8885815011663 85.540974570925,27.8885816742062 85.5410020298547,27.8885779060888 85.5410174178269,27.888565892623 85.5410251934322,27.8885537985769 85.541036068394,27.8885376785532 85.5410484658247,27.888521574644 85.5410577457579,27.8885108494473 85.5410630838512,27.8885016394593 85.541068656985,27.8884920239483 85.5410857125058,27.8884692046999 85.5411027498826,27.8884477381853 85.5411151472929,27.8884316342691 85.5411275446994,27.8884155303515 85.5411476995452,27.8883886851147 85.5411724399271,27.8883605354803 85.5411923771237,27.8883499230709 85.5412229716052,27.888339423453 85.5412413500535,27.8883315003953 85.5412583511079,27.8883127393316 85.541272216545,27.8883007097214 85.5412845595097,27.888288663997 85.5412954162714,27.8882738966861 85.541300183155,27.8882590649241 85.5413052039154,27.8882252948531 85.54132521361,27.8882092714775 85.5413436826973,27.888194584723 85.5413468908355,27.8881824423196 85.5413549202444,27.8881514099424 85.5413673719825,27.8881312477909 85.5413844455153,27.8881070757635 85.541393761645,27.8880936450682 85.5414047090355,27.8880721140648 85.5414127202857,27.8880424344192 85.5414206771335,27.8880168129823 85.5414438404961,27.8879927053901 85.5414592646001,27.8879779863961 85.5414641765025,27.8879523327346 85.5414750876001,27.8879335071971 85.5414826387617,27.8879019212509 85.5414847663366,27.8878930217639 85.5414849113898,27.8878821998718 85.5414844992215,27.8878797222197 85.5414792748282,27.8878483170174 85.5414859447763,27.8878301168173 85.5414871772493,27.8878267537844 85.541488953554,27.8878078315831 85.5414830631514,27.8877928870402 85.5414865794965,27.8877577481106 85.5414867789434,27.8877428680086 85.5414794023459,27.8877252018822 85.5414796017935,27.8877103217801 85.5414753426477,27.8876872769278 85.5414598844004,27.8876666806778 85.5414559796232,27.887642192093 85.541448772421,27.8876247610586 85.5414430814843,27.8875949364121 85.5414371548342,27.8875826973406 85.5414296513299,27.8875745003677 85.5414071952208,27.8875458512373 85.5413969731883,27.8875132727831 85.5413850111125,27.8874969110555 85.5413762208849,27.8874711123938 85.5413734116947,27.8874534945963 85.5413644582776,27.8874398705628 85.5413372172439,27.8874274059262 85.5413087076284,27.8873959868613 85.5412982861683,27.8873782885024 85.5412787299745,27.8873604934692 85.5412684354599,27.8873333259528 85.5412581409503,27.8873061584356 85.5412491694252,27.8872938871319 85.5412431521411,27.8872884117354 85.541220696138,27.8872597625775 85.5412043480985,27.8872298251322 85.5412031157986,27.8872081652354 85.5411790466937,27.8871862636408 85.5411565181871,27.8871630254194 85.5411339171482,27.8871451981404 85.5411193092287,27.8870990439624 85.5411226443023,27.8870774324068 85.5411182401663,27.887065209437 85.5411047013207,27.887052889783 85.5410960200062,27.8870189746869 85.5410902203754,27.886997266447 85.5410796720347,27.8869890372285 85.5410554579117,27.886977957506 85.5410357930088,27.8869682788602 85.541002498604,27.8869530442304 85.540992149782,27.8869299349051 85.5409878182144,27.886912300986 85.5409881084076,27.8868906572034 85.5409852630169,27.8868757448722 85.5409808044922,27.8868675801078 85.5409672656863,27.8868552604414 85.5409476552261,27.8868415235748 85.5409311259434,27.8868251134645 85.5409117150108,27.8867964964929 85.5409026891509,27.8867882833779 85.5408875735012,27.8867800057973 85.5408709535446,27.8867703593622 85.540865226524,27.8867432401687 85.540860786152,27.8867337226645 85.540845797484,27.886715975925 85.5408337267422,27.8867077305724 85.5408216741413,27.8866981324824 85.5408126482963,27.886689919362 85.5407991820884,27.886672188735 85.5407978228955,27.8866599979906 85.5407950500927,27.8866396747109 85.5407875648395,27.88663012497 85.540778593421,27.8866178536385 85.5407652904836,27.8865879483815 85.5407577311643,27.8865799206436 85.5407562827915,27.8865783825215 85.540747150222,27.886570827133 85.540739717297,27.8865646778629 85.5407386926526,27.8865635584989 85.5406910376954,27.8865226027076 85.5406885528161,27.8865194895488 85.5406810857208,27.8865085870663 85.5406776420696,27.886505694373 85.5406615116408,27.8864921446894 85.5406559116702,27.8864555563346 85.5406607329707,27.8864366663824 85.5406489706694,27.8864054244977 85.5406630898877,27.8863744566305 85.5406860897811,27.8863625237803 85.5407075490879,27.8863519275443 85.540733865952,27.8863197358762 85.5407446137391,27.8863130850183 85.540782819882,27.886302666063 85.5408134863685,27.8862867555669 85.540827242752,27.8862828424087 85.5408611600305,27.8862785728865 85.5408668987656,27.8862778504919 85.5408837544413,27.8862699113511 85.5409097266205,27.8862634216397 85.5409372212372,27.8862569480388 85.5409586442262,27.8862490572349 85.5409787986854,27.8862222120009 85.5409744852793,27.8862032253442 85.5409823513908,27.8861843676076 85.5409825973655,27.8861660213287 85.5409827141226,27.8861573128765 85.5409799594299,27.8861356368616 85.5409848350674,27.8861126886848 85.5409898013847,27.8860829768248 85.5410144687087,27.8860602381377 85.5410313243401,27.8860522989769 85.5410466938028,27.8860416382265 85.5410591816074,27.8860187706167 85.5410841390652,27.8859743881294 85.5411026077896,27.8859597013894 85.5411333285373,27.8859397326059 85.5411380046528,27.8859316645251 85.5411369174441,27.8858991827313 85.5411448560408,27.8858749140358 85.5411633066056,27.8858615800233 85.5411650103815,27.8858480687688 85.5411638868964,27.885818292448 85.5411869228859,27.8858036540332 85.5411946600471,27.8857988661227 85.5412084183018,27.8857903522388 85.5412040323346,27.8857767765343 85.5412103215385,27.8857619608789 85.5412105391398,27.8857457280376 85.5412061629117,27.8857417458561 85.54119850474,27.8857347772453 85.5411895333429,27.8857225059401 85.5411867242146,27.8857048881373 85.5411792389863,27.8856953384175 85.5411763391912,27.8856844842983 85.5411703763977,27.8856749506906 85.5411493887567,27.8856503758509 85.5411391850874,27.8856164446418 85.5411303587807,27.8855933514391 85.5411198649712,27.8855810640169 85.5410988410897,27.8855591946438 85.5410960863832,27.8855375186291 85.5410919180557,27.8855077100805 85.5410799380982,27.8854927010687 85.5410666170644,27.8854641485749 85.5410668890893,27.8854438575237 85.5410625938271,27.8854235181315 85.5410551448984,27.8854112629323 85.5410388515645,27.8853772672616 85.5410393412166,27.8853407433694 85.5410273794193,27.8853243816169 85.541007805489,27.8853079392926 85.540992690031,27.8852996617293 85.5409730979744,27.8852845721371 85.5409611724654,27.8852655049059 85.5409476882614,27.8852491270324 85.5409374484144,27.8852179012837 85.5409376841878,27.8852003157064 85.5409351990875,27.8851942070451 85.5409332620023,27.8851894454678 85.5409212095539,27.8851798473905 85.5409183954685,27.8851780159984 85.5409106432594,27.8851729709009 85.5408969777053,27.8851701203899 85.5408938603071,27.885175499106 85.5408847076179,27.88517675515 85.540863284839,27.8851846459514 85.5408357904927,27.8851911195487 85.5408113047185,27.8852003308463 85.5408005207723,27.8852096871881 85.5407881599834,27.8852230856222 85.5407529809385,27.8852348895656 85.540736554555,27.8852376282418 85.5407224598605,27.8852399781689 85.5407130524929,27.8852516215696 85.5407116214851,27.8852533927129 85.5406978289511,27.885260011338 85.540683873159,27.8852788045906 85.540663882074,27.88529347516 85.5406424592574,27.8853013659255 85.5406225225841,27.885311978279 85.5405920196204,27.8853157141158 85.5405661202186,27.8853167928302 85.5405401845336,27.8853205770126 85.5405157712743,27.8853243773097 85.5405054550522,27.8853215622218 85.5404929711508,27.8853214300402 85.5404716934558,27.8853184988871 85.5404412449147,27.885318176481 85.5404229213616,27.8853220412433 85.5404060658051,27.8853299803331 85.5403480684224,27.8853401896188 85.5403236370094,27.8853453426177 85.540306799587,27.8853519289586 85.540294529445,27.8853585636638 85.5402668354322,27.8853799172436 85.5402545108497,27.8853906101537 85.5402360965525,27.8854012385717 85.5402161053869,27.8854159090728 85.540209870509,27.8854266664705 85.5401958964665,27.8854468124055 85.5401804544277,27.8854628840067 85.5401666436906,27.8854708553124 85.5401436257911,27.8854841408185 85.5401372457292,27.8855057201018 85.5401339831108,27.885521920688 85.5401276937781,27.8855367362898 85.5401287972752,27.8855466342833 85.5401358312363,27.8855544105419 85.5401380513684,27.8855591693045 85.5401424734865,27.8855700395656 85.5401446936191,27.885574798328 85.5401559848226,27.8855843884098 85.5401649379429,27.8855980125138 85.540165499549,27.8856129006735 85.5401591829951,27.8856297453808 85.5401507370374,27.8856350676445 85.5401369262758,27.8856430389461 85.540123876728,27.8856510183083 85.5401161103214,27.8856624359445 85.5401030335491,27.8856724444087 85.5400808766252,27.8856782979158 85.5400709082282,27.8856836040496 85.5400593720289,27.8856922758981 85.5400570248639,27.8856969862871 85.5400613925357,27.8857119147587 85.540064292219,27.8857227688972 85.5400564713576,27.8857382447376 85.5400441285651,27.8857502903622 85.5400279887615,27.8857616193044 85.5400149391915,27.8857695986553 85.540009429192,27.8857830695767 85.5400054506987,27.8857958802553 85.5399992339253,27.8858052849052 85.5399884589242,27.8858139648097 85.5399792426526,27.8858199553671 85.5399692651632,27.8858259378609 85.5399546749983,27.8858352538156 85.5399431659974,27.8858418965492 85.539923999451,27.8858518404896 85.539907216376,27.8858543685694 85.5398865636898,27.8858615909058 85.5398864546248,27.8858616566199 85.5398689104943,27.8858722273331 85.5398542840141,27.8858842487484 85.5398419411827,27.8858962943531 85.5398357062388,27.8859070517308 85.539824097394,27.8859211345012 85.5398071690984,27.8859344844555 85.539784178284,27.8859457407916 85.5397672227525,27.8859611198444 85.5397533302394,27.8859751784158 85.5397401717128,27.8859912741538 85.5397156493675,27.886003190717 85.5397010682338,27.8860118302749 85.5396886799896,27.8860272577041 85.5396542527165,27.8860397457837 85.5396366993126,27.8860429421322 85.5396175327039,27.8860528860274 85.5396098297523,27.8860595690561 85.539594523692,27.8860654950656 85.5395790905524,27.8860808902235 85.539569783466,27.8860936444301 85.5395620805086,27.886100327456 85.5395474721185,27.8861109961002 85.5395359176782,27.8861210206367 85.539519886696,27.8861242331006 85.53950606675,27.8861328807021 85.5394967959605,27.8861429294319 85.5394799583671,27.8861495156644 85.5394669450224,27.8861547894884 85.539451657097,27.8861593627456 85.5394331972032,27.8861733728863 85.5394301250927,27.8861753697256 85.5394140487097,27.8861819640157 85.5394017330305,27.886191980474 85.5393734408212,27.8862011511705 85.5393696165679,27.8862024635742 85.539365945965,27.8862206892057 85.5393647950578,27.8862213534738 85.539340109208,27.8862454445862 85.5393429362022,27.886261709679 85.5393304298567,27.8862859298533 85.5393423914906,27.8863022917452 85.5393572527533,27.8863295077865 85.539359861869,27.8863620057054 85.5393958920701,27.8864002694872 85.5394412748198,27.8864223972265 85.5394591446957,27.8864523509933 85.5395194614262,27.886496283796 85.5395204138211,27.8864987757367 85.5395371134773,27.8865424703809 85.5395303338156,27.8865938098092 85.539538960145,27.8866317831928 85.5395537851895,27.8866617046864 85.5395532405473,27.8867022867541 85.5395616853448,27.8867537874922 85.5395827091252,27.8867756570932 85.5396062030251,27.886806591567 85.5396339277039,27.8868167875966 85.539657851178,27.8868495113323 85.5397062790647,27.8868716712519 85.5397365828095,27.886882815722 85.5397909553076,27.8869158620146 85.5398087164458,27.8869539321548 85.5398144432095,27.8869810513818 85.5398263323832,27.8870028241786 85.5398501833497,27.8870409588266 85.5398559101274,27.8870680780521 85.5398735987067,27.8871115591278 85.5399097745359,27.8871390009018 85.5399276809528,27.8871662491428 85.5399332625517,27.8872041902513 85.5399507333791,27.8872639041468 85.5399502977728,27.887296369804 85.5399743666432,27.8873182716044 85.5399861832837,27.8873454553318 85.5399668974153,27.8874210150112 85.5399665344117,27.8874480697251 85.5399661714076,27.8874751244388 85.5399780606616,27.8874968972242 85.5399899499201,27.8875186700086 85.5399831340878,27.8875727149292 85.5399830614874,27.887578125872 85.5400066948287,27.8876324933248 85.5400060414339,27.887681191809 85.5399930631529,27.8877405831651 85.5399738498076,27.8878107318962 85.5399489822027,27.8878483504598 85.5399297688068,27.8879184991819 85.5399229529102,27.8879725440944 85.5398609652427,27.888053063108 85.5398395160802,27.8880790826733 85.539816269185,27.8880931774438 85.5397795847909,27.8881036122303 85.5397370283701,27.888097749663 85.5397004165838,27.8881027734865 85.5396698220393,27.8881132727637 85.539657497078,27.8881239656024 85.5396261763251,27.8881885742834 85.5395952186419,27.8882261282491 85.5395338115842,27.8882633595691 85.5394906741025,27.8883007844518 85.5394473913326,27.8883490312013 85.5394164335412,27.8883865851219 85.5393914203425,27.8884350254507 85.5393664797544,27.8884780548332 85.5393535010112,27.8885374461055 85.539346684776,27.8885914909725 85.5393397958972,27.8886509467788 85.5393386337248,27.888737521823 85.5393320353742,27.8887753338665 85.5393360326295,27.8888004053816 85.5393223557495,27.8888158191099 85.5393037591764,27.8888399747229 85.5392880259495,27.8888776899532 85.5392571769063,27.8889071274176 85.5392264368096,27.8889284484645 85.5392018592523,27.8889444231088 85.5391852768537,27.8889623963802 85.5391344343884,27.8889761787426 85.5390912238317,27.8890190144199 85.5390721186208,27.8890810465731 85.5390924888823,27.889151614709 85.5391310926134,27.8892250819571 85.5391243488569,27.8892737158628 85.5390900551147,27.8893328811734 85.5390895828885,27.8893680522778 85.5390855934661,27.889438362211 85.5390539450276,27.889527319948 85.5389828935342,27.8896023307234 85.5389550165118,27.8896372113224 85.5389325754875,27.8897208549193 85.5388676863976,27.8897905192449 85.5388550705099,27.8898228557519 85.538854598198,27.8898580268502 85.5388111328383,27.8899198007001 85.538758750487,27.8899652448714 85.5387092677327,27.8900215431806 85.5386840357965,27.8900862161564 85.5386773239491,27.8901000608189 85.5386223003246,27.8901477962272</coordinates></LinearRing></outerBoundaryIs></Polygon></MultiGeometry>
  </Placemark>
  <Placemark>
	<Style><LineStyle><color>ff0000ff</color></LineStyle><PolyStyle><fill>0</fill></PolyStyle></Style>
      <MultiGeometry><Polygon><outerBoundaryIs><LinearRing><coordinates>85.5445398698795,27.8972173017775 85.5444350772091,27.8971850329304 85.5444248496727,27.8971740316634 85.5443735883016,27.8971356082201 85.5443465436537,27.8971082639896 85.5442737125686,27.8970885536493 85.5442495683113,27.8970720634607 85.5441919269976,27.8970552193966 85.5441677103395,27.8970441401397 85.5441404847107,27.8970303232345 85.5441222498015,27.897027424731 85.5440645361072,27.8970159915604 85.5440101573276,27.8969829467604 85.5439829679504,27.8969664243528 85.5439190190701,27.8969657486624 85.5438612692156,27.8969570208809 85.5438247270032,27.8969566347436 85.5437639319789,27.8969478747433 85.5437093359985,27.8969310626622 85.543645495817,27.8969222704294 85.5436090622927,27.8969137678191 85.5435785017893,27.8969215623995 85.5435142631334,27.896942530298 85.543483775071,27.896944913913 85.5434348709914,27.8969579262871 85.5433981476376,27.8969710673957 85.5433916949712,27.8969980577374 85.543388287487,27.8970250802668 85.5433695453773,27.8970600582686 85.543360083741,27.8970843109476 85.5433537759809,27.8971004793997 85.5433535223643,27.8971194177015 85.5433594315867,27.8971330094379 85.5433721593903,27.8971396507889 85.5433766997772,27.8971505231563 85.5433774672211,27.8971507881365 85.54340173816,27.8971578093225 85.5434260272169,27.8971634777683 85.5434486306526,27.8971813047395 85.5434652342851,27.8971923036544 85.5434908829243,27.8972101628057 85.5435028100964,27.8972292298524 85.5435130697678,27.8972591026927 85.5435190152443,27.8972699889512 85.5435279515747,27.8972849656027 85.5435339151674,27.8972944991248 85.5435460053749,27.897301391545 85.5435581861494,27.8973015202846 85.5435946197976,27.8973100229126 85.5436325579368,27.8973198943587 85.5436506842068,27.8973309093441 85.5436733058263,27.8973473835447 85.5436838915629,27.8973529071262 85.5436988820913,27.8973706536035 85.5437003518875,27.8973724385455 85.5437332725289,27.8973929652512 85.5437533334015,27.8973982875842 85.5437669824546,27.8974024906041 85.543794262454,27.897412249376 85.5438077666301,27.8974272742804 85.5438183161617,27.8974355033242 85.5438348293226,27.8974532658773 85.5438373321822,27.8974578486128 85.5438482067421,27.8974777599305 85.5438571431345,27.8974927365626 85.5438646112577,27.8975036388968 85.5438751245824,27.8975145734087 85.5438872329459,27.8975201130644 85.5439158726072,27.8975420625273 85.5439278904326,27.8975543658601 85.5439473220718,27.8975816297304 85.5439638171673,27.8976007450055 85.5439789526398,27.8976076695658 85.5440122506862,27.8976229035929 85.5440288725518,27.8976325497078 85.5440392990137,27.8976401427148 85.5440434378074,27.8976445373246 85.5440528720366,27.8976598618265 85.5440480326211,27.8976801046073 85.5440401117834,27.8977030206856 85.5440354353304,27.8977110888405 85.5440382451396,27.8977287065848 85.5440456227597,27.8977463725908 85.5440515502077,27.8977586115648 85.5440742262979,27.8977710274958 85.5440939115059,27.8977793530414 85.544127010451,27.8978094671408 85.5441389921168,27.8978244759291 85.5441524782845,27.8978408535387 85.5441797041129,27.8978546704477 85.5441994617667,27.8978575850342 85.5442283912625,27.8978578906574 85.5442527529436,27.8978581480196 85.5442877728607,27.8978585179702 85.5443198018803,27.8978547975346 85.5443609846319,27.8978498208584 85.5443762649923,27.8978459234866 85.5443840777117,27.897844084006 85.5443922594311,27.897845456065 85.5444021854832,27.8978434914333 85.5444219974508,27.897842347779 85.544441809418,27.8978412041219 85.5444554947605,27.8978427016037 85.5444706846062,27.8978455679031 85.5444903698605,27.8978538933936 85.5445162360472,27.897855519528 85.5445481564535,27.8978599154574 85.5445799682579,27.8978724277981 85.5446088072603,27.8978794970238 85.5446284925322,27.8978878224952 85.5446709806961,27.8978990946447 85.5446875845655,27.89791009342 85.544705801541,27.897914344591 85.5447360183789,27.8979322517629 85.5447496675407,27.8979364546891 85.544787551721,27.8979503840381 85.5448163907595,27.8979574532215 85.5448314358505,27.8979711413746 85.5448412577525,27.8979808230501 85.5448618520441,27.897993337466 85.5448796525561,27.8980095325078 85.544891742932,27.8980164248155 85.5449022383138,27.8980287119906 85.5449128060853,27.8980355882186 85.544934140694,27.8980344605696 85.5449404120905,27.8980209975136 85.5449375840325,27.8980047325192 85.5449410454651,27.8979736517319 85.5449415159709,27.8979384805795 85.5449340839021,27.8979248728258 85.5449340358211,27.8979245461192 85.5449312920398,27.897905902358 85.5449343762718,27.8978990968396 85.5449422760171,27.8978816656407 85.5449382329935,27.8978423880458 85.5449352384231,27.8978346495486 85.5449308733167,27.8978233693454 85.5449358537919,27.8977886496692 85.5449359116366,27.8977882464248 85.5449358716595,27.89778731403 85.544935863273,27.8977871184288 85.5449347509585,27.8977611756141 85.5449350404993,27.8977395318275 85.5449353300398,27.8977178880408 85.5449143212308,27.8976946664325 85.5449123635814,27.8976922463164 85.5449070276967,27.897670704474 85.544907178726,27.897659414891 85.5449136672597,27.8976297189947 85.54490498406,27.8975958041121 85.5448947420706,27.8975645786246 85.5448920588015,27.8975374917355 85.5448786811352,27.8975129977747 85.5448790068778,27.8974886485144 85.5448657016078,27.8974587436058 85.5448476656721,27.8974409650917 85.5448311523417,27.8974232026537 85.5448145666265,27.8974108511605 85.5447999645099,27.8974022917141 85.544793413118,27.8973984514292 85.5447662959059,27.8973765182221 85.5447391606065,27.8973559377467 85.5446893854358,27.897320235967 85.544663736564,27.8973023770307 85.5446456463886,27.8972886567016 85.5446305833125,27.897276321268 85.5446258383709,27.8972701439704 85.5445398698795,27.8972173017775</coordinates></LinearRing></outerBoundaryIs></Polygon></MultiGeometry>
  </Placemark>
  <Placemark>
	<Style><LineStyle><color>ff0000ff</color></LineStyle><PolyStyle><fill>0</fill></PolyStyle></Style>
      <MultiGeometry><Polygon><outerBoundaryIs><LinearRing><coordinates>85.5447706560294,27.8954108022483 85.5447900126612,27.8953298309603 85.5447845014629,27.8952864790635 85.5447667373316,27.8952484094916 85.5447864558551,27.8951403834596 85.5447810170489,27.8950916206136 85.5447943557264,27.8950051740596 85.5447948624126,27.8949672974202 85.5448140741669,27.8948971480173 85.5448211053899,27.8948268699936 85.5448276299315,27.8947944686097 85.5448396867146,27.894760245103 85.5448466244878,27.8947405520451 85.5448412580465,27.8946863782496 85.5448356744674,27.8946484373002 85.5448056575493,27.8946156500667 85.5447696604303,27.894599181047 85.5447693332594,27.8945990313633 85.5447411483156,27.8945819038502 85.5447330813665,27.894577001702 85.5446847937912,27.8945440215071 85.5446180183702,27.8945270811924 85.5445513877603,27.8944993189495 85.5444908474169,27.894471620998 85.5444239996741,27.89446009154 85.5443816576713,27.8944379974649 85.5443270628251,27.8944211856667 85.5442603599513,27.8943988342356 85.5441997473315,27.8943765471084 85.5441512427715,27.8943597995775 85.544096503171,27.8943538095853 85.5440600342474,27.8943480125961 85.5440051498174,27.8943528444623 85.5439501929598,27.8943630872534 85.5438712373348,27.8943460178924 85.5438046794724,27.8943128443524 85.5437624825263,27.8942799282003 85.5437199958661,27.894268655822 85.5436898345226,27.8942466902531 85.5436172953283,27.8942152180865 85.5436082323436,27.8941998283627 85.5435903239084,27.8941725805481 85.5435813334733,27.8941616621131 85.543539209098,27.8941233349506 85.5435157538188,27.8940554406674 85.5435038631882,27.8940336681533 85.5434832357106,27.8939820388861 85.5434726491262,27.8938628693388 85.5434397326376,27.8938192277525 85.5434067075014,27.8937837025782 85.5433461678633,27.8937560041471 85.5432949084458,27.8937175803595 85.5432622818954,27.8936522949509 85.5432138865006,27.8936274306873 85.543168717369,27.8935890712328 85.5431327922265,27.893542691917 85.543090160997,27.8935422412478 85.5430258880517,27.8935659144733 85.5430073638826,27.8935846596251 85.5430279910646,27.893636288955 85.5430487994316,27.8936743909189 85.543121156997,27.8937292729667 85.5431419654136,27.8937673749179 85.543152950171,27.8938567842783 85.5431951467656,27.8938897006059 85.5432342982873,27.893922584733 85.5432483282318,27.8940120262758 85.543266019184,27.8940555069678 85.5433078898413,27.8941127725192 85.5433435254237,27.8941807955782 85.5433947850698,27.8942192193542 85.5434215389866,27.8942682075294 85.5434332122757,27.8943062128875 85.5434568848944,27.8943578743452 85.5434654044199,27.8944039639356 85.5434742137427,27.8944284097424 85.5435223076931,27.8944758195209 85.5435217039803,27.8945209107502 85.5435330151016,27.8945859708297 85.5435691942956,27.8946134117435 85.5436043593204,27.8947166058905 85.5436585195501,27.8947658836514 85.5436765729709,27.8947823095673 85.5437197640116,27.8948005771251 85.5437330198073,27.894820745762 85.5437509283782,27.8948479935609 85.5437689093922,27.8948698304117 85.5437716647809,27.8948915063736 85.5437831712439,27.8949090133751 85.5437893571418,27.8949184251747 85.5437895733724,27.8949187541681 85.5438075906218,27.8949378855412 85.543822490317,27.894962395682 85.5438281821993,27.8949922202387 85.5438338378686,27.8950247502682 85.5438484116413,27.8950736096642 85.5438663202803,27.8951008574499 85.5438665342083,27.8951011697588 85.5438812562245,27.895122662112 85.5439023186563,27.8951418256494 85.5439141732647,27.8951663036065 85.5439442262621,27.8951963855541 85.5439740620001,27.8952427003347 85.5439765277345,27.8952860200785 85.5439913188757,27.8953186466225 85.5439907394773,27.8953619341927 85.5439778708747,27.8954132094885 85.5439954898993,27.8954621010442 85.5440074531972,27.895478462575 85.5440159730227,27.8955245521362 85.5440065116784,27.8955488048753 85.5439938241203,27.8955865528055 85.5440023077337,27.89563534784 85.5439928825884,27.8956568951043 85.5439953845447,27.8956975093729 85.5439796155994,27.8957379305997 85.5439733080178,27.8957540990897 85.5439759186076,27.895786596939 85.5439539506927,27.8958350702322 85.5439380730662,27.8958836078707 85.5439376384913,27.895916073545 85.5439373487744,27.8959377173277 85.5439216521988,27.8959727275987 85.5438999377284,27.8960022625703 85.543890440096,27.89602922077 85.5438743813268,27.8960912857612 85.5438496940919,27.8961153776011 85.5438312058216,27.8961314173733 85.5438274725241,27.8961827891756 85.5438026403838,27.8962177028959 85.5437563109771,27.8962659187201 85.5437347412815,27.8962846317706 85.5437121806592,27.8963025713675 85.5436708505085,27.8964255345362 85.5436565655911,27.8964366864419 85.5436518529467,27.8964474600585 85.5436392738159,27.8964770915258 85.5436312805468,27.896505418529 85.543621891469,27.8965242602874 85.5436123574931,27.8965539239339 85.543617127688,27.8965717760242 85.5436119046969,27.8965877423364 85.5436009749088,27.8966079207374 85.5436023344879,27.8966201114537 85.543614315956,27.8966351202824 85.5436264604328,27.8966379544854 85.5436507677042,27.8966280377119 85.5436646700125,27.8966275348731 85.5436874726026,27.8966304817062 85.5437453490392,27.8966297404007 85.543791135324,27.8966221066747 85.5438139016986,27.8966277589594 85.5438748595279,27.8966243443053 85.5439062811506,27.8966237760075 85.5439220778507,27.8966234903052 85.543927060804,27.8966250247327 85.5439525658177,27.8966211065893 85.5439845039423,27.8966241498992 85.5440148832675,27.8966298825875 85.5440451901702,27.8966410262145 85.5440771101981,27.8966454222397 85.544116606958,27.8966526041598 85.5441422917975,27.8966677577176 85.5441969963507,27.8966764532067 85.5442334660583,27.8966822501875 85.5442925392558,27.8967058739942 85.5443228824169,27.896714312089 85.544373037346,27.896721606522 85.5444033986206,27.8967286918629 85.5444503635716,27.8967467759953 85.5444746526013,27.8967524442552 85.5445109232434,27.8967731212666 85.5445503114818,27.8967884194848 85.5445776276075,27.896795472626 85.5446138439858,27.8968202078215 85.5446219193704,27.8968312518223 85.5446547910461,27.8968328166181 85.5447155137037,27.8968469871725 85.5447458026471,27.8968594833869 85.5447822181592,27.896869338436 85.5448273710953,27.8969090501537 85.5448454974274,27.8969200649845 85.5448636961495,27.8969256688659 85.5448848133845,27.8969407740577 85.5449303283034,27.8969534310076 85.5449590404235,27.8969699693104 85.5449968519228,27.8969893095394 85.5450164104062,27.8970071041094 85.5450345367745,27.8970181189165 85.54506923074,27.8970428379223 85.545090348027,27.8970579430843 85.5451115557879,27.8970662845586 85.5451339785605,27.8970976386323 85.5451717177651,27.8971223897635 85.5451896813348,27.8971455791838 85.5452151493381,27.8971769653939 85.5452317169746,27.8971906695766 85.5452542664502,27.8972125544737 85.5452646532503,27.897232958043 85.5452667105781,27.8972610862581 85.5452672280579,27.897268161351 85.5452775967737,27.8972899176564 85.5453031010178,27.8973185983779 85.5453242547338,27.8973402541848 85.5453271369499,27.8973432048113 85.5453495960213,27.8973718533792 85.5453704963238,27.8974031913453 85.5453748470353,27.8974194724064 85.5453789987521,27.8974506335744 85.5453937363133,27.8974873181959 85.5454026729241,27.8975022947358 85.5454014816276,27.8975055126688 85.5454146728297,27.8975159506822 85.5454372766775,27.8975337773412 85.545458267483,27.8975583516104 85.5454744010601,27.897604521455 85.545475417157,27.8976424141628 85.54548999197,27.8976912734083 85.545489322663,27.8977413246775 85.5454888704276,27.8977751431024 85.5454930221859,27.8978063042671 85.5454850473698,27.8978332786502 85.5454830219693,27.8978507657459 85.5454754594951,27.8978670006459 85.5454687178393,27.8979156348903 85.5454738675994,27.897986041498 85.5454701711498,27.8980347078845 85.5454635380176,27.8980752257055 85.5454720224354,27.8981240206648 85.5454717691765,27.8981429589815 85.5454711541184,27.8981889520364 85.5454705390587,27.8982349450909 85.545476014445,27.898281002432 85.545502842589,27.8983245793009 85.5455146255188,27.8983544680836 85.5455414536953,27.8983980449458 85.5455746617713,27.8984200422956 85.5455926798965,27.8984391734597 85.5456470960699,27.8984695122001 85.5456591684595,27.8984777571807 85.54569524094,27.8985133140123 85.5457038341825,27.8985206723751 85.5457464310806,27.8985571479466 85.5457578680959,27.8985649589708 85.545801028219,27.8985739592594 85.5458591408295,27.8985556315229 85.545883936727,27.8985234229128 85.545932985944,27.8984995877908 85.5460094060413,27.8984787473141 85.5460583467151,27.8984630285687 85.5461041698171,27.8984526886245 85.5461117551607,27.8984494185478 85.5461436854712,27.8984585172543 85.5461649297518,27.8984641531038 85.5462075629683,27.8984646028948 85.5462321056138,27.8984513325392 85.5462506301171,27.8984325869769 85.546259982768,27.898416450508 85.5462633896021,27.8983894278875 85.5462819864093,27.8983652713708 85.546306673661,27.8983411791016 85.5463132703427,27.8983033667051 85.5463105505503,27.8982789853071 85.5463108398238,27.8982573415089 85.5463328434057,27.8982061623602 85.5463248286567,27.8981221962667 85.5463377327032,27.8980682152665 85.5463320038488,27.8980410962691 85.5463080760107,27.8980083735744 85.5462993019498,27.897981222451 85.5462905640521,27.8979513658523 85.5462821877523,27.8978944545042 85.5462431062155,27.8978561602229 85.5462314316113,27.8978181550702 85.5462138835585,27.8977638528145 85.5461806755399,27.8977418556194 85.5461538110882,27.897700984349 85.5461327839319,27.8976791156541 85.5461246255444,27.8976739692716 85.5461090008828,27.8976355710292 85.5460819195,27.8976109325948 85.5460426573096,27.8975861656353 85.5460326586527,27.8975763683263 85.546003575966,27.8975478712918 85.5459763499635,27.8975340547367 85.5459647478161,27.8974906386153 85.5459348383041,27.8974497351743 85.5459202633162,27.8974008759678 85.5459331674589,27.8973468950044 85.545927655739,27.8973035431446 85.5459283429155,27.897252139125 85.5459411746997,27.8972035691084 85.5459416087002,27.8971711034113 85.5459482415841,27.8971305855533 85.5459335942924,27.897087137297 85.5459409135249,27.8970107437986 85.5459442126885,27.896976309225 85.5459478365355,27.8969330537589 85.5459790840391,27.8968738546231 85.5459793010308,27.8968576217735 85.5459826355367,27.8968360101047 85.5459619340655,27.8967897921142 85.5459504766522,27.8967355540904 85.5459509829729,27.896697677441 85.5459482994507,27.89667059056 85.5459488057708,27.8966327139103 85.5459191134837,27.8965755776203 85.5459044301013,27.8965348348358 85.5458627741728,27.8964613371562 85.5458298197929,27.8964204015657 85.5458186940153,27.8964133058994 85.5458148109447,27.8964040080472 85.5457787752598,27.8963657457864 85.5457425949187,27.8963383054165 85.5457217489526,27.8963029092935 85.5456976408037,27.8962837138804 85.5456525420435,27.89623994423 85.5456347774632,27.8962018747578 85.5456139677302,27.8961637731454 85.545583805477,27.8961418079627 85.5455540049831,27.8960927880265 85.5455238427616,27.8960708228317 85.5454814637312,27.896051434542 85.5454455006332,27.8960077612518 85.5454215011318,27.89598044937 85.5453974654639,27.895955842959 85.5453580231217,27.8959446031999 85.5453218068468,27.8959198682017 85.5452762742124,27.8959085641311 85.5452430669429,27.8958865667329 85.5451886159644,27.8958589333495 85.5451399658468,27.8958530080367 85.5450914604785,27.8958362608099 85.5450401632809,27.8958005430966 85.5450100374346,27.8957758723211 85.5449797306597,27.8957647289104 85.5449622666219,27.8957585485856 85.5449436954801,27.8957264664469 85.5448984886844,27.8956908129889 85.5448805796903,27.8956635653262 85.5448689781485,27.8956201491251 85.5448449788776,27.8955928371501 85.5448211212856,27.8955629518209 85.5448210158107,27.8955628196972 85.54480923334,27.8955329308621 85.5447975232608,27.895497631078 85.5447924230236,27.8954547264361 85.5447706560294,27.8954108022483</coordinates></LinearRing></outerBoundaryIs></Polygon></MultiGeometry>
  </Placemark>
  <Placemark>
	<Style><LineStyle><color>ff0000ff</color></LineStyle><PolyStyle><fill>0</fill></PolyStyle></Style>
      <MultiGeometry><Polygon><outerBoundaryIs><LinearRing><coordinates>85.5385690120449,27.9028876912425 85.5384331261108,27.9030269540361 85.5383085484517,27.9032312770245 85.5382699676791,27.9033823952692 85.5381585890903,27.9035110943558 85.5379745617412,27.9036806951019 85.5379612125549,27.9036929977948 85.537886377698,27.9038220844089 85.537908267026,27.9040063143878 85.5378940483983,27.9041576910118 85.5378305215383,27.9043518379333 85.537877792539,27.9044605735131 85.5379733533471,27.9046022916878 85.5379836433539,27.9047431049863 85.5379928559815,27.904905113587 85.5379688426559,27.9049377689965 85.5378673153535,27.9052397465738 85.5378878951506,27.9055213731532 85.5379090570937,27.9057597123352 85.5377590929235,27.9060395289606 85.5375360374435,27.9063185695446 85.5375091425436,27.9067639704384 85.5375299602865,27.9067703815215 85.5376031966559,27.9067603355302 85.5376886148142,27.9067504187978 85.5377622877763,27.9067079071873 85.5378600332083,27.9066872977919 85.5380423236042,27.9067217024453 85.5382369414228,27.9067454142647 85.5384183592137,27.906844749513 85.5386609773831,27.9069230869134 85.5388674867057,27.906968570771 85.539062250611,27.9069814595967 85.5394023243559,27.9070608291065 85.5396320351601,27.9071931449542 85.5398017091871,27.9072598837617 85.5399584749319,27.9073806025396 85.5400795672107,27.9074360027581 85.5402860781934,27.9074814845449 85.5404429900879,27.9075913809441 85.5404793905546,27.9076025899372 85.5405281181907,27.9076031061798 85.5409530328805,27.9077158408718 85.5412561290969,27.9078272844679 85.541401731658,27.9078721196765 85.5416943887098,27.9078535710275 85.5418405720694,27.9078551183309 85.5420720290792,27.907857567911 85.5423037763059,27.9078383733729 85.5425965782691,27.9078090009315 85.5427305796807,27.9078104184195 85.5429997427265,27.9077266780586 85.5431219971558,27.9076955007227 85.5432684703897,27.9076754027642 85.5434275604525,27.9076229678313 85.5435132688788,27.9075914037514 85.5437213763012,27.9075178398619 85.5437831555669,27.9074535524526 85.5438572616013,27.907378571895 85.5439067138775,27.9073249775407 85.5439212846486,27.9072583021082 85.5438777447017,27.9072137314599 85.5438608487529,27.9071107305327 85.5438559172933,27.9070240911678 85.5438142953348,27.906947887409 85.5438214732915,27.9068667877357 85.5438015910538,27.9067972398064 85.5437981966396,27.9067853661692 85.5437745576684,27.9067309992834 85.5437143007705,27.9066816570409 85.5436417896309,27.9066375969398 85.5436372560837,27.9066363942309 85.5435568068127,27.9066150517702 85.5434841508154,27.9065818134623 85.5433637099992,27.9064777177768 85.5433282519715,27.9063961673475 85.5432435593966,27.9063519782499 85.5431587943925,27.9063132000383 85.5430920121041,27.9062962587471 85.5430128305405,27.9062954214056 85.5429154488246,27.906288979834 85.5428370649437,27.9062286221071 85.5427228610701,27.9061137684446 85.5427111144412,27.9060811739855 85.5426761646852,27.9059617468637 85.5426531066324,27.9058640923289 85.5426301211414,27.9057610268556 85.5426316441477,27.9056473972235 85.5426322243382,27.9056041097441 85.5426025678668,27.905544267317 85.5425177311972,27.9055108996737 85.5423900410819,27.9054933137211 85.5422560425458,27.9054918960097 85.5421100799838,27.9054741164657 85.5419710789896,27.905391470024 85.5418074246313,27.9053302093286 85.5416862611234,27.9052802216014 85.5415959147308,27.9052035014762 85.5415120221756,27.9050997911092 85.5414705477259,27.9050127648465 85.5414714186811,27.9049478336549 85.5414906346302,27.904877684962 85.5414795417,27.9047963920162 85.5415107214766,27.9047426050701 85.5415911355942,27.9046514573686 85.5415925870426,27.9045432387042 85.5415636571498,27.9044292867443 85.5415957076293,27.9043105685697 85.5416269597684,27.9042513706526 85.5417133916098,27.904165698259 85.5418299868887,27.9041019918462 85.5418615290665,27.9040211501299 85.541888068774,27.903859079929 85.5419743549891,27.9037842292169 85.5420176431493,27.9037359819687 85.5420547679834,27.9036930811908 85.5421331857672,27.9036288385236 85.542154396087,27.9035317842875 85.5421923912642,27.90342395224 85.5422176246212,27.903359278781 85.5422080545344,27.9031643562102 85.5421120539878,27.9030551063975 85.5420401262483,27.9029677580622 85.5420057584457,27.902805043299 85.5419835720988,27.9026424574287 85.5419602250432,27.9025664465255 85.5418645154623,27.9024355528181 85.5418495085169,27.9024108668365 85.5418526857336,27.9021739154538 85.5417672203079,27.9020341608275 85.5417614135143,27.9019474083843 85.541750828467,27.9018282388802 85.5417031191978,27.9017519701002 85.5415949391046,27.9016425910501 85.5414918044006,27.9015837957012 85.54140149057,27.9015323093151 85.5412564770111,27.9014441869093 85.5411472814904,27.9014105606179 85.5409887804319,27.901419705792 85.5408286821371,27.9015478913267 85.5407328016587,27.9015930444904 85.5407180889858,27.9016184251675 85.5406988006127,27.901693984721 85.5406674761707,27.9017585933908 85.540630206281,27.9018123156768 85.5405503745267,27.9018601754401 85.540391219179,27.9019180182919 85.5402874604634,27.9019331542224 85.5401718836207,27.9019211063568 85.5401052498089,27.9018933418635 85.540026434766,27.9018654482691 85.5399534198147,27.9018592628953 85.5398983135285,27.9018803257634 85.5398247173615,27.9019174277702 85.539702759338,27.9019269586924 85.5396289416935,27.9019174171952 85.5396115451295,27.9019151685558 85.5395082223436,27.9018978383132 85.5393565379124,27.901852936834 85.5392709056875,27.9018790875488 85.5391242944065,27.9019100033996 85.5390506252839,27.9019525159111 85.5389767380211,27.9020112611675 85.538932867705,27.9021027948768 85.5389369955287,27.9022489545359 85.53888079836,27.9023511809082 85.5388185831231,27.9024479317341 85.538756149651,27.9025609153103 85.538748750243,27.9026582474197 85.5386681899524,27.902760215308 85.5386672684623,27.9028287883668 85.5385690120449,27.9028876912425</coordinates></LinearRing></outerBoundaryIs></Polygon></MultiGeometry>
  </Placemark>
  <Placemark>
	<Style><LineStyle><color>ff0000ff</color></LineStyle><PolyStyle><fill>0</fill></PolyStyle></Style>
      <MultiGeometry><Polygon><outerBoundaryIs><LinearRing><coordinates>85.5413635408368,27.9120806627888 85.5415210410897,27.9121472707657 85.5416544670437,27.9121919769208 85.5417936939885,27.9122583911406 85.5419572134275,27.9123304740438 85.5420665651831,27.9123532782103 85.5422487940321,27.9123930886081 85.5423101829595,27.9124280816801 85.5423392917577,27.9124589866138 85.5424117335513,27.9125084584207 85.5424778665149,27.9125740985296 85.5424893960242,27.9126229257901 85.5425023462636,27.9126630000802 85.5425314361819,27.9126680170932 85.5426296215592,27.9126149389228 85.5427162046897,27.9125184443633 85.5427904601275,27.9124326427319 85.5429008276287,27.9123796932236 85.5431087997047,27.9123169525336 85.543341426485,27.912232825439 85.5433908813304,27.9121792313998 85.5434896458719,27.9120828651251 85.5435154607207,27.9119749040976 85.5436385897767,27.9118787953089 85.543708958554,27.9118177556888 85.5437370276267,27.9118067780312 85.543903229539,27.9116786541279 85.5439346277123,27.9116086339143 85.5439414436705,27.9115545889633 85.5439691314692,27.9114836275653 85.5439729867299,27.9114737468704 85.5440105484446,27.9113983800808 85.5440599301018,27.911350196702 85.5441153304204,27.9113074886121 85.544120821156,27.911306897237 85.5442068429452,27.9112976323306 85.5442552100263,27.9113252019572 85.5443037945068,27.9113365387643 85.5444071271303,27.9113538657552 85.5445467895189,27.9113878116129 85.5446193041252,27.9114318713419 85.5447470740676,27.9114440445554 85.544813787344,27.9114663960968 85.544965777246,27.9114896483551 85.5450880354796,27.9114584694293 85.5451792584154,27.911470256249 85.5453013717572,27.9114498990041 85.5453812087978,27.911402036739 85.5454063699621,27.9113427737037 85.5453770001382,27.9112612880566 85.5453652522202,27.9112286937963 85.5453538663356,27.9111690448494 85.5453605367438,27.9111258216714 85.5454290600019,27.9110128994796 85.5454052745791,27.9109693547151 85.5454018709782,27.9109462301232 85.545399690238,27.9109314138364 85.5453517574451,27.9108713789817 85.5453287685421,27.9107683138944 85.5452748171223,27.9107028037588 85.5452389943637,27.9106483084498 85.5452033888732,27.9105775803208 85.545149872101,27.9104796045177 85.5451697385587,27.9103607568775 85.5451583528504,27.9103011079147 85.5451405139712,27.9102684493109 85.5450619087791,27.9102243255403 85.5450378339917,27.9102024244682 85.5450258690203,27.9101860629936 85.5449842451199,27.9101098595454 85.5449790954799,27.9100394530295 85.5449673477974,27.9100068587392 85.5449620533279,27.9099472740966 85.5449626326959,27.9099039865993 85.5449569761261,27.909871456642 85.5449392822167,27.9098279761407 85.5449275345661,27.9097953818472 85.5449154972308,27.9097844313016 85.544891132871,27.9097841739559 85.544812809604,27.9097906624519 85.5447934943629,27.909796671872 85.5447322213002,27.9098230831289 85.5446829855253,27.9098604449235 85.5445545654762,27.9098969701446 85.5444511617517,27.9098850542483 85.5443843770639,27.9098681135015 85.5442870644838,27.909856261843 85.5441595863142,27.9098224445315 85.5440804746097,27.9098161967715 85.5440070191962,27.9098424789523 85.5439332738605,27.9098904048313 85.5438715657014,27.9099492813024 85.5437915841768,27.9100079645859 85.5437422755258,27.910050736962 85.5437110226966,27.9101099352914 85.5437044242023,27.9101477474392 85.5436792624327,27.9102070101489 85.5436604092084,27.9102501044437 85.5436234276009,27.9102821836867 85.5435072614647,27.9103134257511 85.5433919652701,27.9102797365179 85.5433073422213,27.9102301364351 85.5431675367281,27.9102070112511 85.5430401310679,27.9101677819703 85.5429311438614,27.9101179239848 85.542821649062,27.9101059424397 85.5427241188948,27.9101103224707 85.5426445718822,27.9101365394701 85.5425223871001,27.9101623053312 85.5424129648654,27.9101449125304 85.5423513283161,27.9101983773508 85.5423020915873,27.9102357382549 85.5422166709579,27.9102456577558 85.5421738155167,27.9102614393466 85.5421064504953,27.9102877849412 85.5419295905788,27.9103021482437 85.5418808616925,27.9103016324832 85.541801096619,27.9103440817695 85.5417151677855,27.9103918774575 85.5415749995476,27.9103958053059 85.5414533950397,27.9103782827698 85.5413983572167,27.9103939351318 85.541331064545,27.9104148694083 85.541270008178,27.9104250462938 85.541196842178,27.9104296832213 85.5411542769784,27.9104238207756 85.5410323094346,27.910433352506 85.5409468159485,27.9104486821358 85.5408795957919,27.9104642052601 85.5408121577299,27.910495961131 85.5407629929905,27.9105279105315 85.5406896090059,27.9105487799652 85.5406588628512,27.9105701010454 85.540609407476,27.9106236940923 85.5405360960437,27.9106391525144 85.5404326195539,27.9106326445178 85.5403415432888,27.9106100327477 85.5402867958312,27.9106040409529 85.5402076112297,27.9106032018809 85.5401162443862,27.9106022336645 85.5400186410866,27.910612022683 85.5399758578834,27.9106223926467 85.5399743632095,27.9106225976909 85.5399572211518,27.9106492536001 85.5399750584982,27.9106819128169 85.5400050781124,27.9107147011421 85.5400596802697,27.9107315148997 85.5401568476993,27.9107541914059 85.5401734263996,27.9107612029186 85.5401992131422,27.9107749342062 85.5402595432083,27.9108188670586 85.5403190741187,27.9109223200635 85.5403854954586,27.9109663174062 85.540466222512,27.9109925934398 85.5404886090263,27.9109998800776 85.5405432840531,27.9110112827255 85.5406217425597,27.911066230874 85.5407002011465,27.9111211789803 85.5407725686567,27.9111760625227 85.5408625560588,27.911279837921 85.540891849828,27.9113667353288 85.5409027974954,27.911458850108 85.5408956895285,27.9115345385568 85.5409008365401,27.911604945113 85.5409123652527,27.9116537724814 85.5409480408425,27.9117190906906 85.5409840795968,27.911757354261 85.5410199731305,27.9118064396752 85.5410313566691,27.9118660888874 85.5410321018039,27.9118736130198 85.5410367216416,27.9119202626608 85.541109017224,27.9119805569731 85.5411555635099,27.9120048427243 85.5411937131443,27.9120247474816 85.5413089377851,27.9120638495179 85.5413563184902,27.9120740922528 85.5413635408368,27.9120806627888</coordinates></LinearRing></outerBoundaryIs></Polygon></MultiGeometry>
  </Placemark>
  <Placemark>
	<Style><LineStyle><color>ff0000ff</color></LineStyle><PolyStyle><fill>0</fill></PolyStyle></Style>
      <MultiGeometry><Polygon><outerBoundaryIs><LinearRing><coordinates>85.5493664306416,27.9068738723951 85.5494574337884,27.9069018891119 85.5495363272838,27.9069243665691 85.5495910014021,27.90693576559 85.5496516221195,27.9069580506119 85.549724063879,27.907007518598 85.5498209416775,27.9070518320524 85.5499240548413,27.9070853876478 85.5500821309787,27.9071086981928 85.5501430405205,27.9071093391982 85.5502404957916,27.9071103647508 85.5502569377184,27.9071020040569 85.5502805380977,27.9071064560945 85.5505414918535,27.9071496072685 85.5507457342523,27.9071820600272 85.5509490345309,27.9072852121919 85.5510282155026,27.9073163491047 85.551141100531,27.9073781445468 85.5511421759127,27.9073783248182 85.5511505339648,27.9073905236629 85.5511687347787,27.9073961267815 85.551211011079,27.9074236299269 85.5512292119019,27.9074292330378 85.5513023036049,27.9074300016406 85.5513570502889,27.9074359890218 85.5514119411648,27.9074311544722 85.5514911238511,27.9074319870186 85.5515155598426,27.9074268322226 85.5515524661247,27.907400161678 85.5515893723889,27.9073734911228 85.5516202597454,27.9073413455674 85.5516511470836,27.9073092000043 85.5516759434355,27.9072769904017 85.5517250315606,27.9072504478698 85.5517618656577,27.9072291882199 85.5518293707752,27.9071920158198 85.5518845497882,27.9071655372525 85.5519218162237,27.9071118118209 85.5519347908618,27.9070524193438 85.5519474772261,27.9070146706895 85.5519603797724,27.9069606891645 85.5519911948379,27.9069339544719 85.5520465898584,27.9068912429628 85.5520472383909,27.9068425443535 85.5519991593883,27.9067933336206 85.5519445571069,27.9067765245921 85.5519341713544,27.9067754915779 85.5518837197698,27.9067704734338 85.5518349922504,27.9067699612529 85.5517861205886,27.9067802709668 85.5517067942149,27.9067902605195 85.5516644459426,27.9067681684841 85.5515731539381,27.90676179703 85.5515001347614,27.9067556176323 85.5514331344432,27.9067549131929 85.5513723692497,27.9067434508552 85.5513240743218,27.9067104727641 85.55128179826,27.90668296966 85.5512458294468,27.9066392977288 85.5511916599779,27.9065900226802 85.551161637952,27.9065572366899 85.5511317601513,27.9065136287842 85.5510958635583,27.9064645458625 85.5510712984139,27.9064354704117 85.5510358917579,27.9063935628833 85.5509636660986,27.9063278627126 85.5509150109113,27.9063219392595 85.5508175563176,27.9063209142105 85.550762593868,27.906331159498 85.5507014683718,27.9063467516442 85.5506525968139,27.9063570609597 85.5506191754905,27.9063756544523 85.5505666748446,27.906404862463 85.550542094783,27.9064208390049 85.5504747340191,27.9064471888733 85.5504197714794,27.9064574340202 85.5503585015854,27.9064838479152 85.5502853384032,27.9064884897883 85.5502002819763,27.9064713596222 85.5501453915562,27.9064761937058 85.5500537391473,27.9064968760177 85.5499831806726,27.9065117597369 85.5499788728187,27.9065150290815 85.5499117283651,27.9065251458116 85.5498323298896,27.9065405452371 85.549759022316,27.9065560087311 85.5496612788547,27.9065766266611 85.5495327198223,27.906623978652 85.5494836314893,27.9066505203954 85.5494037275418,27.9067037962208 85.5493544947572,27.9067411598158 85.5492862671754,27.9068324404841 85.5493284117324,27.9068678310563 85.5493664306416,27.9068738723951</coordinates></LinearRing></outerBoundaryIs></Polygon></MultiGeometry>
  </Placemark>
  <Placemark>
	<Style><LineStyle><color>ff0000ff</color></LineStyle><PolyStyle><fill>0</fill></PolyStyle></Style>
      <MultiGeometry><Polygon><outerBoundaryIs><LinearRing><coordinates>85.5489395772938,27.9026834186349 85.5487942669218,27.9026169476986 85.5487273961537,27.9025945439613 85.5487153852967,27.9025496049373 85.5486977906121,27.9025428734237 85.5486252077912,27.9025042269003 85.5486014227604,27.9024606826577 85.548565600811,27.9024061881905 85.5485176697508,27.9023461544416 85.548463359169,27.9023077003208 85.5483605398839,27.902252499992 85.5483184107562,27.9022141741522 85.5482584430394,27.9021431900781 85.5481981142195,27.9020992607357 85.548162726014,27.9020123004665 85.5481089214066,27.901935969558 85.5480487372471,27.9018812182537 85.5479945715553,27.9018319420589 85.5479348932483,27.901739314053 85.5479056682519,27.9016470069601 85.5478820281869,27.9015926407045 85.5478279349642,27.9015379534998 85.5477797879183,27.9014941523685 85.5477205238067,27.9013705342679 85.5477145974065,27.9013581724807 85.5476607211634,27.9012872523647 85.5475698158329,27.9012175889062 85.5475461556139,27.9011994573767 85.5474553022638,27.9011606176734 85.5473888114268,27.9011220347478 85.5473409538439,27.9010565896747 85.5473049884165,27.9010129168098 85.5472630046942,27.9009637687732 85.5472515462866,27.9009095308483 85.5472471839568,27.9008704286264 85.5472461062057,27.9008607680864 85.5472596606986,27.9007580884668 85.5472603112064,27.9007093899176 85.5472534163304,27.9006935330513 85.5472625566373,27.9006552964713 85.5472328987888,27.9005954549541 85.5472150607266,27.9005627966111 85.5472099097938,27.9004923900467 85.5472104157562,27.9004545133967 85.5472110662777,27.9004058148464 85.5471698056398,27.9003025572874 85.5471528350306,27.9002049675368 85.5471486238138,27.9000642186169 85.5470886580038,27.8999932340858 85.547059000416,27.899933392536 85.5469870705232,27.8998460466733 85.5469570515742,27.8998132598537 85.5469149961587,27.8997695226761 85.5468664887689,27.8997527760071 85.5468180536923,27.8997306183719 85.5466842789038,27.8997129723855 85.5466297533553,27.8996907504495 85.5465625406032,27.8997062766531 85.5465474249744,27.8997137403065 85.5465196176439,27.8997274707494 85.5464584953874,27.8997430611443 85.5463723601056,27.8998070930491 85.5462925322341,27.8998549563051 85.5462629304007,27.8998647143655 85.5462129936062,27.8998811757195 85.5461514372371,27.8999292316606 85.5460891574674,27.9000313970484 85.5459843160507,27.9001277015834 85.5459656103472,27.9001599744609 85.5459525611354,27.9002247772884 85.5459274031279,27.9002840406246 85.5459087697233,27.900310902545 85.5459321682432,27.900346500161 85.5458552240308,27.9004585765511 85.5457385677108,27.9006795755409 85.5455991737819,27.900900334416 85.5453381050764,27.9011016174829 85.5452341864702,27.9011047151689 85.5451243384301,27.9011197904958 85.5450505996601,27.9011677172744 85.5450130425282,27.901243084617 85.5449509056924,27.9013344275146 85.5448938457919,27.9015015879094 85.5448388290293,27.9015639537061 85.5448258352764,27.901576633588 85.544764132517,27.9016355107246 85.5447506479365,27.9017327790496 85.5447617431227,27.9018140718477 85.544754711193,27.9018843497808 85.5447721866685,27.9019440631316 85.5448139523732,27.9020094447214 85.5448378081689,27.9020475786166 85.5448664514043,27.902183173805 85.5448716732449,27.9022481694429 85.544913149518,27.9023351947785 85.5449612957173,27.902378996877 85.5450277139892,27.9024229919073 85.5450424905903,27.9024461235432 85.5450694800215,27.902488373428 85.5451351021154,27.9025918887866 85.5451954298972,27.9026358194311 85.5452429248774,27.90272831993 85.5452537309603,27.9028312564686 85.5453015879821,27.9028967022326 85.5453435714937,27.9029458508483 85.5453793919527,27.9030003460951 85.5454026568156,27.9030429406855 85.5454329055767,27.9030983217805 85.5454682195017,27.9031906936122 85.5454550247931,27.9032663182272 85.5455024478742,27.9033642295908 85.5455321054346,27.9034240714498 85.5455180422483,27.9035646273913 85.5455227578888,27.9036674996132 85.5455765614308,27.9037438314771 85.5455881639694,27.9037872476125 85.5456356905864,27.9038280838366 85.5456789463769,27.9038314995345 85.5457218711461,27.9038103057799 85.5457951773209,27.9037948443804 85.5459351200269,27.9038071447386 85.5460261920009,27.9038297526597 85.5460871719431,27.903824984444 85.5461477901641,27.9038472709251 85.5461720085228,27.9038583498882 85.5462689543462,27.903897254755 85.5463473386073,27.9039576105571 85.5464629185372,27.9039696533454 85.5465418092322,27.9039921324233 85.5466142475863,27.9040416019375 85.546668847589,27.9040584130026 85.5468144476831,27.9041032424065 85.5468285074686,27.904112844045 85.5468868862398,27.9041527117841 85.5469229247783,27.9041909738253 85.547013635799,27.9042406358449 85.5470741098598,27.9042737438263 85.5471342224791,27.9043339065164 85.5473282603563,27.904400892988 85.5473706067843,27.9044229862958 85.5474542877668,27.9045429261382 85.5474722326879,27.904575778856 85.5474887858638,27.9045825247254 85.5475433140096,27.9046047464054 85.5475871290583,27.9046309139136 85.5476125813567,27.9046636524768 85.5476259423862,27.904689498941 85.5476379071944,27.9047058601943 85.5476528270739,27.9047290172334 85.5476844605677,27.904755056304 85.5477085166893,27.9047783096417 85.5477357446984,27.9047921259172 85.5477613596772,27.9048126898225 85.5477732703198,27.9048331092759 85.5477796448018,27.9048467681386 85.5479772949483,27.9050265722441 85.5481025017531,27.9051862665343 85.5481093400327,27.9053562582876 85.5482188500106,27.9056705547012 85.5482361890514,27.9057975620761 85.5482292596124,27.9058120225698 85.5482167166268,27.9058389489483 85.5481975770214,27.9059036877797 85.5482273812122,27.905952707223 85.5482268032401,27.905995994808 85.5482506610692,27.906034128169 85.5482865562091,27.9060832117814 85.548310052863,27.9061483998741 85.5483705283795,27.9061815073324 85.5484254186953,27.9061766739534 85.548528963954,27.906177764858 85.5486142365244,27.9061786631916 85.5487235115798,27.9062068728602 85.5488333644323,27.906191794849 85.5489367653005,27.9062037073469 85.5490159470061,27.906204541282 85.5491134014176,27.9062055676012 85.5491924387324,27.9062172233353 85.5492782889179,27.9061748336558 85.549266829072,27.9061205958795 85.5492613879343,27.906071833189 85.5492805991417,27.9060016832378 85.5492516607973,27.9058877325968 85.5492343988915,27.9058117868786 85.5491927013104,27.9057409955579 85.5491264958964,27.9056807695648 85.5490789963778,27.9055882702698 85.5490872533142,27.9054260058961 85.5490698471768,27.9053608820607 85.5490413424164,27.905214465676 85.5490666444277,27.9051443798895 85.5491359540372,27.9049719350094 85.5491371814042,27.9048799488402 85.5490714819305,27.9047818461765 85.5490420386569,27.9047057721502 85.5490618273276,27.9045923346029 85.5491121421701,27.9044738067974 85.5491125518779,27.9044694400937 85.5491353075701,27.9044496980358 85.5491730075012,27.9043635076337 85.5491861998101,27.9042878825817 85.5492236108732,27.9042233359677 85.5493220741309,27.9041486087432 85.5493594850632,27.9040840620862 85.5494463439823,27.9039659188874 85.5494840434849,27.9038797283788 85.5494982402237,27.9038166024438 85.5495278697793,27.9037908964996 85.5495650639394,27.9037425826335 85.5495902208863,27.9036833186171 85.5495788332588,27.9036236698986 85.5495497507663,27.9035205412007 85.5495564189008,27.9034773176924 85.5496183367691,27.9034022055053 85.5496493678386,27.9033592384463 85.549638052372,27.9032941787764 85.5496513885287,27.9032077317439 85.5496458029664,27.903169790955 85.549621945217,27.9031316578255 85.5495739410846,27.90307703537 85.5495076648287,27.9030222205443 85.5494719144177,27.9029623153394 85.5494243434992,27.9028752271154 85.5493396509415,27.9028310417544 85.5492485068143,27.9028138469796 85.5491757070388,27.9027914335923 85.5491031238743,27.9027527873095 85.549036487075,27.9027250270343 85.5489761139632,27.9027136372106 85.5489395772938,27.9026834186349</coordinates></LinearRing></outerBoundaryIs></Polygon></MultiGeometry>
  </Placemark>
  <Placemark>
	<Style><LineStyle><color>ff0000ff</color></LineStyle><PolyStyle><fill>0</fill></PolyStyle></Style>
	<ExtendedData><SchemaData schemaUrl="#river_terrace_Oct2021">
		<SimpleData name="layer">Fan terrace</SimpleData>
	</SchemaData></ExtendedData>
      <MultiGeometry><Polygon><outerBoundaryIs><LinearRing><coordinates>85.5509843234952,27.9094769479298 85.5509868064148,27.9094370961653 85.5509775804464,27.9093971212448 85.5509466802439,27.9093725227353 85.5509390822819,27.9093568384288 85.5509452833201,27.9093308963406 85.5509301567241,27.9092943269936 85.5509223970217,27.9092907777312 85.5508910116077,27.9093025843447 85.5508675014275,27.9093092723276 85.5508461738045,27.9092986450566 85.5508192228341,27.9092706204202 85.5508058397887,27.9092496737892 85.5507945930963,27.9092148790635 85.5507698247279,27.9091695391693 85.5507447097368,27.9091502029374 85.550711696411,27.9091377188937 85.5506844681889,27.9091304971657 85.550645669783,27.9091127507836 85.5506009014059,27.9091036106859 85.5505775992631,27.9090946964219 85.5505543202369,27.9090840485764 85.5505407754761,27.9090752369651 85.550527369395,27.909056023887 85.5505100141442,27.9090402368981 85.5504887559508,27.9090244088418 85.55047911415,27.9090156382902 85.5504598536672,27.9089963636075 85.5504444267945,27.9089823307215 85.5504291154976,27.9089596299463 85.5504293466412,27.9089422941708 85.5504354784289,27.9089215528405 85.550437568586,27.9089111719084 85.5504281348281,27.9088867991556 85.5504165184586,27.9088797416441 85.5503913111384,27.908867339662 85.5503816462441,27.9088603026817 85.5503763234792,27.908820368796 85.5503843605087,27.9088031151569 85.5503844760833,27.9087944472691 85.5503846147728,27.9087840458038 85.5503810816733,27.9087562674949 85.5503833336358,27.9087337515206 85.550377733495,27.9087146205653 85.5503544776848,27.9087022391118 85.5503409329873,27.9086934274827 85.5503197904644,27.9086689315154 85.5503004838371,27.9086531239679 85.5502733251158,27.9086407014311 85.5502616163156,27.9086405782177 85.5502186378139,27.9086435935816 85.5501896432279,27.9086224826053 85.550158812779,27.908592683199 85.5501393674775,27.9085872770946 85.5501197834644,27.9085922724519 85.5501060076087,27.9086007965748 85.5500726708517,27.9086125824692 85.5500569897636,27.9086176188939 85.5500355929975,27.9086121922363 85.5500300622848,27.9085878605371 85.5500343813812,27.9085566972228 85.5500171650043,27.9085305087124 85.5500193939145,27.9085097263233 85.5500061035962,27.9084818453124 85.5499964618821,27.9084730747295 85.549959846504,27.9084380129318 85.5499444428959,27.9084222464168 85.5499289930486,27.9084099470549 85.5499157258869,27.9083803324588 85.5499178854462,27.9083647508035 85.5499104033091,27.9083403985598 85.549900761615,27.9083316279708 85.549885635499,27.9082950585225 85.5498798736084,27.9082880625909 85.5498723452392,27.9082671775 85.5498667683321,27.9082463129497 85.5498456028787,27.9082235504926 85.549828340351,27.9082008291156 85.5498128674244,27.9081902633193 85.5497877759536,27.9081691933478 85.5497550867818,27.9081324390073 85.5497435399104,27.9081201807113 85.5497221895086,27.9081112868545 85.5497125478498,27.9081025162535 85.5496855743388,27.90807622499 85.5496682424905,27.9080587043262 85.5496293752598,27.9080461584073 85.5496041682251,27.9080337562903 85.5495887415981,27.9080197233159 85.5495852549723,27.9079884778379 85.5495855093678,27.9079694084893 85.5495778654404,27.90795719127 85.5495727742706,27.9078999215895 85.5495768853185,27.9078843604849 85.5495829015637,27.9078722870791 85.5495929825982,27.907848119722 85.5495931907377,27.9078325175274 85.5495855699449,27.9078185667314 85.549579808098,27.9078115707886 85.549554531741,27.9078043693958 85.5495350866128,27.907798963212 85.5495176854485,27.9077866432626 85.5494905732922,27.9077707534272 85.5494828600037,27.9077637369346 85.5494634380153,27.9077565971639 85.5494421339664,27.9077442361126 85.5494069616095,27.9077473334225 85.5493640991021,27.9077416806474 85.5493291811827,27.9077257085902 85.5492924043497,27.9077027816679 85.5492594610344,27.9076850965656 85.5492111606011,27.9076481777114 85.5491860693724,27.9076271076378 85.5491470404212,27.9076266966283 85.5491253662937,27.9076420727602 85.5491015325036,27.9076730305286 85.5491014168322,27.9076816984129 85.5491127785113,27.9077078253737 85.5491183321155,27.9077304235265 85.5491220268081,27.9077460668205 85.5491216566635,27.90777380405 85.5491214253228,27.9077911398183 85.5491132725077,27.9078170612655 85.5491111591169,27.9078291757519 85.5491070248711,27.9078464704171 85.5491203842872,27.9078691507753 85.5491473113397,27.9078989092968 85.5491529574938,27.9079145731409 85.5491603931673,27.9079423925734 85.5491619976167,27.9079684167765 85.5491576551693,27.9080013136343 85.549157516367,27.9080117150951 85.5491747555888,27.9080361701272 85.5491802860861,27.9080605018543 85.5491878374414,27.9080796534014 85.549210769118,27.9081163051184 85.5492182279506,27.9081423909713 85.5492277770403,27.9081580959128 85.5492778903638,27.9082054367777 85.5492914349112,27.9082142485063 85.5493049100662,27.9082282609643 85.5493180151222,27.9082700106509 85.5493196427419,27.9082943012757 85.549323268085,27.9083151452955 85.5493307269562,27.908341231143 85.549351707272,27.9083778622905 85.5493768218312,27.9083971987625 85.5494292337369,27.9084185564719 85.5494505379128,27.9084309175289 85.5494639437267,27.9084501307035 85.5494811599552,27.9084763192779 85.5494868986998,27.9084850488022 85.5494944270069,27.9085059339114 85.5495252803715,27.908533999882 85.5495406145472,27.9085549671728 85.54955783081,27.9085811557385 85.549594561736,27.9086075497544 85.5496274591285,27.9086287019409 85.5496623311265,27.908648141087 85.5496895128999,27.9086588301647 85.5497262670103,27.9086834905703 85.549772940347,27.9086961186404 85.5498177547232,27.9087017918446 85.5498508140527,27.90871080894 85.5498604326516,27.9087213131103 85.5498638037544,27.9087612264678 85.5498714940131,27.9087699765189 85.5498947497785,27.9087823580523 85.5499297606086,27.9087913956708 85.5499551990726,27.9087864619627 85.5499806837771,27.9087780610953 85.5500081893094,27.9087644800306 85.550041387398,27.9087630956178 85.5500803474132,27.9087687071214 85.5501036956813,27.9087741543111 85.5501191918374,27.9087829865008 85.550132620932,27.908800466038 85.5501402880969,27.9088109496523 85.5501479552633,27.9088214332662 85.5501614999597,27.9088302449141 85.550194097,27.9088739334772 85.5501899628773,27.9088912281774 85.5501934728124,27.9089207400664 85.5501990729293,27.9089398710278 85.5502048348737,27.9089468669474 85.5502240953012,27.9089661416639 85.5502356191966,27.908980133501 85.5502469812737,27.9090062603789 85.5502737933274,27.9090446865847 85.5503163096623,27.9090763427583 85.5503413089775,27.9091043469523 85.5503702343721,27.9091306586336 85.5503972545348,27.9091534826203 85.5504127507689,27.9091623147794 85.5504513642371,27.9091939298462 85.5504530845716,27.9092112861546 85.5504524604866,27.9092580927469 85.5504440998284,27.9092996164726 85.5504478640993,27.9093100590044 85.5504709351351,27.9093363090662 85.5504901956773,27.9093555837489 85.5504975393227,27.9093903374301 85.5505072042703,27.9093973744038 85.5505692356207,27.9094292358312 85.55059026278,27.909462399653 85.5505958398787,27.909483264178 85.5506150542448,27.9095060059997 85.5506361969903,27.9095305019274 85.5506420052162,27.9095340306753 85.5506575015243,27.9095428628092 85.5506749493183,27.9095517154719 85.5506923508938,27.9095640352876 85.5507235746323,27.9095643637669 85.5507547983714,27.909564692239 85.5507938280459,27.9095651028193 85.5507978465588,27.9095564759884 85.5508000060237,27.9095408943179 85.5507983087399,27.9095218044347 85.5508063919785,27.9095010836168 85.5508221887085,27.9094873792223 85.5508515302688,27.9094824864103 85.5508866338433,27.9094845894851 85.5508962988255,27.9094916264327 85.550913561775,27.9095143476878 85.5509173954195,27.9095195894751 85.5509231343334,27.9095283189448 85.550928965676,27.9095301141031 85.5509760785487,27.9095098038045 85.5509843234952,27.9094769479298</coordinates></LinearRing></outerBoundaryIs></Polygon></MultiGeometry>
  </Placemark>
  <Placemark>
	<Style><LineStyle><color>ff0000ff</color></LineStyle><PolyStyle><fill>0</fill></PolyStyle></Style>
	<ExtendedData><SchemaData schemaUrl="#river_terrace_Oct2021">
		<SimpleData name="layer">Landslide</SimpleData>
	</SchemaData></ExtendedData>
      <MultiGeometry><Polygon><outerBoundaryIs><LinearRing><coordinates>85.529827073107,27.9961603632213 85.5297729981834,27.9960681142283 85.5297514926498,27.9960220488834 85.5296973289876,27.9959363468227 85.5296798669098,27.9958641330732 85.5296547179651,27.9958147547947 85.5296001545491,27.9957585140142 85.529567629826,27.9957090568357 85.5295351940085,27.9956530526917 85.5294988481122,27.9956133764919 85.5293896328125,27.995507441756 85.5293242281787,27.9954347151347 85.529295658252,27.9953656564733 85.5292525145275,27.9952833460852 85.5291799565554,27.9951941731036 85.5291399230405,27.9951544573637 85.5290852268654,27.995108036833 85.529045015609,27.995081414983 85.5289972952213,27.9950645346422 85.5289532182897,27.9950509672234 85.5289233594818,27.9950768393755 85.5289151834822,27.9951356830704 85.5289069185595,27.9952010737211 85.5289171375944,27.9952633881955 85.5289130495847,27.9952928100418 85.5289158039051,27.9953615925513 85.5289150926014,27.9954139682071 85.5289255339368,27.9954599152876 85.528972676569,27.9955193508793 85.5290163980614,27.9955591061269 85.5290523436826,27.9956282437544 85.5290592305342,27.9956643309332 85.5290437231647,27.9957198222388 85.5290357249791,27.9957655720222 85.529005554803,27.9958143585319 85.5289826715345,27.9958697709096 85.5290114636489,27.9959224622367 85.5290405669667,27.9959522392096 85.5291205456086,27.9960382177041 85.5291309870794,27.9960841647706 85.5291417397153,27.996107197487 85.5291524479047,27.9961335036811 85.5291814179671,27.9961731010625 85.5292326045593,27.9962063882025 85.5292578422857,27.9962492195944 85.5293046298568,27.9963348429146 85.5293002307705,27.9963871791205 85.5292886335809,27.9964263425078 85.5293246240867,27.9964922065947 85.5293645248076,27.9965417427304 85.5293672794086,27.9966105252309 85.5293997154003,27.9966665294145 85.5294105570341,27.9966830151552 85.5294135783275,27.9967321567831 85.5295045328088,27.9968248003823 85.5295227059473,27.9968446384869 85.5296403650889,27.9968720885482 85.529713902085,27.9968892447864 85.5297358076679,27.9969058488267 85.529871551299,27.9969596837295 85.5299082087709,27.9969764454913 85.5299557524319,27.9970064194657 85.5299922322254,27.9970362751232 85.5300250240734,27.9970660913386 85.5301022492371,27.9970832868089 85.5301647225586,27.99710032452 85.530183473344,27.9970776073089 85.5301984028931,27.9970646711052 85.5302286617597,27.9970093373758 85.5302255512542,27.9969667427126 85.5302196856069,27.996855365548 85.530206488476,27.9967406360467 85.5301992902469,27.9967274632719 85.5301811169988,27.9967076252524 85.5301442818828,27.9967039574833 85.5301221541611,27.996703720905 85.5300595033757,27.9966997771008 85.5300485727897,27.9966898383666 85.5300309326779,27.996630718574 85.5300348427537,27.9966143906086 85.5300316879036,27.9965750694216 85.5300357756761,27.9965456475376 85.5300359978,27.9965292801397 85.5299066971159,27.9962725291215 85.529827073107,27.9961603632213</coordinates></LinearRing></outerBoundaryIs></Polygon></MultiGeometry>
  </Placemark>
  <Placemark>
	<Style><LineStyle><color>ff0000ff</color></LineStyle><PolyStyle><fill>0</fill></PolyStyle></Style>
	<ExtendedData><SchemaData schemaUrl="#river_terrace_Oct2021">
		<SimpleData name="layer">Fan terrace</SimpleData>
	</SchemaData></ExtendedData>
      <MultiGeometry><Polygon><outerBoundaryIs><LinearRing><coordinates>85.5512083481555,27.9086520605299 85.5512180255142,27.9086115744635 85.5512188186758,27.9085520539776 85.5512072855539,27.9085032272883 85.5512047447782,27.9084653185876 85.5512205131492,27.9084248965743 85.5512332359935,27.9083844425317 85.5512336686188,27.9083519768109 85.5512268682291,27.9083128818054 85.5512382982018,27.9082867501069 85.5512506537857,27.9082383330421 85.551259245041,27.9081794734628 85.5512754111178,27.9081380317501 85.551279545035,27.9081207370079 85.5512627904192,27.9080598770748 85.551251428182,27.9080337502717 85.5512331841492,27.9079381982457 85.5512205172961,27.9078635107231 85.5512033469301,27.907833855195 85.5511899870737,27.9078111750225 85.5511845254362,27.9077816426234 85.5511751377969,27.9077538027584 85.5511635445949,27.9077450117331 85.5511384529493,27.9077239420004 85.5511231185664,27.9077029748779 85.551111802601,27.9076733809079 85.5510926577408,27.9076454384228 85.551069471375,27.9076278563586 85.5510541139154,27.9076086228075 85.5510289530118,27.9075927537915 85.5510192650799,27.9075874504357 85.5509940117703,27.907578515727 85.5509764256316,27.9075800645831 85.5509469921742,27.9075918917558 85.5509175818159,27.9076019853437 85.5508587610835,27.9076221724999 85.5508236581098,27.9076200694401 85.5507885089231,27.9076214335277 85.5507592602982,27.9076193920339 85.550741674151,27.9076209408596 85.5506986498425,27.9076274235456 85.5506791815718,27.9076237511003 85.5506577387445,27.907621791701 85.5506455447497,27.9076580736632 85.5506395055235,27.9076718806987 85.5506216651562,27.9076924988669 85.5506019426629,27.9077078957683 85.5505862386183,27.9077146658377 85.5505762271475,27.9077336325429 85.5505661463401,27.9077577999809 85.5505502573959,27.9077784386693 85.5505383637953,27.9077921841063 85.5505205927239,27.9078076015259 85.5504809165366,27.9078557310722 85.5504612171064,27.9078693943734 85.5504297164985,27.9078898687867 85.5504021650139,27.9079069171032 85.5503454572854,27.9079149895185 85.5503123750328,27.907907706126 85.5502518337402,27.9079105367005 85.5502129433697,27.9078997245231 85.5501954265236,27.9078960725441 85.5501798611321,27.9078924410993 85.5501740530073,27.907888912335 85.5501645037995,27.9078732074542 85.5501415024875,27.9078417566173 85.5501241474805,27.9078259695865 85.5501067693601,27.9078119161313 85.5500775438227,27.9078081409138 85.5500540108075,27.9078165623471 85.5500226026221,27.9078301023551 85.5499891504959,27.9078505561267 85.5499790001864,27.9078799242485 85.5499687573883,27.907916226679 85.5499547735213,27.9079403529873 85.5499229028588,27.9079885645187 85.5499030646064,27.9080126292005 85.5498833882002,27.9080245588376 85.549865593878,27.9080417097446 85.5498437116557,27.9080726881852 85.5498237808774,27.9081036871633 85.5498216213117,27.9081192688174 85.5498272213279,27.9081383997921 85.5498406734225,27.9081541457773 85.5498463428122,27.9081680760194 85.5498830967995,27.90819273638 85.5498907638996,27.9082032200066 85.5499639019976,27.9082802779339 85.549975379548,27.9082977369448 85.5499966606464,27.9083118314964 85.5500043277656,27.9083223151172 85.550019708249,27.9083398152028 85.5500408044016,27.9083677783671 85.550060087821,27.9083853195258 85.5500812302313,27.9084098155296 85.5500984928445,27.9084325368775 85.5501292076396,27.9084710041828 85.5501408470654,27.9084763281391 85.5501757191139,27.9084957671573 85.550179598924,27.9084975418083 85.5502356134571,27.9085414767991 85.5502492043609,27.9085468212827 85.5502821943357,27.9085610390069 85.5503053807597,27.9085786212041 85.55032852096,27.9085996705527 85.5503400448326,27.9086136623808 85.5503457836546,27.9086223918721 85.5503747320426,27.9086469699718 85.5503805402137,27.9086504987291 85.5504193384113,27.9086682451791 85.5504386912872,27.9086805855555 85.5504618315351,27.9087016348832 85.5504849486788,27.9087244177849 85.550509994188,27.908748954793 85.550535109046,27.9087682910638 85.5505602701372,27.9087841601749 85.5505893572872,27.9087983367662 85.5506413305365,27.9088526320063 85.5506508567833,27.9088700704354 85.5506624269469,27.9088805950832 85.5506759254738,27.9088928738377 85.5506913985858,27.908903439543 85.5507242269621,27.9089297922114 85.5507474366463,27.9089456407611 85.5507571015727,27.9089526777168 85.5507880478328,27.9089738091086 85.5507976434389,27.9089860467952 85.5508262685133,27.9090348948959 85.55083207672,27.9090384236352 85.5508590507468,27.90906471469 85.5508763829468,27.9090822352148 85.5508915326055,27.9091170709891 85.5508951582719,27.9091379149775 85.5509065898457,27.9091588410734 85.5509083564668,27.9091727302232 85.5509217857372,27.9091902096891 85.5509372589153,27.9092007753689 85.5509527320965,27.909211341047 85.5509915074854,27.9092308209234 85.5510129044267,27.9092362474384 85.551032303682,27.9092451205808 85.5510278693079,27.9092849518228 85.5510258485134,27.9092901320313 85.5510236890875,27.9093057137073 85.5510312639535,27.9093231315874 85.5510428342016,27.9093336562057 85.5510602357872,27.9093459759757 85.5510834918177,27.9093583573171 85.5511027755804,27.9093758983403 85.5511122557368,27.9093968038967 85.5511078213831,27.9094366351412 85.5510956966169,27.9094677163983 85.5511071513658,27.9094869089014 85.5511187447421,27.9094956999361 85.5511383519843,27.9094889708638 85.5511501995008,27.9094786925384 85.5511679476681,27.9094650086261 85.5512013538926,27.9094480217393 85.5512389402932,27.9094102729521 85.5512528547811,27.909391347249 85.5512726468075,27.9093707495318 85.5512884896636,27.9093535779245 85.5513003833527,27.9093398324286 85.5513219651369,27.9093313902718 85.5513376924783,27.909322886549 85.5513475653781,27.9093143212622 85.5513769992714,27.9093024940227 85.5513926573065,27.9092991910278 85.5514063638612,27.9092958675113 85.5514122875967,27.9092907283362 85.5513582467718,27.9092450807384 85.5513312956772,27.9092170561976 85.5513121967071,27.9091856465804 85.5512930977478,27.9091542369608 85.5512741374056,27.90911242587 85.551262936776,27.9090741640204 85.5512598192667,27.9090151813194 85.5512602350876,27.9089839769122 85.5512413671904,27.9089352315048 85.5512223144959,27.9089003547204 85.5512148782356,27.9088725353806 85.5512153864737,27.9088343966608 85.5512158023042,27.9088031922535 85.5512130082444,27.9087199394555 85.5512132854639,27.908699136517 85.5512059790583,27.908675749487 85.5512083481555,27.9086520605299</coordinates></LinearRing></outerBoundaryIs></Polygon></MultiGeometry>
  </Placemark>
  <Placemark>
	<Style><LineStyle><color>ff0000ff</color></LineStyle><PolyStyle><fill>0</fill></PolyStyle></Style>
	<ExtendedData><SchemaData schemaUrl="#river_terrace_Oct2021">
		<SimpleData name="layer">Fan terrace</SimpleData>
	</SchemaData></ExtendedData>
      <MultiGeometry><Polygon><outerBoundaryIs><LinearRing><coordinates>85.5530860879007,27.8504520492857 85.5530982634878,27.8504521769855 85.5531226505795,27.8504497268801 85.5531499738172,27.8504554251994 85.5531743249929,27.8504556805866 85.5531986761689,27.8504559359696 85.55323509519,27.8504644355415 85.553259338627,27.8504728074195 85.5532864463995,27.8504947387235 85.5533045302248,27.8505084577561 85.5533256938661,27.8505195032045 85.553352981222,27.8505279069865 85.5534228113562,27.8505421686222 85.5534440109262,27.850550508551 85.5534622025082,27.8505561110577 85.5534805736349,27.8505481860516 85.5534929548399,27.8505451817822 85.5534959362264,27.8505462246953 85.5535212687888,27.8505482241478 85.5535575012677,27.8505373341109 85.5535946399326,27.8505316550729 85.5536083849586,27.8505248638392 85.5536495510078,27.8505096909135 85.553671789391,27.8505044882748 85.5536853048194,27.8504908032529 85.5536977676382,27.8504692868808 85.5537010269538,27.8504530857779 85.5537105176732,27.8504261264878 85.5537259884732,27.8504073475262 85.5537354073781,27.8503857992388 85.5537325788944,27.8503695343132 85.5537390975068,27.8503371321046 85.553742392713,27.8503182254975 85.5537365562379,27.8502992231589 85.5537460828348,27.8502695583624 85.5537553940189,27.8502561265803 85.5537799605603,27.8502401488435 85.5537892717376,27.8502267170588 85.5537835429597,27.850199598214 85.553789989744,27.8501726070065 85.5538054963925,27.8501511225307 85.5538058553908,27.850124067504 85.5538030269014,27.8501078025792 85.5537849430743,27.8500940836112 85.5537486677303,27.8500747621767 85.5537337714083,27.850050253102 85.5537096716316,27.8500310592988 85.5537040505881,27.8499958239432 85.5537012580186,27.8499768535141 85.5537077048072,27.8499498623098 85.5537140797888,27.8499282821103 85.5537417260434,27.849909630785 85.5537479215112,27.8499015780969 85.5537422645589,27.8498690482447 85.5537334919268,27.8498418974876 85.5537338150371,27.8498175479633 85.5537249347068,27.8497985137138 85.5537189905538,27.8497876278822 85.553703878864,27.8497793518213 85.5536523483435,27.8497625763131 85.5536193324331,27.8497270537448 85.5536014282123,27.8496998072424 85.5535772208202,27.8496887299267 85.5535590652794,27.8496804219371 85.5535444203897,27.8496369743265 85.5535447435394,27.8496126248036 85.5535604655805,27.849574907337 85.5535758285638,27.8495642448942 85.5535852115127,27.8495454021155 85.5535701357712,27.8495344205386 85.5535612195857,27.8495180917823 85.5535553831787,27.8494990894367 85.553540343352,27.8494854023542 85.55351026371,27.8494580281847 85.5535105509588,27.8494363841641 85.5534980178279,27.8494249782982 85.5534834016832,27.8494329705767 85.5534781798027,27.8494352972193 85.5534711601979,27.8494224417552 85.5534593437971,27.8493952590673 85.553444268089,27.8493842774777 85.553429192384,27.8493732958866 85.5534200607828,27.8493732001371 85.5533983587165,27.8494027372466 85.5533553854677,27.8494293454248 85.5533399865733,27.8494427133455 85.5533121608208,27.8494748921051 85.5532905305278,27.8494990181907 85.5532839400214,27.8495368313834 85.553255970577,27.8495798321386 85.5532374559496,27.8495985791302 85.5532187258341,27.8496335591321 85.5532123148617,27.8496578448087 85.5532120634648,27.8496767833236 85.5531964849459,27.8497036787365 85.5532081935677,27.8497389779508 85.5531985950506,27.8497740537127 85.553188888783,27.8498172459797 85.553191393943,27.8498578604325 85.5531817954083,27.849892936192 85.5531753484946,27.8499199273671 85.5531719095449,27.8499496559664 85.5531591952794,27.8499901108045 85.5531374570973,27.850022353365 85.5531372415998,27.8500385863764 85.5531398544905,27.8500710843227 85.5531273197799,27.8500980116469 85.5531177571169,27.8501303818973 85.5531196572236,27.8501474100237 85.5531179013757,27.8501486796675 85.5531040873263,27.8501606716365 85.5530980289304,27.8501762126176 85.5530869678963,27.8502012372265 85.5530770431735,27.8502141369022 85.5530758378116,27.8502314626174 85.5530775810984,27.850247085423 85.5530676103397,27.8502634522863 85.5530576280701,27.8502806859459 85.5530555395539,27.850291067055 85.5530660712533,27.8503059151189 85.5530737003345,27.8503189989029 85.5530725179854,27.8503345910234 85.5530613878813,27.8503648164118 85.5530542506839,27.8503881483358 85.5530577832858,27.8504159267582 85.5530710565128,27.8504446742615 85.553081214904,27.8504453833006 85.5530860879007,27.8504520492857</coordinates></LinearRing></outerBoundaryIs></Polygon></MultiGeometry>
  </Placemark>
  <Placemark>
	<Style><LineStyle><color>ff0000ff</color></LineStyle><PolyStyle><fill>0</fill></PolyStyle></Style>
	<ExtendedData><SchemaData schemaUrl="#river_terrace_Oct2021">
		<SimpleData name="layer">Fan terrace</SimpleData>
	</SchemaData></ExtendedData>
      <MultiGeometry><Polygon><outerBoundaryIs><LinearRing><coordinates>85.5519986576946,27.8494538054531 85.5519790269433,27.8494631355049 85.5519556105336,27.8494637566418 85.5519302206835,27.8494660908962 85.5518912816271,27.849460480666 85.551881656272,27.849450843537 85.5518759662834,27.849438646963 85.5518684065063,27.849420362338 85.5518646784441,27.8494073194397 85.551853045105,27.8494019958199 85.55184041353,27.8493983955561 85.5518230095936,27.8493869429359 85.5518017854696,27.8493693817883 85.5517921255784,27.8493623450439 85.5517862743609,27.8493622836216 85.5517831644736,27.8493761216589 85.551786950112,27.8493848305751 85.5517907933377,27.8493892055073 85.5517994089241,27.8494014327955 85.5518206791223,27.8494155267565 85.551835065316,27.8494338830412 85.5518400527626,27.8494989542212 85.5518399836605,27.8495041550019 85.5518418188988,27.8495128434433 85.5518417728307,27.8495163106304 85.5518336487179,27.8495404990462 85.5518374573995,27.8495474743676 85.5518508799248,27.8495649536176 85.551856639018,27.8495719494119 85.5518623290106,27.8495841459867 85.5518620065377,27.8496084162967 85.5518808887361,27.8496554280544 85.5518904565248,27.8496693991678 85.5518961695592,27.8496798621478 85.5519055300532,27.8497094356024 85.5519109436602,27.8497424352983 85.5519123643108,27.849782328423 85.5519256947436,27.8498067420409 85.5519448994581,27.8498294834809 85.5519602033509,27.8498521839745 85.5519736719961,27.8498661960267 85.5519852362937,27.8498767204189 85.5519929458267,27.8498837366798 85.5520353022131,27.8499257932951 85.5520701793959,27.8499434977053 85.5521030601129,27.8499646488244 85.552126349966,27.8499735624318 85.5521690979372,27.8499861479158 85.5521846552178,27.8499897788557 85.5522256139839,27.8499902086975 85.5522492262455,27.849974851972 85.552263936012,27.8499702716336 85.552343499111,27.8500001149525 85.5523625888164,27.8500315243075 85.5523872995302,27.8500803309973 85.5524026496016,27.850099564258 85.5524390858957,27.8501467601407 85.5524582907772,27.8501695015144 85.5525222172135,27.8502031151357 85.5525589759199,27.8502260406741 85.5525931856266,27.850294019183 85.5526084897185,27.8503167196107 85.5526336610481,27.8503308543815 85.5526548854922,27.8503484154109 85.5526837274697,27.8503799270381 85.5527303074586,27.8503977540623 85.5527693620029,27.8503946960988 85.5528007529627,27.8503811547178 85.5528554108995,27.8503782604127 85.5528787239254,27.8503854403041 85.5529119271879,27.8503823209216 85.5529706701098,27.8503655987348 85.5529943053729,27.8503485082874 85.5530024983492,27.8503191190157 85.5530047019526,27.8503000699363 85.5529954101629,27.8502652957628 85.5529935978384,27.8502548737395 85.5529724193882,27.8502338455721 85.5529592267699,27.8501990304804 85.5529537898103,27.8501677644091 85.5529542271325,27.850134826118 85.5529665050747,27.8500916090093 85.5529826838447,27.8500484328143 85.5530247474009,27.8499656498907 85.5530348217062,27.8499414818543 85.553040926127,27.8499224736866 85.5530449880679,27.8499103794393 85.5530453102815,27.8498861091176 85.553033953015,27.8498599824608 85.5530324629075,27.8498252901158 85.5530583936793,27.8497822161916 85.5530704413871,27.849756335013 85.5530946518562,27.8496959046793 85.5531090181817,27.84964230644 85.5531506212069,27.849594195355 85.5531685661284,27.8495649083413 85.5531707006425,27.8495510600393 85.5531592513242,27.8495318677701 85.5531477099567,27.8495196098784 85.5531403455714,27.8494865897612 85.5531447296684,27.849450225185 85.5531472093803,27.8494103729642 85.5531554252462,27.8493792500807 85.5532187817725,27.8493088272389 85.5532737613213,27.8492816624208 85.5532961822309,27.8492090764231 85.5532907452099,27.849177810359 85.5532872816055,27.8491448311526 85.553305272432,27.8491120769255 85.5533251216094,27.849086277527 85.5533822124842,27.8490469979477 85.5534218417437,27.8490005999073 85.5534532552275,27.8489853247619 85.553488546496,27.8489718241038 85.5534925393256,27.8489649306235 85.5535123194108,27.8489443319798 85.553551741521,27.8489135362532 85.5535794612163,27.8488826178239 85.5536128480487,27.8488656294932 85.5536192743721,27.8488223509594 85.5535943332998,27.8487908804228 85.5535749903684,27.8487785407736 85.5535207703671,27.8487484970895 85.553495806333,27.8487187601315 85.5535043671404,27.8486616332925 85.5535282320053,27.8486272067815 85.5535499854194,27.8486048949828 85.5536127891069,27.8485760782098 85.553617149991,27.8485414472018 85.5536216258954,27.8484981482173 85.5536593044543,27.8484517296461 85.5536791304188,27.8484276637818 85.5537028341518,27.8484053724024 85.5537618519167,27.8483678466853 85.5537955835885,27.8483248543717 85.5537923268618,27.8482762728109 85.5537986150584,27.8482433958335 85.5537814296014,27.8482154743016 85.5537778968587,27.8481876958849 85.5537743181136,27.8481633846588 85.5537981137741,27.8481341588777 85.5538102761151,27.8480996096378 85.553793446087,27.8480859932923 85.5537951330666,27.8480647741706 85.5537874465376,27.8480560244137 85.5537739548614,27.84804374613 85.5537604631883,27.8480314678452 85.5537371505933,27.8480242881174 85.5537177157658,27.848018882873 85.5536982349342,27.8480169448167 85.5536691632112,27.8480027693574 85.5536557175626,27.8479870238722 85.5536401835116,27.8479816595108 85.5536186372845,27.8479883689732 85.5536107667399,27.8479934879696 85.5535833463548,27.8480018696791 85.5535691185459,27.8480450664255 85.5535471121922,27.8480864477811 85.5535129433874,27.8481623783434 85.553511430719,27.8481641276784 85.55349695203,27.8481671841977 85.5534327083723,27.8481908635238 85.5534047034492,27.8482365698354 85.5533862609005,27.8482499058544 85.5533310050451,27.8482845028896 85.5533183987894,27.8483168412531 85.5532966610106,27.8483490838606 85.5532718793796,27.8483812945452 85.5532317707991,27.8484214621349 85.5531949574172,27.8484427231141 85.5531762634177,27.8484749976203 85.5531089038412,27.8485040558689 85.5530447676545,27.8485196184953 85.5530171216513,27.8485382696933 85.5529653044805,27.8485431379701 85.5529225110782,27.8485562185144 85.5528857335134,27.8485747739044 85.5528668597957,27.8486205758744 85.55281761944,27.848660647549 85.552768091661,27.8487223632202 85.552758349414,27.8487682609622 85.5527366473017,27.8487977979679 85.5526904865939,27.8488351960204 85.5526717205232,27.8488728814518 85.552661834514,27.8489296011912 85.5526279569242,27.8489590104448 85.5526122346645,27.8489967277995 85.5525992328968,27.849058826601 85.5525348448099,27.849093327485 85.5524946997625,27.8491362003376 85.5524700255056,27.8491602943546 85.5524483591662,27.8491871258059 85.5524357166027,27.8492221695722 85.5524311577513,27.8492353690307 85.5524228353904,27.8492406605377 85.5524178787937,27.8492466769543 85.5523999452441,27.8492750970689 85.5523782029755,27.8492965418732 85.5523536732441,27.8493075544104 85.5523261373081,27.8493246038223 85.552290307055,27.8493350275654 85.5522819063972,27.8493423201344 85.5522417611572,27.8493851929047 85.5521988595275,27.8494063897101 85.5521407744871,27.8494247212772 85.5521057050292,27.8494282444013 85.5520920007364,27.8494296211527 85.5520494944277,27.8494210574005 85.5520310874572,27.8494316877214 85.5520049617622,27.8494523026455 85.5519986576946,27.8494538054531</coordinates></LinearRing></outerBoundaryIs></Polygon></MultiGeometry>
  </Placemark>
  <Placemark>
	<Style><LineStyle><color>ff0000ff</color></LineStyle><PolyStyle><fill>0</fill></PolyStyle></Style>
	<ExtendedData><SchemaData schemaUrl="#river_terrace_Oct2021">
		<SimpleData name="layer">Fan terrace</SimpleData>
	</SchemaData></ExtendedData>
      <MultiGeometry><Polygon><outerBoundaryIs><LinearRing><coordinates>85.5491539285466,27.85116974997 85.5491721740075,27.8511712947926 85.5491888975131,27.8511728236069 85.5492117088427,27.851174416442 85.5492391040483,27.851174704541 85.5492402676035,27.8511747167773 85.5492512796953,27.8511748325833 85.549283258776,27.8511738159408 85.5493014862336,27.8511767134948 85.5493151658307,27.8511782102845 85.5493304033967,27.8511770175804 85.5493442305034,27.8511794026274 85.5493471089004,27.8511798991241 85.5493592125251,27.8511854381507 85.5493698662178,27.8511855501785 85.549382167906,27.85117620897 85.5493891976653,27.8511725598674 85.5493974954984,27.851168252516 85.5494143270392,27.8511616648121 85.5494326985387,27.8511537403608 85.5494449281988,27.8511498101403 85.5494601837648,27.8511472646731 85.5494799331795,27.8511501782065 85.5494857844152,27.8511535148428 85.5494986966583,27.8511518416252 85.5495457378412,27.851134997888 85.5495888089253,27.8511233138957 85.5496474373421,27.8511152611179 85.5496630869655,27.8511119579786 85.5497080623256,27.8511037616365 85.549733556398,27.851093626646 85.5497962889424,27.8510643338571 85.5497992099717,27.8510642409839 85.549814447519,27.8510630482255 85.549835754885,27.8510632722091 85.5498540723407,27.8510594059461 85.5498709038394,27.8510528181847 85.5498830974756,27.8510515934219 85.549910618651,27.8510424121448 85.5499243882364,27.8510371451297 85.5499487755041,27.8510346955934 85.5499575781214,27.8510312854769 85.5500231895138,27.8510238501308 85.5500388160504,27.8510222805397 85.5500934743306,27.8510193873444 85.5501293183326,27.8510187686943 85.550131715976,27.8510136184344 85.5501455755281,27.8510015876518 85.5501608130646,27.8510003948546 85.5501820484395,27.8510060297803 85.5501941161004,27.8510142742326 85.550203175845,27.8510197811967 85.5502153514799,27.8510199091533 85.5502290310743,27.8510214058521 85.5502457725728,27.851021581789 85.5502670619403,27.8510231584547 85.5502913772233,27.8510261198536 85.5503050388259,27.8510289692941 85.5503278501507,27.851030561944 85.5503430517031,27.8510320746249 85.5503505715089,27.8510389183357 85.5503672410379,27.8510445052542 85.5503792907247,27.8510541024401 85.550379857353,27.8510546826983 85.5503807833914,27.851054833104 85.5504169977384,27.851080204486 85.5504381791664,27.8510898976205 85.5504562267261,27.8511063225139 85.5504803261312,27.8511255168701 85.5505044255449,27.8511447112224 85.5505164392719,27.8511570138953 85.550530010941,27.8511666270601 85.5505405566902,27.8511748554925 85.5505585323153,27.8511966913701 85.5505812357364,27.8512064004747 85.5505949153609,27.8512078971383 85.5506162407528,27.8512067682533 85.5506345762002,27.8512015491373 85.5506650513237,27.851199163435 85.5506894566069,27.8511953610192 85.5506955804141,27.851192719478 85.550718535694,27.8511834900707 85.5507383930901,27.8511782869296 85.5507733801116,27.8511800074173 85.5507869518074,27.8511896205577 85.5508112131822,27.8511966401148 85.5508522520661,27.8512011300333 85.5508623763595,27.8512029545284 85.5508729937792,27.8512235012521 85.5509078481138,27.851242939554 85.550908017664,27.8512450488718 85.5509169587826,27.8512572802083 85.5509350064439,27.8512737050425 85.5509592858341,27.8512793718251 85.5509820432684,27.8512850226174 85.5509925890644,27.8512932510168 85.5509971009836,27.8512973572232 85.5510334841129,27.8513085628785 85.5510488444994,27.8513173218008 85.5510804461116,27.851319307342 85.55109207961,27.8513246310319 85.5511209674593,27.8513526757891 85.5511250930768,27.8513536386972 85.5511410036854,27.851350280301 85.5511684169421,27.8513492152692 85.5511775307164,27.8513506639234 85.5511972262757,27.8513576354625 85.5512108519814,27.8513631903146 85.5512214697344,27.8513660076992 85.5512396433397,27.8513729632488 85.5512517470895,27.8513785021136 85.5512683807564,27.8513867944258 85.5512789625489,27.8513923173053 85.5512909943747,27.8514032671651 85.5513212897303,27.8514144088153 85.5513425252534,27.8514200435672 85.55135682579,27.8514287359403 85.5513606449323,27.8514310573503 85.5513909762651,27.8514394934864 85.5514045716241,27.8514384291219 85.551406213856,27.8514383005535 85.5514198575637,27.8514425026361 85.5514243161896,27.8514437734321 85.5514395711369,27.851448121392 85.5514399057837,27.8514479183761 85.5514549166092,27.8514388119557 85.551483869829,27.8514364100933 85.5515111033136,27.851448872491 85.5515146087538,27.8514507923286 85.5515176038543,27.8514510458686 85.5515186771612,27.8514516578924 85.5515383727627,27.8514586293841 85.5515504226015,27.8514682264728 85.551565570302,27.851473797271 85.5515808078968,27.8514726043189 85.5516052311957,27.8514674489926 85.5516250346741,27.8514663039737 85.5516316701219,27.8514621956469 85.5516357782942,27.8514596520787 85.5516633353984,27.8514477649511 85.5516952606322,27.8514508060009 85.5517043204926,27.8514563128703 85.5517193603393,27.8514700001508 85.5517345440028,27.8514728654311 85.5517497636201,27.8514730252101 85.5517649832375,27.8514731849874 85.5517847687403,27.8514733926954 85.5517985023479,27.8514708309919 85.5518122719062,27.8514655637872 85.5518259875367,27.8514643548307 85.5518442151263,27.851467252053 85.5518502310724,27.8514727269595 85.5518592010675,27.8514849975686 85.5518679188808,27.8514906716381 85.5518697649265,27.851491873154 85.5518818866988,27.8514960592152 85.5518970523964,27.8515002772279 85.5519229437285,27.851499196071 85.5519411533529,27.8515034460307 85.5519623529821,27.8515117861889 85.5519821384937,27.8515119938689 85.5519898381733,27.8515053099951 85.5519960698091,27.8514945518959 85.5519960698099,27.8514945518959 85.5520160170769,27.851482584821 85.5520405122525,27.8514720184169 85.5520817669755,27.8514602749748 85.5521185097208,27.8514444253488 85.5521293431689,27.8514310096638 85.5521495240389,27.8514014568173 85.5521726409922,27.8513800524142 85.5522018098366,27.8513614173983 85.552217209147,27.8513480496238 85.5522311224342,27.8513319603747 85.5522633531456,27.8513120045394 85.5522923602305,27.8513055442547 85.5523031037961,27.8512988923054 85.5523154951049,27.8512827870753 85.552332524164,27.8512613187569 85.5523647368678,27.8512427156465 85.5523862599133,27.8512267062345 85.5524077829525,27.8512106968187 85.5524186163415,27.8511972811084 85.552427942195,27.8511750818873 85.5524401635354,27.8511671335551 85.552452050375,27.8511533876023 85.5524620328248,27.8511361539953 85.5524778435595,27.8511207153779 85.5524995516528,27.8511018709669 85.552507468528,27.8510932848592 85.5525154084268,27.8510829651573 85.5525273182722,27.8510674856035 85.5525412936727,27.8510433585444 85.5525433362067,27.8510364446341 85.5525551999945,27.8510244322649 85.5525650903197,27.851014133024 85.5525654728482,27.851013800957 85.5525672216256,27.8510107818737 85.5525719671519,27.8509973022751 85.5525906438293,27.8509663806357 85.5526149771478,27.8509679888764 85.5526359442247,27.8509635629062 85.5526455060781,27.8509615444809 85.552660869348,27.8509508821528 85.5526671074227,27.850946009268 85.5526762505796,27.8509388670724 85.5526913524654,27.8509323524955 85.5526976836982,27.8509296213596 85.5527040716852,27.8509251880004 85.5527093806353,27.850921503509 85.5527130469586,27.8509189590254 85.552728553927,27.8508974746849 85.5527454391342,27.8508868283134 85.5527654400998,27.8508708028701 85.5527793532443,27.8508547135592 85.5527917085051,27.8508413137819 85.5527963641808,27.8508345979268 85.5528041715399,27.8508197974998 85.5527967234399,27.850807542915 85.5527860518048,27.8508087839037 85.552778442039,27.8508087040733 85.5527586207213,27.8508112020135 85.5527326397351,27.8508190470866 85.5527097565441,27.8508228658369 85.5526732476297,27.8508211298763 85.5526503285072,27.8508276541176 85.5526448322716,27.8508340100118 85.552633788009,27.8508354018316 85.552609396086,27.8508360128367 85.5525869661076,27.8508357775045 85.5525713511326,27.8508364805899 85.5525459034087,27.8508431489301 85.5525302538961,27.8508464524014 85.552507720305,27.8508540182282 85.5524989088185,27.8508565265262 85.5524910840608,27.8508581782593 85.5524685389522,27.8508666108763 85.5524303443205,27.8508783469492 85.5524136850437,27.8508842405644 85.5523921727076,27.8508883494175 85.5523706949104,27.8508898578766 85.5523531985755,27.8508853396892 85.5523454659232,27.8508800570394 85.5523348651904,27.8508704097041 85.5523242874871,27.8508590287745 85.5523117478392,27.8508484941732 85.5522972807892,27.8508362055093 85.5522807711967,27.8508308307502 85.5522563792757,27.8508314416929 85.5522397890848,27.8508321345064 85.5522241971392,27.8508311039589 85.5522068274827,27.850817050989 85.5521780378549,27.850818143902 85.55216194329,27.8508103529197 85.5521256680218,27.850791031062 85.5521044325735,27.8507853964332 85.5520530096922,27.8507605038202 85.5520443093139,27.8507279419716 85.5520327088169,27.8506845261726 85.5519873378561,27.8506624029344 85.551948090662,27.8506376380826 85.5519273225669,27.8505968319249 85.5518848517708,27.8505855626065 85.5518273412395,27.8505606060106 85.5517913177689,27.8505223455689 85.5517426513695,27.8505191288009 85.5516946321236,27.8504672130158 85.5516859678256,27.8504319456481 85.551680239567,27.850404826736 85.5516682437592,27.8503911714113 85.5516717550434,27.8503560318674 85.5516690706829,27.8503289449109 85.551654462435,27.8502827916287 85.5516438193885,27.8502481377635 85.5516451688995,27.8502190507429 85.5516339962472,27.8501790552374 85.5516147685033,27.8501580473486 85.5516054080565,27.8501284738777 85.55160550021,27.8501215395047 85.5516520646349,27.8499937245698 85.5516483711389,27.849978081277 85.5516332285606,27.8499432455979 85.5516258185399,27.8499136926046 85.5516203359,27.8498858936811 85.5516010390934,27.8498700865715 85.5515780257717,27.8498403697583 85.5515608406647,27.8498124479679 85.5515495989615,27.8497776532359 85.5515446053203,27.8497704930833 85.5515427621241,27.8497539727758 85.5515156548962,27.849732041147 85.5514914117699,27.8497236689729 85.5514552448542,27.8496962304541 85.5514157823751,27.8496876984651 85.5513975550951,27.8496848011972 85.5513670444454,27.8496898925784 85.5513696927627,27.8497196850396 85.551366325251,27.8497440025765 85.5513719455249,27.8497792379996 85.5513868053099,27.8498064528087 85.5513895255526,27.8498308342696 85.5513800343255,27.8498577933824 85.5513707588526,27.8498685194953 85.5513614114576,27.8498846566071 85.5513452930511,27.8499521342886 85.5513541729697,27.8499711686758 85.5513352264263,27.8500223813933 85.5513407747784,27.8500630278159 85.5513219720565,27.8501034185313 85.5512939657386,27.8501491243501 85.551296614041,27.8501789168104 85.5512777033929,27.8502274240166 85.5512437890619,27.850259538395 85.551231361759,27.8502783490291 85.551206399246,27.8503240867917 85.5512060395996,27.8503511417864 85.5512059096145,27.8503609201152 85.5511905050302,27.8503772571316 85.5511721676708,27.8504360149377 85.5511423812439,27.8504755803157 85.5511049774651,27.8505011950061 85.5510499506917,27.8505318260967 85.5510202563863,27.8505644570744 85.5509787442555,27.8506056330902 85.5509433830197,27.8506243338491 85.5508730523716,27.8506322642649 85.5508302121147,27.8506266127465 85.5507814514245,27.8506261005249 85.5507561419708,27.8506223669779 85.5507287437748,27.8506290144911 85.5507051542184,27.850642637349 85.5506789359067,27.8506670211854 85.5506538937579,27.8506646355905 85.5506341084118,27.8506644277259 85.5505807142411,27.8506733373213 85.5505652968474,27.8506880576596 85.5505499334218,27.8506987197483 85.5505404082683,27.8507021304561 85.5505103807105,27.8506969512366 85.5504618222438,27.8506856175198 85.5504373990775,27.8506907726487 85.5504069600793,27.8506904528078 85.5503887686515,27.8506848499033 85.5503217308868,27.8506895572174 85.5503033235385,27.8507001872913 85.5502667967396,27.8506998034457 85.5502238942252,27.8507209995988 85.5501933112598,27.8507315017029 85.5501627282889,27.8507420037999 85.5501200416922,27.8507469669311 85.5500956184987,27.8507521219983 85.5500466281291,27.8507732541112 85.5500040854971,27.8507673952144 85.5499370476737,27.8507721023389 85.5498516744394,27.8507820284465 85.5498273952258,27.8507763614748 85.5497357181672,27.8508024565007 85.5497053511524,27.8507967255088 85.5496685363028,27.8508179854833 85.549631793448,27.8508338344525 85.5495402603269,27.8508491073555 85.5494485111285,27.8508806131796 85.5493876330531,27.8508799730507 85.549313859116,27.8509333148 85.5492831319588,27.8509546386841 85.5491973983858,27.8509916193471 85.54916043931,27.8510237011661 85.5490928970573,27.8510662848262 85.5490379626264,27.851076530553 85.5489888278374,27.8511084842619 85.5489578844391,27.8511460410475 85.5489455647089,27.8511567349652 85.5489269410192,27.8511835978251 85.5489512202682,27.8511892649566 85.549006226804,27.851173608274 85.5490306501352,27.8511684534055 85.5490550014256,27.8511687095258 85.5490732648937,27.8511689016131 85.549134143122,27.8511695418868 85.5491391054366,27.8511683948805 85.5491539285466,27.85116974997</coordinates></LinearRing></outerBoundaryIs></Polygon></MultiGeometry>
  </Placemark>
  <Placemark>
	<Style><LineStyle><color>ff0000ff</color></LineStyle><PolyStyle><fill>0</fill></PolyStyle></Style>
	<ExtendedData><SchemaData schemaUrl="#river_terrace_Oct2021">
		<SimpleData name="layer">Fan terrace</SimpleData>
	</SchemaData></ExtendedData>
      <MultiGeometry><Polygon><outerBoundaryIs><LinearRing><coordinates>85.5430507154086,27.8571530479059 85.5430806496378,27.8571912462563 85.5430863760143,27.8572183654321 85.5430859418939,27.8572508312761 85.5431100774221,27.857267321419 85.5431706694979,27.8572896083493 85.5431886445498,27.8573114451511 85.5432127801074,27.857327935277 85.5432207508485,27.8573315832174 85.5432421716453,27.8573259720631 85.5432539444257,27.8573208949095 85.5432831793611,27.8573229374936 85.543296763615,27.8573282824462 85.5433120666382,27.8573509838472 85.5433158054801,27.8573631601411 85.5433273001362,27.8573788860018 85.543342510465,27.8574085217399 85.5433538660691,27.8574346491089 85.5433592309878,27.8574711161912 85.5433648508526,27.8574885138378 85.5433667318667,27.8574937351916 85.5433821044556,27.8575112358306 85.543405163348,27.8575374867862 85.5434065113161,27.8575825805958 85.5434058623858,27.8576311209771 85.5434094158379,27.857657165949 85.5434461981255,27.8576783603301 85.5434675382714,27.8576872548281 85.5434943824426,27.8577222148904 85.5435018601901,27.8577465674695 85.5435149810173,27.8577865841044 85.5435260586059,27.8578335144819 85.5435335827156,27.8578543998892 85.5435411763505,27.857870084541 85.5435486541171,27.8578944371178 85.5435639340941,27.8579188720791 85.5435712728259,27.8579536261654 85.5435747799771,27.857983138304 85.5436115855792,27.8580025990603 85.5436229868453,27.8580039881376 85.5436298736148,27.858011513 85.5436570534886,27.8580280351966 85.5436870604886,27.858060822453 85.5437111962865,27.8580773124991 85.5437415287721,27.8580857503576 85.5437841099745,27.8580889057885 85.5438391206855,27.8580732513424 85.5438821357858,27.8580439408915 85.5439339577382,27.8580390762207 85.5439949481309,27.8580316024437 85.5440714120708,27.8580053508848 85.5441139932563,27.858008506213 85.5441698535334,27.8580038756367 85.5441962199916,27.8580066682371 85.5442573910976,27.8579856669021 85.544272720019,27.8579777110758 85.5442880850861,27.8579670497596 85.5443004783511,27.8579509453384 85.5443157711173,27.8579456949951 85.5443464650849,27.8579270778387 85.544355741951,27.8579163522627 85.5443589667751,27.8579028569469 85.5443866527761,27.8578815021668 85.5443990460167,27.8578653977357 85.544411511543,27.8578438823265 85.5444207883954,27.8578331567454 85.5444300652459,27.8578224311636 85.5444485466541,27.8578063909748 85.5444577873561,27.8577983708794 85.5444641646833,27.8577767912181 85.5444673894891,27.8577632958988 85.5444676786347,27.8577416519911 85.5444739475272,27.8577281887943 85.5444893486819,27.8577148219647 85.5445108380082,27.8577015193772 85.5445201148384,27.8576907937884 85.5445293555251,27.8576827736875 85.5445509894043,27.8576586491388 85.5445541780544,27.8576478593053 85.544566535102,27.8576344603452 85.5446063611952,27.8576159394866 85.5446339747969,27.8575999956289 85.544652456137,27.8575839554097 85.5446739092801,27.8575733582835 85.5446923183353,27.8575627290361 85.544707755577,27.857546656691 85.5447230844045,27.8575387008106 85.5447384855021,27.8575253339506 85.5447600108969,27.8575093258324 85.5447694322273,27.8574877782693 85.5447848333119,27.8574744114036 85.5448032784742,27.8574610766512 85.5448249122483,27.8574369520548 85.5448342612919,27.8574208154644 85.5448589391306,27.8573967229764 85.5448743040588,27.8573860615887 85.5449079334584,27.8573755928771 85.5449323944844,27.8573677333099 85.5449659154826,27.8573653810513 85.5449841438261,27.8573682792084 85.5450146568741,27.8573631893376 85.5450269415757,27.8573552013109 85.5450393707891,27.8573363913258 85.5450488643047,27.8573094327617 85.5450521612781,27.8572905264459 85.5450492617134,27.857279672379 85.5450284951054,27.8572388652703 85.5449982711268,27.8572223112312 85.5449740991768,27.8572085268975 85.5449224944354,27.8571971590412 85.5448923066171,27.8571778994906 85.5448625885317,27.8571234685744 85.5448444686315,27.8571124539353 85.5447837678717,27.857098284198 85.5447598850566,27.8570628559159 85.5447583963638,27.8570616240881 85.5447570216612,27.8570492963547 85.5447543389414,27.857022209348 85.5447423072065,27.8570112589279 85.5447183882871,27.8569785361285 85.5446730886409,27.8569509994823 85.5446461618268,27.8569155390649 85.5446280419834,27.8569045243992 85.544606914217,27.8568907721234 85.5445980349921,27.8568717373436 85.5445439284892,27.8568197548996 85.5445138854056,27.856789673316 85.5444744933056,27.8567757282947 85.5444167645626,27.8567670015034 85.5444016888289,27.8567560189325 85.5443563893575,27.856728482188 85.544326129481,27.8567146334984 85.5443111622004,27.8566955344521 85.5442990582549,27.8566899949732 85.5442723846511,27.8566355960678 85.5442635777973,27.8566111502915 85.5442457833666,27.8565757861806 85.5442371934056,27.8565351074708 85.5442132024447,27.8565077955686 85.5442075842574,27.8564725599616 85.5441991027606,27.8564237647837 85.5441871072952,27.8564101088302 85.5441664857607,27.8563584796507 85.5441361537123,27.8563500419007 85.5440906014234,27.8563414434963 85.5440634580394,27.8563222159062 85.5440330898583,27.8563164836227 85.5439966335844,27.8563106870692 85.5439268012518,27.8562964205786 85.5438462589734,27.8562929175278 85.5438325804056,27.8562846024608 85.5438051478242,27.856287018728 85.5437352793772,27.8562754576301 85.5436987508166,27.8562750719751 85.5436836390644,27.8562667948184 85.54366555559,27.856253074545 85.543656459613,27.8562502726395 85.5436172486362,27.8562227999436 85.5436052171048,27.8562118494308 85.5435903223444,27.8561873393363 85.5435478865457,27.8561733619212 85.543508386308,27.8561675330997 85.5434598624427,27.8561534913734 85.5434293858467,27.8561558754233 85.5433957928719,27.8561636382972 85.5432773283845,27.8561434461822 85.5432405105058,27.8561647043085 85.5432463815652,27.8561810015307 85.5432584492265,27.8561892465858 85.5432731992288,27.8562245786638 85.5432850137052,27.8562517621302 85.5433242969424,27.8562738239423 85.5433391193145,27.8563037450388 85.5433539587326,27.8563309256014 85.5433549060494,27.8563354119117 85.5433468026708,27.8563578661284 85.5433424844575,27.8563890294675 85.5433363084205,27.8564132378667 85.5433263472113,27.856428737142 85.543316246941,27.8564546379281 85.5433100940703,27.8564771127403 85.5433019906707,27.8564995669532 85.5432861083381,27.8565202051838 85.5432543204771,27.8565632152237 85.5432444287748,27.8565735137363 85.5432305896595,27.8565872382186 85.543212501812,27.856626925276 85.5431947384499,27.8566423421387 85.5431632982015,27.8566593483778 85.5431569830319,27.8566939582765 85.5431548934272,27.8567043391858 85.5431406834125,27.8567458010187 85.5431186017219,27.856792381198 85.5430927812097,27.8568267850737 85.5430691662011,27.8568421401114 85.5430280427573,27.8568538425488 85.5430123457724,27.8568606120635 85.543008027437,27.8568917753855 85.5430096766079,27.8569143325927 85.543021032085,27.856940459986 85.5430226117141,27.8569682179477 85.543020290274,27.856995934703 85.5430277910537,27.8570185537195 85.5430449749708,27.8570464765051 85.5430523598527,27.8570777634449 85.5430555423093,27.8571315457825 85.5430496184392,27.8571467365304 85.5430507154086,27.8571530479059</coordinates></LinearRing></outerBoundaryIs></Polygon></MultiGeometry>
  </Placemark>
  <Placemark>
	<Style><LineStyle><color>ff0000ff</color></LineStyle><PolyStyle><fill>0</fill></PolyStyle></Style>
	<ExtendedData><SchemaData schemaUrl="#river_terrace_Oct2021">
		<SimpleData name="layer">Fan terrace</SimpleData>
	</SchemaData></ExtendedData>
      <MultiGeometry><Polygon><outerBoundaryIs><LinearRing><coordinates>85.5488907090367,27.8507379967197 85.5488965949437,27.8507354578811 85.5489122560715,27.8507312880301 85.5489473522324,27.8507325241038 85.5489668449711,27.85073359605 85.548989217191,27.8507381659475 85.5489969727423,27.850741715188 85.5490008389779,27.8507443566035 85.5490154210288,27.8507479776434 85.5490330441227,27.8507429614972 85.5490439561153,27.8507292055949 85.5490547873268,27.8507215172605 85.5490656762351,27.8507094949473 85.5490823471859,27.8507027349466 85.5491029882257,27.8506908151963 85.5491138425079,27.8506813932658 85.5491372591726,27.850680772622 85.5491440048944,27.8506869119848 85.5491536993359,27.8506913485244 85.5491752463471,27.8506846397927 85.5491831288271,27.850678654271 85.5492038736989,27.8506589333443 85.5492118023294,27.8506494806382 85.5492304813808,27.850638407152 85.5492383753927,27.8506315548312 85.5492454557253,27.8506125571153 85.5492524552883,27.8505996269685 85.5492682317647,27.850586789119 85.5492809902962,27.8505808548675 85.5493122778676,27.8505751154604 85.5493279274209,27.8505718123563 85.5493416611603,27.8505658883538 85.5493631619872,27.850562646774 85.5493847666465,27.8505516040294 85.5494161464994,27.8505389302324 85.5494475494185,27.8505245228365 85.5494690963802,27.8505178140568 85.5494828993232,27.8505066892651 85.5494800775131,27.850498857342 85.5494724834703,27.8504831729881 85.5494716928396,27.8504692940022 85.5494757436586,27.8504580666725 85.5494974175028,27.8504418231343 85.549513113176,27.8504350528251 85.5495306669837,27.850435237387 85.5495510887479,27.8504397866855 85.5495752729346,27.8504547785429 85.5495859771929,27.8504566249178 85.5495936058567,27.8504697088787 85.5496112173467,27.8504655594515 85.5496357245282,27.8504562810159 85.5496818709176,27.8504333593949 85.5497160955985,27.8504267838547 85.5497366557804,27.8504209315755 85.5497826867967,27.8504066778781 85.5497973957036,27.8504007640799 85.5498354404801,27.8504002970866 85.5498646622217,27.8504032050077 85.5499075945894,27.8504019224535 85.5499251368622,27.8504029737611 85.5499671286157,27.8503990805499 85.5499906605434,27.8503897917991 85.5500328367995,27.850372029832 85.5500446661827,27.8503626180733 85.5500857403639,27.8503543805955 85.5501003800611,27.8503536675402 85.5501325504954,27.8503548725602 85.5501618875436,27.8503491124578 85.5501785583766,27.8503423523196 85.5502078954194,27.8503365922072 85.5502293039395,27.8503402848581 85.5502380116575,27.8503455778699 85.5502584564996,27.850348393472 85.5502770316297,27.8503451210024 85.5502915790874,27.8503513422953 85.5503158671292,27.8503585328613 85.5503342693185,27.8503682623255 85.5503469701239,27.8503666619525 85.5503714887556,27.8503565165867 85.5503930471626,27.8503489408629 85.5504175427288,27.8503405290808 85.5504273985975,27.850332830386 85.5504459852494,27.8503286910971 85.5504723735877,27.8503246337795 85.5504967999743,27.8503214227598 85.5505240828251,27.8503234432518 85.55056399731,27.8503290641224 85.5505834554213,27.8503327362267 85.5506087417463,27.8503382033951 85.5506252165919,27.8503461787375 85.5506505029225,27.8503516458985 85.550685725795,27.8503433467674 85.5507023735447,27.8503383201571 85.5507279480346,27.8503221173976 85.5507377923546,27.8503152854759 85.5507583985717,27.8503059658564 85.5507887453681,27.8502976154747 85.5508111982691,27.8502961175024 85.5508346609567,27.8502920293817 85.5508523300042,27.8502835458116 85.5508827689881,27.8502682610381 85.5508907089725,27.850257941432 85.5509113958398,27.8502425542143 85.5509477091151,27.8502255972941 85.5509752339638,27.8502094149727 85.5509811313214,27.8502060092456 85.5509958516659,27.8501992285196 85.5510097927058,27.8501777020106 85.5510117776973,27.8501751221071 85.5510035006145,27.8501730992158 85.5510139009757,27.8501621406469 85.5510248011402,27.8501492513715 85.5510338315492,27.8501302740349 85.551040819347,27.8501182105837 85.5510457875829,27.8501113274253 85.5510527292838,27.850102731159 85.5510567914502,27.8500906369792 85.5510571693137,27.8500890551232 85.5510636294375,27.8500898418799 85.5510686091941,27.8500820919242 85.5510689433735,27.850056954828 85.5510672119011,27.8500404652112 85.5510645858846,27.8500178977769 85.5510725373562,27.8500067113623 85.551087499656,27.8499817278999 85.5510925139751,27.8499713775536 85.5510968757334,27.8499367466645 85.5510941460039,27.8499219803984 85.5510886750235,27.8498933146625 85.5510919463402,27.8498673414954 85.5510970297918,27.8498517903698 85.5511139079078,27.8498294277766 85.5511250384828,27.8497992025614 85.551094419551,27.8497546681972 85.5510964391016,27.8497494879026 85.5511043675032,27.8497400350778 85.5511073737819,27.8497339982285 85.5511036458029,27.8497209553133 85.5510891329464,27.8497121337174 85.551078520915,27.849703353089 85.5510739329668,27.8496816319661 85.5510623457341,27.8496728410943 85.551052743484,27.8496614703169 85.5510589173681,27.8496372614698 85.551059067171,27.8496259931157 85.5510582302455,27.8496155813157 85.55105746246,27.8495999687368 85.5510538612472,27.8495773910591 85.5510539073405,27.8495739238732 85.5510561343083,27.8495531412423 85.5510572247453,27.8495444835198 85.5510437793067,27.8495287377904 85.5510292895272,27.8495181825962 85.5510246900714,27.8494973282683 85.5510200099525,27.8494825415156 85.5510123581299,27.849471191221 85.5510114288486,27.8494706613102 85.5510113944499,27.8494703141819 85.551009870416,27.8494382222271 85.551001312536,27.8494216609105 85.5509908503476,27.8494016119221 85.5509764873519,27.8493815219618 85.5509514662775,27.849356118549 85.5509437305561,27.8493519638293 85.5509360358995,27.8493429527136 85.550930369072,27.8493290225116 85.5509081238098,27.8493149181749 85.550886819182,27.8493034244675 85.5508723640212,27.8492902688689 85.5508568990879,27.8492797034146 85.55084236326,27.849272615388 85.5507676991708,27.8492397551343 85.5507531748799,27.8492318003023 85.5507386505912,27.8492238454689 85.5507280386349,27.8492150648157 85.550715430175,27.8492097308582 85.5507076631439,27.8492070485121 85.550692082979,27.8492051510041 85.5506833176957,27.8492041920046 85.5506725213274,27.8492092800894 85.5506666009638,27.8492144193982 85.5506646159829,27.8492169992974 85.5506548178663,27.849220364033 85.550635359949,27.8492166919456 85.5506295433218,27.8492140300854 85.550618896796,27.8492078498133 85.5506101776199,27.8492034236238 85.5505995310962,27.8491972433502 85.5505879208997,27.849190186034 85.550565641131,27.8491786820336 85.5505590106856,27.8491638747762 85.5505571640278,27.8491560531177 85.5505484563857,27.8491507601282 85.5505386928536,27.8491515244666 85.550524018737,27.8491548379638 85.5505132800039,27.8491555920545 85.5505073481086,27.8491615981526 85.5504897714432,27.8491631473152 85.5504721832497,27.8491655632719 85.5504594941142,27.8491662968658 85.5504448199936,27.8491696103543 85.5504340582027,27.8491720980314 85.550424363837,27.8491676615839 85.5504127997684,27.8491571370684 85.5504070523196,27.8491492744214 85.5504071330173,27.8491432068474 85.5504141899835,27.8491259426488 85.5504191351533,27.8491207931044 85.5504232204036,27.8491069653503 85.5504272134283,27.8491000719664 85.5504371844597,27.8490837053022 85.5504353262839,27.8490767504387 85.5504324352686,27.8490741193102 85.5504168436006,27.8490730885683 85.5504110039304,27.8490721602919 85.5504080783312,27.8490721295518 85.5503983032774,27.8490737606768 85.5503866124089,27.8490727709186 85.5503759428542,27.8490683242212 85.5503701954126,27.8490604615728 85.5503732478246,27.8490509575547 85.5503773100207,27.8490388633945 85.5503794909876,27.8490215479626 85.5503805468856,27.8490154906354 85.5503776904584,27.849010259117 85.550371186861,27.8489859170924 85.5503673898216,27.8489780749379 85.5503616539136,27.848969345493 85.5503549428077,27.8489606058009 85.5503347172668,27.848941321093 85.5503134358326,27.848928093709 85.5503019179154,27.8489141020001 85.5502932333632,27.8489070754029 85.5502884265466,27.8489018233878 85.5502816808634,27.8488956840812 85.5502709075676,27.8488990385428 85.5502580685818,27.8489110404706 85.5502482243644,27.848917872363 85.5502442659242,27.848922165353 85.5502344101755,27.8489298640406 85.5502323906016,27.8489350443222 85.5502303018502,27.8489454253813 85.5502272148406,27.8489575297848 85.5502183227565,27.8489661055152 85.550203694776,27.8489659517941 85.5501872201675,27.8489579764089 85.550182586303,27.8489397224469 85.5501778602002,27.8489284028546 85.5501850555453,27.8489007371133 85.550186065333,27.8488981469728 85.5501852630832,27.8488851347811 85.5501795848442,27.8488720713482 85.5501757417026,27.8488676963739 85.5501590826295,27.8488735897255 85.5501464281179,27.8488717229031 85.5501397055053,27.8488638499975 85.5501222211281,27.8488584647453 85.5501104380426,27.8488644093342 85.5501064450076,27.8488713027088 85.5500826597477,27.8488996610103 85.5500716673611,27.8489194845836 85.5500656432091,27.8489324250319 85.5500564743725,27.8489618038597 85.5500552570239,27.8489799963301 85.5500558978249,27.8490051436681 85.5500359326003,27.8490396105292 85.5499937453393,27.8490582393163 85.5499689617448,27.8490883209374 85.5499637743894,27.8491116731834 85.5499546516356,27.8491375848176 85.5499278714825,27.8491711131144 85.5499170174244,27.8491805351194 85.5499185180716,27.8492143606673 85.5499174621456,27.8492204179897 85.549876030878,27.8492555261124 85.5498651652742,27.8492658149088 85.5498492852689,27.8492864540032 85.5498412760671,27.8493019743259 85.5498292853258,27.8493235212168 85.549823214989,27.8493399288359 85.5498044439578,27.8493579367833 85.5497917086653,27.8493621374988 85.549771137155,27.8493688565907 85.5497661573435,27.8493766064981 85.5497727184905,27.8493966145657 85.549781368445,27.8494062415834 85.5497870351269,27.849420171827 85.5497856216581,27.8494530998241 85.5497845080551,27.8494634911249 85.5497763950293,27.8494868126066 85.5497516920089,27.849510826609 85.5497416170312,27.849534994381 85.5497324941851,27.8495609059956 85.5497195743235,27.8495789754388 85.5497004918125,27.84962038686 85.5496945483135,27.849627259716 85.5496826843816,27.8496392718354 85.5496774853991,27.8496634908614 85.549675327372,27.8496790726841 85.5496671797017,27.8497049945449 85.5496572546339,27.8497178939617 85.5496297758685,27.8497306088349 85.5496190255408,27.8497322296494 85.5495945300588,27.8497406412933 85.5495972019055,27.849759741561 85.5495872422191,27.8497752413599 85.5495754013292,27.8497855198769 85.549559475049,27.849809626115 85.5495377898085,27.8498267364654 85.5495239754247,27.849838728063 85.5495120653078,27.8498542073491 85.5495040329417,27.8498714612393 85.5494920997465,27.849888674115 85.5494821631048,27.8499024403133 85.5494683025609,27.8499178990879 85.5494486138434,27.8499315627467 85.5494462481237,27.8499627468884 85.5494438824023,27.8499939310298 85.5494395431906,27.8500268282549 85.5494313492891,27.8500562172806 85.5494249212154,27.8500994955462 85.5494129649081,27.8501184420047 85.5493735873802,27.8501457692994 85.5493559413236,27.8501525190852 85.5493398534173,27.8501887604333 85.5493396226725,27.8502060963481 85.5493410193038,27.8502477230528 85.5493447124728,27.8502633663946 85.549346054158,27.8502731967085 85.5493181510561,27.8502804254314 85.5492849939142,27.8502800767632 85.5492675093605,27.8502746913967 85.5492266197703,27.8502690598987 85.5492168676711,27.8502689573436 85.5491971557814,27.8502843545536 85.549180952416,27.8503292638363 85.5491703926052,27.8503898369737 85.5491662148321,27.8504105990456 85.5491543738324,27.8504208775214 85.5491132995687,27.8504291147181 85.5490896867893,27.8504444708854 85.5490758953558,27.850454728841 85.5490383988072,27.8504872773176 85.5490303201566,27.8505079983564 85.5489848833952,27.8505508663079 85.5489514261228,27.8505730542408 85.5489474329484,27.8505799475749 85.5489354072593,27.8506040947588 85.5488960986827,27.850626221131 85.5488628260294,27.8506345403125 85.5488274182807,27.8506567076966 85.5487996737237,27.850689358686 85.5487799155313,27.8507082230122 85.5487328282605,27.8507285336735 85.5486995093946,27.8507403199955 85.5486643093511,27.8507468850175 85.5486447358139,27.8507518805963 85.5486407887857,27.8507553067389 85.5486619202929,27.8507798027238 85.5487029716325,27.850773299259 85.5487712827966,27.8507705502144 85.5488124033779,27.850758845944 85.5488473085632,27.8507422575474 85.5488907090367,27.8507379967197</coordinates></LinearRing></outerBoundaryIs></Polygon></MultiGeometry>
  </Placemark>
  <Placemark>
	<Style><LineStyle><color>ff0000ff</color></LineStyle><PolyStyle><fill>0</fill></PolyStyle></Style>
	<ExtendedData><SchemaData schemaUrl="#river_terrace_Oct2021">
		<SimpleData name="layer">Fan terrace</SimpleData>
	</SchemaData></ExtendedData>
      <MultiGeometry><Polygon><outerBoundaryIs><LinearRing><coordinates>85.545030989095,27.8758554257909 85.5450979340459,27.8758588381077 85.5451433860602,27.8758755529149 85.5452130502551,27.8759033466436 85.5452894905423,27.8758798004221 85.5453899622364,27.8758808604745 85.5454636109001,27.8758383436548 85.5455002544853,27.8758306126424 85.5455862621664,27.8757746968164 85.5456630637005,27.8757240955526 85.5457637882364,27.8757062169465 85.5458215632209,27.8757122380523 85.5459252961833,27.8756970969219 85.5460141313486,27.8756574458249 85.5461209449592,27.8756396311684 85.5462032934307,27.8756296760528 85.5462648355149,27.8755816194036 85.5463170270335,27.8755496993245 85.5463690740298,27.8755286011595 85.546390711251,27.8755044765014 85.5464491002336,27.8754645041157 85.546492230126,27.8754270767039 85.5465230732928,27.8753976373452 85.5465417381065,27.8753680695965 85.5465543859795,27.875333026686 85.5465419073438,27.8753054982551 85.5465441994778,27.8752977430587 85.5465537070793,27.8752384618037 85.5465680607923,27.8752177639497 85.5465808802663,27.8752074961257 85.5465878818603,27.8751945662306 85.5465834906973,27.8751581095731 85.5465808305437,27.8751381425199 85.5465791689648,27.8751164521661 85.5465785059601,27.8750930385118 85.5465836376836,27.8750740205104 85.5465819645333,27.875053196948 85.5465843319603,27.875022013017 85.546596499971,27.874987464744 85.5466155075528,27.8749521216538 85.5466422838451,27.874919461192 85.5466629877051,27.8749032080734 85.5466827045593,27.8748878114612 85.5466888348232,27.8748670701528 85.5466997959477,27.8748498474188 85.5467011069136,27.8748247207433 85.5466966463,27.8747934648364 85.5466834415469,27.8747595160193 85.546692868334,27.8747110682228 85.5467081592449,27.8746618153225 85.5467185267274,27.8746159781793 85.5467296729384,27.8745848867745 85.5467457541227,27.8745495128161 85.5467605243512,27.8745392655332 85.5467878362826,27.8745395534013 85.5468280254287,27.8745252394536 85.5468351079292,27.8745062419999 85.5468382424485,27.8744906705905 85.5468230405556,27.8744601683909 85.5467970627172,27.8744330202682 85.5467787725968,27.8744146223057 85.5467596458925,27.8743858125594 85.5467472430426,27.8743648759042 85.5467436074468,27.8743448985704 85.5467437347131,27.8743353638616 85.5467448374035,27.874325839434 85.546745928524,27.874317181798 85.5467509791884,27.8743042313279 85.5467550659973,27.8742904037847 85.5467573292222,27.8742670209704 85.546759384195,27.8742592404069 85.5467653524311,27.8742506341756 85.5467684406736,27.8742385299343 85.5467686604924,27.8742220608914 85.546767766055,27.8742159830683 85.5467669757423,27.8742021041197 85.5467680668594,27.8741934464833 85.5467626134668,27.8741634804827 85.5467670780701,27.8741578926007 85.5467696091818,27.874150983969 85.5467725932964,27.874146680853 85.5467791302211,27.8741320122189 85.5467783919689,27.8741142327072 85.5467791515578,27.8740938682415 85.546781345356,27.8740756861763 85.546784875025,27.8740670542415 85.5467918591616,27.8740554245179 85.5467967883315,27.8740515753585 85.5468047363186,27.8740408227066 85.5468029127347,27.8740312674359 85.5467966766162,27.8740233994858 85.5467933436247,27.874017295961 85.5467895113537,27.8740120540876 85.5467793851212,27.8740032782221 85.5467774747708,27.8740002238893 85.5467770217679,27.8739976183736 85.5467800058777,27.8739933152572 85.546782966849,27.8739907457242 85.5467962854332,27.8739796162207 85.5467954025647,27.8739726716059 85.546795645515,27.8739544689786 85.5467977583234,27.8739423544551 85.5467988841415,27.8739310964426 85.5468048754933,27.8739207566248 85.5468138625187,27.8739052468975 85.5468188437407,27.8738974971739 85.5468218741212,27.8738897268891 85.5468240216315,27.8738750119895 85.5468289912824,27.8738681290571 85.546835005765,27.8738560556541 85.5468166925926,27.8738393912822 85.5468099109291,27.8738358521516 85.5468021538463,27.8738323027401 85.5467964517244,27.8738209727632 85.5467879274663,27.8738018108181 85.5467772904047,27.8737947633962 85.5467636576709,27.8737928858817 85.5467519063605,27.8737962296784 85.5467350234236,27.873818591488 85.5467221694246,27.8738314597103 85.5466966581038,27.8738424606913 85.5466771149972,27.8738448554388 85.5466567121711,27.8738385719846 85.5466421502957,27.8738332170095 85.5466178342249,27.8738277592145 85.5466011826672,27.873832785172 85.5465873763726,27.8738439095157 85.5465705975324,27.8738584701781 85.546556849086,27.87386526056 85.5465362611267,27.873872845755 85.5465166370135,27.8738813080212 85.5464901965275,27.8738888315134 85.5464725695349,27.8738938471719 85.5464529685568,27.8739005758454 85.5464188288481,27.873900215934 85.5464042669774,27.873894860934 85.5463849553029,27.8738799198069 85.5463685351761,27.8738676099031 85.5463569574346,27.873857951791 85.5463405604596,27.8738439083009 85.5463270434566,27.8738333628272 85.546308626213,27.8738244995153 85.5462920325083,27.8738251914769 85.546270434401,27.8738353667225 85.5462674734226,27.8738379362443 85.5462252294674,27.8738600305916 85.5462104824338,27.8738685442366 85.5461869797662,27.8738752317326 85.5461486721839,27.8738947668203 85.546128037896,27.8739058191192 85.5460966276827,27.8739202254398 85.5460638253454,27.8739658259609 85.5460538627892,27.873981325349 85.546029989683,27.8740157501441 85.5460014709628,27.8740327876738 85.5459789668207,27.8740377518358 85.5459358051899,27.874055501845 85.545920907619,27.8740752837455 85.5458855261856,27.8740948496156 85.5458455802009,27.8740909606715 85.5458097674456,27.8740697770391 85.5457933010512,27.874060934234 85.5455171294411,27.87406755722 85.5454909320189,27.8740568778995 85.5454597995976,27.8740504810798 85.5454443433972,27.8740390481506 85.5454141748251,27.8740335284024 85.5453936446632,27.8740367794663 85.545345814292,27.8740388755923 85.5453059146784,27.8740315193285 85.5452719949893,27.8740146900993 85.5452389812426,27.8740030719007 85.5451834285941,27.8739990180991 85.5451318471269,27.8739898046982 85.5450928998037,27.8739841922486 85.5450605951014,27.8739925204965 85.5450229383806,27.8740363357051 85.5449953370111,27.874057717269 85.5449716488993,27.8740782732102 85.5449471359471,27.8740875505696 85.5449188255621,27.8740889856294 85.5448827118064,27.8740903383296 85.544849373714,27.8741029901869 85.5448336395398,27.8741123601755 85.5448196824329,27.8741347526164 85.5448098123669,27.874143317579 85.5447969581087,27.8741561856112 85.5447977713397,27.8741683309797 85.5448160031485,27.8741910631464 85.5448176991246,27.8742101531374 85.5447948473471,27.8742411208317 85.5447840829431,27.8742436079602 85.5447801349116,27.8742470339441 85.544769104044,27.8742694572635 85.5447656448481,27.8743092987619 85.5447504573954,27.8743507502992 85.5447353973728,27.874382667134 85.5447125802917,27.8744110344389 85.5446851641431,27.8744185472791 85.5446559361783,27.8744156380312 85.5446179641589,27.8744100357388 85.5445799689699,27.8744061670178 85.5445487901645,27.8744032371544 85.5445331486198,27.8744056727789 85.5445200625496,27.8744358765992 85.5444887794491,27.8744407478394 85.5444633952432,27.8744422136931 85.5444360601883,27.8744436589472 85.5444124877708,27.8744555468761 85.5443810655986,27.8744708195808 85.5443652502113,27.8744862570473 85.5443531279206,27.8745173379381 85.5443166084051,27.8745490281605 85.5442784972887,27.8745538272624 85.5442316768814,27.8745533329187 85.5441896176998,27.8745615579626 85.544169796259,27.8745847553239 85.5441547708048,27.8746140717145 85.5441482923659,27.8746608166131 85.5441412209822,27.8746789471195 85.5441407689507,27.8747127519552 85.5441675477373,27.8747529127144 85.5441819009747,27.8747738701823 85.5442185383755,27.8748063328102 85.544230732156,27.8748428719073 85.5442341239118,27.8748810518933 85.5442522166344,27.8749141856204 85.5442819565641,27.8749517768845 85.5442867178126,27.8749604962851 85.5443061220846,27.8749685033747 85.5443410752778,27.8749810091899 85.5443633363115,27.874994247911 85.5443748096845,27.8750117073033 85.5443842394919,27.8750360804242 85.5443878978462,27.8750543242213 85.5443954926871,27.8750700088384 85.5444138867914,27.8750806059879 85.5444323040761,27.8750894695536 85.544447656014,27.8751087037128 85.5444533463595,27.8751209005687 85.5444472504227,27.8751390413881 85.5444303088621,27.8751657368389 85.5444302277427,27.8751718043738 85.5444405866522,27.875199654952 85.5444434202381,27.8752066201709 85.5444635450556,27.8752337069336 85.5444846800788,27.875258203619 85.5445251383428,27.8752967748977 85.5445424759522,27.8753134292696 85.5445743407638,27.8753380392094 85.5445827836214,27.8753632688123 85.5445911106096,27.8753971663222 85.5445916573119,27.8754292478764 85.5445973013397,27.8754449118901 85.5446304197236,27.8754487291372 85.5446449817023,27.8754540843281 85.544670366144,27.8754526184499 85.5446957505852,27.8754511525671 85.5447200900747,27.8754548771284 85.5447213167048,27.8754552882183 85.5447360870652,27.8754789042182 85.5447539929424,27.8755061518496 85.5447624396023,27.8755576524104 85.5447918729268,27.875633727251 85.5447855306104,27.8756526013543 85.5447728098076,27.8756930550416 85.5447725566666,27.8757119934141 85.5447875264847,27.8757310924616 85.5447885160223,27.8757325982504 85.5448011729046,27.8757352952904 85.5448207638625,27.8757503843135 85.54483723791,27.875770852164 85.5448466532642,27.8757904969516 85.5448535311579,27.8758048474219 85.5448819643995,27.8758107778948 85.5448945246972,27.8758133976631 85.5449161658861,27.8758195657558 85.5449339597871,27.8758246373084 85.5449871678792,27.8758306105669 85.5450090417282,27.875839440041 85.545030989095,27.8758554257909</coordinates></LinearRing></outerBoundaryIs></Polygon></MultiGeometry>
  </Placemark>
  <Placemark>
	<Style><LineStyle><color>ff0000ff</color></LineStyle><PolyStyle><fill>0</fill></PolyStyle></Style>
	<ExtendedData><SchemaData schemaUrl="#river_terrace_Oct2021">
		<SimpleData name="layer">Fan terrace</SimpleData>
	</SchemaData></ExtendedData>
      <MultiGeometry><Polygon><outerBoundaryIs><LinearRing><coordinates>85.5431305743667,27.8666553922185 85.543071821229,27.8666721097849 85.5430402511246,27.866684336109 85.5430342452489,27.8666934240085 85.5430023977279,27.8667136663544 85.542988182067,27.866722701856 85.5429727070209,27.8667414794119 85.5429387849631,27.8667735913855 85.5429291452135,27.8668113716495 85.5429195054567,27.8668491519124 85.5428975435397,27.8668976254379 85.5428789155194,27.8669244872628 85.5428812721268,27.8669759236064 85.5428837011286,27.8670219489838 85.5427977354703,27.8670751579191 85.5427393860691,27.8671124234423 85.5426204030706,27.8671301071025 85.5425899233817,27.8671324908458 85.5425501658255,27.8671455999871 85.5425102634356,27.8671695310462 85.5424610831486,27.8672041874911 85.5424543789179,27.867250116336 85.5424509000728,27.8672825499462 85.5424383243731,27.8673121815407 85.5424105993132,27.8673362412779 85.5423980960143,27.8673604619034 85.5423852306133,27.8674117373493 85.5423665661657,27.8674413045771 85.5423455888189,27.8674708063673 85.5423099398943,27.8674754895487 85.5422961920279,27.8674822795322 85.5422764527712,27.867499409142 85.5422625656759,27.867516600612 85.5422545307447,27.8675338539441 85.5422386697139,27.8675527583717 85.5422165620259,27.8676010718197 85.5421694197726,27.867624847031 85.5421615472579,27.8676299652857 85.5421330671935,27.8676341548578 85.5421050433763,27.8676441856905 85.542056116273,27.8676599036039 85.5420256364288,27.8676622872162 85.5420135849182,27.8676591745075 85.5419710190049,27.8676481804265 85.5419376034643,27.8676424153862 85.541908782743,27.8676472217203 85.5419008175676,27.8676609674814 85.5418822253907,27.8676851236731 85.5418452221294,27.8677199086409 85.5417962225089,27.8677410374218 85.5417733931339,27.867750881505 85.5417716140156,27.8677597182493 85.5417742599015,27.8677895107363 85.5417737527453,27.8678273874741 85.5417457375987,27.8678730909151 85.5417116699164,27.8679160244791 85.5416987316619,27.8679727108043 85.5416650262129,27.8679885895437 85.5416039576402,27.8680014730236 85.5415491951857,27.8679981879868 85.5415032397569,27.868019348854 85.5414907724071,27.8680408639035 85.5414385832669,27.8680727822718 85.5413805589981,27.8680856978504 85.5413222810567,27.8681175517683 85.5412975636846,27.8681443489456 85.5412909313649,27.868184866746 85.5412723027231,27.8682117283256 85.5412596903493,27.868244065273 85.5412713605201,27.8682820708184 85.5412799863184,27.8683200441586 85.5412699472091,27.8683875845562 85.5412846617793,27.8684256223052 85.5412996300267,27.8684447216897 85.5413298564367,27.8684612766105 85.5413694334286,27.86846169525 85.5413998410334,27.8684647227533 85.5414548935893,27.8684463640129 85.5414795022952,27.8684276832517 85.5415040022935,27.8684171189278 85.5415405711215,27.8684147998373 85.5415831562521,27.8684179560944 85.5416312451722,27.8684056877876 85.5416399414416,27.8684098734474 85.54166892394,27.8684309858734 85.5416882920399,27.8684415936588 85.541742843082,27.8684473720261 85.5417564286145,27.8684527171719 85.5417952576934,27.8684669983923 85.5418087503825,27.8684792778575 85.5418301156686,27.8684864390897 85.5418493909489,27.8685039811778 85.5418726373492,27.8685163637747 85.5418919590634,27.868530438695 85.5419150197903,27.8685566899342 85.5419401009,27.8685777610528 85.5419848054834,27.8685903705199 85.5420059851308,27.8686114003756 85.5420135792173,27.8686270851079 85.5420445125904,27.8686482180846 85.5420580749553,27.8686552967833 85.5420678054609,27.8686571334879 85.5420833417794,27.8686624992275 85.5420949998214,27.8686660901358 85.5421046607058,27.8686731275816 85.5421217300392,27.8687097184039 85.5421450461366,27.8687169002135 85.5421548230631,27.8687152697496 85.5421586549305,27.8687205117402 85.5421623011442,27.868739622381 85.5421676660366,27.8687760894579 85.5421674107625,27.8687951588519 85.5421770484563,27.8688039298744 85.5421925151823,27.8688144963465 85.5422371966891,27.8688288393174 85.5422760491744,27.8688413868278 85.5422892170962,27.868877936388 85.5422982978929,27.8689283133549 85.5423017352936,27.8689630262247 85.5423074251062,27.8689752231584 85.5422971840605,27.8690115252588 85.5423009463302,27.8690219679899 85.5423125348041,27.8690307596253 85.5423260508253,27.8690413054624 85.5423453958953,27.8690536467426 85.5423725903786,27.8690626033399 85.5423763294535,27.8690747796505 85.542364485727,27.8690850574151 85.542356520296,27.8690971100015 85.5423563114597,27.8691127122336 85.5423619548776,27.8691283763281 85.5423636503856,27.8691474663435 85.54236931701,27.8691613968564 85.5423475570821,27.8691837065844 85.5423490437496,27.8692183988317 85.5423486492768,27.8692478697139 85.5423543623124,27.8692583330647 85.5423638840407,27.8692757719822 85.542373382568,27.8692949444804 85.542375147691,27.8693088337516 85.5423690865904,27.8693243741211 85.5423748228356,27.8693331038899 85.5423883156955,27.8693453833034 85.5423998113956,27.8693611092579 85.5423996025631,27.8693767114897 85.5423993473232,27.8693957808841 85.5423990688794,27.8694165838597 85.5423968860857,27.8694338990522 85.5423889670385,27.8694424844765 85.5423808623581,27.8694649385505 85.5423827202998,27.8694718934963 85.5423864825915,27.8694823362253 85.5424077552992,27.8694964317011 85.5424153959073,27.8695086492513 85.5424211089618,27.8695191125997 85.5424344858331,27.8695400599159 85.5424486292619,27.8695766197725 85.5424495350326,27.8695818308263 85.5424549348541,27.869615697521 85.5424547376288,27.8696304329619 85.542449361861,27.8696676534099 85.5424453327211,27.869677146867 85.5424274510201,27.8697012314239 85.5424116012863,27.8697192690642 85.5423967965405,27.8697321162691 85.5423818293614,27.8697570985408 85.5423746768302,27.8697812965041 85.5423723780002,27.8698072796008 85.5423740967193,27.8698246360337 85.5423747472389,27.8698489164806 85.5423804254991,27.8698619802025 85.5423997939211,27.8698725878982 85.5424074229506,27.8698856722398 85.5423771984878,27.8699573065452 85.5423623472949,27.8699736209069 85.5423181301692,27.8699974270554 85.5423071224823,27.8700181166071 85.5423370229007,27.8700435731728 85.5423447447541,27.8700497231933 85.5423622668586,27.8700525091585 85.5424029893434,27.8700711448034 85.5424065080109,27.8700997901337 85.5424013410348,27.8701214083457 85.5423894052063,27.870139831834 85.5423791368398,27.8701418901134 85.5423348658184,27.8701508926496 85.542307411602,27.8701546612206 85.5422950346831,27.8701694126307 85.5422932770616,27.870186982165 85.542285394355,27.8702071928118 85.5422714589929,27.870224633608 85.5422575055177,27.8702434271432 85.5422632322175,27.8702705463218 85.5422674548102,27.8702962966674 85.5422579231111,27.8703259604025 85.5422546613696,27.8703421611027 85.5422558033062,27.8703705847442 85.5422370658425,27.8704055628832 85.5422488995333,27.8704313936925 85.542247160007,27.8704476104847 85.5422377369411,27.8704691577747 85.5422161904316,27.870486518099 85.542212983006,27.8704986605763 85.5422035961475,27.8705175023827 85.5421972537288,27.8705363763748 85.5422046294137,27.8705540424656 85.5422118240069,27.8705852359596 85.5422009692461,27.8706000034511 85.5421946087118,27.870620230183 85.5422080008553,27.8706433716082 85.5422383547714,27.8706504571706 85.5422564946874,27.8706601194664 85.5422868486118,27.8706672050185 85.5423095733142,27.8706755628442 85.5423200840143,27.8706864974116 85.5423548959761,27.8707017476675 85.5423973552835,27.87071437289 85.5424458129659,27.8707338261648 85.5424729957317,27.8707503486791 85.5424972245858,27.8707600753057 85.5425199131138,27.8707711385789 85.5425562473578,27.8707864048757 85.5425973293367,27.8707881920248 85.5426414919768,27.8707873058576 85.54267818832,27.8707755173113 85.5427028878894,27.8707500726467 85.5427412150564,27.8707301837267 85.5427855405955,27.8707171228465 85.5427963771893,27.8707037080473 85.5428255709795,27.8706837225818 85.5428546561501,27.8706718535539 85.5428715273221,27.8706625613146 85.5429052877584,27.8706426240887 85.5429327420837,27.8706388554028 85.5429541980145,27.8706282586676 85.5429811051115,27.8706186276612 85.5429984872899,27.8706179031977 85.5430212844401,27.8706208499445 85.5430503333762,27.8706116863555 85.5430838403855,27.8706106874561 85.5431158613677,27.8706069669836 85.5431479909348,27.8705951300581 85.5431845423853,27.8705941632995 85.5432181036803,27.8705891061443 85.5432562135449,27.8705854499668 85.5432881259395,27.8705898458997 85.5433292078669,27.8705916328284 85.5433749107506,27.8705894097627 85.5434006256918,27.8706018577949 85.543446220015,27.8706077511522 85.543484167039,27.8706162695816 85.5435082512161,27.870636817962 85.5435447303105,27.870641262073 85.5435811732234,27.8706484116567 85.5435962688184,27.8706580416246 85.5436372422304,27.8706679449098 85.5436828185065,27.8706751909315 85.5436994001572,27.870687542448 85.543709929094,27.8706971241736 85.5437295913826,27.8707068023574 85.5437629175205,27.8707193307064 85.5437719242408,27.8707288963514 85.5437870017745,27.8707398790407 85.5438127891598,27.8707469160337 85.543838377566,27.8707688331763 85.543880855182,27.870780105208 85.5439034895999,27.870795226483 85.5439263049069,27.8707968203409 85.5439505158254,27.8708078994587 85.5439822836198,27.8708231171654 85.5440093400441,27.8708491085759 85.5440563482199,27.8708631342582 85.5440988982428,27.8708689952591 85.5441263656003,27.8708669628919 85.5441696876429,27.8708717645873 85.5441969754466,27.8708737865161 85.5442359795459,27.8708750652215 85.5442729285734,27.8708841244417 85.54430507017,27.8708879314189 85.5443372233562,27.8708908715975 85.544376111597,27.8709008181757 85.5443924151886,27.8709217962088 85.5444166030351,27.8709367890733 85.5444478735373,27.8709327846003 85.5444547476318,27.8709293895088 85.5444762526173,27.8709261488582 85.5445075347006,27.8709212775802 85.5445631668432,27.8709192640564 85.5446411403401,27.8709244216244 85.5446663731237,27.8709342239934 85.5448213563541,27.870943661885 85.5448359409175,27.8709472834539 85.5448671187483,27.8709502132165 85.5449131359653,27.8709376951216 85.544931656851,27.8709387574778 85.5449491444327,27.8709441434961 85.5450202902238,27.870949228802 85.5450378125568,27.8709520144348 85.5451745644833,27.8709387198014 85.5451999710272,27.8709355202016 85.5452351315013,27.870932423504 85.5452733571095,27.8709189561698 85.5452831573584,27.8709155919071 85.5453106188952,27.8709046117429 85.5453525955288,27.8709024538372 85.5453916112464,27.8709028654249 85.5454083897629,27.8708883048886 85.5454104100201,27.8708831247177 85.545420395518,27.8708658917789 85.5454713938096,27.8708456238154 85.5454909479708,27.8708423624268 85.5455280360396,27.870841019814 85.5455592254437,27.8708430826281 85.5455787796024,27.8708398212269 85.5456376273003,27.8708161683388 85.5456827500261,27.8707975721512 85.5457296614572,27.8707911316072 85.5457687928983,27.870782875169 85.545804022766,27.870774577573 85.5459074143187,27.8707756679132 85.5459601086377,27.8707744897561 85.5460030953311,27.8707697415597 85.5462068332243,27.8707077381244 85.5462242282641,27.8707200583178 85.5462476145207,27.8707220387062 85.5462807546957,27.8707241219231 85.54632374136,27.8707193736255 85.5465089385269,27.8707308619647 85.5465581708971,27.8706967043522 85.5466061270522,27.8706850730348 85.5466470703595,27.8706872384104 85.5466839617139,27.8707006309504 85.5466837997568,27.8707127660404 85.5466806075083,27.8707326714185 85.5466773921215,27.8707543103806 85.5466820955563,27.8707673636646 85.5467023127249,27.8707875157703 85.546772471579,27.8707934566831 85.5468242599242,27.8707870671627 85.5468596285297,27.8707683677876 85.5469064589313,27.8707679943855 85.5469642384069,27.8707512649776 85.5469739923297,27.870751367761 85.5469965188794,27.8707446698223 85.5470289150047,27.8707294067367 85.5470611029445,27.8707297459041 85.5470962401915,27.8707283823119 85.5471537305046,27.8707333226304 85.5471702312205,27.8707395648852 85.5471984366462,27.8707459304594 85.547231773446,27.8707332779787 85.5472759783156,27.8707103370195 85.5473152252645,27.8706934122128 85.5473719367507,27.8706836066933 85.5474551341146,27.8706628102727 85.5474630413075,27.8706550913395 85.5474808064728,27.8706396740209 85.5474926961611,27.8706259286373 85.5475261253855,27.8706063417428 85.5475398733547,27.8705995512433 85.5475574766411,27.8705962690088 85.547590720868,27.8705905507778 85.5475976988991,27.8705793543923 85.5476038865135,27.8705542790524 85.5476107489318,27.8705517505912 85.5476399990943,27.8705529255929 85.5476778890506,27.8705645945585 85.5476982566577,27.8705734782212 85.5477313852721,27.8705764278813 85.5477489538707,27.8705757459997 85.5478230026768,27.8705825942586 85.5478298188556,27.8705835329568 85.5478444612819,27.8705828202465 85.5478765798372,27.8705883599777 85.547901905333,27.8705912274219 85.5479272308304,27.8705940948615 85.5479574564023,27.8705952800679 85.5479760350693,27.8705920080508 85.5480172673307,27.8705725032025 85.5480379239074,27.8705597169991 85.5480711912177,27.8705522650655 85.5480887366982,27.8705533167258 85.5480954835358,27.8705594561671 85.5481138657259,27.870570919607 85.5481381811646,27.8705763771159 85.5481722505188,27.8705819373187 85.54818681205,27.8705872921211 85.5482044037627,27.870584876596 85.5482102907792,27.8705823378349 85.5482543105021,27.8705732652356 85.5482806229546,27.8705752760869 85.5482981337757,27.8705789280991 85.5483097344731,27.8705868524604 85.5483262236848,27.8705939613714 85.5483486114682,27.8705976647208 85.5483622785042,27.8705969416868 85.5483710685826,27.8705961673097 85.548390645741,27.870591171919 85.5483907035146,27.870586837955 85.5483869752701,27.8705737949898 85.5483783700706,27.870560700683 85.5483668964744,27.8705432416066 85.5483515675383,27.8705222742841 85.5483539458541,27.8704902234871 85.5483432974436,27.870484042984 85.5483248574662,27.8704769135381 85.5483094938812,27.8704585465898 85.5482902865185,27.8704358046005 85.5482710560524,27.8704147961943 85.5482287860319,27.8703658039551 85.5481939031384,27.8703480984002 85.5481841492465,27.8703479957044 85.5481412783489,27.8703440766636 85.5480752061451,27.8703243088532 85.5480463143119,27.8702962633719 85.5480196506508,27.8702474354013 85.547993125705,27.8701882059137 85.5479601474515,27.8701739880155 85.5479389200881,27.8701564261948 85.5478906130597,27.8701212409148 85.5478579353674,27.8700844863837 85.5478407482902,27.8700565641243 85.5478196365589,27.8700303343599 85.5477748843882,27.8700211939101 85.5477573043198,27.870022742591 85.5477377041208,27.8700294714802 85.547680877403,27.8700479450913 85.5476338738941,27.8700613206572 85.5475985056475,27.8700800202465 85.5475691515635,27.8700866463738 85.547541678882,27.8700984937982 85.5474964411239,27.8701257585443 85.5474200140802,27.8701509608946 85.5473806517202,27.8701765536652 85.5473549216417,27.8702040238655 85.5473392229379,27.8702107937973 85.5473077561455,27.8702295344101 85.5472821185432,27.8702500702559 85.5472622870056,27.870274134923 85.5472387389257,27.8702842898032 85.5472171878739,27.8702909980626 85.5472001315841,27.870309081918 85.5471590163338,27.8702978632449 85.5471284997097,27.8703029534475 85.5470764192964,27.8703267575016 85.547054999895,27.8703346494097 85.5470154221224,27.8703342323759 85.5469816444389,27.8703555233847 85.5469447500954,27.8703821932761 85.5469293834639,27.8703928548133 85.5469079279378,27.870403452184 85.5468803113103,27.8704193963581 85.5468373641308,27.8704432965661 85.5467642974085,27.8704425265307 85.5467275474098,27.8704583744157 85.546691014045,27.8704579893736 85.5466425195443,27.8704412430524 85.5465998611842,27.8704434992957 85.5465480333725,27.8704483647407 85.5464842805579,27.8704341633981 85.5464601416676,27.8704176737463 85.5464449916664,27.8704121023122 85.5464266888802,27.870414615241 85.5464055583338,27.870400863159 85.5463754028042,27.8703788983343 85.5463393028632,27.8703460473706 85.5463242612275,27.8703323594665 85.5463122279216,27.8703214091421 85.5462729752245,27.870296642524 85.546242675278,27.8702854996149 85.5462307864597,27.8702637273411 85.5462200166531,27.8702558827487 85.5462157087302,27.8702527449116 85.5461955976911,27.8702386566413 85.5461764922001,27.8702252727819 85.5461499648625,27.8702118077287 85.5461315480203,27.8701706815872 85.5460892509819,27.8701458828206 85.5460683011428,27.8701186032622 85.5460384708672,27.8700722889988 85.5460264014955,27.8700640441367 85.5459933100741,27.8700339306759 85.5459729382715,27.8699633633366 85.545955177426,27.8699252939233 85.5459311832309,27.8698979822432 85.5459198363986,27.8698356276634 85.5458929061821,27.8698001674173 85.5458748563764,27.8697837418785 85.5458695623094,27.8697241569895 85.5458672042906,27.8696727206611 85.545855279483,27.8696536538439 85.5458524156943,27.8696400943117 85.5458502955852,27.8696268000303 85.545854519757,27.8696229814748 85.5458724238561,27.86959716286 85.5458765800153,27.8695781345795 85.5458887938528,27.86954011916 85.5458871440183,27.8695175619973 85.5458854941842,27.8694950048346 85.5458840063884,27.8694603125839 85.5458885602886,27.8694330551173 85.5459227887556,27.8693864849568 85.5459203584617,27.8693404595976 85.5459330779874,27.869300005724 85.5459216228261,27.8692457675986 85.5459036453539,27.8692239310942 85.5458828763564,27.8691831240841 85.545883598865,27.8691290143702 85.545868665827,27.8691072099655 85.545853877299,27.8690745836166 85.5458607608817,27.8690151271394 85.5458460084933,27.868979795304 85.5458283200899,27.8689363149055 85.5458381035713,27.868887712476 85.5458413647296,27.8688715116659 85.5458421233752,27.8688146964648 85.5458091407502,27.8687764665135 85.5457801556428,27.8687483290677 85.545782716598,27.8687031294514 85.5457678558901,27.868675914066 85.545765606301,27.8686163612736 85.5457537177463,27.8685945889641 85.5457175101805,27.8685698543162 85.5457088105479,27.868537292167 85.5457002193069,27.8684966135601 85.5456614732135,27.8684339699917 85.5456591514217,27.8683798281695 85.5456446882169,27.8683228524294 85.5456084446337,27.8683008232418 85.5455935478891,27.8682763133255 85.5455664736157,27.8682516749693 85.5455513962256,27.8682406924771 85.5455275108847,27.8682052642812 85.5455216750503,27.8681862616605 85.5455164534789,27.8681212657836 85.5454835434378,27.8680776247917 85.5454566137748,27.8680421644735 85.5454508863637,27.8680150453933 85.545433162124,27.8679742704357 85.5454153656266,27.8679389064473 85.5454218518615,27.8679092103309 85.545465123509,27.8678609611579 85.5454717181258,27.8678231485809 85.5454753045001,27.8677825984063 85.5454757019679,27.8677528380631 85.5455098404215,27.867704492538 85.5455284679525,27.8676776303409 85.5455353154555,27.8676208793575 85.5455449905261,27.8675803933981 85.5455911979563,27.8675402927436 85.5456159141643,27.8675134947489 85.5456254446766,27.8674838307259 85.5456320030799,27.8674487236223 85.5456905323732,27.8673979294151 85.5458067960567,27.8673558616178 85.5458193347359,27.8673289351679 85.5458657586964,27.8672726014938 85.5458692726508,27.8672374622724 85.5458635090458,27.8672130486904 85.5458580344275,27.8671669912167 85.5459014139431,27.8671106254238 85.5459292465688,27.8670784484927 85.5459296439008,27.8670486881404 85.5459208720613,27.8670215369731 85.5459240608959,27.8670107471273 85.545933519033,27.8669864940493 85.5459462382369,27.8669460401505 85.5459312332228,27.86692964673 85.5459347471397,27.866894507504 85.5459349638639,27.8668782745841 85.5459236359612,27.8668692528348 85.5459260114305,27.8668646508502 85.5459265171222,27.866826774037 85.5459298504324,27.8668051622439 85.5459395252705,27.8667646762439 85.5459306812069,27.8667429360502 85.5459187566842,27.8667238692424 85.5459040767938,27.8666831264396 85.5458583394429,27.8666880558957 85.5458311571159,27.8666715340585 85.5457490321864,27.8666652563007 85.545715616701,27.8666594921792 85.5456915148694,27.8666402969338 85.545627475368,27.8666477391671 85.5456184146071,27.866642231874 85.5455973571354,27.8666230687197 85.5455487199819,27.866617144021 85.5455366148897,27.8666116046143 85.5455064966882,27.866586934148 85.5454853669846,27.86657318195 85.5454581847456,27.8665566600423 85.5454279220464,27.8665428115046 85.545410053496,27.8665128584897 85.5453891406211,27.866482873361 85.5453649304848,27.86647179452 85.5453345594166,27.8664660624213 85.5453134658941,27.8664496047124 85.545261639958,27.8664544697465 85.5452455962133,27.8664568876462 85.5452384111773,27.8664513796892 85.5452130635769,27.8664502453773 85.5451750363885,27.8664489772968 85.5451442419207,27.8664174435117 85.5451298895178,27.8663964861542 85.5451126110633,27.8663754979254 85.5451108803553,27.8663590082958 85.5451032396416,27.8663467908865 85.5450995813891,27.8663285470926 85.54510284323,27.8663034409924 85.5450991386634,27.8662886643667 85.5450924501493,27.8662781908311 85.545060251974,27.8662787180459 85.5450379578435,27.8662680798617 85.5450369709129,27.8662689363633 85.5450197619726,27.8662427473715 85.5450161037369,27.8662245035758 85.5450096005064,27.8662001613635 85.5449999280567,27.8661939909121 85.5449774834129,27.8661946210155 85.5449500230565,27.8662056011644 85.5449235727862,27.8662139912228 85.5448913977918,27.8662127848148 85.5448780323949,27.8661909709328 85.5448634832015,27.8661847490141 85.5448460890239,27.8661724286745 85.5448376698767,27.8661454654959 85.5448369956281,27.8661229186119 85.5448381910134,27.8661064598557 85.5448353923532,27.866096894268 85.5448238155472,27.8660872360532 85.5448064445515,27.8660731821251 85.5447929170519,27.8660635033237 85.5447564444294,27.8660189058258 85.5447468067549,27.8660101349817 85.5447214940115,27.8660064002075 85.5447038798238,27.8660105488988 85.5446793918647,27.8660180927052 85.5446549039023,27.8660256365071 85.5446157741191,27.8660338926963 85.5446011902146,27.8660302711269 85.5445789309307,27.866017032496 85.5445606772938,27.8659960339095 85.5445500874552,27.8659855191747 85.5445162398387,27.8659634890885 85.5445038035616,27.8659451526351 85.544492157301,27.8659406951453 85.5444580548681,27.8659377344671 85.5444406839447,27.8659236804954 85.5444300941248,27.865913165752 85.5444195506431,27.8658991838403 85.5443726991998,27.8659012900606 85.544349221347,27.8659062437281 85.5443276941879,27.8659112179823 85.5442946250436,27.8659039336005 85.5442801106794,27.8658951112472 85.5442714136473,27.8658889510427 85.5442617296833,27.8658836473337 85.5442529747264,27.8658818210872 85.5442355343265,27.8658729678417 85.5442307618591,27.8658651152353 85.5442241893103,27.865845973743 85.5442204385343,27.8658346642652 85.5442126821005,27.8658311147288 85.544205866257,27.8658301758636 85.5441980982382,27.8658274931182 85.5441854071416,27.8658282260578 85.544161975642,27.8658297125266 85.5441473686095,27.8658278244942 85.5441327847502,27.8658242028768 85.544116273371,27.8658188270807 85.544114287918,27.8658214068623 85.5441005519558,27.8658273302478 85.5440838667778,27.8658349563241 85.5440739742667,27.8658452548538 85.5440768307876,27.8658504864957 85.5440785845075,27.8658652425497 85.5440579747591,27.8658745610174 85.5440413127451,27.8658804535047 85.5440255102051,27.8658950242046 85.5440215045302,27.8659027841399 85.5440192757417,27.865923566546 85.5440044253655,27.865939881124 85.5439984689914,27.8659476204631 85.5439825969105,27.8659673919076 85.5439638335419,27.8659845320809 85.5439529424817,27.8659965538862 85.5439371515007,27.866010257783 85.5439183417652,27.8660308651161 85.5439091696295,27.8660602433473 85.5438846236688,27.8660721209681 85.5438718282466,27.8660806550024 85.5438658486781,27.8660901279183 85.5438647342664,27.8661005191192 85.5438665922567,27.8661074740497 85.5438781921529,27.8661153987585 85.5438819197243,27.8661284418275 85.5438855661777,27.8661475524379 85.5438746750919,27.8661595742357 85.5438549826772,27.8661732369268 85.5438363119628,27.8661834427473 85.5438275222239,27.866184216848 85.5438246077627,27.8661833191593 85.543801118239,27.8661891395216 85.5437972052496,27.8661899651163 85.5437805199954,27.8661975911526 85.5437726360692,27.8662035762986 85.5437529668131,27.866215505391 85.5437156137585,27.8662367837919 85.5436919503683,27.8662556060081 85.5436791085491,27.866267607189 85.5436672536681,27.8662787518773 85.5436601596365,27.8662986159811 85.5436592712008,27.8662995579237 85.5436454225841,27.8662994116751 85.5436163929487,27.8663072226985 85.5436010627811,27.8663151783962 85.5435963515789,27.8663259521057 85.5435641509803,27.8663432001605 85.543545686028,27.8663578874097 85.5435301568604,27.8663807232607 85.5435055670585,27.8663980516823 85.5434993698587,27.8664061038273 85.5434914876802,27.8664263145727 85.5434700145547,27.8664382641731 85.5434378500854,27.8664528067123 85.5434193308238,27.8664715521686 85.543406936402,27.8664876564496 85.5433747176346,27.8665062571987 85.5433517404069,27.8665168379595 85.5433408681363,27.8665329583122 85.5433070728998,27.8665556011913 85.5432780612675,27.8665620593979 85.5432306750679,27.8665764410929 85.5432228832954,27.8665898881114 85.5431768744895,27.8666151078007 85.5431521941061,27.8666391998631 85.543148107387,27.8666472395945 85.5431305743667,27.8666553922185</coordinates></LinearRing></outerBoundaryIs></Polygon></MultiGeometry>
  </Placemark>
  <Placemark>
	<Style><LineStyle><color>ff0000ff</color></LineStyle><PolyStyle><fill>0</fill></PolyStyle></Style>
	<ExtendedData><SchemaData schemaUrl="#river_terrace_Oct2021">
		<SimpleData name="layer">Fan terrace</SimpleData>
	</SchemaData></ExtendedData>
      <MultiGeometry><Polygon><outerBoundaryIs><LinearRing><coordinates>85.5455842932999,27.8598344003095 85.5455626748256,27.859846309153 85.5455021371616,27.8598508722524 85.5454942885191,27.8598542571441 85.5454491935343,27.8598711198831 85.5454217695655,27.8598794998189 85.5453903749751,27.8598930393638 85.5453648552912,27.8599049070315 85.5453254731478,27.8599322329602 85.5452941711243,27.8599388381383 85.5452687208661,27.8599455050296 85.5452431085609,27.8599643070173 85.5452253912056,27.8599762569528 85.545199755736,27.8599967925176 85.5451897712832,27.8600140255032 85.5452051908107,27.8600280587857 85.5452127848273,27.8600437433555 85.5452164082138,27.860064587534 85.5452297614123,27.8600872681689 85.5452431609148,27.8601064816311 85.5452388893398,27.8601341778564 85.5452328755145,27.8601462512351 85.5452054283108,27.8601563647101 85.5451642806469,27.8601698013261 85.5451367408272,27.8601868491299 85.5451284059739,27.8602266392994 85.5451222995255,27.8602456470153 85.5451337021291,27.8602683070833 85.5451412729992,27.8602857252424 85.5451351202468,27.8603082001301 85.5451310801472,27.860318560493 85.545163684663,27.860360516332 85.5451674006508,27.8603744261681 85.5451631521937,27.8604003888032 85.5451528667315,27.8604401583975 85.545144601314,27.8604747478091 85.5451324578429,27.8605075624827 85.5451204764259,27.8605282420554 85.5451042928283,27.8605714170875 85.5450920798765,27.860609432513 85.5451015319064,27.8606320720074 85.5451204591292,27.8606756174087 85.5451180223375,27.8607120021301 85.54512543117,27.8607415553892 85.5451350452787,27.8607520597824 85.5451348369138,27.8607676620527 85.5451344896384,27.8607936658364 85.5451595002294,27.8608199371048 85.5451671405915,27.860832154506 85.5451825833777,27.8608444542081 85.5452018347763,27.8608637294011 85.5452073624856,27.8608880613246 85.5452071541297,27.8609036635951 85.5451990507427,27.8609261179078 85.545206390157,27.8609608719199 85.545210036715,27.8609799825114 85.5452019101713,27.8610041704094 85.5451799210004,27.8610438165495 85.5451797126393,27.8610594188194 85.5451809687114,27.8611114469611 85.5451846847225,27.8611253567962 85.5451743991869,27.8611651263858 85.5451818080598,27.8611946796417 85.5451894484487,27.8612068970422 85.545198900545,27.8612295365307 85.5452141118804,27.8612591720861 85.5452236102875,27.861278344402 85.5452603246899,27.8613047391048 85.5453222582024,27.8613418027712 85.545365055982,27.8613509233124 85.5454018630362,27.8613703836369 85.5454349077577,27.861379401294 85.5454621006382,27.8613883572285 85.5455183675907,27.8614114904099 85.5455491376791,27.8614447576698 85.5455937472677,27.8614643002271 85.5456130219909,27.8614818417821 85.5456265374454,27.8614923872834 85.545645742746,27.8615151295916 85.5456572844455,27.8615273881067 85.5456842922333,27.8615502126857 85.5457015700803,27.8615712008323 85.5457207985534,27.8615922095451 85.5457418619394,27.8616219067524 85.5457611829993,27.8616359811167 85.545780573491,27.8616448547208 85.5458233020089,27.8616591758829 85.5458487526435,27.8616525089047 85.5458706028648,27.8616232641724 85.5458688836529,27.861605907747 85.5458810733246,27.8615696258378 85.5458892229081,27.8615437043116 85.5458837875809,27.8615124380668 85.5458803028741,27.8614811923875 85.5458767024661,27.8614586146381 85.5458849446026,27.8614257587674 85.5458930710325,27.861401570826 85.5459071187258,27.861372243822 85.5459211201319,27.8613463839883 85.5459488452523,27.8613154673485 85.54596468156,27.8612982960047 85.5460162536468,27.8612346879855 85.5460378260822,27.8612262462541 85.5460612797153,27.8612230258408 85.5461004076625,27.8612147691661 85.5461374230382,27.8612186270218 85.5461490110372,27.8612274183246 85.5461723721257,27.8612311322374 85.5461843071603,27.8612139197433 85.5461845385143,27.8611965838804 85.5461811231328,27.8611601374456 85.546167769611,27.8611374568938 85.5461664059685,27.8611362158765 85.5461962973991,27.8610999413006 85.5462060076355,27.8610567497372 85.5462551478207,27.8610247972653 85.5462827981882,27.8610061476193 85.5463075848766,27.8609739384346 85.5463477729602,27.8609283622221 85.5463723430069,27.8609123859611 85.546433407101,27.860899500184 85.5465159609226,27.8608733114997 85.5466193547264,27.8608825186845 85.5466711779627,27.8608776530335 85.5467414828196,27.8608567468804 85.5468087434727,27.8608358086159 85.5468427707678,27.8607955790796 85.5468677015973,27.8607525478245 85.5469445998975,27.8606938288453 85.5469510491067,27.8606668380848 85.5469640918566,27.8606020346009 85.5470042795299,27.8605564581792 85.5470198612246,27.8605295636234 85.547014278063,27.860491622618 85.546993113219,27.8604805761674 85.5469841250526,27.8604696579952 85.546961588925,27.860454725382 85.5469611647728,27.8604522856081 85.5469515967518,27.8604383141619 85.5469303482584,27.8604224858271 85.5469188065216,27.8604102274157 85.5468993698981,27.860404821149 85.5468760320783,27.8603993737777 85.546856618583,27.8603922339181 85.546827567718,27.8603763233628 85.5468100817041,27.8603709376356 85.5467964968889,27.8603655930106 85.5467693966384,27.8603497029957 85.5467500756617,27.8603356287739 85.546738510829,27.8603251039353 85.5467190742306,27.860319697644 85.5466957826921,27.8603107830694 85.5466784354558,27.8602949958047 85.5466572795389,27.8602722330824 85.5466206344987,27.8602406379876 85.5465857087948,27.860226399307 85.5465741902462,27.8602124072818 85.5465588167669,27.8601949069715 85.5465238910862,27.860180668276 85.5465046164303,27.8601631268483 85.5464833911865,27.8601455648616 85.5464542941838,27.8601331214053 85.5464291677668,27.8601155182971 85.5464156292647,27.8601067064627 85.546402206419,27.8600892266935 85.5463964702942,27.8600804970872 85.5463958504977,27.8600806734722 85.5463869030376,27.8600493668322 85.5464087897036,27.860006303573 85.5464184997382,27.8599631119811 85.5464219409699,27.8599333836738 85.5464497354134,27.8599039120198 85.5464779629998,27.859841974479 85.5464909698107,27.8597798765294 85.546527968828,27.8597450901174 85.54655282733,27.8597074698889 85.5465626816519,27.8596534563209 85.5465845320693,27.859613098516 85.5465972139486,27.8595753499638 85.5465917031544,27.859531997963 85.546531397838,27.8594880685471 85.5464857357343,27.8594875873515 85.54643681291,27.8595033070004 85.5463396892091,27.8594806364439 85.5462730069424,27.8594582866726 85.546218501258,27.8594360652147 85.5461946174882,27.8594006371556 85.5461796495237,27.8593815382929 85.5461617457388,27.8593542908719 85.5461102120559,27.8593375124405 85.5460799873346,27.8593209586151 85.5460221126635,27.8593230544019 85.5459550333692,27.8593304648687 85.5459213312263,27.8593463447928 85.5458877012947,27.8593568137293 85.5458567543811,27.8593943696462 85.5458530963518,27.8594403308733 85.5458405586827,27.8594672573908 85.5458309929227,27.8594996269803 85.545815302763,27.8595346378682 85.5457753678009,27.8595612755202 85.5457477177301,27.8595799250788 85.5457291639621,27.8596013764121 85.5457257947867,27.8596256937183 85.5457284416673,27.859655486197 85.5457066631607,27.8596904328753 85.5457122097212,27.8597310794083 85.5456994914026,27.8597715333551 85.5456656446197,27.8597982351656 85.545650351647,27.8598034856498 85.5456228098455,27.8598140187124 85.5455922238906,27.8598245196691 85.5455880913864,27.8598351171712 85.5455842932999,27.8598344003095</coordinates></LinearRing></outerBoundaryIs></Polygon></MultiGeometry>
  </Placemark>
  <Placemark>
	<Style><LineStyle><color>ff0000ff</color></LineStyle><PolyStyle><fill>0</fill></PolyStyle></Style>
      <MultiGeometry><Polygon><outerBoundaryIs><LinearRing><coordinates>85.5450448607481,27.9180119187322 85.5450596549812,27.9180445451864 85.5451536756581,27.9180753026537 85.5452053090099,27.918086671421 85.5452601330141,27.9180872504755 85.5452935641435,27.918093015263 85.5453297875585,27.9181177504708 85.545372030124,27.9181479609347 85.5453992972946,27.9181590722957 85.5454357380241,27.9181675746816 85.5454663406719,27.9181570744674 85.5454999890941,27.91814660641 85.5455457844208,27.918138972462 85.5455792517922,27.9181420317152 85.5456005360453,27.9181449623143 85.5456550342361,27.9181698904083 85.5457699774476,27.9182306327155 85.5458728100535,27.9182858353757 85.545939455323,27.9183135974507 85.5460607799958,27.9183527601017 85.5461211166156,27.9183966905882 85.5462304754479,27.9184194916926 85.5463215595933,27.918442099837 85.5464670337703,27.9184977521082 85.5465821949065,27.918542260962 85.5467460888453,27.9185872839197 85.5469349280877,27.9185892762699 85.5470080271545,27.9185900474327 85.5470991839687,27.9186072441382 85.5472029580133,27.9185921036774 85.547276129423,27.9185874637622 85.5473126066305,27.9185932601939 85.5473978888927,27.9185941596464 85.5475144246359,27.9185358599459 85.5475392248993,27.9185036512818 85.5475949169633,27.9184392981741 85.547656266663,27.9184074748956 85.5477540934936,27.9183814479015 85.5478155154212,27.9183442136115 85.5478896265642,27.9182692311742 85.5479631592291,27.9182375361953 85.5480427111298,27.918211316329 85.548091877438,27.9181793644144 85.5481956509685,27.9181642231839 85.5483055160415,27.9181491460779 85.5483238630238,27.9181439277488 85.5484155979105,27.9181178360659 85.54847049428,27.9181130029043 85.5485138579355,27.9180593428787 85.5485447493572,27.9180271982101 85.5485880406759,27.9179789490974 85.5486126237038,27.9179629730396 85.5486432260196,27.9179524721052 85.5487319871555,27.9179209371677 85.5487626617053,27.9179050252659 85.548765924251,27.9178888245371 85.5487753144769,27.9178699825206 85.5487847769543,27.9178457295632 85.548769764841,27.9178293362875 85.5487395238567,27.9178127825517 85.5487092106233,27.9178016397496 85.5486758516221,27.9177904648478 85.5486607672721,27.9177794825008 85.5486455745328,27.9177766165621 85.5485846951875,27.9177732692005 85.5485327002327,27.9177889563901 85.5484593125713,27.9178098298141 85.5484226187307,27.917820266511 85.5483827345586,27.9178414929765 85.5483308479614,27.9178490636788 85.5482912528798,27.9178486463607 85.5482209831964,27.9178641408172 85.5481443327945,27.9179012147813 85.5480649980191,27.9179112019019 85.5480255113589,27.9179026680992 85.5479675331602,27.9179101744469 85.5478849718401,27.9179336566987 85.5477812346518,27.9179460922334 85.5477172733252,27.9179454178412 85.5476563939338,27.9179420700667 85.5476016784155,27.9179333755627 85.5475591098554,27.9179275149787 85.5475225966945,27.9179244240882 85.5474585630668,27.9179291605134 85.5473820208658,27.9179581176361 85.5473210329926,27.9179628861183 85.547272372886,27.917956961199 85.5472296958404,27.917959216918 85.5471809995744,27.9179559974347 85.5471259224073,27.9179743574233 85.5470768282676,27.9180008980507 85.5470356416197,27.9180041182284 85.5470068477166,27.9179947481339 85.5469856719617,27.9179837013483 85.5469491226322,27.9179833157734 85.5469095998747,27.9179774871209 85.5468579301897,27.9179688244554 85.54682758095,27.9179603867126 85.5467942582933,27.917946505893 85.5467211958451,27.9179430291655 85.5466940371188,27.9179238016604 85.5466515771667,27.9179098243954 85.5466029533135,27.9179011937742 85.546523582255,27.9179138854687 85.546477750892,27.9179242252156 85.5464290908629,27.9179183000006 85.5463896767254,27.9179043547992 85.5463348889745,27.9179010707305 85.5462737925395,27.9179139551495 85.5461851393487,27.917937372075 85.5461332887854,27.9179422364747 85.5460692551176,27.9179469722511 85.5460360773545,27.9179222693849 85.5459967356653,27.9179029131394 85.5459513748399,27.9178780816429 85.5459149703584,27.9178668739285 85.5458390794464,27.9178471317823 85.5457908901224,27.9178060352799 85.5457607944401,27.9177786590414 85.5457214528545,27.9177593027208 85.5456425886991,27.9177341173788 85.5455909554594,27.9177227487796 85.545554333825,27.9177277737705 85.5454871820845,27.9177378880502 85.545450632862,27.9177375020809 85.5453926184143,27.9177477128072 85.545298018516,27.9177602429645 85.5452493948596,27.9177516118718 85.5452006263456,27.9177538026254 85.5451213639259,27.9177583771126 85.545060593434,27.9177469118004 85.545029773544,27.9177736447214 85.545011064275,27.9178059172638 85.5450016734147,27.9178247589993 85.5450165762755,27.9178492690609 85.5450345611354,27.9178711058295 85.5450431551409,27.917911784334 85.5450306460606,27.9179360048284 85.5450455385934,27.917961287875 85.5450448607481,27.9180119187322</coordinates></LinearRing></outerBoundaryIs></Polygon></MultiGeometry>
  </Placemark>
  <Placemark>
	<Style><LineStyle><color>ff0000ff</color></LineStyle><PolyStyle><fill>0</fill></PolyStyle></Style>
      <MultiGeometry><Polygon><outerBoundaryIs><LinearRing><coordinates>85.5445219316202,27.9181633329945 85.5445228012355,27.9180984018386 85.544517506829,27.918038817241 85.5445428875664,27.9179633217052 85.5445558677835,27.9179039302151 85.5445871950707,27.9178393208962 85.5445880646352,27.9177743897353 85.5445768235946,27.917703918909 85.5445350524569,27.9176385371687 85.5444748618554,27.9175837841627 85.5444023433253,27.9175397242427 85.5443178592426,27.9174793027408 85.5442633979622,27.917451668675 85.5441356210634,27.9174394947579 85.544080942389,27.9174280934099 85.5440503398308,27.91743859332 85.5440375043877,27.9174871629 85.5440491075093,27.9175305791135 85.5440791301884,27.9175633666372 85.5441212634501,27.9176016938596 85.5441570152748,27.9176616004007 85.5441624544437,27.9177103631489 85.5441917523725,27.9177972599417 85.5442461413216,27.9178303049696 85.5442821832024,27.9178685677647 85.5443060420217,27.9179067017918 85.5443175728109,27.9179555289151 85.544322939583,27.9180097025875 85.5443528175208,27.9180533119161 85.5443827679568,27.9180915103095 85.5444007527232,27.9181133471568 85.5444246116347,27.9181514811655 85.5444486879778,27.9181733823823 85.5444602913256,27.9182167985659 85.5444721845651,27.9182385710309 85.5445085890022,27.9182497791251 85.5445333175937,27.918222981962 85.5445219316202,27.9181633329945</coordinates></LinearRing></outerBoundaryIs></Polygon></MultiGeometry>
  </Placemark>
  <Placemark>
	<Style><LineStyle><color>ff0000ff</color></LineStyle><PolyStyle><fill>0</fill></PolyStyle></Style>
      <MultiGeometry><Polygon><outerBoundaryIs><LinearRing><coordinates>85.5491805236458,27.9167242645673 85.5491811014994,27.9166809770314 85.5491941873615,27.9166134685787 85.549188818187,27.9165592949965 85.549201831796,27.9164971974835 85.5492055998326,27.9164431201414 85.5492278589644,27.9163730024504 85.5492315547528,27.9163243360484 85.5492325298294,27.9162512883255 85.5492273773284,27.9161808819145 85.5492378507209,27.9160808757147 85.5492084046458,27.916004801725 85.5491577107802,27.9159230922242 85.5491373297298,27.9158525254052 85.5491259413967,27.9157928767126 85.5491328996096,27.9157280095636 85.5491274582572,27.9156792469176 85.5491067883366,27.9156303238649 85.5490918486959,27.9156085196863 85.5490643289207,27.9156163473614 85.5490396020318,27.9156431454127 85.5490328604793,27.9156917797286 85.5490136471018,27.9157619294791 85.5489917130505,27.915807697901 85.5489570904158,27.9158912145737 85.548928486931,27.9159802063483 85.5489003168583,27.9160367324632 85.548847672569,27.916101118284 85.5488012641724,27.9161547463764 85.5487579014596,27.9162084065409 85.5487325602085,27.9162811975277 85.5487096866224,27.9163973081277 85.5487150555529,27.9164514817205 85.5487111788906,27.9165136754514 85.5486983817669,27.9165595400844 85.5487463188233,27.9166195738907 85.5487759453457,27.9166821206142 85.5488268559929,27.916747597426 85.5488383164848,27.9168018351919 85.5488617793604,27.9168697286628 85.5488766468676,27.9168969438084 85.5489155552799,27.9169487648864 85.5489453625931,27.9169977842247 85.548962734064,27.9170656135074 85.548992433065,27.9171227492485 85.5490405872428,27.9171665501393 85.5490768112591,27.9171912843851 85.5491008522568,27.9172158902894 85.5491309486665,27.9172432658259 85.5491521967494,27.9172489013441 85.5491825098813,27.9172600440455 85.5492035051574,27.9172846178515 85.5492461458105,27.9172850669798 85.5492768562208,27.9172664494815 85.5492653232413,27.9172176226874 85.5492384892523,27.9171740464341 85.5492145926939,27.9171386186694 85.5492000862299,27.9170843488481 85.5491945364603,27.9170437026231 85.5491923213753,27.9169814447117 85.5491895284352,27.9169624743344 85.5491837980931,27.9169353554631 85.5491765388838,27.9167945747314 85.5491805236458,27.9167242645673</coordinates></LinearRing></outerBoundaryIs></Polygon></MultiGeometry>
  </Placemark>
  <Placemark>
	<Style><LineStyle><color>ff0000ff</color></LineStyle><PolyStyle><fill>0</fill></PolyStyle></Style>
      <MultiGeometry><Polygon><outerBoundaryIs><LinearRing><coordinates>85.5443033534634,27.9171977412568 85.5443573073165,27.9172632518131 85.5444057494924,27.9172854105356 85.5444969047275,27.9173026089101 85.54455085875,27.9173681193959 85.544635560266,27.917412307966 85.5446958233183,27.9174616499719 85.5447132283992,27.9175267742236 85.5447369423929,27.9175757300419 85.5447669652985,27.9176085174237 85.5447807886027,27.9176113997195 85.5447821941184,27.9176086783203 85.5447821941356,27.9176086783005 85.5448276534648,27.9175692473407 85.5449074953263,27.9175213855693 85.5449685554494,27.9175112072192 85.5450416537272,27.9175119793982 85.5451024965238,27.9175180337825 85.5451259666617,27.9175231066554 85.5451500779368,27.9175476242404 85.5451622066622,27.9175518111224 85.5451819316879,27.9175574311622 85.5452000976179,27.9175657405801 85.5452258960676,27.9175727776863 85.5452425391218,27.9175810710142 85.5452623546943,27.917579927378 85.5452806292774,27.9175801203878 85.5453187013262,27.9175805224838 85.5453598915643,27.9175755458036 85.5453660555162,27.9175701992041 85.5453861064617,27.9175514700203 85.545398470571,27.9175380713522 85.5454061755058,27.9175313881003 85.5454063022445,27.9175219189688 85.5454003917756,27.9175083273075 85.5453959317664,27.917500162661 85.5453945718363,27.9174879719806 85.545390184251,27.9174743964017 85.5453828595408,27.9174526722585 85.5453769490782,27.9174390805963 85.5453786168046,27.9174282748147 85.5453787978625,27.917414747484 85.5453759874787,27.9173971297883 85.5453746456574,27.9173835863746 85.5453717809573,27.917370026878 85.5453642751976,27.9173618300647 85.5453536693633,27.917357659284 85.5453370806521,27.9173453077711 85.5453280520182,27.9173370948726 85.5453161405872,27.9173166752091 85.5453071300637,27.9173071095764 85.5452951099994,27.9172948063095 85.5452739707782,27.9172810538052 85.5452620955774,27.9172579286714 85.5452486069681,27.9172415511176 85.5452304954096,27.9172291835085 85.5452110239479,27.9172046252155 85.5451992030918,27.9171774418778 85.5451722802401,27.9171406285589 85.5451632878519,27.9171297101845 85.5451498535981,27.9171092744229 85.5451469708235,27.9170970676555 85.5451288230832,27.9170874055001 85.5451090981447,27.9170817854557 85.5450939780509,27.9170735082002 85.5450743436635,27.9170611244861 85.5450623598712,27.9170461157347 85.5450384466256,27.91701204003 85.5450108108518,27.9169988070896 85.5450082064706,27.9169954855029 85.5449840578183,27.9169789953177 85.5449780749876,27.916970814572 85.5449691369644,27.9169558379872 85.5449510254855,27.9169434703439 85.5449375007395,27.916929798228 85.5449239578859,27.9169174788437 85.5449148930961,27.916911971386 85.5448936091066,27.9169090406902 85.5448803156697,27.9169065326368 85.5448769299582,27.91690345279 85.5448711644801,27.9168790392456 85.54485328848,27.9168490860629 85.5448413953014,27.9168273136294 85.5448355211621,27.916811016481 85.5448265650588,27.9167973926207 85.5448145632169,27.9167837365823 85.5448027425024,27.9167565532145 85.5448030685263,27.9167322040231 85.5448033221001,27.916713265763 85.5447946920334,27.9166752927094 85.5447889265836,27.9166508791619 85.5447859895219,27.9166427305867 85.5447740601522,27.9166236636139 85.544774422406,27.9165966089566 85.5447746035327,27.9165830816279 85.5447779390699,27.9165614700801 85.544771992502,27.9165505838607 85.5447599544673,27.9165396332842 85.5447449431533,27.9165232395964 85.5447330862555,27.9164987616891 85.5447333760653,27.9164771179632 85.5447305476906,27.9164608529898 85.5447155363915,27.9164444592992 85.5447066165584,27.9164281299664 85.5447007786853,27.916409127347 85.5447010322735,27.916390189087 85.5447013583151,27.9163658398954 85.5447046576312,27.9163469338147 85.5447017930366,27.9163333743064 85.5446959189417,27.9163170771526 85.5446869628941,27.9163034532845 85.5446812699389,27.9162736288014 85.5446753596226,27.9162600371126 85.5446633578564,27.916246381063 85.5446575562268,27.9162246729763 85.5446577735929,27.9162084401818 85.544661036683,27.9161922395677 85.5446582445522,27.916173269127 85.5446616163233,27.9161489521154 85.5446678889057,27.9161354891469 85.5446834435607,27.9161113008544 85.5446806876543,27.9160896249481 85.5446809774695,27.9160679812214 85.5446781491104,27.9160517162467 85.5446691568583,27.9160407978436 85.544660164608,27.91602987944 85.5446513534971,27.9160054337069 85.5446484526885,27.9159945796632 85.5446425423899,27.9159809879732 85.5446396778106,27.9159674284635 85.5446399314047,27.9159484902027 85.5446401487709,27.9159322574077 85.5446372479651,27.9159214033638 85.544634310932,27.9159132547857 85.5446191185787,27.9159103884159 85.5445915984466,27.9159182151819 85.5445731792312,27.9159288439542 85.5445515693756,27.9159502624043 85.5445269862548,27.9159662377363 85.5445052314581,27.9159984780411 85.5444987414766,27.9160281737958 85.5444922514911,27.9160578695499 85.5444582050834,27.916098097506 85.5444488505235,27.9161142337448 85.5444392423297,27.9161493082413 85.5444053045744,27.9161814197857 85.5443715117382,27.9162027094591 85.5443406921423,27.9162294422419 85.5443189734715,27.9162589770466 85.544303092585,27.9163075144812 85.5443058846558,27.9163264849265 85.5443321366507,27.9164133495081 85.5443437397971,27.9164567657035 85.5443461695192,27.9165027908006 85.5443366337246,27.916532454355 85.5443301074221,27.9165648555618 85.5443112894644,27.9166052444101 85.5443137916468,27.9166458585761 85.5443102385923,27.9166837028997 85.5442851117013,27.9167402601558 85.5442752859618,27.9167915674241 85.5442776126899,27.9168073761233 85.5442684697154,27.9168456123458 85.5442799279215,27.9168998504047 85.5442944681207,27.916951415187 85.5442879417746,27.9169838163884 85.5442689787672,27.917035027085 85.5442711547882,27.9170999904336 85.5442852239063,27.9171867262602 85.5442825614934,27.9171905636164 85.5443033534634,27.9171977412568</coordinates></LinearRing></outerBoundaryIs></Polygon></MultiGeometry>
  </Placemark>
  <Placemark>
	<Style><LineStyle><color>ff0000ff</color></LineStyle><PolyStyle><fill>0</fill></PolyStyle></Style>
      <MultiGeometry><Polygon><outerBoundaryIs><LinearRing><coordinates>85.5482844094896,27.9156243648876 85.5482656654298,27.9156593434026 85.5482194376457,27.9156994439473 85.5481606655648,27.9157664707671 85.5481447503155,27.9158177141857 85.5481197340318,27.9158661558211 85.5480766963937,27.915895466535 85.5480395333167,27.9159410742648 85.5479777875567,27.9160026579499 85.5479166562136,27.9160182486187 85.5479119377835,27.916020971538 85.5478511189338,27.9160216164818 85.5478158581447,27.9160388327691 85.5477729107334,27.9160613797077 85.5477361632078,27.9160758744483 85.5477055613511,27.9160863752005 85.5476840605133,27.9160996777556 85.5476136292082,27.9161273465575 85.5475754310873,27.9161364142573 85.5475554169322,27.9161524383185 85.5475123067202,27.9161871597832 85.5474695942152,27.9161921210727 85.5474160770229,27.9162077918075 85.5474006856641,27.9162198058201 85.5473959362734,27.9162332849855 85.5473881411522,27.9162467320306 85.547375677994,27.9162675709344 85.5473662605614,27.9162884419575 85.5473546311482,27.9163038779512 85.5473467998555,27.9163200304624 85.5473390137618,27.9163328011368 85.5473287806408,27.9163577223297 85.5473308931736,27.9163705973981 85.5473291714193,27.9163854614163 85.5473228449024,27.9164029827208 85.5473165455048,27.9164184749232 85.5473147875856,27.9164360444099 85.5473169272391,27.9164468903767 85.5473214144775,27.9164530258644 85.5473311955916,27.9164619230337 85.5473386381635,27.9164748543147 85.547352090847,27.9164939371426 85.5473664676924,27.9165008533896 85.5473862016991,27.9165057967444 85.5474028266913,27.9165154425469 85.5474103415946,27.9165229628864 85.5474132426934,27.9165338168821 85.5474129805363,27.9165534315318 85.5474089925652,27.9165669187265 85.5473981697608,27.9165789809162 85.5473919065225,27.9165917676529 85.547392441956,27.9166086848635 85.5473984339949,27.9166161891436 85.5474029122045,27.9166230009961 85.5474126300606,27.9166366327309 85.5474292460349,27.9166469548981 85.547445979529,27.9166484842895 85.5474733911954,27.91664877336 85.547491301373,27.9166503676556 85.5474939047484,27.9166523719955 85.5475333185963,27.9166663168715 85.5475637451581,27.9166730157863 85.5475783916477,27.9166762404551 85.5475849515773,27.9166776847329 85.5476244739108,27.9166835131762 85.5476610228142,27.9166838985554 85.5477157377138,27.9166925930138 85.5478067846347,27.9167179056076 85.5478492081449,27.9167345879761 85.5478732487581,27.916759194082 85.5478974339739,27.9167729783064 85.5479338021768,27.9167868909617 85.5479671246438,27.9168007714998 85.5480127023942,27.9168093695192 85.5480430514212,27.9168178069935 85.5480642270697,27.9168288536139 85.5480883400399,27.9168480487453 85.5481156433368,27.9168564540989 85.548152120023,27.9168622502894 85.5481793871879,27.9168733611003 85.5482248204289,27.9168927809303 85.5482522321665,27.9168930698482 85.5482826173762,27.9168988018013 85.5483160844761,27.9169018603783 85.5483403420568,27.9169102335881 85.5483705465951,27.9169294928718 85.5483886042786,27.9169459182849 85.5484159076258,27.9169543235807 85.5484432109774,27.9169627288711 85.5484673240463,27.9169819239394 85.5484976370276,27.9169930667865 85.5485097477688,27.9169986061116 85.5485430703796,27.9170124865152 85.5485614171574,27.917007268146 85.5485589495134,27.9169639485288 85.5485411808573,27.9169258793759 85.548475222237,27.9168467146302 85.5484491836087,27.9167436178942 85.5484314150241,27.9167055487288 85.5483894973241,27.9166509899558 85.5483725237618,27.916553400442 85.5483550457979,27.9164901475308 85.5483675163578,27.9164721721418 85.5483831425316,27.9164425724629 85.5483866218902,27.9164101389195 85.5483809640432,27.9163776090811 85.5483815422068,27.9163343215583 85.5483912214301,27.9162938357998 85.5484408926171,27.9162240071316 85.5484688100481,27.9161864194155 85.548506334357,27.9161137568636 85.5485194205501,27.916046248483 85.5484959580444,27.9159783549607 85.5484939240115,27.9159025696922 85.5485024627383,27.9158728276614 85.5485157498964,27.9158649177704 85.5485374673741,27.9158353822561 85.5485621944286,27.9158085843021 85.5485779288347,27.9157708681809 85.5485694420149,27.9157220734293 85.5485671188907,27.9156679319227 85.5485832145631,27.9156031610924 85.5485931104062,27.9155464424858 85.5485939052368,27.9154869221292 85.5485857074557,27.9154164836109 85.5485528550019,27.9153674321129 85.548538601974,27.9152942239344 85.5485301513288,27.9152427237083 85.5485120577636,27.9152290037905 85.5484967931211,27.9152315487894 85.5484597027187,27.9152717457108 85.5484411033089,27.9152959023732 85.5484394574703,27.9152996646293 85.5484072031008,27.9153253094917 85.5483884230023,27.915362993499 85.5483635514764,27.9154006133078 85.5483320464907,27.9154787509715 85.5483222950618,27.9155246476734 85.5483186350472,27.9155706085716 85.5483177194849,27.9155772132254 85.5482844094896,27.9156243648876</coordinates></LinearRing></outerBoundaryIs></Polygon></MultiGeometry>
  </Placemark>
  <Placemark>
	<Style><LineStyle><color>ff0000ff</color></LineStyle><PolyStyle><fill>0</fill></PolyStyle></Style>
      <MultiGeometry><Polygon><outerBoundaryIs><LinearRing><coordinates>85.545455105375,27.9058788204769 85.5454702963651,27.9058816867064 85.5454763510464,27.9058844564802 85.5455097784671,27.9058902210836 85.5455341781512,27.9058877728162 85.5455587587819,27.9058717971901 85.5455773209117,27.9058503463191 85.5455898283525,27.9058261256768 85.5456086075968,27.9057884419751 85.5456274230153,27.9057480527992 85.5456430844259,27.9057157478855 85.5456587458269,27.9056834429696 85.5456682801712,27.9056537792287 85.5456690038986,27.9055996698063 85.5456601209179,27.9055806350675 85.5456273811403,27.9055234665527 85.5455882248529,27.9054905829738 85.5455670878169,27.905476830577 85.5455581686745,27.9054605013034 85.5455440996039,27.9053737654829 85.5455508418485,27.905325131302 85.545542248421,27.9052844527877 85.5455458004851,27.9052466083414 85.5455371708754,27.9052086352977 85.545519115506,27.9051922095736 85.5454796698444,27.9051809697367 85.5454431972254,27.9051751729823 85.5453945791376,27.905166542138 85.5453611881384,27.9051580720438 85.5453309149486,27.9051442231538 85.5453068411809,27.9051223221536 85.545264313959,27.9051137555732 85.545230886791,27.9051079909191 85.5451974596269,27.905102226257 85.545169906107,27.9051127587262 85.5451058438048,27.9051201998179 85.5450904719318,27.9051308609055 85.5450750276551,27.9051469329324 85.5450594023696,27.9051765323101 85.5450559587431,27.9052062603263 85.5450616151669,27.9052387902928 85.5450703532131,27.9052686469483 85.5450821728838,27.9052958302923 85.5450878293189,27.9053283602578 85.5450965311782,27.9053609223823 85.5451112152872,27.9054016652361 85.5451106722883,27.905442247294 85.5451224195866,27.905474841576 85.545146059,27.9055292082553 85.545194242848,27.9055703048392 85.5452212535226,27.9056003544292 85.5452390193335,27.9056384239571 85.5452661386262,27.9056603571273 85.5453202686592,27.9057123398645 85.5453411523439,27.9057450305941 85.5453710275648,27.9057886396648 85.5453919474722,27.9058186249167 85.5454250853254,27.9058460333057 85.545455105375,27.9058788204769</coordinates></LinearRing></outerBoundaryIs></Polygon></MultiGeometry>
  </Placemark>
  <Placemark>
	<Style><LineStyle><color>ff0000ff</color></LineStyle><PolyStyle><fill>0</fill></PolyStyle></Style>
      <MultiGeometry><Polygon><outerBoundaryIs><LinearRing><coordinates>85.5482521385944,27.9080905930211 85.5482332153078,27.9081390989835 85.5482322037667,27.9082148522332 85.5482315534883,27.9082635507504 85.5482187211752,27.9083121208943 85.548200159106,27.9083335721176 85.548150780648,27.9083817571224 85.5481135841915,27.9084300704915 85.5480947330383,27.9084731654821 85.548057391999,27.9085323007247 85.5480557894262,27.9085340376265 85.5480420379671,27.9085416093929 85.5480297113811,27.9085523028934 85.5479989310386,27.9085763311668 85.5479958313238,27.9085803572769 85.5479957048584,27.908589826432 85.5479923341449,27.9086141435881 85.5479767813614,27.9086383323482 85.5479794655436,27.9086654191744 85.5479911417495,27.908703424188 85.5479877348968,27.9087304468161 85.5480056466849,27.9087576941356 85.5480271147601,27.9087707376006 85.5480382781677,27.9087775202076 85.5480720700333,27.9088016878522 85.5481355924326,27.9088348275515 85.5481783020093,27.90882986594 85.5482089378755,27.9088166595197 85.5482363475777,27.9088169483648 85.5482666221688,27.9088307966617 85.5483304336489,27.9088422924895 85.5483669438038,27.9088453830555 85.5484033094682,27.9088592955045 85.5484428290335,27.9088651236137 85.5485067489182,27.9088685029415 85.5485340141561,27.9088796136204 85.5485674065687,27.9088880829936 85.5486188915479,27.9089102722378 85.5486219883505,27.9089124647725 85.5486918938713,27.9089178059463 85.5488133537768,27.9089461439713 85.5489163239199,27.9089905222629 85.5489708545529,27.9090127434585 85.549016375012,27.9090253992462 85.5490315665379,27.9090282651012 85.5490376124641,27.9090317110952 85.5490800603151,27.9090463638916 85.5491465565042,27.9090849461635 85.5491888328997,27.9091124499285 85.5492431470368,27.9091509038644 85.5492792602112,27.909183754408 85.5494575750217,27.9092884544939 85.5494725500267,27.909307553148 85.5494815422517,27.9093184712449 85.5494934717262,27.9093375378304 85.5495294767507,27.9093785047355 85.5495504345746,27.9094057839358 85.5495772669222,27.9094493601082 85.5496013425027,27.9094712604173 85.5496376002658,27.9094932889761 85.5496862206811,27.9095019184031 85.5497622870901,27.9095081308863 85.5498016987127,27.9095220750403 85.5498471292585,27.9095414942502 85.5498926319957,27.9095555024963 85.5499321519126,27.9095613301901 85.5499686623739,27.909564420342 85.5500082544679,27.9095648370647 85.5500508560253,27.9095679913051 85.5500992600205,27.909592853438 85.5501387078024,27.9096040920233 85.5501995826637,27.9096074385311 85.5502484918117,27.9095944239628 85.5502668372491,27.9095892053106 85.5503249551743,27.9095708759122 85.5503740807444,27.9095416284466 85.5504137449858,27.9095366341019 85.5504564908427,27.9095289663156 85.5505051474246,27.9095348899811 85.5505508666794,27.9095326651602 85.5505630488617,27.9095327933322 85.5505754835357,27.9095139831747 85.5505001745676,27.9094509561551 85.5504851632858,27.9094345630809 85.5504522755593,27.9093882175061 85.5504253707193,27.9093500524418 85.5503925551918,27.9092982959034 85.5503900146956,27.9092603872019 85.5503694895799,27.9092006424177 85.5503272128351,27.9091731390028 85.5502793501213,27.9091076948244 85.5502190167114,27.9090637662335 85.5501829754378,27.9090255049762 85.5501657846412,27.9089441484144 85.5501361231212,27.9088843074465 85.5501060286622,27.9088569321752 85.5500208261012,27.9088506237356 85.5499721698584,27.9088446999109 85.5499295325017,27.9088442511316 85.5498567285891,27.9088218379658 85.5498024143823,27.9087833842681 85.5497722478595,27.9087614198773 85.5497177893518,27.9087337880473 85.5496874784959,27.908722645538 85.5496328756607,27.9087058355746 85.5495362852612,27.9086398781488 85.5495003165611,27.9085962057758 85.549452021436,27.9085632270272 85.5494218550467,27.908541262564 85.5493677577296,27.9084865758578 85.5493197514928,27.9084319532703 85.5492899461718,27.9083829340363 85.5492299745897,27.9083119502944 85.5491703641172,27.9082139117855 85.5491226469311,27.9081376453412 85.5490752908633,27.9080343241395 85.5490225660124,27.9078768292878 85.549010846189,27.9078420709002 85.5490110158898,27.9078293551869 85.5490089452717,27.9077562753058 85.5489975215389,27.9076993320436 85.5489796096577,27.9076720848463 85.5489586522947,27.9076448055706 85.5489475673136,27.9076418653183 85.5489374060773,27.907639170086 85.5489009685205,27.907630668737 85.5488771101343,27.9075925354753 85.5488353760528,27.9075244495213 85.5488084722258,27.90748628417 85.5487599611259,27.907469538045 85.5487111250203,27.9074771411699 85.5486593878822,27.9074738902985 85.5486380694849,27.9074736657175 85.5485711771602,27.9074648434483 85.5484983383536,27.9074451350793 85.5484706761588,27.9074637846163 85.5484459149595,27.9074932881298 85.5484118005613,27.9075389282157 85.5484020500385,27.9075848250025 85.5483863530152,27.9076198357158 85.5483431020796,27.9076653795141 85.5483394786204,27.9077086350005 85.5483512632353,27.9077385235691 85.5483474952835,27.9077926009492 85.5483255627255,27.9078383693664 85.5483034856512,27.9078949596727 85.5482876079234,27.9079434977371 85.5482898948023,27.908000344769 85.5482648444226,27.9080514920276 85.548256664975,27.9080681144752 85.5482521385944,27.9080905930211</coordinates></LinearRing></outerBoundaryIs></Polygon></MultiGeometry>
  </Placemark>
  <Placemark>
	<Style><LineStyle><color>ff0000ff</color></LineStyle><PolyStyle><fill>0</fill></PolyStyle></Style>
      <MultiGeometry><Polygon><outerBoundaryIs><LinearRing><coordinates>85.5455925903173,27.9115395611662 85.5455366836454,27.9116201464271 85.5455057932782,27.9116522904849 85.5454621412844,27.9117275933999 85.5454305992338,27.9118084358701 85.5454050759379,27.9118947535858 85.5454282099093,27.9119869967825 85.5454518507385,27.9120413634189 85.5454571455245,27.9121009480391 85.5454683143312,27.9121768297853 85.5454832644961,27.912208863879 85.545485610582,27.9122500703781 85.5454945302216,27.9122663996616 85.5455095410953,27.9122827932595 85.5455365534394,27.9123128428256 85.5455423188752,27.9123372563543 85.545557184968,27.9123644718209 85.5455690416483,27.9123889496614 85.5455840525497,27.912405343252 85.5456295558514,27.9124193529255 85.5457030850773,27.9123876590028 85.5457370574208,27.9123528415937 85.5457829588546,27.9123370910619 85.5458198320024,27.9123131276566 85.5458293307791,27.9122861694213 85.5458419113585,27.9122565378664 85.5458574289701,27.912235054866 85.5458821558007,27.9122082573736 85.5458915097884,27.9121921210079 85.5459130462265,27.9121761132356 85.5459222916366,27.912168093274 85.5459378815986,27.9121411993254 85.5459593818307,27.9121278970141 85.545977836446,27.9121145625522 85.5459871180344,27.9121038371169 85.5460025270312,27.9120904705047 85.5460087991921,27.9120770074523 85.5460119895534,27.9120662177224 85.5460153246642,27.9120446061164 85.5460125685551,27.9120229302182 85.5460222120049,27.9119851500895 85.5460226462518,27.9119526844608 85.5460196850814,27.9119463395529 85.5460199263299,27.9119283030935 85.5460295697672,27.9118905229633 85.5460300040101,27.9118580573341 85.5460273564618,27.9118282650283 85.5460217718725,27.9117903241695 85.5460221699291,27.911760564009 85.5460348227622,27.9117255214917 85.5460442852416,27.9117012687045 85.5460662196003,27.9116555007412 85.5460698803536,27.9116095399085 85.5460522219283,27.911563354064 85.5460464202237,27.9115416460205 85.5460345997035,27.9115144627483 85.5460165794406,27.9114953315923 85.5460016409648,27.9114735271106 85.5459896395262,27.9114598711811 85.5459899290243,27.9114382274273 85.5460024008907,27.9114167122566 85.5460210001216,27.9113925559058 85.5460335081624,27.9113683352624 85.5460581623729,27.9113469486648 85.5460735712495,27.9113335820388 85.5460889077531,27.9113256263497 85.5461228072618,27.9112962197619 85.5461382884899,27.9112774421891 85.546153950627,27.9112451372668 85.5461665671677,27.9112128002005 85.5461820121939,27.9111967280914 85.5461915831346,27.9111643588806 85.5461981084849,27.9111319575278 85.5461953523536,27.91111028163 85.5461803415263,27.9110938881063 85.5461653668858,27.9110747891116 85.5461597822743,27.9110368482539 85.5461387526654,27.9110149795034 85.5461148945851,27.9109768457899 85.5460942268355,27.9109279223376 85.5460917601993,27.9108846026816 85.5460799759153,27.9108547139434 85.5460712733973,27.9108221518784 85.5460504609549,27.9107840502986 85.5460356311183,27.9107541294132 85.5460208374749,27.9107215030568 85.5460090532262,27.9106916143134 85.5460065866248,27.9106482946559 85.5460070208519,27.9106158290211 85.5460011830123,27.9105968264446 85.5459954537318,27.9105697074592 85.5459868236301,27.9105317344502 85.545974858478,27.910515373052 85.5459507110638,27.9104988830702 85.545935808916,27.9104743731144 85.5459298263465,27.9104661924134 85.5458813144304,27.9104494452479 85.5458419392233,27.9104327945107 85.5458363185581,27.9103975591115 85.5458152529443,27.9103783957861 85.5457910693945,27.9103646112474 85.5457515494665,27.9103587823633 85.5457273297374,27.9103477032832 85.545706155575,27.9103366563501 85.5456607978963,27.9103118248533 85.5456246131134,27.9102843843317 85.5455367262377,27.9102509862425 85.5454885764621,27.9102071842529 85.5454368381826,27.9102039321268 85.5454182028421,27.9102307938745 85.5454176960469,27.9102686704406 85.5454350644198,27.9103365001086 85.5454616057006,27.9104017207756 85.5454882918045,27.910456119562 85.5455239336454,27.9105241421551 85.5455354643623,27.9105729692182 85.5455253503255,27.9106459204154 85.5455635672606,27.9107491462518 85.5455934800485,27.91079004983 85.5456078392199,27.9108551418555 85.5456041059203,27.9109065136123 85.5456005174009,27.9109470634928 85.545629887321,27.9110285490988 85.5456746661712,27.9110966681182 85.545677096447,27.9111426932433 85.5456855817002,27.911191488142 85.5457034570788,27.911221441214 85.5457243780542,27.9112514264355 85.5457327909481,27.9113056322696 85.545723038889,27.911351528787 85.5457130696564,27.9114136581165 85.5456944703552,27.9114378144229 85.5456697074691,27.9114673173581 85.5456419351714,27.9114940826658 85.5456264538275,27.9115128601778 85.5456262472204,27.9115136144624 85.5455925903173,27.9115395611662</coordinates></LinearRing></outerBoundaryIs></Polygon></MultiGeometry>
  </Placemark>
  <Placemark>
	<Style><LineStyle><color>ff0000ff</color></LineStyle><PolyStyle><fill>0</fill></PolyStyle></Style>
      <MultiGeometry><Polygon><outerBoundaryIs><LinearRing><coordinates>85.5452143656721,27.9120334439171 85.5452292998339,27.9118279569947 85.5452056591592,27.9117735903244 85.5451215410282,27.9116861147381 85.5450490260409,27.9116420552611 85.5448542526937,27.9116291745668 85.5447449009682,27.911606372617 85.5445997265933,27.9115290751146 85.5444903750307,27.9115062729682 85.5443808786085,27.9114942926056 85.5443204015125,27.9114611833544 85.5441988677253,27.9114382522491 85.5441375211194,27.9114700741288 85.5440880669689,27.9115236684677 85.5440506502024,27.9115882134102 85.5440003262638,27.911706738915 85.5439864044697,27.9118364725544 85.5439852448607,27.9119230474869 85.5439964126217,27.9119989293148 85.5439710331012,27.9120744248515 85.5439574011159,27.9121825147463 85.5439437690984,27.9122906046371 85.5438566073434,27.91243038748 85.5438071525995,27.912483981689 85.543745225366,27.9125590908203 85.5435732206254,27.9126655063312 85.5433887430147,27.9127934365187 85.5433141977253,27.9129008822003 85.5432402324138,27.9129650403896 85.543190487046,27.9130402780743 85.5431168116559,27.9130827924686 85.5430186260662,27.9131358709758 85.5429078226327,27.9132212861238 85.5428821519,27.9133184251255 85.5428447337639,27.9133829696736 85.5427946977651,27.91347985091 85.5427688817774,27.9135878117389 85.5426944803993,27.9136844351717 85.5426324065995,27.9137703655921 85.5426313909158,27.9138461185911 85.5426419774694,27.9139652879073 85.5426403813907,27.914084328331 85.5426632957247,27.9141928046774 85.542710865633,27.9142798950806 85.5427343604335,27.9143450839901 85.5428058605864,27.9144648977001 85.5428521249953,27.9146493847709 85.5428996952404,27.9147364751167 85.5429597384355,27.9148020506003 85.5430197817025,27.91486762606 85.5430428416099,27.9149652804948 85.5430904121372,27.9150523707817 85.5431385629592,27.9150961736246 85.5432109343134,27.9151510560019 85.5432592302716,27.9151840369477 85.543368150094,27.9152393057652 85.5433983169908,27.9152612715578 85.5434406666879,27.9152833661702 85.5434827988695,27.9153216935582 85.5435128207934,27.915354481186 85.5435183321157,27.9153978330308 85.5435298623355,27.9154466602138 85.5435596667834,27.9154956806209 85.5435588691963,27.9155552008441 85.5435583616395,27.9155930773496 85.5435576365567,27.9156471866426 85.5435569839805,27.915695885006 85.5435441485623,27.9157444545514 85.543512966352,27.9157982417933 85.5434941119864,27.9158413359922 85.5434752576051,27.9158844301878 85.5434440028031,27.915943628339 85.5434311673003,27.9159921978691 85.5434244957377,27.9160354208838 85.5434239156075,27.9160787083129 85.543417244035,27.9161219313264 85.543398172016,27.9161812582922 85.5433795350888,27.9162081196837 85.543348062572,27.9162835505898 85.5433232616406,27.9163157584813 85.543322608941,27.9163644568348 85.5433160823509,27.9163968579833 85.543334066632,27.9164186949564 85.5433703252963,27.9164407251833 85.5434065839755,27.9164627554012 85.5434427701529,27.9164901965384 85.5434971582248,27.9165232418348 85.543539290887,27.9165615692178 85.5435690231102,27.9166160005555 85.5435806259664,27.9166594168031 85.5435861373571,27.9167027686408 85.543610140708,27.9167300809186 85.5436401630404,27.9167628685283 85.5436701128845,27.9168010670607 85.5436938262568,27.9168500230398 85.5437178296665,27.9168773353006 85.5437475620598,27.9169317666039 85.543777439485,27.916975376044 85.5438070269329,27.9170406291934 85.5438431409035,27.9170734811631 85.5438727284154,27.9171387343 85.5439020259772,27.9172256311469 85.5439136290213,27.9172690473703 85.5439316135622,27.9172908842727 85.5439678001447,27.9173183252842 85.5440164597308,27.9173242513542 85.5440593177666,27.917308469301 85.5440658442045,27.9172760681152 85.5441030456247,27.917227756082 85.5441282089762,27.9171684934061 85.5441347353833,27.9171360922153 85.5441414792374,27.9170874582352 85.5441179105824,27.9170276804661 85.5441315432477,27.9169195906459 85.5441263940505,27.9168491841743 85.5441150808939,27.9167841242459 85.5441284235873,27.9166976781406 85.5441900631404,27.91664421268 85.5442147914234,27.9166174155572 85.5442397371259,27.9165743856387 85.5442528622578,27.916504172305 85.5442593161027,27.9164771820327 85.5442602582889,27.9164068399381 85.5442488726089,27.9163471909457 85.5442371245572,27.9163145966044 85.5442380667512,27.9162442545089 85.5442631573019,27.9161904027193 85.5443002857691,27.9161475015387 85.5443738903928,27.9161103975215 85.5443925270626,27.9160835359852 85.5443993431817,27.9160294910474 85.5444368338669,27.9159595351693 85.5444617793199,27.9159165051976 85.544469175099,27.9158191728028 85.5445255920745,27.9157007116136 85.5445509721823,27.9156252160306 85.5445639520545,27.9155658245095 85.544650028828,27.9155072053221 85.5446811379454,27.9154588287282 85.5447182659891,27.9154159274148 85.5447612680628,27.9153893232419 85.5448045598976,27.9153410753245 85.5448354515655,27.9153089314881 85.5448909261281,27.915260812242 85.5449280540202,27.9152179108651 85.5449649645721,27.915191242276 85.5450263131064,27.9151594201146 85.5450874443136,27.9151438307245 85.545118263413,27.9151170977519 85.5451492997796,27.9150741319711 85.5451927361658,27.9150150620509 85.5452297190078,27.9149829824512 85.5452667018281,27.9149509028406 85.5452975932479,27.9149187588894 85.5453163018955,27.914886486273 85.545329063992,27.914843327457 85.5453294984981,27.9148108618518 85.5453302226735,27.9147567525095 85.5453432744134,27.9146919499533 85.5453744553937,27.9146381622423 85.5454116552895,27.9145898497815 85.5454367448474,27.9145359977291 85.5454496516702,27.914482017027 85.5454515343403,27.9143413327217 85.5454290516416,27.9142003911256 85.5453703106614,27.9140374198414 85.5453845208663,27.9138860423102 85.5453985861997,27.9137454866432 85.5453932183555,27.9137227567913 85.5453961560367,27.9136994615323 85.5454273366831,27.91364567379 85.5454342968962,27.9135808068865 85.5454349485734,27.9135321084674 85.5454548154393,27.9134132608464 85.5454495930324,27.913348265299 85.5454503171033,27.9132941559423 85.5454699666795,27.9131915411202 85.5454828008893,27.913142971334 85.5454957798948,27.9130835796739 85.545502595208,27.9130295346309 85.5455218102613,27.9129593854108 85.545516443018,27.9129052117335 85.5454806918662,27.9128453055361 85.5454691609819,27.9127964784758 85.5454276082585,27.9127148642038 85.5454157877821,27.912687680884 85.5453922192539,27.9126279033056 85.5453746695889,27.9125736009814 85.5453630663667,27.9125301848493 85.5453575543955,27.9124868330386 85.5453216586384,27.9124377486771 85.5453290532635,27.9123404161505 85.5453117933131,27.9122644700743 85.545281988873,27.9122154500278 85.5452587101616,27.9121340286847 85.5452472518515,27.9120797906714 85.5452233214612,27.9120470677482 85.5452141339053,27.9120345044763 85.5452143656721,27.9120334439171</coordinates></LinearRing></outerBoundaryIs></Polygon></MultiGeometry>
  </Placemark>
  <Placemark>
	<Style><LineStyle><color>ff0000ff</color></LineStyle><PolyStyle><fill>0</fill></PolyStyle></Style>
      <MultiGeometry><Polygon><outerBoundaryIs><LinearRing><coordinates>85.537666524777,27.9113365939772 85.5376820438204,27.9113151119515 85.5376854169415,27.9112907951476 85.5376887900608,27.9112664783435 85.5377075002375,27.9112342068062 85.5377168917143,27.911215365577 85.537714210067,27.9111882786551 85.5377102111051,27.9111673207386 85.5377208834974,27.9111450559625 85.5377704132792,27.911086053101 85.5378323436247,27.9110109467657 85.5378939827799,27.9109574840757 85.5379922414485,27.9108989983066 85.538015858109,27.9108930992757 85.5380534438564,27.9108780010573 85.5380994911784,27.9108514312621 85.5381636663437,27.9108358772015 85.5382032586925,27.9108362973337 85.5382367235322,27.9108393582814 85.5382945165212,27.9108453832066 85.5383402000074,27.9108458679302 85.5384223939107,27.910849445855 85.5385016877462,27.9108421695784 85.5385506350298,27.9108264537802 85.5385994368192,27.9108215598062 85.5386636482749,27.9108033000486 85.5387216958469,27.9107903865699 85.5387582789904,27.9107880687753 85.538779561578,27.9107910003701 85.5387947166717,27.910796572814 85.5388557007007,27.910791807965 85.5388985931496,27.9107733219732 85.5389443493408,27.9107683955735 85.5390146518425,27.9107502002504 85.5390337092756,27.9107487112116 85.5390451438419,27.9107478177799 85.5390878544542,27.9107428590331 85.539112255323,27.9107404119519 85.5391674753887,27.9107112332171 85.5391832485365,27.9106708127765 85.5391928941949,27.9106330332042 85.5391870575598,27.9106140303841 85.5391688932643,27.9106057202263 85.5391567837376,27.9106001801183 85.53914181043,27.9105810804094 85.5390874266525,27.9105480335282 85.5390269517937,27.9105149220291 85.5389908414242,27.910482068904 85.5389506218509,27.9104527799748 85.538945667132,27.9104437079463 85.5389186207506,27.9104163626273 85.5388641643993,27.9103887265851 85.538818881099,27.9103584819715 85.5387673612595,27.9103389945789 85.5387248326286,27.9103304259277 85.5386672944536,27.9103054629663 85.5386096108295,27.9102913218249 85.5385701277822,27.9102827854348 85.5385152715057,27.9102849093275 85.5384487786234,27.9102463220443 85.538403313632,27.9102296046029 85.5383392116093,27.9102397478704 85.5382900463049,27.910271696366 85.5382714092321,27.910298557079 85.5382558904567,27.9103200391842 85.5382342805721,27.910341456655 85.5382187617832,27.9103629387553 85.5382059063585,27.9103819891798 85.5381142307119,27.9104348873763 85.5380710108326,27.9104777222651 85.5380213359654,27.9105475470963 85.5379902254665,27.91059592216 85.5379100221152,27.9106708346427 85.5378486014692,27.9107080645904 85.5378113997208,27.9107563749574 85.5376881942955,27.9108578893229 85.5376020449887,27.910921915113 85.5374982045348,27.9109424595002 85.5374553481994,27.9109582395847 85.5374430203318,27.9109689320842 85.5373451253385,27.9110003628576 85.5373245788416,27.9110181836768 85.5373113328623,27.9110216508227 85.5372684400672,27.9110401363055 85.5372283379955,27.9110775923251 85.5371974090168,27.9111124398931 85.5371513249685,27.9111417148318 85.5371206143919,27.9111603296289 85.5371019768746,27.9111871901635 85.5370802573649,27.9112167238111 85.5370645925847,27.9112490275994 85.5370581373419,27.9112760174984 85.5370394997884,27.9113028780228 85.5370360901131,27.9113299002637 85.5370265892793,27.9113568578166 85.5370199519677,27.9113973750048 85.5370072963108,27.9114324165867 85.5370077601816,27.9114393511064 85.5369915222415,27.9114728367388 85.5369903706999,27.9114959641507 85.5369818757367,27.9115106161204 85.5369478645559,27.9115481367358 85.5369353909199,27.9115696510175 85.5369259628636,27.9115911976443 85.536910297979,27.9116235014096 85.5369038426716,27.9116504912976 85.5368973145329,27.9116828921013 85.5368599663599,27.9117420240084 85.5368596750407,27.911763667673 85.536862502141,27.9117799327695 85.5368683384177,27.9117989356721 85.5368679742699,27.9118259902527 85.5368676829512,27.9118476339172 85.5368582912701,27.9118664750791 85.5368428083998,27.9118852515431 85.5368242799308,27.9119039956561 85.5368057150388,27.9119254452243 85.5367932049116,27.9119496649472 85.536786749552,27.9119766548267 85.5367864946325,27.911995593032 85.5367832669507,27.9120090879714 85.5367795294253,27.9120604593209 85.5367822472671,27.9120848407918 85.5367635366631,27.9121171121836 85.5367509536661,27.9121467428164 85.5367507351567,27.9121629755631 85.5367625533791,27.9121901595443 85.5367866996851,27.9122066510947 85.5368232104904,27.9122097447499 85.5368690401812,27.9121994081514 85.536905769474,27.9121862690371 85.5369302799404,27.9121757059832 85.5369793372719,27.9121518744037 85.5370008749476,27.9121358680746 85.537034704249,27.9121118747463 85.5370592510973,27.9120986062101 85.5371082355486,27.9120801854985 85.5371725207904,27.9120565155605 85.537203122399,27.9120460171386 85.5372146006685,27.9120435971684 85.5372396331676,27.912049110682 85.5372759255087,27.9120684369665 85.5372971354854,27.9120767797149 85.5373610202562,27.9120828697312 85.537394667455,27.9120724036037 85.5374284238513,27.9120538210918 85.5374299417729,27.9120519802549 85.5374375970474,27.9120512126403 85.5374621802363,27.9120352385711 85.5374960822078,27.9120058342066 85.5375146469825,27.911984384541 85.5375362573458,27.9119629672059 85.5375456489207,27.9119441259938 85.5375612772731,27.9119145276112 85.5375828512158,27.9118958157265 85.5376043159614,27.911885220215 85.5376228442976,27.9118664759917 85.5376364055569,27.9118453894291 85.5376753108863,27.9118156218932 85.5376945306875,27.9117454739368 85.5376956952967,27.9116588992452 85.537684750348,27.9115667843161 85.5376738782026,27.9114692584673 85.5376606741772,27.9113701089451 85.537666524777,27.9113365939772</coordinates></LinearRing></outerBoundaryIs></Polygon></MultiGeometry>
  </Placemark>
  <Placemark>
	<Style><LineStyle><color>ff0000ff</color></LineStyle><PolyStyle><fill>0</fill></PolyStyle></Style>
      <MultiGeometry><Polygon><outerBoundaryIs><LinearRing><coordinates>85.537883662506,27.9121777109145 85.5379108182025,27.9121969400593 85.5379122033998,27.9122012271487 85.5379195911193,27.9122240916268 85.5379283640402,27.9122512431938 85.5379616473615,27.91226783152 85.5379985221091,27.9122438702732 85.5380569707685,27.9122011970569 85.538093845473,27.9121772357827 85.5381026991493,27.9121545482496 85.5381401844206,27.9121290223235 85.5381832594317,27.9120970092851 85.53830573829,27.9120496037246 85.5384947837137,27.9120353744551 85.5386288628309,27.9120313852087 85.5387099951917,27.9120492540365 85.538753295991,27.9120651753557 85.5387604023966,27.9120652507373 85.5387715695941,27.9120653691939 85.5387831969155,27.9120649190072 85.5388264267708,27.9120632452336 85.5388936118079,27.9120504286241 85.5389609786457,27.9120240846786 85.5389917982648,27.9119973530889 85.5390286363426,27.9119760970139 85.5390502100565,27.9119573848904 85.539111812839,27.9119066271208 85.5391853434446,27.9118749367347 85.5392586922319,27.9118567736123 85.5392983576806,27.9118517825219 85.5393351592983,27.9118332318213 85.5393598148792,27.9118118464782 85.5393753336695,27.911790364253 85.5394489004752,27.9117559682586 85.5394555005649,27.911718156383 85.5394073163693,27.9116770578058 85.5393345130239,27.9116546390968 85.5393042388959,27.9116407888552 85.5392556548872,27.9116294502995 85.539197752341,27.9116315421433 85.5391670783078,27.9116474519426 85.5391116759604,27.9116901579595 85.5390957571833,27.9117414002226 85.5390890842485,27.9117846229975 85.5390581919946,27.9118167655344 85.5390062714517,27.9118270382747 85.5389850250169,27.9118214012467 85.5389591987051,27.9118178438334 85.5389549690687,27.9117913181649 85.5389313315917,27.9117369505366 85.5388955845056,27.911677042772 85.5388292361143,27.9116276338005 85.5387747791953,27.9115999977054 85.5387203950414,27.911566950669 85.5386233727246,27.9115334512945 85.5385630429716,27.9114895177398 85.5384169276914,27.9114825558543 85.5383378880272,27.9114708938437 85.5382279559887,27.9114913741346 85.5381541343346,27.9115447076883 85.5380489835013,27.9116626490161 85.5380299094868,27.9117219751941 85.5379610143583,27.9118619479783 85.5379112659687,27.9119371836481 85.5378612991663,27.9120286520517 85.5378482433948,27.9120934537659 85.537859843546,27.9121368704182 85.5378806532953,27.9121749731305 85.537883662506,27.9121777109145</coordinates></LinearRing></outerBoundaryIs></Polygon></MultiGeometry>
  </Placemark>
  <Placemark>
	<Style><LineStyle><color>ff0000ff</color></LineStyle><PolyStyle><fill>0</fill></PolyStyle></Style>
      <MultiGeometry><Polygon><outerBoundaryIs><LinearRing><coordinates>85.5353152137789,27.9115470223921 85.5354001984499,27.9115695727132 85.5354852560561,27.9115867120701 85.5355890974389,27.9115661692404 85.5356622643021,27.9115615353311 85.535791053346,27.9114979640298 85.535846383953,27.9114606703075 85.5359325346836,27.9113966456761 85.5359880109354,27.9113485300639 85.5360312319671,27.9113056958784 85.536093090743,27.9112360012927 85.5361731500072,27.9111719117675 85.5362658286027,27.9110754861429 85.5363155776796,27.9110002510867 85.5364268936319,27.9108769649164 85.5365076808777,27.9107587660158 85.5365454659271,27.9106671686931 85.5365708501645,27.9105916746933 85.5366021797951,27.9105270672247 85.5366271269317,27.9104840387098 85.5366526567362,27.9103977228558 85.536678186497,27.9103114069944 85.5367034248826,27.9102467347936 85.5367474463202,27.9101443802612 85.536754702688,27.9100578702836 85.536768195777,27.909960603166 85.536781470354,27.9098795687972 85.5368129452883,27.9098041394266 85.5369786420626,27.9097139004634 85.5370396255226,27.9097091363977 85.53715528294,27.9097157762616 85.5372405578523,27.9097166817383 85.5372889951666,27.909738842805 85.5373431757409,27.9097468374684 85.5373542876468,27.9097484770957 85.5374657816959,27.9097298963685 85.5375881125445,27.90969331318 85.5377107344393,27.9096350861999 85.5378638115022,27.9095771823446 85.537888394055,27.90956120817 85.5379801965365,27.909529712307 85.5381328367622,27.9095042736663 85.5382608216926,27.9095002200234 85.5383642241509,27.9095121405286 85.5384800269783,27.9095079574317 85.5385467376505,27.9095303119211 85.5386133756156,27.9095580773013 85.5387046687892,27.9095644574034 85.5387721068263,27.9095327025619 85.5388694910527,27.9095391471611 85.5389426564912,27.9095345114505 85.5390406224508,27.9094976685441 85.5390530227078,27.9094815649638 85.5391143695433,27.909449745354 85.5392058807895,27.9094398923508 85.5392852099123,27.9094299101187 85.5393708481702,27.9094037596485 85.5394749049311,27.9093669810025 85.539524214865,27.909324210202 85.5395491605711,27.9092811810961 85.5395743243179,27.9092219192106 85.5396298705556,27.9091683910883 85.5397097808916,27.9091151212017 85.5397470539018,27.9090613993321 85.5397660537768,27.9090074837661 85.539864455032,27.9089381746889 85.539883309484,27.9088950809542 85.5399700371796,27.908787766199 85.5400254376719,27.9087450597504 85.5400928021746,27.9087187151508 85.5402389139404,27.908725675124 85.5403542074053,27.9087593669046 85.540469646228,27.9087822367368 85.5405544847134,27.9088156056992 85.540632869061,27.9088759647259 85.5407359807618,27.9089095271496 85.5408082016224,27.9089752324909 85.540831694272,27.9090404216868 85.5408733148269,27.9091166262757 85.5409333538148,27.9091822025307 85.5410490110681,27.9091888391129 85.5411102845822,27.9091624295126 85.5411594485884,27.9091304799547 85.5411699725076,27.9091159111154 85.5411904846428,27.9090875150401 85.541190484654,27.9090875150245 85.5411987754504,27.9090749755262 85.5412213754857,27.9090553719437 85.5412582121312,27.9090341152091 85.5413439948534,27.9089971416224 85.5414051230016,27.9089815537421 85.5415395613173,27.9089505068652 85.5416127988972,27.9089404587866 85.5417470193781,27.9089256444933 85.5418386751728,27.9089049678535 85.5418817478266,27.9088729535539 85.5419127109667,27.9088353993764 85.5419437466528,27.9087924342601 85.5419593151542,27.9087808627394 85.5420662927995,27.9087396141987 85.5420787650904,27.9087180993928 85.5421218376003,27.9086860850119 85.5421648375288,27.9086594815478 85.5422385101851,27.9086169675369 85.5423057290243,27.9086014436947 85.5423664215531,27.9086183209646 85.5424146418889,27.9086567130492 85.542421483968,27.9086621605722 85.5424358516448,27.9086650549999 85.5424570614041,27.9086733969474 85.5424781623555,27.90868985529 85.5424991907736,27.9087117245618 85.5425141281754,27.9087335293909 85.542532111096,27.9087553664381 85.5425684033735,27.9087746913308 85.5425834133335,27.9087910852207 85.5425921871981,27.9088182365374 85.5425981766756,27.9088258762747 85.5426071609001,27.9088373358912 85.5426251801232,27.9088564674611 85.5426737270489,27.9088705102652 85.5427012454917,27.9088626838124 85.5427226003696,27.9088602038559 85.5427592553545,27.9088524740373 85.5427806827557,27.9088445831389 85.5428141471672,27.9088476429568 85.5428493493139,27.9088346793217 85.5428508746652,27.9088345021805 85.5429609483327,27.9088031961904 85.5430649309123,27.9087718256945 85.5431563688454,27.908767380964 85.5432728234001,27.9087144953939 85.5434139319135,27.9086402235848 85.5435361147938,27.9086144568544 85.5436701897352,27.908610462531 85.5437740994727,27.9085845024194 85.5438661170125,27.908536769726 85.5440254979536,27.9084626904016 85.5441355709461,27.9084313834442 85.5442516624378,27.9084055516953 85.5443130796885,27.9083683187475 85.5443565861079,27.9083038380142 85.5443572220233,27.9082563420061 85.5443726105203,27.9082444785996 85.5443912457483,27.9082176169827 85.5444346071741,27.9081639580939 85.5444409879382,27.9081423786984 85.5444232944867,27.9080988981386 85.5444238015819,27.9080610215774 85.5444212772802,27.908052804215 85.5444121266962,27.9080230163077 85.5443580322395,27.9079683277346 85.5443465747221,27.9079140896483 85.5443351896606,27.9078544406237 85.5443174238469,27.9078163709893 85.5442692031657,27.9077779795551 85.5442330920152,27.9077451277662 85.5441974156,27.9076798103461 85.544173848706,27.9076200325836 85.5441380999099,27.9075601260869 85.5440897344902,27.9075325564691 85.5440656604771,27.9075106552488 85.5440053305645,27.9074667240546 85.5439689297446,27.9074555159489 85.5439313688286,27.9074551189755 85.5438742300438,27.9074761618837 85.5438003413655,27.9075349096386 85.5437510338864,27.9075776820753 85.5436652530546,27.9076146572421 85.5434749108981,27.9077262907712 85.5433525115311,27.9077682902927 85.5431328739959,27.9077930263642 85.5430654382342,27.9078247834381 85.543028674851,27.9078406297544 85.5429431111288,27.907861371651 85.5428395645243,27.9078602764887 85.5426749631075,27.90786935882 85.5425345805084,27.9078895205699 85.5424552527252,27.9078995047298 85.5423392339708,27.9079199240382 85.5422595434056,27.907956962745 85.5421981257346,27.9079941947614 85.5421306704633,27.9080072735938 85.5421005974626,27.907998574423 85.5420032143107,27.9079921321521 85.5419482503463,27.9080023738564 85.54188719539,27.9080125510725 85.5418141036014,27.9080117774609 85.5417168656177,27.9079945131259 85.5416255009045,27.907993545993 85.5415221719938,27.9079762170447 85.5414187705283,27.9079642989502 85.5413492898072,27.9079668103319 85.5413093507084,27.9079469053578 85.5411694034442,27.9079346001247 85.5411306084794,27.9079297348999 85.5411026931351,27.9079122469173 85.5409267084161,27.9078616779289 85.5408358521865,27.9078228337744 85.5408236702369,27.9078227047466 85.5406961956653,27.907788884354 85.5405866308995,27.9077823120547 85.5404533560382,27.9077267832032 85.5403377730412,27.9077147352521 85.5401978988834,27.9076970181196 85.5400704246682,27.907663197157 85.5400042178114,27.9076500804635 85.5399914783656,27.9076447725291 85.5398579133298,27.9076108868253 85.5397669850491,27.9075774529133 85.539688093375,27.9075549699208 85.5395238557612,27.9075369938641 85.5394509824332,27.9075199862338 85.5393235813827,27.9074807536703 85.5392510716165,27.9074366913099 85.5391667435373,27.907365445118 85.5390394881961,27.9073153904517 85.5388755419501,27.9072757699406 85.538790777929,27.9072369890776 85.5386139954916,27.9072459373762 85.5384612858135,27.9072767876066 85.538387903671,27.90729765589 85.5383263396537,27.9073457079935 85.538264048116,27.9074478692967 85.5382204657927,27.9075177589118 85.5381278648079,27.9076087751587 85.5380415728974,27.9076836232051 85.5380412091046,27.9077106778161 85.5379734082168,27.9077694869528 85.5379171342915,27.9078771236315 85.5378551331242,27.9079576410296 85.5378175685256,27.90803300606 85.5377739128962,27.9081083064295 85.5376628197436,27.9082153611398 85.5375642722685,27.9082954904637 85.5374896518832,27.9084083438794 85.5373476663752,27.9085475405175 85.5372370091584,27.9086221293272 85.5371450616524,27.9086644465584 85.5370589866535,27.9087230611633 85.5368451459537,27.9087694954318 85.5366970681397,27.9089086266519 85.5365984464983,27.9089941661437 85.5364632056952,27.9090847282319 85.5363522559525,27.9091809599493 85.5362900343179,27.909277709306 85.5361974302086,27.909368724114 85.5360803888908,27.9094648908678 85.5359998936856,27.909561445895 85.5359739992597,27.9096748162042 85.5359602140374,27.9097937268843 85.5359221373586,27.9099069677118 85.5358475869989,27.9100144091902 85.5357977652128,27.9100950550075 85.5357541801976,27.9101649437155 85.5356540989526,27.910358700733 85.5356156572935,27.9104989960179 85.5354799764154,27.9106220225017 85.5353875891537,27.9106968039382 85.5353376208919,27.9107882713829 85.5353188372065,27.9108259534896 85.5352496476451,27.9109875684754 85.5352001165858,27.9110465703808 85.535174366728,27.9111491186457 85.5351118511982,27.91126751101 85.535056228782,27.9113264480809 85.5349761687721,27.9113905369259 85.5349512207709,27.9114335651035 85.5350115489575,27.9114775001841 85.5350724605372,27.9114781479437 85.5351455544356,27.9114789252196 85.5352000103032,27.9115065627128 85.5352667214312,27.9115289188058 85.5353011206803,27.9115309835705 85.5353152137789,27.9115470223921</coordinates></LinearRing></outerBoundaryIs></Polygon></MultiGeometry>
  </Placemark>
  <Placemark>
	<Style><LineStyle><color>ff0000ff</color></LineStyle><PolyStyle><fill>0</fill></PolyStyle></Style>
      <MultiGeometry><Polygon><outerBoundaryIs><LinearRing><coordinates>85.536262369188,27.8943614277545 85.5362224552333,27.8943853564692 85.5362191188977,27.8944069678384 85.5362309716729,27.8944314463903 85.5362639581656,27.894469678664 85.5362818647647,27.8944969273618 85.5362967262666,27.8945241437154 85.5363358394256,27.8945597351935 85.5363655624797,27.8946141678888 85.5363712522885,27.8946439926766 85.536416346536,27.894687765208 85.5364282357834,27.8947095382806 85.5364550594047,27.8947531167621 85.5364667666733,27.894788417153 85.5364663662879,27.8948181772599 85.5364691202133,27.8948398533127 85.5364717285449,27.8948723512224 85.536468392239,27.8948939625974 85.5364739364924,27.8949346092383 85.5364795535465,27.8949698449505 85.5364823074768,27.8949915210028 85.5364973510827,27.8950052100163 85.5365042281807,27.8950114678673 85.5365507073609,27.8951140106657 85.5366343694213,27.8952339565126 85.536779516527,27.8953112615457 85.5368515806995,27.8953877905107 85.5369336422154,27.89562677663 85.5369814911279,27.89569222504 85.5371259114181,27.8958236390285 85.5372468440219,27.895889863142 85.5374049005806,27.8959131875514 85.5374894371825,27.8959682017648 85.5375744103468,27.8959907503475 85.5377936610741,27.8959930768947 85.5378622791804,27.8959861947431 85.5379063679616,27.8959915668803 85.5379916321436,27.8959924714847 85.5380587708757,27.8959823603455 85.5381686144003,27.895967290482 85.5382552600981,27.895865387216 85.5383537226733,27.8957906677425 85.5384709648709,27.8956782654381 85.5385572465724,27.8956034166232 85.5386553452508,27.8955557515804 85.5387657697635,27.8954973937526 85.5388819210347,27.8954661550729 85.5389976362028,27.8954673818974 85.5390643385173,27.895489735857 85.5391250959201,27.8955012033549 85.5391675098462,27.895517888083 85.5392038335092,27.8955345082404 85.539258137373,27.895572965796 85.5392882981297,27.8955949323109 85.5393362938001,27.8956495580872 85.5393842168633,27.895709594783 85.5394684637676,27.8957862515555 85.5395165322602,27.8958354663391 85.5395951249269,27.8958795928836 85.5396803164446,27.8958859073755 85.5397473823556,27.8958812063403 85.5398143029941,27.8958873271438 85.5398689704133,27.8958987297923 85.5399363268409,27.895872384921 85.5399619953109,27.8957752461739 85.5399627942011,27.8957157258753 85.5399512672647,27.8956668983985 85.5399279229097,27.8955908871871 85.5398986335653,27.8955039895724 85.5398328026345,27.8954167047761 85.5397968420735,27.8953730301015 85.5397973505073,27.8953351535485 85.5397856784105,27.8952971479319 85.5397682429139,27.8952347285691 85.5397323187543,27.8951883484117 85.5396963219872,27.8951473791819 85.539666633418,27.8950902416724 85.5396524610613,27.8950116217571 85.5396376712816,27.8949789947969 85.5396142183112,27.894911099943 85.5396089997644,27.8948461041714 85.5396161432943,27.8947677101362 85.5396135703414,27.8947325067818 85.5395716651392,27.8946779456455 85.5395475947959,27.8946560437385 85.5395206972836,27.8946178767484 85.5395242145871,27.894582737935 85.5395064887556,27.8945419622873 85.5394823821316,27.8945227658382 85.539458287633,27.8945026675672 85.5394462403736,27.8944926184231 85.5394375046126,27.8944627614571 85.5394394721346,27.8944444295579 85.5394409856113,27.8944303281139 85.5394478386293,27.8943735778306 85.5394359124741,27.8943545104641 85.539420941218,27.8943354108235 85.5394028885378,27.8943189843762 85.5393817544335,27.8943052311208 85.5393514486975,27.894294086507 85.5393171398113,27.8942840591183 85.5392310250572,27.8941899876952 85.5391348897661,27.8940915579556 85.5391364883355,27.8939725173728 85.5391012551483,27.8938747331803 85.5390294809543,27.8937765616118 85.538945817226,27.8936566171369 85.5389471252924,27.8935592202987 85.5389482880125,27.8934726453302 85.5389252354469,27.8933749902277 85.5388895665866,27.893309671601 85.5388803862301,27.8932971147562 85.5388806130417,27.8932960474108 85.5388752496201,27.8932418734874 85.5388575605671,27.8931983922983 85.5388217464509,27.8931438955272 85.5387616444938,27.8930837295244 85.5387440281883,27.893034837387 85.5387385921629,27.8929860743948 85.5387150311113,27.8929262958098 85.5386548566473,27.8928715407007 85.5386128799277,27.8928223902393 85.5385828654283,27.8927896017319 85.538565539992,27.8927190658336 85.5385662668568,27.8926649564811 85.5385791739418,27.8926109762878 85.538567865952,27.8925459159039 85.5385440870186,27.8925023700992 85.5385082005872,27.8924532841913 85.5384604247523,27.8923824253658 85.5384370820459,27.8923064139332 85.5384193206125,27.8922683436298 85.5383777803884,27.8921867274942 85.5383424030023,27.8920997650015 85.5383436388275,27.8920077791028 85.5383690895458,27.8919268734253 85.5383518370544,27.8918509265667 85.538352854776,27.8917751734707 85.5384091918686,27.8916621251017 85.5384283343225,27.8915973876267 85.5384358781656,27.8914892334938 85.5384614013639,27.8914029168501 85.5384681455931,27.8913542830078 85.5384627097395,27.8913055200011 85.5384266783368,27.8912672559523 85.5384027543358,27.8912345320003 85.5383362001269,27.8912013559397 85.5382692097803,27.8912006454628 85.5381165227757,27.8912314962334 85.5380311169024,27.8912414137177 85.5379271500607,27.8912727810726 85.5378718307341,27.8913100761545 85.5378099850119,27.8913797722085 85.5377667002309,27.8914280183342 85.5376989097782,27.8914868278506 85.5376733859587,27.8915731443283 85.5376657686214,27.8916867093229 85.5376592421934,27.8917191103078 85.5376343728495,27.8917567283686 85.5376210290369,27.8918431740677 85.5375590373714,27.8919236918532 85.5374977002494,27.8919555112073 85.5373875697648,27.8919922244269 85.5372340811773,27.8920825944231 85.5370208557001,27.8920857428641 85.5369537920837,27.8920904426591 85.5368253910596,27.8921269614641 85.536697572176,27.8921201926967 85.5365752611221,27.8921567759254 85.5365074695802,27.8922155848078 85.5364760001171,27.8922910144806 85.536481289526,27.8923505993879 85.5364620729818,27.8924207474668 85.5364614178687,27.89246944584 85.5364790330547,27.8925183382306 85.5364717055213,27.8926102593731 85.5365496395211,27.8927030859124 85.5365974869946,27.8927685344249 85.536614592797,27.8928553033131 85.5366070469874,27.892963457253 85.536600010655,27.8930337346788 85.5366108807865,27.893131260758 85.5366220420725,27.8932071431153 85.5366395846511,27.8932614464177 85.5366633629572,27.8933049925185 85.5366629990424,27.8933320471745 85.5366624167773,27.8933753346155 85.5366493630725,27.8934401364439 85.536624056253,27.8935102198645 85.5366232556108,27.8935697400933 85.5366347808626,27.8936185677977 85.5366521779349,27.8936836929579 85.536657176333,27.8937649215722 85.5366682649107,27.8938462148524 85.5366552111393,27.893911016675 85.5366361399546,27.8939703428974 85.5365004817115,27.894093371501 85.5363839673412,27.8941516628529 85.5362971757813,27.8942643868088 85.5362630357759,27.8943612708445 85.536262369188,27.8943614277545</coordinates></LinearRing></outerBoundaryIs></Polygon></MultiGeometry>
  </Placemark>
  <Placemark>
	<Style><LineStyle><color>ff0000ff</color></LineStyle><PolyStyle><fill>0</fill></PolyStyle></Style>
      <MultiGeometry><Polygon><outerBoundaryIs><LinearRing><coordinates>85.5397752520464,27.8947125732083 85.5397898965718,27.8947560220284 85.5398045411082,27.894799470847 85.5398191130248,27.8948483306009 85.5398400657154,27.8948756111359 85.539857501206,27.8949380304921 85.5398568838577,27.8949840234532 85.5398865725025,27.8950411609253 85.5399285143116,27.8950930165061 85.5399525122024,27.8951203292884 85.5399641117177,27.8951637458301 85.5399698025421,27.8951935705056 85.5400058357415,27.8952318341998 85.5400387149024,27.8952781820302 85.5400409612023,27.895337734595 85.5400432801245,27.8953918762227 85.5400639424897,27.8954408004745 85.5400879404882,27.8954681132361 85.5400997579449,27.8954952969575 85.5401020944781,27.8955302129724 85.5401023310618,27.8955305003056 85.5401867235903,27.895596334781 85.5402345745026,27.8956617821354 85.5403188219959,27.8957384384097 85.5404032148172,27.8958042727617 85.5405360397392,27.8958922668242 85.5406085425846,27.8959363283071 85.5407161355283,27.8960889954689 85.5407519515163,27.8961434917978 85.5408607061902,27.8962095838504 85.54089380374,27.8962396986706 85.5409057666439,27.8962560604651 85.5409355650354,27.8963050813278 85.5409837795895,27.8963434737534 85.540991391585,27.8963484817299 85.5409950893197,27.8964085339742 85.5410069796744,27.8964303066884 85.5410971009235,27.8965232598172 85.5411083381635,27.8965937309687 85.5411073221537,27.896669484105 85.5411855532533,27.8967406644763 85.5412460213548,27.8967737748259 85.5413119993469,27.8968502371272 85.5413291094244,27.8969370055477 85.5413403468455,27.8970074766835 85.5413450585399,27.8971103489827 85.5413504232945,27.8971645228344 85.5413860222564,27.8972352518313 85.5414646167174,27.8972793773678 85.5415247949874,27.8973341313621 85.5416276785746,27.8973839255847 85.5416884373508,27.8973953919995 85.5417037721367,27.8973874367208 85.5417162430874,27.8973659218668 85.5417195421841,27.8973470158051 85.5417015612088,27.8973251786945 85.5416805713223,27.897300603886 85.5416564999814,27.8972787023174 85.5416445731357,27.897259635123 85.5416357640311,27.8972351892158 85.5416300726665,27.8972053645962 85.5416273176703,27.8971836886124 85.5416157898559,27.8971348612506 85.541613252509,27.897096952449 85.5416168055316,27.8970591081022 85.5416261587271,27.8970429719664 85.5416356207404,27.897018719421 85.5416390286578,27.8969916969514 85.5416395002117,27.8969565258458 85.5416276822224,27.8969293422415 85.541615791691,27.8969075695756 85.5416009285333,27.896880353742 85.5416012550008,27.8968560045151 85.5415713473388,27.896815100192 85.5415475663265,27.8967715548507 85.5415448839044,27.8967444679257 85.5415515546578,27.8967012448685 85.541551953684,27.8966714847021 85.5415254902928,27.8966008524325 85.5415291158723,27.8965575971465 85.5415326326221,27.8965224582691 85.5415303492355,27.8964656111764 85.5415275942709,27.8964439351898 85.5415160302886,27.896397813289 85.5414943233005,27.8963780627452 85.5414950043383,27.8963759439271 85.5414835492046,27.8963217056148 85.5414596232195,27.8962889821396 85.541435987467,27.8962346149031 85.5414308403572,27.8961642082294 85.541419530383,27.8960991480332 85.5413834963956,27.8960608846836 85.5413658784774,27.8960119928388 85.5413481154577,27.8959739228709 85.5413304975678,27.8959250310221 85.5413433311999,27.8958764614966 85.5413563824914,27.8958116591505 85.5413542505384,27.8957851115925 85.5413630532443,27.8957684360974 85.5413881399812,27.8957145845515 85.5413885753131,27.8956821189132 85.5413893008647,27.8956280095157 85.5414049619094,27.8955957050305 85.5414083698223,27.8955686825617 85.5413965520259,27.8955414989402 85.5413941235977,27.8954954737206 85.5413794783377,27.8954520250474 85.5413705968651,27.8954329900647 85.541346743654,27.8953948556347 85.5413410887197,27.8953623255323 85.541335578902,27.8953189735498 85.5413270602324,27.8952728838651 85.5413093336138,27.8952321084234 85.5412883804795,27.8952048280967 85.5412584733627,27.8951639237178 85.5412375565344,27.8951339379142 85.5412013052285,27.8951119073456 85.5411989309038,27.8951117062209 85.5411892698388,27.8951009565275 85.5411379743278,27.8950652374193 85.5411107858797,27.8950487144751 85.5410805523133,27.8950321592888 85.5410502461862,27.8950210150355 85.541023057763,27.8950044920749 85.540971580919,27.8949823002563 85.5409384111317,27.8949575963918 85.5408992236894,27.8949274170987 85.5408416566629,27.8949051607516 85.5408053692253,27.8948858355535 85.5407329032677,27.8948390687218 85.5406904167507,27.8948277954137 85.5406509753632,27.8948165543392 85.5405998253518,27.8947700131639 85.5405636831911,27.8947398660281 85.5405030712202,27.8947175772971 85.5404184250459,27.8946706813096 85.5403608219592,27.8946511302387 85.5402939020346,27.8946450097274 85.5402778393703,27.8946453315588 85.5402696137237,27.8946393407548 85.5402300635385,27.8946362159705 85.5401875045476,27.8946303534496 85.5401420819828,27.8946109313145 85.5401147848828,27.8946025245891 85.5400812886355,27.8946021697472 85.5400295580189,27.8945989158706 85.5400022246212,27.8945932145919 85.5399750364711,27.8945766914335 85.5399417581053,27.8945601037466 85.5399083708118,27.8945516324576 85.5398659208172,27.8945376534338 85.5398140812964,27.8945425158829 85.5397743132695,27.8945556237797 85.5397345815504,27.8945660261964 85.5397160929742,27.8945820654068 85.5397128662738,27.8945955604813 85.5397215658026,27.8946281229009 85.5397181938309,27.8946524398485 85.5397330562299,27.8946796558643 85.5397376067632,27.8946832057771 85.5397752520464,27.8947125732083</coordinates></LinearRing></outerBoundaryIs></Polygon></MultiGeometry>
  </Placemark>
  <Placemark>
	<Style><LineStyle><color>ff0000ff</color></LineStyle><PolyStyle><fill>0</fill></PolyStyle></Style>
      <MultiGeometry><Polygon><outerBoundaryIs><LinearRing><coordinates>85.5411369652318,27.8915919242093 85.5411352794669,27.8916040827134 85.5411351706339,27.8916121991269 85.5411364029279,27.8916338590123 85.5411331946461,27.8916460014001 85.5411299682246,27.8916594965234 85.5411252374248,27.8916716227947 85.5411280647897,27.891687887854 85.5411278108436,27.8917068261518 85.5411291882484,27.8917176641525 85.5411243667503,27.8917365541014 85.5411151046722,27.8917459265519 85.5410951124118,27.8917605971277 85.5410858866083,27.891767264105 85.5410750475873,27.8917806786424 85.5410688486769,27.8917887305877 85.5410610909677,27.8917994718867 85.5410529885963,27.8918359151594 85.5410360413486,27.8918506179598 85.5410267611125,27.891861343139 85.5410174264531,27.8918761265239 85.54100191101,27.8918976091144 85.5409925763439,27.8919123924973 85.5409908724154,27.8919259037338 85.5410164468633,27.8919491742382 85.5410375626025,27.8919642799733 85.5410540926456,27.8919806900892 85.5410705864137,27.8919998056742 85.5410750088574,27.892010675909 85.5410868987899,27.8920324486121 85.5410974294623,27.8920420305783 85.5411080326946,27.8920462016017 85.5411238166562,27.8920480210896 85.5411338792838,27.8920491810536 85.5411430144138,27.8920492777517 85.5411566989701,27.892050775533 85.541170260523,27.8920533350254 85.5411794914493,27.8920543991119 85.5411960850122,27.8920660746376 85.5412066519743,27.8920729511248 85.5412187142527,27.89208187283 85.5412276861433,27.8920941441423 85.54123439239,27.8921050385457 85.5412426120918,27.8921166254317 85.54125164747,27.8921241621682 85.5412751740236,27.8921298228929 85.5412804756476,27.8921319083981 85.5412956192593,27.8921381568555 85.5413100106798,27.8921437208862 85.5413160191557,27.8921498726541 85.5413189644487,27.8921573449286 85.5413196894364,27.892160058457 85.5413194264501,27.8921796731229 85.5413208673573,27.8921857765474 85.5413206859874,27.8921993039032 85.5413190365044,27.8922087569378 85.5413142512873,27.8922249414212 85.5413217188125,27.892235843878 85.5413353217796,27.8922434289527 85.5413480455978,27.8922597987503 85.541358540042,27.8922720861691 85.5413584312225,27.8922802025825 85.5413643943672,27.8922897361876 85.5413680737248,27.8922992456216 85.5413671583019,27.892310735817 85.5413700310564,27.8923236190329 85.5413752510778,27.8923317918451 85.5413843227555,27.8923366231025 85.5413980073522,27.8923381208614 85.5414093900244,27.8923409471842 85.5414143969129,27.8923417431751 85.5414192411034,27.8923444337606 85.5414313487685,27.8923499736096 85.5414456767496,27.892360272202 85.5414623882676,27.8923631549164 85.5414738072147,27.8923632757628 85.5414943522524,27.8923641696518 85.541508045922,27.8923649910321 85.5415370011244,27.8923632680615 85.541540903708,27.892364041272 85.5415415596363,27.8923639927655 85.5415561143077,27.8923573821508 85.5415653401357,27.8923507151433 85.54158184945,27.892350889848 85.5415874167655,27.8923509487623 85.5415966153906,27.8923463108563 85.5416051615533,27.8923335484795 85.5416098651325,27.8923234512955 85.5416229607354,27.892312089987 85.5416231982335,27.8923089643481 85.5416235785253,27.892303959445 85.541623885198,27.8922999234209 85.5416134813874,27.8922808723425 85.5416082341498,27.8922747286423 85.5416068022921,27.8922679488524 85.5416078355567,27.892247665872 85.5416125300648,27.8922382450554 85.5416157927143,27.8922220444488 85.5416167443765,27.892207848779 85.541611669409,27.8921888540894 85.5416041837235,27.8921793043831 85.5415953296508,27.8921582403111 85.5415809835468,27.8921492944703 85.5415658943173,27.8921389878365 85.5415591971017,27.8921274170801 85.5415577802374,27.8921274402253 85.5415561792566,27.892125355753 85.5415517295589,27.8921165146354 85.5415504246449,27.8921002656948 85.5415467724781,27.8920887271615 85.541544579365,27.8920819393151 85.5415370846253,27.8920730659733 85.5415264904396,27.8920682186142 85.5415114102938,27.8920572356071 85.5415040152988,27.8920409222172 85.5414957865064,27.8920300117136 85.5414829357467,27.8920231110793 85.5414732207063,27.8920094789906 85.5414499117893,27.8919875854719 85.5414469349306,27.8919851088087 85.5414454167674,27.8919821261905 85.5414305361317,27.8919562630825 85.5414186461364,27.8919344904066 85.5414037292417,27.8919113327674 85.5413993974472,27.8918936988635 85.541390606911,27.891867900205 85.5413725905846,27.891848768543 85.541357764392,27.891818847221 85.541344297498,27.8918011166326 85.5413279669378,27.8917698264581 85.5413225116483,27.8917224162533 85.5413170019526,27.8916790642552 85.5413098427876,27.8916451652923 85.5412967930691,27.8915963217793 85.5412852477392,27.8915488471153 85.5412706188911,27.8915336307737 85.5412591115739,27.8915106885112 85.541246378783,27.8914949950753 85.5412412676333,27.8914787058453 85.5412332112143,27.8914549443389 85.541202217344,27.8914383811506 85.5411833038273,27.8914293869263 85.5411719303252,27.8914258842204 85.5411650608784,27.8914271644356 85.5411597048754,27.8914291371339 85.5411550919902,27.8914324706256 85.5411527265973,27.8914385337621 85.5411495636705,27.8914472943119 85.5411448872991,27.8914553623779 85.5411409903224,27.891462085766 85.5411377729777,27.8914749045223 85.541137655076,27.8914836973037 85.54113745555,27.8914985773954 85.5411373195094,27.8915087229124 85.5411371562607,27.8915208975328 85.5411339117053,27.8915357453921 85.5411313830591,27.8915539831484 85.5411312832954,27.8915614231941 85.541138669135,27.8915784129696 85.5411390029697,27.8915834009725 85.5411369652318,27.8915919242093</coordinates></LinearRing></outerBoundaryIs></Polygon></MultiGeometry>
  </Placemark>
  <Placemark>
	<Style><LineStyle><color>ff0000ff</color></LineStyle><PolyStyle><fill>0</fill></PolyStyle></Style>
      <MultiGeometry><Polygon><outerBoundaryIs><LinearRing><coordinates>85.5411374567417,27.8906290254183 85.5411377106746,27.8906100871175 85.541134992157,27.8905857056423 85.5411352823659,27.8905640618698 85.5411356088506,27.8905397126256 85.5411450340604,27.890518165546 85.5411635942662,27.8904967151571 85.5411760281907,27.8904779057769 85.541188462111,27.8904590963954 85.54119480603,27.8904402225532 85.5411985039659,27.8903915562923 85.5412016940597,27.8903807666349 85.5412111555152,27.8903565140775 85.5412267432306,27.8903296205054 85.5412269971448,27.8903106822029 85.5412305862394,27.8902701323549 85.5412554177335,27.8902352190489 85.5412832579312,27.890203043437 85.5412989181482,27.8901707389108 85.541320632065,27.8901412043076 85.5413390833583,27.8901278703062 85.541373158559,27.8900849372378 85.5413948724379,27.8900554026211 85.541444172527,27.8900126306564 85.5414688588239,27.8899885391946 85.5414874551389,27.8899643832825 85.5414969890233,27.8899347197557 85.5415004329344,27.8899049917833 85.541497605547,27.8898887267273 85.5414825619622,27.8898750382529 85.5414336971646,27.8898853445689 85.5414093010309,27.889887792248 85.5413697525184,27.8898846678531 85.5413392664177,27.8898870510691 85.5412934465868,27.8898973895605 85.5412660417369,27.8898970995151 85.5412142770214,27.8898965516367 85.5411715747084,27.8899015113719 85.5411411611506,27.8898984836 85.5411104573891,27.889917099596 85.5410675736808,27.8899355866571 85.5410582936203,27.8899463118477 85.5410397334936,27.8899677622268 85.5410242183451,27.8899892448361 85.5410027220537,27.8900025465615 85.5409841981854,27.8900212914605 85.5409716917257,27.8900455117685 85.5409561402725,27.8900696998405 85.5409528413255,27.8900886059066 85.5409433798394,27.8901128584459 85.5409247108188,27.8901424252215 85.5409091230594,27.8901693187584 85.5409056426943,27.8902017521799 85.5408930999132,27.8902286779501 85.5408805571255,27.8902556037188 85.540868195743,27.8902690021292 85.5408524265366,27.8903094230146 85.5408489098653,27.8903445619046 85.540842384478,27.8903769630855 85.5408295876749,27.8904228271467 85.5408170448472,27.8904497529074 85.5408105557267,27.8904794486145 85.540810192886,27.8905065033266 85.540812693625,27.8905471176327 85.5408216109243,27.8905634471744 85.5408423453994,27.8906069603787 85.5408510812915,27.8906368172747 85.5408506458918,27.890669282929 85.5408501379246,27.8907071595255 85.5408527475296,27.890739657417 85.5408734094817,27.8907885815597 85.5408823268084,27.8908049110979 85.5408881991291,27.8908212083989 85.5409090062398,27.8908593106521 85.5409208597417,27.8908837888382 85.5409202792304,27.890927076377 85.5409229614226,27.8909541633249 85.5409348875004,27.8909732305676 85.5409436960058,27.8909976765159 85.5409521779827,27.8910464717042 85.5409580503253,27.8910627690025 85.5409912915329,27.8910820618885 85.5410093802294,27.8910957826527 85.541036495143,27.8911177165305 85.5410543298983,27.8911503755878 85.5410691196448,27.8911830024099 85.5410871720895,27.8911994286359 85.541105151984,27.8912212658024 85.5411290405406,27.8912566947873 85.5411500291976,27.8912812696517 85.5411590191568,27.8912921882314 85.5411802617601,27.8912978247923 85.5412017945703,27.8912818175791 85.5412020122235,27.8912655847509 85.541193131089,27.8912465497597 85.5411812412131,27.8912247770659 85.5411723600853,27.8912057420735 85.5411666328086,27.8911786228977 85.5411580781747,27.8911352386622 85.5411493784405,27.8911026763117 85.541143832557,27.8910620297781 85.5411411503083,27.8910349428327 85.5411324868627,27.8909996750098 85.5411299497249,27.8909617661785 85.5411242587457,27.8909319415295 85.5411215039496,27.8909102655263 85.5411188579853,27.8908804731089 85.5411160669141,27.890861502577 85.5411163934072,27.8908371533341 85.5411137474451,27.8908073609163 85.5411110289301,27.8907829794414 85.5411112465922,27.8907667466126 85.5411146906456,27.8907370186583 85.541124152155,27.89071276611 85.541133504831,27.8906966299753 85.5411398124991,27.8906804616087 85.5411401027083,27.8906588178365 85.5411374567417,27.8906290254183</coordinates></LinearRing></outerBoundaryIs></Polygon></MultiGeometry>
  </Placemark>
  <Placemark>
	<Style><LineStyle><color>ff0000ff</color></LineStyle><PolyStyle><fill>0</fill></PolyStyle></Style>
      <MultiGeometry><Polygon><outerBoundaryIs><LinearRing><coordinates>85.5285256469489,28.020123118733 85.5284905351082,28.0200145107405 85.5284921538816,28.0198954729042 85.5284449948536,28.0197759126855 85.5283851999802,28.0196886867154 85.5283740357405,28.0196128047629 85.5283631658567,28.0195152795664 85.5283154184171,28.0194390057946 85.5283170373439,28.0193199679577 85.5282826618238,28.0191572518092 85.5282598920402,28.0190379527503 85.5282252223135,28.0188968798314 85.5282143526052,28.0187993546211 85.5281915829538,28.0186800555506 85.5281924660521,28.0186151258182 85.5282424207359,28.0185290752888 85.5282681339186,28.018431941902 85.5282569698486,28.0183560599347 85.5282578528957,28.0182911301973 85.5282223003013,28.01821498701 85.5281620648654,28.0181602258315 85.5280650995255,28.0181158943842 85.5280047170271,28.0180719547633 85.5279203877011,28.0179952889815 85.5278231281817,28.0179726006147 85.5277382101683,28.0179392212123 85.5276412452102,28.0178948894786 85.5275325278402,28.0178179621493 85.5274355630797,28.0177736302771 85.5273628395631,28.0177403813297 85.5272539752808,28.0176742754109 85.527205787566,28.0176304661512 85.5271578944498,28.0175650136382 85.5270249366903,28.0174770029055 85.5269651441728,28.0173897763808 85.5268928629797,28.0173240623445 85.5266989349742,28.0172353976787 85.5266141652408,28.0171911959964 85.5265781721429,28.0171475172795 85.5265662726741,28.0171257432942 85.5265426210887,28.0170713737044 85.5264211218179,28.0170376012577 85.5262996226277,28.0170038287062 85.526263482354,28.0169709715282 85.5261173003034,28.0169585804899 85.5260200421452,28.0169358908931 85.525922341833,28.01694566607 85.5258732705649,28.0169667860523 85.5257630812677,28.0169980735263 85.5256894742797,28.0170297534042 85.5255056777907,28.0170927205015 85.5254203188878,28.017091804549 85.5253354023657,28.0170584237117 85.5252256552489,28.0170572459141 85.5251649795828,28.0170349483246 85.5250924047904,28.0169908766077 85.5250802106749,28.0169907457243 85.5249106730718,28.016902340374 85.5248015161787,28.01685787581 85.5247534773617,28.0168032441283 85.5247299742823,28.0167380526531 85.5247186653073,28.0166729920896 85.5246585800635,28.0166074078551 85.5245741067678,28.0165415617449 85.5245137266091,28.0164976206671 85.5244534940431,28.0164428579571 85.5242955616319,28.0163978692565 85.5242107935917,28.0163536661484 85.524175096897,28.0162883436318 85.5240904765715,28.0162333188479 85.5239569326707,28.0161885917085 85.5238593805222,28.016187543833 85.5238346972789,28.0162089250627 85.5236516393586,28.0162177816791 85.5234559444748,28.0162589718347 85.5233088779092,28.0163115074684 85.5231006933588,28.016374209269 85.5228929516778,28.0164044459453 85.5227821713737,28.0164790174167 85.5225617921787,28.0165415872889 85.5224380787265,28.0166701353474 85.5223145127373,28.0167878616846 85.5221664105241,28.016916147212 85.5220548902742,28.0170448260264 85.5219803954972,28.0171414334396 85.5218925240245,28.0173244823867 85.5218547591493,28.0174106616227 85.5216204094183,28.0176029578146 85.5214849429782,28.0176989089392 85.5213607833202,28.0178599206776 85.5212981858124,28.0179783020612 85.5211872549276,28.0180636937154 85.5210882223121,28.018170859692 85.5209023507371,28.0183853226649 85.5208037613015,28.0184600236506 85.5206801914665,28.0185777483421 85.5206052505506,28.0187068196566 85.5204935786022,28.018846318614 85.5204440616107,28.0188999013296 85.5203450274794,28.0190070667006 85.5202708257399,28.0190820298846 85.520196623897,28.0191569930238 85.5201225699441,28.0192211345364 85.5200732005935,28.0192638955205 85.5199747577931,28.0193277742685 85.5199250923076,28.0193921783558 85.519875426762,28.0194565824223 85.5198742426027,28.019543155063 85.5199587151531,28.0196090040158 85.520141334907,28.019632617299 85.5202145012235,28.0196334052799 85.520287667543,28.0196341932218 85.5203484915048,28.0196456713926 85.5204093154808,28.0196571495369 85.5204942323363,28.019690533427 85.5205787053933,28.0197563820159 85.5206144009139,28.019821705396 85.520637902059,28.0198868974779 85.5206738935409,28.0199305776778 85.5207100329909,28.0199634362856 85.52077085719,28.0199749142776 85.5208684126157,28.019975964475 85.5209662638741,28.0199553714338 85.5210395783424,28.0199453373988 85.5211372816498,28.0199355658188 85.5212107439822,28.0199147101054 85.5212961049489,28.0199156287569 85.5214299478849,28.0199387154191 85.5215392541664,28.0199723611212 85.5216971904242,28.0200173531233 85.521745968176,28.0200178779027 85.5218789244164,28.0201058936688 85.5219275543936,28.0201172399743 85.5220979811028,28.020140719526 85.5221953889447,28.0201525903775 85.5223534735479,28.0201867600534 85.522389909157,28.0201979750583 85.5226207174496,28.0202653960072 85.5227173867751,28.020331374458 85.5227649828003,28.0204184716235 85.5228125788996,28.0205055687744 85.5229212953411,28.0205824997852 85.5229938715323,28.020626572685 85.5230298642271,28.0206702523087 85.5230774606451,28.0207573493771 85.5231739829915,28.0208341491235 85.5232099758264,28.0208778287041 85.523257867857,28.0209432825278 85.5233051691989,28.0210520227144 85.52334086679,28.0211173454531 85.5234254904121,28.0211723707921 85.5234857249533,28.0212271339969 85.5235577111576,28.021314493001 85.5236180935015,28.0213584345568 85.5236908181498,28.0213916855186 85.5237870462148,28.0214901280575 85.5239082542256,28.0215455461653 85.5241027777506,28.0215909285344 85.5242114962126,28.0216678585889 85.524308020184,28.0217446575901 85.524405134618,28.0217781701334 85.5245267859952,28.0218011229203 85.5246484374289,28.0218240756013 85.5247941831558,28.0218689332396 85.5248908552667,28.021934910251 85.5250367487729,28.0219689460394 85.5251340111652,28.0219916364808 85.5252434682837,28.0220144577461 85.5254255036439,28.0220813506069 85.5255224712881,28.0221256839868 85.5255828549088,28.0221696247215 85.5257036222987,28.0222575061163 85.5258123426076,28.0223344349652 85.5258971159184,28.0223786372512 85.5260189157688,28.022390767147 85.5262003626567,28.0225009454442 85.5262613363698,28.0225015994709 85.5264322101603,28.0224926089942 85.5265175733616,28.0224935244797 85.5266029365669,28.0224944399122 85.5267367840499,28.0225175215598 85.5268095104988,28.022550770931 85.5268698948987,28.0225947111263 85.5269058898243,28.0226383898067 85.5269536375497,28.02271466405 85.526977143112,28.0227798551903 85.5270124015053,28.022877641894 85.5270119595234,28.0229101067229 85.5271319923523,28.0230520949777 85.5272041300466,28.0231286305964 85.5272273412245,28.0232154649196 85.5272506997424,28.023291477629 85.5272864004395,28.0233567994406 85.5273588330317,28.0234116917658 85.5274070232735,28.0234555010365 85.5275160405836,28.0235107853939 85.5275764258027,28.0235547253039 85.5276607590186,28.0236313913923 85.5277696293847,28.0236974971706 85.5278173781652,28.0237737711432 85.5278893695731,28.0238611280433 85.5279501968595,28.0238726029623 85.5280481978041,28.0238411833571 85.5281097612164,28.0237985501384 85.5281713245807,28.0237559168899 85.5282452299963,28.0237025926298 85.5283920102538,28.023671695287 85.5284779632023,28.023629323128 85.5285883058411,28.0235872121161 85.5286619166099,28.0235555308515 85.5287841596702,28.0235351935039 85.5289310867112,28.023493473952 85.5290176278403,28.0234078149669 85.5291288527702,28.023300773788 85.5291780735049,28.023268831127 85.52928900393,28.0231834330452 85.529363202606,28.0231084649021 85.5294989635983,28.0229908628297 85.5295487723805,28.0229156335374 85.5295741914932,28.0228401432056 85.5295871216392,28.0227861656036 85.5296128348229,28.0226890320159 85.5296266473128,28.0225701246707 85.5296275296946,28.0225051949331 85.5296043166952,28.0224183609394 85.5295932984719,28.022331657449 85.5295819861302,28.0222665972037 85.5295828685275,28.0222016674645 85.5295717032686,28.0221257855945 85.5295609792242,28.0220174388532 85.5295492257222,28.0219848434746 85.5295498139935,28.0219415569808 85.5295383546392,28.0218873183543 85.5295390899806,28.0218332102365 85.5295271894335,28.0218114364798 85.5295282189154,28.0217356851142 85.5295289542571,28.0216815769954 85.5295298366645,28.0216166472522 85.5294939880372,28.0215621476019 85.5294703340936,28.0215077784574 85.5294585806673,28.0214751830719 85.5294474155465,28.0213993011903 85.5293998136355,28.0213122061312 85.5294008431849,28.0212364547644 85.5294015785749,28.0211823466448 85.5293779247523,28.0211279774864 85.5293423705196,28.021051834554 85.5293068163347,28.0209756916135 85.5292467259487,28.020910109229 85.5291992714946,28.0208121924852 85.5291757649452,28.0207470016725 85.529079973742,28.0206160978672 85.5289471578179,28.020517267208 85.5288748733725,28.0204515541184 85.5288149306648,28.0203751499387 85.5287856365221,28.0203418387224 85.5287606438851,28.0203312758877 85.5287123808325,28.0202928779157 85.5286704357834,28.0202383127848 85.5286091010317,28.0202027458744 85.5286038810595,28.0201997189072 85.5285739098593,28.0201615167661 85.5285341645958,28.0201373831778 85.5285256469489,28.020123118733</coordinates></LinearRing></outerBoundaryIs></Polygon></MultiGeometry>
  </Placemark>
  <Placemark>
	<Style><LineStyle><color>ff0000ff</color></LineStyle><PolyStyle><fill>0</fill></PolyStyle></Style>
      <MultiGeometry><Polygon><outerBoundaryIs><LinearRing><coordinates>85.5205654980182,28.0180461777961 85.5206029682744,28.0179816421422 85.520640290551,28.017927928062 85.5206779086486,28.0178525707966 85.5207158225419,28.0177555703442 85.5207659305304,28.0176587011476 85.5208154467701,28.0176051182788 85.5208524729848,28.0175730473049 85.5208777487455,28.0175083802971 85.5209150707146,28.0174546661272 85.5209892708536,28.0173797025184 85.5210280716296,28.017217772421 85.5211144656337,28.0171429399763 85.5212371460897,28.0170901443334 85.5213598264301,28.017037348576 85.5214459243704,28.0169841590901 85.521580946418,28.0169206727391 85.5217659271535,28.0167711382187 85.5218402740395,28.0166853525085 85.5219522375265,28.0165242090726 85.5221489677789,28.0164072699286 85.522198482755,28.0163536865038 85.5222726812464,28.0162787221274 85.5224317944869,28.0162371403341 85.522493798731,28.0161620447119 85.5225798954308,28.0161088544609 85.5226783337624,28.0160449736465 85.5227525317118,28.0159700089869 85.5229483739773,28.0159179982213 85.5231198281108,28.015865725065 85.5232671894576,28.0157915464058 85.5233651841667,28.0157601298789 85.5234265969291,28.0157283202091 85.5234881572912,28.0156856889065 85.5235254773261,28.0156319739402 85.523526067849,28.0155886875239 85.5234775873246,28.0155665202444 85.5234411531254,28.0155553055758 85.5233678418123,28.0155653410208 85.5232818935766,28.0156077101981 85.5231838989863,28.0156391266706 85.5230864950419,28.0156272566634 85.5229893864907,28.0155937433849 85.522928416759,28.0155930880544 85.5228182281427,28.0156243731932 85.5227083348919,28.015634015041 85.5226714576109,28.0156552649703 85.5225364377665,28.0157187524891 85.5224507845837,28.0157394779311 85.5223043093159,28.0157487261094 85.5222312933169,28.0157371177433 85.5221463789172,28.0157037350064 85.5220485317274,28.0157243290559 85.5219503889253,28.0157665662266 85.5218399042841,28.0158194937537 85.5217543987175,28.0158293971579 85.5216439139224,28.0158823245208 85.5215584082938,28.0158922278003 85.5214367642575,28.015869272643 85.5213398039109,28.0158249366177 85.5211204604537,28.0158117530573 85.5210348069679,28.0158324776029 85.520912423665,28.0158636299433 85.5208633520066,28.0158847481207 85.5207159890067,28.0159589241327 85.5206666214314,28.0160016854155 85.5205188143408,28.0161083259698 85.5203964305957,28.0161394778318 85.520262000749,28.0161596766873 85.5201159687617,28.0161364577428 85.5199454008758,28.016123797562 85.5197992210145,28.0161113998704 85.5196768370898,28.0161425510832 85.5196151270148,28.0161960021919 85.5195406307446,28.0162926082327 85.5195271044239,28.0163898711101 85.5195373739908,28.0165306830655 85.5195118016213,28.0166169929795 85.5194866733317,28.0166708381381 85.5193995383922,28.0167997774457 85.5193373836238,28.0168856931501 85.5192501002586,28.0170254539267 85.5192367216233,28.0171118951712 85.5191985105306,28.0172305383428 85.51908683844,28.0173700361745 85.5189638605076,28.0174444730005 85.5189015569026,28.017541210051 85.5188633452724,28.0176598531023 85.5188618641724,28.0177680688818 85.5188119025733,28.0178541157379 85.5187744313203,28.0179186508653 85.5187493023364,28.0179724958536 85.5186737670967,28.0181448523592 85.5186602396883,28.0182421150873 85.5186465641159,28.0183501993876 85.5186697675147,28.018437034914 85.5186800360276,28.0185778468577 85.5186910452247,28.0186645509211 85.5187022025685,28.0187404334077 85.5187613964346,28.0188709495893 85.5188217754121,28.0189148931421 85.5188698120191,28.0189695268033 85.5188812657429,28.0190237661262 85.5189911626442,28.0190141274891 85.5191013557182,28.0189828456092 85.5191996505964,28.0189297890694 85.5192975011588,28.0189091971899 85.5193952036231,28.0188994268179 85.5194807117745,28.0188895249874 85.5195296370197,28.0188792289547 85.5196277835657,28.0188369936759 85.519750170588,28.0188058426357 85.5198481689695,28.0187744287743 85.5199952404421,28.0187218970557 85.5200444615666,28.0186899576704 85.5201305614683,28.0186367690962 85.5202044670186,28.0185834491416 85.5202542799238,28.0185082233419 85.5203039447878,28.0184438191046 85.5203534616265,28.0183902364307 85.5204029784157,28.0183366537367 85.5204910012175,28.0181427843109 85.5205654980182,28.0180461777961</coordinates></LinearRing></outerBoundaryIs></Polygon></MultiGeometry>
  </Placemark>
  <Placemark>
	<Style><LineStyle><color>ff0000ff</color></LineStyle><PolyStyle><fill>0</fill></PolyStyle></Style>
      <MultiGeometry><Polygon><outerBoundaryIs><LinearRing><coordinates>85.5339343373016,27.9800645897081 85.5339280227396,27.9800807573033 85.5339029840344,27.9801291951144 85.5339078348588,27.9802212446252 85.5339254612179,27.9802701372375 85.5339491094246,27.9803245056738 85.5339789990445,27.9803681173655 85.5339840694876,27.9804439343079 85.5339710012162,27.9805087346303 85.5339760716554,27.9805845515715 85.5339756325442,27.9806170167018 85.5339868712126,27.9806874877568 85.533980410247,27.9807144770619 85.5339423762561,27.9808223043334 85.5339232128532,27.980887039673 85.5338737205393,27.9809406284262 85.5338489011712,27.9809728336498 85.5338603593593,27.9810270721466 85.533835173998,27.9810863316382 85.5338040399341,27.9811347044365 85.5337784885301,27.9812210181851 85.5337962613634,27.9812590891029 85.5338262243547,27.9812972899755 85.53383738978,27.9813731718891 85.5338306359488,27.9814218045978 85.5338359258863,27.9814813889703 85.5338351939364,27.9815354975102 85.5338406302689,27.981584260174 85.5338580372066,27.9816493853547 85.5338755905506,27.9817036888254 85.533893143911,27.9817579922942 85.5338736143161,27.9818497818801 85.5338913140825,27.9818932636413 85.5339086478988,27.9819637996695 85.5339079159703,27.9820179082074 85.5339435351672,27.9820886391586 85.5339729860967,27.982164715982 85.5339656467337,27.9822566355223 85.5339771050856,27.982310874007 85.5339764463712,27.9823595716902 85.533994073063,27.9824084642934 85.5340908633908,27.9824636123665 85.5341817782188,27.9825024628478 85.5342425832823,27.982513934192 85.5342845175236,27.9825684974639 85.534339081144,27.9825907255152 85.5343813813193,27.9826182344879 85.5344297766669,27.9826458084027 85.5344662012365,27.9826570198326 85.5345636504972,27.9826634698954 85.5346608071432,27.9826915633099 85.5347522344517,27.9826925374412 85.5348012882864,27.9826714135314 85.5348813298864,27.9826127382885 85.534942500816,27.9825971550493 85.5350226885645,27.9825276580064 85.5350536031161,27.9824955175047 85.5350975855518,27.9823985765685 85.5351347414456,27.9823556792567 85.5351536119083,27.9823125871704 85.5351546357498,27.9822368351781 85.5351369354191,27.9821933535604 85.5351499301189,27.9821339639804 85.535168873663,27.9820854610322 85.535181941459,27.9820206605903 85.5352627867418,27.981902465666 85.5352698324718,27.9818321894382 85.5352642492371,27.9817942485222 85.5352344318466,27.9817452262269 85.5352175359462,27.9816422251889 85.5352120258631,27.9815988734136 85.5351705302635,27.9815118452703 85.5351653127173,27.9814468500643 85.5351600220471,27.981387265715 85.5351854992815,27.9813063625288 85.5351921793716,27.9812631405869 85.5351928375096,27.9812144428694 85.5351757223267,27.9811276743959 85.5351580221472,27.9810841927806 85.5351220367946,27.981040516404 85.5350859783396,27.9810022508763 85.5350621831573,27.9809587043283 85.535020249097,27.98090414129 85.5350025490131,27.9808606596571 85.5349606150192,27.9808060966024 85.5349305054674,27.9807787176788 85.5349248492505,27.9807461876073 85.5349136831028,27.9806703057488 85.5348900343369,27.9806159374599 85.5348722612072,27.9805778666695 85.5348665318749,27.9805507474529 85.5348733583107,27.9804967038104 85.5348803310175,27.9804318384521 85.5348992012078,27.9803887463801 85.5349060276132,27.9803347027337 85.5349251171853,27.9802753780838 85.5349439141921,27.9802376968607 85.5349505211563,27.980199885783 85.5349572743851,27.980151252989 85.534957859463,27.9801079661265 85.5349894315047,27.9800271278816 85.5350328278452,27.9799734737614 85.5350456760174,27.9799249058811 85.5350644729164,27.9798872246358 85.5350955329191,27.9798442623671 85.5351631628522,27.9798016895892 85.5352125808825,27.979753511178 85.5352314508118,27.9797104190469 85.5352501013691,27.9796835594889 85.5352751393714,27.9796351214027 85.535281746174,27.9795973103001 85.5353126597737,27.9795651696923 85.5353557633111,27.9795331588904 85.5354049617996,27.9795012129785 85.535442262744,27.9794474938049 85.5354731031462,27.9794207640165 85.535552703299,27.9793945534099 85.5356018285676,27.9793680182822 85.5356877429094,27.9793256399093 85.5357304807748,27.9793206832826 85.5357671236698,27.9793156617547 85.5358099346185,27.9793052942425 85.5358344606615,27.9792947320632 85.5358652278391,27.9792734130417 85.535896141175,27.9792412722911 85.5359208133634,27.9792198883738 85.5359154492422,27.9791657148842 85.5358673473481,27.9791164980802 85.5358368725682,27.9791161736616 85.535788624552,27.9790777785533 85.5357403034779,27.9790447942897 85.5356978581001,27.9790281074819 85.5355821271423,27.9790214636558 85.535490629791,27.979025901053 85.5353870887552,27.9790193868618 85.535289935143,27.9789912940637 85.5351379270746,27.9789626169742 85.5350950430844,27.9789783951394 85.5350277792946,27.9789939136128 85.5349481793284,27.9790201239234 85.5348929591232,27.9790465938928 85.5348558774711,27.9790840803402 85.534812481423,27.9791377344214 85.5347331007323,27.9791477120267 85.5346841216592,27.9791634251248 85.5345741930116,27.9791784888135 85.5344461257828,27.9791825358611 85.5343665987128,27.9792033349665 85.5342993346946,27.9792188530739 85.5342323633313,27.9792127277205 85.5341955740799,27.9792285705515 85.5341345513301,27.9792333318208 85.5340737481044,27.9792218604938 85.5340188203129,27.9792266866743 85.5339395126883,27.9792312529601 85.5338602782461,27.9792304083439 85.5337810438073,27.9792295636822 85.5337074651619,27.9792612490867 85.5337067332163,27.979315357641 85.5336938845353,27.9793639253803 85.5336382978771,27.9794174491022 85.5336617261796,27.9794880501474 85.5336609210065,27.9795475695539 85.5336849349211,27.9795748837544 85.5337087292613,27.9796184305167 85.5337142386775,27.9796617823377 85.5337381062414,27.9796999182404 85.5338044191454,27.9797547415422 85.5338464985372,27.9797984832094 85.5338760952283,27.9798637383412 85.5338998165179,27.9799126959293 85.5339173696437,27.9799669993981 85.5339169305263,27.9799994645305 85.5339343373016,27.9800645897081</coordinates></LinearRing></outerBoundaryIs></Polygon></MultiGeometry>
  </Placemark>
  <Placemark>
	<Style><LineStyle><color>ff0000ff</color></LineStyle><PolyStyle><fill>0</fill></PolyStyle></Style>
      <MultiGeometry><Polygon><outerBoundaryIs><LinearRing><coordinates>85.5438538405309,27.9491956564143 85.5438381535573,27.9492293133957 85.5438286143225,27.9492589766647 85.5438160828798,27.9492845495211 85.5438081214084,27.9493101707274 85.5438199268744,27.9493387069066 85.543848688581,27.9493525403846 85.5438729529109,27.9493609146043 85.543900227601,27.9493720265038 85.5439443677815,27.9493751993152 85.5440068604774,27.949373154589 85.5440541743437,27.9493668905132 85.5440895556386,27.9493415593453 85.5441247554595,27.949329755428 85.5441446857205,27.9493204958208 85.5441623854871,27.9492990363538 85.5441709270245,27.94929506795 85.5442063808481,27.9492643258454 85.5442340728717,27.9492443249785 85.5442618737492,27.9492162077486 85.544276200561,27.9491703600664 85.5442964936499,27.9491340459117 85.5443180923297,27.9491139805792 85.5443321469577,27.9490884237824 85.544355359658,27.9490616109233 85.5443906682144,27.9490416905754 85.5444244715777,27.9490204013816 85.5444492075624,27.9489936046151 85.544484570503,27.9489696260625 85.5445121354157,27.9489590942184 85.5445383039842,27.9489390771752 85.5445644544032,27.9489204128529 85.5445798690098,27.9489070466731 85.5445922913903,27.9488895900958 85.5446109158839,27.9488640815906 85.5446279444923,27.9488439678806 85.5446387165651,27.9488359642758 85.5446800275832,27.9488228719111 85.5446939369806,27.9488081368836 85.5447123981938,27.9487948029015 85.5447277764887,27.9487841421565 85.5447492480564,27.9487735458354 85.5447646444821,27.9487615323595 85.5447801315902,27.9487427552489 85.5447894347347,27.9487306773457 85.5448140254693,27.9487147023192 85.5448339736971,27.9487040898783 85.5448539763296,27.9486894192544 85.5448710048654,27.948669305511 85.5448818494466,27.9486558909792 85.5449018701994,27.948639867621 85.5449340049414,27.9486293840011 85.5449463546927,27.9486173382945 85.5449632925261,27.9486039881719 85.5449801396827,27.9485974016805 85.5449985645568,27.9485867731103 85.5450109324303,27.9485733746707 85.5450156111837,27.9485653066204 85.5450160282672,27.9485341939055 85.5450147588284,27.9485152396278 85.5450105152956,27.9484908422364 85.545021414243,27.9484733695116 85.5450307173369,27.9484612915897 85.5450462406223,27.9484398089916 85.545047927139,27.9484276505535 85.5450420696191,27.9484100006936 85.5450303908523,27.9483719955198 85.5449969142241,27.9483689357949 85.5449511785522,27.9483711581379 85.5449070931397,27.9483639274832 85.5448811786782,27.9483650064323 85.5448444740709,27.9483754417278 85.5448321424738,27.9483861346996 85.5448076606378,27.9483939933731 85.5447710104255,27.9484003704685 85.5447648627594,27.9484043642244 85.5447218472218,27.9484309677811 85.5447125803728,27.9484403402278 85.544697111437,27.9484577646062 85.5446940285321,27.9484604378457 85.5446755310991,27.9484764772811 85.5446312461399,27.9484841265289 85.5445930907132,27.9484891347413 85.5445746839585,27.9484984105299 85.5445516709759,27.9485103434437 85.5445180673426,27.9485167526864 85.5444981554024,27.9485246596291 85.5444796942119,27.9485379935837 85.5444707701526,27.9485437909505 85.5444643703527,27.9485445961224 85.5444338314771,27.9485496848364 85.5443972719034,27.9485492981974 85.5443728262864,27.9485544513381 85.5443423599744,27.9485541291261 85.544287629473,27.9485454327697 85.544251033616,27.9485477515445 85.5442326812556,27.9485529691071 85.5441897018236,27.9485768670372 85.5441589451915,27.9485981884038 85.544122022701,27.948624856215 85.5440728410747,27.9486568060102 85.5440479599113,27.9486944245187 85.5440323275161,27.9487240233513 85.5440012804618,27.948766988297 85.5439826014053,27.9487965548934 85.5439699793203,27.9488288913991 85.5439634868007,27.9488585869118 85.5439658801335,27.9489073172794 85.5439532217339,27.9489423592345 85.5439310967357,27.9490016535629 85.5439337804208,27.9490287403139 85.5439208316252,27.9490854258801 85.5439021161915,27.9491176979133 85.5438865562852,27.94914188582 85.543874079317,27.9491634005054 85.543871850046,27.9491841638076 85.5438538405309,27.9491956564143</coordinates></LinearRing></outerBoundaryIs></Polygon></MultiGeometry>
  </Placemark>
  <Placemark>
	<Style><LineStyle><color>ff0000ff</color></LineStyle><PolyStyle><fill>0</fill></PolyStyle></Style>
      <MultiGeometry><Polygon><outerBoundaryIs><LinearRing><coordinates>85.5468861598784,27.9489327680986 85.5469046570798,27.9489167283576 85.546909371933,27.9489059547829 85.5469157006606,27.9488884336514 85.54692362515,27.9488655176906 85.5469268528983,27.9488520225771 85.5469317488504,27.948827721723 85.546934958486,27.948815579337 85.5469443700656,27.9487953849123 85.5469491211294,27.94878190588 85.5469508255512,27.9487683946835 85.5469556671631,27.9487481520115 85.5469696849115,27.9487253003746 85.5469743997492,27.9487145267968 85.5469777723637,27.9486902098583 85.5469948910659,27.9486633321977 85.5470505273341,27.9486043910903 85.5470675916786,27.9485815716031 85.5470818266808,27.9485424872167 85.5471065800254,27.9485143372138 85.547153275439,27.948440419569 85.5471690337051,27.9484013512506 85.5471982664051,27.9483800131071 85.5472227299787,27.9483735067296 85.5472518902367,27.9483575794864 85.5472596697644,27.9483454853254 85.5472720554452,27.9483307339424 85.5472600318831,27.9483184307628 85.5472433840632,27.9483101375311 85.5472312880816,27.9483032452617 85.547203977069,27.9482948394743 85.5471880456464,27.9482899360955 85.5471865313867,27.9482892436527 85.5471728487231,27.9482870698475 85.5471637631618,27.9482829151871 85.5471562371294,27.9482760711495 85.5471501891432,27.9482726250112 85.5471349650616,27.9482717878508 85.5471227423383,27.9482743646686 85.5470891660625,27.9482787454559 85.5470754743485,27.9482772480051 85.5470647930454,27.94827848817 85.5470601778337,27.9482818217485 85.5470540211997,27.9482864919742 85.5470425058042,27.9482931350091 85.5470234100558,27.9482969921824 85.547002818156,27.9482988041797 85.5469898790434,27.948297991125 85.546973149756,27.9482957851373 85.5469655603517,27.9482936756375 85.5469541264441,27.948294231389 85.5469450861659,27.9482866948946 85.5469367622709,27.9482825482605 85.54692992547,27.9482811231637 85.5469215381907,27.9482817110765 85.5469070486021,27.9482829110238 85.5469016898393,27.9482848838277 85.5468924050742,27.9482956091569 85.5468900476616,27.9483009959449 85.5468691569317,27.9483251279326 85.5468614407514,27.9483324875223 85.5468415018334,27.9483424239038 85.5468352455751,27.9483545341225 85.5468266771762,27.9483686493079 85.5468250451932,27.9483767495919 85.5468179638832,27.9483935863154 85.5468132309342,27.9484057126161 85.546807010892,27.9484151173775 85.5467939178175,27.9484258024904 85.5467847235891,27.9484297641722 85.5467740151004,27.9484330334055 85.5467586461032,27.9484430180253 85.5467364402947,27.9484515775365 85.5467216608783,27.9484744211079 85.5467077427349,27.948489832717 85.5467060926279,27.9484992857267 85.5466951848861,27.9485174349589 85.5466821008449,27.9485274436963 85.5466728250936,27.9485374926449 85.5466551529831,27.9485488058522 85.5466443901378,27.948556133258 85.5466412529343,27.948562864726 85.5466350419249,27.9485715931146 85.5466296197442,27.9485783004541 85.546627253255,27.9485843636005 85.5465899962259,27.948636057559 85.5465853085264,27.9486448020309 85.5465699032523,27.9486574920827 85.5465613076216,27.9486736363402 85.5465504632399,27.9486870510122 85.5465427288967,27.9486957633096 85.5465296176469,27.9487078011223 85.5465103678276,27.9487231564053 85.5465033679649,27.948733905835 85.5464948719547,27.9487426100859 85.546479511946,27.9487519183076 85.5464679602346,27.9487612667459 85.5464602168213,27.9487706554018 85.5464563179397,27.948777378821 85.5464546768636,27.9487861554626 85.5464522197778,27.948798982243 85.5464475320597,27.9488077267094 85.5464428443409,27.9488164711755 85.5464358897566,27.9488238387823 85.5464342849111,27.9488299099684 85.5464342396196,27.9488332917873 85.5464303045007,27.9488427206605 85.5464149625891,27.9488506761466 85.5464034018029,27.9488607009426 85.5463987231367,27.9488687690432 85.5463955949668,27.9488748241405 85.5463756377901,27.9488861131759 85.5463663891554,27.9488941330099 85.5463616923673,27.9489035538365 85.5463562610938,27.9489109375273 85.5463424334304,27.9489195854571 85.5463316705272,27.9489269128359 85.5463254957074,27.9489329357535 85.5463162108287,27.9489436610386 85.5463070165396,27.9489476226858 85.5462986110886,27.9489495632859 85.5462878934759,27.9489535088424 85.5462786810663,27.948958823215 85.5462725153011,27.9489641697663 85.5462685892224,27.9489729222704 85.5462646087866,27.9489857329565 85.5462591412645,27.9489958220978 85.5462575273467,27.949002569645 85.5462558681314,27.9490126990106 85.5462557412985,27.9490221681023 85.5462555601087,27.9490356953762 85.5462614359762,27.9490519924641 85.5462734051418,27.9490683539107 85.5462852293617,27.9490955371754 85.5462941518861,27.9491118664412 85.5463061210629,27.9491282278852 85.5463058311678,27.9491498715236 85.546308116844,27.9492067182527 85.5463199773228,27.94923119606 85.5463194337722,27.9492717778815 85.5463068847855,27.9492987037142 85.546300392866,27.9493283993583 85.5463062687541,27.9493446964445 85.5463152637743,27.9493556147998 85.5463546891271,27.9493695603913 85.5463883110576,27.9493617979793 85.5464340833754,27.9493568697186 85.5464832284411,27.9493276245233 85.5465078553124,27.9493089437361 85.5465232335157,27.9492982827874 85.5465477879114,27.9492850129026 85.5465877929532,27.9492556711465 85.5466002694066,27.9492341561954 85.5466250049239,27.9492073590201 85.5466588079281,27.9491860692633 85.546680460541,27.9491619453611 85.5467298228115,27.9491164673393 85.546745237192,27.9491031009083 85.5467853145634,27.9490683481787 85.5468375060543,27.9490391350151 85.5468530290798,27.9490176522044 85.546862458805,27.9489961050594 85.5468689505478,27.9489664093809 85.5468754786872,27.9489443396314 85.5468861598784,27.9489327680986</coordinates></LinearRing></outerBoundaryIs></Polygon></MultiGeometry>
  </Placemark>
  <Placemark>
	<Style><LineStyle><color>ff0000ff</color></LineStyle><PolyStyle><fill>0</fill></PolyStyle></Style>
      <MultiGeometry><Polygon><outerBoundaryIs><LinearRing><coordinates>85.5584870104497,27.9336260089893 85.5585363965083,27.9335778207072 85.5585672178879,27.9335510848654 85.5585736694223,27.9335240938911 85.5585986137624,27.9334810614053 85.5586234862697,27.9334434398655 85.5586361020458,27.9334111017148 85.5586489332465,27.9333625307079 85.5586251379476,27.9333189879812 85.5586133839299,27.9332863947134 85.5586140302402,27.9332376961494 85.558602348046,27.9331996919291 85.5585359057414,27.9331557027234 85.5585060899132,27.933106685244 85.5584761304741,27.9330684896617 85.558433986197,27.9330301665002 85.5583736364917,27.9329862410081 85.558331348632,27.9329587397195 85.5582708553521,27.9329256360871 85.5582345881343,27.9329036095151 85.5581801155029,27.9328759805909 85.5581382587445,27.9328160135414 85.5581267204273,27.9327671873848 85.5580846482275,27.932723453173 85.5580425042223,27.9326851298999 85.5580126169008,27.9326415232742 85.557988534641,27.9326196242509 85.5579647397611,27.9325760814214 85.5579406575253,27.9325541823904 85.557892349391,27.9325212062174 85.5578684108761,27.9324884852738 85.5577958050618,27.9324498428733 85.5577535175594,27.9324223414184 85.5577232711544,27.932405789486 85.5575951871961,27.9324152711682 85.5575275959674,27.9324578566988 85.5574902510742,27.9325169941835 85.5574710396092,27.9325871450416 85.5574519718537,27.9326464739969 85.5574693866599,27.9327115968757 85.5574625755711,27.9327656425389 85.5574316104239,27.9328032000327 85.557388532295,27.9328352189045 85.5573091871413,27.9328452109536 85.5572113490835,27.9328712442812 85.5571499217244,27.9329084824996 85.5570516522414,27.9329669813987 85.5570026252984,27.9329881143984 85.5569893620656,27.9330691509155 85.5570130847535,27.9331181048478 85.5570430436756,27.9331563007295 85.5570727150631,27.9332161403971 85.5571452492161,27.9332601941325 85.5571937730784,27.9332769377236 85.5572967695361,27.9333213105907 85.5573570470879,27.9333706474919 85.5574238483751,27.9333875825094 85.5575211837912,27.9333994256901 85.5575577384775,27.9333998086537 85.5576674025406,27.9334009574861 85.5577461732324,27.9334342528403 85.5577883892608,27.9334671652576 85.5578546877285,27.9335219767172 85.5579152530444,27.9335496695877 85.5580247017487,27.9335670509909 85.5581883361196,27.9336337050617 85.5582125623034,27.9336447821563 85.5582854563748,27.9336617805642 85.5583157750405,27.9336729214359 85.5583644429362,27.9336788427258 85.5583888127987,27.933679097889 85.558444147744,27.9336417953346 85.5584870104497,27.9336260089893</coordinates></LinearRing></outerBoundaryIs></Polygon></MultiGeometry>
  </Placemark>
  <Placemark>
	<Style><LineStyle><color>ff0000ff</color></LineStyle><PolyStyle><fill>0</fill></PolyStyle></Style>
      <MultiGeometry><Polygon><outerBoundaryIs><LinearRing><coordinates>85.5539267669472,27.9331236068751 85.5539805901527,27.9331999359106 85.5540584229618,27.9333035755565 85.5540885249377,27.9333309501619 85.5541426364973,27.933385635377 85.5541662859064,27.9334400006929 85.5541835547594,27.9335159457927 85.5542130805657,27.9335866078997 85.554218524725,27.9336353703414 85.5542111356826,27.9337327032994 85.5542163637465,27.9337976985623 85.5541727080269,27.9338730038969 85.5541475457632,27.9339322683302 85.5541286200182,27.9339807748564 85.5541278996388,27.9340348842589 85.5541700427064,27.9340732086911 85.5542610696972,27.9341012230293 85.5542915681038,27.9340988374245 85.5543405960404,27.9340777054323 85.5543561513537,27.9340535161235 85.5543747168844,27.9340320642674 85.5544084055555,27.9340188887383 85.5544606957349,27.9339815558613 85.5544885079688,27.9339520835233 85.5545162121599,27.9339307275909 85.5545502248582,27.9338932027891 85.55456298592,27.9338500431784 85.5545696185007,27.9338095250773 85.5545913742057,27.9337772832847 85.5546041352356,27.9337341236684 85.5546016651141,27.9336908041565 85.5546266470416,27.9336450669811 85.5546453204634,27.93361549867 85.5546549272096,27.9335804234814 85.5546617037548,27.9335290834886 85.5546743207047,27.933496745746 85.5546929220783,27.9334725883684 85.5547026728095,27.9334266912905 85.5547184079607,27.9333889745768 85.5547371893192,27.9333512898362 85.5547496982165,27.9333270684977 85.5547533924767,27.9332784019922 85.5547507062834,27.9332513153054 85.5547541125216,27.9332242925687 85.5547394934887,27.9331781396827 85.5547491001593,27.9331430644827 85.554758778827,27.9331025783392 85.5547653392728,27.9330674711625 85.5547777761256,27.9330486607616 85.5548089582394,27.9329948710751 85.5548062000349,27.9329731953308 85.5548034418313,27.9329515195863 85.5548039458385,27.9329136429873 85.5548072440478,27.9328947366613 85.5548135884612,27.9328758623085 85.554812924786,27.9328759149024 85.5548228710775,27.9328651363427 85.5548291434868,27.9328516729318 85.554832477689,27.9328300611334 85.5548359558877,27.9327976274489 85.5548392540869,27.9327787211215 85.5548517988889,27.932751794297 85.5548520508821,27.9327328559966 85.5548491486769,27.9327220021382 85.5548496166643,27.9326868310087 85.554850012653,27.932657070822 85.5548412340463,27.9326299201895 85.5548384398419,27.9326109499163 85.5548295892426,27.9325892102262 85.5547963690719,27.9325672147503 85.5547935748765,27.9325482444764 85.5548122840507,27.9325159706578 85.5548127160464,27.9324835049993 85.554779351909,27.9324723314064 85.554694058475,27.9324714361162 85.5546667867421,27.9324603264476 85.5546182276664,27.9324462874634 85.5546031407196,27.932435305691 85.5545880537758,27.9324243239172 85.5545428649754,27.9323859676437 85.5545036605662,27.9323557917296 85.5544399786363,27.9323334763721 85.5544008823041,27.9322951840169 85.5543585237483,27.9322730924951 85.554325123715,27.932264624267 85.554270148286,27.9322748704363 85.5542026279499,27.9323120433476 85.5541866406911,27.9323686983032 85.5541495821826,27.9324061910489 85.5541122715293,27.9324626220784 85.5540992943751,27.9325220144792 85.5540803688846,27.9325705210168 85.5540523047845,27.9326189315812 85.5540028812485,27.9326698236733 85.5539566839723,27.9327072203855 85.5539224913559,27.932758272405 85.5538699134216,27.9328172488615 85.5538208139325,27.9328437916481 85.5537591693397,27.9328972611312 85.5537375216638,27.9329213863834 85.5537126116058,27.9329617124541 85.5537061589139,27.9329887031587 85.5537299161061,27.9330349521311 85.5537755011554,27.9330435484965 85.5538240603714,27.9330575877827 85.5538602186165,27.9330877318952 85.5539218409876,27.9331145920165 85.5539267669472,27.9331236068751</coordinates></LinearRing></outerBoundaryIs></Polygon></MultiGeometry>
  </Placemark>
  <Placemark>
	<Style><LineStyle><color>ff0000ff</color></LineStyle><PolyStyle><fill>0</fill></PolyStyle></Style>
      <MultiGeometry><Polygon><outerBoundaryIs><LinearRing><coordinates>85.55168971335,27.9313575280221 85.5517076295499,27.9313847749488 85.5517316380792,27.9314120859536 85.5517496264468,27.9314339219388 85.5517794387318,27.9314829407614 85.5518217242793,27.9315104439847 85.5518884513026,27.9315327925544 85.5519368292276,27.9315603598171 85.551966641631,27.9316093786028 85.5520024021224,27.9316692833254 85.5520261943808,27.9317128270939 85.5520740674871,27.9317782708716 85.5521162089619,27.9318165958846 85.5521646592007,27.9318387521359 85.5521950488018,27.9318444833786 85.5522374788483,27.9318611646073 85.5522797646612,27.9318886676983 85.552303701322,27.9319213895484 85.5523273495112,27.931975755145 85.5523633987964,27.9320140160325 85.5523935721037,27.9320359800464 85.5524299098986,27.932052597167 85.5524608043811,27.9320204517891 85.5524798747046,27.9319611236182 85.552456442785,27.9318905252313 85.5524391032393,27.9318199908905 85.552415743489,27.9317439815595 85.5523994136251,27.9315976940823 85.5523941866954,27.9315326987751 85.5523645904682,27.931467447261 85.5523595799162,27.931386219138 85.5523788665172,27.9313106581592 85.55242875888,27.9312245955466 85.5524663223227,27.9311492266956 85.5524433232397,27.9310461626741 85.5524378078426,27.9310028111178 85.5524449097182,27.930927122025 85.5524520836932,27.9308460219919 85.5524527326988,27.9307973235433 85.55245374226,27.9307215704001 85.5524368355383,27.9306185704214 85.5524071673949,27.9305587298553 85.5523653868557,27.9304933502451 85.5522927123196,27.9304601159932 85.5522074926822,27.9304538082836 85.5521285095782,27.9304367427057 85.5520802763464,27.9303983536466 85.5520379911493,27.9303708505122 85.5520204356785,27.9303165489374 85.5520213012577,27.9302516176798 85.5520466801049,27.9301761208012 85.5520413812847,27.9301165364164 85.5519752321486,27.9300509004424 85.5518962493775,27.9300338347426 85.5518240802811,27.9299627236927 85.5517943405018,27.9299082939463 85.5517519834225,27.9298862016699 85.5517039670036,27.9298315796769 85.5516858346017,27.9298205655666 85.5516498584036,27.9297768935886 85.5515836375587,27.9297166683775 85.5515414249056,27.9296837541652 85.5515051601887,27.9296617259021 85.5514382179084,27.9296556099986 85.5513833879174,27.9296550331839 85.5513165899804,27.9296380953478 85.5512859845482,27.9296485967449 85.5512368137722,27.9296805495885 85.5512122283736,27.9296965260033 85.5511573261945,27.9297013600344 85.5511381112649,27.9297715099015 85.5511252050638,27.929825491059 85.5511244111396,27.9298850113585 85.551123617213,27.9299445316575 85.5511231119858,27.9299824082111 85.5511457487549,27.930112527094 85.5512060938437,27.9301564556029 85.5512776131261,27.930276265392 85.5512952403833,27.9303251561113 85.5513251243445,27.9303687640845 85.5513486995692,27.9304285407663 85.55139011864,27.9305209753439 85.5513833047289,27.9305750206145 85.551376418645,27.9306344768204 85.5513754083364,27.9307102299283 85.5513989114903,27.9307754175387 85.5514285791212,27.9308352583017 85.551446278688,27.9308787380676 85.551463906107,27.9309276287677 85.5514811727379,27.9310035741473 85.5514865434303,27.9310577476 85.5515400031293,27.9311611321905 85.5515818555536,27.9312211010997 85.5516176157103,27.9312810059127 85.55168971335,27.9313575280221</coordinates></LinearRing></outerBoundaryIs></Polygon></MultiGeometry>
  </Placemark>
  <Placemark>
	<Style><LineStyle><color>ff0000ff</color></LineStyle><PolyStyle><fill>0</fill></PolyStyle></Style>
      <MultiGeometry><Polygon><outerBoundaryIs><LinearRing><coordinates>85.550868501201,27.9180651955419 85.5508839826548,27.9180464174589 85.5509086375302,27.9180250300341 85.5509698057235,27.9180067325952 85.5510005160667,27.9179881147108 85.5510373901078,27.9179641499564 85.5510683168523,27.9179292992194 85.5510931880857,27.9178916789219 85.5511089580328,27.917851257028 85.5511215739815,27.917818919511 85.5511309638,27.9178000773181 85.5511435797356,27.9177677397984 85.5511744703204,27.9177355945062 85.5512145703464,27.9176981343715 85.551236071104,27.9176848312638 85.5512854526713,27.9176366453234 85.5512887869632,27.9176150335735 85.5512738105543,27.917595935084 85.5512434249621,27.9175902037782 85.5511764179745,27.9175894989636 85.5511187647191,27.9175726573961 85.5510303652037,27.9175771391818 85.5509843900523,27.917598302342 85.5509507422669,27.9176087717667 85.5508898628958,27.917605425425 85.5508442123896,27.917602239283 85.5507894606485,27.9175962515147 85.5507433772107,27.9176255310099 85.5507154601509,27.9176631191953 85.5506937428598,27.9176926550541 85.5506537869866,27.9177192931409 85.5506289517285,27.9177542078834 85.5506041525363,27.9177864171483 85.55057949766,27.9178078045191 85.5505573833854,27.9178671005475 85.550523518974,27.9178938026956 85.5504805172046,27.9179204086745 85.5504590163121,27.9179337116586 85.5504374071551,27.9179551310552 85.5504218895533,27.9179766145578 85.550409453815,27.9179954246416 85.5504059749844,27.9180278582498 85.550436360645,27.918033589743 85.5504667823949,27.9180366157576 85.550515551019,27.9180344231397 85.5505671850088,27.9180457899169 85.550609681657,27.9180570605231 85.550645942419,27.9180790889054 85.5506700561338,27.918098283609 85.5507064973223,27.9181067846149 85.5507551938196,27.9181100028579 85.5507795601088,27.9181102592367 85.5508194439469,27.9180890320639 85.550868501201,27.9180651955419</coordinates></LinearRing></outerBoundaryIs></Polygon></MultiGeometry>
  </Placemark>
  <Placemark>
	<Style><LineStyle><color>ff0000ff</color></LineStyle><PolyStyle><fill>0</fill></PolyStyle></Style>
      <MultiGeometry><Polygon><outerBoundaryIs><LinearRing><coordinates>85.5504322177566,27.9178874301456 85.5504723180868,27.9178499702397 85.550503714072,27.9177799484966 85.5505412376476,27.917707285376 85.5505906195219,27.9176590996969 85.5506522205207,27.9176083367238 85.5506924649886,27.9175600548557 85.5507235360336,27.9175143823039 85.5507025042816,27.9174925141883 85.5506812560599,27.9174868789047 85.5506202685272,27.9174916488639 85.550587053729,27.9174696525313 85.5505173619047,27.917441860625 85.5504594923311,27.9174412516214 85.5504383523906,27.9174274998844 85.5503594150747,27.917407728155 85.550313800764,27.9174018363687 85.5502097033637,27.9174413284832 85.5501820027274,27.9174626837248 85.5501452730562,27.9174758263638 85.5500933145372,27.9174888086855 85.5500561877991,27.917531711489 85.5500225038599,27.9175448861561 85.5499826200819,27.9175661131014 85.549955027664,27.9175793518793 85.549918297928,27.917592494455 85.5499147467721,27.9176303389907 85.5499388241574,27.9176522392865 85.5499718583826,27.9176877631298 85.5500047121448,27.9177368143239 85.5500319436356,27.9177506302536 85.5500743318206,27.9177700174339 85.5501072217478,27.9178163631339 85.550119080008,27.9178408406251 85.5501550879407,27.9178818074327 85.5501761196501,27.9179036756294 85.5501969709059,27.9179390711818 85.5502393952861,27.9179557528429 85.5502636171719,27.9179668311989 85.5503000582798,27.9179753323097 85.5503213787521,27.9179755567109 85.5503397256207,27.9179703381084 85.5503888911801,27.917938385343 85.5504322177566,27.9178874301456</coordinates></LinearRing></outerBoundaryIs></Polygon></MultiGeometry>
  </Placemark>
  <Placemark>
	<Style><LineStyle><color>ff0000ff</color></LineStyle><PolyStyle><fill>0</fill></PolyStyle></Style>
      <MultiGeometry><Polygon><outerBoundaryIs><LinearRing><coordinates>85.5563611878663,27.8429112437709 85.5565124410389,27.8429831791604 85.5565907890166,27.8430435282146 85.5566510898144,27.8430874531428 85.5566873992603,27.8431040682558 85.5567357402395,27.8431316327435 85.5567598032906,27.8431535315081 85.5567896672266,27.8431971380121 85.5568259051022,27.8432191641086 85.5568917921157,27.843301029734 85.5569455760318,27.843377356983 85.5570118929496,27.843426756447 85.5570910293049,27.8434275840335 85.5571892156256,27.8433690813335 85.5571962339753,27.8432988017437 85.557167014354,27.8432064961521 85.5571742475363,27.8431199835054 85.5571936554844,27.8430335981641 85.5571890002963,27.84292531413 85.5571479640664,27.8428058261313 85.5571495395165,27.8426867837107 85.5571934400726,27.842589830939 85.5571826259142,27.8424868942657 85.5571592790147,27.8424108853813 85.557159780283,27.8423730082454 85.5571665837294,27.842318961704 85.557124616778,27.842269816951 85.5570514253795,27.842279875112 85.5569720033834,27.8423006916103 85.5568803350361,27.8423267917495 85.556824832624,27.8423803289334 85.556720344785,27.8424550007904 85.5566276733427,27.8425568550074 85.5565472481018,27.8426534254992 85.5565100791123,27.8427017425664 85.5564607353441,27.8427499322524 85.5563931294068,27.8427979308552 85.5563563902042,27.8428137817726 85.5563379847732,27.842824412736 85.5563317540925,27.8428351710794 85.5563250934951,27.8428783955247 85.5563611878663,27.8429112437709</coordinates></LinearRing></outerBoundaryIs></Polygon></MultiGeometry>
  </Placemark>
  <Placemark>
	<Style><LineStyle><color>ff0000ff</color></LineStyle><PolyStyle><fill>0</fill></PolyStyle></Style>
      <MultiGeometry><Polygon><outerBoundaryIs><LinearRing><coordinates>85.556039555684,27.8432921136849 85.5560453564145,27.8433138214538 85.5560510854796,27.8433409402385 85.5560506554734,27.8433734063346 85.5560503688022,27.8433950503986 85.556062041946,27.8434330549192 85.5560551661908,27.8434925123902 85.556054521179,27.8435412115333 85.5560659793347,27.8435954491011 85.5560710634084,27.8436712670271 85.5560761474866,27.8437470849525 85.5560753591415,27.8438066061256 85.5560745707941,27.8438661272983 85.5560429869096,27.8439523850214 85.5560237212009,27.8440279481183 85.5559984396889,27.8440980364872 85.5559732298164,27.8441627138343 85.555984831329,27.8442061293746 85.5560021619408,27.8442766636987 85.5560074609977,27.8443362485739 85.5559945693428,27.8443902313074 85.5559632002504,27.8444602559529 85.5559382052936,27.8445087002419 85.5558762554022,27.8445892283297 85.5558510453307,27.844653905643 85.5558625034749,27.8447081432198 85.555880335834,27.8447408004527 85.5559348364634,27.8447630179346 85.5559959263237,27.8447474220023 85.5560630319784,27.8447373007642 85.5561362967719,27.8447218321816 85.5562829696221,27.8446800728661 85.5563565926333,27.8446375490853 85.5564119531618,27.8445948341905 85.5565165866185,27.8445093406423 85.5565473822059,27.8444826039892 85.5566210766263,27.8444346690406 85.5567193357539,27.8443707557103 85.5567688234501,27.8443117439322 85.5568185259889,27.8442364990824 85.5568985940919,27.8441669835759 85.5570091709613,27.844092375323 85.5570280062793,27.8440492781707 85.5570530722659,27.843995422641 85.5570417568231,27.8439303631024 85.5569690656635,27.8439025440505 85.5569204377842,27.8438966237032 85.556871953168,27.8438798813038 85.5567625942118,27.8438625021598 85.5567567933129,27.8438407944162 85.5567209850662,27.8437863021926 85.5566849619423,27.8437480430124 85.5566732885502,27.8437100385367 85.5566309631234,27.8436879487172 85.5566011707687,27.8436389311621 85.5565538326147,27.8435356123834 85.5564872292654,27.8435078567731 85.5564328007775,27.8434802285081 85.5563598951254,27.8434686422006 85.5563059682781,27.8434031367712 85.5562761761447,27.8433541191524 85.5561792792835,27.8433152228909 85.5560944139654,27.8432872760015 85.556039555684,27.8432921136849</coordinates></LinearRing></outerBoundaryIs></Polygon></MultiGeometry>
  </Placemark>
  <Placemark>
	<Style><LineStyle><color>ff0000ff</color></LineStyle><PolyStyle><fill>0</fill></PolyStyle></Style>
      <MultiGeometry><Polygon><outerBoundaryIs><LinearRing><coordinates>85.5599905783317,27.8410063426418 85.5599812330079,27.8410224804345 85.5599750027904,27.8410332389626 85.5599716375497,27.8410575568216 85.5599711730189,27.8410927284982 85.5599707799539,27.8411224891474 85.5599550257216,27.8411629130323 85.5599331127129,27.8412086844131 85.5598989893533,27.8412570342427 85.5598709889997,27.8413027420808 85.5598550202832,27.841359399031 85.5598483611929,27.8414026237114 85.5598479323525,27.841435089871 85.5598444241193,27.8414702297771 85.5598317134407,27.8415106854089 85.5598344711994,27.8415323612818 85.5598463241943,27.841556837968 85.5598490104827,27.841583924867 85.5598426730064,27.8416027999262 85.559836478477,27.8416108529322 85.5598302124717,27.8416243169642 85.5598082993096,27.8416700883167 85.5597742829588,27.8417103215655 85.5597618938762,27.8417264275699 85.5597432745056,27.841753292087 85.5597154883942,27.8417827668051 85.5596847658274,27.8418040932076 85.5596478844345,27.8418307670861 85.5596538287957,27.8418416526802 85.5596902812961,27.8418474449557 85.5597270197237,27.8418315931177 85.5597730320915,27.8418050145233 85.5597947308666,27.8417754762573 85.5598228028578,27.8417243574172 85.5598443586539,27.8417056411947 85.5598873272793,27.8416790307917 85.559921129168,27.8416550305927 85.5599821453112,27.841644843828 85.5600189908286,27.8416208753675 85.5600500348679,27.8415751992643 85.5600626382804,27.8415428601505 85.5600696903418,27.8414698748088 85.5600764922744,27.8414158280607 85.5600803577391,27.8413536330096 85.560062953376,27.8412885101144 85.5600300806662,27.841242167002 85.5600366682086,27.841204353336 85.5600920612875,27.8411589313101 85.5601316286956,27.8411593441951 85.5601742397514,27.8411597888278 85.5602076484126,27.8411655492005 85.560259461866,27.8411606780538 85.5602779738278,27.8411419299979 85.560302715975,27.8411124233959 85.56031213271,27.8410908745522 85.5603523431234,27.8410425881205 85.5603803789306,27.8409941746587 85.5603837798007,27.8409671512719 85.5603964544815,27.8409294010902 85.5604030775957,27.8408888818854 85.5604158594248,27.8408430151583 85.5604593633783,27.840775821842 85.5605147560629,27.8407303996288 85.5605364186962,27.8407035667406 85.5605642757401,27.8406686808051 85.5605952121155,27.8406311210978 85.5606687950286,27.8405913003397 85.5607421278964,27.8405704181431 85.5607607110986,27.8405462589846 85.560791540236,27.8405168157731 85.5608044289869,27.8404628324554 85.5608051075053,27.8404114276737 85.5608273413755,27.8403413064956 85.560810079539,27.8402653616151 85.5608047422287,27.840208482314 85.5608327061864,27.8401654797689 85.560842265568,27.8401331088192 85.5608426940889,27.8401006426393 85.560833956047,27.8400707867445 85.5608286901494,27.8400084964126 85.5608386423257,27.8399463647963 85.5609034152173,27.8398820990229 85.560940474173,27.8398418971891 85.5609531128072,27.8398068524533 85.5609598784542,27.839755511144 85.5609818264243,27.8397070340483 85.5610129408976,27.8396559466497 85.5610407975098,27.8396210605971 85.5610777849165,27.8395862697505 85.5611029549139,27.8395242967909 85.561091173237,27.8394944091722 85.5610884866656,27.8394673222798 85.5610925656489,27.8393888940655 85.5611053112827,27.839345732763 85.5611240726945,27.8393080459623 85.5611212790115,27.8392890756166 85.5610880136728,27.839272493421 85.5610509906768,27.8393099897914 85.5609986782581,27.839352738488 85.5609434293192,27.8393873388765 85.5608880732221,27.8394300557873 85.5608629031286,27.8394920287049 85.5608285307771,27.8395593174182 85.5608216936654,27.839616069751 85.5608085907816,27.8396862861715 85.5607927299562,27.839734826725 85.5607831348895,27.8397699031889 85.5607704247834,27.8398103589375 85.5607238778188,27.8398775206372 85.5606651563411,27.8399445553312 85.5606067562322,27.8399872403641 85.5605241143048,27.8400215548276 85.5604657498201,27.8400615342822 85.5603918099924,27.8401284100901 85.5603267151503,27.8402170252334 85.5602527394058,27.8402866064724 85.5601911166975,27.8403427871287 85.5601570651936,27.8403857260143 85.5601194698369,27.8404665103269 85.5601131682098,27.8404826798917 85.5600942990459,27.8405284830698 85.5600872470917,27.8406014684253 85.5600829886506,27.8406934241369 85.5600640837032,27.8407419328215 85.560051480395,27.8407742719425 85.5600506943186,27.8408337932458 85.560041098902,27.8408688696401 85.5600219080488,27.8409390224254 85.5600154277174,27.8409687195515 85.5599905783317,27.8410063426418</coordinates></LinearRing></outerBoundaryIs></Polygon></MultiGeometry>
  </Placemark>
  <Placemark>
	<Style><LineStyle><color>ff0000ff</color></LineStyle><PolyStyle><fill>0</fill></PolyStyle></Style>
      <MultiGeometry><Polygon><outerBoundaryIs><LinearRing><coordinates>85.5711394757674,27.829115940226 85.5710928976107,27.8291709871385 85.5710230303757,27.8293170731753 85.570908702173,27.8294631592122 85.5707435614357,27.8295774874149 85.5706736942007,27.8296664093504 85.5705530144311,27.82978708912 85.5704767956292,27.8298506047881 85.5704196315279,27.829996690825 85.5704323346615,27.8301110190277 85.5704831471961,27.8302253472305 85.5705466628643,27.8302952144655 85.5706315436671,27.8303730218682 85.570640664386,27.8304071391603 85.5706885073285,27.8304725761558 85.5707601300488,27.8305815537429 85.5708069805716,27.8307227455555 85.5708065551855,27.8307552119215 85.5708051372267,27.8308634331403 85.5707796558445,27.830949758 85.5707547416279,27.8309927943671 85.5707163776199,27.8311331037546 85.5706422019587,27.8312189243126 85.5705929405453,27.8312617084993 85.5705064493215,27.8313582250188 85.5704445887324,27.8314333494205 85.5703336082571,27.8315404357556 85.570259573867,27.8316154339634 85.5702097446828,27.8317015064696 85.5701599154174,27.8317875789538 85.5701347170171,27.8318522594218 85.5701337239343,27.8319280142409 85.5701692517044,27.832004147413 85.5701678330386,27.8321123685821 85.5701791554737,27.8321774273994 85.5702023678376,27.8322642565643 85.5702385341303,27.8322916901952 85.5702809291258,27.8323083647543 85.5703536164242,27.832336176675 85.5703960823788,27.8323474401411 85.5705357957936,27.8323705344309 85.5706148536855,27.8323767650236 85.5707547090048,27.8323890369758 85.5708093486936,27.8324004263828 85.5709374557826,27.8323801057299 85.5710106395595,27.8323700398912 85.5711386756979,27.8323551301091 85.5712969333284,27.8323567684386 85.5715094055255,27.8324022620868 85.5717039716908,27.8324205111321 85.5718615209505,27.8324762594385 85.5720252989076,27.8325212484233 85.5721105147159,27.8325221300808 85.5722139202265,27.8325286116571 85.5722685601643,27.8325400004943 85.5723047979195,27.8325620225423 85.5723345947046,27.8326110369333 85.5723766360453,27.8326547661802 85.572430992774,27.8326877992091 85.5724794043218,27.8327099471331 85.5725152172633,27.8327644355097 85.5725636288629,27.8327865834058 85.5726122529256,27.8327924980947 85.5726427580387,27.8327874017881 85.5727036266377,27.832788031282 85.5727646368521,27.8327778386211 85.5728926733089,27.8327629272211 85.5729352813231,27.8327633677922 85.5729962207117,27.8327585860921 85.5730452695488,27.8327320342406 85.5731613445712,27.8327007635267 85.5732527182009,27.8326962963467 85.5733624939485,27.8326811957324 85.5734295909102,27.8326710656914 85.5734724112123,27.8326552728981 85.5735947144296,27.8326132425932 85.5737107891882,27.8325819714059 85.5737960758617,27.832577440958 85.573869401082,27.8325565514649 85.5739609868235,27.8325358506091 85.5740462027153,27.8325367310721 85.5741556952733,27.8325432740862 85.5742654000432,27.8325335838105 85.5742898889038,27.8325230131874 85.5743510403078,27.8325019976776 85.5744124745856,27.8324593378672 85.574498397631,27.8324061073653 85.5745841084484,27.8323691100123 85.5745963528462,27.8323638246716 85.5746998998616,27.8323594822472 85.5747735076057,27.8323169479846 85.5748344467014,27.83231216546 85.5748955271923,27.8322965607695 85.5749506622226,27.8322700710642 85.5750059386146,27.8322327591963 85.5750368676367,27.832195195931 85.5750982307929,27.832157946867 85.5751840825946,27.8321101269848 85.5752394295094,27.8320674039461 85.5752886188774,27.8320300291216 85.5753441777401,27.8319710728253 85.575399524522,27.8319283497166 85.5754548712608,27.8318856265839 85.5754889688553,27.8318491918627 85.5755072365504,27.831825942069 85.5755177656122,27.8318184213105 85.575558836372,27.8317890850536 85.5756850804213,27.8316989107326 85.57576765079,27.8316417466313 85.5758502211586,27.8315782309631 85.5759264399604,27.8314829574608 85.575977252495,27.8314067386589 85.5760344165964,27.8313114651566 85.5760915806977,27.8311971369539 85.5761677994996,27.8310955118848 85.5762567214351,27.8310002383825 85.576364698071,27.8309240195807 85.576373908475,27.8309153848269 85.5764663231401,27.8308287460784 85.5765107841078,27.8307080663088 85.5764853778406,27.830593738106 85.5764409168728,27.8305111677374 85.5764218621724,27.8304413005024 85.5763202371033,27.8303333238664 85.5762059089005,27.8302316987973 85.5761487447991,27.8301491284287 85.5760979322646,27.83006655806 85.5759963071955,27.8299585814241 85.5759391430941,27.8298823626222 85.5758057601909,27.8297426281522 85.5756977835549,27.8297045187513 85.5756533225872,27.8296981671845 85.5755135881172,27.8297172218849 85.5754310177485,27.8297108703181 85.575380205214,27.8297172218849 85.5752531738776,27.8297299250186 85.5751515488084,27.8297108703181 85.5750372206057,27.8296981671845 85.574922892403,27.8297045187513 85.5748339704675,27.8296918156177 85.5747831579329,27.8296473546499 85.5746878844306,27.829609245249 85.574535446827,27.8295711358481 85.574485541659,27.8295484516809 85.5744655795919,27.8295266748803 85.5743957123569,27.8294822139126 85.5743448998223,27.8294314013781 85.5742750325873,27.829361534143 85.5741861106519,27.8293043700417 85.5740590793155,27.8292090965394 85.5740209699146,27.8291582840048 85.5739066417118,27.829082065203 85.5737669072418,27.8290439558021 85.5736589306058,27.8289994948343 85.573582711804,27.8289423307329 85.5735064930022,27.8289105728988 85.5733032428639,27.8288597603643 85.5731381021266,27.8287390805947 85.5730237739239,27.8285929945579 85.5728586331866,27.828516775756 85.5727506565506,27.828516775756 85.5725664611129,27.8284977210556 85.5725300952793,27.8284886295972 85.5723949688087,27.8285040726224 85.5723441562742,27.8285040726224 85.5721790155369,27.8285866429911 85.5721345545691,27.8286184008251 85.5719884685323,27.8286565102261 85.5719648791796,27.8286580828496 85.5717979215277,27.8286692133597 85.5716200776568,27.828694619627 85.571435882219,27.8287517837284 85.5713215540162,27.8288089478297 85.5712008742467,27.8289232760325 85.5711500617121,27.8290947683366 85.5711394757674,27.829115940226</coordinates></LinearRing></outerBoundaryIs></Polygon></MultiGeometry>
  </Placemark>
  <Placemark>
	<Style><LineStyle><color>ff0000ff</color></LineStyle><PolyStyle><fill>0</fill></PolyStyle></Style>
      <MultiGeometry><Polygon><outerBoundaryIs><LinearRing><coordinates>85.5749472406689,27.8356695750955 85.5749737049375,27.835716276746 85.5750912089237,27.8357797924142 85.5751833066426,27.8358210775985 85.5753738536471,27.8358433080824 85.5754373693153,27.8357988471147 85.5754913576333,27.8357480345801 85.5755008849835,27.8356940462622 85.5754723029329,27.8356114758935 85.5754627755826,27.8355638391424 85.5754532482324,27.835522553958 85.5754341935319,27.8354558625064 85.5754723029329,27.8353447100871 85.5754977092001,27.8352557881516 85.5755167639006,27.8351636904327 85.5756120374029,27.83504936223 85.5756564983706,27.8349763192115 85.575665993275,27.8349589118869 85.5757309307868,27.8348895254033 85.5757209139716,27.8348215677576 85.5757218326297,27.834751223855 85.5757291915846,27.8346538874225 85.575705409027,27.8346103475903 85.5756510503146,27.8345773157877 85.575596620964,27.8345496950342 85.5755543655705,27.8345221999125 85.575530795134,27.8344624268452 85.5755071540464,27.8344080648437 85.5754776380571,27.834337406802 85.5754663122765,27.8342723483131 85.5754304973643,27.8342178606407 85.5753521445627,27.8341575220587 85.5752793839869,27.8341351237545 85.5752126396939,27.8341181993222 85.5751337922366,27.8340957381029 85.5750364719062,27.8340893215026 85.5749754611173,27.8340995151468 85.5749324990276,27.8341261305266 85.5748709932663,27.8341742015991 85.5747664545617,27.8342542990338 85.5746561823403,27.8343072781812 85.5745705407126,27.834338864446 85.5744359204995,27.8343915919317 85.5742826148729,27.8344765970343 85.5741728373988,27.8344916983142 85.5740871954978,27.8345232842676 85.5739953250853,27.8345656294023 85.5739339601817,27.8346028778987 85.5739031715808,27.8346296187339 85.5738661544822,27.8346671187914 85.5738292788772,27.8346937967078 85.5738046479566,27.8347151893561 85.5737980656575,27.834753003907 85.5737978533734,27.8347692371017 85.5737915541149,27.8347854073924 85.5739070651189,27.8347974246544 85.5739917167601,27.8348415937388 85.5740641237616,27.8348910480547 85.5741302316094,27.8349566726419 85.574184377788,27.8350059382287 85.5742509102159,27.835039096368 85.5743108605355,27.8351100690559 85.5743531158184,27.835137564553 85.5743766149944,27.8352027488631 85.5744368484079,27.8352520772371 85.5744607720366,27.8352847951383 85.5745200860784,27.8354044673379 85.5745741619282,27.8354591438497 85.5746102596737,27.8354919874691 85.5746701397491,27.8355683710806 85.5747672492147,27.835591021186 85.5748882825583,27.8356463890577 85.5749472406689,27.8356695750955</coordinates></LinearRing></outerBoundaryIs></Polygon></MultiGeometry>
  </Placemark>
  <Placemark>
	<Style><LineStyle><color>ff0000ff</color></LineStyle><PolyStyle><fill>0</fill></PolyStyle></Style>
      <MultiGeometry><Polygon><outerBoundaryIs><LinearRing><coordinates>85.5759818460038,27.8344560586073 85.5759804282784,27.8344872485664 85.5759931314121,27.8345348853176 85.5760090103291,27.8345698189351 85.5760248892462,27.8346206314697 85.5760344165964,27.8347508385895 85.5760121861125,27.8348651667922 85.5760026587623,27.8349477371609 85.5760026587623,27.8350525380134 85.5760058345457,27.8351255810318 85.5759994829789,27.8351763935664 85.5760185376793,27.8352621397184 85.5760375923798,27.8353034249028 85.5760502955134,27.8353986984051 85.5761233385319,27.8355320813083 85.5761646237162,27.8355987727599 85.5762154362507,27.8357258040963 85.5762980066194,27.8357924955479 85.5763297644535,27.8357893197645 85.5763583465042,27.8357480345801 85.5763805769881,27.8356686399949 85.5763964559051,27.8355670149258 85.576434565306,27.8354939719073 85.5764599715733,27.8354272804557 85.5764631473567,27.8353478858705 85.5765012567576,27.8352462608014 85.5765107841079,27.8351827451332 85.5765425419419,27.8351001747645 85.5765679482092,27.8350239559627 85.576612409177,27.8349064519765 85.5766060576102,27.8348238816079 85.576628288094,27.8347603659397 85.5766600459281,27.8346936744881 85.5766918037622,27.8346269830365 85.5767330889466,27.8345602915849 85.5767330889466,27.8344808969996 85.5767394405134,27.8344205571148 85.5767394405134,27.8343633930135 85.5767775499143,27.834290349995 85.5767934288313,27.8342141311932 85.5767966046147,27.8341220334743 85.5768315382323,27.8340331115388 85.5768505929327,27.8339695958706 85.5768887023336,27.8338838497186 85.5769014054673,27.833817158267 85.5769204601677,27.8337695215158 85.576929987518,27.8337187089813 85.5769141086009,27.8336869511472 85.5768569444995,27.8336805995804 85.5768029561816,27.8336805995804 85.5767489678636,27.8336647206633 85.5767013311124,27.8336615448799 85.5766861237938,27.833660024148 85.5766873192986,27.8336577562817 85.5766858071967,27.8336571616416 85.5766433399975,27.8336459000702 85.5765646337854,27.8336126175241 85.5765344816929,27.8335906593341 85.5764617918433,27.8335628505846 85.5764193247068,27.8335515889464 85.5763644718649,27.8335564349353 85.5763217928447,27.833561406483 85.5762730975432,27.8335609041535 85.576218456606,27.8335495168692 85.5761577287701,27.8335380667665 85.5761150497506,27.8335430382501 85.5760785282839,27.8335426614502 85.5760602675508,27.8335424730466 85.5760420068178,27.8335422846405 85.5759989745503,27.8335743114434 85.5759314532964,27.833616909146 85.5758461658345,27.8336214408862 85.5757428296079,27.833609550916 85.5756822431274,27.8335872784641 85.5756031839348,27.8335810507326 85.5755240540811,27.833580234026 85.5754570980536,27.8335795429312 85.5754023865294,27.8335735663962 85.5753350771017,27.8335999305898 85.5753105880869,27.8336105013916 85.57524936553,27.8336369283764 85.5752066157553,27.8336473106451 85.575163441831,27.8336901593142 85.5751145344181,27.8337058897806 85.5750840291358,27.8337109866278 85.5750533117631,27.8337323166742 85.5750469420588,27.8337538981023 85.5750831808014,27.8337759194528 85.5751014415658,27.8337761079871 85.5752720167461,27.8337670453859 85.5753387608373,27.8337839697827 85.5754172547289,27.8338334862264 85.575447265296,27.8338662667929 85.5755198137137,27.8339048982129 85.5755925741935,27.8339272963871 85.5757136061832,27.8339826634946 85.5757921710541,27.8340267686651 85.5758583501385,27.8340869813812 85.575924670604,27.8341363719269 85.5759477466261,27.8342340224279 85.5759519259417,27.8343801841354 85.5759818460038,27.8344560586073</coordinates></LinearRing></outerBoundaryIs></Polygon></MultiGeometry>
  </Placemark>
  <Placemark>
	<Style><LineStyle><color>ff0000ff</color></LineStyle><PolyStyle><fill>0</fill></PolyStyle></Style>
      <MultiGeometry><Polygon><outerBoundaryIs><LinearRing><coordinates>85.5701799317307,27.8352526863067 85.5702108632701,27.8352151242331 85.5702478108359,27.8351830362693 85.5703395412495,27.8351515158202 85.5703764178245,27.8351248388759 85.5704924251598,27.8350989815982 85.5706267643099,27.835067902298 85.5707731355254,27.8350477710553 85.5709313970369,27.8350494099491 85.5709921250498,27.8350608623606 85.5710711849235,27.8350670927633 85.5711138646992,27.8350621228717 85.5711685766513,27.8350681011251 85.5713267673349,27.8350751506254 85.5714240882007,27.8350815698663 85.5714668388491,27.835071188806 85.5716129264734,27.8350727009045 85.5717772042019,27.8350798128904 85.571880257812,27.8351133501045 85.5719652630798,27.8351304651076 85.5720259204171,27.8351473281302 85.5720984683687,27.8351859613289 85.5722014513459,27.8352249093707 85.5722866692728,27.8352257909979 85.5723907856816,27.8351781619232 85.5724161252867,27.8351026589294 85.5724292200559,27.8350324410611 85.5724480476421,27.8349893414621 85.5724735288129,27.8349030163292 85.5724263204176,27.8347888803262 85.5724084136566,27.8347616361236 85.5723851282494,27.8346802183367 85.5723318330753,27.8345660193389 85.5722844124532,27.8344681164778 85.572242866348,27.8343865097585 85.5721525539153,27.8343098102941 85.572134930667,27.8342609218142 85.5720872269669,27.834184663138 85.5720330821651,27.834135396773 85.5719604640692,27.8341021746223 85.5719241550384,27.8340855635332 85.5718878460189,27.8340689524348 85.5718575530837,27.8340578153763 85.5718155114442,27.8340140859674 85.5717915180332,27.8339867787024 85.5717796276208,27.8339650084773 85.5717437438291,27.8339159309787 85.5717137344005,27.8338831496477 85.57169582796,27.8338559053614 85.5716656768332,27.8338339461421 85.5716292970722,27.8338227460403 85.5715685696627,27.8338112939304 85.5715321899203,27.8338000938036 85.5714896524002,27.8337942417242 85.5714107351645,27.8337771894737 85.571356307357,27.8337495670992 85.5713199276594,27.8337383669179 85.571247097403,27.833721377587 85.5711804249661,27.8336990401763 85.5711259263686,27.8336768287737 85.5710591121983,27.8336653134247 85.5710225907712,27.8336649352856 85.5709740373324,27.8336536089668 85.570931429007,27.8336531677774 85.5708644021655,27.8336578855121 85.5708277389332,27.8336683294391 85.570766728076,27.8336785212169 85.5707059299431,27.833672479792 85.5706694085192,27.8336721015593 85.570626587446,27.8336878934505 85.5705533318338,27.8337033701073 85.5704742020659,27.8337025505027 85.5703889853964,27.8337016678008 85.5703282582097,27.8336902151522 85.5702857917468,27.833678951648 85.5702061654515,27.8337160092915 85.5701084912069,27.8337366445236 85.5700655990914,27.8337578472934 85.5699979336454,27.8338112641139 85.5699791053319,27.8338543633571 85.5699786796432,27.8338868296966 85.5699902858901,27.8339302442897 85.5699838442331,27.8339572365022 85.5699590708648,27.8339894505572 85.5699467551252,27.8340001465264 85.569940526304,27.8340109055669 85.5699145467274,27.8341351075694 85.5699141919666,27.8341621628505 85.5698640064818,27.8342752904275 85.5698451780274,27.8343183896447 85.5698385943943,27.8343562039585 85.5698440427273,27.8344049665389 85.5698312302281,27.8344535398855 85.5698125436433,27.8344858169841 85.5697874862601,27.8345396752221 85.5697804058692,27.8346153669195 85.5697797672266,27.8346640664191 85.5697726158572,27.8347451691698 85.5697895284966,27.8348481684655 85.569764045239,27.8349344930245 85.5697872577522,27.8350213222351 85.5697861933338,27.835102488063 85.5698033898688,27.8351838431339 85.5698089091704,27.8352271946558 85.5698266734172,27.8352652612829 85.5698562568688,27.8353305093419 85.5699223623426,27.8353961358568 85.5699767905625,27.8354237588077 85.5700496217138,27.8354407488401 85.5700801276667,27.8354356531341 85.5700862146675,27.8354357162032 85.5701304554119,27.8353117033968 85.5701799317307,27.8352526863067</coordinates></LinearRing></outerBoundaryIs></Polygon></MultiGeometry>
  </Placemark>
  <Placemark>
	<Style><LineStyle><color>ff0000ff</color></LineStyle><PolyStyle><fill>0</fill></PolyStyle></Style>
      <MultiGeometry><Polygon><outerBoundaryIs><LinearRing><coordinates>85.5702424764824,27.8360542793226 85.5701583221694,27.8359722305794 85.5701349672982,27.835896223535 85.5701118252993,27.8358039833209 85.5700884704913,27.8357279762694 85.5700718412655,27.8356033327857 85.5700300836038,27.835537958625 85.5700064450955,27.8354835957826 85.5699340396542,27.8354341393953 85.569891643524,27.8354174646936 85.5698190252984,27.8353842414142 85.5697892999327,27.8353298154579 85.5697416684432,27.835248144971 85.5697301331453,27.8351993193085 85.5697250396632,27.8351235014546 85.5697381361567,27.8350532839068 85.5697210106509,27.8349665177738 85.56961123222,27.8349816153812 85.5695621105942,27.8350135769892 85.5695313208464,27.835040316803 85.5695125630911,27.8350780049058 85.5695060502605,27.8351104081392 85.5695056244083,27.8351428744661 85.5695053405065,27.8351645186839 85.5695049856288,27.8351915739561 85.5695047017263,27.8352132181738 85.5695103628605,27.8352457475942 85.5695160239977,27.8352782770144 85.5694974081451,27.8353051430036 85.5694482863377,27.8353371045629 85.5693751714337,27.8353417584349 85.5693385784879,27.8353467908833 85.5693079305615,27.8353627085327 85.5692831566602,27.8353949224406 85.5692645407304,27.8354217883949 85.5692091898229,27.8354645088658 85.5691660838702,27.8355019444792 85.5691352228909,27.8355340952472 85.5691226939054,27.8355610242907 85.5691344419452,27.8355936168331 85.5691522770004,27.8356262724852 85.5691519220282,27.8356533277514 85.5691270770163,27.8356909526789 85.569114690002,27.8357070596141 85.5691144060158,27.8357287038265 85.5691080350136,27.8357502849262 85.5690888509927,27.8358204392754 85.5691005990464,27.8358530318201 85.5691062600835,27.835885561251 85.5691059050961,27.8359126165156 85.5690872890293,27.8359394824392 85.5690746889815,27.8359718225274 85.5690497728652,27.8360148584883 85.5690369597926,27.8360634317299 85.5690177756617,27.8361335860624 85.5690111206011,27.8361768113648 85.5690470038252,27.8362258895404 85.569040206765,27.8362799369488 85.5690213066037,27.8363284470687 85.5690326996718,27.8363880948801 85.5690626379194,27.8364262878307 85.5691169244101,27.8364647332329 85.5691469337052,27.8364975151142 85.569219481441,27.8365361498149 85.5692800680775,27.8365584251075 85.5693529708398,27.8365700044763 85.5694200704923,27.8365598764939 85.5695054313178,27.8365499377703 85.5695787599601,27.8365290506994 85.5696093372113,27.8365185440568 85.5697133140174,27.8364817392089 85.5697625782164,27.8364389554686 85.5698057553231,27.8363961086258 85.5698489323956,27.836353261768 85.5698981964832,27.8363104779743 85.5699534766224,27.8362731682927 85.5700024568168,27.8362520286774 85.5700575949892,27.8362255410611 85.5701249072225,27.8361991795599 85.5701859904928,27.8361835770691 85.5702165675934,27.8361730702857 85.5702471446885,27.8361625634952 85.5702655476954,27.8361519305732 85.570271705677,27.8361465825801 85.5702842344577,27.8361196534264 85.5702843763372,27.8361088313153 85.5702544377309,27.8360706386154 85.5702424764824,27.8360542793226</coordinates></LinearRing></outerBoundaryIs></Polygon></MultiGeometry>
  </Placemark>
  <Placemark>
	<Style><LineStyle><color>ff0000ff</color></LineStyle><PolyStyle><fill>0</fill></PolyStyle></Style>
      <MultiGeometry><Polygon><outerBoundaryIs><LinearRing><coordinates>85.5652790761802,27.8382730108529 85.5652877797352,27.8383055720349 85.565296447698,27.8383408387373 85.5652928345704,27.8383840954298 85.5652858218886,27.8384543756878 85.5653124665617,27.8385114764163 85.5653483843898,27.8385578499833 85.5653503600925,27.838639047254 85.5653829496295,27.8387070333386 85.5654159663404,27.8387425531647 85.5654308639248,27.8387670610573 85.5654518130978,27.8387943377498 85.5655060993875,27.8388327845565 85.5655548679957,27.8388278797298 85.5656099373174,27.8388068050321 85.5656621053847,27.8387748765912 85.5657599628111,27.838740717115 85.5658186094061,27.8386790911422 85.5658588165161,27.8386308029643 85.56588083326,27.8385769139482 85.5659030634738,27.8385067917975 85.5659192776631,27.8384311953392 85.5659261831919,27.8383690315987 85.5659452985918,27.8383042888507 85.565961619456,27.8382205758177 85.5659838139553,27.8381531591677 85.5659859520271,27.8381031665034 85.5660168565991,27.8380709728365 85.5660327148496,27.8380224315748 85.5660729216117,27.8379741433175 85.5661342909878,27.8379368985064 85.5661712762368,27.8379021062037 85.5662382346457,27.8379028019015 85.5662993549283,27.8378844956695 85.5663147506015,27.8378711261594 85.5663365891005,27.8378307646627 85.5663187190058,27.8378008141971 85.5663254108279,27.8377548835557 85.5662985167834,27.8377167216608 85.5662684724841,27.8376866447075 85.566180280449,27.8376803166257 85.5661496669973,27.8376935280042 85.5660582179471,27.8377034013538 85.565963583007,27.8377240651026 85.5659206173799,27.837750677527 85.5658806241291,27.8377827326106 85.5658314645888,27.8378173983115 85.5657610712523,27.8378464315251 85.5656757091743,27.8378563678795 85.5656051378316,27.8378989286186 85.5655593064363,27.8379119816807 85.5654648136034,27.8379218229909 85.5654159386198,27.8379348443653 85.5653819966927,27.8379696680968 85.5653603001964,27.8379992073425 85.5653231010897,27.8380502325432 85.5652798148109,27.8381011944459 85.5652730513281,27.8381525360592 85.5652817548733,27.8381850972417 85.5652750981762,27.8382283222912 85.5652826012365,27.8382563922731 85.5652790761802,27.8382730108529</coordinates></LinearRing></outerBoundaryIs></Polygon></MultiGeometry>
  </Placemark>
  <Placemark>
	<Style><LineStyle><color>ff0000ff</color></LineStyle><PolyStyle><fill>0</fill></PolyStyle></Style>
      <MultiGeometry><Polygon><outerBoundaryIs><LinearRing><coordinates>85.5433170185391,27.9000724715659 85.5431838238981,27.9000115346609 85.5430444663909,27.899955944175 85.5429224382292,27.8999708889846 85.5427399396923,27.8999527239469 85.54262421956,27.8999515000839 85.5425506981011,27.8999831927027 85.542489067618,27.900036657882 85.542469490737,27.9001338615131 85.5424193160399,27.9002415648892 85.5423768556422,27.9002685433011 85.5423657571998,27.9003757238182 85.5423066401654,27.9004676645843 85.542269008906,27.9005484420613 85.5422677034284,27.9006458389453 85.5422426158643,27.9006996905874 85.5422352923042,27.900791612095 85.5422469657647,27.9008296175296 85.5422704577632,27.9008948065207 85.542306276017,27.9009493024984 85.5423176594157,27.9010089516789 85.5424016948365,27.9011018396484 85.5424248243774,27.9011940833059 85.5424249004349,27.9011941327957 85.5425093676446,27.9012490946502 85.5425691134812,27.9013363138897 85.5425739713588,27.9014283642593 85.5425665029702,27.9015311076599 85.5425591070781,27.9016284401202 85.5425583094095,27.9016879604367 85.5425457102364,27.90176016173 85.5425499512952,27.9017802408201 85.5425869497059,27.9018235559947 85.5426502780273,27.9018945098301 85.5426649678285,27.9019109684653 85.5427298621761,27.9020685942577 85.5427599529028,27.9020959710254 85.5428201344018,27.9021507245426 85.5428623339889,27.9021836410519 85.5429650777252,27.9022442563156 85.5430554952608,27.9023155645795 85.5431215502323,27.9023866151918 85.5432179861794,27.9024633986943 85.5433024583466,27.9025238205335 85.5434666892674,27.9025417918338 85.5434917042332,27.9024933509153 85.5434682836655,27.9024227511669 85.5434324643648,27.9023682554622 85.5434146996772,27.9023301857279 85.5433970799526,27.9022812941129 85.5433977322316,27.9022325956581 85.5433861307128,27.9021891793681 85.5433134776651,27.9021559410636 85.5432712054638,27.9021284356268 85.5432295856334,27.9020522317254 85.5432427092097,27.901982018303 85.5432126183865,27.9019546416369 85.5432017418073,27.9018571159412 85.5431965934595,27.9017867093356 85.5431729557611,27.9017323423608 85.5431492455993,27.9016833863218 85.5431435173993,27.9016562672285 85.5431324959263,27.9015695634053 85.543078405193,27.9015148744262 85.5430798224898,27.9015007119216 85.5431587430379,27.9014291365674 85.5431837578585,27.9013806956927 85.5432089176199,27.9013214329329 85.543210004847,27.901240268837 85.54316816792,27.9011802977412 85.5431932551561,27.901126445921 85.5432426322767,27.9010782626027 85.543322824707,27.9010033465062 85.5434510170585,27.9009830548275 85.5434735141723,27.9009790200649 85.5435365027575,27.9009677233274 85.5436037891207,27.9009467877079 85.5436529486052,27.9009148370546 85.5436536731905,27.9008607276435 85.5436368506129,27.9007523157012 85.5436145995195,27.9007063723898 85.5436077019946,27.9006545968906 85.5435779012729,27.900605576545 85.5435539012967,27.9005782643348 85.5434894228923,27.9005196013756 85.5434877021434,27.9005180358247 85.5434586261802,27.9004149060458 85.543441224107,27.9003497816112 85.5434052605151,27.9003061077919 85.5434062026116,27.900235765559 85.5434145047091,27.9001913465434 85.5434193257991,27.9001655520892 85.5433959057079,27.9000949523262 85.5433861871231,27.90008537243 85.5433767321952,27.9000760524281 85.5433170185391,27.9000724715659</coordinates></LinearRing></outerBoundaryIs></Polygon></MultiGeometry>
  </Placemark>
  <Placemark>
	<Style><LineStyle><color>ff0000ff</color></LineStyle><PolyStyle><fill>0</fill></PolyStyle></Style>
      <MultiGeometry><Polygon><outerBoundaryIs><LinearRing><coordinates>85.5447701059633,27.9051721240804 85.5447704175724,27.9051488405716 85.5447241411082,27.9051134655753 85.5440909935463,27.9048441411428 85.5440428340997,27.9048404597196 85.5439886274904,27.9048472830248 85.5438786305996,27.9048731790779 85.5438055408561,27.9048724066022 85.5437509409478,27.9048555944053 85.543647252226,27.904865321834 85.5435677093097,27.9048915395397 85.5435185479471,27.9049234900757 85.543517968126,27.9049667775765 85.5435660423789,27.9050159911069 85.5435836625648,27.9050648827013 85.5435948295688,27.9051407645976 85.5436246314435,27.9051897849557 85.5436787966723,27.905239062834 85.5437077289784,27.9053530144288 85.5437493503036,27.905429218211 85.5437855330319,27.9054566591649 85.5439060456455,27.9055553435309 85.5439359926862,27.9055935419522 85.5439474498081,27.9056477800734 85.543995524549,27.905696993468 85.5441043630466,27.9057576723696 85.5441523654586,27.9058122966517 85.5441936974746,27.9059101440669 85.5442720819247,27.9059705010442 85.5443465982814,27.9060467816605 85.5443863597915,27.906079942542 85.5444520556585,27.9061780472924 85.5445058595866,27.9062543795662 85.544546829921,27.9063792815824 85.5446070146252,27.9064340344098 85.5446489991021,27.9064831832526 85.5446847019971,27.9065296600983 85.5446967848282,27.9065540401794 85.5447450775671,27.9065870205164 85.5448544967092,27.9066044113516 85.5449093873287,27.9065995793881 85.5450132224614,27.9065790291901 85.5450605506448,27.9065431135507 85.545062456588,27.9065416671997 85.5451116182777,27.9065097161304 85.5452037782696,27.9064511605599 85.5452349567578,27.9063973727315 85.545260044316,27.9063435205811 85.5452728052689,27.9063003616815 85.5452854938171,27.9062626137208 85.5453105089241,27.906214172499 85.5453169617752,27.906187182105 85.5453114500229,27.9061438302667 85.5452877380134,27.9060948745532 85.5452518442614,27.9060457902104 85.545191731822,27.9059856267169 85.5451740383753,27.9059421462424 85.5451562001439,27.9059094876475 85.5451203789109,27.9058549923329 85.5451029751177,27.9057898680873 85.5450917346083,27.9057193972187 85.5450620767291,27.9056595552696 85.5450321292639,27.9056213570778 85.5450269796661,27.9055509505263 85.5450152323897,27.9055183562372 85.5449851401653,27.9054909799179 85.5449427938516,27.9054688858826 85.5449124120201,27.9054631533108 85.544903311954,27.9054603513489 85.5448819577807,27.9054628316728 85.5448577573178,27.9054503997417 85.5448411704185,27.9054380482192 85.5448153929437,27.9054296584037 85.5447759653837,27.9054170656301 85.5447700917891,27.9054007684764 85.544774931484,27.9053805257001 85.5447857805508,27.9053664345615 85.5447966296148,27.9053523434265 85.5448028290787,27.9053442913476 85.5448123274124,27.9053173331425 85.5448125061854,27.9053039748789 85.5448127256913,27.9052875729701 85.54480996993,27.9052658970428 85.5448009966084,27.90525362593 85.5447737869913,27.9052384563499 85.5447679315095,27.9052208064609 85.5447714295271,27.9051870202497 85.5447715019431,27.9051816093072 85.5447701059633,27.9051721240804</coordinates></LinearRing></outerBoundaryIs></Polygon></MultiGeometry>
  </Placemark>
  <Placemark>
	<Style><LineStyle><color>ff0000ff</color></LineStyle><PolyStyle><fill>0</fill></PolyStyle></Style>
      <MultiGeometry><Polygon><outerBoundaryIs><LinearRing><coordinates>85.5394795101807,27.8851334619017 85.5394695949895,27.8851915327565 85.5394647190856,27.8852144808721 85.539455239594,27.8852400860652 85.5394501821351,27.885276561538 85.5394468286486,27.8852995257837 85.5394235746851,27.8853303967332 85.5394155631331,27.8853600762613 85.5394120280809,27.8853965678632 85.5393902057345,27.885434218616 85.5393817723325,27.8854694929164 85.5393805264885,27.8854747038947 85.5393726238489,27.8854962670047 85.5393509104058,27.8855258013353 85.5393323325931,27.8855486042492 85.5393012666645,27.8855942746014 85.5392521312748,27.8856248712495 85.5392182564834,27.8856529237501 85.5391766424077,27.8856903647175 85.5391475164622,27.8857049382474 85.5391108876844,27.8857289887689 85.5391073702958,27.8857464535335 85.5390995220595,27.8857639584177 85.539093287052,27.8857747157594 85.5390901877075,27.8857787416946 85.5390027370998,27.8858278731471 85.5389871495453,27.8858547664883 85.5389685352764,27.8858802748179 85.5389482351093,27.8859179416257 85.5389309797976,27.8859556407048 85.5389018174244,27.8859729196489 85.5388711870948,27.8859861242424 85.5388541678628,27.8860062377511 85.5388250599541,27.8860194584721 85.5387882127127,27.8860420676381 85.5387710481447,27.8860730030174 85.5387568739478,27.8861080288787 85.5387138460895,27.8861373371407 85.5386861697413,27.8861573376459 85.5386675553486,27.8861828459292 85.5386673373641,27.886199078751 85.5386640381717,27.8862179847619 85.5386361438039,27.8862542180773 85.5386527453071,27.8862652175072 85.5386679696979,27.8862653789135 85.5387075712794,27.8862644458271 85.5387443277918,27.8862486003628 85.5387702819099,27.8862434637945 85.5387975586627,27.8862532234477 85.5388082338994,27.8862519836859 85.5388220993219,27.8862399543191 85.5388391004349,27.8862211935519 85.5388468397701,27.8862118050981 85.5388484530242,27.8862050575603 85.5388698761386,27.8861971670864 85.5388883088616,27.8861851861271 85.5388976069529,27.8861731083377 85.5389221475821,27.8861598391899 85.5389360674664,27.8861437516046 85.5389438249494,27.8861330104094 85.538962493755,27.8861034438799 85.5389947373512,27.8860834917271 85.5390070258117,27.8860755044091 85.5390286304977,27.8860540865551 85.5390713313577,27.8860491274277 85.5390835653287,27.8860451983087 85.5391064745124,27.8860400294028 85.5391232939494,27.8860347959514 85.5391522202368,27.8860351025211 85.5391902993008,27.8860341531574 85.5392115407738,27.8860397899831 85.5392404125893,27.8860441547409 85.539251160434,27.8860375040016 85.5392711699989,27.8860214809155 85.5392955652913,27.8860190335824 85.5393231143974,27.8860085020979 85.5393277906474,27.8860004340839 85.5393478728215,27.8859790000435 85.5393845565253,27.8859685653431 85.5393922776395,27.8859605295915 85.5393954677594,27.8859497399711 85.5394063971456,27.8859295618625 85.5394369366216,27.8859231208252 85.5394567827405,27.8859192723312 85.5394665699908,27.8859119964282 85.5394842591868,27.8859141517555 85.5394950070043,27.8859075009961 85.5395026917966,27.8859021707092 85.5395240603443,27.8858983383364 85.5395347900035,27.8858930403093 85.539551682016,27.885882395861 85.5395685014094,27.8858771623535 85.5395792855259,27.8858678061155 85.539590251177,27.8858449225189 85.5396072157904,27.88582886712 85.5396226398121,27.8858141483249 85.5396304153572,27.8858020543513 85.5396534515372,27.8857874162005 85.5396672805034,27.8857780922137 85.5396735154556,27.8857673348439 85.5396781916689,27.8857592668163 85.539686021661,27.8857431146315 85.5397061763256,27.8857162695901 85.5397171782375,27.8856906805095 85.5397387282541,27.8856733207425 85.5397649000116,27.8856519511485 85.5397711349466,27.8856411937734 85.5397744702278,27.8856195822545 85.5397869582416,27.8855967147669 85.5398023640547,27.885583348685 85.5398117708969,27.8855631544112 85.5398134929841,27.8855482904431 85.5398198549617,27.8855280639134 85.5398261987864,27.8855091901193 85.5398385597238,27.8854957917777 85.539857101124,27.885475694263 85.5398679033253,27.8854649852634 85.5398757514162,27.8854474803293 85.5398835632051,27.8854326808666 85.5398974102556,27.8854220041178 85.539915879035,27.8854073175383 85.5399282399496,27.8853939191876 85.5399329342761,27.8853844984136 85.5399407097546,27.8853724044192 85.5399532702983,27.885344125969 85.5399564240447,27.8853360418041 85.539965794538,27.8853185529894 85.5399765967126,27.8853078439801 85.5399828497541,27.8852957338573 85.5399837333815,27.8852936523233 85.5400181922241,27.8852717554892 85.5400289943888,27.8852610464754 85.5400519759581,27.885250466459 85.5400856326499,27.8852386465733 85.5401207936137,27.8852281955393 85.5401498830156,27.8852163272654 85.5401744777191,27.88519899967 85.5401930190062,27.885178902105 85.5402147502986,27.8851480148927 85.5402242296049,27.88512240964 85.5402413754604,27.8850928267904 85.5402537544435,27.8850780756707 85.5402553121654,27.8850753880304 85.5402615480084,27.8850646289192 85.5402724045622,27.8850498616753 85.5402802344116,27.8850337094498 85.5403002799287,27.8850149807265 85.5403355496636,27.8849964132155 85.5403829261922,27.8849833856087 85.5404058713842,27.8849755110022 85.5404350514013,27.8849568789817 85.5404519976079,27.8849421762033 85.5404780239139,27.8849316283515 85.5404903121377,27.8849236408908 85.5405041590644,27.8849129640756 85.5405241500974,27.8848982935266 85.5405456272641,27.8848863445668 85.5405640233027,27.8848770688388 85.5405748797967,27.8848623015683 85.5405871813249,27.8848484370053 85.5405903398302,27.8848448771795 85.5405995469147,27.8848395629443 85.5406057272978,27.8848328637351 85.5406013958605,27.8848152298042 85.5405939107426,27.8848056800557 85.5405923633474,27.8848037058398 85.5405926580308,27.8848011621352 85.5405849213467,27.8847947614517 85.5405530775168,27.8847849538013 85.5405426019891,27.8847713136026 85.5405306766093,27.8847522463377 85.5405186786684,27.8847385900182 85.5404991774856,27.884716736681 85.5404842254239,27.8846962844369 85.5404722819203,27.8846785699041 85.540470379902,27.8846756755672 85.5404633288305,27.8846649458197 85.5404527988992,27.8846553638244 85.5404347475928,27.884638937545 85.5404223707611,27.8846257934821 85.5404167325766,27.8846198057904 85.5404062389388,27.8846075183188 85.5403972314351,27.88459795244 85.5403868466583,27.884577548548 85.5403704447916,27.884551669226 85.5403451080129,27.8845108130745 85.5403391997832,27.884497221225 85.5403412120669,27.8844607134607 85.5403428614845,27.8844512604263 85.5403370076879,27.8844336103672 85.5403494954378,27.8844107428151 85.5403567622219,27.8843992336092 85.5403560205273,27.8843783416224 85.5403395642664,27.884356520507 85.5402988219755,27.8843290305016 85.5402916090726,27.8842991896908 85.5402691539067,27.8842705403988 85.5402617595744,27.8842542269515 85.5402546736947,27.8842149169835 85.5402657478869,27.8841839168971 85.5402919191734,27.8841625471809 85.5403073610025,27.8841464755566 85.5403273337717,27.8841331577669 85.5403275668419,27.8841328750203 85.5403428118773,27.8841143806651 85.5403490829467,27.8841009177829 85.540353904176,27.8840820278332 85.540349572804,27.8840643938952 85.5403575477059,27.8840374197672 85.5403669542993,27.8840172254422 85.5403825230928,27.8839916846516 85.5403858400446,27.8839714258431 85.5403920022463,27.8839660793779 85.5403967508924,27.8839526003724 85.5403925827973,27.8839227918056 85.5403882695663,27.8839038051318 85.5403908425256,27.8838880903538 85.5403856420239,27.8838726599484 85.5403814739339,27.8838428513811 85.5403771607074,27.8838238647069 85.5403682258375,27.8838088878812 85.5403669029983,27.8837939916576 85.5403671932769,27.8837723478712 85.5403582307051,27.883761118865 85.5403429980754,27.8837599153118 85.5403214848304,27.8837745697228 85.5403046295122,27.8837825088107 85.5402768270561,27.8838119788321 85.5402583404603,27.8838280182119 85.5402278923391,27.8838276957746 85.540214154396,27.8838302561486 85.5401715814609,27.8838257465111 85.540149090129,27.8837998026756 85.5401370809763,27.8837967217047 85.5401050855323,27.8837885132127 85.5400852579701,27.8837910090804 85.5400771655659,27.8837898149497 85.5400486476544,27.8837960330552 85.5400178729031,27.8838200598277 85.5399930062917,27.8838576784555 85.5399788872471,27.8838886462702 85.5399329065315,27.8839111590363 85.5398931787622,27.8839215616625 85.5398497617352,27.8839390873841 85.5398441894992,27.8839413366735 85.539824180412,27.8839573598652 85.5398131787197,27.8839829489681 85.5398006001647,27.8840125801519 85.5397817504688,27.8840556741884 85.5397491627708,27.8841013285474 85.539731871749,27.8841417332303 85.5397373987233,27.8841837325629 85.5397264332868,27.8842066161842 85.5397077287323,27.8842388883177 85.5397100585225,27.8842707654064 85.5397010945551,27.8842794058902 85.539683785333,27.8843211633004 85.5396407765922,27.8843491191594 85.5396056158763,27.8843595700813 85.5395795714806,27.8843714705072 85.5395561725411,27.8844131633803 85.5395328280429,27.8844507980405 85.5394758814786,27.8844961942407 85.5394601671654,27.8845325568039 85.5394625039808,27.8845853457677 85.539465240191,27.8846083745406 85.5394614510313,27.8846638044522 85.5394441234958,27.8847069145602 85.5394342627999,27.884760927209 85.5394563365898,27.8848179840844 85.5394816730929,27.8848588403877 85.5395021881965,27.8849185865977 85.5395078240306,27.8849524695177 85.5395120327835,27.8849658842262 85.5395122097552,27.8849660452684 85.5395181542102,27.8849769316777 85.5395269982797,27.8849986722348 85.5395251513951,27.8850049188583 85.5395222131677,27.8850148566744 85.5395127337091,27.8850404618733 85.5395124795532,27.8850594001756 85.5395060449342,27.8850850376349 85.5394935569265,27.8851079050986 85.5394930635502,27.8851125026099 85.5394795101807,27.8851334619017</coordinates></LinearRing></outerBoundaryIs></Polygon></MultiGeometry>
  </Placemark>
  <Placemark>
	<Style><LineStyle><color>ff0000ff</color></LineStyle><PolyStyle><fill>0</fill></PolyStyle></Style>
      <MultiGeometry><Polygon><outerBoundaryIs><LinearRing><coordinates>85.5420000200219,27.8846385909963 85.5420006770253,27.8846463772882 85.5420017897953,27.8846513986543 85.5420028745703,27.8846528269455 85.5420050675849,27.8846596147871 85.5420083299232,27.8846718256557 85.5420081124508,27.8846880585053 85.5420121767759,27.884697233766 85.5420234136963,27.8847108819111 85.5420263769843,27.8847170014351 85.5420342292391,27.8847275696892 85.5420404820555,27.8847438709746 85.5420428789863,27.8847638520317 85.5420524575799,27.8847876296034 85.5420572061033,27.8848025620483 85.5420601104984,27.8848130779683 85.5420675776273,27.8848239803796 85.5420811117908,27.8848366381208 85.5420931235358,27.8848492797589 85.5421092539876,27.8848670384416 85.5421159191405,27.8848809764589 85.5421252757162,27.8848929135476 85.5421318547963,27.8849132770673 85.5421327882178,27.8849288456247 85.5421415512688,27.8849566733526 85.5421397389051,27.8849783010509 85.5421391544346,27.8849935153222 85.5421392632207,27.8850138104098 85.5421459238553,27.8850280866102 85.5421537852037,27.8850379784896 85.5421677679629,27.8850455674831 85.5421860098747,27.8850477898033 85.5422033909119,27.885057444127 85.5422116283437,27.8850676782129 85.5422221539445,27.885077598265 85.5422300107733,27.8850878283247 85.5422339256389,27.8851081636641 85.5422334272511,27.8851169524328 85.5422324621855,27.8851321626796 85.5422325709879,27.8851524577674 85.5422281804628,27.8851676317876 85.5422302647786,27.8851825360511 85.5422349906909,27.8851991594125 85.5422397347248,27.8852144300363 85.5422478679805,27.885232442361 85.5422572608395,27.8852416739668 85.542262403605,27.8852555958775 85.542262294885,27.8852637123025 85.5422644380966,27.8852742201687 85.5422673787623,27.8852820306099 85.5422752537291,27.88529090793 85.5422742977266,27.8853054418081 85.5422715655278,27.8853104863983 85.5422649638381,27.8853202253189 85.5422690417962,27.8853283860198 85.5422723766606,27.8853351859329 85.5422737178901,27.8853487294081 85.5422754669068,27.8853602478021 85.5422795811069,27.8853657030277 85.5422832965802,27.8853725069656 85.542283940016,27.8853813078094 85.5422822998079,27.8853900845029 85.5422810537967,27.8853978506684 85.5422782445861,27.8854086443929 85.5422770121643,27.8854153960051 85.5422769487446,27.8854201305863 85.5422799165945,27.8854259119211 85.5422851409098,27.8854337465123 85.5422873113058,27.8854422252718 85.5422902746269,27.8854483447908 85.5422940625824,27.8854497377785 85.5422974654006,27.8854514649255 85.5423042936869,27.8854532282974 85.5423095995431,27.8854549755691 85.5423164459493,27.8854553862029 85.5423225492598,27.885454436049 85.5423264371182,27.8854553021199 85.5423271074908,27.885455160717 85.5423438814022,27.8854533087066 85.542366029116,27.8854481311979 85.5423819783955,27.8854510057146 85.5424001479069,27.8854586389592 85.5424207188347,27.8854575035554 85.5424238279565,27.885457905413 85.5424321189442,27.8854589770327 85.5424465095614,27.8854645409186 85.5424693460183,27.8854647823928 85.5424823229121,27.8854622137512 85.5424975653338,27.8854610219929 85.5425066140666,27.8854647557311 85.5425112219152,27.8854645487168 85.5425278961834,27.8854701367409 85.5425369401832,27.8854769970138 85.5425413263084,27.8854905726822 85.5425411994915,27.8855000418456 85.5425455131513,27.8855190284645 85.5425484493141,27.8855271770849 85.5425604476004,27.8855408332392 85.5425784993843,27.8855572592559 85.5425951917864,27.8855614945348 85.5426134972011,27.88555898222 85.5426260027386,27.8855347617143 85.5426430574486,27.8855119422337 85.5426677061909,27.8854905559685 85.5426758255661,27.8854527597922 85.542676006716,27.885439232415 85.5426675061621,27.8853917900194 85.5426910671957,27.8853379219467 85.5426882759444,27.8853189514269 85.5426890367623,27.8852621364411 85.5427139571523,27.8852204590976 85.542716041123,27.8851785403214 85.5427254292811,27.8851596985635 85.5427198286594,27.885123110262 85.5426897605482,27.8850943808609 85.5426823657967,27.8850780675295 85.5426806329536,27.8850710134528 85.5426780340118,27.8850604336514 85.5426828730057,27.8850401908712 85.5426800998757,27.885019867613 85.542671182706,27.8850035381855 85.5426698957732,27.8849859364984 85.5426731217677,27.8849724413116 85.542673157997,27.884969735836 85.5426780875599,27.8849427293665 85.5426905386626,27.8849225670632 85.5427137372906,27.8848957537357 85.5427337099239,27.8848824355926 85.542756890419,27.8848569749949 85.5427649553654,27.8848232370207 85.5427742710285,27.8848098062087 85.5427851634499,27.8847923332765 85.5427869394547,27.88477341104 85.5427811758075,27.8847489973803 85.5427813931652,27.8847327645252 85.5427696485201,27.8847001700601 85.5427900920475,27.8846516807205 85.5427857421457,27.8846353995826 85.5427784560859,27.8846109698283 85.5427911244843,27.8845745746573 85.5428325376875,27.8845520126469 85.5428418895421,27.8845358763526 85.5428635837415,27.8845076941623 85.5428850787012,27.8844943920865 85.5429019882933,27.8844823944666 85.5429492918868,27.8844747769087 85.5429890558314,27.8844616679226 85.5430182171804,27.8844443880698 85.5430411801969,27.8844351602742 85.5430595397417,27.8844285896778 85.5430796027926,27.8844085077881 85.5430920899748,27.8843856399654 85.5430984331629,27.8843667659936 85.5431154332557,27.8843480046547 85.5431246945075,27.8843386320295 85.5431385773279,27.8843252494595 85.5431601265433,27.8843078891231 85.5431815308892,27.884301350689 85.5431890873977,27.8843020150902 85.5432090792136,27.8842908183943 85.5432288887101,27.8842896748164 85.5432609680569,27.8842818962549 85.5432748146403,27.8842712191468 85.5432872655523,27.8842510567805 85.543286069055,27.8842266914022 85.543280106146,27.8842171578799 85.5432667846646,27.8841886055776 85.5432840381904,27.8841509058786 85.5432825882035,27.8841454788368 85.5432715015054,27.8840985185137 85.5432710607401,27.8840966515483 85.5432744133746,27.8840736871736 85.5432822608156,27.8840561820174 85.5432901444665,27.8840359713839 85.543286066104,27.8839993991829 85.5432861747418,27.8839912827527 85.5433003471944,27.8839562563492 85.5433218963092,27.8839388959828 85.5433495712661,27.8839188944866 85.5433531332829,27.883916423608 85.5433649402027,27.8839082334544 85.5433665998554,27.8838863838646 85.5433667885059,27.8838839002499 85.5433718120383,27.8838740192593 85.5433777350499,27.8838623690462 85.5433840600492,27.8838448477952 85.5434040686155,27.8838288240656 85.5434149427279,27.8838127038122 85.543415178087,27.8837951182119 85.543413909143,27.8837761637862 85.5434248737703,27.8837532798391 85.5434234961983,27.8837424418444 85.543422046209,27.8837370148036 85.5434222453574,27.8837221346801 85.5434193091705,27.8837139860756 85.5434143426164,27.8837137637609 85.5433348957582,27.883690544565 85.5433238049315,27.8836825359626 85.5433055722698,27.8836796374312 85.5432957400011,27.8836747982744 85.5432724414609,27.8836522287231 85.5432611682692,27.8836412861527 85.5432444851816,27.8836363745944 85.5432256905019,27.8836185878859 85.5432128224857,27.8836130401767 85.5431938195831,27.8836108099557 85.5431695697474,27.8836024360966 85.543159945729,27.8835820404392 85.5431486182329,27.8835751560754 85.5431379976171,27.8835723379707 85.5431166567927,27.8835741418198 85.5430999193978,27.8835732884596 85.5430838979342,27.8835758249883 85.5430533593007,27.8835822668691 85.5430472153558,27.8835862607211 85.5430302787591,27.8836002874736 85.5430225128064,27.883611705294 85.5430169670769,27.8836278818346 85.543009907995,27.8836433659144 85.5429990700615,27.8836567806581 85.5429776477247,27.8836646718071 85.5429722559202,27.8836693500703 85.5429515766719,27.8836786019991 85.5429332263052,27.8836844962173 85.5429057777225,27.8836875884025 85.5428919855145,27.8836942072612 85.5428758734735,27.8837035074558 85.5428657514425,27.8837203120798 85.5428441298568,27.8837430833269 85.5428317423185,27.8837585110702 85.5428316064803,27.8837686566063 85.5428298123962,27.8837889315851 85.5428258071476,27.8838037714713 85.5428270125974,27.8838274604819 85.542824952977,27.8838310143093 85.5428212039524,27.8838348401914 85.5428173526526,27.8838381818032 85.5428096183562,27.883847232318 85.5428080144435,27.8838533035459 85.5428067775486,27.8838603933508 85.5428066100653,27.8838611380236 85.5428043490388,27.8838711911153 85.5427996323875,27.8838823029237 85.5427942088678,27.8838893484708 85.5427891161405,27.8839001180708 85.542776321935,27.8839105097464 85.5427733076836,27.8839151714119 85.5427628865209,27.8839258846817 85.5427606574092,27.8839268819831 85.5427525468641,27.8839305106294 85.5427475175259,27.8839365456444 85.5427462670412,27.883944650002 85.5427462510545,27.8839458439418 85.5427462466641,27.883946171832 85.5427461945893,27.8839500609542 85.5427472534536,27.8839517048502 85.5427483740541,27.8839578633395 85.542748890734,27.8839761333503 85.5427364216454,27.8839976484042 85.542733947842,27.8840118280119 85.5427314649812,27.8840266839885 85.5427274234824,27.8840442293466 85.5427194944443,27.8840678217889 85.5427025667862,27.8840811721268 85.5426932511812,27.8840946029374 85.5426731609514,27.8841167138782 85.5426578100345,27.8841260220912 85.5426438547263,27.8841448155636 85.5426383813681,27.8841555811328 85.5426175117947,27.8841790367546 85.5425983004875,27.8841923629345 85.5425852422305,27.8842010189138 85.5425698007175,27.8842170908057 85.5425514140092,27.8842256904441 85.5425300187031,27.8842315524106 85.5425208117596,27.8842368667808 85.542493254331,27.8842480753049 85.5424619814466,27.8842524798902 85.5424413473378,27.8842583498913 85.5424205864061,27.8842736890538 85.54239154278,27.8842821759832 85.5423640940355,27.8842852680539 85.5423425718811,27.8843005991546 85.5423173342779,27.8843091263151 85.5422974070021,27.8843190625566 85.5422896590385,27.884329127592 85.5422841946953,27.8843392167763 85.5422787847084,27.8843452477472 85.5422519159589,27.8843618752214 85.5422228722974,27.8843703621137 85.5422112639255,27.8843844451063 85.5421913003863,27.8843970868068 85.5421759765706,27.8844043658563 85.5421644587918,27.8844116851565 85.5421468060471,27.8844223218951 85.5421253291383,27.8844342711154 85.5421153156478,27.8844429592502 85.5420976447719,27.8844549487197 85.5420799920138,27.8844655854492 85.5420753341565,27.8844723008311 85.5420698562468,27.8844770536952 85.5420637801202,27.8844823255973 85.5420507217873,27.8844909815227 85.5420377178188,27.8844955792342 85.5420171198884,27.8844987436939 85.5420018322927,27.884503317248 85.5419933502643,27.8845113451072 85.5419871337373,27.8845207498579 85.5419846598216,27.8845349294469 85.541983028667,27.8845430297688 85.5419805185044,27.8845599148326 85.5419819140613,27.884569400098 85.5419840527043,27.8845802461524 85.5419854029544,27.8845931132614 85.5419878353968,27.8846022178568 85.5419879448563,27.8846022724196 85.5419920499533,27.8846084040214 85.541993096622,27.8846155179704 85.541994093453,27.8846263519474 85.5419938954968,27.884627634827 85.5420000200219,27.8846385909963</coordinates></LinearRing></outerBoundaryIs></Polygon></MultiGeometry>
  </Placemark>
  <Placemark>
	<Style><LineStyle><color>ff0000ff</color></LineStyle><PolyStyle><fill>0</fill></PolyStyle></Style>
      <MultiGeometry><Polygon><outerBoundaryIs><LinearRing><coordinates>85.5390417513684,27.8854169965606 85.5390591488213,27.8854821214967 85.5390742278271,27.8854931047384 85.5391353428787,27.8854775173244 85.5391907313673,27.885434810633 85.5392398848424,27.8854028612678 85.5392555812104,27.8853678514774 85.5392623608969,27.8853165120559 85.5392476450443,27.8852784741212 85.539248117138,27.8852433029934 85.5392544247269,27.8852271346994 85.5392824457138,27.8851814320858 85.5392741463918,27.8851191094431 85.5392692913772,27.88502705888 85.5392788979889,27.8849919845497 85.5392581651127,27.8849484711402 85.5392524748856,27.8849186464202 85.5392773783204,27.884878322479 85.5392931472189,27.8848379017353 85.5392847026545,27.8847864009774 85.5392790487397,27.8847538707863 85.5392764759771,27.8847186673893 85.5392863367459,27.8846646547543 85.5392841709155,27.8846606883188 85.5392970964749,27.8846287470592 85.5392944510819,27.8845989546052 85.5392921325046,27.8845448129058 85.5393234886108,27.8844774987636 85.5393392211158,27.8844397834813 85.539342701679,27.8844073500838 85.5393491907548,27.884377654422 85.5393771025361,27.8843400681895 85.5394050869166,27.8842970710066 85.5394085674536,27.8842646376059 85.5394182828691,27.8842214468419 85.5394460856595,27.8841919770083 85.5394709525372,27.884154358491 85.5394838579642,27.884100378093 85.5394963276946,27.8840788633586 85.539539536042,27.8840360274439 85.5395854261252,27.8840202784952 85.539610147698,27.8839934818378 85.5396287796283,27.8839666206606 85.5396292878761,27.8839287440478 85.5396300139427,27.8838746346005 85.5396489362684,27.8838261296399 85.5396492629928,27.8838017803881 85.5396485886409,27.8837889955725 85.5397018234033,27.8837428083493 85.5397025985918,27.8837420909686 85.5397087479462,27.8836806469921 85.5397152731709,27.883648245832 85.53974952834,27.8835917857102 85.5397742860706,27.8835622835438 85.5397879891789,27.8835514767691 85.5398075060058,27.8834978639834 85.5398504236163,27.8834766717366 85.5398812345983,27.8834499395252 85.5399122270431,27.8834096799418 85.5399219058724,27.8833691945995 85.5399436550008,27.8833369546748 85.539965367822,27.883307420219 85.5400024134926,27.8832699305832 85.5400148467268,27.883251121265 85.5400277154654,27.883199846268 85.5400526907788,27.8831541112048 85.5400807666487,27.883123127804 85.5400817823457,27.8831136623293 85.5400916788242,27.8830569441305 85.5401042208879,27.8830300183823 85.5400986030829,27.8829947827376 85.540101938193,27.8829731711973 85.5401118709346,27.8829137475217 85.5401276029185,27.8828760321222 85.5401675843005,27.8828466910975 85.5402015849559,27.8828091691528 85.5402632426319,27.8827529990659 85.5402726309773,27.8827341574769 85.5402808976928,27.8827293859365 85.5403002517208,27.8827182148097 85.5403249365284,27.8826941234749 85.5403497301756,27.882661915714 85.540396381494,27.8825893515163 85.5404152306686,27.882546257368 85.5404736981876,27.8825008768322 85.5404801505386,27.882473886567 85.5404804770584,27.8824495373014 85.5404657973935,27.8824087940061 85.5404540173885,27.8823789048428 85.5404421648281,27.8823544266265 85.5404303122728,27.8823299484094 85.5404107758494,27.8823166027613 85.5404139396572,27.8822892923466 85.5403979214504,27.8821275127357 85.5403935239566,27.8821212078158 85.5403726822721,27.8820858109823 85.5403793523095,27.8820425878763 85.5403850438989,27.8819974529033 85.5403861674673,27.8819885428735 85.5403808294899,27.8819757580619 85.5403714153282,27.8819532105173 85.5403443390328,27.8819285710983 85.5403022566588,27.8818875376294 85.5402846049382,27.8818413511287 85.5402605734457,27.8818167439353 85.5402151923923,27.8817946165182 85.5401821355215,27.8817617961636 85.5401672020437,27.8817399911574 85.540128491149,27.8816746406181 85.5401230548228,27.8816258776008 85.54011475519,27.8815635549697 85.5401272244835,27.8815420401547 85.5401307409657,27.8815069012378 85.5401312489861,27.881469024603 85.540133912752,27.8814498111524 85.5401315392831,27.8814473808115 85.5400929373698,27.8813739138426 85.5401055880819,27.8813388716587 85.5401153029059,27.8812956808074 85.5400977602127,27.8812413778636 85.5400766647645,27.8812249193088 85.5400711196098,27.88118427271 85.5400688369245,27.8811274255118 85.5400510402581,27.8810920608806 85.5400365060702,27.881040495649 85.5400680783375,27.8809569484041 85.5400656867891,27.8809082176264 85.5400690943974,27.8808811951302 85.5400787003237,27.8808461207 85.5401063206013,27.8808301780503 85.5401617818329,27.8808129195958 85.5401735949015,27.8808092435991 85.5402014691469,27.8807743626095 85.540201723137,27.8807554242895 85.540195996529,27.8807283050636 85.5402038276178,27.8805985067787 85.5401918301523,27.8805848504417 85.5401881916931,27.8805753301258 85.5401801416339,27.8805542665101 85.540174178664,27.8805386639282 85.5401653347827,27.8805169234079 85.5401320605833,27.8805003358966 85.5401164434959,27.8804970781026 85.5401048395448,27.8804865183385 85.5400837805232,27.8804673543142 85.5400688109437,27.8804482547752 85.5400567772239,27.8804373039017 85.5400095542226,27.8804235008668 85.539999145334,27.8804204584035 85.5399597454689,27.8804065118354 85.5399144013466,27.8803816788655 85.5398508252508,27.8803539469162 85.5398078579033,27.8802991250023 85.539805916698,27.8802966482242 85.5397757599239,27.8802746819326 85.5397658037953,27.8802745764725 85.5397057315466,27.880273940158 85.5396538262546,27.8802842137623 85.5395747000378,27.8802806696879 85.5395383449943,27.8802667552578 85.5394864759944,27.8802743233249 85.5394312718544,27.8803035029027 85.5393762492063,27.8803191550898 85.5393579083203,27.8803243724805 85.5393274611912,27.8803240498814 85.5392970503687,27.8803210218022 85.539251076754,27.880335600377 85.5392144800443,27.8803472054656 85.5391169402868,27.8803542894421 85.5390471660654,27.8803346090196 85.538998632229,27.8803205653828 85.5389317575042,27.8803117390627 85.5389074724399,27.880306069963 85.5388247930908,27.8803403698083 85.5388241393682,27.8803890683183 85.5388960503866,27.8804764179441 85.5389288885895,27.8805254714207 85.5389277264886,27.8806120465511 85.538911885512,27.8806578782406 85.5389653105351,27.8807612670527 85.5389771626009,27.8807857453822 85.5389702379057,27.8808479067191 85.5389451900913,27.8808990525492 85.5389623690011,27.8809804103454 85.5389637796528,27.8809825570864 85.5389539052512,27.8809953841801 85.5389465279778,27.881026242035 85.538915608541,27.8810610904818 85.5388930563828,27.8810780435725 85.5388694654149,27.8810957775656 85.5388563844388,27.881178109361 85.5388561606121,27.8811795181283 85.538854558678,27.8811830912674 85.538840464787,27.8812145279118 85.538797184709,27.8812627746013 85.5387510414584,27.8812974616397 85.5387443708379,27.8813406846485 85.5387404907019,27.8814028782368 85.5387429179775,27.8814489035396 85.5387238867518,27.881505524809 85.5387234111502,27.8815409501469 85.5387231603074,27.881559634253 85.5387435654888,27.8816274969806 85.5387367858724,27.8816788364026 85.53870253084,27.8817352962908 85.5387014774694,27.8818137549811 85.5386977425726,27.8818651266743 85.5386727670234,27.8819108614898 85.5386382212796,27.8819889651316 85.5386251341104,27.8820564728193 85.5385820352203,27.88209119206 85.5385507157498,27.8821558005931 85.5385381370918,27.8821854316642 85.5385258048118,27.8822003922677 85.5385071808527,27.8822229854677 85.5384917390541,27.8822390568949 85.5384697717636,27.882287529417 85.5384664726885,27.8823064354369 85.5384723722899,27.8823593610599 85.5384746260899,27.8823795800133 85.5384919864724,27.882447410489 85.5384854517907,27.8824945386005 85.5385030524904,27.8825304308948 85.5385028577071,27.8825449365882 85.5384473978262,27.882593054009 85.5383919378963,27.8826411714053 85.5383967194936,27.8827386329405 85.5384023004029,27.8827765741057 85.5383893219677,27.8828359653405 85.5383767795118,27.8828628909181 85.5383763435169,27.8828953565731 85.5383635830505,27.8829385149762 85.5383872873385,27.8829874717307 85.5383866333472,27.8830361702125 85.538429042381,27.8830528550079 85.5384892841944,27.8831021991377 85.5385070443108,27.883140269425 85.5386027338777,27.8832711650208 85.538620857334,27.8832821805814 85.5386567409916,27.88333126641 85.5387655545264,27.883391948757 85.5388132542531,27.8834682183667 85.5388193438534,27.8834682829164 85.53884818214,27.8834796284789 85.5388616804816,27.8834903785299 85.5388825945532,27.8835203646332 85.5389096708826,27.8835450043364 85.538930476017,27.8835831068481 85.5389572981354,27.8836266848442 85.538963097189,27.8836483931613 85.5389566443815,27.883675383334 85.5389560995853,27.8837159654084 85.5389615354456,27.8837647284415 85.5389366321712,27.8838050523372 85.5389392411367,27.8838375502685 85.5389388416121,27.8838673104555 85.5389292350085,27.8839023847673 85.5389074854661,27.8839346245136 85.5388917528953,27.8839723397464 85.5388914623209,27.8839939835179 85.538906250538,27.8840266105433 85.5389151307366,27.8840456456635 85.5389178486618,27.8840700271798 85.5389051608907,27.884107774686 85.5388954089637,27.8841536708786 85.5389009174529,27.8841970229681 85.5388975820564,27.8842186344652 85.5388696338246,27.8842589260674 85.5388536106027,27.884318285062 85.5388532473699,27.8843453397746 85.5388586832017,27.8843941028069 85.5388490038709,27.8844345880501 85.5388364249994,27.884464219132 85.5388298994544,27.884496620235 85.538832363098,27.8845399400492 85.5388319272082,27.8845724057029 85.5388128954036,27.8846290269407 85.5388155043398,27.8846615248699 85.5388424304985,27.8846860277017 85.538844399947,27.8846924411667 85.5388670196837,27.8847338665983 85.5388681774465,27.8847359869069 85.5388679510593,27.8847528487982 85.5388676689165,27.8847738635024 85.5388671603856,27.8848117400978 85.5388698419872,27.8848388270837 85.5388737956949,27.8848442353288 85.5388763401473,27.8848822659186 85.5388843760368,27.8848903924092 85.5388990553915,27.884931135849 85.5389259141258,27.8849720083841 85.5389344674965,27.8850153927435 85.5389430208732,27.8850587771023 85.5389790141916,27.8850997464493 85.5389826081091,27.8851071687775 85.5389908666861,27.8851242247808 85.539011926369,27.8851433889865 85.5390205161049,27.8851840678701 85.5390354134662,27.8852085784704 85.5390135183919,27.8852516401032 85.5390040569525,27.8852758925254 85.5389854246322,27.8853027535988 85.5389694376137,27.8853594071237 85.5389810358793,27.8854028237531 85.5390175741333,27.8854032110276 85.5390216990887,27.8854029495756 85.5390417513684,27.8854169965606</coordinates></LinearRing></outerBoundaryIs></Polygon></MultiGeometry>
  </Placemark>
  <Placemark>
	<Style><LineStyle><color>ff0000ff</color></LineStyle><PolyStyle><fill>0</fill></PolyStyle></Style>
      <MultiGeometry><Polygon><outerBoundaryIs><LinearRing><coordinates>85.5402832457226,27.8836172250634 85.5403021487604,27.883626895735 85.5403234624066,27.8836271214289 85.5403379705947,27.8836238927348 85.5403661350555,27.8836241909652 85.5404004435557,27.8836204954599 85.5404091227889,27.8836205873598 85.5404149063868,27.8836206485993 85.5404364105178,27.8836066705401 85.5404555312626,27.8836001083504 85.5404693417358,27.8835921370038 85.540490057442,27.8835801799812 85.5405178901692,27.8835798996084 85.5405388831719,27.8835725793602 85.540559938653,27.8835636700141 85.5405742294831,27.8835482626336 85.540588855561,27.883536241123 85.5405892633707,27.8835342160472 85.5405970068921,27.8835244892943 85.5406161140092,27.8835189416339 85.5406297702798,27.8835224685337 85.5406434174821,27.8835266718005 85.5406489405682,27.8835405977932 85.540664372876,27.8835536139943 85.5406849661212,27.8835507879153 85.540705921828,27.8835493185991 85.5407261480744,27.883545473932 85.5407407741359,27.8835334524046 85.540759641212,27.8835174169838 85.5407964327782,27.8834988654455 85.5408090968795,27.8834912201609 85.5408236141056,27.8834873150459 85.5408438720754,27.8834811030711 85.5408515974345,27.8834727290399 85.5408689602187,27.8834553247509 85.540889281655,27.8834443781895 85.5409062320913,27.8834293371566 85.5409299517183,27.8834204559516 85.5409493849977,27.8834189704833 85.5409772413511,27.88341385361 85.5409853019594,27.8834088654417 85.5410057276474,27.8833901406239 85.5410280200609,27.8833741414183 85.5410509104656,27.8833703248994 85.5410715716686,27.8833624259965 85.5410846616683,27.8833514028702 85.5410976972664,27.8833444379542 85.5411157395936,27.883333129005 85.5411414483125,27.8833178424003 85.5411545609651,27.8833051283454 85.5411680904787,27.8832897128425 85.5411785978553,27.883272574194 85.5411932736933,27.8832568325874 85.5412044425382,27.8832471420471 85.5412153667673,27.8832273019486 85.5412235769346,27.8832111536828 85.5412401013616,27.8831994904207 85.5412443468819,27.8831951383284 85.5412479082597,27.8831850290472 85.5412534496904,27.8831691907703 85.5412673325758,27.8831558083897 85.5412875406019,27.8831533163738 85.5413012331128,27.8831541377316 85.5413115772833,27.8831491737075 85.5413270505437,27.8831307346651 85.541342700438,27.8831275179435 85.5413564473352,27.8831242810836 85.5413663746422,27.8831220185027 85.5413747478255,27.8831221071024 85.5413853819427,27.8831239107868 85.5413982996559,27.8831257386334 85.5414112989497,27.8831214791605 85.5414197219873,27.8831178477297 85.5414334190276,27.8831183308899 85.5414429294765,27.8831187697511 85.5414668800364,27.88312105256 85.5414787239335,27.8831177955528 85.5414855928479,27.8831165153005 85.5415000782789,27.8831149774017 85.5415092942352,27.8831089867285 85.5415096793664,27.883108652571 85.5415223479058,27.8831006690324 85.5415376443828,27.8830954191552 85.5415514003347,27.8830915059067 85.5415606480087,27.8830831479392 85.541572559875,27.8830748181579 85.541585935224,27.8830709008791 85.5415916940588,27.8830672412507 85.5415978878719,27.883059527436 85.5416051691018,27.8830558839135 85.541618952236,27.8830499415516 85.5416296951081,27.8830436287917 85.5416416432169,27.8830325935289 85.5416597352837,27.8830175644755 85.541667061823,27.8830105391055 85.5416771341184,27.8829974546007 85.5416913703416,27.8829861053071 85.5417055249986,27.8829808433312 85.5417197204356,27.8829725376941 85.541727046968,27.8829655123206 85.5417329281349,27.8829527217068 85.5417406488573,27.8829446858055 85.5417494977812,27.8829376765355 85.541759180399,27.8829252643666 85.5417673632756,27.8829111451703 85.5417880877772,27.8828985115723 85.5417988215628,27.882892875167 85.5418181867768,27.8828680508206 85.5418335058622,27.8828611099864 85.5418709676135,27.8828493298847 85.5418814068755,27.8828372639424 85.5418971337351,27.88282829802 85.54192041366,27.8828238090077 85.5419277175167,27.8828184745448 85.5419392668504,27.8828087879659 85.5419484736962,27.88280347363 85.54196035832,27.8827971729192 85.5419665022566,27.8827931791151 85.5419837016616,27.8827879493136 85.54199786081,27.8827823491215 85.5420040409871,27.8827756498399 85.5420167547553,27.8827642844081 85.5420305423614,27.8827580038181 85.5420347787728,27.8827543280682 85.5420497081708,27.8827480595524 85.5420630653436,27.8827454949628 85.5420737266189,27.8827452694863 85.542085198921,27.8827413320303 85.5420990318208,27.8827316695884 85.5421047860908,27.8827283481215 85.5421090089086,27.8827256869226 85.5421186552269,27.8827159802017 85.5421252250506,27.8827086085704 85.542133267436,27.8827049730684 85.5421384127661,27.8827031316407 85.5421470369088,27.8827000452041 85.542153973738,27.8826936921499 85.5421593972346,27.8826866466261 85.5421701853384,27.8826769519763 85.5421805203664,27.8826726642524 85.5421874889,27.8826639439048 85.5421928830068,27.882653212502 85.5421952593953,27.8826521879463 85.5422048921104,27.8826434957721 85.5422111311523,27.8826324000819 85.5422158296839,27.8826226410299 85.5422262054714,27.8826153096418 85.5422331558793,27.8826079420296 85.5422394356822,27.8825938026773 85.5422482981344,27.8825857788191 85.5422590409252,27.8825794660066 85.5422637711564,27.882567339661 85.5422642740497,27.882558212704 85.5422628875444,27.8825480510699 85.5422626065955,27.8825406069859 85.5422597112896,27.8825294146993 85.5422617071305,27.8825225020405 85.5422603115667,27.8825130167753 85.5422626970634,27.8825054317721 85.5422633834606,27.8824968141041 85.5422646815186,27.8824851588126 85.5422685871381,27.8824777590003 85.5422690605888,27.8824708302425 85.5422687773748,27.8824635552507 85.5422688521105,27.8824579752062 85.5422714279037,27.8824503922151 85.5422695860659,27.8824458066007 85.5422679028207,27.8824435902902 85.5422643573555,27.8824383101956 85.5422609840713,27.8824343848513 85.5422580185611,27.8824284344246 85.542257132746,27.8824235206873 85.5422591149964,27.8824176225819 85.5422650980435,27.8824114285513 85.5422658932082,27.8824089002168 85.5422675197728,27.8824011380717 85.5422708227875,27.8823960995138 85.5422756572481,27.8823904006854 85.5422774242867,27.8823863605821 85.5422784505138,27.8823807905992 85.5422836542467,27.8823759412564 85.5422877275122,27.8823702343782 85.5422894832265,27.8823670397361 85.5422899249696,27.8823624782697 85.5422883074009,27.8823553582839 85.542288563375,27.8823504566206 85.5422901378493,27.8823465835971 85.5422913430503,27.8823418610876 85.5422904436461,27.882337961904 85.5422880331789,27.8823332011607 85.5422844831867,27.8823282592511 85.5422820523377,27.882325020338 85.5422796214889,27.8823217814248 85.5422789123837,27.8823178842535 85.5422775122908,27.8823087371728 85.5422760397278,27.8823050010444 85.5422728680689,27.8823002322515 85.5422706524308,27.8822951353357 85.5422663186005,27.8822918762989 85.5422625330181,27.8822903142217 85.5422606708006,27.8822872504376 85.5422591869149,27.8822843597704 85.5422575036722,27.8822821434598 85.542256058287,27.8822763782241 85.5422559246069,27.8822721489053 85.5422546196961,27.8822701057117 85.5422527484202,27.8822677182965 85.5422522114965,27.8822651758755 85.5422503696623,27.8822605902608 85.5422500456842,27.8822563589296 85.5422493229919,27.8822534763117 85.5422467086416,27.8822497281089 85.542244273266,27.8822468273797 85.5422418446847,27.8822434193737 85.5422382833736,27.8822393229244 85.5422348942429,27.8822365812254 85.5422313193438,27.8822334993295 85.5422294435395,27.8822314500985 85.5422283606346,27.8822270416254 85.5422282065726,27.8822243341369 85.5422253770132,27.8822224439362 85.5422222280064,27.8822159842196 85.5422209208321,27.882214110118 85.5422192579742,27.8822103719767 85.542219330447,27.8822049610244 85.5422184355759,27.8822007236559 85.5422178986533,27.8821981812348 85.5422183494574,27.8821929433995 85.5422189497937,27.8821907512373 85.5422189837653,27.8821882148534 85.5422179235088,27.8821821154577 85.5422187367907,27.8821782343853 85.5422183946958,27.882175355792 85.5422174635885,27.8821738238997 85.5422158143199,27.8821690712048 85.542214711033,27.882166184562 85.5422132158262,27.8821641393556 85.5422109707513,27.8821612406383 85.5422095049868,27.8821569972325 85.5422085965277,27.8821537744175 85.5422073097374,27.8821503784855 85.5422071828535,27.8821456418898 85.5422068430237,27.8821425942042 85.5422047882473,27.8821396974993 85.5422036713722,27.8821378254099 85.5422002709215,27.8821359291715 85.5421974594832,27.8821326862323 85.5421954024425,27.8821299586194 85.5421926181822,27.8821246865729 85.5421899857183,27.8821222911072 85.5421882888905,27.8821210893495 85.5421835744737,27.8821178262856 85.5421819274721,27.8821129044981 85.5421798749618,27.8821098387005 85.5421787490281,27.88210864298 85.5421757450284,27.8821055671202 85.5421738714921,27.8821033487962 85.542172213167,27.8820992724699 85.5421718891922,27.8820950411385 85.5421706001388,27.8820918142984 85.542167056954,27.8820863651094 85.5421659310206,27.8820851693888 85.5421625622801,27.8820809058579 85.5421624489872,27.8820751547087 85.5421619143312,27.8820724431951 85.542160067974,27.8820681957639 85.5421583915311,27.8820654721755 85.5421568917969,27.8820637651531 85.5421540022516,27.8820615108382 85.5421529363099,27.8820606792305 85.5421521184589,27.8820566417921 85.5421520437072,27.8820562727693 85.5421517601169,27.8820557155839 85.5421507455954,27.8820537222981 85.5421483147563,27.8820504833828 85.5421474244187,27.8820459078295 85.5421468977928,27.8820431479161 85.5421467130546,27.8820421797498 85.542146403208,27.8820418695608 85.5421448349903,27.8820402996101 85.542142397357,27.8820375679715 85.5421412850136,27.8820353576972 85.5421413303112,27.882031975852 85.5421400480541,27.8820282417349 85.5421395184194,27.882024074421 85.542138368094,27.8820211011703 85.5421388201542,27.8820204494035 85.5421386615648,27.8820180800994 85.5421371822155,27.8820148512465 85.5421378006713,27.8820113063466 85.5421382378888,27.8820070830651 85.5421361876465,27.8820038481747 85.5421348804761,27.8820019740724 85.5421334169814,27.8819975615736 85.5421321143409,27.8819953492867 85.5421289517564,27.8819899041219 85.542128611929,27.8819868564362 85.5421282788964,27.8819833014737 85.5421281089827,27.8819817776309 85.542124713068,27.8819795432063 85.5421230275676,27.8819774959866 85.5421213624514,27.8819739269365 85.5421195342166,27.8819683267668 85.5421178623059,27.8819652649934 85.5421161768059,27.8819632177736 85.5421148922855,27.8819596527485 85.5421141831879,27.8819557555765 85.542113662123,27.8819520295092 85.5421133290909,27.8819484745467 85.5421124025168,27.8819466044693 85.5421114736778,27.881944903484 85.5421103477465,27.881943707763 85.5421082680622,27.8819426710716 85.5421079865419,27.8819425738543 85.5421078580861,27.881942241834 85.5421020086251,27.8819410828275 85.5420970903312,27.881938832302 85.5420925843421,27.8819342185097 85.5420907153402,27.8819316620003 85.5420860031993,27.8819282298412 85.5420843426149,27.8819243226062 85.5420817463975,27.8819192216625 85.5420797391927,27.8819127740185 85.5420781171132,27.8819059922151 85.542077034217,27.881901583741 85.5420755639309,27.8818976785184 85.5420762005075,27.8818927808807 85.5420777681871,27.8818894151362 85.5420781940813,27.8818860373162 85.5420786290355,27.8818819831272 85.5420779154096,27.8818784241395 85.5420764768332,27.8818721516254 85.5420761347426,27.8818692730318 85.5420782944767,27.8818658286578 85.542078662969,27.8818652409811 85.542079473988,27.8818615290017 85.5420770771295,27.8818557537015 85.5420771428134,27.8818508500261 85.5420758718851,27.8818462704471 85.5420747686048,27.8818433838033 85.5420750540307,27.881836283941 85.5420760621419,27.8818320666974 85.5420755456087,27.8818280024455 85.5420746462157,27.8818241032607 85.5420726186282,27.8818191774469 85.5420729176438,27.8818110630311 85.5420726095278,27.8818056480536 85.542068318757,27.8817991762585 85.5420639849521,27.8817959172162 85.5420587041907,27.8817923099263 85.5420545402988,27.8817905747266 85.5420490692406,27.8817869654237 85.5420476311355,27.8817865730006 85.542042621781,27.8817852060724 85.5420390106616,27.8817848296481 85.5420357824019,27.8817842881568 85.5420303136097,27.8817805097609 85.5420271533011,27.8817748955017 85.542022452494,27.8817706178794 85.5420213696012,27.8817662094049 85.5420199129089,27.8817612896283 85.5420209142262,27.8817575796619 85.542021367302,27.881752172735 85.5420189319431,27.8817492720023 85.5420176859338,27.881742832408 85.5420175794431,27.8817365739819 85.5420162722778,27.8817346998785 85.542014811056,27.8817301182864 85.542015855409,27.8817231955672 85.5420158939148,27.8817203209988 85.5420142174805,27.8817175974089 85.5420127517289,27.8817133540013 85.5420133701865,27.8817098091018 85.5420124730616,27.8817057408244 85.5420109846598,27.8817031883394 85.5420096888202,27.8817004687747 85.5420072693181,27.881696384396 85.5420048430209,27.881692807294 85.5420018843385,27.8816863495857 85.542000833158,27.8816795738194 85.5419978767412,27.8816729470188 85.5419939167424,27.8816701992766 85.5419894334191,27.8816638945588 85.5419862776459,27.8816579421143 85.5419849976631,27.8816540389036 85.5419814409104,27.8816496042639 85.541980729554,27.8816458761835 85.5419785139417,27.8816407792635 85.5419768352444,27.8816382247654 85.5419738176724,27.8816361634552 85.5419681631228,27.88163204486 85.5419663281055,27.8816269519652 85.5419650435935,27.8816233869389 85.5419631745997,27.8816208304279 85.541961606927,27.8816147059861 85.5419513123387,27.8816008305821 85.5419399198039,27.8815950479192 85.5419354342215,27.8815889122921 85.5419309486397,27.8815827766649 85.5419188874225,27.8815738550509 85.5419121635827,27.8815643134248 85.5419100431132,27.8815521146292 85.5419097497156,27.8815448110338 85.5419094722016,27.8815379028289 85.5419057749931,27.881529746145 85.5418916295605,27.8815059202572 85.5418887026025,27.8814970952552 85.5418872798976,27.8814896390936 85.5418782906257,27.8814787205743 85.5418685401686,27.8814677940032 85.5418633477743,27.8814575921086 85.5418467919437,27.8814432112286 85.5418415542469,27.8814363911783 85.5418325015555,27.8814302072393 85.5418234488651,27.8814240232997 85.5418132434997,27.8814147366008 85.5418114148583,27.8814130725701 85.5417970519869,27.8814054795294 85.5417857066795,27.8813999478013 85.5417797621711,27.8813890614831 85.5417745154195,27.8813829177995 85.5417617474206,27.8813699299071 85.5417557847929,27.881360396326 85.54173989956,27.8813527871758 85.5417301581897,27.8813411842266 85.5417188582018,27.8813322706484 85.5416954064256,27.881321199127 85.5416848948148,27.8813102644916 85.541677391701,27.8813020675407 85.541666834783,27.8812945147489 85.5416593226095,27.881286994166 85.541641969397,27.8812753106865 85.5416262291836,27.8812568796206 85.5416202031365,27.8812520806168 85.5416050428646,27.8812471849803 85.541577658314,27.8812455423413 85.5415738614497,27.8812448257079 85.5415548046256,27.8812466534908 85.5415436406061,27.8812275943651 85.541544628364,27.8812106931949 85.5415394722636,27.8811977858136 85.5415381311522,27.8811842423288 85.541536799104,27.881170022475 85.5415368987963,27.8811625824167 85.5415397096325,27.8811536450624 85.5415393364204,27.881151108304 85.5415273840391,27.881134070231 85.5415115804234,27.8811203737356 85.5414995011656,27.8811128048254 85.5414851383562,27.8811052117542 85.54146400646,27.8810914588801 85.5414383618449,27.8810735994679 85.5414285208321,27.8810694365572 85.5414194953859,27.8810612234861 85.5414041105571,27.8810593490945 85.5413951737504,27.8810582602896 85.5413875981651,27.8810554742754 85.5413800135164,27.8810533646297 85.5413655782119,27.8810511824977 85.5413496658605,27.8810456024116 85.5413368707594,27.8810346435892 85.5413173519062,27.8810141431132 85.541316608851,27.8810127823212 85.5412788578579,27.8809893830611 85.5412713547968,27.8809811860897 85.5412600276905,27.880974301583 85.5412533673968,27.8809600253455 85.5412451303503,27.8809497912116 85.5412330873894,27.8809395168038 85.5412255662056,27.8809326725679 85.5411967862865,27.8809215445829 85.5411711417564,27.8809036851237 85.541154540776,27.8808926860104 85.5411379760603,27.8808789814197 85.5411236677004,27.8808673300996 85.5411062874169,27.8808576756631 85.5410867142452,27.8808412333698 85.5410746985086,27.8808289298426 85.5410580794179,27.8808192834559 85.5410370292257,27.8807994432006 85.5410271882539,27.8807952802626 85.5410143388187,27.8807883796252 85.5410015165836,27.8807794498802 85.5409841907226,27.8807657372163 85.5409736973695,27.8807534497929 85.5409668920651,27.8807499954439 85.5409418365326,27.880744995008 85.5409190917474,27.8807379896303 85.5409039769148,27.8807297120764 85.5408782055431,27.8807213217287 85.5408706118617,27.8807198884249 85.5408449311658,27.8807047343835 85.5408252945916,27.8806930266366 85.5408170213366,27.8806854979541 85.5407974210383,27.8806710847284 85.5407807385253,27.8806661728913 85.5407662579492,27.8806673725425 85.5407540971867,27.8806658908891 85.5407351220657,27.8806616312435 85.5407041040688,27.8806470971439 85.5406943084641,27.8806395523394 85.5406754149632,27.8806292053671 85.5406693617892,27.8806264354305 85.5406587778036,27.880620911672 85.5406511036182,27.8806115902135 85.5406426028515,27.8806065346854 85.5406399885948,27.8806027864549 85.5406374015433,27.8805970091181 85.5406368126606,27.8805841500545 85.5406321210494,27.880577010518 85.5406259025008,27.8805745640524 85.5406168952938,27.8805649981946 85.5406047889563,27.8805594583162 85.540583548457,27.8805538217389 85.5405547868459,27.8805413408881 85.5405424628614,27.8805520338532 85.5405392549003,27.880564176256 85.5405449997256,27.8805899427337 85.540526350496,27.8806181568154 85.5405274803352,27.8806419965174 85.5405087333735,27.8806725752039 85.5405186286177,27.8807398387088 85.5404935452678,27.8807936903244 85.5405171775578,27.8808480576951 85.5405105076708,27.8808912808199 85.5404731002397,27.8809558253876 85.5404846987267,27.8809992419223 85.5404841908393,27.8810371185657 85.5404897724218,27.8810750596798 85.5405074603993,27.8811185406833 85.5405131145471,27.8811510708474 85.5405246405133,27.8811998983279 85.5405055739752,27.8812592253567 85.5404684566325,27.8813021261197 85.5404617866898,27.8813453492375 85.5404428652057,27.8813938543568 85.5404177816525,27.8814477059464 85.5404350342985,27.8815236526494 85.5404953488071,27.8815675849666 85.54051941658,27.8815894866454 85.540537322307,27.8816167347995 85.5405671893892,27.8816603447353 85.5406274314767,27.8817096879475 85.5406389575418,27.8817585154189 85.5406746965691,27.8818184226458 85.5406861501169,27.8818726610625 85.5406855116941,27.8819202774086 85.5406971683892,27.8819593651715 85.5407177925192,27.8820109948061 85.5407627747753,27.8820628822834 85.5407832901383,27.8821226283329 85.5408191381703,27.8821744191034 85.5408363911896,27.8822503657634 85.5408630687055,27.8823047653113 85.5408835478937,27.882367216822 85.5408770593794,27.882396912585 85.5408645538545,27.8824211329415 85.5408640823392,27.8824563041091 85.5408571222944,27.8825211710375 85.5408361107609,27.8825662803563 85.5408156616399,27.8825756949187 85.5408033737121,27.882583682422 85.5407863553883,27.8826037962128 85.5407707143557,27.8826347480135 85.540747570184,27.8826575028112 85.5407306062492,27.8826735583828 85.5407151284254,27.8826923355423 85.5407117934476,27.8827139471033 85.5407070449015,27.8827274261256 85.5406914401025,27.8827556724412 85.5406927629804,27.882770568665 85.5406848517418,27.882793643875 85.5406580623804,27.882816887307 85.5406554456459,27.8828283495598 85.5406383728402,27.8828525215401 85.5406266619667,27.882871899515 85.5406196869409,27.8828834410856 85.5406088125245,27.8828995611084 85.5406097235257,27.8829168295947 85.5406100265596,27.8829225737542 85.5406172576162,27.882951061817 85.5406078874476,27.8829685506935 85.5405878605143,27.8829859267464 85.5405694732588,27.8830137438325 85.5405692108549,27.8830141408092 85.5405687970442,27.883015372016 85.5405628673237,27.8830330146546 85.5405576289774,27.8830830175664 85.5405311859126,27.8831246784013 85.540520639971,27.8831313241921 85.5405142944314,27.8831353229938 85.5404942130308,27.8831567572414 85.5404574759578,27.8831712504919 85.5404389532188,27.8831899953762 85.5404305067379,27.8832521406719 85.5404255404352,27.8832818525227 85.5403946933472,27.8833112903368 85.540370099118,27.8833286179936 85.5403514493405,27.8833568320212 85.540350868787,27.8834001195963 85.5403396858543,27.8834392361172 85.5403164869884,27.8834660490401 85.5403069715807,27.8834943597847 85.5402943206485,27.8835294019695 85.5402740758391,27.8835630108092 85.5402692001931,27.8835859589677 85.5402831074968,27.8835986144457 85.5402832457226,27.8836172250634</coordinates></LinearRing></outerBoundaryIs></Polygon></MultiGeometry>
  </Placemark>
  <Placemark>
	<Style><LineStyle><color>ff0000ff</color></LineStyle><PolyStyle><fill>0</fill></PolyStyle></Style>
      <MultiGeometry><Polygon><outerBoundaryIs><LinearRing><coordinates>85.5368871872527,27.8980615487351 85.5368742785581,27.898115528672 85.536886095454,27.8981427126393 85.5369097292629,27.8981970805711 85.5369457622913,27.8982353450465 85.5370363180412,27.8982958351706 85.5371029488373,27.8983236010488 85.5371573988113,27.8983512375874 85.5371934319785,27.8983895020024 85.5371864682762,27.8984543684783 85.5372041574044,27.898497849857 85.5372219193172,27.8985359203063 85.5372517893548,27.8985795309833 85.5372754234339,27.8986338988597 85.5373176927137,27.8986614060407 85.537359379896,27.8987322006303 85.5373952677299,27.8987812868532 85.5374496452467,27.8988143342138 85.5374802430421,27.8988038355681 85.5375171495582,27.8987771687713 85.5375481111156,27.8987396154696 85.5375491296924,27.8986638624766 85.5375621108878,27.8986044715421 85.5376299060338,27.8985456623234 85.5376486138562,27.8985133906538 85.5376489776057,27.8984863360115 85.5376737758473,27.8984541289706 85.5376790673561,27.8984495388131 85.537874486619,27.8984305954763 85.5379536622759,27.8984314355534 85.5381430475797,27.8983901511929 85.5383619396276,27.8984195316701 85.5385014379964,27.8984643048783 85.5385621242704,27.8984811836113 85.5387562914037,27.8985373597543 85.5388231408991,27.8985488920282 85.5389757654311,27.8985234518208 85.5390246343405,27.8985131465454 85.5391037374206,27.8985193968961 85.5391584787367,27.8985253889378 85.5392437449521,27.8985262928428 85.5393113211763,27.898483715557 85.5394033317698,27.8984359855273 85.5394222570412,27.8983874807971 85.5394292920697,27.8983172032239 85.5395335559872,27.8982641912731 85.5395886604706,27.8982431284734 85.5396630533008,27.8981465062125 85.5396944498316,27.8980764867878 85.5397076477173,27.8980008627976 85.53970322816,27.8978763467769 85.5397346972231,27.8978009164024 85.5397481129675,27.8977090596006 85.5397128055294,27.8976166864831 85.5396648088428,27.8975620608129 85.5396472641446,27.8975077578447 85.5396477726762,27.8974698813059 85.5396303006472,27.8974101674016 85.5396123927436,27.8973829191 85.539612828636,27.8973504534952 85.5396260264657,27.8972748295039 85.5396324074306,27.8972532503101 85.5396390789807,27.8972100273785 85.5398486212576,27.8970282498824 85.5398858897698,27.8969745277241 85.5399351936939,27.8969317564825 85.5400404727845,27.8968029909808 85.5400528713594,27.8967868872212 85.5400718686469,27.8967329714329 85.5400788304753,27.896668104726 85.5400437409221,27.8965594988746 85.5399228057717,27.8964932771295 85.539850302861,27.8964492152855 85.5397534387029,27.8964048952646 85.5395594926863,27.8963324878308 85.5394745914402,27.8963045295132 85.5393835272645,27.8962819175274 85.5392205419588,27.8961719558486 85.5390878631733,27.8960731386811 85.5389976713844,27.8959855952451 85.538888918131,27.8959195017712 85.5386885198558,27.8958740832542 85.5385844032958,27.8959162727891 85.5384122755193,27.8960335047762 85.5382892333976,27.8961241986808 85.5380756363354,27.8961544031095 85.5379534665387,27.8961801655239 85.5379347592395,27.8962124372642 85.5378717469033,27.8963687080856 85.5378460764193,27.8964658463589 85.5377963355107,27.8965410824147 85.5377777735738,27.8965625322672 85.5377218694968,27.8966431145981 85.5375746102542,27.8967227274421 85.5374585300549,27.8967485540193 85.5373183794857,27.896752478206 85.5372506581079,27.8968058763935 85.5372130973237,27.8968812415077 85.5371873533461,27.8969837905528 85.5370761259857,27.8971016672239 85.5370747432745,27.8972044748587 85.5370660330056,27.8973992036111 85.5370213625994,27.8975502569858 85.536922024102,27.8976899065217 85.536890262013,27.8977869798907 85.5368645902652,27.8978841179156 85.5368811145982,27.8980141741633 85.5368923628949,27.8980526206538 85.5368871872527,27.8980615487351</coordinates></LinearRing></outerBoundaryIs></Polygon></MultiGeometry>
  </Placemark>
  <Placemark>
	<Style><LineStyle><color>ff0000ff</color></LineStyle><PolyStyle><fill>0</fill></PolyStyle></Style>
      <MultiGeometry><Polygon><outerBoundaryIs><LinearRing><coordinates>85.5479867692717,27.894431339786 85.54799273312,27.8944408731278 85.5480093368333,27.8944518715008 85.5480229134852,27.8944614850497 85.5480424720494,27.894479279198 85.5480498681902,27.8944955922747 85.5480630295874,27.8945363188211 85.5480718580219,27.8945594116338 85.5480806684052,27.8945838571852 85.5480911638463,27.8945961441244 85.5481151276428,27.8946261610386 85.5481238838778,27.8946546648052 85.5481568928061,27.8946915416519 85.5481794604527,27.8947120733413 85.5482035145652,27.8947353265455 85.5482259016988,27.8947693856201 85.5482422707975,27.8947979695774 85.5482618655625,27.8948130582189 85.5483073078405,27.8948311249951 85.5483406959706,27.8948395942764 85.5483813539612,27.8948738457858 85.5484374000991,27.8948960830031 85.5484707341099,27.8949086104719 85.5485024192134,27.894930591072 85.5485189328056,27.8949483530845 85.548567546664,27.8949569826753 85.5485783851245,27.8949435675315 85.5485801964731,27.8949219397366 85.5485774762185,27.8948975583558 85.5485762785312,27.8948731930106 85.5485779996343,27.8948583289126 85.5485647116661,27.8948270715845 85.5485481800346,27.894810662317 85.5485394778242,27.8947781003552 85.5485427756424,27.8947591940753 85.5485492629805,27.8947294979516 85.5485452006627,27.8946915731398 85.5485365706577,27.8946536002198 85.5485418242121,27.8946022442287 85.5485379423903,27.8945507920216 85.5485247266639,27.8945141237323 85.5485159161844,27.8944896782055 85.5484827627908,27.8944636233571 85.5484648350138,27.8944377288687 85.5484438079753,27.8944158605228 85.5484104741162,27.8944033330525 85.5483892124351,27.894399050311 85.5483587973483,27.8943960240792 85.5483314454337,27.8943916771776 85.5483057424436,27.8943778771336 85.5483020135942,27.894373866351 85.5482940132696,27.8943439303421 85.5482927795421,27.8943222704739 85.5482778247407,27.8943018189977 85.5482581939575,27.8942894358395 85.5482339413479,27.8942810627794 85.5482218511502,27.8942741707691 85.5482082564495,27.8942659099791 85.5481933558309,27.8942414002765 85.5481799236159,27.8942209648301 85.5481695726257,27.8941978559836 85.5481334826152,27.8941636525411 85.5481061668781,27.8941566001186 85.5480788872536,27.8941468422123 85.5480441934601,27.8941221239635 85.5480169499607,27.894109660567 85.5479926071337,27.8941080511625 85.5479621018636,27.8941117885424 85.547939335761,27.894106136953 85.5479286959319,27.8941046719173 85.5479058576064,27.8941044312791 85.5478875009951,27.8940943808025 85.5478862810731,27.8940879898531 85.5478773804845,27.8940703079865 85.5478714166653,27.8940607746404 85.5478641650346,27.894033639642 85.547855445025,27.8940024303825 85.5478495895543,27.8939847806007 85.547845292753,27.8939644413836 85.5478517802222,27.8939347452949 85.5478550239553,27.8939198972503 85.547850727155,27.8938995580332 85.5478479167936,27.8938819403376 85.5478420252154,27.8938669960337 85.5478406290642,27.8938575108163 85.5478378187052,27.8938398931204 85.5478364947836,27.8938249969461 85.5478275400507,27.8938113732943 85.5478200898132,27.8937991184246 85.5478082344437,27.8937746407714 85.5478039376566,27.893754301553 85.5478026317977,27.8937380526392 85.5477952537984,27.8937203868116 85.5477834345579,27.8936932036781 85.5477669032129,27.8936767943253 85.5477595071651,27.8936604812352 85.5477476879395,27.893633298099 85.5477326610985,27.8936182575257 85.5477175620274,27.8936086279075 85.5476966436497,27.8935786430219 85.5476785760343,27.893570377328 85.5476589772654,27.8935484816383 85.5476090944095,27.8935208973586 85.5475712113464,27.8935069688215 85.547525769745,27.8934889018246 85.547498869627,27.8934507362908 85.5474746533892,27.8934396576272 85.5474214546105,27.8934323322739 85.547386670882,27.8934143775663 85.5473608959939,27.8934059883133 85.5473092197861,27.8933986789659 85.5472821030016,27.8933767462602 85.5472517424343,27.8933696615787 85.5472212554195,27.893372046063 85.5471908948582,27.8933649613683 85.5471834808522,27.8933500009895 85.5471746346299,27.8933282608657 85.5471596079112,27.8933132202338 85.5471217249827,27.8932992915776 85.5470792925016,27.8932839620185 85.5470384187092,27.8932659430209 85.5469972919894,27.8932668623547 85.5469288498422,27.8932607290308 85.5468894082848,27.8932494897369 85.5468635250647,27.8932492168258 85.546819533962,27.8932365766124 85.546787687066,27.8932267702995 85.5467558040357,27.8932196694568 85.5467283621413,27.8932220859431 85.5467085871678,27.8932205244853 85.5466553524184,27.8932159043192 85.5466156579018,27.8932236032885 85.546583539945,27.8932340880076 85.5465545032119,27.8932418993562 85.5465300702473,27.8932470533938 85.5464918621072,27.893257473861 85.5464772244373,27.8932722870422 85.5464038977923,27.8932985291772 85.5463183461901,27.8933192736699 85.54613549642,27.89332816828 85.5460252224721,27.8933757103603 85.546030878742,27.8934082403288 85.5460732930287,27.893424922945 85.546152103775,27.8934528129399 85.5462313484095,27.8934482371724 85.5463227010942,27.8934492007913 85.5463894761665,27.8934661402674 85.5464624137386,27.8934777329914 85.5465348452792,27.8935272023543 85.546570952638,27.8935600534531 85.5465873957899,27.8935642989864 85.5466049231817,27.8935711928637 85.5466291393524,27.8935822716777 85.5466519414117,27.8935852180003 85.5466898605143,27.8935964413096 85.5467233384797,27.8935981472724 85.5467477715164,27.8935929932034 85.5467921422227,27.8935772259337 85.5468241518469,27.8935748576014 85.546857774363,27.8935657416222 85.5468854873756,27.8935430340336 85.5469084339843,27.8935351584043 85.5469358398193,27.8935354473626 85.5469600921545,27.8935438206421 85.5469964706645,27.8935563805535 85.5470208314125,27.8935566373902 85.547055723521,27.8935664757567 85.5470799578068,27.8935762017544 85.5471164808708,27.8935779397247 85.5471422738436,27.8935849762852 85.5471664539457,27.8935987604846 85.5471892379622,27.8936030594578 85.5472180579768,27.893611480844 85.5472346795492,27.8936211265651 85.5472527875439,27.8936334938117 85.5472755173795,27.8936418509876 85.5472952563137,27.8936461178449 85.5473118417713,27.8936584690349 85.5473327961812,27.8936857484974 85.5473538409172,27.8937062642624 85.547361273032,27.8937198718941 85.5473642097533,27.8937280204262 85.5473656961758,27.8937307419509 85.5473732005454,27.8937389386264 85.5473733285006,27.8937391968193 85.5473806146019,27.8937538989961 85.5473926504984,27.8937648492933 85.5474031457847,27.8937771362804 85.5474106140352,27.8937880384319 85.5474180461624,27.8938016460609 85.547422379003,27.8938192798107 85.5474251712315,27.8938382502514 85.5474263686602,27.8938626156 85.5474367013991,27.8938870772352 85.5474591964966,27.8939130199893 85.5474710156759,27.8939402031476 85.5474751859731,27.8939700115463 85.5474886902704,27.8939850361002 85.5475144291818,27.8939961308121 85.5475340598239,27.8940085140715 85.5475748978574,27.8940292384118 85.5475931143212,27.894033489183 85.5476031942682,27.8940768891531 85.5476105722572,27.8940945549898 85.5476301277709,27.8941102557776 85.5476392840777,27.8941110927274 85.5476680320262,27.8941249249814 85.5476705196512,27.8941262869928 85.5476755906235,27.8941290634248 85.5476981400047,27.8941509479259 85.5477177887551,27.8941619784217 85.5477374375095,27.8941730089148 85.5477538063948,27.8942015929243 85.5477654450926,27.8942423034508 85.5477971298581,27.8942642842024 85.547822832753,27.8942780843381 85.5478529408109,27.8943041072512 85.5478680580455,27.8943123841186 85.5478846617264,27.8943233825056 85.5479010667857,27.8943492610211 85.5479268419404,27.894357650182 85.5479480133106,27.8943686966895 85.5479628236081,27.8943999701125 85.547970237788,27.8944149304539 85.5479866095502,27.8944309724455 85.5479867692717,27.894431339786</coordinates></LinearRing></outerBoundaryIs></Polygon></MultiGeometry>
  </Placemark>
  <Placemark>
	<Style><LineStyle><color>ff0000ff</color></LineStyle><PolyStyle><fill>0</fill></PolyStyle></Style>
      <MultiGeometry><Polygon><outerBoundaryIs><LinearRing><coordinates>85.5435206954647,27.8940168921676 85.5435249099529,27.8940433188034 85.5435322601005,27.8940630139383 85.5435412143013,27.8940766378492 85.5435420680342,27.8940802537312 85.5435438017958,27.8940824151385 85.5435542061087,27.8941014660857 85.5435737819599,27.8941179081025 85.5435857450544,27.894134269665 85.5436066985885,27.8941615496604 85.5436305342512,27.8942010364621 85.54363805647,27.8942078805945 85.5436789843249,27.8942218423808 85.5437032365323,27.8942302162291 85.5437198759734,27.8942385096285 85.5437319115373,27.8942494602328 85.5437515960922,27.8942577858063 85.5437698305283,27.8942606843421 85.5437834248702,27.8942689455572 85.5438076770969,27.8942773193878 85.5438182082269,27.8942869011603 85.5438348114711,27.8942979000198 85.543855964277,27.8943102998767 85.5438711174011,27.8943158716978 85.5438877568686,27.8943241650779 85.5439060094267,27.8943257108594 85.5439181536574,27.894328545028 85.5439500548985,27.8943342937949 85.5439622896603,27.894330364276 85.5439805784321,27.8943292045742 85.5440050660572,27.8943199927929 85.5440279587031,27.8943161758687 85.54406457245,27.8943111509714 85.5440843837734,27.8943100073409 85.5440995731185,27.8943128736636 85.5441253479373,27.8943212635243 85.5441344832703,27.8943213600311 85.5441344832703,27.8943213600312 85.54418596051,27.8943435506827 85.5442041225636,27.8943518601095 85.5442223208251,27.8943574640601 85.5442526633335,27.8943659021481 85.5442678526916,27.8943687684527 85.5442860871632,27.8943716669213 85.5443316190432,27.8943829712933 85.5443739972157,27.8944023599088 85.5443770423293,27.8944023920725 85.5443981771204,27.8944161445861 85.5444132578886,27.8944271272971 85.5444649886339,27.8944303795296 85.5444953311837,27.8944388175656 85.5445256013431,27.8944526665432 85.5445587718383,27.8944773695709 85.5445860330969,27.894488480902 85.5446316736467,27.894491668755 85.5446529170726,27.8944973048084 85.5446831510757,27.894513859227 85.5447224842482,27.8945332155823 85.5447589170851,27.894541717874 85.5447832056465,27.8945473860633 85.5448036227489,27.8945442075167 85.5448106207583,27.8945469990851 85.5448759279501,27.8945598650198 85.5449244508157,27.8945752595654 85.5449927850669,27.8945895103349 85.5450443530842,27.8946049369895 85.5451098774443,27.8946015699671 85.5451676985464,27.8946048862348 85.5452197188579,27.8945864943888 85.5452867838549,27.8945817906167 85.5453249382986,27.8945754287202 85.5453753998356,27.8945597262174 85.5454076268209,27.8945411253757 85.5454550793875,27.8945226852265 85.545494738275,27.8945176920892 85.5455239097894,27.8945148624893 85.5455450550733,27.8945128114236 85.5455968763415,27.8945092995455 85.545633435846,27.8945083324442 85.5456804543341,27.8945223579211 85.545716814918,27.8945362709133 85.5457404494636,27.8945481470286 85.5457719373981,27.8945527917823 85.5458753991421,27.8945592952153 85.5459971316244,27.8945659913403 85.5461493153344,27.894573008608 85.5462714094056,27.8945526497303 85.5463937203445,27.8945160578844 85.5464736164411,27.8944627834311 85.5465348079872,27.8944417819525 85.5466874253144,27.8944163329002 85.5467855196114,27.8943686618848 85.5468290186022,27.8943041799766 85.5469150045626,27.8942509694703 85.5469890990833,27.8941759866668 85.5470389771698,27.8940899250759 85.5470943672557,27.8940472153076 85.5471499740892,27.8939882726503 85.5471749130337,27.8939452418233 85.5471938340122,27.8938967358341 85.547206664769,27.8938481656404 85.5471831710908,27.8937829773722 85.5471653340634,27.8937503190343 85.5471292264572,27.8937174680829 85.547099136802,27.8936900922834 85.5470202533488,27.8936676137704 85.5469043228565,27.8936826266167 85.5468494388358,27.8936874596339 85.5467274903948,27.8936969971589 85.546587415936,27.8936955199843 85.5465144782024,27.8936839273208 85.5464358840828,27.8936398046637 85.5463997767412,27.8936069535304 85.5463452542581,27.8935847315807 85.5462296130212,27.8935781000469 85.5461137548615,27.8935877012749 85.5459797707675,27.8935862877368 85.5458646358493,27.8935417792317 85.5458350917349,27.8935448497551 85.5458198823636,27.893547014683 85.5457802238427,27.8935520079284 85.5457617862251,27.8935524684056 85.5457421421137,27.8935529590147 85.5456963753209,27.8935592407085 85.5456961336559,27.893559291685 85.5456751883729,27.8935637098545 85.5456475091789,27.893569548466 85.5456061110808,27.8935907584481 85.5455892183918,27.8936014036043 85.5455676857188,27.893617411505 85.5455491800477,27.8936348042769 85.5455198718539,27.8936629064675 85.5454983210724,27.8936802670942 85.5454812655815,27.8937030868762 85.5454460299409,27.8937189501325 85.5454275784944,27.8937322846731 85.5454028740634,27.8937577295703 85.5453554037407,27.8937775224536 85.5453308259011,27.8937934981729 85.5452924184903,27.8938187984093 85.5452678406324,27.8938347741166 85.5451915322596,27.8938474978882 85.5451701261135,27.8938540365591 85.5451151515065,27.8938656325669 85.5450754747544,27.8938719783411 85.5450206448683,27.8938727524105 85.5449765994808,27.8938641698207 85.5449370674696,27.8938596936553 85.544889868433,27.8938591953119 85.5448746972199,27.8938549763403 85.544872750598,27.8938537096683 85.5448636644391,27.8938517086607 85.5448625620597,27.8938514658882 85.5448580215528,27.8938493885536 85.544845116072,27.8938465464305 85.5448260932526,27.8938456691062 85.5448169308146,27.8938476017526 85.5447963763987,27.8938473847163 85.5447644661973,27.8938423125174 85.5447522858035,27.893842183899 85.5447400873141,27.8938434080169 85.5447179651104,27.8938465567346 85.5446844871236,27.8938448502828 85.5446654552586,27.8938446493051 85.5446388830359,27.8938389569828 85.5446145765425,27.8938346415111 85.5445840803182,27.8938377017731 85.5445551971318,27.8938340144219 85.544536319105,27.8938223151602 85.5444968685775,27.8938117515525 85.5444756795899,27.8938020572683 85.5444606441467,27.8937876927233 85.5444401983419,27.8937793592114 85.5444220997112,27.8937663152381 85.5443872078096,27.8937564762114 85.5443506757137,27.8937554138856 85.5443217382566,27.8937557846977 85.5442821701178,27.893754013821 85.5442449944132,27.8937441506352 85.5442207875214,27.8937323950417 85.5442041300126,27.8937254544407 85.5441790079837,27.893725189063 85.5441470254415,27.8937255276714 85.5441060524448,27.8937149478704 85.544083481499,27.89370895948 85.5440727193466,27.8937024193763 85.5440651247166,27.8937009862151 85.5440316286879,27.8937006323437 85.5440209708607,27.8937005197465 85.5440042047419,27.8937016955434 85.5439798983094,27.8936973799617 85.5439723579968,27.8936918885849 85.5439526735238,27.8936835630455 85.543925322005,27.8936792152822 85.5438964117302,27.8936775569005 85.5438857901184,27.8936747388193 85.5438675738825,27.8936704875654 85.5438188161901,27.8936726782449 85.5437960323192,27.8936683787189 85.5437793386344,27.8936641435413 85.5437397705451,27.8936623725105 85.5437170047884,27.8936567202348 85.5436926440538,27.8936564628134 85.5436484902233,27.8936559962262 85.5436348416386,27.8936517932103 85.5436074720339,27.8936487981213 85.543563390649,27.8936429205604 85.5435467875306,27.8936319216719 85.5435362202652,27.8936250453544 85.5435180402749,27.8936180885819 85.5434937882175,27.893609714706 85.5434755901214,27.8936041106647 85.5434680498418,27.8935986192614 85.5434605457859,27.8935904223845 85.5434362756278,27.8935834012355 85.543402815869,27.8935803417395 85.543386212777,27.8935693428326 85.5433695191256,27.8935651076065 85.5433513572696,27.8935567980762 85.543330077876,27.8935538673039 85.5433163749781,27.8935537224669 85.5433084905572,27.8935739330489 85.5433310932549,27.8935917600193 85.5433598404782,27.8936055931473 85.5433809387582,27.8936220512808 85.5434187488206,27.8936413918973 85.5434381977884,27.8936673030865 85.543465313831,27.8936892365212 85.5434955111999,27.8937084966601 85.5435044110358,27.8937261787826 85.5435073112414,27.8937370328575 85.5435145617578,27.8937641680445 85.5435063332463,27.8938100806331 85.5434935370812,27.8938559449469 85.5434945706261,27.8938924849253 85.5435002442647,27.8939236622311 85.5434953687244,27.8939466104786 85.5434980697099,27.8939723446554 85.5435084845698,27.893990606507 85.5435084096627,27.8939962013796 85.5435206954647,27.8940168921676</coordinates></LinearRing></outerBoundaryIs></Polygon></MultiGeometry>
  </Placemark>
  <Placemark>
	<Style><LineStyle><color>ff0000ff</color></LineStyle><PolyStyle><fill>0</fill></PolyStyle></Style>
      <MultiGeometry><Polygon><outerBoundaryIs><LinearRing><coordinates>85.5409154127684,27.8922728072188 85.5409160878558,27.892279240771 85.5409156482628,27.8922836331311 85.5409144201942,27.8922900465346 85.5409132284096,27.8922937544675 85.5409120048763,27.8922998296872 85.5409134412261,27.8923062712989 85.5409156433743,27.8923123827862 85.5409162957842,27.8923205072575 85.5409162232158,27.8923259181987 85.5409165312787,27.8923313331697 85.5409156929119,27.8923370742352 85.5409160191168,27.8923411364709 85.5409186018972,27.8923472519879 85.5409261510286,27.8923520671559 85.5409333013874,27.892358231029 85.5409385848732,27.8923616692829 85.5409484177956,27.8923665086277 85.5409555636211,27.8923730106837 85.5409592746928,27.8923801528404 85.5409595600808,27.8923872587304 85.5409564696741,27.8923906083317 85.5409502979309,27.8923966311664 85.540946432654,27.8924009872596 85.5409425900542,27.8924036524336 85.5409394270789,27.8924124129757 85.5409367127669,27.8924161047899 85.5409353338388,27.8924183165276 85.5409351584918,27.892418455958 85.5409305364857,27.8924224658075 85.540925869124,27.892429857495 85.5409265306061,27.8924373055985 85.5409287418283,27.892442740718 85.54093395275,27.8924515899133 85.5409369070945,27.8924583858274 85.540940640845,27.8924638370654 85.5409427885718,27.8924740067582 85.5409449997955,27.8924794418775 85.5409471928776,27.892486229732 85.5409524400863,27.8924923734561 85.5409599620166,27.8924992177255 85.5409614754736,27.8924999102116 85.5409758124977,27.892509532484 85.5409803528695,27.8925116099421 85.5409848751001,27.8925150401352 85.5409909198592,27.8925184864465 85.5409977258827,27.8925219408165 85.5410015049913,27.8925240102148 85.5410075316103,27.8925288092607 85.5410113016488,27.8925315550264 85.5410172375635,27.8925431177485 85.5410186331049,27.8925526030137 85.5410192401706,27.8925641093229 85.5410182793547,27.8925789813524 85.5410136119916,27.8925863730428 85.5410066336223,27.8925957696588 85.5410020116108,27.8925997795104 85.5409989121283,27.89260380548 85.5409958126456,27.8926078314495 85.540994181268,27.8926159317431 85.5409964015676,27.892620690494 85.5410038600147,27.8926322693348 85.5410068506505,27.892636359777 85.541012088799,27.8926431798667 85.5410173178776,27.8926506763239 85.5410233172924,27.8926575044723 85.5410316277148,27.8926623276942 85.5410376724833,27.8926657740037 85.541044424095,27.8926732865778 85.5410465718348,27.8926834562692 85.5410465672996,27.8926837944529 85.5410465672996,27.892683794453 85.5410446051789,27.8926881706956 85.5410441655886,27.892692563056 85.5410429193809,27.8927003291957 85.5410416777082,27.8927077571516 85.5410437664905,27.8927223232328 85.541045597091,27.8927277543211 85.5410467072429,27.8927301336962 85.5410473687341,27.8927375817992 85.5410465349052,27.8927429846816 85.5410463580322,27.8927561738508 85.5410478080004,27.8927616009097 85.5410499285307,27.892773799704 85.5410509887959,27.8927798991011 85.5410531546787,27.892788716057 85.5410557782929,27.8927917879174 85.5410603050724,27.8927948799246 85.541063685418,27.8927982980274 85.5410659193294,27.8928020422258 85.5410670022715,27.8928064507037 85.5410684749171,27.8928101868433 85.541070332731,27.8928135888284 85.5410729563464,27.8928166606884 85.5410748186957,27.8928197244897 85.5410759016383,27.8928241329675 85.5410762369201,27.8928275188351 85.5410777322419,27.8928295640555 85.5410803649281,27.8928319595478 85.5410826215163,27.8928340128268 85.5410844838661,27.8928370766279 85.5410855940199,27.8928394560027 85.541087832468,27.892842862017 85.5410900935917,27.8928445771121 85.5410919922226,27.8928449354425 85.5410957985545,27.8928449757356 85.5411007558561,27.8928443517488 85.5411042223703,27.892841344358 85.541108862529,27.892835981768 85.5411093383977,27.8928288839368 85.5411094290982,27.8928221202602 85.5411091119555,27.8928173816573 85.5411084459248,27.8928102717383 85.5411077798942,27.8928031618193 85.5411089852837,27.8927984393334 85.5411105849111,27.8927927063253 85.5411114550174,27.8927845979718 85.5411122661685,27.8927808860082 85.5411130999945,27.8927754831253 85.5411150666493,27.8927707686979 85.5411166526709,27.8927660502411 85.5411198111088,27.8927576278791 85.5411244557979,27.8927519271045 85.5411275552804,27.8927479011322 85.5411310127207,27.8927455701081 85.5411359790876,27.8927442697522 85.5411409273146,27.8927443221315 85.5411447291082,27.892744700607 85.5411469947658,27.8927460775173 85.5411485036925,27.8927471081854 85.541151721192,27.8927506229055 85.5411516410422,27.8927509042247 85.5411523796336,27.8927526032022 85.5411542601236,27.8927543142671 85.5411599514776,27.8927557274393 85.5411645100026,27.8927564521563 85.54116868336,27.892757511028 85.5411732282807,27.8927592502962 85.5411769937966,27.8927623342416 85.5411803877493,27.8927647377901 85.5411837680979,27.8927681558901 85.541186382646,27.8927719041157 85.5411905197261,27.8927756684575 85.541193886471,27.8927801011087 85.5411964964849,27.8927841875181 85.541197982739,27.8927869091049 85.5411994599236,27.8927903070594 85.5412024278974,27.8927960884169 85.5412028085305,27.8927960924459 85.5412080829765,27.892800207058 85.5412103531707,27.8928012457835 85.5412126369691,27.8928012699574 85.5412160762708,27.8928002916666 85.5412183646038,27.8927999776565 85.541222189073,27.8927986652107 85.5412237478826,27.8927959758557 85.5412283698949,27.8927919659968 85.5412314648402,27.8927882782058 85.5412341882215,27.8927839100182 85.5412357379613,27.8927818970307 85.5412380625709,27.8927788775495 85.5412399929435,27.8927768685909 85.5412442025793,27.8927752219895 85.5412491780154,27.8927732452618 85.541253387651,27.8927715986601 85.5412587391852,27.8927699641447 85.5412682595438,27.8927697266817 85.5412743269987,27.892771482062 85.541278092518,27.8927745660047 85.5412826102345,27.8927783343726 85.5412840964907,27.8927810559586 85.541284794274,27.8927857985902 85.5412855192643,27.8927885121186 85.5412854603162,27.8927929085088 85.5412838743013,27.8927976269677 85.5412834483235,27.8928010047775 85.5412829996732,27.8928060735066 85.5412825736953,27.8928094513164 85.5412840508829,27.8928128492701 85.5412855371395,27.8928155708561 85.54129454537,27.8928251366946 85.5412979302585,27.8928282166081 85.5413035490676,27.8928350407163 85.5413046546918,27.8928377582734 85.5413078311267,27.8928421889078 85.5413093083155,27.8928455868612 85.5413098916101,27.8928470666847 85.5413100446428,27.8928474549299 85.5413107787028,27.8928494920905 85.5413115127629,27.8928515292511 85.5413115568141,27.8928519243211 85.5413124348725,27.892853737518 85.5413127701617,27.8928571233853 85.541313871252,27.8928601791261 85.541314179335,27.8928655940966 85.5413148952576,27.8928689839926 85.5413152214782,27.8928730462276 85.5413159283322,27.8928771124914 85.5413181713227,27.8928801803183 85.5413215244729,27.8928856275183 85.5413233822961,27.8928890295003 85.5413263593477,27.8928941344877 85.5413270662022,27.8928982007514 85.5413284844456,27.8929059950948 85.5413284254989,27.892910391485 85.5413283484148,27.8929161406106 85.5413282985368,27.8929198606331 85.5413285975518,27.8929259519713 85.5413293044065,27.8929300182349 85.5413307498565,27.8929357834752 85.5413310443373,27.8929422129972 85.5413309944593,27.8929459330196 85.5413313206806,27.8929499952546 85.5413312844058,27.8929527007255 85.5413327479936,27.8929571132303 85.541335720513,27.8929625564014 85.5413382897274,27.892969686463 85.5413382670557,27.8929713773823 85.5413385433995,27.8929791596397 85.5413381038194,27.8929835520012 85.5413368530938,27.8929916563278 85.5413368032159,27.8929953763502 85.5413378816364,27.8930001230102 85.5413392862785,27.8930089319051 85.5413392364007,27.8930126519275 85.5413418464254,27.8930167383344 85.5413459608484,27.8930221935912 85.5413489333702,27.893027636762 85.5413507639905,27.8930330678468 85.5413518197403,27.893039505426 85.5413532198496,27.8930486525047 85.5413543073398,27.8930527227968 85.5413542710653,27.8930554282677 85.5413541985164,27.8930608392094 85.5413525626225,27.8930692776913 85.5413525172794,27.8930726595298 85.5413539581979,27.8930787629538 85.5413554217881,27.8930831754584 85.5413598805739,27.8930913402143 85.5413620510212,27.8930998189823 85.5413630795663,27.8931082856645 85.5413630296891,27.893112005687 85.5413629571404,27.8931174166286 85.5413629117975,27.8931207984672 85.5413631926772,27.8931282425406 85.5413638904656,27.8931329851718 85.5413664732882,27.8931391006814 85.5413675063682,27.8931472291797 85.541367846194,27.8931502768629 85.5413681270741,27.8931577209363 85.5413680318541,27.8931648227973 85.5413679502369,27.8931709101066 85.5413686752314,27.8931736236346 85.5413720193239,27.8931797472013 85.5413742532535,27.8931834913952 85.541377959844,27.8931909717258 85.5413786621676,27.893195376173 85.5413789929252,27.893199100224 85.5413796907145,27.8932038428551 85.5413807510015,27.8932099422502 85.5413814306539,27.8932160376167 85.5413813626401,27.8932211103745 85.5413816707266,27.8932265253447 85.5413816208498,27.893230245367 85.5413819198677,27.8932363367049 85.5413811087217,27.8932400486702 85.5413814440137,27.8932434345373 85.5413832927758,27.8932475128863 85.5413858982732,27.8932519374763 85.5413869903005,27.8932556695844 85.5413869313553,27.8932600659745 85.5413876200768,27.8932654849732 85.5413875747344,27.8932688668117 85.5413878692184,27.8932752963335 85.541387805739,27.8932800309074 85.5413881092916,27.8932857840614 85.5413906875845,27.8932922377544 85.5413929351195,27.8932949673965 85.5413974165872,27.8933014412322 85.541400783356,27.893305873879 85.5414052557562,27.8933130240821 85.54140705011,27.8933211606372 85.5414070138364,27.893323866108 85.5414077070933,27.8933289469228 85.5414084184871,27.8933326750021 85.5414106206815,27.8933387864825 85.5414117172446,27.8933421804065 85.5414146308333,27.8933520199662 85.5414164750643,27.8933564364987 85.5414183192953,27.8933608530312 85.5414186319178,27.8933659298175 85.5414185775078,27.8933699880237 85.5414181469968,27.8933737040176 85.5414172769065,27.893381812373 85.5414172451673,27.8933841796599 85.5414179565616,27.8933879077393 85.5414186815586,27.893390621267 85.541419741849,27.8933967206618 85.5414204487093,27.893400786925 85.5414211147622,27.8934078968428 85.5414210603522,27.893411955049 85.5414229136526,27.8934156952137 85.5414270235597,27.8934214886524 85.5414318448623,27.8934310101702 85.5414340697305,27.893435430731 85.541437445573,27.8934391870093 85.5414399875992,27.8934483461724 85.5414403047569,27.8934530847747 85.5414405675053,27.8934618815833 85.5414439161441,27.8934676669646 85.5414453933448,27.8934710649168 85.5414483885533,27.8934748171665 85.5414532597349,27.8934806186613 85.5414570071468,27.8934850553354 85.5414603648554,27.8934901643486 85.5414618329887,27.8934942386684 85.5414659156965,27.8935020612091 85.5414681405673,27.8935064817694 85.5414740992498,27.8935163535548 85.5414763331893,27.8935200977473 85.5414789296285,27.8935251987035 85.5414811545003,27.8935296192636 85.5414841361096,27.8935343860642 85.541486003016,27.8935371116766 85.5414882460243,27.8935401795012 85.5414889528879,27.893544245764 85.5414903802172,27.8935513637382 85.5414907019111,27.8935557641566 85.5414929403859,27.893559170165 85.5414940324195,27.8935629022723 85.5414931940704,27.8935686433412 85.5414938918664,27.8935733859717 85.5414983688169,27.8935801979883 85.5414998369528,27.8935842723077 85.5414993747057,27.8935903555888 85.5414993520359,27.8935920465081 85.5414989396623,27.8935944097667 85.5415000407643,27.8935974655063 85.5415018804685,27.8936022202217 85.5415052472504,27.8936066528663 85.5415074902606,27.8936097206906 85.5415093571688,27.8936124463027 85.5415100640335,27.8936165125655 85.5415096471261,27.8936192140081 85.541511482297,27.8936243069072 85.5415179032359,27.8936280954099 85.541521664257,27.8936315175308 85.5415239163359,27.8936339089872 85.5415253618039,27.8936396742256 85.5415290956224,27.8936451254495 85.5415355256308,27.8936482375837 85.5415411852998,27.8936520180289 85.5415498583213,27.8936581979863 85.5415547159148,27.8936650140295 85.5415588394393,27.893669792913 85.5415674943282,27.8936773256048 85.5415723428561,27.8936848180151 85.5415753208564,27.8936884347873 85.5415794343986,27.8936953782485 85.5415824341514,27.8936987923117 85.5415873053499,27.8937045938022 85.5415906585373,27.8937100409965 85.5415936492234,27.8937141314272 85.5415992544938,27.8937219700766 85.5416007362361,27.8937250298435 85.5416063551085,27.8937318539411 85.5416093639304,27.893734591636 85.541616546152,27.8937383881904 85.5416226091329,27.8937404817413 85.541626383762,27.893742889308 85.5416282688097,27.8937442621832 85.5416320162376,27.893748698853 85.5416346489577,27.8937510943356 85.5416402950349,27.8937558893287 85.541642180083,27.8937572622037 85.5416452025072,27.8937589853464 85.5416482339985,27.8937600321212 85.5416546957518,27.8937607769632 85.5416619187782,27.8937615298605 85.5416710359203,27.8937629792644 85.5416770989038,27.8937650728129 85.5416812587048,27.8937671462222 85.5416835243903,27.8937685231245 85.5416854049059,27.8937702341829 85.5416884227977,27.8937722955085 85.5416922155629,27.893773350338 85.5416994385905,27.8937741032334 85.5417047403021,27.8937761887252 85.5417100465471,27.8937779360329 85.5417149630892,27.8937803556805 85.5417183797517,27.8937810682977 85.5417221679842,27.8937824613103 85.5417251858772,27.8937845226351 85.5417304649233,27.8937882990454 85.5417323499732,27.8937896719193 85.5417369040128,27.8937907348029 85.541748277779,27.8937942374711 85.541754345299,27.8937959928324 85.5417600367157,27.893797405982 85.5417630410102,27.8938004818577 85.5417645091587,27.8938045561747 85.5417667521802,27.8938076239951 85.5417709119847,27.8938096974017 85.5417765852698,27.8938124632862 85.5417810939796,27.8938169080073 85.5417882898122,27.8938196900015 85.5417939676314,27.8938221177014 85.5418000079554,27.8938259021641 85.5418052824732,27.8938300167556 85.5418143724253,27.8938334952536 85.541821572793,27.8938359390623 85.5418272415478,27.8938390431286 85.5418366713416,27.8938455693077 85.5418385563939,27.8938469421802 85.5418499256366,27.8938507830242 85.5418555898602,27.8938542252734 85.5418604928104,27.8938576594677 85.5418657446678,27.8938634649764 85.5418706430859,27.8938672373542 85.541876687948,27.8938706836299 85.5418819896678,27.8938727691151 85.5418888003372,27.8938758852609 85.5418925568459,27.8938796455563 85.5418974416674,27.8938844324849 85.5419061056626,27.8938912887889 85.5419155445312,27.8938971385951 85.5419219564353,27.8939016034477 85.5419291250813,27.8939064145383 85.5419332803602,27.8939088261242 85.5419389355242,27.8939129447379 85.5419453700934,27.89391571867 85.5419495163077,27.8939188066232 85.5419532864178,27.8939215523653 85.5419600834946,27.8939256830595 85.5419665180652,27.8939284569906 85.5419717925944,27.8939325715761 85.5419759388101,27.8939356595285 85.5419849834516,27.8939425198548 85.5419872400797,27.8939445731203 85.541989877345,27.8939466304126 85.5419940371593,27.8939487038128 85.5420004626672,27.8939521541103 85.5420057598611,27.893954577775 85.542014478258,27.8939573758656 85.5420182619684,27.8939591070543 85.5420254442198,27.8939629035884 85.5420295949706,27.8939656533554 85.5420375384974,27.8939694579426 85.5420481147597,27.8939756580046 85.5420545448032,27.8939787701158 85.5420632632034,27.8939815682034 85.5420708487566,27.8939836778424 85.5420803329646,27.8939861457987 85.5420852449925,27.8939889036176 85.5420924091196,27.893994052884 85.5420965553412,27.893997140833 85.5421029853875,27.894000252942 85.5421143455921,27.8940047701329 85.54211886792,27.8940082002918 85.5421215051895,27.8940102575818 85.5421268159854,27.8940116666902 85.5421325210151,27.8940120652732 85.5421416699102,27.8940111473595 85.5421447286059,27.8940101650202 85.5421466544532,27.8940084942334 85.5421497312769,27.8940061591583 85.5421505242759,27.8940037999239 85.5421513218068,27.8940011025055 85.5421506103842,27.8939973744292 85.5421495319202,27.8939926277745 85.5421476921815,27.8939878730668 85.5421473568644,27.8939844872009 85.5421462784006,27.8939797405462 85.5421463645091,27.8939733150515 85.5421471711039,27.8939699412653 85.5421491739947,27.8939625213515 85.5421511225012,27.8939591596449 85.5421530755395,27.8939554597543 85.5421538911979,27.8939514096002 85.5421539501139,27.893947013209 85.5421547793682,27.8939419485031 85.5421555950264,27.8939378983489 85.5421556358143,27.8939348546935 85.5421576069799,27.8939298020671 85.5421622562013,27.8939237630744 85.5421634434324,27.8939203933145 85.5421642636221,27.8939160049764 85.5421650702159,27.89391263119 85.5421658858735,27.8939085810357 85.5421670821681,27.8939045349079 85.542169026141,27.8939015113849 85.5421717449836,27.893897481363 85.5421748671227,27.8938917644478 85.542180254956,27.893887424427 85.5421848497916,27.8938854436406 85.5421909581114,27.8938841553277 85.5421985708518,27.8938842358559 85.5422073119077,27.8938853430146 85.5422122465936,27.8938864099092 85.5422202354395,27.8938868326466 85.5422286185177,27.8938862448579 85.5422362176631,27.8938873399358 85.5422476277108,27.8938881370921 85.5422555803037,27.893891265299 85.5422601434167,27.8938916517978 85.5422662472044,27.8938907016654 85.5422757903204,27.8938887732167 85.5422837972931,27.8938878432145 85.5422906487599,27.8938879156853 85.5422960093994,27.8938856047635 85.5422990816849,27.8938836078687 85.5423029288389,27.8938806044743 85.5423033502596,27.8938775648447 85.5423018775582,27.8938738287167 85.5423004003254,27.8938704307727 85.5422982207287,27.8938626283849 85.5422960003485,27.8938578696527 85.5422941560738,27.8938534531306 85.5422946046838,27.8938483843973 85.542295030636,27.8938450065839 85.542302013514,27.8938352717191 85.5423101111124,27.893827578036 85.5423178054155,27.8938215712461 85.5423288891975,27.8938183061617 85.5423403173646,27.8938177505742 85.5423486823117,27.8938185155139 85.5423577904073,27.8938206412408 85.5423779868153,27.8938191636948 85.5423875027359,27.8938192643419 85.5423996740518,27.8938200695371 85.5424110931567,27.8938201903116 85.5424202239095,27.8938206251146 85.5424293591935,27.893820721733 85.5424376924241,27.8938238539551 85.5424502534401,27.8938239868036 85.5424567152045,27.8938247316083 85.5424681297792,27.8938251905621 85.5424784115053,27.8938249610702 85.5424863867556,27.8938263983439 85.5424966231728,27.8938295506906 85.5425087990221,27.8938300176922 85.5425167969274,27.8938297640442 85.5425270786541,27.8938295345487 85.5425494909228,27.8938331538904 85.542560891907,27.8938346273886 85.5425707884666,27.8938347320485 85.5425845004566,27.8938342005929 85.5425944060775,27.893833628883 85.5426104109499,27.8938324452086 85.5426279655527,27.8938292485291 85.5426318931013,27.8938283623406 85.5426333035302,27.8938286285138 85.5426530785273,27.8938301905584 85.5426607637517,27.8938248601167 85.54268990961,27.8938089331893 85.5426976673156,27.893798191801 85.5427055337456,27.8937793339956 85.5427271212137,27.8937592683514 85.5427273930241,27.8937389773096 85.5427322687138,27.8937160290944 85.5427388119111,27.8936822750892 85.5427391743208,27.8936552203664 85.5427471675747,27.8936268934045 85.5427520613743,27.8936025924517 85.5427461886404,27.8935862952203 85.5427418203318,27.8935713668243 85.5427420558966,27.8935537812541 85.5427407721597,27.8935408194099 85.5427461385908,27.893533192276 85.5427620525893,27.8934819492936 85.5428146887765,27.8934175653161 85.54284231196,27.8934016222521 85.5428700800848,27.893374857292 85.5428738499104,27.8933207800363 85.5428497791616,27.8932988786882 85.5427739420631,27.8932764299828 85.5427376910277,27.8932543998244 85.5426863233391,27.8932240922419 85.5426470635043,27.8931993243888 85.542604577393,27.8931880516852 85.5425254416327,27.8931845089516 85.5424559123243,27.8931458916496 85.5424134262562,27.8931346188885 85.5423678588731,27.89312601938 85.5423376981227,27.893104053534 85.5423145807172,27.8930979198059 85.5423119418671,27.8930943106177 85.542296843375,27.8930846804257 85.5422878531585,27.8930737619129 85.5422773766587,27.8930601218234 85.5422653594991,27.8930478183648 85.5422472521973,27.8930354504869 85.5422321174666,27.8930285257602 85.5422124332564,27.893020199981 85.542197371037,27.8930078643068 85.5421763455673,27.8929859950582 85.5421627696379,27.8929763809577 85.5421385722193,27.8929639486441 85.5421280776211,27.8929516612801 85.5421160967458,27.8929366523375 85.5420966300963,27.8929120937118 85.5420816041612,27.8928970525541 85.5420681551489,27.8928779692936 85.5420623369376,27.8928576138291 85.5420385021283,27.8928181267814 85.5420294938306,27.8928085609892 85.5420174948554,27.8927949047747 85.5419948381556,27.8927811358089 85.5419767671878,27.8927660624261 85.5419618319363,27.892744257577 85.5419528349675,27.892738581566 85.5419520397236,27.8927363746461 85.5419498193793,27.892731615909 85.5419430676995,27.8927241033769 85.541937784163,27.8927206651599 85.5419294464988,27.8927178710947 85.541921126965,27.8927137242932 85.5419128164968,27.8927089011233 85.5419014428365,27.8927053984723 85.5418885466457,27.892701879712 85.5418764842432,27.8926929580616 85.5418682191051,27.8926847530496 85.5418622740259,27.8926738667285 85.5418517432248,27.8926642848168 85.5418442121598,27.8926581169616 85.5418305728423,27.8926532374059 85.5418132813151,27.8926368193218 85.5418095837767,27.892628662634 85.5418044634309,27.8926130497901 85.5418038109537,27.8926049253207 85.541800167811,27.8925927104254 85.541798735938,27.8925859306372 85.5417882232824,27.8925749959852 85.5417845076163,27.8925681920327 85.5417800488175,27.8925600272895 85.5417817526622,27.8925465160412 85.541781834254,27.8925404287301 85.5417797680391,27.8925241717364 85.5417813902912,27.8925167477991 85.5417807196844,27.8925099760654 85.5417808738023,27.8924984778111 85.5417786897331,27.8924910136 85.5417772578625,27.8924842338116 85.5417720287376,27.8924767373813 85.5417644886239,27.8924712458902 85.5417562325765,27.8924623645042 85.5417464358708,27.8924548197439 85.5417313012537,27.8924478949658 85.5417191844952,27.8924430315101 85.541711662519,27.8924361872805 85.5416964553767,27.8924346734418 85.5416820366977,27.8924311385531 85.54167522159,27.8924283605841 85.5416637754356,27.8924302688577 85.5416447257105,27.8924314202079 85.541638590268,27.8924347376033 85.5416293281702,27.892444110087 85.5416155710218,27.8924480232933 85.541597228156,27.8924532408996 85.5415759309032,27.8924516626015 85.5415523407926,27.8924507365001 85.5415355748548,27.892451912003 85.5415195248438,27.8924564773992 85.5415085001186,27.892455346032 85.5415035791073,27.8924532645635 85.5414936826781,27.8924531598318 85.5414860609727,27.8924537556363 85.5414730741501,27.8924570005167 85.5414623983214,27.8924582404619 85.5414525200275,27.8924567829917 85.541445686789,27.892455357747 85.5414304796492,27.892453843879 85.5414206376281,27.8924496809353 85.54140630057,27.892440058708 85.5413919635145,27.8924304364792 85.5413852209604,27.8924222475538 85.5413670775918,27.892412585038 85.5413534201915,27.8924090581724 85.5413398444082,27.8923994439956 85.5413193537778,27.8923944918767 85.5413080073773,27.8923889600752 85.541279142855,27.8923839193197 85.5412705952676,27.8923773841834 85.5412700242317,27.8923719424102 85.5412648858367,27.8923576822846 85.5412604180168,27.8923501938939 85.5412586031705,27.8923471119365 85.541259389484,27.8923417272106 85.5412579757854,27.8923335946824 85.5412512604543,27.8923233766477 85.5412444997793,27.8923165404514 85.5412385003679,27.8923097123126 85.5412340325516,27.8923022239211 85.5412287944042,27.8922954038396 85.541225115059,27.8922858944023 85.5412213994379,27.8922790904361 85.5412040173706,27.8922694359578 85.5411934594595,27.8922618831022 85.5411874963316,27.8922523494903 85.5411838532688,27.8922401345811 85.5411839348931,27.8922340472715 85.541186390997,27.8922212204582 85.5411864544824,27.892216485884 85.5411888471004,27.8922083936448 85.5411935144344,27.8922010019471 85.5411921460885,27.8921894875795 85.5411877145573,27.8921792937158 85.5411749000789,27.8921696875819 85.5411545908902,27.8921512080855 85.541141821766,27.89213822011 85.541122092456,27.892133276022 85.5410984933522,27.8921330262133 85.5410832590541,27.892133541412 85.5410583097597,27.8921204244929 85.5410424139742,27.8921134915836 85.5410219596939,27.8921058339521 85.5409977807452,27.8920920487135 85.5409887181763,27.8920865410642 85.5409690160956,27.8920795678517 85.5409593335089,27.8920694964074 85.5409577785948,27.8920659196108 85.5409498715276,27.8920594094962 85.5409404374043,27.8920532214466 85.5409352038225,27.8920460631709 85.5409307088249,27.8920406038737 85.5409280943023,27.8920368556438 85.5409258241266,27.8920358169143 85.5409235222027,27.8920371454716 85.5409200194268,27.8920428583298 85.5409180301011,27.8920492636743 85.54091641687,27.8920560112323 85.5409136889604,27.8920607175982 85.5409120984063,27.8920657742369 85.5409093432832,27.8920725097057 85.5409081197527,27.8920785849256 85.5409080653266,27.8920826431317 85.5409072405684,27.8920873696459 85.5409044763734,27.8920947814822 85.5409017348556,27.8921005023993 85.5408986081713,27.8921065574703 85.5408935420493,27.8921152978631 85.5408900483402,27.8921203343526 85.5408903382594,27.8921271020591 85.5408902883681,27.8921308220812 85.5408890466934,27.8921382500362 85.5408877868762,27.8921470307264 85.5408877415203,27.8921504125647 85.5408906550345,27.8921602521341 85.5408917379643,27.8921646606133 85.5408881716841,27.8921751080439 85.5408869708289,27.8921794923443 85.5408868891882,27.8921855796533 85.5408902241542,27.892192379598 85.5408935772629,27.8921978268073 85.540895009075,27.892204606603 85.5408964544941,27.8922103718472 85.5408964227451,27.892212739134 85.5408967217358,27.8922188304727 85.5408985568572,27.892223923379 85.540902693907,27.8922276877285 85.5409094817676,27.8922324948376 85.5409132245805,27.8922372697086 85.5409166139758,27.8922400114467 85.5409184173499,27.8922474716396 85.5409190788308,27.8922549197433 85.5409191380542,27.8922551559632 85.5409154127684,27.8922728072188</coordinates></LinearRing></outerBoundaryIs></Polygon></MultiGeometry>
  </Placemark>
  <Placemark>
	<Style><LineStyle><color>ff0000ff</color></LineStyle><PolyStyle><fill>0</fill></PolyStyle></Style>
      <MultiGeometry><Polygon><outerBoundaryIs><LinearRing><coordinates>85.5388939080195,27.8784808248955 85.5388841748632,27.8785253684057 85.5388879974281,27.8785808790159 85.5389058296512,27.8786135383062 85.5389343000574,27.8786476632666 85.5389836292538,27.8787158325063 85.5389967492791,27.8787592652813 85.5389991766582,27.8788052905985 85.5389892801074,27.8788620087457 85.5389882815386,27.8789364092685 85.5390117856164,27.879000246025 85.5390062200408,27.879074598148 85.539011655792,27.8791233612029 85.5390231809075,27.8791721887891 85.5389610526695,27.8792635295562 85.5389543822955,27.8793067525955 85.5389409689021,27.8793986096181 85.5389461141251,27.8794690164592 85.5389699632515,27.8795071512253 85.5390241140541,27.8795564305456 85.5390720302783,27.8796164672096 85.5391383599579,27.8796658755483 85.5391988907677,27.8796935755444 85.5393504720586,27.8797438871074 85.539478494527,27.879734420036 85.5395402596392,27.8796701337746 85.5395897733099,27.879611129416 85.5396208009945,27.8795681643649 85.5396392869261,27.879552125037 85.5397496942918,27.879493765652 85.539780431537,27.8794724443549 85.5397930458054,27.87944010766 85.5397876096936,27.8793913446241 85.5397638328834,27.8793477990403 85.5397278047641,27.8793095354007 85.5397160615535,27.8792769407075 85.539692212206,27.8792388060612 85.5396439328279,27.8792058243453 85.5396323348366,27.8791624077489 85.5396084855423,27.8791242730896 85.5395844184817,27.8791023712718 85.5395422285528,27.8790694540295 85.5395320077595,27.8790368754497 85.5395230007729,27.8790273095268 85.5395139756385,27.8790190963404 85.5394973388144,27.8790108025159 85.5394898178717,27.8790039581927 85.5394655693621,27.8789955837261 85.5394443836822,27.8789858887747 85.5394353767075,27.8789763228465 85.5394142454859,27.8789625696795 85.539402320896,27.8789435023333 85.5393948725672,27.8789312470571 85.5393843795662,27.8789189595231 85.5393815527037,27.8789026944214 85.5393801574236,27.8788932091335 85.5393681602426,27.8788795527326 85.5393577398543,27.8788618542488 85.5393579576684,27.8788456214047 85.539341520548,27.8788224474556 85.5393341266881,27.8788061339655 85.5393375162348,27.8787804642208 85.539331572107,27.8787695778078 85.5393151917078,27.8787583875449 85.5393134674555,27.8787572096226 85.539313594517,27.8787477404636 85.5393215147652,27.8787248245814 85.5393217411569,27.8787246939052 85.5393231278568,27.8787180770256 85.5393431178625,27.8787034065981 85.5393509654963,27.8786859016619 85.5393511833099,27.8786696688174 85.5393697235731,27.8786495713082 85.539379039079,27.8786361407099 85.5393852917666,27.8786240305908 85.5394022733822,27.8786066224221 85.5394130386114,27.8785986188979 85.5394360913973,27.8785826279747 85.5394453887392,27.8785705501083 85.5394531455975,27.8785598088506 85.5394746397386,27.8785465072668 85.5395036366374,27.8785414027387 85.5395189688475,27.8785334475872 85.5395328513189,27.8785200653583 85.5395346277324,27.8785011431646 85.539531800855,27.8784848780646 85.5395426931029,27.878467405369 85.5395458103583,27.8784620266737 85.5395399206708,27.8784470820574 85.5395309681759,27.8784334579245 85.5395326538442,27.8784212994166 85.5395222879151,27.8783995427331 85.5395148350694,27.8783876256467 85.5395149666487,27.878377818303 85.5395279438256,27.8783184268814 85.5395411387682,27.8782428026107 85.5395472045383,27.8781781902341 85.5395450957615,27.8781649628475 85.5395424091554,27.8781481110032 85.5395305572188,27.8781236327193 85.5395375176437,27.8780587658373 85.5395105876606,27.8780233043869 85.5394683618595,27.8779930926083 85.5394351974249,27.8779683885328 85.5393807930813,27.8779380477069 85.5393084476161,27.877883164044 85.5392691576611,27.8778611008889 85.539257523635,27.8778203897383 85.5392306664088,27.8777795172891 85.5391977925307,27.8777331693662 85.5391804686194,27.8776626334721 85.5391202656768,27.8776105842353 85.5390930817886,27.8775940610299 85.5390634341961,27.8775342179696 85.5390211724003,27.877506711538 85.538972676121,27.8774899624605 85.5389453107334,27.8774869665981 85.5388879347616,27.8774511823761 85.5388087380187,27.8774530488878 85.5387235609596,27.8774467343914 85.5386654587381,27.8774650595553 85.5385618686118,27.8774693732213 85.5385009201733,27.8774859945749 85.5384886884793,27.8774767150434 85.5384187709125,27.8774678562632 85.538352224917,27.8774346804665 85.5382947401993,27.8774070124257 85.5382582046407,27.8774066250614 85.5382005383189,27.8773924843488 85.5381821252254,27.8774031125482 85.5381599045695,27.8774705233976 85.5381346392509,27.8775379019581 85.538145655208,27.8776246062297 85.5381604060938,27.8776599387959 85.5382082120549,27.8777280921454 85.5382530824184,27.8777880967794 85.538301179108,27.8778346063148 85.5383982080794,27.8778653994548 85.538464754347,27.8778985752379 85.5385099154981,27.8779369360082 85.5385338731225,27.8779669544193 85.5385671826244,27.8779808368103 85.5386245224358,27.8780193266431 85.5387148813008,27.8780933425986 85.5387421015655,27.8781071604064 85.5387555313718,27.8781088619668 85.5387866455384,27.8781915141429 85.5388464491668,27.8782733237373 85.5388818229987,27.8783602861137 85.5388971990083,27.8784362055164 85.5388939080195,27.8784808248955</coordinates></LinearRing></outerBoundaryIs></Polygon></MultiGeometry>
  </Placemark>
  <Placemark>
	<Style><LineStyle><color>ff0000ff</color></LineStyle><PolyStyle><fill>0</fill></PolyStyle></Style>
      <MultiGeometry><Polygon><outerBoundaryIs><LinearRing><coordinates>85.5392763596881,27.87664354057 85.5393380504745,27.8765846652589 85.5393753843399,27.876525531878 85.5394250417724,27.8764557056014 85.539523195021,27.8764026281914 85.539621348176,27.8763495507075 85.5397016691112,27.8762638139592 85.5398120730249,27.8762054543692 85.5398865947914,27.8760980092056 85.5399114595364,27.87606039049 85.5399366145328,27.8760011279624 85.539925452109,27.8759252456696 85.5399214673865,27.8757682635838 85.5398793511639,27.8757299355228 85.5398312183743,27.8756861320099 85.5397835936392,27.8756044518203 85.5397726490717,27.8755123366615 85.5397374204837,27.8754145525838 85.539635138762,27.8753214700067 85.5396368806789,27.87519160717 85.5395952728448,27.8751154023705 85.539541704557,27.8750228357064 85.5395122025157,27.8749521708353 85.5394957497819,27.8748167035442 85.5394910397902,27.8747138309629 85.5394558116826,27.8746160468218 85.5394757484751,27.8744917884399 85.5394711836725,27.8743780939509 85.5394663285324,27.8742860432679 85.5394189224014,27.8741881301143 85.5393887673427,27.8741661637865 85.5393154079953,27.8741870335167 85.5392542993842,27.8742026212774 85.5391741249081,27.8742775359319 85.5391064915208,27.8743255248157 85.5390203729745,27.8743895529528 85.5390071056599,27.8744705881692 85.5389754257956,27.8745622517135 85.5389313498202,27.8746700190467 85.5389365675738,27.8747350149759 85.5389411318142,27.8748487094562 85.5389400426147,27.8749298737083 85.5389139433648,27.8750594784012 85.5388760288579,27.8751618992772 85.5388508735093,27.8752211616036 85.5388612363269,27.8753565644053 85.5388907380358,27.8754272293998 85.5388768168958,27.8755569631288 85.5388567339301,27.8756920432707 85.5388610802187,27.8758219705844 85.5388647003063,27.876006007387 85.538882677377,27.8760278447775 85.5389063079287,27.8760822123909 85.538874119102,27.8762117525128 85.5388425837947,27.876292594083 85.5387861832455,27.8764110541414 85.5387487764822,27.8764755983014 85.5387356538947,27.8765458115539 85.5387529047443,27.8766217584455 85.5387517426947,27.8767083336181 85.5387990765766,27.8768116579338 85.5388535165108,27.8768392934924 85.5389020124845,27.8768560426016 85.5389692118767,27.8768405195906 85.5390060377209,27.8768192629642 85.5390307577101,27.8767924663269 85.539202490389,27.8767022868144 85.5392763596881,27.87664354057</coordinates></LinearRing></outerBoundaryIs></Polygon></MultiGeometry>
  </Placemark>
  <Placemark>
	<Style><LineStyle><color>ff0000ff</color></LineStyle><PolyStyle><fill>0</fill></PolyStyle></Style>
      <MultiGeometry><Polygon><outerBoundaryIs><LinearRing><coordinates>85.548253118141,27.8709085671214 85.5481857792747,27.8709349168116 85.5481305460845,27.8709668056674 85.5480932910599,27.8710205307431 85.5480869856894,27.8710366995548 85.5480743749424,27.8710690371772 85.5480247976828,27.871133455951 85.5479084585061,27.871180936451 85.5478649700383,27.871245419283 85.5477969092518,27.871325878514 85.5476625194391,27.8713569334876 85.5476135913493,27.8713726533325 85.5475403796277,27.871382705632 85.5474059896829,27.8714137603499 85.5472476770043,27.8714120924904 85.5471688094454,27.8713896146017 85.5471138645261,27.8713998591377 85.5470227469134,27.8713826638231 85.5469925909904,27.8713606991215 85.5469377182778,27.871365532615 85.546883134393,27.8713487221982 85.5468044113881,27.8713154221615 85.5467191661976,27.871314523737 85.5467008271548,27.8713197421823 85.546627470967,27.8713406159383 85.546596954029,27.8713457060105 85.5465061254653,27.8713068664741 85.5463785466392,27.8712838746578 85.5463114238349,27.8712939904926 85.5462021118881,27.8712711910928 85.5460011769381,27.8712690724192 85.5458852703567,27.8712840853533 85.5458238751546,27.8713213200086 85.5457806744744,27.8713641582553 85.5457497961778,27.8713963029848 85.5456457782464,27.8714330880228 85.5455421938967,27.8714374071668 85.5454204149864,27.8714361225674 85.5453471307907,27.8714515846611 85.5452496353683,27.87145596782 85.5451276395668,27.8714709158647 85.5450786388041,27.8714920457614 85.5450478325692,27.8715187793564 85.5450044869094,27.8715724392788 85.5449190969738,27.8715823616685 85.5448456680006,27.8716086454229 85.5447842722767,27.8716458795931 85.5446800368564,27.8716988967793 85.5445763076027,27.8717140371189 85.5444787396114,27.8717238306883 85.5444336556498,27.8717414704138 85.5444278665441,27.8717362022224 85.5444064309183,27.8717342421121 85.5443799213113,27.8717469659628 85.5443370037087,27.8717465128884 85.5443096577443,27.8717488249346 85.5442773652505,27.8717562862333 85.544252980248,27.8717560287881 85.5442276777877,27.8717514270852 85.5442044536045,27.8717373112726 85.5441899964367,27.8717241549326 85.5441716260848,27.8717118241885 85.5441502484154,27.8717055300835 85.5441368246035,27.8716880500817 85.5441358723823,27.8716863062009 85.5441252125239,27.8716809921686 85.5441125439215,27.8716799914929 85.5440958462382,27.8716884843215 85.5440704626741,27.8716899501276 85.5440529634334,27.8716854307865 85.5440396323588,27.8716610164478 85.5440328509245,27.8716574771881 85.5440085470776,27.8716511521635 85.5439900376762,27.8716492228881 85.5439724341322,27.871652504656 85.5439518580278,27.8716592226855 85.5439322689109,27.871665084221 85.5439118782561,27.8716579335891 85.5438895599883,27.8716490287715 85.5438700520088,27.8716488227615 85.5438486975541,27.871640795029 85.5438263213376,27.8716362241561 85.5438058263704,27.8716368746272 85.5438018552245,27.8716420341685 85.5437901040706,27.8716453777191 85.5437656263618,27.8716520545158 85.5437401384744,27.8716613213793 85.5437186217338,27.8716654286992 85.5436952121567,27.8716651814578 85.5436786187804,27.8716658731169 85.5436629428386,27.8716709090303 85.5436374897181,27.8716775755017 85.5436296169662,27.8716826938287 85.5435867109968,27.871681373731 85.5435603404392,27.8716836959312 85.5435417498862,27.8716878341313 85.543506612328,27.871689196804 85.5434715095525,27.8716879590953 85.5434508638464,27.8716998777931 85.5434312746985,27.8717057392561 85.5434136479421,27.8717107545331 85.5433929906307,27.8717235400126 85.5433655750894,27.8717310526154 85.5433266402794,27.8717245729084 85.5432886344904,27.871721570658 85.5432778819055,27.8717231908872 85.5432700323263,27.8717265756115 85.5432495257465,27.8717280927898 85.5432183013693,27.8717286298175 85.5431948917838,27.8717283824907 85.5431618093831,27.8717219645695 85.5431512307513,27.871710582929 85.5431454943262,27.8717018531884 85.5431329069144,27.8716947848884 85.5431251964993,27.8716877681167 85.5431164874918,27.8716824746199 85.5431096828937,27.8716806688971 85.5430912083014,27.8716761391296 85.5430668233297,27.8716758814753 85.5430403947779,27.8716825375287 85.5430250056212,27.8716879431932 85.5430200082793,27.8716833954143 85.5429927889981,27.8716695784793 85.5429747393518,27.8716531525698 85.5429535728321,27.8716421054496 85.5429110225877,27.8716362440868 85.542893009163,27.8716171126861 85.5428444785983,27.8716030705151 85.5428294372543,27.8715893822422 85.5427810153296,27.8715672236066 85.5427794581684,27.8715672799449 85.5427516485308,27.8715432369412 85.5427277272439,27.8715105137647 85.5426823136378,27.871491092753 85.5426520861887,27.871474538096 85.5425856148024,27.8714359534438 85.5425522342807,27.8714274830294 85.5425158817214,27.8714135694652 85.5424734402365,27.8713995915292 85.5424429955604,27.8713992697124 85.5423942478641,27.8714014602722 85.5423879778505,27.8714149233088 85.5423542714041,27.8714308021724 85.542335859726,27.8714414309892 85.5423203114261,27.8714656193907 85.5423167961285,27.8715007584522 85.5423042922862,27.8715249790361 85.5422825463679,27.871557219503 85.5422791397098,27.8715842421213 85.5422788861791,27.8716031804841 85.5422874763208,27.8716438592472 85.5423053447668,27.8716738126447 85.5423228872626,27.8717281153636 85.5423405746443,27.871771596159 85.5423493096885,27.8718014529972 85.5423611254337,27.8718286365388 85.5423759856647,27.8718558522634 85.542393890384,27.8718831001703 85.5424141877089,27.871959078906 85.5424321286692,27.8719836213281 85.5424650023429,27.8720299685034 85.5424701497329,27.8721003753591 85.5424697875856,27.8721274301633 85.5424815671783,27.8721573191762 85.5425145495638,27.8721955499001 85.5425231036168,27.8722389341307 85.5425438718585,27.8722797416038 85.5425768180892,27.8723206777948 85.5425885253058,27.8723559777606 85.5426033856606,27.8723831934636 85.5426485823514,27.8724188473956 85.5426574623667,27.8724378822946 85.5426695317236,27.8724461274492 85.5426875452377,27.8724652588806 85.5426965338923,27.8724761773357 85.5427018262782,27.8725357622627 85.5427108149398,27.8725466807171 85.5427196587663,27.8725684210931 85.5427314384705,27.8725983100872 85.5427371653851,27.8726254292464 85.5427551789397,27.87264456067 85.5427763456279,27.8726556078258 85.5427887435841,27.8726737111294 85.5427841477391,27.8726983076286 85.5428052058187,27.8727174712221 85.5428200300667,27.8727473923849 85.5428255035611,27.8727934499051 85.5428647562999,27.8728182175006 85.5428881710208,27.8728888173886 85.5429211175583,27.8729297535057 85.5429508747917,27.8729814793659 85.5429504041379,27.8730166506144 85.5429682005702,27.8730520148969 85.5430249240714,27.8731364960579 85.5430458374682,27.8731664815411 85.5430501783054,27.8731855890945 85.5430485923702,27.8731881575572 85.5430499879225,27.8731976428249 85.543046545181,27.8732273709419 85.5430354549339,27.8732597241122 85.5430395872864,27.8732922381363 85.5430529618138,27.8733167322303 85.5430540858521,27.8733465086028 85.5430490303375,27.8733829843353 85.5430699980878,27.8734089115949 85.5430805091178,27.8734198461131 85.5431091243976,27.8734431483115 85.543148775631,27.8734381555476 85.5431745093013,27.8734492509011 85.5432019281338,27.8734481876703 85.5432430473326,27.8734472691841 85.5432732392143,27.8734665292119 85.543305242939,27.873464161469 85.5433311033165,27.8734657876109 85.5433675471494,27.8734729372836 85.5433747398341,27.8734738483811 85.543379286937,27.873477160501 85.5433907831919,27.8734928863857 85.543415888883,27.8735122236941 85.5434567403786,27.8735213243787 85.5434664249622,27.8735266281629 85.5434896494143,27.8735407441071 85.5435012152624,27.8735512692401 85.5435165204469,27.8735739706548 85.5435280167317,27.8735896965291 85.5435453655179,27.8736054842238 85.5435606243403,27.8736316527964 85.543566384083,27.8736386489414 85.5435974350953,27.8736511137144 85.5436021375708,27.873646354135 85.5436071985952,27.873654055854 85.5436449476509,27.8736774544229 85.5436443505494,27.873722094863 85.5436715523266,27.8737372644286 85.5437033028209,27.8737538349648 85.5437193240396,27.8738081214511 85.5437251055306,27.8738311823544 85.5437431194545,27.8738503136599 85.5437567475041,27.8738558693233 85.5437918320611,27.8738508281457 85.5438042092261,27.8738360766171 85.5438213702961,27.8738051404302 85.5438490786825,27.8737824332225 85.5438614558319,27.873767681688 85.5438679067284,27.8737406911797 85.5439062528682,27.8737194492352 85.5439125771157,27.8737019279095 85.5438963929953,27.8736598161087 85.5439182293504,27.8736208116906 85.5439475865653,27.8735886513503 85.5439907526851,27.873548519234 85.5439985268148,27.8735364249415 85.5440354953043,27.8735043449548 85.5440737689741,27.8734885139222 85.5441089619294,27.873475356213 85.5441197805681,27.8734632940602 85.5441307619943,27.8734390572378 85.5441372128012,27.8734120667124 85.5441405829041,27.8733877495217 85.5441899464429,27.8733395651833 85.5441962887073,27.8733206911 85.5442090094022,27.8732802374501 85.5442459777418,27.8732481574001 85.5442615258979,27.8732239687808 85.5442681213442,27.8731861563181 85.5443176655849,27.8731244445158 85.5443640567446,27.8730708169987 85.544377793487,27.8730421436309 85.5443920572007,27.8730283920397 85.5444180204524,27.8729835866374 85.5444398966419,27.8729526086972 85.5444693675364,27.8729373153653 85.5444890379688,27.872925386225 85.544514653554,27.8729065845323 85.5445461679383,27.8728843774476 85.5445716908144,27.8728725100718 85.5445933352165,27.8728588679255 85.5446248495714,27.8728366608215 85.5446523232478,27.8728248140212 85.5446798664305,27.8728077664686 85.5446918030517,27.8727905541887 85.5447057368284,27.8727698953332 85.5447352539771,27.8727511347763 85.5447645857617,27.8727462428709 85.5447763370101,27.8727428992412 85.5448076196093,27.8727380279156 85.5448311452696,27.8727296070652 85.5448526969406,27.872722899205 85.5448820750482,27.8727145401094 85.5449095255006,27.8727044268378 85.5449123267964,27.8727025182863 85.5449650193177,27.8727030743442 85.5450200373664,27.8726874197326 85.5450873780293,27.8726610716656 85.5451301457179,27.8726506994749 85.5451606630777,27.8726456097449 85.5452828047828,27.8726198397886 85.545356451218,27.8725773229247 85.545392985272,27.8725777083472 85.5454782314009,27.8725786076288 85.5455270880342,27.8725682995446 85.5456369070181,27.8725532227427 85.5457902162194,27.8724736637673 85.5458516121011,27.872436429158 85.5459744037406,27.872361959852 85.5460237660122,27.8723137748016 85.5460486277619,27.8722761548456 85.5461040789526,27.8722280339696 85.5461408296438,27.8722121862808 85.5463055935946,27.8721868648 85.5464708630933,27.872123666326 85.5465380586292,27.8721081394629 85.5466358435185,27.8720821115297 85.5467464562819,27.8720075131359 85.5467711732825,27.8719807149785 85.546870041162,27.8718735222991 85.5469071526703,27.8718306195379 85.5469809423726,27.8717772798132 85.5470605321682,27.8717456480957 85.547140049723,27.8717194273027 85.5472684955279,27.8716774867657 85.5473235849508,27.8716564202274 85.547415424671,27.8716195056218 85.547470441859,27.8716038499958 85.5475801153206,27.8715995935437 85.5476774665188,27.8716060306855 85.5477384282952,27.8716012610318 85.5477748177318,27.871612467759 85.5478051182141,27.8716236103492 85.5478535412706,27.8716457672595 85.5479810487398,27.8716741687118 85.5480235271948,27.8716854394951 85.5481515397832,27.8716759639695 85.5482125737309,27.8716657831319 85.548298468499,27.8716179818665 85.5483661684456,27.8715645772615 85.5484029907408,27.8715433179717 85.5484178542348,27.8715240048822 85.5484299996126,27.8715158671616 85.5484439161604,27.8714997784587 85.5484563065817,27.8714856413567 85.5485003777598,27.8714705113696 85.5485299170385,27.8714500163731 85.5485554622794,27.8714364146426 85.5485984491611,27.871431665643 85.5486255292701,27.8714492889737 85.5486485691531,27.8714772727462 85.5486618781561,27.8715034202636 85.5486947875872,27.8715228387669 85.5487512452612,27.8715321021349 85.5487841547177,27.8715515206177 85.5488151826962,27.8715657178048 85.548871524891,27.8715836490535 85.5489162316027,27.8715962563446 85.548965024739,27.8715950359932 85.548996306864,27.8715901636966 85.5490782867208,27.871587558701 85.5490919423303,27.8715877023923 85.5491425476745,27.8715969040208 85.5491697203087,27.8716075929052 85.5491868155693,27.8716424493589 85.5492216066519,27.8716670890251 85.5492445774455,27.8717002734626 85.5492777180092,27.8717023559722 85.5493207511673,27.8716941395781 85.5493637381294,27.8716893903426 85.5493873094333,27.8716775015192 85.5494364721104,27.8716485436237 85.5494699128772,27.8716280894662 85.5495440664629,27.8716271356926 85.5495967612216,27.8716259561596 85.5496436959347,27.8716177807027 85.5496495714323,27.8716161086746 85.549704309347,27.871608015274 85.549729739044,27.8716030812541 85.5497747229372,27.8715948852336 85.5498040773206,27.8715882586483 85.5498276947326,27.8715729025739 85.5498318502981,27.8715538741561 85.5498223502546,27.8715347021207 85.5498127578635,27.8715224644306 85.5497876052459,27.8715065954292 85.5497429446337,27.8714905212452 85.5497258030351,27.8714591320268 85.5497260339255,27.8714417961624 85.5497301895025,27.8714227677478 85.5497579855465,27.8713866496824 85.54979725548,27.8713679905788 85.5498484148828,27.8713355858696 85.5498681768112,27.8713167215795 85.5499015481387,27.8713014680692 85.5499701030531,27.8712813830578 85.5499994342565,27.8712764900137 85.5500462533752,27.8712769823462 85.5501243775723,27.8712708685178 85.550178976796,27.8712731764414 85.5502453038844,27.8712738738213 85.550282415183,27.8712707963459 85.5503663456016,27.8712682110841 85.5504151155211,27.8712687238002 85.5504481636803,27.8712777403725 85.5504968874526,27.8712817202339 85.5505143523214,27.8712888391455 85.5505220170532,27.8712993226955 85.5505491205355,27.871315212072 85.5505724608824,27.8713206589086 85.5506193261813,27.871317683873 85.5506505620215,27.8713162783693 85.5506741331126,27.871304389317 85.5507035335179,27.8712942953604 85.5507388324555,27.8712807957341 85.5507954978654,27.8712744559815 85.5508247828956,27.8712730299349 85.5508657957795,27.8712699933067 85.5508951038785,27.8712668336577 85.5509087825289,27.8712652435802 85.5509244119761,27.8712636740024 85.5509322382344,27.8712620224192 85.5509596647405,27.871253641493 85.5509675602048,27.8712467891454 85.5509501875876,27.8712327359406 85.550938621225,27.8712222114113 85.5509233378301,27.8711977771797 85.5509235685273,27.8711804413054 85.5509180621871,27.8711543759908 85.5509085850501,27.8711334704358 85.5509012432709,27.8710987166822 85.5508996615967,27.871070958782 85.5508843782303,27.8710465245466 85.5508414146379,27.8710495406815 85.5508296637364,27.871052884843 85.5508080435102,27.8710647944278 85.5507842648393,27.871092285792 85.5507567230011,27.8711093346211 85.5507195194735,27.871119346576 85.550680457439,27.8711224036671 85.5506589756267,27.8711239117038 85.5506102980653,27.8711164647275 85.5505870269844,27.8711058171372 85.5505697236661,27.8710865631254 85.5505485418427,27.8710655345119 85.5505409001993,27.8710533173764 85.5505274754068,27.8710358379595 85.5504946580764,27.8710094855371 85.5504830456293,27.8710024281461 85.5504538299021,27.8709986533614 85.550426611124,27.8709914319044 85.5504129786588,27.870989554761 85.5504013662193,27.8709824973633 85.5503896845474,27.870980640726 85.5503623503864,27.8709820871918 85.5503505764007,27.8709871648993 85.5503094482202,27.8709988693128 85.5502821832936,27.8709951150015 85.5502549414492,27.870989627098 85.5502336904655,27.8709737991997 85.5502065409529,27.8709613769392 85.5501910500298,27.8709525449154 85.5501717498534,27.8709367375193 85.5501581866456,27.8709296595904 85.5501447619306,27.8709121801388 85.5501391403793,27.8708947827341 85.5501373049991,27.8708860942877 85.5501298249889,27.8708617420231 85.5501183510754,27.8708442830814 85.5500970770573,27.8708301887504 85.550083652364,27.8708127092935 85.5500701353431,27.8708021641829 85.5500624245227,27.8707951477837 85.5500216195606,27.8707825818975 85.549996305488,27.8707788480456 85.5499748699082,27.8707768888043 85.5499592405227,27.8707784582766 85.5499278894099,27.870788531563 85.5499063845733,27.8707917730713 85.5498790273721,27.8707949530296 85.549855617918,27.8707947068408 85.5497813494568,27.8708043287368 85.5497326028472,27.8708020822178 85.5496800008432,27.8707963274718 85.5496468836318,27.8707925114823 85.5495727306132,27.8707934653328 85.5494988085152,27.8707770832791 85.5494562375871,27.8707506280159 85.5494390269005,27.8707244395253 85.5494042591506,27.8706980663339 85.5493752975855,27.8706752218749 85.5493442697761,27.870661024819 85.549320883451,27.8706590449542 85.5492994479119,27.8706570856092 85.549281890848,27.8706569008951 85.5492465688577,27.8706721337365 85.5492347486666,27.8706806785208 85.5492338933626,27.8706812079553 85.5492320403288,27.870680753697 85.5492213757192,27.870681317959 85.5492195911282,27.870682128812 85.5492183402737,27.8706806095551 85.5492001456245,27.8706750063855 85.5490416175977,27.8706895735593 85.5489500675897,27.8707048453936 85.5489009957501,27.8707313876698 85.5488252715909,27.8707431820075 85.5488087927424,27.8707385349326 85.5487897468538,27.8707396874206 85.5487652379529,27.870750929415 85.5487523431302,27.8707568233356 85.5487391978036,27.8707628317557 85.5487208499246,27.8707687268495 85.5487054203001,27.8707841231934 85.5486883512521,27.870808296351 85.5486767452214,27.8708223800014 85.5486476876301,27.8708322211636 85.5486247369846,27.8708407736654 85.5485874874216,27.8708369992492 85.5485586642192,27.8708292547185 85.5485327772944,27.8708296586936 85.5485054853439,27.8708212538034 85.5484759010373,27.8708135012439 85.54847084998,27.8708134480724 85.5484553509366,27.8708132849169 85.5484400024143,27.8708225938811 85.548419335101,27.8708311703849 85.5483895524374,27.8708382979913 85.548362080165,27.8708434205132 85.5483290005638,27.8708694544713 85.5483066577145,27.8708895132554 85.5483000073174,27.8708935020179 85.548253118141,27.8709085671214</coordinates></LinearRing></outerBoundaryIs><innerBoundaryIs><LinearRing><coordinates>85.5431552198749,27.8730774550376 85.5431553849139,27.873077100664 85.5431535539722,27.8730810320829 85.5431552198749,27.8730774550376</coordinates></LinearRing></innerBoundaryIs></Polygon></MultiGeometry>
  </Placemark>
  <Placemark>
	<Style><LineStyle><color>ff0000ff</color></LineStyle><PolyStyle><fill>0</fill></PolyStyle></Style>
      <MultiGeometry><Polygon><outerBoundaryIs><LinearRing><coordinates>85.5421866408576,27.8718124169918 85.5421686999805,27.8717878745403 85.5421600374311,27.8717526067322 85.5421516284409,27.8716984005622 85.5421398489838,27.8716685115245 85.54213745651,27.8716197806919 85.5421469521499,27.8715928224562 85.5421566651147,27.8715496313381 85.5421877255834,27.8715039600545 85.5422033825791,27.8714716552283 85.5422283902884,27.8714232140782 85.5422652860918,27.8713965455102 85.5422867784537,27.8713832434077 85.5423113877121,27.8713645625255 85.5423023267483,27.8713590550095 85.5422933020033,27.8713508420124 85.5422811241393,27.8713507132708 85.5422629297807,27.8713451091954 85.5422447716432,27.8713367996373 85.542220524578,27.8713284257032 85.542196205076,27.8713254627259 85.5421840272153,27.8713253339758 85.5421536550066,27.8713196011352 85.5421262548221,27.8713193114376 85.542098854638,27.8713190217346 85.5420622486125,27.8713240464159 85.5420347035306,27.8713345786209 85.5420042226535,27.8713369621882 85.5419767500149,27.871342083421 85.5419523580658,27.8713445313609 85.5419006021549,27.8713439840739 85.5418762102042,27.8713464320003 85.5418365959259,27.8713487189464 85.5417576209847,27.8713343544453 85.5417363459627,27.8713314235843 85.5416845175969,27.871336287176 85.5416661783412,27.8713415049421 85.5416507023793,27.8713602823039 85.5416413878122,27.8713737131037 85.5416229036097,27.8713897527826 85.541595394708,27.8713975794178 85.5415648050998,27.8714080793256 85.5415434213601,27.8714132648733 85.5415312072561,27.8714158415447 85.5415007263505,27.8714182249993 85.5414824957878,27.8714153263016 85.5414550231096,27.8714204474287 85.5414428090031,27.8714230240922 85.5414307266965,27.871425276327 85.5414288733236,27.8714262590095 85.5414242658535,27.8714292543671 85.541418523503,27.8714317303705 85.5414112793036,27.871432668439 85.5414047667758,27.8714358127604 85.5413961702365,27.8714382585705 85.5413906045739,27.8714417511403 85.5413855118258,27.8714452535445 85.5413815210183,27.8714521402695 85.5413813398144,27.8714656676663 85.541396344712,27.8714820615693 85.5414144665631,27.8714930767169 85.5414325521782,27.8715067973417 85.5414415406285,27.8715177158724 85.5414685422287,27.8715477659817 85.5414774582088,27.8715640954691 85.5415015240724,27.8715859969307 85.5415195372389,27.8716051285038 85.5415316426528,27.8716106682727 85.5415649869022,27.8716218444126 85.5415861170309,27.8716355972201 85.5416072834005,27.871646644545 85.5416375831957,27.8716577884673 85.5416526243927,27.8716714768649 85.541658568404,27.8716823631827 85.5416888319813,27.8716962125738 85.5417161235568,27.8717046188009 85.5417371450243,27.8717264880255 85.5417583476594,27.8717348298486 85.5417764695902,27.8717458449512 85.541791474586,27.8717622388143 85.5418187661867,27.8717706450219 85.5418339885724,27.871770806002 85.541852364124,27.8717628827365 85.5418705947567,27.8717657813878 85.5419009670709,27.8717715142945 85.5419160807733,27.8717797917052 85.5419554416193,27.8717964431017 85.5419705191029,27.8718074259867 85.5420192669827,27.8718052355841 85.5420344531495,27.8718081020223 85.5420584829569,27.8718327088722 85.542082585223,27.8718519047582 85.5421036792407,27.8718683629701 85.5421064339338,27.8718900390007 85.5420937488779,27.871927786961 85.5420904508289,27.8719466931309 85.5420809913643,27.8719709458795 85.5420807015708,27.8719925897196 85.5420924448183,27.8720251842417 85.542104369191,27.8720442513629 85.5421193742768,27.872060645193 85.5421313348809,27.8720770068321 85.5421584816992,27.8720962348963 85.5421766399534,27.8721045444695 85.5421977340332,27.8721210026689 85.5422097308769,27.8721346588216 85.5422156749683,27.8721455451178 85.5422246273284,27.8721591690815 85.5422365517383,27.8721782361923 85.542246093126,27.8721790444454 85.5422475314169,27.8721825801839 85.5422671213876,27.8721976695398 85.5422777046622,27.8722031931533 85.542301951924,27.8722115670838 85.5423153623796,27.8722333557616 85.5423197299132,27.8722482841811 85.5423240974478,27.8722632126005 85.5423345539675,27.8722782053906 85.5423509546031,27.872304084471 85.5423582942015,27.8723244560348 85.5423747491755,27.8723462768923 85.5423943210846,27.8723627189717 85.5424014796104,27.8723966179347 85.5424208704503,27.8724265874118 85.5424450815574,27.8724376667995 85.5424631312448,27.8724540927784 85.5424816698396,27.872433994771 85.5424593069164,27.8723985821584 85.542450354508,27.8723849582085 85.5424477264931,27.8723538130022 85.542431325827,27.8723279339325 85.5424208873973,27.872311588409 85.5424243121599,27.8722832130494 85.5423943199479,27.872249072709 85.5423762703039,27.8722326467223 85.5423704710613,27.8722109385114 85.5423601413039,27.872186476543 85.5423406056487,27.8721673289795 85.5423316170549,27.872156410503 85.5423197469579,27.8721332851795 85.5423200345345,27.8721310040464 85.54232602608,27.8721191457791 85.5423232170118,27.8721015279721 85.5423283270155,27.8720609940462 85.5423256809298,27.8720312015779 85.542313774628,27.8720107817343 85.5422974283705,27.8719808444301 85.5423085186855,27.8719484913167 85.5422966848328,27.8719226605112 85.5422846879999,27.8719090043661 85.5422695561403,27.8719020797344 85.542237878847,27.8718800979319 85.5422231273096,27.871844765753 85.5421864658563,27.8718254883524 85.5421866408576,27.8718124169918</coordinates></LinearRing></outerBoundaryIs></Polygon></MultiGeometry>
  </Placemark>
  <Placemark>
	<Style><LineStyle><color>ff0000ff</color></LineStyle><PolyStyle><fill>0</fill></PolyStyle></Style>
      <MultiGeometry><Polygon><outerBoundaryIs><LinearRing><coordinates>85.5427637066986,27.8712394620602 85.5426875589033,27.8712413631511 85.5425780306417,27.8712347937936 85.5425293916554,27.8712288679615 85.5424748810291,27.8712066448657 85.5424172173205,27.871192506009 85.5423717314733,27.8711784958626 85.542338785647,27.8711375596321 85.5423208448386,27.871113017201 85.5423027229516,27.8711020021709 85.5422817014808,27.8710801330309 85.5422666602796,27.8710664447009 85.5422515828636,27.87105546185 85.5422029439802,27.8710495359064 85.5421603940175,27.8710436743216 85.5421240054174,27.8710324661406 85.5420877979379,27.8710077305482 85.5420465348709,27.8710025032641 85.5420252120551,27.8709916792073 85.5419979568535,27.8709805675662 85.5419711001367,27.8709396956368 85.541956022769,27.8709287127552 85.5419108631379,27.8708903531406 85.5418934658735,27.8708252284548 85.541851242072,27.8707950174567 85.5418425072334,27.870765160591 85.5418190935898,27.8706945605475 85.5418041249582,27.8706754612102 85.5418108659709,27.8706268269572 85.5417842267834,27.8705697221141 85.5417665397995,27.8705262412559 85.541767264394,27.8704721316518 85.5417464967613,27.8704313240755 85.5417472213628,27.8703772144711 85.5417264899847,27.870333701412 85.5417058310842,27.8702847773897 85.5416756403517,27.870265517054 85.5416363525598,27.8702434546364 85.5416094961506,27.8702025826444 85.5415853943231,27.8701833866883 85.5415579944313,27.8701830968887 85.5415276950483,27.8701719529625 85.5415184892815,27.8701772673195 85.5415030497059,27.870193339193 85.5414967796608,27.8702068021899 85.5414964173007,27.8702338569898 85.5414993167905,27.8702447111114 85.5415143577827,27.8702583995187 85.5415354151781,27.8702775632863 85.5415565088154,27.8702940215709 85.5415683242139,27.8703212051724 85.5415832565231,27.8703430100129 85.54158593862,27.8703700970132 85.5415795236369,27.8703943819336 85.5415731811196,27.8704132558935 85.5415666574268,27.8704456572529 85.5415207371809,27.8704641125996 85.5414872121024,27.8704664638601 85.5414749981047,27.870469040531 85.5414353116678,27.8704767383335 85.5414168638333,27.8704900725116 85.5414135657231,27.8705089786663 85.5414102676115,27.8705278848208 85.5413978724106,27.8705439888832 85.5413916023305,27.8705574518734 85.541388267974,27.8705790635068 85.5414091079729,27.8706144601727 85.5414209958419,27.8706362328261 85.5414205247406,27.8706714040626 85.5414160891185,27.8706790584457 85.5414097242247,27.8706821132676 85.5413903431025,27.8707082904177 85.5413863744662,27.8707204248205 85.5413769693265,27.8707406193037 85.5413775764194,27.8707521256433 85.5413810920618,27.8707738097364 85.5413862295891,27.8707880698628 85.5413821884695,27.8708056152244 85.5413775311955,27.8708123306162 85.5413689596382,27.8708271221902 85.5413673196326,27.8708358988963 85.5413808203403,27.8708509239567 85.5413989692672,27.8708599099936 85.5414064897969,27.8708667542037 85.5414390817544,27.8708772459451 85.5414642075401,27.8708768352528 85.5414816859591,27.8708790495291 85.5414975062643,27.870891393251 85.54151494845,27.870896313003 85.5415285035402,27.8709072798302 85.5415321460431,27.8709194947412 85.5415350727286,27.870928319752 85.541538778646,27.8709358000732 85.5415499425407,27.8709421660673 85.5415527165649,27.870946601831 85.541560182757,27.8709575042529 85.5415645863785,27.8709697272133 85.5415705484637,27.8709792607943 85.5415763112562,27.8710036745139 85.5415762387857,27.8710090854735 85.5415729225652,27.871029344371 85.5415667249465,27.8710373964084 85.5415544202961,27.8710467367831 85.5415298834617,27.8710600065694 85.541512975883,27.8710720041169 85.5415051835545,27.8710854510095 85.5415065608349,27.8710962890293 85.5415108557441,27.8711166284302 85.5414768593713,27.8711541509155 85.5414737424358,27.8711595296715 85.5414674723258,27.871172992663 85.5414673636112,27.8711811091017 85.5414672730157,27.8711878728007 85.5414702449997,27.8711933159631 85.5414899796367,27.8711975835023 85.541503607235,27.8712031393737 85.5415157850784,27.8712032681833 85.541544634984,27.8712089850612 85.5415659099757,27.8712119159508 85.5415826363944,27.8712134457961 85.5416055060886,27.8712109818206 85.5416238634417,27.8712044113218 85.5416422570266,27.8711951353407 85.5416864560578,27.8711915440063 85.5417107392797,27.8711972125518 85.541734950041,27.871208292053 85.5417577291543,27.8712125917517 85.5417865790775,27.8712183085796 85.5418047190428,27.8712279709362 85.5418258672443,27.8712403709659 85.5418502048285,27.8712419812675 85.5418638505666,27.8712461843641 85.5418880975834,27.8712545583592 85.5419276574866,27.8712563296171 85.5419428979144,27.8712551378424 85.5419765137963,27.8712460227797 85.5419964477043,27.8712354101065 85.5420253882096,27.8712343631844 85.5420787206372,27.8712308682973 85.5421136957328,27.8712339439568 85.5421365292018,27.8712341853732 85.5421578042187,27.8712371161722 85.5421806014683,27.8712400630618 85.5422095419749,27.8712390161011 85.5422475796507,27.8712407711736 85.5422961461868,27.8712521080657 85.5423233833797,27.8712645723915 85.5423446040841,27.871271561383 85.542385704347,27.8712719958616 85.5424191753434,27.8712737026125 85.5424449627528,27.8712807398623 85.5424708044859,27.8712837188863 85.5425134450942,27.8712828166772 85.5425514465828,27.8712872771475 85.5425924744345,27.8712931225264 85.5426275038852,27.8712921398354 85.5426594888707,27.8712911249585 85.5426959500336,27.8712969220411 85.5427445347521,27.8713069060374 85.5427657735978,27.8713125422248 85.5427763749186,27.8713167130579 85.5427884622676,27.8713236054584 85.5427990997957,27.8713250708086 85.5428097192217,27.8713278888986 85.5428173122845,27.8713293220736 85.5428491705669,27.871337776337 85.5428567998349,27.8713365040287 85.5428782016083,27.8713299655337 85.5428965589132,27.8713233948634 85.5429007066699,27.8713191966886 85.5429030804451,27.8713195740993 85.5429426223015,27.871322697808 85.5429609252997,27.8713201853509 85.5429791196945,27.8713257893354 85.54301565329,27.8713261753718 85.5430339562876,27.8713236629049 85.5430583482169,27.8713212147724 85.5431073854564,27.8712973801239 85.5431409469724,27.8712923229964 85.5432079976059,27.8712876196798 85.5432445673865,27.8712853001734 85.5432966128439,27.8712642031011 85.5433180326759,27.8712563117953 85.5433761670348,27.8712352790168 85.5433855899527,27.8712137316452 85.5433765289433,27.8712082241981 85.5433185393683,27.8712184350503 85.54327584449,27.8712233957322 85.5432272054589,27.8712174701452 85.5431969779952,27.8712009156068 85.5431239470801,27.871197438142 85.5430995189819,27.8712025917687 85.5430813607986,27.8711942823191 85.5430174632822,27.871190901301 85.5429535295699,27.8711902257348 85.5429292824762,27.8711818519244 85.5428560705707,27.8711919017249 85.5428223642577,27.8712077807086 85.5427886217297,27.8712263651648 85.5427719077196,27.8712395487301 85.5427637066986,27.8712394620602</coordinates></LinearRing></outerBoundaryIs></Polygon></MultiGeometry>
  </Placemark>
  <Placemark>
	<Style><LineStyle><color>ff0000ff</color></LineStyle><PolyStyle><fill>0</fill></PolyStyle></Style>
      <MultiGeometry><Polygon><outerBoundaryIs><LinearRing><coordinates>85.5417829491352,27.8701251014206 85.54180125195,27.8701225891104 85.5418471720061,27.8701041336621 85.5418568124739,27.8700663535166 85.5418605814375,27.8700122761001 85.5418979115394,27.8699531418437 85.5419072621711,27.8699370055374 85.5419231001254,27.8698911733274 85.5419386482697,27.8698669849601 85.5419788053586,27.8698241157529 85.5420008045534,27.8697729369509 85.5420103724886,27.8697405677513 85.5420140689124,27.8696919012865 85.5419930839832,27.8696673266299 85.5419718817234,27.8696589848551 85.541947598825,27.8696533163668 85.5419079127152,27.8696610143189 85.5418590208927,27.8696740266417 85.5418256047427,27.8696682615526 85.541795051876,27.8696760560528 85.5417521039573,27.8696999546478 85.5417213699289,27.8697212765335 85.5416753050947,27.8697505538677 85.5416110099415,27.8697769325144 85.5415683155793,27.869781892687 85.541537690196,27.8697950980885 85.5414978590693,27.86981361784 85.5414764394078,27.8698215088703 85.5414426246334,27.8698455039684 85.5414085924182,27.8698857319377 85.5413808302196,27.8699124969055 85.5413836209756,27.8699314674692 85.5413986981493,27.8699424504075 85.5414502721989,27.8699565252579 85.5415020274401,27.8699570726891 85.5415507020225,27.8699602933808 85.5415749487309,27.8699686674207 85.5416234783918,27.8699827100079 85.5416445357562,27.8700018737583 85.5416594680403,27.8700236785904 85.5416774809903,27.8700428101383 85.5416954214848,27.8700673526446 85.5417104987097,27.8700783355505 85.5417255759376,27.8700893184549 85.541770843869,27.8701195616784 85.5417829491352,27.8701251014206</coordinates></LinearRing></outerBoundaryIs></Polygon></MultiGeometry>
  </Placemark>
  <Placemark>
	<Style><LineStyle><color>ff0000ff</color></LineStyle><PolyStyle><fill>0</fill></PolyStyle></Style>
      <MultiGeometry><Polygon><outerBoundaryIs><LinearRing><coordinates>85.5374111202301,27.8678139938662 85.5374288413926,27.8678547697408 85.537450006593,27.8678658176659 85.5374712081302,27.8678741601118 85.5375106395148,27.8678854017548 85.5375439458513,27.8678992842902 85.5375802965601,27.8679131991035 85.5375923286965,27.8679241501503 85.5376104132346,27.8679378712425 85.5376163929764,27.8679460522409 85.5376252717691,27.8679650874287 85.5376189650657,27.8679812557162 85.5376309245561,27.8679976177123 85.5376550978438,27.8680114033683 85.5376900898939,27.8680131273693 85.5377279810072,27.8680257055492 85.5377491462726,27.8680367534304 85.5377918219013,27.8680331471582 85.5378040175322,27.8680319235439 85.5378192030441,27.8680347904237 85.537855553836,27.8680487051673 85.5378615517639,27.8680555334177 85.5378736565902,27.8680610734885 85.5379132515364,27.868060140376 85.5379362114213,27.8680509132947 85.5379560179729,27.8680497703617 85.537980372916,27.8680500285796 85.5380109073935,27.8680435876544 85.5380369116348,27.8680343928322 85.5380567726602,27.8680291916695 85.5380689864477,27.8680266152933 85.5380858394205,27.8680186763746 85.5381118436501,27.8680094815377 85.5381394245329,27.8679962446172 85.5381714085404,27.8679952307459 85.5381912150809,27.8679940877786 85.5382187596369,27.8679835563186 85.5382417557952,27.8679716237078 85.5382753346038,27.8679652149936 85.538304365016,27.8679574051281 85.5383363490123,27.867956391218 85.5383746214453,27.8679405617128 85.5383898977369,27.867936664837 85.5384219180361,27.8679329454296 85.5384280249209,27.8679316572251 85.5384525795374,27.8679170352341 85.5384817914624,27.8678956979439 85.538516965031,27.8678838943476 85.5385808966759,27.8678845718969 85.5386099088955,27.8678781147039 85.5386479271422,27.8678812234624 85.5386751630579,27.8678936884669 85.5386995724268,27.8678898883403 85.5387241088488,27.8678766190378 85.5387623449018,27.8678634948992 85.5387792341021,27.867852850415 85.538832583061,27.8678480039841 85.5388569198195,27.8678496147844 85.5388905893039,27.867836442223 85.5389106861856,27.8678136553286 85.5389306923187,27.8677976321253 85.5389597589405,27.8677871166403 85.5389857267534,27.8677806271112 85.5390057328697,27.8677646038964 85.539040851905,27.8677568583795 85.5390956504067,27.8677574389272 85.5391538017399,27.8677350551399 85.5391645295827,27.8677297570607 85.5392012252113,27.86771796941 85.5392515660206,27.8677103850857 85.5393048604672,27.867709596686 85.5393292516349,27.8677071491845 85.5393566690192,27.8677060866641 85.5393841771148,27.8676982604422 85.5393980400141,27.8676862308938 85.5394015016415,27.8676551501368 85.5394031870993,27.8676429916063 85.5394006144342,27.867607788141 85.5394024631691,27.8675834549571 85.5394135175386,27.8675538075509 85.5394275255488,27.8675309560843 85.5394416061187,27.8675026936588 85.5394525879033,27.8674784572056 85.5394836300925,27.8674341392434 85.5395052670925,27.8674100156356 85.5395404948237,27.8673941535491 85.5395482145432,27.8673861177173 85.5395498636991,27.8673766646625 85.5395484866436,27.8673658266267 85.5395351135877,27.8673413322299 85.5395246941857,27.8673236337711 85.5395235166762,27.8672979156019 85.5395238250607,27.8672749190325 85.5395270689514,27.8672600711413 85.5395412401575,27.8672250450053 85.5395522763089,27.867196750323 85.5395633487336,27.8671657501607 85.5395575865582,27.8671413363687 85.5395471308904,27.8671263433905 85.5395152378373,27.8671205938943 85.5394847943973,27.8671202714698 85.5394634658488,27.8671213985081 85.539411748285,27.8671181448844 85.539378351213,27.8671110264954 85.5393509521211,27.8671107362866 85.5393143474283,27.8671157602901 85.5392746621024,27.867123457515 85.539241029172,27.8671339247032 85.539196777319,27.8671415735328 85.5391419972696,27.8671396402978 85.5390795519263,27.8671416846294 85.5390460097042,27.8671453880735 85.5389928425641,27.86713670721 85.5389532116539,27.867140346124 85.5389134355598,27.8671548069387 85.5388341374235,27.8671647901868 85.5387915166034,27.8671643385795 85.538765657827,27.867162711644 85.5387321700413,27.8671623567943 85.538723037009,27.8671622600156 85.5387169846211,27.8671594900184 85.5387033758249,27.8671525811542 85.5386958375671,27.8671470895482 85.5386807973551,27.8671334008573 85.5386643075787,27.8671142850788 85.538646241184,27.8670992113846 85.5386235719789,27.8670867947733 85.5385962273572,27.8670824461982 85.5385459594153,27.8670846193379 85.5385291610787,27.8670885001043 85.5385031389514,27.8670990477696 85.5384939151608,27.86710571467 85.5384861046221,27.8671205141348 85.5384736731071,27.8671393234178 85.5384537033425,27.8671526410807 85.5384262860976,27.8671537034265 85.5384018042714,27.867162914466 85.5383663404555,27.8671963618616 85.5383403182877,27.8672069094945 85.5383082437354,27.8672146871073 85.5382682859788,27.8672426751178 85.5382285642341,27.867253077514 85.5381980663045,27.8672568130199 85.5381443544726,27.8672887139865 85.5380986166385,27.8672936408448 85.5380683184362,27.8672824961979 85.5380302641044,27.8672820927649 85.5379797963149,27.8672991458171 85.5379369575387,27.8673149268048 85.537912511959,27.8673214322774 85.5378619714908,27.8673438962385 85.5378451186099,27.8673518351339 85.5378159612023,27.8673691140766 85.5377805516295,27.8673985030963 85.5377589687496,27.8674185682041 85.5377527892379,27.867425267333 85.5377313698113,27.8674331577916 85.5377034984208,27.8674680384469 85.5376879860533,27.8674895208454 85.5376663486476,27.8675136441518 85.5376506364652,27.8675500066656 85.5376259910129,27.8675713922045 85.5375755956896,27.8675830341479 85.5375253275137,27.8675852069056 85.5374778493682,27.8676063502657 85.5374502321799,27.8676222925314 85.5374259318379,27.8676179760093 85.5373879864021,27.8676094559665 85.5373680890923,27.8676173625109 85.5373540988155,27.8676388610131 85.537361455361,27.8676578800707 85.5373689390801,27.8676674299621 85.5373807713294,27.8676932611439 85.537395865946,27.8677028917583 85.5374063213613,27.8677178848893 85.5374123192429,27.8677247131578 85.5374211979831,27.8677437483573 85.5374083665405,27.8677923177689 85.5374111202301,27.8678139938662</coordinates></LinearRing></outerBoundaryIs></Polygon></MultiGeometry>
  </Placemark>
  <Placemark>
	<Style><LineStyle><color>ff0000ff</color></LineStyle><PolyStyle><fill>0</fill></PolyStyle></Style>
      <MultiGeometry><Polygon><outerBoundaryIs><LinearRing><coordinates>85.5388266070974,27.8685203474173 85.5388625589024,27.8685640221575 85.5388803896216,27.8685966814342 85.5388923493699,27.8686130433293 85.5389038009498,27.868667281908 85.5389279382565,27.8686837728288 85.5389640353408,27.868716625635 85.5390062212245,27.8687495429427 85.5390241971962,27.8687713802926 85.5390539877905,27.8688204014329 85.5390594958614,27.8688637535823 85.5390712378995,27.8688963483289 85.5391071899226,27.8689400230114 85.539149375935,27.8689729402792 85.5392038847226,27.8689951646287 85.5393558868044,27.8690130099605 85.539416339309,27.869046120635 85.5395013647439,27.8690632563743 85.5395685592004,27.8690477328678 85.5396659073781,27.8690541755651 85.5397506426449,27.8690929549787 85.5398172566741,27.8691207190046 85.5399022822418,27.869137854501 85.5399568638236,27.8691546676041 85.5400726236226,27.8691504815099 85.5401517055281,27.8691567304757 85.5402124484998,27.8691681969821 85.5403342245916,27.869169486084 85.5403950401171,27.8691755415528 85.5404074352965,27.8691594375772 85.5403955477814,27.8691376648457 85.5403835877471,27.8691213030715 85.5403593050634,27.8691156343107 85.5403305101763,27.869105858988 85.5403139472914,27.8690921543478 85.5403034188144,27.8690825723779 85.5402884144005,27.8690661783692 85.5402793537311,27.8690606707296 85.5402550529346,27.8690563546907 85.5402216008104,27.8690532947016 85.5402079372812,27.8690504441934 85.5401943825525,27.8690394772473 85.5401701361655,27.8690311029754 85.5401474301153,27.869021392075 85.5401186352738,27.8690116167096 85.5401020361618,27.8690006175241 85.5400839511239,27.8689868967421 85.540065811686,27.8689772341761 85.5400293333323,27.8689727891701 85.5400035466403,27.8689657514928 85.5399792821499,27.8689587299277 85.5399626467884,27.8689504362048 85.5399474792184,27.8689462168152 85.5399262228587,27.8689419329541 85.53991861187,27.8689418523665 85.5398880772305,27.8689482937081 85.5398652442636,27.8689480519376 85.5398455645177,27.8689397259646 85.5398319917027,27.8689301117239 85.5398184551659,27.8689177920034 85.5398017472714,27.8689149092187 85.5397804727863,27.8689119780748 85.5397576942438,27.8689076780691 85.5397471476962,27.8688994487983 85.5397319801427,27.8688952293855 85.5397091653277,27.8688936348504 85.5396938889404,27.8688975318685 85.5396695700686,27.8688945684676 85.5396254989197,27.8688886900156 85.5395952182495,27.8688761929447 85.5395694860348,27.8688650969708 85.5395469977709,27.8688391531056 85.5395350741808,27.868820085785 85.5395155577588,27.8687995851149 85.5395111000219,27.8687914203145 85.5395082189056,27.8687792134188 85.539505283365,27.8687710647403 85.5395023841082,27.8687602105836 85.5394918557363,27.8687506285552 85.5394858395247,27.8687451531101 85.5394723030506,27.8687328333577 85.5394602887739,27.8687205297266 85.5394513551728,27.8687055528616 85.5394483470691,27.8687028151383 85.539433342838,27.8686864210426 85.5394122679797,27.8686686097144 85.539407846541,27.868657739433 85.5393989310948,27.8686414098259 85.539376352201,27.8686222296305 85.539362852041,27.8686072043902 85.5393539547488,27.8685895220415 85.5393481744175,27.8685664609836 85.5393467973729,27.8685556229477 85.5393454021851,27.8685461376509 85.5393259221341,27.8685229314783 85.5393262124326,27.868501287654 85.5393127485815,27.8684835569313 85.5393038331629,27.8684672273188 85.5393072222774,27.8684415575256 85.5392968753924,27.8684184480936 85.5392879962691,27.8683994130021 85.539292816854,27.8683805230285 85.5392961696796,27.8683575587133 85.5392978733075,27.8683440474471 85.5392965507014,27.8683291511936 85.5392906796738,27.8683128538286 85.5392877804485,27.868301999668 85.5392833227476,27.8682938348611 85.5392712359625,27.8682869421715 85.5392514656611,27.8682853798143 85.5392347397367,27.8682838497039 85.539216455335,27.8682850089445 85.5391875700521,27.8682819970891 85.5391602432502,27.8682762958753 85.5391466161418,27.8682707397885 85.5391223337206,27.8682650708189 85.5390857649224,27.868267389268 85.5390598151438,27.8682725260723 85.539029244358,27.8682816727073 85.5389818206127,27.8682987583663 85.538957447455,27.8682998530619 85.5389376227131,27.8683023488763 85.5389100962863,27.8683115277402 85.5388734185758,27.8683219625648 85.5388627451081,27.8683232024018 85.5388258858924,27.868347164601 85.5388106640056,27.868347003307 85.5387788250961,27.8683371954132 85.5387545789838,27.8683288209015 85.5387362764217,27.8683313328166 85.5387164153683,27.8683365340761 85.5386980765016,27.8683417514634 85.5386933102707,27.8683565831965 85.5386962094373,27.8683674373674 85.53870980023,27.8683756989756 85.5387156711724,27.868391996362 85.5387442842045,27.8684152993971 85.5387700525246,27.8684236900412 85.5387806171008,27.8684305666441 85.5387866151086,27.8684373948569 85.5387896050376,27.8684414853326 85.5388029780456,27.8684659797966 85.5388266070974,27.8685203474173</coordinates></LinearRing></outerBoundaryIs></Polygon></MultiGeometry>
  </Placemark>
  <Placemark>
	<Style><LineStyle><color>ff0000ff</color></LineStyle><PolyStyle><fill>0</fill></PolyStyle></Style>
      <MultiGeometry><Polygon><outerBoundaryIs><LinearRing><coordinates>85.5418439311928,27.8626991618499 85.5418528103539,27.8627181967912 85.541861689518,27.8627372317321 85.5418764760598,27.8627698584602 85.5418761139076,27.8627969132938 85.5418907918162,27.8628376564707 85.5418962646192,27.8628837140579 85.5419110874039,27.8629136352994 85.5419350066741,27.8629463585761 85.5419498656909,27.8629735743305 85.5419617166961,27.8629980524164 85.5419736039196,27.863019825018 85.541988571594,27.8630389243186 85.5420126357628,27.8630608256495 85.5420335108597,27.863093516728 85.5420421366021,27.8631314900426 85.5420477543245,27.8631667256912 85.5420534444728,27.8631965503728 85.5420683759732,27.8632183551491 85.5420894321683,27.863237518803 85.5421102348998,27.8632756208381 85.5421158526494,27.8633108564844 85.5421186072104,27.8633325325326 85.5421210720921,27.8633758524482 85.5421238628651,27.8633948230128 85.5421386133568,27.8634301551996 85.5421445570076,27.8634410414938 85.5421805810236,27.8634793044197 85.5421892430504,27.8635145722427 85.5421889895904,27.8635335106269 85.5421912734577,27.8635903579584 85.5421907665365,27.8636282347263 85.5421935935347,27.8636444998061 85.5421960584473,27.8636878197198 85.5421985957784,27.8637257286666 85.5421889560953,27.8637635088955 85.5421883767514,27.8638067966291 85.5421821071954,27.8638202596864 85.5421635157758,27.8638444159563 85.542154057118,27.863868668765 85.5421476065031,27.8638956592366 85.5421471719805,27.8639281250356 85.5421558702352,27.8639606873762 85.5421736650657,27.8639960517402 85.5421823271233,27.8640313195625 85.5421820012374,27.8640556689117 85.5421878000859,27.8640773771375 85.5421997236722,27.8640964442393 85.542205522526,27.8641181524644 85.5422171926578,27.8641561579475 85.5422197662082,27.8641913614088 85.5422132431683,27.8642237628486 85.542194506844,27.8642587410517 85.5422001970755,27.8642885657264 85.5422089677884,27.8643157170973 85.5422206741483,27.8643510170968 85.5422384690579,27.8643863814537 85.5422412960775,27.8644026465318 85.5422559381039,27.8644460951572 85.5422557208538,27.8644623280562 85.5422432178818,27.8644865486887 85.5422185015957,27.8645133460847 85.5421962140031,27.8645861688678 85.5421929524656,27.8646023695857 85.5421802321994,27.864642823109 85.5421552985939,27.8646858533889 85.5421152522011,27.8647206063045 85.5421147814416,27.864755777582 85.5420959725609,27.8647961667301 85.5420711475253,27.8648310805429 85.5420614352544,27.8648742717172 85.5420641174015,27.8649013587283 85.5420669444046,27.8649176238083 85.5420912262659,27.8649232922395 85.542112427631,27.8649316339667 85.5421427618594,27.8649400722366 85.5421885710028,27.8649297330246 85.5422287260823,27.864886863642 85.542286965794,27.8648577147337 85.5423361088308,27.8648257637844 85.5423608975762,27.8647935554038 85.5423949277687,27.8647533270969 85.5424225797375,27.8647346782958 85.542456392666,27.8647106828716 85.5424872337057,27.8646812442978 85.5425336219399,27.8646276172309 85.5425675796142,27.8645927998429 85.5426075172206,27.8645661632387 85.5426352777031,27.8645393979406 85.542650788673,27.8645179149234 85.5426632553618,27.8644963997344 85.5426851082525,27.8644560426666 85.5427311705228,27.8644267648778 85.5427527338064,27.8644080516676 85.5427683533204,27.8643784521838 85.5427807837739,27.8643596424661 85.5428146688959,27.8643302359776 85.5428241636478,27.8643032776372 85.542830541738,27.8642816980979 85.5428584106712,27.864246816297 85.5428738491686,27.8642307442186 85.5429108870669,27.8641932534162 85.542920237016,27.8641771170036 85.5429206894083,27.8641432984526 85.5429209608434,27.8641230073218 85.5429182423009,27.8640986258011 85.5429277912911,27.8640676092248 85.5429448604552,27.864043436766 85.5429527063496,27.8640259315266 85.5429606065265,27.8640043680603 85.5429639041186,27.8639854618336 85.5429535749173,27.8639609999061 85.5429431914348,27.8639405962041 85.5429451297546,27.8639094992173 85.5429452202305,27.8639027355068 85.5429456002293,27.8638743279224 85.5429581753512,27.8638446962471 85.5429828008287,27.863824662414 85.5429967714008,27.8638045160104 85.543009527443,27.8637613569075 85.543041872091,27.8637332870127 85.5430527802927,27.8637144611839 85.5430669136788,27.8636821400918 85.5431068689183,27.86365415058 85.5431344662059,27.8636395598448 85.5431592001582,27.863611409523 85.5431610841292,27.863584370756 85.5431723541367,27.8635384900697 85.5431818306308,27.863512884438 85.5431838774205,27.8634736709891 85.5431825181241,27.8634614802294 85.5431812311957,27.8634438785004 85.5431814302067,27.8634289983346 85.5431879529017,27.8633965968327 85.5431911056971,27.8633885125356 85.543196124356,27.863354742212 85.5431948736092,27.8633344349981 85.5431967394717,27.8633087489714 85.5431879143034,27.8632856558803 85.5431944731691,27.8632505488922 85.5431932947891,27.8632248307085 85.5431860279306,27.8631990482108 85.5431897053762,27.8631517343838 85.5431976958924,27.8631234071851 85.543194904936,27.8631044366346 85.5431815857948,27.8630758843385 85.5431895943982,27.8630462043973 85.5432097075692,27.8630220640506 85.5432190935484,27.8630032221247 85.5432299835499,27.8629857490184 85.5432362891074,27.8629695804202 85.5432335524195,27.8629465516426 85.5432339142369,27.8629194967932 85.5432280609555,27.8629018468298 85.5432240011555,27.8628639218068 85.5432350901399,27.8628315685318 85.5432322449095,27.8628166562089 85.5432309941572,27.8627963489937 85.5432436052454,27.8627640117951 85.5432437499703,27.862753189855 85.5432378786043,27.8627368926343 85.5432381680548,27.8627152487541 85.5432475540001,27.8626964068243 85.5432631550241,27.8626681600054 85.543260309793,27.8626532476828 85.5432620308985,27.8626383835921 85.5432624650651,27.8626059177709 85.5432552163146,27.8625787825331 85.5432433831448,27.8625529518051 85.5432330178191,27.8625311953814 85.5432149514929,27.862516122281 85.5432030097935,27.8624984080052 85.5432017228656,27.8624808062742 85.5431943655912,27.8624617874889 85.5431855223924,27.8624400471401 85.5431783279438,27.8624088536711 85.5431817520743,27.8623804782339 85.5431850676565,27.8623602192517 85.5431792686822,27.8623385110586 85.5431748470883,27.8623276408838 85.543164499887,27.8623045317131 85.5431724722459,27.8622775572528 85.543181930525,27.8622533043551 85.5431730873435,27.8622315640055 85.5431658929094,27.8622003705357 85.5431662004588,27.8621773739119 85.5431588432087,27.8621583551248 85.5431636989824,27.8621367594781 85.5431747879,27.8621044062025 85.5431796798495,27.8620801050696 85.54317989694,27.8620638721583 85.5431542563602,27.8620460131771 85.54314689912,27.8620269943895 85.5431427489099,27.8619958330749 85.5431413715374,27.8619849950557 85.5431324741093,27.8619673129317 85.5431158576233,27.86195766687 85.5431113274997,27.861954913149 85.5430992592322,27.8619466680638 85.5430918658239,27.8619303547588 85.5430860126113,27.8619127047898 85.5430847618887,27.8618923975721 85.5430789629549,27.861870689375 85.5430745413879,27.8618598191974 85.5430794514379,27.8618341653251 85.5430933674443,27.8618180771235 85.5430920624452,27.8618018281334 85.5430893438972,27.8617774466089 85.5430820228681,27.861755722333 85.5430700631763,27.8617393607903 85.5430612200543,27.8617176204345 85.5430539894951,27.8616891324443 85.5430421021836,27.861667359929 85.5430363394529,27.861642946245 85.5430245787968,27.8616117045303 85.5430096111195,27.8615926053389 85.5430084327824,27.8615668871499 85.5430057142566,27.8615425056238 85.5430121102157,27.8615195733176 85.5430198835284,27.8615074790314 85.5430245402782,27.8615007635564 85.5430323859571,27.8614832582987 85.5430434929294,27.8614495522871 85.5430468085005,27.8614292933055 85.5430364252188,27.8614088896118 85.5430352468752,27.8613831714222 85.5430324559773,27.8613642008666 85.543026494247,27.8613546673511 85.5429993317615,27.8613367922674 85.5429921555171,27.8613042460461 85.5429893103501,27.8612893337177 85.5429773145349,27.8612756776537 85.5429683629076,27.8612620537485 85.5429639232806,27.8612525363104 85.5429642489533,27.8612281869428 85.542958341515,27.8612145951968 85.542961783743,27.8611848670184 85.5429651535974,27.8611605498103 85.5429653707115,27.8611443168984 85.5429595356487,27.8611253141817 85.54295359203,27.8611144279209 85.5429600422492,27.8610874373871 85.5429481188308,27.8610683703505 85.5429422475883,27.8610520731185 85.5429426818212,27.8610196072945 85.5429366658372,27.8610141320037 85.5429186178887,27.8609977061297 85.5429128552143,27.8609732924407 85.5429131085211,27.8609543540434 85.5429226752872,27.8609219847006 85.5429351776637,27.8608977639731 85.5429355395238,27.8608707091192 85.5429387646274,27.8608572138522 85.5429513031777,27.8608302876372 85.5429576086358,27.8608141190437 85.5429578619332,27.8607951806455 85.5429550710589,27.8607762100879 85.5429644930541,27.8607546626823 85.5429707985054,27.8607384940878 85.5429771401394,27.8607196200073 85.5429772125088,27.8607142090364 85.542977429617,27.8606979761233 85.5429807994476,27.8606736589125 85.5429933017802,27.8606494381773 85.5430056593714,27.8606360393829 85.5430272941947,27.8606119151184 85.5430427321269,27.8605958429924 85.5430491822873,27.8605688524505 85.5430493632008,27.8605553250223 85.5430587127916,27.8605391885795 85.543065018215,27.8605230199791 85.5430653076728,27.8605013760936 85.5430776652379,27.8604879772915 85.5430899866183,27.860477283974 85.5431115490283,27.8604585706653 85.5431148102765,27.8604423699063 85.543108939038,27.8604260726804 85.5430908549743,27.8604123523161 85.5430819757615,27.8603933174472 85.5430792572357,27.8603689359191 85.5430673700504,27.8603471634073 85.5430708845736,27.8603120242488 85.5430802341386,27.8602958878031 85.5431017603319,27.86027987998 85.5431171982041,27.8602638078427 85.5431294833741,27.860255820006 85.5431418047224,27.8602451266822 85.5431510095522,27.8602398121745 85.543166375053,27.860229151003 85.5431817767296,27.8602157843436 85.5431911986269,27.8601942369173 85.5432101147659,27.86014573109 85.5432043882395,27.8601186119234 85.5431927181242,27.8600806065057 85.5431873533896,27.8600264324782 85.5431695949891,27.8599883627515 85.5431459653794,27.8599339957979 85.5431588655518,27.8598800146941 85.5431532837652,27.8598420735812 85.5431477019819,27.859804132468 85.5431357424801,27.8597877709343 85.5431237829819,27.8597714093997 85.543118490649,27.859711824397 85.5431129088823,27.8596738832824 85.5431010217593,27.859652110774 85.543077102805,27.8596193876987 85.5430652156948,27.8595976151875 85.5430228872092,27.8595755211117 85.542949972634,27.8595639273875 85.5429256195338,27.8595636701188 85.5428764791087,27.8595956213986 85.5428335716798,27.8596168150386 85.5428031302915,27.8596164934259 85.5427539174305,27.8596538556307 85.542704776916,27.8596858068454 85.5426255568779,27.8596903815336 85.5425645292926,27.8597005601497 85.5425461196721,27.8597111890882 85.5425033569172,27.8597215606796 85.5424424016985,27.85972632827 85.5423691251166,27.8597417890892 85.542259174007,27.8597676857284 85.542234531255,27.8597890722159 85.5422221374712,27.8598051764277 85.5422095264691,27.8598375135478 85.5421910443867,27.8598535534063 85.5421540077977,27.8598910440849 85.542141469173,27.8599179702276 85.542135018836,27.8599449607224 85.542110086378,27.8599879910627 85.5420974029083,27.8600257391391 85.5420968236195,27.8600690268943 85.5420839953106,27.8601175969072 85.5420714566402,27.860144523041 85.5420588455499,27.8601768601426 85.5420334785159,27.8602523562792 85.5420330440262,27.8602848220937 85.5420141997596,27.8603279167687 85.5420012989614,27.8603818977384 85.5419763663433,27.8604249280461 85.5419817304833,27.8604791020955 85.5419868773732,27.8605495090507 85.5419863704459,27.8605873858319 85.5419428830929,27.8606518669191 85.541930271899,27.860684204003 85.5419115723605,27.8607164767205 85.5418866396248,27.8607595070056 85.5418801891654,27.860786497481 85.5418675055108,27.8608242455254 85.5418610550421,27.8608512359993 85.5418360498267,27.8608996772407 85.5418415587618,27.8609430293541 85.5418472125532,27.8609755595309 85.5418403999347,27.8610296048429 85.5418275713789,27.8610781748167 85.541802493663,27.8611320270158 85.5417832145629,27.8612075874516 85.5417828524115,27.8612346422903 85.541776329462,27.8612670437246 85.5417756051534,27.8613211534012 85.5417749532739,27.8613698521097 85.5417684303121,27.8614022535426 85.5417432800521,27.861461516692 85.5417488614006,27.8614994578379 85.5417479922051,27.8615643894467 85.5417103753783,27.8616451677073 85.5417034901986,27.8617046239704 85.5416844282207,27.8617639514787 85.5416839935992,27.861796417281 85.5417013895543,27.8618615420161 85.5417068984658,27.8619048941288 85.5417127695607,27.8619211914061 85.5417419077555,27.8620189106906 85.5417412558418,27.8620676093935 85.541722121375,27.8621323478692 85.5417217591943,27.8621594027035 85.5417274129954,27.8621919328808 85.5417330667993,27.8622244630578 85.5417509698858,27.8622517110187 85.5417564788294,27.8622950631285 85.5417561166547,27.8623221179626 85.5417433603174,27.8623652769458 85.5417489416971,27.8624032180886 85.5417546679508,27.8624303372977 85.5417780800329,27.862500937365 85.5417959107395,27.8625335962879 85.5417953312696,27.8625768840216 85.5418253388771,27.8626096716886 85.54184882347,27.8626748607785 85.5418439311928,27.8626991618499</coordinates></LinearRing></outerBoundaryIs></Polygon></MultiGeometry>
  </Placemark>
  <Placemark>
	<Style><LineStyle><color>ff0000ff</color></LineStyle><PolyStyle><fill>0</fill></PolyStyle></Style>
      <MultiGeometry><Polygon><outerBoundaryIs><LinearRing><coordinates>85.5444188969882,27.856607377663 85.5444340811307,27.8566102437649 85.5444644132768,27.8566186814527 85.5444733647422,27.8566323052623 85.5444882959029,27.8566541097809 85.5445034439135,27.8566596813644 85.5445276879617,27.8566680547968 85.5445608473555,27.8566927575186 85.5445729151767,27.856701002464 85.5446151706345,27.8567285070206 85.5446331458979,27.8567503436433 85.5446449607701,27.8567775270062 85.5446659801099,27.856799395743 85.5447020752307,27.8568322470178 85.5447230223214,27.8568595267248 85.5447502382272,27.8568733432148 85.5447744462089,27.8568844220953 85.5447894858654,27.8568981101165 85.5448226453891,27.8569228127794 85.5448314162589,27.8569499640139 85.5448433395987,27.8569690308941 85.5448766798154,27.8569802060988 85.5449130641077,27.856991413408 85.5449279231433,27.8570186288617 85.5449364411327,27.8570647185155 85.5449636209877,27.8570812404553 85.5449908008511,27.8570977623901 85.5450209164092,27.8571224328979 85.5450326952874,27.8571523217207 85.5450475905014,27.8571768316735 85.5450565782117,27.8571877499593 85.5450807862956,27.8571988287893 85.5450958621605,27.8572098112902 85.5451111186603,27.8572072663423 85.5451295637379,27.8571939315425 85.5451419206631,27.8571805325254 85.5451481533127,27.8571697747821 85.5451666706292,27.8571510289978 85.5451942840332,27.8571350850193 85.5452067854392,27.8571108640372 85.5452161343971,27.857094727417 85.5452285274235,27.8570786229014 85.545241028815,27.8570544019156 85.545262626288,27.8570329827321 85.5452749109341,27.8570249946808 85.5452995163424,27.8570063130851 85.5453331817076,27.8569931387734 85.5453759070321,27.8569854717394 85.5454004762958,27.8569694956144 85.545412760925,27.8569615075502 85.5454680959101,27.8569215030115 85.5454742201614,27.8569188617213 85.5455049136455,27.8569002442858 85.5455172704911,27.8568868452315 85.5455266193833,27.8568707085872 85.5455390484533,27.8568518985504 85.5455667339573,27.8568305435114 85.5455943111092,27.8568173049369 85.5456035516432,27.8568092847573 85.5456189886432,27.8567932122993 85.5456557701943,27.8567746590205 85.545668127007,27.8567612599512 85.5456928406232,27.8567344618087 85.5457052335376,27.8567183572452 85.5457298749142,27.856696970076 85.5457422678187,27.8566808655088 85.5457791937475,27.8566514902327 85.5457885425799,27.8566353535679 85.5458162279803,27.8566139984742 85.5458376808234,27.856603401154 85.5458438411555,27.8565980543556 85.5458623943616,27.8565766029776 85.5458779396093,27.8565524140156 85.545908596817,27.8565365019735 85.5459147932472,27.856528449681 85.5459241059433,27.8565150184962 85.5459487111265,27.8564963367747 85.5459609956628,27.8564883486575 85.5460097727608,27.8564834510853 85.5460282176073,27.8564701161551 85.5460374941822,27.8564593904528 85.546049850912,27.8564459913455 85.546065251693,27.8564326243232 85.5460777167198,27.8564111087404 85.5460869932847,27.8564003830342 85.5461025023562,27.8563788995344 85.5461086626626,27.8563735527231 85.5461302598302,27.8563521333901 85.5461366006317,27.8563332591223 85.5461460215814,27.8563117114474 85.5461614223314,27.856298344413 85.5461737429285,27.8562876507842 85.5461830555716,27.8562742195795 85.54619544836,27.8562581149662 85.5462047249,27.8562473892509 85.5462231696825,27.8562340542919 85.5462416144606,27.8562207193301 85.5462418671382,27.8562017808917 85.5462434974524,27.8561936804591 85.5462466678386,27.8561842433219 85.5462575205352,27.8561694754067 85.5462668331574,27.8561560441954 85.5462883761065,27.8561386830711 85.5462945544378,27.8561319835048 85.54630542517,27.8561158628396 85.5463116756888,27.8561037522897 85.546313305996,27.856095651856 85.5463134864702,27.8560821243993 85.5463182149636,27.8560699978088 85.5463213853393,27.8560605606693 85.5463231239287,27.8560443437612 85.5463232322122,27.8560362272871 85.546326546964,27.8560159681819 85.5463312393585,27.8560065470821 85.5463405880509,27.8559904103732 85.5463468566048,27.8559769470754 85.546354629131,27.8559648525627 85.5463562955262,27.8559540466366 85.5463595019882,27.8559419040044 85.5463688326239,27.8559271200388 85.5463750289843,27.8559190677223 85.5463829097815,27.8558988567332 85.5463860620996,27.8558907723373 85.5464014808055,27.8558760525262 85.5464092533181,27.8558639580097 85.5464124417251,27.8558531681216 85.5464217362539,27.8558410896432 85.5464279506511,27.8558316845781 85.546443315206,27.8558210229991 85.5464571577392,27.8558103453797 85.5464649663314,27.8557955453679 85.5464758009129,27.8557821301779 85.546489607348,27.8557741580466 85.5464988477267,27.8557661377999 85.5465081061488,27.8557567648066 85.5465127263369,27.8557527546826 85.5465387991303,27.8557381471189 85.546554235838,27.8557220745429 85.5465604502167,27.855712669471 85.5465666826383,27.8557019116528 85.5465713930415,27.8556911377972 85.5465807416699,27.8556750010689 85.5465899820334,27.8556669808154 85.546599204352,27.8556603133072 85.5466054187232,27.8556509082329 85.5466100930334,27.8556428398674 85.5466147673429,27.8556347715019 85.5466241340029,27.8556172820242 85.5466273043373,27.8556078448756 85.5466337352197,27.8555822068482 85.546643047743,27.8555687756067 85.5466476859609,27.8555634127317 85.5466570165236,27.8555486287431 85.5466663109985,27.8555365502457 85.5466725073139,27.8555284979137 85.5466772537834,27.8555150185616 85.5466819100397,27.8555083029392 85.546686548253,27.8555029400626 85.546692816734,27.8554894767455 85.5467007154804,27.8554679129875 85.5466992836771,27.8554611332218 85.5466994280142,27.8554503112536 85.5467056604062,27.8554395534276 85.5467227273101,27.8554153803888 85.5467335979041,27.8553992596832 85.5467368223468,27.855385764293 85.5467339948207,27.8553694992699 85.5467281232704,27.8553532021762 85.5467238459009,27.8553315101334 85.5467285923544,27.8553180307785 85.5467333748899,27.8553018459312 85.5467381935069,27.8552829555915 85.5467459659375,27.855270861052 85.5467598264113,27.8552588306516 85.5467859170934,27.8552428702882 85.5468043796731,27.8552281824942 85.5468090719899,27.8552187613742 85.5468138364679,27.8552039292695 85.5468170608938,27.8551904338764 85.5468171150153,27.855186375638 85.5468128376329,27.855164683597 85.5468069660802,27.8551483865062 85.5468041024668,27.8551348269761 85.546808993225,27.8551105256481 85.5468031216753,27.8550942285572 85.5467927021419,27.8550765306168 85.5467853266286,27.8550588647446 85.5467932794436,27.8550332427397 85.5467994396383,27.8550278958923 85.546813245953,27.8550199237232 85.5468377424008,27.8550093582977 85.546847163087,27.8549878105613 85.5468564935702,27.8549730265551 85.5468582320552,27.8549568096341 85.5468629243545,27.8549473885113 85.5468631227915,27.8549325083029 85.546861781182,27.854918964807 85.5468727779798,27.854893374863 85.5468941582239,27.8548881883441 85.5469033263392,27.8548855790503 85.546921788841,27.854870891237 85.5469295612202,27.8548587966846 85.5469374237912,27.8548399384002 85.5469482582156,27.8548265231655 85.5469575165167,27.8548171501364 85.5469623350698,27.8547982597853 85.5469672257742,27.8547739584486 85.5469674783103,27.8547550200001 85.5469740353207,27.8547199127245 85.5469757196679,27.8547077540397 85.5469881843051,27.8546862383551 85.5469944526976,27.8546727750195 85.5469932193007,27.8546511150458 85.5469994876904,27.8546376517099 85.5470118440885,27.8546242525006 85.5470211204039,27.8546135267197 85.5470289468648,27.854597373921 85.5470291993883,27.8545784354714 85.5470324057282,27.8545662928169 85.5470418082968,27.8545460978093 85.5470496888607,27.8545258867697 85.5470515355289,27.8545015533654 85.5470533280851,27.8544812782002 85.5470657566056,27.8544624679992 85.5470720249744,27.8544490046588 85.5470769336718,27.8544233505691 85.5470771140385,27.8544098231046 85.5470759708089,27.854381399398 85.547079303393,27.8543597875163 85.5470827441948,27.8543300591556 85.5470845547773,27.8543084312427 85.5470939392755,27.8542895889762 85.5471017837365,27.8542720834248 85.5471095560503,27.8542599888588 85.5471173463983,27.8542465415458 85.5471296846999,27.8542344950696 85.5471389970405,27.8542210637854 85.5471392134694,27.854204830827 85.5471379620088,27.8541845235988 85.5471350262305,27.8541763750593 85.547138521116,27.854142588456 85.547128137682,27.8541221850468 85.5471253281568,27.8541045672814 85.5471254363717,27.8540964508021 85.5471256888731,27.8540775123504 85.5471275535478,27.854051826196 85.5471203403633,27.8540219856208 85.5471129828951,27.8540029670177 85.5471147393555,27.8539853973427 85.5471089940635,27.8539596310368 85.5471031946661,27.8539379229704 85.5471003310401,27.8539243634439 85.5470914515887,27.8539053288094 85.5470826262489,27.8538822359347 85.5470767547151,27.8538659388536 85.5470786013591,27.853841605446 85.5470698301354,27.8538144543308 85.5470715505257,27.8537995901491 85.5470705696226,27.8537589917212 85.5470738661104,27.8537400853302 85.5470832325207,27.8537225958078 85.5470895008405,27.8537091324635 85.5470942471691,27.8536956530886 85.5470974534711,27.8536835104297 85.5471021997974,27.8536700310544 85.5471100622433,27.8536511727526 85.5471195909595,27.8536215085072 85.5471167273379,27.8536079489808 85.5471140080016,27.8535835674811 85.5471082627265,27.8535578011746 85.5471056155354,27.8535280086882 85.5471012479661,27.8535130803846 85.5470922964015,27.8534994567369 85.54708644292,27.8534818069094 85.5470881633005,27.8534669427265 85.547083759664,27.8534547199158 85.5470779061859,27.8534370700879 85.5470844810971,27.8534006100496 85.5470816896277,27.8533816395358 85.5470729905784,27.8533490774338 85.5470702171479,27.853328754173 85.5470645440376,27.853297576878 85.5470678585445,27.8532773177387 85.5470604830938,27.8532596518798 85.5470606273817,27.8532488299064 85.5470623477605,27.8532339657234 85.5470550624934,27.8532095361308 85.5470505867253,27.8532027243057 85.54704614703,27.8531932069873 85.5470433194987,27.8531769419659 85.5470405460766,27.8531566187044 85.547034746728,27.8531349106348 85.547025867346,27.8531158759968 85.5470353599586,27.8530889172475 85.5470341085203,27.8530686100164 85.5470299033021,27.8530415069905 85.5470362437296,27.8530226326593 85.5470503563777,27.8529916637598 85.5470552108905,27.8529700679035 85.5470601375443,27.8529430610599 85.5470587598514,27.8529322230557 85.5470543021295,27.8529240584842 85.54704853886,27.8528996449214 85.5470470709892,27.8528955706508 85.5470487733261,27.8528820592138 85.5470489176129,27.8528712372399 85.5470460720513,27.8528563249649 85.5470372467956,27.8528332320874 85.5470358691058,27.852822394083 85.5470391294916,27.852806193183 85.5470394361019,27.8527831964883 85.5470427325574,27.8527642900946 85.5470428948799,27.8527521153737 85.5470415171902,27.8527412773692 85.5470433097035,27.8527210021981 85.5470449579299,27.8527115490011 85.5470450661445,27.8527034325205 85.5470483084888,27.8526885843666 85.5470484527745,27.8526777623924 85.5470500829639,27.852669661942 85.5470487413455,27.8526561184439 85.5470414020066,27.8526357470905 85.547044644349,27.8526208989365 85.5470479949042,27.8525979343016 85.5470467795361,27.8525749215758 85.5470453297048,27.8525694945583 85.5470379543001,27.8525518286984 85.5470168450655,27.8525367240571 85.5469517789833,27.8525076270447 85.5468910624045,27.8524948110595 85.5468301474202,27.8524968752616 85.5467965197114,27.8525073445132 85.5467781117261,27.8525179740892 85.5467430161514,27.8525243690542 85.5467200241991,27.8525363032678 85.5467062001617,27.8525456281887 85.5466816681875,27.8525588991081 85.5466343607252,27.8525678712629 85.5466144848639,27.8525744265416 85.5466005886482,27.8525891624374 85.5465910959789,27.8526161211563 85.5465890508051,27.8526553347698 85.5465841781761,27.8526782833542 85.5465608614227,27.8527145669759 85.5465498287134,27.8527428624014 85.5465415693197,27.8527914810944 85.5465487642369,27.8528226744425 85.5465402883292,27.8528875260919 85.5465320650018,27.8529334392899 85.5465270660491,27.8529658570954 85.5465704095998,27.8530258429813 85.5465881681916,27.8530639123094 85.5466120147194,27.8531020457769 85.5466117260562,27.8531236897198 85.5466048443023,27.8531831464207 85.5466162263349,27.8532427955462 85.5466277527097,27.8532916226994 85.5466394234239,27.8533296278805 85.5466381244492,27.853427025621 85.5466192111245,27.8534755320664 85.5466004421173,27.8535132165374 85.5465876888773,27.8535563761341 85.5465502229678,27.8536263340764 85.5464581097472,27.8536848927023 85.5464213654795,27.8537007407555 85.5463784610645,27.8537219356303 85.5462860589376,27.8538021380717 85.5462493146067,27.8538179860764 85.546212353702,27.8538500670234 85.5461510409099,27.8538818913082 85.5461080641801,27.8539084970775 85.5460650874297,27.8539351028326 85.5460218218678,27.8539833525079 85.5459970367873,27.85401556173 85.5459661637167,27.8540477067751 85.5458499867478,27.8540843643431 85.545825490425,27.8540949295988 85.5457762811346,27.8541322930453 85.5457453357545,27.8541698490195 85.5457265663196,27.854207533352 85.5456709078789,27.854271887487 85.5456338022149,27.8543147902295 85.545602712293,27.8543631681317 85.5455959021002,27.8544172137658 85.5456010512346,27.8544876207238 85.5455698168018,27.8545468205792 85.5455451036785,27.8545736187255 85.5455509750131,27.854589915863 85.5455322054328,27.8546276001615 85.5455009709196,27.8546867999972 85.5454575603456,27.854745871433 85.545426542445,27.8547888383033 85.545377188235,27.8548370235495 85.5453158746475,27.8548688474282 85.5451936808178,27.8549000292141 85.5451198298726,27.8549587794895 85.5450643874254,27.8550069004032 85.5450031459067,27.8550333131546 85.5449419766139,27.8550543148975 85.5448501503733,27.8550912284391 85.5447949245284,27.8551231162971 85.5447461480085,27.8551280134615 85.5447033149839,27.8551437967977 85.5446417119573,27.8551972642789 85.5446109104213,27.8552239980081 85.544567571424,27.8552776581537 85.5445243769358,27.8553204963258 85.5444994465472,27.855363527202 85.5444686449289,27.8553902608958 85.5444313938425,27.8554439852329 85.5443817497636,27.8555138140045 85.5443508035025,27.8555513696255 85.5442709358978,27.8556046441821 85.5442459330499,27.8556530859826 85.5442327448454,27.8557287111714 85.5442017984698,27.8557662667535 85.5441710689581,27.8557875893944 85.5441035941281,27.8558247594189 85.5440847153738,27.855870559953 85.5440538412075,27.8559027045202 85.5440198506822,27.8559402279262 85.5439923458857,27.8559480552114 85.5439615078231,27.8559774942672 85.5439001931944,27.8560093174714 85.5438149600892,27.8560084177046 85.5437662193015,27.8560106090168 85.5436749704423,27.8560042339138 85.5436173145086,27.8559900958286 85.5435717262554,27.8559842027477 85.5435350169767,27.8559973444933 85.5434464866951,27.8560153507731 85.543422025883,27.8560232100858 85.5434125682643,27.8560474630438 85.5434246720912,27.8560530025966 85.5435007007664,27.8560592171547 85.5435737577372,27.8560599885543 85.5436132217788,27.8560685228439 85.5436493886593,27.8560959634002 85.5436734517093,27.8561178644169 85.543758395628,27.8561404081804 85.5438283001487,27.8561492637753 85.5438797596436,27.8561714539731 85.5439220870259,27.8561935477528 85.5439433591852,27.8561964781727 85.5440041677781,27.856202531793 85.5440557357898,27.8562166054617 85.5440889310889,27.8562386028006 85.5441373104868,27.8562634662645 85.5441980829842,27.8562722252898 85.5442281619883,27.8562996014469 85.5442492895931,27.8563133537757 85.5442671924242,27.8563406014195 85.5442941912691,27.8563706509262 85.5443212262734,27.8563979949392 85.5443331133214,27.8564197673481 85.544338767692,27.8564522974628 85.5443473576862,27.8564929761679 85.544359064029,27.856528276019 85.5443708426665,27.8565581648915 85.5443798302588,27.8565690832179 85.5443948336787,27.856585476768 85.544409873246,27.8565991648279 85.5444188969882,27.856607377663</coordinates></LinearRing></outerBoundaryIs></Polygon></MultiGeometry>
  </Placemark>
  <Placemark>
	<Style><LineStyle><color>ff0000ff</color></LineStyle><PolyStyle><fill>0</fill></PolyStyle></Style>
      <MultiGeometry><Polygon><outerBoundaryIs><LinearRing><coordinates>85.5475542080445,27.9104298877588 85.5475700075008,27.9104442600624 85.5475752830238,27.9104483744621 85.5475820813308,27.9104525049164 85.5475942364907,27.9104546624584 85.5476132893596,27.9104535104053 85.5476331126564,27.9104516900089 85.5476705744685,27.9104405850795 85.547691965725,27.9104353988888 85.5477179614727,27.910427555383 85.5477378389769,27.9104216767637 85.547777648191,27.9104058613084 85.5477930115504,27.9103958763151 85.5478090730528,27.9103906339217 85.5478135974444,27.9103895888627 85.547834280286,27.9103848114709 85.547843135471,27.910381723998 85.5478587622643,27.9103762755177 85.5478695301603,27.9103682714639 85.5478787843068,27.9103595749897 85.5478808939188,27.9103572415427 85.5479011989307,27.9103347821195 85.5479165713034,27.9103241207434 85.5479173351588,27.9103237412139 85.5479472347321,27.9103088852978 85.5479617824672,27.9103029504671 85.5479903054402,27.9102936406616 85.5479939054282,27.9102924656372 85.5480137919281,27.9102859106084 85.5480388816904,27.9102888809033 85.548051798234,27.9102910464294 85.5480543593178,27.9102914880281 85.5480685126992,27.910293928446 85.5480919170841,27.9103090573067 85.5480963679974,27.9103178982387 85.5481015712694,27.9103274235632 85.5481112254578,27.9103457898191 85.5481163293674,27.9103627551916 85.5481183786794,27.9103803648343 85.5481243162482,27.9103919272866 85.5481317766015,27.9104035057874 85.5481423367217,27.9104110581769 85.5481635111637,27.9104221047453 85.5482015446241,27.9104252114227 85.5482180700962,27.9104161123921 85.5482184217006,27.9104159187965 85.5482368125253,27.9104073185839 85.5482635425266,27.9104015121015 85.5482863842777,27.9104017528091 85.5483008507203,27.9104019052553 85.5483289951184,27.9104042312241 85.5483433531803,27.9104125000832 85.548364764822,27.9104171903648 85.5483806162214,27.9104162750562 85.5483943935263,27.9104110085246 85.5484128475568,27.910397673711 85.5484297046066,27.9103875672627 85.5484328063036,27.9103857076764 85.5484603699308,27.9103744982326 85.5484810449053,27.910365922054 85.54850037779,27.910354940783 85.54850559908,27.9103519750383 85.5485285491905,27.9103440992873 85.5485475117314,27.9103497107857 85.5485596127207,27.9103559264519 85.5485613184118,27.9103566300267 85.5485747592776,27.9103621742048 85.5485914737704,27.9103650561588 85.5486181224751,27.9103653369202 85.5486433025764,27.9103615434241 85.5486662797693,27.9103516385451 85.5486673913574,27.9103513427711 85.5486785071814,27.9103483850461 85.5486789029716,27.9103483140548 85.5486998803199,27.9103445514327 85.5487100140719,27.910340643526 85.5487220780543,27.9103359912593 85.5487420277283,27.9103247015463 85.5487535208317,27.9103194109147 85.5487795074552,27.9103122435727 85.5488052217881,27.9103056321734 85.5488123646539,27.9103037956747 85.5488345635232,27.91029179349 85.5488369097458,27.910290524966 85.5488468710306,27.9102858946536 85.5488689604008,27.910285450875 85.5488796362477,27.9102866186137 85.5488826473838,27.9102869479758 85.548897812008,27.910291842957 85.5489091967624,27.9102946687314 85.5489328901695,27.9102881536681 85.5489527405067,27.9102843039747 85.5489809210059,27.9102839243365 85.5490128994333,27.9102842611583 85.5490251448838,27.9102796548911 85.5490533976008,27.9102738642913 85.5490853760261,27.9102742010961 85.5491097766489,27.910271752231 85.5491242340526,27.9102725809584 85.5491447735586,27.9102741502028 85.5491668900073,27.9102716772712 85.5491875558847,27.9102637773519 85.5492150833046,27.9102552732264 85.5492426016942,27.9102474454636 85.549265434397,27.9102483623761 85.5492913216901,27.9102486349881 85.5493065765868,27.9102467662406 85.5493264539826,27.9102408873873 85.5493432226342,27.9102397110396 85.5493691460275,27.9102372781632 85.5493768443814,27.9102337608121 85.5493821709005,27.9102313271441 85.549392884524,27.9102273811769 85.5494218805521,27.9102229512544 85.5494371805682,27.9102177006499 85.5494402712558,27.9102143508761 85.5494495523425,27.9102036251855 85.5494543984012,27.9101988962427 85.5494565492553,27.9101928754432 85.5494658032643,27.9101841788567 85.5494742868567,27.9101761506212 85.5494888254733,27.9101708919937 85.549512428579,27.910171140513 85.5495352341974,27.9101740864858 85.5495572603783,27.9101783771753 85.5495839722164,27.9101739231687 85.5496099768049,27.9101654029295 85.5496480192597,27.9101678328372 85.5496761094991,27.9101742167408 85.5497057676394,27.9101772348274 85.5497301772546,27.9101741094824 85.5497546049145,27.9101696313958 85.5497720898295,27.9101718448535 85.5497864479785,27.9101801135654 85.5498046401511,27.9101863932456 85.5498129974039,27.9101878341483 85.5498280932348,27.9101989555608 85.5498288332276,27.9101995007289 85.5498326311615,27.9102002171724 85.5498428381019,27.9102021426127 85.5498516208183,27.910203799387 85.5498729487845,27.9102033474318 85.5498828197993,27.9102054807284 85.549909486524,27.9102044085013 85.5499270346017,27.9102018873594 85.5499452528515,27.9101969191224 85.5499507550008,27.9101933430118 85.5499528479838,27.9101928814429 85.5499546933147,27.9101924744891 85.5499683211191,27.9101894691273 85.549992961336,27.9101929534812 85.5499941632991,27.9101931234499 85.5500055751401,27.9101939200285 85.5500164779273,27.9101921020313 85.550020839042,27.9101913748325 85.5500444872632,27.9101882414177 85.5500672568199,27.9101938927776 85.5500908328741,27.910196170304 85.5501076285772,27.9101929647566 85.5501198469136,27.9101903874959 85.5501404225077,27.9101892511171 85.5501557224881,27.9101840004312 85.550170279117,27.9101773889932 85.550175683353,27.9101752175181 85.5501817631204,27.9101727746077 85.5502145570432,27.9101690609502 85.5502179241725,27.9101678207679 85.5502252706333,27.9101651149169 85.5502367726732,27.9101591477893 85.5502498335723,27.910150491211 85.5502636648797,27.9101411662752 85.5502691569681,27.9101290477259 85.5502815376471,27.9101142958133 85.5502968556498,27.9101076923736 85.5503060193921,27.9101057594151 85.5503097069586,27.9101052345007 85.5503213283728,27.9100998323414 85.5503465624827,27.9100919803167 85.550362569716,27.9100907958315 85.5503802079573,27.910081510943 85.5504084786008,27.9100743673229 85.5504305769522,27.9100732469232 85.550456482254,27.9100721665772 85.5504679662351,27.9100675521669 85.5504788511557,27.9100507551061 85.5505019273292,27.9100334098549 85.5505310314873,27.9100208632695 85.5505547337679,27.9100136715521 85.550560189746,27.9100042584648 85.5505709303616,27.9099982832969 85.5505855049772,27.9099903190753 85.5506023276892,27.9099850843592 85.5506072588037,27.9099821134258 85.5506199839288,27.9099744467008 85.5506415463026,27.9099564090347 85.5506591303962,27.9099511823218 85.5506602828987,27.9099518222476 85.5506765161122,27.9099608357215 85.550700056066,27.9099658186177 85.5507275923222,27.9099566378134 85.5507344718771,27.9099546807958 85.5507582192142,27.9099441071979 85.5507765105914,27.9099429466927 85.5507886387226,27.9099471330599 85.5507992801412,27.9099485979313 85.5508268614662,27.909936035262 85.5508330337256,27.9099300120166 85.5508430309626,27.9099226760795 85.5508484328153,27.909917321193 85.5508523118891,27.9099119502878 85.5508569523516,27.9099065873917 85.5508679363708,27.9098823502387 85.5508756764819,27.9098729611647 85.5508895978594,27.909856872473 85.5508943284746,27.9098447458861 85.550906691006,27.9098313466502 85.5509175127263,27.9098192841333 85.5509222613676,27.9098058048072 85.5509239283924,27.9097949989217 85.5509256495097,27.9097801348223 85.5509270380264,27.9097737792459 85.5509288934026,27.9097652867404 85.5509335699166,27.9097572183654 85.5509461307701,27.9097289390081 85.5509455496665,27.909723076588 85.5509447883011,27.9097153956115 85.5509449325464,27.9097045737081 85.550948176434,27.9096897256254 85.5509498073927,27.909681625215 85.5509484649235,27.9096680818184 85.5509449179345,27.9096659268834 85.5509471404851,27.9096531856838 85.5509183880747,27.9096393539738 85.5508954371129,27.9096391125583 85.5508940236825,27.9096390976907 85.5508933549832,27.9096389416872 85.5508636583508,27.9096320136413 85.5508072616026,27.9096354791715 85.5507643353943,27.9096566744443 85.5507110743491,27.9096534082839 85.5506606965495,27.9096623487838 85.5506422609441,27.9096743311774 85.5505964334201,27.9096846724528 85.5505611390655,27.9097045950276 85.5505167801895,27.9097190105103 85.5504879376395,27.9097119424002 85.5504452638593,27.909714199243 85.5503933452013,27.9097244763579 85.5503536087381,27.9097348816442 85.5502866066183,27.9097341765785 85.550219532342,27.9097388824302 85.5501645320229,27.9097518328818 85.550139177655,27.9097600514979 85.5501079367514,27.9097701782341 85.5500484402448,27.9097776696088 85.5499723375384,27.9097741627508 85.5499254743143,27.9097479638633 85.5498783765421,27.9097393505452 85.5498224488864,27.9097076445 85.549779956488,27.9096922013773 85.549757276346,27.9096839586744 85.5497371549043,27.9096869902501 85.5497069165165,27.9096915460847 85.5496233263482,27.9096784897214 85.549602162619,27.9096705548309 85.5495490713739,27.9096506493966 85.5494948177279,27.9096367791833 85.5494808353373,27.9096282841151 85.5494597511477,27.9096104740636 85.5494281158517,27.9095844353492 85.5493903714315,27.9095596852275 85.549352807532,27.909521407726 85.5493059265226,27.9094965613735 85.5492680377507,27.909482633116 85.5492362220211,27.9094701217297 85.5491891966434,27.9094560972346 85.5491315118845,27.9094419604638 85.5490878028778,27.9094076769561 85.5490579071479,27.9093654213567 85.5490141079231,27.9093379015116 85.5489609735038,27.9093251655244 85.5489122810142,27.9093219467934 85.5488711843153,27.9093201609823 85.5488198074306,27.909289855404 85.5487606903339,27.9092689387586 85.5486983652016,27.9092601646348 85.5486330126047,27.9092500056615 85.548576904984,27.9092318264976 85.5485259097033,27.9092280502183 85.5485065788011,27.909216886818 85.5484934417606,27.9092093003102 85.5484555532019,27.9091953718363 85.5484040681268,27.909173182528 85.548346347509,27.9091617509103 85.5483037642481,27.9091572434139 85.5482689212656,27.9091433469825 85.5482309605052,27.9091348293943 85.5481701040748,27.909130129292 85.5481107162199,27.9091295034204 85.5480575278255,27.9091208253011 85.5480166118951,27.9091055118755 85.5479741551447,27.9090915351245 85.5479285806057,27.9090829372053 85.5478724189963,27.9090688159703 85.5478436852277,27.9090536309017 85.5478210425234,27.9090385100333 85.5477847852987,27.9090164810145 85.5477590067348,27.9090080917135 85.5477377603254,27.9090024560373 85.5477089543126,27.9089926818863 85.5477012176165,27.9089934582798 85.5476723537813,27.9089963548253 85.5476448536859,27.9090028295473 85.5476390551732,27.9090042783801 85.5476356990342,27.9090040859627 85.5476159934677,27.9089971135854 85.5475871332528,27.9089913976176 85.5475642737328,27.9089925095413 85.5475596150821,27.9089992250585 85.547557893524,27.9090140891005 85.5475592897817,27.9090235743071 85.5475621545868,27.9090371337761 85.5475591022107,27.9090482785144 85.5475489851894,27.9090539065139 85.5475344014591,27.9090625467796 85.5475176510535,27.9090623701774 85.5475055412322,27.9090568307942 85.5474940933921,27.9090587394855 85.547486362096,27.9090674519936 85.5474824286728,27.9090768810074 85.5474792566311,27.9090863180487 85.5474799276469,27.9090930897562 85.547482031061,27.9091066411988 85.5474849862242,27.9091134369891 85.547487189042,27.9091195483838 85.5474849149043,27.9091249998349 85.5474832556167,27.9091289773975 85.5474793402641,27.9091370536751 85.547475452021,27.9091431008486 85.5474684820997,27.9091518213831 85.5474615121774,27.9091605419171 85.5474514967228,27.9091692303395 85.5474415264511,27.9091745369213 85.5474368858585,27.9091798996978 85.5474337680313,27.9091852785299 85.547424486844,27.9091960040819 85.5474198959915,27.9092026218363 85.5474198281756,27.9092027195936 85.5474151785436,27.9092087587371 85.5474090242191,27.9092134290885 85.5474036222402,27.9092187838355 85.547398990681,27.9092234702426 85.5473981118142,27.9092322549978 85.547398021442,27.9092390186772 85.5473971516121,27.9092471270644 85.5473978226233,27.909253898772 85.5473984936345,27.9092606704796 85.5473976418789,27.9092674261309 85.5473952402443,27.9092761948297 85.5473943523392,27.9092856559527 85.5473950414249,27.9092910749244 85.5473954903596,27.9092917301934 85.5473949785542,27.9092935988661 85.5473950052759,27.9092937803961 85.5473994470566,27.9093032977162 85.5474114123044,27.9093196589964 85.5474311179139,27.9093266314044 85.5474524185892,27.9093282089217 85.5474752962537,27.9093257442834 85.5474995701726,27.9093327648481 85.5475131304994,27.9093437312315 85.5475282135971,27.9093547136686 85.5475508563222,27.9093698345854 85.5475643985863,27.9093821537001 85.5475810044635,27.9093931521862 85.5476036110601,27.9094109785668 85.5476261453772,27.9094342158878 85.5476335785078,27.9094478235167 85.5476470123621,27.9094682590399 85.5476529046559,27.9094832033502 85.547661734064,27.9095062961833 85.547669185275,27.9095185510745 85.5476690951301,27.9095252989241 85.5476725101004,27.9095284054446 85.5476764377045,27.9095456860613 85.5476838889197,27.9095579409518 85.5476973408672,27.9095770237346 85.5477002418427,27.9095878777288 85.5476985925744,27.9095973308277 85.5476984299357,27.9096095054517 85.5476951313976,27.9096284116494 85.5476873548966,27.9096405060072 85.5476842009248,27.9096485903165 85.5476885523887,27.9096648713082 85.5476944446978,27.9096798156169 85.5476896414543,27.909697353025 85.547681846876,27.9097108001181 85.5476724753081,27.9097282893651 85.5476630856656,27.9097471313473 85.5476643735099,27.9097647329682 85.5476611653178,27.9097768754845 85.5476563620639,27.9097944128908 85.5476546766445,27.9098065714605 85.5476529731529,27.9098200827661 85.5476482421826,27.9098322092282 85.5476403753014,27.9098510672618 85.5476355720403,27.9098686046669 85.5476292640739,27.9098847732818 85.5476214514017,27.9098995731063 85.5476166481351,27.9099171105104 85.5476134580046,27.9099279002891 85.5476131869204,27.9099481913273 85.5476084017223,27.9099643759951 85.5476020756732,27.909981897344 85.5475943172074,27.9099926389587 85.5475926498495,27.9100034447911 85.5475799615935,27.9100411929583 85.5475720946837,27.9100600509865 85.5475520455439,27.9100787805746 85.5475366370265,27.910092147382 85.5475288243257,27.9101069471997 85.5475256161066,27.9101190897113 85.5475223536661,27.9101352904302 85.5475159552974,27.910158222717 85.5475126928539,27.9101744234354 85.5475093761881,27.910194682361 85.5474999683998,27.910214877064 85.5474936784649,27.9102296929347 85.5474980841409,27.9102419157235 85.5475099410577,27.9102663934121 85.547521942569,27.9102800492136 85.5475367546905,27.9103113226897 85.5475411784477,27.9103221927416 85.547543880616,27.9103479268316 85.5475435191466,27.9103749815468 85.5475402024786,27.9103952404725 85.5475369761771,27.9104087357194 85.5475429046475,27.9104209745623 85.5475505880412,27.9104253539303 85.5475542080445,27.9104298877588</coordinates></LinearRing></outerBoundaryIs></Polygon></MultiGeometry>
  </Placemark>
  <Placemark>
	<Style><LineStyle><color>ff0000ff</color></LineStyle><PolyStyle><fill>0</fill></PolyStyle></Style>
      <MultiGeometry><Polygon><outerBoundaryIs><LinearRing><coordinates>85.5501054081864,27.9115255408856 85.550105945786,27.9115181391302 85.5501153351807,27.911499296976 85.5501158056016,27.911498888877 85.5501276619184,27.9114886032981 85.5501461159366,27.9114752682531 85.5501630471507,27.9114619171785 85.5501725086967,27.9114376640712 85.5501727612787,27.9114187257514 85.5501699502215,27.9114011081152 85.5501747531574,27.9113835706126 85.5501887289634,27.911363423795 85.5502043177677,27.9113365293162 85.550206183346,27.9113108433363 85.5502095356382,27.9112878788569 85.5502235475065,27.9112650265603 85.5502360185315,27.9112435109733 85.55025010255,27.9112152477247 85.5502548152615,27.9112044739041 85.5502400022344,27.9111732006902 85.5502350168682,27.9111652329406 85.5502340373365,27.9111636674261 85.5502326949473,27.911150124028 85.5502362276329,27.9111136321748 85.5502412470287,27.9110798618215 85.5502416799993,27.9110473961277 85.5502495826134,27.9110258324603 85.5502666761035,27.9110003067337 85.5502985218076,27.91097628981 85.5503020611387,27.9109736205694 85.5503174333821,27.9109629589208 85.5503389869882,27.9109455976826 85.5503468139249,27.9109264623312 85.5503514759902,27.9109227293446 85.5503806615809,27.9109040954841 85.5504040265694,27.9108651064608 85.5504136683852,27.910827325957 85.5504352580245,27.9108072592269 85.5504613799516,27.9107899460377 85.5504799961435,27.9107644363037 85.5504894034402,27.9107442413796 85.5505248785203,27.9107107914644 85.5505265997124,27.9106959273746 85.5505514693536,27.9106583070815 85.550560858591,27.9106394648889 85.5505688512892,27.9106111375109 85.5505798174145,27.9105882531259 85.5506104895922,27.9105723407078 85.5506290516046,27.9105508891629 85.55062498288,27.9105421719224 85.5506217673386,27.9105352826265 85.5506201673768,27.9105318547092 85.5506035429705,27.9105222093106 85.5505838188869,27.9105165900795 85.5505580216956,27.9105095540202 85.5505168703883,27.9105118268951 85.5504864326961,27.9105101537051 85.5504267914984,27.910528467128 85.550396047156,27.9105497904544 85.550393044672,27.9105509199052 85.5503715562964,27.9105590032332 85.5503547876005,27.9105601797047 85.5503228631901,27.9105557849791 85.5502831624925,27.9105634847575 85.550241758602,27.910584695872 85.550217285763,27.9105925558852 85.5501897312642,27.9106030893164 85.5501482010525,27.9106337695623 85.5501160240478,27.9106483131099 85.5500808736267,27.910657413646 85.5500500750548,27.9106827951026 85.5500209616436,27.910696017945 85.549979900479,27.9106915269705 85.5499465073926,27.910683057917 85.5499068968481,27.9106839938984 85.5498856319434,27.9106797112754 85.5498528482731,27.910674945089 85.5498336461086,27.9106832228205 85.5498003016584,27.9106828718071 85.5497757926769,27.9106934372138 85.5497511393206,27.9107148245121 85.549745924341,27.9107210382055 85.549726377675,27.9107443282275 85.5496956331395,27.9107656513895 85.5496770709101,27.9107871027996 85.549667573224,27.910814061347 85.5496337830764,27.9108353524297 85.5495908561718,27.9108565473067 85.5495724021977,27.9108698822798 85.5495539482191,27.9108832172503 85.5495262130952,27.9109072779115 85.5495105880946,27.9109368777848 85.5495071815214,27.9109639004537 85.5495098300172,27.9109936927313 85.5494911233133,27.9110259660073 85.5494725970979,27.9110447119124 85.549417162819,27.9110901277169 85.5493893915089,27.9111168938202 85.5493433827541,27.911140762016 85.5492853721454,27.9111509745384 85.5492395799905,27.9111586098586 85.5491935711871,27.9111824780023 85.5491537618695,27.9111982938622 85.5490987245873,27.9112139493259 85.5490556168799,27.9112486713903 85.5490310535352,27.9112632948656 85.548982179614,27.9112736034918 85.5489561115145,27.9112868581768 85.548931403693,27.9113123035246 85.5489097595109,27.9113364282125 85.548877618257,27.9113482659824 85.5488409808371,27.911354644675 85.5488104887777,27.9113570293159 85.5487828797821,27.9113716206609 85.5487673448054,27.9113944567564 85.5487425827376,27.9114239602762 85.5487133967387,27.9114425937723 85.5486948883797,27.9114599868277 85.5486869673656,27.9114829031279 85.5486849191498,27.9114930746119 85.5487089730965,27.9115446120702 85.5487424079712,27.9115954711191 85.5487594214017,27.9116148290533 85.5487780160781,27.9116218608304 85.5488253131972,27.9116155944508 85.5488467949321,27.9116036444067 85.5488789182081,27.9115931593837 85.548917150737,27.9115813857795 85.5489460297733,27.9115857487587 85.5489992916772,27.9115890156345 85.5490284596146,27.9115717348142 85.5490742880672,27.9115613940989 85.5491092041425,27.9115698794091 85.5491487608429,27.9115730018792 85.5491776218346,27.9115787175466 85.5491958593331,27.9115816154722 85.549224684223,27.9115900366031 85.5492717646749,27.9116000029073 85.5493098527495,27.9115990510851 85.5493374256343,27.9115871651076 85.5493739728523,27.9115875499681 85.5494209269618,27.9116069853782 85.5494512746793,27.9116154224977 85.5495060052735,27.9116227634234 85.5495439309112,27.9116339861671 85.5496077622351,27.911644128729 85.5496396869263,27.9116485236306 85.5496653399323,27.911666381763 85.5496757468756,27.9116854323048 85.549680062612,27.9117044187168 85.5496874239554,27.9117234371932 85.5497008945617,27.911741167061 85.5497340894273,27.9117645162892 85.5497887659807,27.9117759153164 85.5498282145079,27.9117871540159 85.54985711169,27.9117901640706 85.5499151947807,27.9117745403715 85.5499242707413,27.9117701854903 85.5499532648748,27.9117749411104 85.5499820898816,27.9117833620866 85.5500066351834,27.9117700911794 85.5500205749856,27.9117526498569 85.5500299283297,27.9117365131844 85.5500636826067,27.9117179274888 85.5500852724927,27.9116978608252 85.5500931571481,27.9116776499088 85.5500950047196,27.9116533166699 85.5501014387381,27.9116276787768 85.5501154326334,27.9116061792319 85.5501263628783,27.9115860003678 85.5501191097191,27.9115588654895 85.5501102435505,27.9115384782688 85.5501052461832,27.9115277713705 85.5501054081864,27.9115255408856</coordinates></LinearRing></outerBoundaryIs></Polygon></MultiGeometry>
  </Placemark>
  <Placemark>
	<Style><LineStyle><color>ff0000ff</color></LineStyle><PolyStyle><fill>0</fill></PolyStyle></Style>
      <MultiGeometry><Polygon><outerBoundaryIs><LinearRing><coordinates>85.5489273151853,27.9141795355681 85.5489422737777,27.9142059892475 85.5489531444537,27.9142073127731 85.5489909323335,27.91421191352 85.5490426004547,27.9142205753287 85.5491342234946,27.9142025994369 85.5492282782964,27.9142306485848 85.5492771535417,27.9142203399247 85.5493167834277,27.9142180514377 85.5493750123285,27.9141916061348 85.5494087674925,27.9141730206391 85.5494880994356,27.9141630326315 85.5495494461467,27.9141312083785 85.5495653762502,27.9141275287253 85.549583056856,27.9141234447281 85.5496532517334,27.914113360415 85.5497054974542,27.9140787344132 85.5496878371104,27.9140325489775 85.5496790971922,27.9140026925773 85.5496644464391,27.9139592446787 85.5496557426322,27.9139266828045 85.5496560314305,27.9139050390232 85.5496625559592,27.9138726374859 85.549666070918,27.9138374984082 85.5496667207066,27.9137887998994 85.5496610264734,27.913758975565 85.5496311835485,27.9137126618534 85.5496011962454,27.9136771700266 85.5495920314704,27.9136603936009 85.549586328955,27.9136499549567 85.5495743629251,27.913633593845 85.5495686326221,27.9136064749801 85.5495689575352,27.913582125726 85.5495694585429,27.9135445797534 85.549569462955,27.9135442491083 85.5495643824825,27.9134684317342 85.5495679696561,27.9134278817122 85.5495928763918,27.9133875561699 85.5495963913499,27.9133524170918 85.5495999424054,27.9133145725405 85.549618793903,27.9132714773823 85.5496255710922,27.9132201375327 85.5496259320868,27.9131930828037 85.5496354300192,27.9131661242764 85.5496541370799,27.9131338510028 85.5496606976503,27.9130987439874 85.5496645735553,27.9130365501749 85.549671386801,27.9129825048469 85.5496748656166,27.9129500712364 85.5496756236702,27.9128932563019 85.5496823647031,27.912844621918 85.5496826173854,27.9128256836062 85.5496617311047,27.9127929934668 85.5496408087379,27.9127630087978 85.5496289871856,27.9127358257998 85.5496231486091,27.9127168233543 85.5496113992638,27.9126842294089 85.5496091596087,27.9126713530237 85.5496243759647,27.9126248372686 85.5496156000601,27.9125976863365 85.5496223771935,27.9125463464806 85.5496383272994,27.9124923973502 85.5496358953397,27.9124463722393 85.5496517732268,27.9123978340522 85.5496704801396,27.9123655607677 85.5496954226723,27.9123225297169 85.5496927741104,27.9122927374453 85.5496869355428,27.9122737350018 85.5496906669954,27.9122223630731 85.5497123111959,27.9121982382657 85.5497432005268,27.9121660932256 85.5497314872919,27.9121307938153 85.5496980937907,27.9121223246873 85.5496280807001,27.9121188817081 85.5495732595993,27.9121183045048 85.5495183662992,27.9121231382261 85.5494758720717,27.9121118673655 85.5494424063945,27.9121088091227 85.5493755833589,27.9120945761938 85.5493636175217,27.9120782150679 85.5493365680338,27.9120508716867 85.5493123475403,27.9120397932117 85.5492912448776,27.9120233358603 85.5492548780489,27.9120094236077 85.5492337031863,27.9119983771938 85.5492006347435,27.9119655586921 85.549173368672,27.9119544481182 85.5491461026064,27.9119433375391 85.5490979144878,27.9119022422115 85.549061619949,27.9118829189647 85.5490096640264,27.9118959009836 85.5489820729721,27.9119091396269 85.5489618226043,27.9119160888734 85.5489543374544,27.9119332001549 85.5489116627906,27.9119354564876 85.5488810983362,27.9119432520829 85.5488656535834,27.9119593245041 85.5488382069651,27.9119617412275 85.5487892965933,27.9119747552441 85.5487495230462,27.9119878654999 85.5486888997765,27.9119655799978 85.5486555425405,27.9119544051496 85.5486158773548,27.9119593989499 85.5485701931916,27.9119589176155 85.5485125072127,27.9119447805434 85.5484760682671,27.9119362790338 85.5484152283217,27.9119302262461 85.5483668959822,27.911899952561 85.5483062367169,27.9118803723669 85.5482575431165,27.9118771533631 85.5482270147709,27.9118822433403 85.5481993513664,27.9119008927669 85.5481745528936,27.9119331016439 85.5481467449298,27.9119625729454 85.5481099446587,27.9119811260557 85.5480914903148,27.9119944608142 85.5480583264962,27.9120038939683 85.5480393174171,27.9120236752893 85.5480171781978,27.9120380638878 85.5480147356952,27.9120396513056 85.5479931634406,27.9120583648909 85.547971446623,27.912087900358 85.5479596683989,27.9121096436204 85.5479495852352,27.9121282577063 85.5479400147136,27.9121606270515 85.5479302634852,27.9122065237519 85.5479509322902,27.9122554469602 85.547981027084,27.9122828227044 85.5479865401003,27.9123261744505 85.5479890797765,27.9123640831511 85.5480191384709,27.9123941643593 85.5480431420732,27.9124214758871 85.5480487273939,27.9124594166884 85.5480483298804,27.9124891768727 85.5480570331063,27.9125217388326 85.5480596089459,27.9125569420606 85.5480560573933,27.9125947865569 85.5480707073371,27.9126382346038 85.5480945664568,27.9126763680092 85.5481033781187,27.9127008135526 85.5481120813752,27.9127333755093 85.548123757997,27.9127713805082 85.5481447522071,27.9127959544494 85.5481473642131,27.9128284522045 85.5481622310331,27.9128556674152 85.5481984534483,27.9128804018453 85.5482193754277,27.9129103867188 85.5482556701406,27.9129297101922 85.5482764837471,27.9129678114719 85.5482787706001,27.9130246584676 85.5483300406457,27.913063080707 85.5483508904332,27.9130984765053 85.5483806965126,27.9131474959429 85.5483955995621,27.9131720056596 85.5484073124537,27.9132073051662 85.5484375521357,27.9132238589354 85.5484556092407,27.9132402843254 85.5484645655384,27.9132539079626 85.5485006436443,27.9132894642055 85.5485338928854,27.9133087555187 85.5485641326155,27.9133253092616 85.5486064104533,27.9133528132457 85.5486520229551,27.9133587055334 85.548679180944,27.9133779326347 85.5487065195557,27.9133836323723 85.5487244683618,27.9134081741445 85.5487177991004,27.9134513975168 85.5487021373622,27.9134837027374 85.548707903565,27.9135081161587 85.5487042438217,27.913554077089 85.548727778253,27.9136165596408 85.5487487366363,27.91364383897 85.5487543944909,27.9136763688046 85.5488022942626,27.9137391080406 85.5488079882577,27.9137689324016 85.5488227831233,27.9138015584918 85.5488284410062,27.9138340883237 85.5488278992018,27.9138746703991 85.5488515421253,27.9139290365171 85.5488631107584,27.9139751578766 85.5488654701541,27.9140265939236 85.548898358495,27.9140729398745 85.5489040164109,27.9141054697035 85.548899136541,27.9141297027496 85.5489273151853,27.9141795355681</coordinates></LinearRing></outerBoundaryIs></Polygon></MultiGeometry>
  </Placemark>
  <Placemark>
	<Style><LineStyle><color>ff0000ff</color></LineStyle><PolyStyle><fill>0</fill></PolyStyle></Style>
      <MultiGeometry><Polygon><outerBoundaryIs><LinearRing><coordinates>85.5457795539663,27.9184255549181 85.5457435837719,27.9183818815586 85.5457014496247,27.9183435548038 85.5456042741394,27.9183208819336 85.5455311752993,27.9183201100327 85.5454701871801,27.9183248776841 85.5453969434916,27.9183349275752 85.5453234100765,27.9183666211525 85.5452077426479,27.9183599877892 85.5451105672679,27.918337314574 85.5450127399341,27.9183633396677 85.5449876491951,27.9184171915725 85.5449870696292,27.9184604790168 85.5450111461558,27.9184823801411 85.5451445813625,27.9185270832234 85.5452103573532,27.9186197768201 85.5452155072838,27.9186901832634 85.5452205123487,27.9187714115678 85.545231971191,27.9188256495584 85.5452678688787,27.9188747339775 85.5452978922903,27.9189075212572 85.5453147909081,27.9190105219583 85.5453136320065,27.9190970968517 85.54530630905,27.9191890183365 85.5453660663623,27.9192762366009 85.5454018918236,27.9193307319207 85.545406752179,27.9194227820789 85.5454363412183,27.919488034918 85.5454723840553,27.9195262974293 85.5454964609098,27.9195481984781 85.545569270894,27.9195706141527 85.545636278936,27.9195713217405 85.5457095234475,27.9195612717545 85.5457582565675,27.9195617863172 85.5458312114358,27.9195733799924 85.5458553607816,27.9195898700497 85.5458792205152,27.91962800383 85.5459091719114,27.9196662019196 85.5459636709443,27.9196911299245 85.5459938033673,27.9197158006605 85.5460723432496,27.9197653350462 85.546114260879,27.9198198945021 85.5461556718058,27.9199123304719 85.5461975895315,27.9199668899051 85.5462637291932,27.9200325283851 85.5462953847166,27.9200572151275 85.5463117386892,27.9200871520842 85.5463471305849,27.9201741127745 85.5463948506588,27.9202503801776 85.5464307493264,27.9202994643213 85.5464421365232,27.920359113161 85.5464169735914,27.920418376253 85.5463675886248,27.9204665602994 85.5463487344739,27.9205096548731 85.5463297355366,27.9205635713077 85.5462926062519,27.9206064729822 85.5462251632075,27.9206382312805 85.5461514836323,27.9206807471032 85.5460655481895,27.9207285451997 85.5460342208498,27.9207931548304 85.545868658554,27.9208725823332 85.5457887421422,27.9209258554929 85.545757631824,27.9209742322593 85.5457139035287,27.9210549459508 85.5456216586094,27.9211189122147 85.5455658915397,27.9211886753339 85.5455592204032,27.9212318984404 85.5455769886281,27.9212699679422 85.5456928040225,27.9212657792504 85.5457482089735,27.92122307073 85.5458215994238,27.9212021988677 85.5458891153439,27.9211650298568 85.5459566312188,27.9211278608107 85.5460057270628,27.9211013206581 85.5461034842913,27.9210807058841 85.5461952221541,27.921054615805 85.5462807234732,27.9210392832271 85.546372171725,27.9210348367542 85.5464573834869,27.921041147793 85.5465726196399,27.9210802458084 85.5466700149109,27.9210866852897 85.5467370239205,27.9210873923772 85.5468341297654,27.9211154754744 85.5468949747084,27.9211215291437 85.5470043362501,27.9211443296692 85.5470043364481,27.9211443297343 85.5470525638474,27.9211827203993 85.5470929473405,27.9211896833294 85.5471495251755,27.921221625147 85.547301890943,27.9212178206601 85.54739276066,27.9212566609861 85.5475141614828,27.9212904115498 85.5476418710967,27.921307993445 85.5477333195627,27.9213035460746 85.5478058419672,27.9213476043629 85.5478964227468,27.9214080881074 85.5479441444348,27.9214843550217 85.5480225418914,27.9215447102351 85.5480825195504,27.9216156946166 85.5480939800651,27.9216699324127 85.5480933293558,27.9217186308318 85.5480862253667,27.9217943197065 85.5480674439335,27.9218320035893 85.5480668655109,27.9218752910715 85.5480356835858,27.9219290793094 85.5479984821537,27.9219773923784 85.5479547550499,27.9220581068178 85.5479421376197,27.9220904439712 85.5479655647578,27.9221610430337 85.5480440350025,27.9222159873132 85.548104952954,27.9222166295375 85.5482206970673,27.9222178496896 85.5483362243162,27.9222353025513 85.5483844526745,27.9222736927799 85.5484999077326,27.9222965564432 85.5485908510779,27.9223299850867 85.5486449545491,27.922384672237 85.5486502513249,27.9224442567329 85.5486490949128,27.9225308317116 85.5486723780475,27.9226122525425 85.5487261203324,27.9226939943464 85.5487983549894,27.9227596958985 85.5489196857023,27.9227988562321 85.5489682035611,27.9228156025238 85.5492420469943,27.9228401342882 85.5493878175579,27.9228741399673 85.5494907286494,27.9229239291867 85.5495690557768,27.9229896945168 85.5496235934451,27.92301191568 85.5496953955165,27.923110082416 85.5498710481271,27.9231876958692 85.5499374086028,27.9232370998965 85.5499910799386,27.9233242521856 85.55005707951,27.9234007108534 85.550141282583,27.9234827728335 85.550280023881,27.9235870556833 85.5503821419272,27.9236963645812 85.5504363191946,27.923745640161 85.5504963718155,27.9238112126346 85.5505864508817,27.9239095712999 85.5506154750615,27.9239593191703 85.5506257913337,27.9239626486458 85.5506280836168,27.9239857732544 85.5506394734249,27.9240454218175 85.5506632636011,27.9240889657849 85.5506922795558,27.9241975051364 85.5506918464799,27.9242299707747 85.5506845996873,27.924316481698 85.5506899698092,27.9243706552054 85.5506893201893,27.9244193536615 85.5506703947825,27.9244678597814 85.5506392854959,27.9245162376705 85.5506318942646,27.9246135704639 85.5506433563073,27.9246678080847 85.5506363981652,27.924732675241 85.5505982584211,27.9248513312084 85.5505911558622,27.9249270202371 85.5506019682342,27.9250299563093 85.550595010034,27.9250948234584 85.5505697759229,27.9251594982527 85.5506118422016,27.9252032345841 85.5506847292882,27.9252202367794 85.5507394848444,27.9252262247274 85.5508430483556,27.9252273145739 85.5508858365015,27.9252169414328 85.5509407364109,27.9252121074221 85.5510260240045,27.9252130048233 85.5510751927535,27.9251810519612 85.5511121053772,27.9251543818323 85.5511433589737,27.9250951819594 85.5511318966445,27.9250409443723 85.5511384215637,27.9250085428245 85.551157491187,27.9249492147591 85.5511580684534,27.924905927237 85.5511709017797,27.9248573569568 85.5511835186235,27.924825019496 85.5512207918704,27.9247712946285 85.5512394284798,27.9247444321902 85.5512827214614,27.9246961823315 85.5513018630941,27.9246314432977 85.5513025845954,27.924577333889 85.5512968534105,27.9245502150998 85.5512913386795,27.9245068634876 85.5512796598714,27.9244688587307 85.5512739286968,27.9244417399405 85.5512680892975,27.9244227375572 85.5512689190362,27.9243605117405 85.5512999558519,27.9243175446369 85.5513308483471,27.9242853994075 85.5513435372164,27.9242476509839 85.5513197467301,27.9242041071235 85.5513021924726,27.924149805461 85.5513033468499,27.9240632304007 85.5513101602376,27.9240091850708 85.5512864419616,27.9239602302643 85.5512686713055,27.9239221614217 85.5512508285108,27.9238895035185 85.551245530271,27.9238299190783 85.5512461796256,27.9237812206061 85.5512345008994,27.923743215845 85.5512044743672,27.9237104297642 85.5511687167372,27.9236505248824 85.5511632742402,27.9236017623219 85.5511638514715,27.9235584747911 85.5511646451625,27.9234989544359 85.5511716028762,27.9234340872268 85.5511660160775,27.9233961465483 85.5511421536798,27.9233580136032 85.5511182191429,27.9233252915958 85.5510823895213,27.9232707976363 85.5510710716866,27.9232057381558 85.5510839769708,27.9231517569246 85.5510907182322,27.9231031225421 85.5510671445494,27.9230433458197 85.5510494462641,27.9229998660109 85.5510257283064,27.9229509111653 85.5510144105301,27.9228858516798 85.5509725614199,27.9228258826604 85.5509246205212,27.9227658495321 85.5508826271745,27.9227167023707 85.5508467978601,27.9226622083572 85.5507925487685,27.9226183439099 85.5507502668515,27.9225908404761 85.5507147985089,27.9225092917258 85.5506913694974,27.9224386930645 85.5506492320271,27.9224003677205 85.5506192782069,27.9223621705855 85.5505957771071,27.922296982851 85.5505664007697,27.9222154981778 85.5505554560027,27.92220554353 85.5505545058863,27.922193726189 85.5505492080681,27.9221341417253 85.5505256348727,27.9220743649212 85.5504895172073,27.9220415145884 85.5504536161171,27.9219924314242 85.5504298986312,27.9219434764873 85.5503542823879,27.9218789970101 85.5503241148963,27.9217437883795 85.5502015969427,27.9215505730158 85.5499910787371,27.9211342013412 85.5499884425412,27.9211315210124 85.5499783316294,27.9210836742271 85.5499485228064,27.9210346550808 85.5499367003746,27.9210074721041 85.5499248779485,27.9209802891264 85.5498950691764,27.9209312699698 85.5498958634743,27.9208717496253 85.5498849797909,27.9207742244188 85.5498491515836,27.9207197301737 85.5498379791073,27.9206438487254 85.5498207149365,27.9205679031344 85.5497604477938,27.9205185632403 85.5497243308642,27.9204857127277 85.5497003973578,27.9204529905006 85.5496644249058,27.920409318093 85.5495677521979,27.9203487713451 85.5495375826256,27.9203268068195 85.5494953741359,27.9202938920971 85.5494655657356,27.9202448728572 85.5494236462206,27.9201903143551 85.5494000017932,27.920135948321 85.5493338601045,27.9200703112746 85.5492794684229,27.9200372681662 85.5492437129907,27.919977362839 85.5492198519774,27.9199392295961 85.5491722022414,27.9198575521597 85.5491299217996,27.9198300482736 85.5491059163673,27.9198027368917 85.5490822721766,27.9197483708092 85.5490829946345,27.9196942614154 85.5490290367061,27.9196287525802 85.548986828639,27.9195958377147 85.5489510735056,27.9195359323194 85.5489275016982,27.9194761552742 85.5488913853623,27.9194433045609 85.5488187914667,27.919404657803 85.5487950029813,27.9193611135548 85.5487655564415,27.9192850394836 85.548717546006,27.9192304166007 85.5486814298144,27.9191975658367 85.5486337807908,27.919115888233 85.5485430568864,27.9190662268879 85.5485314518161,27.9190228109885 85.5484592919786,27.9189516984231 85.5484295566716,27.9188972680426 85.548338977605,27.9188367846953 85.5483161833997,27.9188352778752 85.5483088086994,27.9188148199209 85.5482306298291,27.9187382321013 85.5481397618496,27.9186993923825 85.5480301130851,27.9186982365204 85.5479442523222,27.9187406249556 85.5478886325977,27.9187995672667 85.5478330128125,27.9188585095526 85.5478079233207,27.918912362016 85.5477826891866,27.9189770363472 85.5477451994779,27.9190469931487 85.5476776131865,27.9190895740911 85.5475558531339,27.919082878433 85.5474831876584,27.9190496419321 85.5474469272629,27.9190276127318 85.5473680979181,27.9189997228649 85.5472707044472,27.9189932839445 85.5472035520386,27.919003399036 85.5470754111455,27.9190182824442 85.5468931692266,27.9189784779839 85.5467781522129,27.9189231475016 85.5466995402182,27.9188790244579 85.546559722798,27.918855902298 85.5464505805714,27.918816868636 85.5462991591503,27.9187503301738 85.5461483894184,27.9186350931529 85.5460757970941,27.9185964450016 85.5459666553159,27.9185574109711 85.5458942803139,27.91850252993 85.5458218329811,27.9184530597858 85.5457970116194,27.9184454181294 85.5457795539663,27.9184255549181</coordinates></LinearRing></outerBoundaryIs></Polygon></MultiGeometry>
  </Placemark>
  <Placemark>
	<Style><LineStyle><color>ff0000ff</color></LineStyle><PolyStyle><fill>0</fill></PolyStyle></Style>
      <MultiGeometry><Polygon><outerBoundaryIs><LinearRing><coordinates>85.5540757854896,27.9250759441579 85.5540663594764,27.9250974920015 85.5540661794413,27.9251110193693 85.5540748493131,27.9251462864704 85.5540866731985,27.9251734691319 85.5541108250712,27.9251899578222 85.5542445965762,27.925210303231 85.5543389142619,27.9252194109358 85.5544270319907,27.9252365710507 85.5545611995703,27.9252271559415 85.5546313293445,27.925222480307 85.5547500869947,27.9252264325362 85.5548417906165,27.9252030422388 85.5548937883736,27.9251873527822 85.5549577901508,27.9251853185271 85.5549883220202,27.9251802271958 85.5549945579362,27.92516946922 85.5550102556712,27.9251344578551 85.5550137334613,27.9251020241198 85.5550111552584,27.925066820988 85.5550144171452,27.9250506201006 85.5550173019152,27.9250326350899 85.5550192559987,27.9250303769813 85.5550258517321,27.9249925642561 85.5550323395121,27.9249628679544 85.5550545249714,27.9248981602793 85.5550429887251,27.9248493338934 85.5550434564946,27.9248141627207 85.5550378682879,27.9247762221532 85.5550345951754,27.9247623689059 85.5550321001725,27.9247518089596 85.5550234659951,27.9247138364315 85.5550178058337,27.9246813068128 85.5550278219979,27.924655632332 85.5550367293691,27.9246328000253 85.5550479511786,27.924609383116 85.5550679447241,27.9245763046461 85.5550597783032,27.9245031609447 85.5550847937248,27.9244547180655 85.555113106951,27.924387368813 85.5551264061865,27.9243036269153 85.5551118599734,27.9242520630997 85.5551311431747,27.9241765015401 85.5551411085733,27.9241143714816 85.5551541918741,27.9240468624275 85.5551946887659,27.9239796409743 85.5552259398129,27.9239204400686 85.5552363368387,27.9238258442927 85.5552768335919,27.9237586228082 85.5553047507844,27.9237210337298 85.5553129218696,27.9237026382073 85.5553448877242,27.9236808669776 85.5553942703914,27.9236326796381 85.5554526469714,27.9235954100309 85.5555111314181,27.9235500239696 85.5555419505472,27.9235232886887 85.5555759235056,27.923488468919 85.5556101122385,27.9234374162836 85.5556196816539,27.9234050464081 85.5556811039752,27.923367808641 85.5557364343768,27.9233305069588 85.5557493014187,27.923279230681 85.55576826032,27.9232280182856 85.5557868600946,27.9231889565128 85.5557871113187,27.9231849223157 85.5557996546685,27.9231579953181 85.5558225223458,27.9231263345309 85.555824453667,27.92312578513 85.5558735481939,27.9230992414093 85.5559042951882,27.9230779169905 85.5559537492436,27.9230243184734 85.5559973990365,27.9229490122492 85.5560229889361,27.9228572815318 85.5560239237614,27.9227869391353 85.5560310942459,27.9227058387024 85.5560747438479,27.9226305324435 85.5561487087618,27.9225663674096 85.5562165817552,27.9225021384692 85.5562782190468,27.9224486675408 85.5563824990707,27.9223956435766 85.5564317369081,27.9223582777269 85.5564626273546,27.9223261312592 85.5564751869045,27.9222785865078 85.556512763678,27.9222211284384 85.5565072469293,27.9221777769472 85.5565168878345,27.9221399960342 85.5565204009794,27.922104856749 85.5564535348241,27.9220933324868 85.5563831195528,27.9221196529502 85.5562422889119,27.922172293765 85.5561202369129,27.9221872493514 85.5560532269466,27.9221865468029 85.5559584442614,27.9222126115625 85.5558304801666,27.9222139756307 85.5557652199038,27.9222147402085 85.5557086078899,27.9222154034648 85.5556352903215,27.9222308696869 85.5555620086994,27.9222436303926 85.5554919168394,27.9222456011005 85.5554677662258,27.9222443255782 85.555452212126,27.9222533022097 85.5554155533163,27.9222610352562 85.555351589234,27.9222603643136 85.5553119924222,27.9222599489534 85.555275333602,27.9222676819621 85.5552113695198,27.9222670109542 85.5551536771349,27.9222528764465 85.5551172341669,27.9222443765572 85.5550561720985,27.9222545593367 85.555025713018,27.9222542397646 85.5549891981019,27.9222511507933 85.5549372737446,27.9222614293943 85.5548949188881,27.9222393381492 85.5548432823958,27.9222279729097 85.5547916818998,27.9222139021757 85.5547615107167,27.9221919387413 85.5547344574231,27.9221645963136 85.5546980145225,27.9221560963156 85.5546737912337,27.9221450186941 85.5546498918415,27.9221095917897 85.5546196847279,27.9220903338015 85.554589369657,27.9220791922331 85.554553070759,27.9220598702968 85.5545015783592,27.9220376830322 85.5544745611621,27.9220076350815 85.5544353243888,27.9219801647204 85.5543807501588,27.9219606509176 85.5543565629426,27.9219468677677 85.5543447393013,27.9219196851278 85.554311450403,27.9219031005783 85.5542934989881,27.9218785594634 85.5542818913497,27.9218351439682 85.5542580281492,27.9217970115265 85.5542307950913,27.9217831963821 85.5542188995016,27.9217614246827 85.5541554757425,27.9217201710707 85.5541468060648,27.9216849039669 85.5541352345027,27.9216387829861 85.5541053876199,27.9215924701423 85.5540875083031,27.9215625180532 85.5540482357863,27.9215377530648 85.5540089992907,27.9215102825908 85.5539851722577,27.9214694446315 85.553930670379,27.9214445197119 85.5539097452508,27.921414535621 85.5538795744695,27.9213925720059 85.5538096272006,27.9213837199781 85.5537701387615,27.9213751877625 85.553715384912,27.9213692010833 85.5536669388996,27.9213470455088 85.5536242965694,27.9213465976891 85.5535785723461,27.9213488233422 85.5535240706275,27.921323898267 85.5534666311041,27.9212908247571 85.5534181491634,27.9212713745723 85.5533451561429,27.9212624903206 85.5532938444833,27.9212267752546 85.5532636738833,27.9212048115106 85.5532388931387,27.9211874615993 85.5531847332641,27.9211850412889 85.5531392252517,27.9211710339543 85.5531334374345,27.9211686233808 85.5531059007504,27.921157154601 85.5530297538848,27.9211563546087 85.552977974018,27.9211558105898 85.552926230182,27.9211525610778 85.5528713684144,27.9211546904898 85.5528257163324,27.9211515049481 85.5527860479031,27.921156499824 85.552749245176,27.9211750540627 85.5527429372226,27.9211912228901 85.5527456227581,27.921218309632 85.5527666916553,27.9212374719931 85.5527785148291,27.9212646547536 85.5528025575535,27.9212892600629 85.5528081448536,27.9213272007037 85.5528139843845,27.9213462030295 85.5528502106556,27.9213709363528 85.5528833190007,27.9214010486103 85.5528920242767,27.9214336103052 85.5528916639697,27.921460665041 85.5528880415935,27.9215039206141 85.5528937370235,27.9215337448312 85.5529055242278,27.9215636330555 85.5529019378823,27.9216041831549 85.5528985316876,27.9216312058862 85.5529163746492,27.921663863591 85.552915726101,27.9217125621143 85.552912319905,27.9217395848456 85.5529149694594,27.9217693770576 85.5529205928462,27.9218046122202 85.5529233865255,27.9218235825381 85.5529253875348,27.921902073272 85.5529312991734,27.9219156646464 85.5529539501271,27.9219392145873 85.5529553060408,27.9219429754069 85.5529618926843,27.9219474723744 85.5529915325385,27.9219677086997 85.5529974596473,27.9219755638185 85.5530244609571,27.9220113482966 85.5530300123321,27.9220519944023 85.5530296520502,27.9220790491374 85.5530353115138,27.9221115788222 85.5530562365194,27.9221415630391 85.5530862992455,27.9221716432545 85.5531101981275,27.9222070704113 85.5531219494303,27.9222396640928 85.5531334845842,27.9222884906147 85.553145199876,27.922323789768 85.5531781644843,27.9223647238588 85.5531834637546,27.922424308274 85.5531767595071,27.9224702373269 85.5531943505065,27.9225218333148 85.5532062819872,27.9225408996223 85.5532119054971,27.9225761347742 85.5532114011544,27.9226140114034 85.5532138706785,27.9226573309774 85.5532348678807,27.9226819042237 85.5532465472184,27.9227199088427 85.5532491248283,27.9227551119956 85.5532606961071,27.922801233034 85.5532816933465,27.9228258062741 85.5532906149743,27.922842135105 85.5532900746305,27.9228827172075 85.5532774946812,27.9229123494288 85.5532768822841,27.9229583424776 85.5532796039994,27.9229827237356 85.5532913554265,27.9230153174041 85.5533182284326,27.9230561874737 85.5533311400566,27.9230726515148 85.5533477871691,27.9231241442689 85.5533567088295,27.9231404730962 85.5533593945437,27.9231675598262 85.5533713981624,27.9231812151745 85.5533955494919,27.9231977039742 85.5534135009022,27.9232222452022 85.5534345702939,27.9232414074748 85.5534709774208,27.9232526132894 85.553504302603,27.9232664925761 85.5535254440551,27.9232802438884 85.5535494153449,27.9233102600307 85.5535702326612,27.9233483605994 85.5535729544482,27.923372741853 85.5535661782531,27.92342408187 85.5535624840077,27.9234727484037 85.5535773175248,27.9235026685684 85.5536012888756,27.9235326847032 85.5536099945094,27.9235652463574 85.5536155461564,27.9236058924419 85.553642635515,27.9236305296132 85.5536665708961,27.9236632512114 85.5536935882521,27.9236932993207 85.5536994280471,27.9237123016133 85.5537113237256,27.9237340733557 85.5537109635877,27.9237611280923 85.5537257251551,27.9237964591901 85.5537436767345,27.9238210003795 85.553758726422,27.9238346876848 85.5537767140273,27.9238565233965 85.5537884296757,27.9238918225015 85.5537911515196,27.9239162037513 85.5538210708793,27.9239571057197 85.553845186437,27.9239762999215 85.5538600200956,27.9240062200591 85.5538718156906,27.9240190991113 85.5538750338127,27.9240226128266 85.5538838475916,27.9240470580446 85.5538835595118,27.9240687018345 85.5538833074418,27.9240876401507 85.5539039809754,27.9241365625696 85.5539098208279,27.9241555648543 85.5539063427532,27.9241879985548 85.5538891430938,27.9242103373472 85.5538924299715,27.9242244824166 85.5538781728901,27.9242445256402 85.553877812786,27.9242715803768 85.5538865905727,27.9242987310682 85.5538924664396,27.9243150278798 85.5539044342375,27.9243313886603 85.5539103821281,27.9243422745239 85.5539253598878,27.9243613727608 85.5539350527721,27.9243701881229 85.553999138868,27.9245086470203 85.5540100994854,27.9245178490205 85.5540160473961,27.9245287348801 85.5540249152536,27.9245491218795 85.5540261861888,27.9245680761865 85.5540243931487,27.9245883512483 85.5540362889813,27.924610122966 85.5540403898504,27.924645342097 85.5540416067782,27.9246683546143 85.5540383267581,27.9246859082114 85.5540349747223,27.9247088727556 85.5540285226978,27.924735863528 85.5540267476575,27.9247547858524 85.5540369944932,27.9247860107369 85.5540397704168,27.9248063337712 85.5540410053484,27.9248279935513 85.5540361303177,27.9248509421039 85.5540366503334,27.924860775783 85.5540373472449,27.9248739546207 85.554041718175,27.9248888826987 85.5540443623384,27.924896216262 85.5540489190444,27.9249200756002 85.554054686944,27.9249444888264 85.5540543628803,27.9249688380887 85.5540570127856,27.92499863028 85.5540687646385,27.92503122389 85.5540775065193,27.925061080044 85.5540773324869,27.9250741564991 85.5540757854896,27.9250759441579</coordinates></LinearRing></outerBoundaryIs></Polygon></MultiGeometry>
  </Placemark>
  <Placemark>
	<Style><LineStyle><color>ff0000ff</color></LineStyle><PolyStyle><fill>0</fill></PolyStyle></Style>
      <MultiGeometry><Polygon><outerBoundaryIs><LinearRing><coordinates>85.5539108645814,27.9271096889842 85.5539230217417,27.9271118460372 85.5539534101431,27.9271175768494 85.5539663468223,27.927118389159 85.5539845960709,27.9271206101788 85.5540226085896,27.9271257445717 85.5540454629165,27.9271253080879 85.5540644286665,27.9271309189342 85.5540947630682,27.9271407079249 85.5541130573351,27.9271395470868 85.5541358666548,27.9271424924292 85.554152619896,27.9271426683311 85.5541929889794,27.9271424157183 85.5542187003213,27.9271562149197 85.5542445016841,27.9271632504343 85.5542626879384,27.9271702059953 85.5542860787576,27.927186686673 85.5543064415403,27.9272017826319 85.554344184082,27.9272272079854 85.5543608833334,27.9272314420721 85.5543829761722,27.9272309975387 85.5544027484742,27.9272332344926 85.5544353494727,27.9272444001292 85.5544451951246,27.92724856226 85.5544587943357,27.9272568225692 85.5544701000131,27.9272657352641 85.5544809658973,27.9272731533163 85.5544851952524,27.9272760406632 85.5545102081514,27.9272850972407 85.5545276239326,27.9272927211428 85.5545428091775,27.9272962628528 85.5545640685221,27.927301221244 85.5545678580843,27.9273026139469 85.5545792537696,27.9273047629501 85.5545983455714,27.9273009045683 85.5546158873502,27.9272990593028 85.5546310905974,27.9273012482665 85.5546462848464,27.9273041135969 85.5546538639733,27.9273068989982 85.5546580438711,27.9273098575997 85.5546606545917,27.9273117055113 85.5546611801013,27.927312585812 85.5546669147887,27.927317574427 85.5546772368859,27.9273247323491 85.5546908811185,27.9273296107945 85.5547006368021,27.9273405365913 85.5547195936289,27.9273468237182 85.554733999379,27.9273517101519 85.5547513971911,27.9273606867634 85.5547611708802,27.9273702598194 85.5547702100529,27.9273777957775 85.5547830657894,27.9273846953271 85.554793565004,27.9273969818466 85.5548200739911,27.9274080834589 85.5548389948458,27.9274170760435 85.554866418316,27.9274166873762 85.554883933118,27.9274168711824 85.5549021824411,27.927419092083 85.5549211662862,27.9274233500778 85.5549377846184,27.9274336714122 85.5549558360095,27.9274507724111 85.5549617931606,27.9274609818664 85.5549730629137,27.9274725999958 85.5549882122126,27.9274788471317 85.5550048755439,27.9274857866163 85.5550130452686,27.9275014309897 85.5550145267673,27.9275041423027 85.5550182499107,27.9275109560835 85.5550311236727,27.9275165028741 85.5550386488454,27.9275233464657 85.5550522481379,27.9275316067189 85.5550582142989,27.927541139802 85.5550619139114,27.9275492961763 85.5550678890706,27.9275581528905 85.5550837459233,27.9275684662178 85.5550913430734,27.9275698988591 85.5551011977778,27.9275733845765 85.5551171805821,27.9275742287416 85.5551331903749,27.9275730437996 85.5551507052042,27.9275732275728 85.5551590548741,27.9275753445689 85.5551817473766,27.9275870825325 85.5551976222362,27.9275960431102 85.5552135690629,27.9275995927383 85.5552279922466,27.9276024198773 85.5552318004344,27.9276031663335 85.5552327814607,27.9276043026836 85.5552400511591,27.9276127233783 85.5552467878511,27.927621588075 85.5552520285007,27.9276284076869 85.5552610317485,27.9276386490886 85.5552738695581,27.9276469013314 85.5552806422355,27.9276530605526 85.5552851483591,27.9276578430684 85.5552896904636,27.9276599201101 85.5552949491078,27.9276653869834 85.555304812823,27.9276681963182 85.5553245672396,27.9276717858802 85.5553351205127,27.9276800141501 85.5553411406754,27.9276854890109 85.5553478863749,27.9276936773345 85.5553621842656,27.9277066801273 85.5553758285795,27.9277115585075 85.5553879318747,27.9277177736458 85.5554031351998,27.9277199625269 85.5554153284411,27.9277194139775 85.5554305587498,27.92771957375 85.5554450005608,27.9277217546379 85.5554571488318,27.9277245879276 85.5554669070665,27.9277251468056 85.5554716086321,27.9277254160757 85.5554875285063,27.9277309947787 85.5554905791782,27.9277334227433 85.5554995868414,27.9277405917503 85.5555063685316,27.9277460745924 85.5555169757884,27.9277502446378 85.5555337561144,27.9277483912695 85.5555428842548,27.9277461780599 85.5555444533081,27.9277457976271 85.5555589131123,27.9277466257661 85.5555623008692,27.9277475240364 85.5555832636273,27.9277482341132 85.5556037975716,27.9277504788866 85.5556067986686,27.92775389268 85.5556105343022,27.9277593435668 85.5556180955014,27.9277634816541 85.555620032173,27.927764991647 85.5556233721537,27.9277675957784 85.5556308973819,27.9277744393394 85.5556391481551,27.9277839963619 85.5556474349014,27.9277908479095 85.5556634177449,27.9277916920126 85.5556824196748,27.9277945971685 85.5557029896008,27.927794136453 85.5557182289144,27.9277936198254 85.5557471755171,27.9277932469602 85.555750212589,27.9277939552762 85.5557699580539,27.9277982211442 85.5557851344237,27.9278024390897 85.5558026672789,27.9278012700441 85.5558163835613,27.9278007374326 85.5558346959158,27.9277982236321 85.5558409446922,27.9277979628713 85.5558476506817,27.927797683031 85.5558673781686,27.9278033016226 85.5558764444307,27.9278088084059 85.5558886107073,27.9278102889209 85.5559038230492,27.9278118013789 85.5559212570019,27.9278180723736 85.5559225775132,27.9278181883284 85.5559387538945,27.9278196087854 85.5559661954548,27.9278178671653 85.5559692595034,27.9278165463698 85.5559723235489,27.9278152255756 85.5560012971312,27.927812823551 85.5560229661813,27.9278156213356 85.5560241066576,27.9278157685875 85.5560515572067,27.9278133505816 85.5560729875469,27.9278054577401 85.5561036100191,27.9277936025016 85.5561219942873,27.9277856777127 85.5561540498835,27.9277806021196 85.5561770032425,27.9277727252305 85.5561991453414,27.9277596074301 85.5562061745785,27.9277554430494 85.5562382840981,27.9277463092235 85.5562471347711,27.9277439097844 85.5562474582457,27.9277436995576 85.5562828475346,27.9277170120687 85.5563042418851,27.927711824665 85.5563332693674,27.9277053643563 85.556350184505,27.9276933653555 85.5563625664997,27.9276786129768 85.5563670081056,27.927673480342 85.5563764894984,27.9276625238258 85.5563842125115,27.927654487233 85.5564058688161,27.9276516824051 85.5564223961338,27.9276467699662 85.5564498825865,27.9276416464035 85.5564652387202,27.9276323368972 85.5564795698259,27.9276213701083 85.5564861681234,27.9276048213089 85.5564842790347,27.9275750371306 85.5564808129917,27.9275492952 85.556483448053,27.9275229407622 85.556472420795,27.9274930607907 85.5564597267108,27.9274739867548 85.5564653718792,27.927450369724 85.5564739282851,27.9274369301568 85.5564931368935,27.9274242787152 85.5565031740272,27.9274140380233 85.5565035578443,27.9273851530934 85.556488830877,27.9273471167835 85.5564467613568,27.927303382141 85.5564381265201,27.9272654096891 85.5564234355418,27.9272246678975 85.5563873503328,27.9271891135289 85.5563603313828,27.9271590659024 85.5563272563085,27.9271262489279 85.5563157230885,27.9271192437452 85.5562806398431,27.9270742188826 85.5561747169022,27.9269878465753 85.556116082737,27.9269698013032 85.5560798179149,27.926947774236 85.5560682810296,27.9268989479246 85.556050220554,27.9268825234359 85.5560291500059,27.9268633615296 85.5560173614236,27.9268334735411 85.5560298692209,27.9268092520253 85.5560300928438,27.9267924279243 85.5560302647883,27.9267794917977 85.5560245682844,27.9267496676897 85.5559915653572,27.9267114396907 85.5559798846851,27.9266734352737 85.5559712500527,27.9266354627971 85.5559532255965,27.926616332822 85.5559260270908,27.9265998124937 85.5558987566663,27.9265887031106 85.5558411698046,27.9265664523847 85.5558205422869,27.9265577325535 85.5558017872111,27.9265498042562 85.5557940598629,27.9265407615523 85.5557807887035,27.9265252313649 85.5557415500045,27.9264977613199 85.5557113055344,27.926481209005 85.5556962192713,27.9264702273702 85.5556662625697,27.9264320312463 85.5556237620874,27.9264207620715 85.5556027276741,27.92639889463 85.5555694732005,27.9263796048615 85.5555452129219,27.926371232836 85.55552098862,27.9263601553317 85.5554753010199,27.9263520494506 85.5554152531757,27.9262974401981 85.5553646197091,27.9262565036028 85.5553130411003,27.9261872443355 85.5553102854157,27.9261685353828 85.5553109689901,27.9261171313648 85.5552965663979,27.9260547456709 85.5552607697714,27.9259975472325 85.5552337874036,27.925964793928 85.5552101029216,27.9259131342539 85.5551985665185,27.9258643078814 85.555168610154,27.9258261116588 85.5551507658772,27.9257934542139 85.5551510177444,27.9257745158919 85.5551187710309,27.9256794727349 85.5551043685961,27.9256170870233 85.5550989242682,27.9255683245618 85.5550631278964,27.9255111260781 85.5550454636151,27.9254649412483 85.555049157308,27.9254162746661 85.5550437130108,27.9253675122023 85.5550291667189,27.9253159483818 85.5550175584815,27.9252725329447 85.5550242621842,27.9252266037975 85.5550094280483,27.9251966837722 85.5549913680101,27.9251802591572 85.5549888889218,27.9251792491978 85.5549883220202,27.9251802271958 85.5549577901508,27.9251853185271 85.5548937883736,27.9251873527822 85.5548417906165,27.9252030422388 85.5547500869947,27.9252264325362 85.5546313293445,27.925222480307 85.5545611995703,27.9252271559415 85.5544270319907,27.9252365710507 85.5543389142619,27.9252194109358 85.5542445965762,27.925210303231 85.5541132245593,27.9251903227621 85.5541016510978,27.9251925673529 85.5540948749968,27.9252439073879 85.5540976689422,27.9252628776838 85.5540983159371,27.9252659387284 85.554081133895,27.9252783537227 85.5540775884884,27.9252864584959 85.5540775459374,27.9252870190659 85.5540742226691,27.9252941527338 85.5540712739181,27.9253004824698 85.5540709728361,27.9253015818279 85.5540664708824,27.9253180200745 85.5540615598226,27.9253436740992 85.5540598927958,27.925354480002 85.5540582077648,27.9253666386414 85.554058099742,27.9253747550617 85.5540655346903,27.9253883623842 85.5540621646277,27.925412679663 85.5540604435881,27.9254275437757 85.5540480795657,27.9254409432132 85.554034192542,27.9254543266582 85.5540263795042,27.9254691268043 85.5540261274441,27.9254880651178 85.5540243883937,27.9255042819664 85.554016593355,27.9255177293751 85.554005698302,27.9255352030097 85.5539994082535,27.9255500191456 85.5539961822073,27.9255635145283 85.5539912351076,27.9255918740219 85.5539819530677,27.9256025999629 85.5539696610353,27.9256105884455 85.5539450949707,27.9256252126705 85.5539175549212,27.9256343939591 85.5538837968211,27.9256529804252 85.5538744967591,27.9256650590948 85.5538636196744,27.9256811799798 85.5538496245568,27.9257026798228 85.553850967492,27.9257162231817 85.5538492824302,27.9257283818168 85.5538414513393,27.9257445346868 85.5538320612298,27.9257633770354 85.5538288351554,27.9257768724128 85.5538269700199,27.9258025584123 85.5538144978817,27.9258240742444 85.5538158948347,27.9258335593939 85.5538232757594,27.9258512249381 85.5538230416671,27.9258688105124 85.5538258175686,27.9258891335475 85.5538225194603,27.9259080398701 85.5538101373448,27.9259227920187 85.553793240234,27.9259334379738 85.5537805879959,27.925968481166 85.553769728873,27.9259832493048 85.553749677689,27.9260019796831 85.5537403595725,27.9260154110778 85.5537157393591,27.9260340934656 85.5536881271514,27.9260486856486 85.5536727350064,27.9260607003194 85.5536588658648,27.9260727309842 85.5536404997379,27.9260793027139 85.5536221516187,27.9260845217048 85.5536143384764,27.9260993218225 85.5536095713461,27.9261141539326 85.5536031911569,27.9261357337274 85.5535969190258,27.926149197104 85.5535890878647,27.9261653499561 85.5535919177578,27.9261816147849 85.5535947656618,27.9261965268773 85.5535975955564,27.926212791706 85.5536005155024,27.9262222928532 85.5536155654894,27.9262359801813 85.5536228023261,27.9262644676253 85.5536226762567,27.9262739367793 85.5536178550888,27.9262928270979 85.5536267590183,27.926310508648 85.5536280478998,27.9263281102159 85.5536263087707,27.9263443270548 85.5536276696919,27.9263565176776 85.5536365015886,27.9263796101722 85.5536360693525,27.9264120758425 85.5536328072111,27.9264282766849 85.5536296351183,27.9264377138459 85.5536238778761,27.9264451911039 85.5536264270049,27.9264498564793 85.5536308699709,27.9264593736223 85.5536307258913,27.9264701955123 85.5536305998215,27.926479664666 85.5536365477915,27.9264905505415 85.5536363676924,27.926504077904 85.5536362056031,27.9265162525302 85.5536375845366,27.9265270904164 85.5536435685293,27.9265352708192 85.5536555725369,27.9265489261516 85.5536569694823,27.9265584113015 85.5536582403601,27.926577365605 85.5536611963391,27.9265841612785 85.5536656753323,27.9265909729481 85.553670118307,27.92660049009 85.553671479235,27.9266126807122 85.5536773551778,27.9266289775311 85.5536802931498,27.9266371259405 85.5536832131128,27.9266466270861 85.5536846280709,27.9266547594995 85.5536979930278,27.9266806054507 85.5537025080456,27.9266847116467 85.5537115380821,27.9266929240383 85.5537205681201,27.9267011364293 85.5537295801504,27.9267107015561 85.5537370871755,27.9267188979506 85.5537461712437,27.9267230521313 85.5537567783284,27.9267272223066 85.5537673133801,27.9267368034262 85.5537808584493,27.9267491220074 85.5537883114562,27.9267613766082 85.5537973415057,27.9267695889946 85.5538094716135,27.9267737751607 85.5538200967136,27.9267765925951 85.5538336958168,27.9267848529625 85.5538442308809,27.9267944340766 85.553850196896,27.9268039672075 85.5538530628555,27.926817526559 85.5538575598774,27.9268229854865 85.5538635078877,27.9268338713533 85.553869509921,27.9268406990108 85.5538754759407,27.9268502321408 85.5538814059471,27.9268624707431 85.5538826048366,27.9268868359907 85.5538824067579,27.9269017160902 85.5538822627007,27.9269125379806 85.5538788925337,27.9269368552464 85.5538832094899,27.9269558415363 85.5538768112897,27.9269787740777 85.5538673490397,27.9270030273668 85.553864104918,27.9270178754777 85.553871395885,27.9270423047011 85.5538788849355,27.9270518538251 85.5538848869812,27.9270586814823 85.5538939170619,27.9270668938632 85.5539043801297,27.9270818859187 85.5539017986622,27.9271014440148 85.5539108645814,27.9271096889842</coordinates></LinearRing></outerBoundaryIs></Polygon></MultiGeometry>
  </Placemark>
  <Placemark>
	<Style><LineStyle><color>ff0000ff</color></LineStyle><PolyStyle><fill>0</fill></PolyStyle></Style>
      <MultiGeometry><Polygon><outerBoundaryIs><LinearRing><coordinates>85.5570660662062,27.928097952443 85.5570784481555,27.9280831999988 85.5571061323419,27.9280631961903 85.5571306806071,27.9280499241489 85.5571628081146,27.92803943737 85.5571843821627,27.9280207224499 85.5572041253507,27.928016814135 85.557210345646,27.9280155827799 85.5572455371747,27.9280037751582 85.557279151763,27.9279960097847 85.5573035203392,27.9279962650924 85.5573339810598,27.927996584221 85.5573567906711,27.9279995290393 85.5573781850345,27.9279943414691 85.5573965512882,27.9279877692461 85.5574301658625,27.9279800038351 85.5574440528217,27.9279666200489 85.5574578858872,27.9279572944757 85.5574840649019,27.9279359218939 85.5575012673621,27.9279022789363 85.5575020640187,27.9278932677717 85.5575139276521,27.927866559006 85.5575190176705,27.9278273774578 85.5575253972057,27.9278057974612 85.557542545744,27.9277762127115 85.5575539776668,27.9277552804703 85.5575550353643,27.9277533437899 85.5575659839848,27.9277318116518 85.5575829520504,27.9277211953247 85.557621280147,27.9276972147708 85.5576458641906,27.9276812371546 85.5576613818801,27.9276597528656 85.5576782789109,27.9276491064342 85.5576739971849,27.9276274147623 85.5576345061427,27.9276188835662 85.5576009455779,27.927622590817 85.5575913727505,27.9276265493231 85.5575628159181,27.927626250199 85.5575231273005,27.9276325990931 85.5574957486669,27.9276296064421 85.5574682622567,27.9276347302156 85.5574407399173,27.9276425594601 85.5573980591177,27.927644818193 85.5573675086732,27.9276512627735 85.55731864592,27.9276602213497 85.5572775061094,27.9276611432629 85.5572454865206,27.9276635136447 85.5572226051187,27.9276659797631 85.5572108626328,27.9276686296058 85.5571996877831,27.927671151354 85.5571829344378,27.9276709758197 85.5571769202537,27.9276703779264 85.55717073222,27.9276722008952 85.5571446990997,27.9276681562576 85.5571120955126,27.9276715865037 85.5570900744456,27.9276666205198 85.5570603753364,27.9276663093203 85.5570252917126,27.9276700004703 85.5569872878079,27.9276641905254 85.5569637796567,27.9276565030856 85.5569518862461,27.9276508665532 85.5569433445253,27.9276468184557 85.5569212348059,27.9276472200758 85.5569197285619,27.9276472474365 85.5568953331129,27.9276490211708 85.5568823813472,27.9276462024469 85.5568626778024,27.9276419143172 85.5568368132362,27.927639613866 85.5568216188714,27.9276367487736 85.5568018913584,27.9276311303179 85.5567790459002,27.9276308908867 85.5567447327831,27.9276339135775 85.5567203373356,27.9276356872808 85.5567107450817,27.9276372321946 85.5566966764439,27.927639498068 85.5566659792592,27.9276434458575 85.5566577133516,27.9276485601678 85.5566393561029,27.927654455924 85.5566332280328,27.9276570975445 85.5566171822883,27.9276609881367 85.5566011455297,27.9276642023581 85.5565850638349,27.9276707984221 85.5565765523581,27.9276808561511 85.5565497914667,27.9276886931968 85.5565244817034,27.9277019571531 85.5565113112488,27.9277187306711 85.5564898719671,27.9277272999516 85.5564623675183,27.9277337762592 85.5564356785105,27.9277362023311 85.556417393141,27.927736687106 85.5563799530258,27.9277457650911 85.5563554227227,27.9277576842607 85.5563385525184,27.9277663014176 85.5563193168644,27.9277809819406 85.5562872163293,27.9277894394164 85.5562551068004,27.9277985732533 85.5562451082076,27.9278059095169 85.5562297520309,27.9278152189968 85.5562104893857,27.9278319286098 85.5561960946131,27.927844415522 85.5561904562284,27.9278493066042 85.5561840556265,27.9278519251514 85.556159824759,27.9278618382304 85.5561277961087,27.9278648847177 85.5561224706239,27.9278686872225 85.556119356495,27.9278695314662 85.556097092707,27.9278828272793 85.5560839761066,27.9278955425404 85.5560633612083,27.9278993851557 85.5560412232748,27.9279032117974 85.5560167738171,27.9279090435854 85.555986295157,27.9279100769038 85.5559604844997,27.9279037180742 85.5559400674016,27.92789268056 85.5559369724548,27.9278910018441 85.5559120890883,27.9278775049715 85.5558801863104,27.9278710822395 85.5558649469858,27.9278715988846 85.5558459450365,27.9278686937532 85.555810225691,27.9278629074422 85.5557830780907,27.9278658763831 85.5557820046175,27.9278659937812 85.5557731963442,27.9278642734618 85.555741743155,27.9278581304267 85.5557227591971,27.9278538725412 85.5557169907344,27.9278551563319 85.5557082454212,27.9278571026305 85.5556831063842,27.9278575154231 85.5556436783936,27.9278442490787 85.5556423604615,27.9278430505314 85.5556354006366,27.9278367211622 85.5556166595019,27.9278142013106 85.555598571972,27.9277998058673 85.5555765329733,27.9277961923801 85.5555368981659,27.9277984824834 85.5555140257039,27.9278002719467 85.5554842186514,27.9278080768286 85.5554605397003,27.9278132401373 85.5554491848019,27.9278102535325 85.555415001639,27.9278012625584 85.5553994203676,27.9277938039141 85.5553976126937,27.9277916096581 85.5553871043779,27.9277799995499 85.5553750910222,27.9277670207262 85.5553614467015,27.9277621423457 85.5553500599449,27.9277593170365 85.5553326170431,27.9277537223395 85.5553243393151,27.9277461944053 85.5553137590518,27.9277399952399 85.5552955186592,27.9277370980231 85.5552788552699,27.9277301585718 85.5552690815025,27.9277205855501 85.5552608217723,27.9277117048753 85.5552502145299,27.9277075348107 85.5552411393144,27.9277027043561 85.5552374126971,27.9276965770916 85.5552306939925,27.9276863596574 85.5552224432634,27.927676802612 85.5552027248325,27.9276705075615 85.5551799513484,27.927664856917 85.5551679470262,27.9276512017079 85.5551597592767,27.9276369100797 85.5551476829921,27.9276286658167 85.5551256620385,27.9276236995222 85.555096769463,27.9276200140477 85.555072400995,27.9276197583527 85.5550442609407,27.9276167572263 85.5550207079691,27.9276124513023 85.5550139443062,27.9276056157005 85.5549870156204,27.9275688041323 85.5549772868787,27.9275558492491 85.5549675671362,27.9275422179968 85.5549465416506,27.9275196740869 85.5549200236254,27.927509248866 85.5549002782517,27.9275049828791 85.554886553009,27.927506191769 85.5548652126284,27.9275073207412 85.5548423942092,27.9275050518846 85.5548265643835,27.9274927094255 85.5548206252396,27.927481147228 85.5548154116185,27.9274722984958 85.5548087379575,27.9274586992008 85.5547921736234,27.927444319641 85.5547740052832,27.9274360114104 85.5547482038174,27.9274289759916 85.5547306890144,27.9274287921681 85.5547139267263,27.9274292927032 85.5546918518433,27.9274283845515 85.5546792959466,27.9274242524641 85.554670619464,27.927421397074 85.5546585882365,27.9274097709284 85.5546458314947,27.9273954313157 85.5546284156883,27.9273878074277 85.5546156949499,27.9273707623391 85.5546089853231,27.9273598685087 85.5546001593873,27.9273514593561 85.5545931375469,27.927348878761 85.5545863019326,27.9273474540861 85.554575640757,27.9273473421816 85.5545634385574,27.9273485670263 85.5545459687669,27.9273450013382 85.5545323065401,27.9273414756153 85.5545163597769,27.9273379259104 85.5544936494024,27.927327540578 85.5544784641551,27.9273239988625 85.5544427540774,27.9273175358374 85.5544253112976,27.9273119410295 85.5544035244587,27.9272893890478 85.5543892087389,27.9272777388976 85.5543702969488,27.927268069885 85.5543429455258,27.9272630475088 85.5543201451747,27.9272594258314 85.5542821775977,27.9272509096772 85.5542617247962,27.927242577397 85.5542351619019,27.92723553389 85.5542047284415,27.9272331849794 85.5541841496242,27.927234321843 85.5541567352061,27.9272340340078 85.554139999955,27.9272325053695 85.5541202366626,27.92722959201 85.5540942282386,27.9272381129402 85.554069841862,27.9272392098074 85.554044049497,27.9272314978918 85.5540304233141,27.9272252666475 85.5540099615356,27.9272176106989 85.5539811771533,27.9272058085777 85.5539706600447,27.9271948747364 85.5539548393695,27.9271818558138 85.5539419657061,27.9271763089258 85.5539237164493,27.9271740879001 85.5539070262297,27.9271691773932 85.5538917870048,27.9271696938232 85.553877273276,27.9271729237212 85.5538650981024,27.9271721194001 85.5538574829917,27.9271720394289 85.5538506203881,27.9271726438227 85.55384448328,27.9271759616857 85.5538406126969,27.9271806562764 85.5538343045123,27.9271968251332 85.5538372064936,27.9272076790121 85.553837044422,27.9272198536381 85.5538391848927,27.9272306995196 85.5538481249443,27.9272456755848 85.5538471833541,27.9272591949498 85.5538393701497,27.9272739950758 85.5538354725507,27.9272807187705 85.5538253117786,27.9273002294804 85.5538160025564,27.9273129845057 85.5538150789696,27.927325151134 85.553817809873,27.9273488560069 85.5538170123441,27.9273515534819 85.5538128806319,27.9273758627461 85.5537990023259,27.9273885697851 85.5537874265633,27.9273999480793 85.5537810373169,27.927422204245 85.5537800326849,27.9274404581853 85.5537592016994,27.9274605332896 85.5537422323002,27.9274765901714 85.5537343020033,27.9275001830746 85.5537309948122,27.9275197657564 85.5537170534439,27.9275372073622 85.553704689128,27.9275506067544 85.5536999849716,27.9275607042864 85.5536898241471,27.9275802149836 85.5536856743853,27.9276058769778 85.5536816236774,27.9276240989234 85.5536753064354,27.9276409441381 85.5536667856949,27.9276516780452 85.5536476307665,27.9276602708701 85.553637568982,27.9276723415144 85.5536434179533,27.9276906674383 85.5536554671081,27.9277009409332 85.5536660292566,27.9277084929585 85.5536834000144,27.9277194988073 85.5536939621666,27.9277270508305 85.5537083409002,27.9277339664755 85.5537234631408,27.9277422428531 85.5537294201883,27.9277524523576 85.5537437899228,27.9277600443671 85.5537597277131,27.9277642705306 85.5537756114773,27.9277725549006 85.5537891836846,27.92778284438 85.5537958932514,27.9277937382476 85.5537941541133,27.9278099550853 85.5537756436215,27.9278273487093 85.5537679654327,27.9278320033077 85.553744277404,27.927837842686 85.5537228649152,27.9278443824223 85.5537129201857,27.9278476602873 85.5536958606656,27.92787048084 85.5536932699436,27.9278934533574 85.5536862001747,27.9279096142052 85.5536706636715,27.9279324507506 85.5536673024203,27.9279560916367 85.553657150555,27.9279749259608 85.5536476881592,27.9279991792263 85.5536437364876,27.9280099611213 85.5536466204566,27.928022167739 85.5536518430101,27.9280303401443 85.5536629325665,27.9280554857365 85.5536650550214,27.9280676843553 85.5536837867748,27.9280908808262 85.5536895096999,27.9281186759 85.5536892935741,27.9281349087315 85.5536959581246,27.9281491844437 85.5536964945122,27.9281661016414 85.553697039905,27.9281823424711 85.5536968147745,27.9281992516705 85.5537041688064,27.9282189463245 85.5537130999086,27.9282345987667 85.5537136813244,27.9282481341244 85.553713528237,27.9282596323799 85.553714592012,27.9282941431428 85.5537083287623,27.9283069301483 85.5537104242103,27.9283211578704 85.5537314585827,27.9283430255948 85.5537426382364,27.9283614075016 85.5537469732232,27.9283790410573 85.5537476717079,27.9283837836311 85.5537649705401,27.9284002004168 85.5537693325465,27.928415804868 85.553768282871,27.9284374406451 85.5537658272184,27.9284502676426 85.5537649036102,27.9284624342681 85.5537851764997,27.9284842939873 85.5537926566311,27.9284945194855 85.5537985416854,27.9285101399315 85.5538051612479,27.9285277974789 85.5538049271262,27.9285453830462 85.5538001689031,27.9285595387868 85.5537870609635,27.9285715774467 85.5537838437884,27.9285843964463 85.553788949315,27.9286013616307 85.5538032561304,27.9286136882132 85.5538107812953,27.9286205318708 85.5538273726796,27.9286328824442 85.5538393949394,27.9286451850301 85.5538513451664,27.9286628985589 85.5538511110509,27.9286804841262 85.5538555000923,27.928694059471 85.5538689013359,27.9287171999372 85.5538687032402,27.9287320800327 85.553866910065,27.9287523550768 85.5538651529066,27.928769924649 85.5538694699178,27.9287889109371 85.5538661176786,27.9288118754579 85.5538658655552,27.9288308137608 85.5538534290663,27.9288496241027 85.5538561329872,27.9288753580754 85.5538635141017,27.9288930236179 85.5538722561857,27.9289228797783 85.5538750681649,27.9289404973352 85.5538593874706,27.9289741557816 85.5538439228768,27.9289915813953 85.553836109536,27.9290063815128 85.5538296136803,27.929020324779 85.5538408206328,27.9290478538716 85.5538537467864,27.9290545955809 85.5538735103996,27.9290575089901 85.5538810265941,27.9290650290127 85.5539000016728,27.9290699635245 85.5539266640308,27.9290695670629 85.5539510238076,27.9290704993408 85.5539684578343,27.929076770585 85.5539873068672,27.9290911742367 85.5539985046435,27.9291082033894 85.5540153489946,27.9291184347497 85.5540166371789,27.9291192172006 85.5540184317454,27.9291194295483 85.5540417314829,27.9291221865635 85.5540653837683,27.929119052617 85.5540973858159,27.9291180357301 85.5541140853435,27.9291222698562 85.5541383911184,27.9291272603094 85.5541711366881,27.9291276041376 85.5542016066862,27.9291272476028 85.5542205457831,27.9291348875435 85.5542471001329,27.9291426074369 85.5542608345895,27.929140722251 85.5542942156639,27.9291505431983 85.5543107621753,27.929166275558 85.5543349599511,27.929179382394 85.5543516775018,27.9291822637558 85.5543752847871,27.9291825115966 85.5544125005165,27.9291903433857 85.5544284385438,27.9291945694799 85.5544466611488,27.9291988195555 85.5544562176398,27.9291989198777 85.5544664608113,27.9291990274087 85.5544901131048,27.9291958933894 85.5545092592482,27.9291879768248 85.5545099273724,27.9291875912687 85.5545230747113,27.9291800042998 85.5545354571255,27.9291652521041 85.554541666332,27.9291565232696 85.5545638945663,27.9291459331999 85.5545837662207,27.9291407300907 85.554602912348,27.9291328135124 85.5546122216465,27.9291200584395 85.5546245410432,27.9291100408121 85.554645210212,27.9291021402145 85.5546658703783,27.9290949159817 85.5546926947352,27.9290823447446 85.5547088037452,27.9290737198106 85.5547393097283,27.9290706576833 85.5547567977991,27.9290728706202 85.5547743398638,27.9290710253457 85.5547866052478,27.9290650659123 85.5548034847716,27.929055772591 85.5548103654888,27.9290538154178 85.5548469636611,27.9290508172051 85.5548683223422,27.9290483355109 85.5548820477808,27.9290471266304 85.5549010768968,27.9290480027964 85.5549087281346,27.9290453772417 85.5549254906728,27.9290448766924 85.5549528065821,27.9290526044425 85.5549748638035,27.9290548653012 85.5549984350778,27.9290578185072 85.5550173292375,27.9290688401815 85.5550332942658,27.929071037101 85.5550522694055,27.9290759714561 85.5550636023073,27.929082855004 85.5550802388942,27.9290918235921 85.5551052702527,27.9290995273402 85.5551142736015,27.9291097687534 85.5551270665845,27.9291214028559 85.5551398955566,27.929130331484 85.555155644681,27.9291487612294 85.5551639224991,27.9291562891759 85.555190986559,27.9291829551934 85.5551939157099,27.9291917799427 85.5551994465242,27.929204494308 85.5551998279904,27.9292053712313 85.5552080608347,27.9292162810169 85.5552231114297,27.9292299681868 85.5552374274904,27.92924161826 85.5552431145657,27.9292433006466 85.5552563936743,27.9292472289566 85.5552776084555,27.9292555690935 85.5552980527182,27.9292645776059 85.5553154598748,27.9292728777885 85.5553237467089,27.9292797293577 85.5553319705759,27.9292913155049 85.5553523159013,27.9293077640615 85.5553553350216,27.9293098251243 85.5553650639569,27.9293227799852 85.555375545426,27.9293364192031 85.5553974857809,27.9293474727853 85.5554087917484,27.9293563854115 85.5554148569788,27.9293584784295 85.5554426826779,27.9293851523901 85.5554470179762,27.9294027859016 85.5554513802602,27.9294183903078 85.5554603746731,27.9294293080685 85.5554685895709,27.9294415705766 85.5554767594975,27.9294572149262 85.5554795177806,27.9294788906695 85.5554899453113,27.9294965880899 85.5554996562898,27.9295108956789 85.5555222952602,27.9295266918101 85.5555357239439,27.9295478030234 85.5555379635574,27.9295512088308 85.5555627971858,27.929573792605 85.5555716836934,27.9295928267799 85.5555745409325,27.9296070624694 85.5555873250289,27.9296193729007 85.5556069718822,27.9296310788557 85.5556258662045,27.9296421004516 85.5556424039943,27.9296585090286 85.5556491048645,27.9296700791827 85.5556809272087,27.9296825893017 85.5556960228943,27.9296928945814 85.5556995967146,27.9297105200986 85.5556977319085,27.9297362061234 85.555699818644,27.9297511101915 85.555700427287,27.9297626164423 85.5557040190964,27.9297788892224 85.5557114455371,27.9297931728351 85.5557135862349,27.9298040186925 85.5557218011884,27.929816281187 85.5557284211375,27.9298339386534 85.5557434359102,27.9298503312445 85.5557477802659,27.9298672883795 85.5557484615714,27.9298749466035 85.5557794813449,27.9299206489653 85.5557926267774,27.929931346248 85.5558191454747,27.9299417713226 85.555835029718,27.9299500554703 85.555853906134,27.9299624297742 85.5558636981321,27.929970650024 85.5558780143586,27.9299823000356 85.5558953946988,27.9299926292554 85.5559172992716,27.9300063882345 85.5559346886114,27.9300160410811 85.5559475357395,27.9300236169024 85.5559557597274,27.9300352030157 85.5559739106074,27.9300448638439 85.5560012897904,27.9300478568178 85.5560263574049,27.9300528549341 85.556051326118,27.9300652930994 85.5560922690309,27.9300792516946 85.5561020790399,27.9300861191913 85.5561164312713,27.9300950637055 85.5561339015609,27.9300986292114 85.5561513628611,27.9301028710836 85.5561657510613,27.9301091101188 85.5561824598226,27.9301126676335 85.5562067119874,27.930121715944 85.5562165130175,27.9301292598015 85.5562263050587,27.9301374800269 85.5562414637909,27.9301430506707 85.5562626968067,27.930150037927 85.5562786080856,27.93015629292 85.5562968219445,27.9301612191275 85.5563072822775,27.9301660022944 85.5563300882489,27.9301710213514 85.5563642208155,27.9301903372054 85.5563862872962,27.9301919214787 85.5564181458397,27.9302017259609 85.556442460968,27.930206039651 85.5564683171422,27.9302090165667 85.5564912440368,27.9302031687521 85.5564998641592,27.9301974219825 85.5565012338538,27.9301965088494 85.556512484423,27.9301874009009 85.556518035539,27.9301778245193 85.5565473371436,27.9301124728718 85.5565485421657,27.9301009612952 85.5565430242431,27.9300893893463 85.5565131741578,27.9300430769539 85.556510703287,27.9299997574284 85.5565232832812,27.9299701249389 85.5565296991111,27.9299458395325 85.5565330688129,27.9299215221934 85.5565303822173,27.929894435515 85.5565307057933,27.9298700862434 85.5565311731802,27.9298349150732 85.556531532708,27.9298078603267 85.556522825778,27.9297752988342 85.5565141188528,27.9297427373411 85.5565174525967,27.9297211254763 85.556517884032,27.9296886597802 85.5565001106682,27.9296505915396 85.5565066702933,27.9296154842339 85.5565253065176,27.9295886210805 85.5565440505886,27.9295536414999 85.556547348367,27.929534735108 85.5565604730927,27.9295065614315 85.5565650044331,27.9294722250135 85.5565634777254,27.9294672578946 85.5565515808901,27.9294454863712 85.5565460638959,27.9294021349113 85.5565528391967,27.9293507947519 85.5565685730574,27.9293130777588 85.5565828421763,27.9292836447144 85.5565842350053,27.9292807717131 85.5565943080357,27.9292105251555 85.5565917292848,27.9291753220508 85.5565952427414,27.9291401828062 85.5565958538933,27.9290941897312 85.5565903368924,27.929050838271 85.556592266602,27.929038328261 85.5565936705935,27.9290292264008 85.5565975592976,27.9290218599421 85.5566092965395,27.9289996258242 85.55661883028,27.9289699613868 85.55661765173,27.9289607005921 85.5566133132738,27.9289266099266 85.5566168267116,27.9288914706797 85.5566416987618,27.92885384946 85.5566462818216,27.9288430537832 85.5566542785732,27.9288242169474 85.5566516391696,27.9288053666514 85.5566459311544,27.9287646007078 85.5566401625051,27.9287401875738 85.556625435328,27.9287021512771 85.5566257948151,27.928675096525 85.5566322464806,27.9286481056305 85.556644826268,27.9286184731171 85.5566513498206,27.9285860712706 85.5566729959608,27.9285619454889 85.5566875412964,27.9285421636828 85.5566947139849,27.9285324087526 85.5566947559934,27.9285292470479 85.5567197616528,27.9284844788514 85.5567293712009,27.928446184735 85.5567448532379,27.9284274060378 85.5567635251318,27.9283978373624 85.5567760689073,27.9283709103091 85.5567976071438,27.928354900931 85.5568346273799,27.9283201128406 85.5568503609779,27.9282823958005 85.5568659867383,27.928252795185 85.5568997811333,27.9282315025299 85.5569244013422,27.9282128195765 85.5569399192515,27.9281913353785 85.5569707753547,27.9281618943555 85.5569985850475,27.9281551513299 85.5570516463656,27.9281075881261 85.5570626735346,27.9281010234172 85.5570660662062,27.928097952443</coordinates></LinearRing></outerBoundaryIs></Polygon></MultiGeometry>
  </Placemark>
  <Placemark>
	<Style><LineStyle><color>ff0000ff</color></LineStyle><PolyStyle><fill>0</fill></PolyStyle></Style>
      <MultiGeometry><Polygon><outerBoundaryIs><LinearRing><coordinates>85.5510080560388,27.9182222502409 85.551038928762,27.9181914577238 85.5510682605381,27.9181620019149 85.5510975562279,27.9181352515718 85.5511176965086,27.9181097578398 85.5511286453177,27.9180882261957 85.551134989375,27.9180693519647 85.551135187756,27.9180544718643 85.5511231308592,27.9180448745523 85.5511018284007,27.9180432975383 85.5510606020941,27.9180509814117 85.5510118154281,27.9180545269591 85.5509706251855,27.9180595053326 85.5509367968828,27.9180835021107 85.5509168008652,27.9180981739249 85.5509027881895,27.9181210262424 85.5509040405194,27.9181413333083 85.5508883606389,27.9181749914915 85.5508728430904,27.9181964750465 85.5508696169212,27.9182099703635 85.5508678234554,27.918230245384 85.5508752214734,27.9182465583315 85.5508933879875,27.9182548670183 85.5509055350737,27.9182577006691 85.5509176641231,27.9182618870551 85.5509343438223,27.9182674742422 85.5509419582993,27.9182675543515 85.5509601789332,27.9182718048211 85.550972362097,27.9182719329936 85.5509799946111,27.9182706603646 85.5509815175066,27.918270676386 85.5509908532819,27.918255892415 85.5510080560388,27.9182222502409</coordinates></LinearRing></outerBoundaryIs></Polygon></MultiGeometry>
  </Placemark>
  <Placemark>
	<Style><LineStyle><color>ff0000ff</color></LineStyle><PolyStyle><fill>0</fill></PolyStyle></Style>
      <MultiGeometry><Polygon><outerBoundaryIs><LinearRing><coordinates>85.5475703790508,27.9118983213851 85.5475657202672,27.9119050368951 85.5475594663812,27.9119171472909 85.5475577809067,27.9119293058542 85.5475515450929,27.9119400635141 85.5475452008299,27.9119589375863 85.5475480837676,27.9119711443174 85.5475509486314,27.9119847037839 85.5475536869736,27.9120077323984 85.5475580204207,27.9120253661271 85.5475575504818,27.9120605372484 85.5475680293803,27.9120741769942 85.547575498817,27.9120850791569 85.547582950181,27.9120973340546 85.5475904015465,27.912109588952 85.5475932121958,27.912127206624 85.5475992130537,27.9121340345235 85.5476143507562,27.9121409587555 85.5476251911456,27.9121275437882 85.5476348521248,27.9120884107909 85.5476534330521,27.912065606948 85.5476597050105,27.9120521438126 85.5476690045059,27.9120400655218 85.5476690948719,27.9120333018442 85.5476754571917,27.9120130750303 85.5476939658058,27.9119956821231 85.5477031930015,27.9119890147717 85.5477158502239,27.9119716716716 85.5477218100419,27.911963505447 85.5477357321536,27.9119474171066 85.5477557816232,27.9119286875084 85.5477776464688,27.9119113716351 85.5477911856289,27.9119006492917 85.5478065582407,27.911889987939 85.547834239777,27.9118699858582 85.5478573528929,27.9118499356138 85.5478759337318,27.9118271317368 85.5478959762408,27.91180064792 85.5479053910232,27.911788207393 85.5479201074875,27.9117797144209 85.5479238092128,27.91177757813 85.5479544098174,27.9117670772764 85.5479914630042,27.9117295859048 85.548002303305,27.9117161709038 85.5480161350001,27.9117068462106 85.5480376891099,27.9116894853537 85.5480470065998,27.9116760542982 85.5480502148154,27.9116639117766 85.5480508531909,27.9116625414469 85.5480596226416,27.9116437170411 85.5480796539314,27.9116263401265 85.5481006353313,27.9116162730528 85.5481072450135,27.9116131016649 85.5481332771548,27.9116025526198 85.5481639499581,27.9115866407732 85.5481809717544,27.9115665262729 85.548185702751,27.9115543997961 85.5482011294741,27.9115396801878 85.5482226112577,27.911527730243 85.5482485711057,27.9115225921186 85.5482669169563,27.9115173737501 85.5482731165441,27.9115093215256 85.548274390064,27.9115039944473 85.5482777662343,27.9115032823569 85.5482793793591,27.9114965347248 85.5482718918222,27.9114869853342 85.5482491582365,27.9114786281999 85.5482325790779,27.911465600679 85.5482265420822,27.9114614782782 85.5482189822888,27.9114573398288 85.5482099177639,27.9114518325947 85.548196284846,27.9114462772143 85.5481742855743,27.9114399571962 85.5481591479287,27.9114330330275 85.5481486238449,27.9114227751647 85.5481327248046,27.9114158429687 85.5481221194233,27.9114116724156 85.5481092027458,27.9114095068913 85.5480940199403,27.9114059645554 85.548081936933,27.9113983961099 85.5480728633865,27.9113935652351 85.5480600551193,27.9113832832911 85.5480487606175,27.9113736937641 85.5480351457863,27.9113667856324 85.5480108262093,27.9113631469854 85.5480062758871,27.9113617460974 85.5479994775083,27.9113576156621 85.5479904491406,27.9113494029424 85.5479851916278,27.9113439358212 85.5479791727173,27.9113384606742 85.5479701262839,27.9113316006892 85.5479617960772,27.9113281305687 85.5479428153328,27.911323871721 85.5479245417796,27.9113236791038 85.5479077910227,27.9113235025359 85.5478819938396,27.9113164659754 85.5478631124871,27.9113047670702 85.5478517999408,27.9112965302636 85.5478420011567,27.9112889858765 85.5478207994789,27.9112799683586 85.5478003140249,27.9112743407033 85.547788956309,27.9112694857312 85.547779103318,27.911265999547 85.5477661957018,27.9112631576236 85.547750206353,27.9112629890635 85.5477380239921,27.9112628606356 85.5477226466251,27.9112611199763 85.5477182547637,27.9112606228343 85.5477000083313,27.9112584010843 85.5476833027672,27.9112548426503 85.547668174217,27.9112472420618 85.5476567984375,27.9112437398147 85.5476354522011,27.9112455441542 85.5476201971434,27.91124741271 85.5475966390076,27.9112437820187 85.5475815195022,27.9112355050531 85.5475720890763,27.9112302480475 85.5475679137568,27.9112279205091 85.5475610882924,27.9112258191561 85.5475504739162,27.9112223249282 85.5475436213413,27.9112222526778 85.5475428237959,27.9112249501211 85.5475380837077,27.911237752942 85.5475356097362,27.911251932582 85.5475324105151,27.9112633987228 85.547525431417,27.9112727956203 85.5475192046781,27.9112828769133 85.5475152440565,27.9112943350255 85.5475104587752,27.911310519684 85.5475042139578,27.9113219537116 85.5474972167786,27.9113327033429 85.5474970541054,27.9113448779628 85.5475030097294,27.9113550877043 85.5475060964498,27.9113617014332 85.5475120199845,27.91136465319 85.547515718528,27.9113728097435 85.5475148306076,27.9113822708642 85.5475093200726,27.9113957420232 85.5475009364691,27.9114004364453 85.547496276888,27.9114030455906 85.5474878292052,27.9114083682228 85.5474800886949,27.9114177570892 85.547476182289,27.9114251569932 85.5474745871913,27.9114305518786 85.5474737083041,27.9114393366312 85.5474766635233,27.9114461324218 85.5474779332691,27.9114650867754 85.5474778157808,27.9114738795562 85.547482275724,27.9114820441388 85.5474860104188,27.911487495222 85.5474873795792,27.9114990095302 85.547487307279,27.9115044204722 85.5474882194124,27.9115054773056 85.5474955561452,27.911513977931 85.5475007955654,27.9115207978057 85.5475015027401,27.9115248640404 85.5475028628649,27.9115370547163 85.5475034073659,27.9115532955704 85.5475047946034,27.911563457143 85.5475106869773,27.9115784014585 85.5475127994659,27.9115912765301 85.5475141957421,27.9116007617348 85.5475224626923,27.9116089664568 85.5475481966572,27.9116207376603 85.5475579954488,27.9116282820684 85.5475723807165,27.911634521907 85.5475806476738,27.9116427266257 85.5475889869278,27.9116455204017 85.5475995471247,27.9116530728347 85.5476002452669,27.9116578154367 85.5476061918796,27.911668701542 85.547613724552,27.9116748691279 85.5476196530934,27.9116871079683 85.5476202699057,27.9116979378802 85.5476209138283,27.9117067386888 85.547621557751,27.9117155394973 85.5476252111298,27.9117270778871 85.5476318468557,27.9117433829611 85.5476347659455,27.9117528842199 85.547633107593,27.9117630136814 85.5476276874184,27.9117697211666 85.5476275337936,27.9117812194186 85.5476295830417,27.911798829063 85.5476316955476,27.9118117041331 85.5476300100833,27.9118238626978 85.5476245356846,27.9118346283892 85.5476144838383,27.9118460222824 85.5476036073296,27.9118621427214 85.5475943259173,27.9118728682728 85.547582026007,27.9118815326092 85.5475732344701,27.9118895221504 85.5475737094666,27.9118954323181 85.5475703790508,27.9118983213851</coordinates></LinearRing></outerBoundaryIs></Polygon></MultiGeometry>
  </Placemark>
  <Placemark>
	<Style><LineStyle><color>ff0000ff</color></LineStyle><PolyStyle><fill>0</fill></PolyStyle></Style>
      <MultiGeometry><Polygon><outerBoundaryIs><LinearRing><coordinates>85.5485015579322,27.9113960535194 85.5485094428532,27.911375842703 85.5485202830546,27.9113624276568 85.5485616875599,27.911341217086 85.5485847462466,27.9113252249173 85.5486106211474,27.9112959693066 85.5486203123916,27.9112850118436 85.5486617168486,27.9112638012407 85.5486717375944,27.9112586028019 85.5486847213246,27.9112518672626 85.548690437457,27.9112471697337 85.5487139795135,27.9112278228252 85.548720269349,27.9112130068968 85.5487373451616,27.9111888341116 85.5487558715248,27.9111700883116 85.5487757942647,27.9111608277052 85.5487973120294,27.9111461721921 85.5488173250526,27.9111301478976 85.5488448436916,27.9111223202246 85.5488663106448,27.9111257313721 85.5488691903365,27.911123929619 85.5489000615301,27.9110931374975 85.548915415864,27.9110838287479 85.548961262174,27.9110721353257 85.5489996389561,27.9110495397985 85.54901733108,27.9110448322237 85.5490240939218,27.9110430327459 85.5490623984608,27.9110258481464 85.5490824294786,27.9110084710742 85.5490959436463,27.9109955145197 85.5491117416788,27.9109803683358 85.5491301596175,27.9109697389007 85.5491464473442,27.9109638309538 85.5491990282696,27.9109447585985 85.5492099766619,27.9109232270724 85.5492285209521,27.9109031284666 85.5492501469223,27.910880356458 85.5492542570778,27.9108664543224 85.5492565269262,27.9108587768175 85.5492690702975,27.9108318503755 85.5492968054558,27.9108077897672 85.5493138810756,27.9107836169019 85.5493157287963,27.9107592836765 85.5493452213816,27.910717653515 85.5493912660539,27.9106910798367 85.5494144508357,27.9106656183601 85.5494436365064,27.9106469847009 85.5494832247026,27.9106367814166 85.5494851308131,27.9106190101489 85.5495054504759,27.9105799892185 85.5495315724864,27.9105626762086 85.5495545767217,27.9105507420749 85.5495720100658,27.9105340278479 85.5495838886755,27.910522639225 85.5495886916594,27.9105051017428 85.549605803261,27.9104782233622 85.5496257438523,27.9104676098874 85.5496564522191,27.9104489922115 85.5496627779723,27.9104314707579 85.5496583359485,27.9104219535032 85.5496523350464,27.9104151256904 85.5496310160631,27.9104149012413 85.5496142473857,27.9104160776232 85.5495911051769,27.9104219803677 85.5495773630984,27.9104125966319 85.5495663022344,27.9104138816737 85.5495525430288,27.9104177955877 85.5495357382532,27.9104216774338 85.5495203479675,27.9104336917329 85.5495065346106,27.9104416638529 85.5494867023095,27.9104441608887 85.5494684288917,27.9104439684819 85.5494577874477,27.9104425035065 85.5494426317996,27.9104369322169 85.5494290169877,27.9104300242233 85.5494001923833,27.9104216031448 85.5493789997558,27.9104119094987 85.5493654210531,27.9104022960253 85.5493488509378,27.9103885922696 85.5493401085492,27.9103795014654 85.5493383358594,27.9103776581275 85.5493262799481,27.9103680606859 85.549305087338,27.910358367029 85.5492868139361,27.9103581745986 85.5492684863783,27.9103620403761 85.5492502129761,27.9103618479409 85.5492274073286,27.9103589019198 85.5491999791737,27.9103599659946 85.5491785879929,27.9103651524229 85.5491678201888,27.9103731565827 85.5491603303219,27.9103902790084 85.5491583946328,27.9103947041463 85.5491491315547,27.9104040770785 85.5491201264426,27.9104091833096 85.5490911754909,27.9104102313243 85.5490696280912,27.9104100043815 85.5490630175265,27.910408920063 85.5490386981192,27.9104052816037 85.5490135812113,27.910404340594 85.5489837605354,27.9104134969864 85.5489691266554,27.9104230080669 85.5489653246244,27.9104254791424 85.5489476501016,27.9104374693157 85.548930110997,27.9104393139623 85.5489150054217,27.9104348089884 85.5489065981221,27.9104323016582 85.5488944339047,27.9104308205994 85.5488722542199,27.9104380280637 85.548856909005,27.9104466604444 85.5488507776186,27.9104488136074 85.5488400771179,27.9104525713093 85.5488326415578,27.9104527681039 85.5488217946751,27.9104530551849 85.5488077146562,27.9104582033164 85.5487858286588,27.9104662055779 85.5487690057944,27.9104714400656 85.5487491373588,27.9104766424673 85.5487406356319,27.9104860233913 85.5487015517888,27.9105045526231 85.5486778312328,27.9105130967488 85.5486527865454,27.9105067447268 85.5486315759138,27.9104984037041 85.5486104104364,27.9104866808373 85.548609582006,27.9104858733627 85.5485998863958,27.9104764230096 85.5485855373352,27.9104674778081 85.5485619432054,27.9104665527593 85.5485459449375,27.9104670606642 85.5485359565321,27.9104737200581 85.5485175386256,27.9104843494156 85.5484916332235,27.9104854293923 85.5484829050927,27.9104889663754 85.5484786173056,27.9104907039559 85.5484632088364,27.9105040708682 85.5484516344197,27.9105154487875 85.5484257109475,27.9105178814878 85.5484029143278,27.9105142589618 85.5483807436284,27.9105207899768 85.5483654525552,27.9105253640921 85.5483441245306,27.9105258158112 85.5483167234293,27.9105248506038 85.5483036984668,27.9105308015185 85.5482776756344,27.9105406742396 85.5482319920741,27.9105401928155 85.5482054426907,27.9105324719292 85.5481887914142,27.9105248553514 85.5481774698875,27.9105172949409 85.5481554075717,27.9105157095025 85.5481280787416,27.9105093333135 85.5481152615359,27.9104997277451 85.5481039671171,27.9104901382247 85.5481011821027,27.9104862134336 85.5480957453691,27.9104785516978 85.5480798555011,27.910470943132 85.5480570498718,27.9104679969175 85.5480379970021,27.910469149032 85.5480097983931,27.9104708812114 85.5479823340734,27.9104746505141 85.5479669978213,27.9104826064248 85.5479602667482,27.9104865695051 85.5479478094346,27.9104939040465 85.5479365777783,27.9104958351167 85.5479218588576,27.9104983657557 85.547904220352,27.9105076503183 85.5479008198047,27.9105098213514 85.5478896274129,27.9105169669815 85.5478817876218,27.9105337959229 85.5478708570838,27.9105539746002 85.5478623281728,27.9105653845707 85.5478507627237,27.9105760860688 85.547829244955,27.9105907414346 85.5478055875647,27.9105945508311 85.5478030369883,27.9105944208852 85.5477888459563,27.9105936978851 85.5477721314545,27.9105908158333 85.5477440412391,27.9105844315418 85.547728786276,27.9105863001133 85.5477157612764,27.9105922509708 85.5477080118109,27.9106023162219 85.5477070968092,27.9106138064495 85.5477085202014,27.91062126255 85.5477060281982,27.9106367949314 85.5476978910904,27.9106460185694 85.5476975263711,27.910646175787 85.5476928947604,27.9106508622011 85.5476874656121,27.9106582460598 85.5476873662166,27.9106656861066 85.5476888438236,27.9106690839998 85.547694092254,27.9106752274991 85.5476992232185,27.9106901637807 85.547697456462,27.9107084096601 85.5477041734669,27.9107186274201 85.5477055336088,27.9107308180958 85.54770606007,27.9107484116878 85.5477097766812,27.9107552155007 85.547714254687,27.9107620273404 85.5477179712991,27.9107688311531 85.5477200205507,27.9107864407986 85.5477183622252,27.9107965702634 85.5477159696123,27.9108046625977 85.5477166316126,27.9108121106713 85.547718858509,27.9108193589633 85.5477195506887,27.9108216119288 85.5477224968728,27.9108290840826 85.5477246455195,27.9108392536811 85.5477282265982,27.910856203012 85.5477281181689,27.9108643194266 85.5477263604488,27.9108818889381 85.5477201066447,27.9108939993459 85.547718448317,27.9109041288105 85.5477137624803,27.9109128734321 85.5477090676068,27.9109222944213 85.5477081526009,27.9109337846483 85.5477117336794,27.9109507339794 85.547710863853,27.910958842367 85.5477145985429,27.9109642934441 85.5477175176224,27.9109737947016 85.5477234190337,27.9109880626414 85.5477202830924,27.9109947942129 85.5477171110072,27.9110042312558 85.5477169302891,27.9110177586131 85.5477175380746,27.9110292648937 85.5477173844641,27.9110407631474 85.5477180374292,27.9110488875886 85.5477225335184,27.9110543466925 85.5477308365887,27.9110598459301 85.5477421942804,27.9110647009062 85.5477671306062,27.9110791695106 85.5477753613962,27.9110900796887 85.5477882057439,27.9110976561857 85.5477980045076,27.9111052005761 85.5478100061439,27.9111188563558 85.5478159888925,27.911127036981 85.5478424932121,27.9111381397857 85.547852273913,27.9111470369082 85.5478620365454,27.9111572867659 85.5478786607869,27.9111669324889 85.5479112472644,27.9111787758566 85.547913513386,27.9111801526698 85.5479286690495,27.911185724128 85.5479346608454,27.9111932283806 85.5479391750207,27.9111973347421 85.5479528169281,27.9112022137786 85.5479588448644,27.9112070125585 85.5479648818357,27.9112111349703 85.5479776449021,27.9112247987619 85.5479889484169,27.9112337119262 85.5480026355023,27.9112352091183 85.5480147907592,27.9112373666266 85.5480238733244,27.9112415211368 85.5480428088884,27.9112491618127 85.5480526438194,27.9112540007142 85.5480616812182,27.9112615370618 85.5480738093781,27.9112657236688 85.5480897625949,27.9112685976631 85.5480995975298,27.9112734365614 85.5481078645022,27.9112816412493 85.548118460837,27.911286488171 85.5481336074934,27.9112927359755 85.5481426539345,27.9112995959501 85.5481493619828,27.9113104900584 85.5481553357343,27.911319347038 85.548161354653,27.9113248221776 85.548166567008,27.9113336711323 85.5481721199459,27.9113393549228 85.5481734369996,27.9113396889666 85.5481876874293,27.9113487759102 85.5481959453811,27.9113576569612 85.5482087807577,27.911365909789 85.5482323208795,27.9113708931133 85.5482428630322,27.9113797982338 85.5482519004549,27.9113873345697 85.5482640557346,27.9113894920567 85.5482777518773,27.9113903128544 85.5482868525308,27.911393114612 85.548293632859,27.9113985977699 85.5483049725479,27.9114048054377 85.5483110276084,27.9114075750991 85.5483262465515,27.9114084119393 85.5483361176389,27.9114105453493 85.5483444659292,27.9114126627118 85.5483550893842,27.911415480512 85.5483648972488,27.9114223484962 85.5483746870506,27.9114305692158 85.5483837606146,27.9114354000714 85.5483890271843,27.9114401908103 85.5483942485951,27.9114483633891 85.5484047365781,27.9114613267062 85.5484084351927,27.9114694832382 85.5484098496099,27.9114776157008 85.5484120434902,27.9114844034505 85.5484157511378,27.9114918836143 85.5484202472804,27.9114973426971 85.5484339163436,27.9115001925838 85.5484387014987,27.9114840078888 85.5484419096643,27.911471865356 85.5484572821531,27.9114612039253 85.5484742135625,27.9114478530662 85.5484790528969,27.911427610161 85.5484791863597,27.9114176149427 85.5485015579322,27.9113960535194</coordinates></LinearRing></outerBoundaryIs></Polygon></MultiGeometry>
  </Placemark>
  <Placemark>
	<Style><LineStyle><color>ff0000ff</color></LineStyle><PolyStyle><fill>0</fill></PolyStyle></Style>
      <MultiGeometry><Polygon><outerBoundaryIs><LinearRing><coordinates>85.5441740106892,27.8650224120537 85.5441861697755,27.8650238933441 85.5441997967666,27.8650294489296 85.544216449971,27.8650363893926 85.5442423083747,27.8650380152901 85.5442619335569,27.865050398854 85.544267877505,27.8650612850656 85.5442707048425,27.8650775501128 85.5442811790743,27.8650911900116 85.544296328226,27.8650967616554 85.5443175298094,27.8651051030511 85.5443295442761,27.8651174062709 85.5443354159189,27.8651337034507 85.544338225189,27.8651513212394 85.5443410706176,27.8651662335427 85.544353103172,27.8651771840179 85.5443589025067,27.8651988921677 85.5443586855631,27.8652151250801 85.5443646295293,27.865226011288 85.544378075771,27.8652450942841 85.5443778949867,27.8652586217112 85.5443729127331,27.865289686594 85.5443757039337,27.8653086571246 85.5443831700563,27.8653195593983 85.544385997416,27.8653358244434 85.5443934093065,27.8653507849446 85.5444145205564,27.8653658900408 85.5444280210569,27.8653809148045 85.5444446562521,27.865389207985 85.54446136376,27.8653920901925 85.5444795391883,27.8653990466917 85.5444931662419,27.8654046022503 85.5444976603879,27.8654100614168 85.5445326156427,27.8654144891396 85.5445478010056,27.8654173552721 85.5445752539634,27.8654135862041 85.5446086509204,27.865420703329 85.5446254126648,27.8654195272886 85.5446393108586,27.8654047916906 85.5446379875356,27.8653898954559 85.5446366280622,27.8653777047067 85.5446489860228,27.8653643057866 85.544653823602,27.8653440628342 85.5446525183524,27.8653278138565 85.5446695331303,27.86530769941 85.5446895379779,27.8652916753158 85.5447004822189,27.86527014387 85.544700735261,27.8652512054694 85.5446948274082,27.8652376137889 85.5446905140041,27.8652186271996 85.5446877408245,27.8651983039301 85.5446972713536,27.8651686399635 85.5447020366161,27.8651538079798 85.5447038841016,27.86512947467 85.5447116936562,27.8651146748112 85.5447194489864,27.8651039331807 85.5447152621009,27.8650754773912 85.5447122720294,27.8650713870372 85.5447110029206,27.8650524325733 85.5447080309241,27.8650469894763 85.5447020869318,27.865036103282 85.5447025749358,27.8649995792224 85.5447120512188,27.864973973482 85.5447032436807,27.864949527733 85.5447127922546,27.8649185110203 85.5447359859008,27.8648916970966 85.5447453175767,27.8648769132969 85.5447502816267,27.8648472011371 85.5447431227471,27.8648133022513 85.544748050647,27.8647862955773 85.5447559505357,27.864764731999 85.5447486109242,27.8647443605435 85.5447442071586,27.86473213767 85.5447459461823,27.8647159208158 85.5447416870059,27.8646928759979 85.5447268270629,27.8646656605156 85.5447409962442,27.864630633756 85.5447365924834,27.8646184108823 85.544729216737,27.8646007449119 85.5447248491259,27.8645858165518 85.5447159512435,27.8645681345186 85.5447101337906,27.8645477791236 85.5447258250992,27.8645127684269 85.5447292308474,27.8644857456899 85.5447218008895,27.8644721379485 85.5447234676164,27.8644613320661 85.5447236664252,27.8644464518923 85.5447346105666,27.8644249204378 85.5447365122446,27.864396528895 85.5447337029233,27.8643789111107 85.5447417654404,27.8643451728431 85.544743450236,27.8643330142171 85.5447466933138,27.8643181661666 85.5447468559721,27.8643059914786 85.5447516934767,27.8642857485173 85.5447549184787,27.8642722532095 85.544759774053,27.8642506575045 85.5447552980115,27.8642438456038 85.5447476873346,27.8642437652951 85.544740094731,27.8642423322428 85.5447278634283,27.8642462619766 85.5447201804577,27.8642515926387 85.5447063908707,27.8642582117946 85.5447017702431,27.8642622218371 85.5446879625799,27.8642701937342 85.5446802253839,27.8642795826232 85.5446786671002,27.8642822720468 85.5446770184465,27.8642917251857 85.5446844483875,27.8643053329293 85.5446888521313,27.8643175558045 85.5446903019723,27.8643229828393 85.5446901935292,27.8643310992977 85.5446824563288,27.8643404881866 85.544676241264,27.8643498931377 85.5446654597871,27.8643592499002 85.5446409971496,27.8643671093521 85.5446286031577,27.8643832137637 85.5446224423098,27.8643885604829 85.5446086346247,27.864396532371 85.5446039416877,27.8644059533818 85.5445929432976,27.8644315430541 85.5445897544204,27.8644423328708 85.5445805131404,27.8644503529466 85.544569677419,27.8644637679298 85.5445542572038,27.8644784874628 85.5445358107829,27.8644918221225 85.5445341440369,27.8645026280018 85.5445340355813,27.8645107444595 85.5445323688348,27.8645215503388 85.5445260091378,27.8645417772254 85.5445228383263,27.8645512142971 85.544507472321,27.8645618755953 85.5444874856636,27.8645765469259 85.5444751639312,27.8645872403498 85.5444688765266,27.8646020562615 85.544471667732,27.8646210267921 85.5444713965801,27.8646413179353 85.5444667397736,27.8646480334545 85.5444482210043,27.8646667790721 85.5444435099637,27.864677552819 85.544432728434,27.8646869095609 85.5444220011348,27.8646922080733 85.5444035908165,27.8647028372273 85.5443928815922,27.8647067829945 85.5443790015378,27.8647201658284 85.5443665532311,27.864740328441 85.5443586713466,27.8647605392514 85.5443539964495,27.8647686075089 85.5443416746819,27.8647793009193 85.54433547764,27.8647873531096 85.544323119711,27.8648007520037 85.5443153462869,27.8648128463544 85.5443075367031,27.8648276461901 85.5442936747017,27.8648396762715 85.5442874595735,27.864849081202 85.5442811540475,27.8648652498458 85.5442672558793,27.8648799854095 85.5442564381548,27.8648920476215 85.5442532130696,27.8649055429133 85.5442544097791,27.8649299083495 85.5442511846922,27.8649434036412 85.5442294407439,27.8649756445167 85.5441988531958,27.8649861450966 85.5441851358069,27.8649873532244 85.5441744084663,27.8649926517158 85.5441636630437,27.8649993029489 85.5441422264383,27.8650085471847 85.5441390555785,27.8650179842452 85.5441374972703,27.8650206736614 85.5441572670849,27.8650222352988 85.5441740106892,27.8650224120537</coordinates></LinearRing></outerBoundaryIs></Polygon></MultiGeometry>
  </Placemark>
  <Placemark>
	<Style><LineStyle><color>ff0000ff</color></LineStyle><PolyStyle><fill>0</fill></PolyStyle></Style>
      <MultiGeometry><Polygon><outerBoundaryIs><LinearRing><coordinates>85.5440911819507,27.8650688903185 85.5440896236405,27.8650715797342 85.5440880653303,27.8650742691498 85.5440872771342,27.8650762902289 85.5440872048065,27.8650817011991 85.5440841243494,27.8650843745452 85.5440810438921,27.8650870478911 85.5440764232058,27.86509105791 85.5440717392319,27.8650998025275 85.5440708787067,27.8651072345767 85.5440715855338,27.8651113008392 85.5440675993444,27.8651247880903 85.5440651985892,27.8651335568122 85.5440658782929,27.8651396521885 85.544065026808,27.8651464078663 85.5440626079697,27.8651565293306 85.5440595094275,27.8651605554185 85.5440533846719,27.865163196624 85.5440487278164,27.8651699121267 85.5440440709603,27.8651766276292 85.5440302269675,27.8651873049382 85.544030136554,27.8651940686507 85.5440331266023,27.8651981590187 85.5440498702327,27.8651983357896 85.5440711803081,27.8651985607679 85.5440863113806,27.8652054851774 85.5440938136308,27.8652136819805 85.5441043420976,27.8652232636646 85.5441087819711,27.8652327810705 85.5441115550427,27.8652531043474 85.544111392307,27.8652652790303 85.5441066269594,27.8652801109901 85.5440989258028,27.8652867943555 85.544078993202,27.8652974073907 85.5440667436757,27.8653026898024 85.5440544760656,27.8653093249554 85.5440345072911,27.8653226434688 85.544017600895,27.8653346413775 85.5440068373456,27.8653426453389 85.5440067288469,27.8653507617937 85.5440096827322,27.8653575576471 85.5440092306547,27.8653913762086 85.5440045737862,27.8653980917092 85.5439938283127,27.8654047429268 85.5439828839198,27.8654262743103 85.5439766506459,27.8654370319661 85.5439689133028,27.8654464208082 85.5439611578745,27.8654571623923 85.5439579869843,27.8654665994469 85.5439594006335,27.8654747319725 85.5439638224196,27.8654856021251 85.5439713246786,27.8654937989349 85.5439788088551,27.8655033484867 85.5439833210619,27.8655074549267 85.5439969300177,27.8655143632762 85.5440075308363,27.8655185339983 85.5440227342801,27.8655200474463 85.5440380643043,27.8655120916954 85.544071678239,27.8655029760405 85.5440991493126,27.8654978543263 85.5441052921684,27.8654938603771 85.5441083726371,27.8654911870312 85.5441251886401,27.8654859528247 85.5441374020218,27.8654833758937 85.544158675991,27.8654863063456 85.5441753835045,27.8654891885881 85.5442012600951,27.8654894617547 85.5442239838981,27.8654978192354 85.5442375386281,27.8655087857894 85.5442511476013,27.8655156941145 85.5442661883292,27.8655293822189 85.5442811748213,27.8655471285496 85.5442871007162,27.8655593675033 85.5443006554601,27.8655703340516 85.5443232346532,27.8655895134576 85.5443414643416,27.8655924117479 85.544381058423,27.8655914767412 85.5443992700352,27.8655957277666 85.5444158510255,27.8656080791794 85.544430873709,27.8656231200096 85.5444535794811,27.8656328301967 85.5444671884842,27.8656397385014 85.5444776989471,27.8656506729019 85.5445142668177,27.865648352984 85.5445491498429,27.8656581916762 85.5445598230044,27.8656569513861 85.5445811331743,27.8656571762891 85.5446011200251,27.8656425049541 85.5446301674958,27.8656333409705 85.544647073876,27.8656213429863 85.5446533432471,27.8656078798127 85.5446610986204,27.8655971381878 85.5446873005895,27.8655730618933 85.5446464193387,27.8655563952682 85.5446189482708,27.8655615170918 85.5445776512835,27.8655759635306 85.5445625382032,27.8655676864295 85.5445505598151,27.8655526777424 85.5445370773536,27.8655363002469 85.5445342318908,27.865521387947 85.5445223077419,27.8655023210295 85.5445147873626,27.8654954769909 85.5445011964509,27.8654872159486 85.5444905594601,27.8654857507493 85.544470970329,27.8654706617292 85.5444528852779,27.865456941515 85.5444407622944,27.8654527547609 85.5444273160175,27.86543367177 85.5444197594928,27.865429533212 85.544415247272,27.8654254267857 85.544394190246,27.8654062634613 85.5443851115731,27.8654021088351 85.5443594157888,27.8653883082771 85.5443322520976,27.8653704334196 85.5443233723014,27.8653513986204 85.5443203822379,27.8653473082583 85.5443025684178,27.8653132968858 85.5443041990442,27.8653051964972 85.5443104503575,27.8652930860821 85.5443230614546,27.8652607487949 85.5443155953418,27.8652498465183 85.5443052657258,27.8652253846803 85.5443009162318,27.8652091035666 85.5442950626701,27.8651914536429 85.5442907312582,27.8651738197863 85.5442847873022,27.8651629335755 85.5442788252678,27.8651534001072 85.5442667746439,27.8651438023684 85.5442547601819,27.8651314991434 85.5442382877612,27.865111031258 85.5442292633594,27.8651028183946 85.5442187348923,27.8650932367199 85.544192930718,27.8650875525896 85.5441808439476,27.8650806603291 85.5441611645268,27.8650723349817 85.5441490415979,27.8650681482037 85.5441277315473,27.8650679232384 85.5440988288465,27.8650662651805 85.5440911819507,27.8650688903185</coordinates></LinearRing></outerBoundaryIs></Polygon></MultiGeometry>
  </Placemark>
</Folder>
</Document></kml>
